Datetime,Open,High,Low,Close,Volume
2026-04-08 13:30:00+00:00,243.910004,247.439102,243.500000,246.259995,296591
2026-04-08 13:35:00+00:00,246.259995,246.699997,245.220001,245.294998,118282
2026-04-08 13:40:00+00:00,245.343506,245.579895,243.139999,243.494995,78319
2026-04-08 13:45:00+00:00,243.619995,244.932495,242.710007,244.809998,76762
2026-04-08 13:50:00+00:00,244.809998,245.220001,244.084900,244.160004,82612
2026-04-08 13:55:00+00:00,244.119995,245.020004,244.073303,244.695007,74914
2026-04-08 14:00:00+00:00,244.809998,245.050003,244.360001,244.360107,72292
2026-04-08 14:05:00+00:00,244.380005,244.474899,243.440002,243.440002,51116
2026-04-08 14:10:00+00:00,243.604996,243.940002,243.225006,243.539993,47697
2026-04-08 14:15:00+00:00,243.619995,244.429993,243.460007,244.020004,80800
2026-04-08 14:20:00+00:00,244.039993,244.679993,243.710007,243.990005,34326
2026-04-08 14:25:00+00:00,244.160004,244.539993,244.009995,244.009995,33686
2026-04-08 14:30:00+00:00,244.080002,244.179993,243.669998,243.669998,32879
2026-04-08 14:35:00+00:00,243.750000,244.080002,243.220001,243.529999,37600
2026-04-08 14:40:00+00:00,243.589996,244.149994,243.119995,243.205002,35288
2026-04-08 14:45:00+00:00,243.279999,243.705002,243.134995,243.380005,26656
2026-04-08 14:50:00+00:00,243.240005,243.380005,242.845001,243.134995,29936
2026-04-08 14:55:00+00:00,243.080002,243.669998,242.707504,243.619995,39210
2026-04-08 15:00:00+00:00,243.539993,243.634995,242.910004,243.294998,38723
2026-04-08 15:05:00+00:00,243.300003,243.520004,243.130005,243.279999,24143
2026-04-08 15:10:00+00:00,243.190002,243.440002,242.720001,243.229996,27023
2026-04-08 15:15:00+00:00,243.220001,243.449997,243.035004,243.235001,36244
2026-04-08 15:20:00+00:00,243.235001,243.419998,242.559998,242.714996,45861
2026-04-08 15:25:00+00:00,242.714996,243.210007,242.509995,242.865005,47261
2026-04-08 15:30:00+00:00,242.869995,243.320007,242.399994,243.250000,49879
2026-04-08 15:35:00+00:00,243.229996,243.585007,242.740005,243.000000,31938
2026-04-08 15:40:00+00:00,242.990005,243.210007,242.740005,243.210007,25058
2026-04-08 15:45:00+00:00,243.274994,243.389999,243.100006,243.139999,24042
2026-04-08 15:50:00+00:00,243.119995,243.330002,242.945007,243.289993,28309
2026-04-08 15:55:00+00:00,243.289993,243.440002,243.131607,243.179993,16763
2026-04-08 16:00:00+00:00,243.179993,243.750000,243.131393,243.695007,25941
2026-04-08 16:05:00+00:00,243.720001,243.940002,243.399994,243.600006,26886
2026-04-08 16:10:00+00:00,243.554993,244.119904,243.481506,243.835007,32929
2026-04-08 16:15:00+00:00,243.800003,244.149994,243.750000,244.000000,29564
2026-04-08 16:20:00+00:00,243.994995,244.139999,243.582703,243.582703,22978
2026-04-08 16:25:00+00:00,243.580002,243.619995,243.259995,243.429993,23938
2026-04-08 16:30:00+00:00,243.419998,243.580002,243.289993,243.509995,18515
2026-04-08 16:35:00+00:00,243.500000,243.500000,243.139999,243.210007,23316
2026-04-08 16:40:00+00:00,243.195007,243.490005,243.160004,243.429993,19032
2026-04-08 16:45:00+00:00,243.429993,243.490005,243.264999,243.380005,18627
2026-04-08 16:50:00+00:00,243.410004,243.429901,242.779999,242.919998,29921
2026-04-08 16:55:00+00:00,242.960007,243.210007,242.960007,243.169998,19723
2026-04-08 17:00:00+00:00,243.134995,243.270004,242.919998,243.050003,18797
2026-04-08 17:05:00+00:00,243.070007,243.169998,242.610001,242.990005,20689
2026-04-08 17:10:00+00:00,242.929993,243.130005,242.850006,243.080002,17884
2026-04-08 17:15:00+00:00,243.059998,243.080002,242.669998,242.755005,20070
2026-04-08 17:20:00+00:00,242.759995,242.919907,242.500107,242.690002,27565
2026-04-08 17:25:00+00:00,242.610001,242.690002,242.000000,242.044998,35883
2026-04-08 17:30:00+00:00,242.044998,242.350006,242.040100,242.154999,30225
2026-04-08 17:35:00+00:00,242.169998,242.169998,241.449997,241.684998,30079
2026-04-08 17:40:00+00:00,241.639999,241.684998,240.817993,241.145004,29554
2026-04-08 17:45:00+00:00,241.110001,241.289993,240.585007,240.830002,37607
2026-04-08 17:50:00+00:00,240.779999,241.100006,240.714996,240.884995,28193
2026-04-08 17:55:00+00:00,240.929993,241.160004,240.899994,241.059998,19914
2026-04-08 18:00:00+00:00,241.050003,241.419998,240.970001,241.139999,21860
2026-04-08 18:05:00+00:00,241.115005,241.429993,241.115005,241.302505,23886
2026-04-08 18:10:00+00:00,241.270004,241.399902,240.910004,241.009003,35132
2026-04-08 18:15:00+00:00,240.975006,241.240005,240.119995,240.262497,32017
2026-04-08 18:20:00+00:00,240.210007,240.725006,240.195007,240.449997,20285
2026-04-08 18:25:00+00:00,240.455002,240.759995,240.300003,240.649994,24567
2026-04-08 18:30:00+00:00,240.619995,240.850006,240.399994,240.399994,22972
2026-04-08 18:35:00+00:00,240.399994,240.539993,240.309998,240.380005,22468
2026-04-08 18:40:00+00:00,240.389999,240.500000,240.221298,240.360001,19690
2026-04-08 18:45:00+00:00,240.365005,240.380005,240.080002,240.100006,24721
2026-04-08 18:50:00+00:00,240.050003,240.264999,239.856598,240.039993,28984
2026-04-08 18:55:00+00:00,240.099899,240.099899,239.690002,239.889999,33895
2026-04-08 19:00:00+00:00,239.880005,240.000000,239.750000,239.804993,29107
2026-04-08 19:05:00+00:00,239.809998,239.820007,239.289993,239.600006,36660
2026-04-08 19:10:00+00:00,239.684998,239.869995,239.410004,239.699997,45117
2026-04-08 19:15:00+00:00,239.699997,239.779999,239.179993,239.270004,43309
2026-04-08 19:20:00+00:00,239.255005,239.429993,238.804993,239.020004,58576
2026-04-08 19:25:00+00:00,239.050003,239.160004,238.520004,238.544998,82448
2026-04-08 19:30:00+00:00,238.554993,238.729996,238.104996,238.369995,68644
2026-04-08 19:35:00+00:00,238.429993,238.539993,238.100006,238.529999,49218
2026-04-08 19:40:00+00:00,238.509995,238.565704,237.990005,238.460007,73727
2026-04-08 19:45:00+00:00,238.449997,238.764999,238.429993,238.690002,55898
2026-04-08 19:50:00+00:00,238.710007,239.000000,238.669998,238.860001,82451
2026-04-08 19:55:00+00:00,238.860001,239.320007,238.850006,239.309998,263267
2026-04-09 13:30:00+00:00,235.399994,235.970001,231.020004,231.255997,280388
2026-04-09 13:35:00+00:00,231.110001,231.110001,228.384995,230.574997,251536
2026-04-09 13:40:00+00:00,230.574997,232.000000,230.434998,231.093796,129239
2026-04-09 13:45:00+00:00,231.130005,231.546707,229.509995,230.089996,107625
2026-04-09 13:50:00+00:00,230.110001,230.110001,228.639999,229.429993,138374
2026-04-09 13:55:00+00:00,229.360001,230.800003,229.199997,230.669998,98437
2026-04-09 14:00:00+00:00,230.630005,231.100006,229.960007,230.270004,135470
2026-04-09 14:05:00+00:00,230.289993,230.729996,229.800003,230.214996,86807
2026-04-09 14:10:00+00:00,230.160004,230.929993,229.889999,230.479996,130144
2026-04-09 14:15:00+00:00,230.399994,231.490005,230.360001,231.294998,124321
2026-04-09 14:20:00+00:00,231.315002,231.324997,230.619995,231.029999,78260
2026-04-09 14:25:00+00:00,231.000000,231.589996,230.660004,231.179993,82377
2026-04-09 14:30:00+00:00,231.250000,231.729996,230.699997,230.949997,79304
2026-04-09 14:35:00+00:00,230.949997,231.050003,229.960007,230.190002,84106
2026-04-09 14:40:00+00:00,230.100006,230.190002,229.440002,229.770004,60887
2026-04-09 14:45:00+00:00,229.660004,230.152206,228.960007,229.172501,72341
2026-04-09 14:50:00+00:00,229.240005,229.570007,229.020004,229.330002,76538
2026-04-09 14:55:00+00:00,229.330002,229.520004,228.979996,229.309998,58030
2026-04-09 15:00:00+00:00,229.309998,229.330002,228.520004,229.005005,88633
2026-04-09 15:05:00+00:00,229.044998,229.259995,228.660004,229.119995,59799
2026-04-09 15:10:00+00:00,229.229996,229.470001,229.050003,229.470001,50887
2026-04-09 15:15:00+00:00,229.470001,229.949905,229.470001,229.804993,59248
2026-04-09 15:20:00+00:00,229.789993,230.020004,229.490799,229.490799,43839
2026-04-09 15:25:00+00:00,229.522507,229.595001,228.899994,228.910004,54437
2026-04-09 15:30:00+00:00,228.880005,229.660004,228.550003,229.190002,58296
2026-04-09 15:35:00+00:00,229.274994,229.279907,228.630005,229.000000,55245
2026-04-09 15:40:00+00:00,228.919998,229.419998,228.914200,228.914200,34761
2026-04-09 15:45:00+00:00,228.960007,229.425003,228.779999,229.179993,43474
2026-04-09 15:50:00+00:00,229.225006,229.470001,229.074997,229.445007,60645
2026-04-09 15:55:00+00:00,229.449005,229.789993,229.097504,229.229996,58241
2026-04-09 16:00:00+00:00,229.259995,229.936996,229.160004,229.695007,51607
2026-04-09 16:05:00+00:00,229.695007,230.350006,229.539993,230.190002,64620
2026-04-09 16:10:00+00:00,230.250000,230.419998,229.750000,229.779999,45303
2026-04-09 16:15:00+00:00,229.820007,230.130005,229.770004,229.964996,43709
2026-04-09 16:20:00+00:00,229.964996,230.169998,229.490005,229.509995,54617
2026-04-09 16:25:00+00:00,229.380005,229.800003,229.300003,229.490005,50141
2026-04-09 16:30:00+00:00,229.524994,229.524994,228.899994,229.029999,51543
2026-04-09 16:35:00+00:00,229.050003,229.095001,228.630005,228.970001,41559
2026-04-09 16:40:00+00:00,228.861496,229.074997,228.750000,229.074997,49624
2026-04-09 16:45:00+00:00,229.054993,229.339996,229.000000,229.259995,51001
2026-04-09 16:50:00+00:00,229.309998,229.399902,229.130005,229.250000,55236
2026-04-09 16:55:00+00:00,229.220001,229.279999,228.960007,229.050003,80105
2026-04-09 17:00:00+00:00,229.035004,229.179993,228.919998,228.940002,50840
2026-04-09 17:05:00+00:00,228.929993,229.330002,228.820007,229.240005,68952
2026-04-09 17:10:00+00:00,229.229996,229.429596,229.050003,229.169998,32523
2026-04-09 17:15:00+00:00,229.220001,229.359894,229.009995,229.110001,251409
2026-04-09 17:20:00+00:00,229.119995,229.119995,228.660004,228.979996,55795
2026-04-09 17:25:00+00:00,229.014999,229.199005,228.800003,228.880005,33281
2026-04-09 17:30:00+00:00,228.860001,228.990005,228.580002,228.600006,45557
2026-04-09 17:35:00+00:00,228.600006,228.860001,228.449997,228.849899,65964
2026-04-09 17:40:00+00:00,228.770004,228.889999,228.600006,228.809998,49735
2026-04-09 17:45:00+00:00,228.804993,228.824997,228.509995,228.589996,48749
2026-04-09 17:50:00+00:00,228.639999,228.758804,228.330002,228.679993,82462
2026-04-09 17:55:00+00:00,228.669998,228.669998,228.339996,228.369995,40416
2026-04-09 18:00:00+00:00,228.369995,228.440002,227.699997,227.804993,188187
2026-04-09 18:05:00+00:00,227.850006,228.220001,227.800003,228.167892,66624
2026-04-09 18:10:00+00:00,228.179993,228.289993,228.039993,228.059998,68918
2026-04-09 18:15:00+00:00,228.059998,228.085007,227.710007,228.070007,71623
2026-04-09 18:20:00+00:00,228.024994,228.028000,227.699997,227.753601,51813
2026-04-09 18:25:00+00:00,227.779999,228.000000,227.720001,227.820007,53493
2026-04-09 18:30:00+00:00,227.860001,228.070007,227.720001,228.009995,64066
2026-04-09 18:35:00+00:00,228.009995,228.119995,227.820007,228.085007,52769
2026-04-09 18:40:00+00:00,228.070007,228.100006,227.860001,227.949997,53133
2026-04-09 18:45:00+00:00,227.990005,228.464996,227.949997,228.464996,59340
2026-04-09 18:50:00+00:00,228.429993,228.479996,228.199997,228.419998,63373
2026-04-09 18:55:00+00:00,228.509995,228.660004,228.160004,228.559998,61465
2026-04-09 19:00:00+00:00,228.600006,228.639999,228.309998,228.460007,54478
2026-04-09 19:05:00+00:00,228.460007,229.035004,228.391205,229.009995,58408
2026-04-09 19:10:00+00:00,228.979996,229.439896,228.899994,229.240005,71085
2026-04-09 19:15:00+00:00,229.240005,229.419006,229.199997,229.339996,54339
2026-04-09 19:20:00+00:00,229.345001,229.345001,229.089996,229.240005,53898
2026-04-09 19:25:00+00:00,229.240005,229.500000,229.175003,229.430099,61010
2026-04-09 19:30:00+00:00,229.449997,229.563004,229.320007,229.479996,73927
2026-04-09 19:35:00+00:00,229.460007,229.490005,228.830002,228.919998,77216
2026-04-09 19:40:00+00:00,228.910004,229.005005,228.589996,228.970001,101249
2026-04-09 19:45:00+00:00,228.970001,229.479996,228.850006,229.410004,86134
2026-04-09 19:50:00+00:00,229.429993,230.149994,229.429993,229.800003,195918
2026-04-09 19:55:00+00:00,229.820007,230.039993,229.710007,229.940002,328281
2026-04-10 13:30:00+00:00,229.929993,231.000000,227.710007,228.500000,239873
2026-04-10 13:35:00+00:00,228.699997,229.449997,228.210007,228.630005,109770
2026-04-10 13:40:00+00:00,228.524307,228.875000,226.779999,227.160004,119148
2026-04-10 13:45:00+00:00,227.270004,227.270004,225.880005,226.240005,155790
2026-04-10 13:50:00+00:00,226.250000,226.289902,224.580002,225.549896,145200
2026-04-10 13:55:00+00:00,225.550003,226.570007,225.139999,226.449997,124305
2026-04-10 14:00:00+00:00,226.419998,227.339996,226.060104,226.089996,117103
2026-04-10 14:05:00+00:00,226.085007,226.490005,225.889999,226.179993,68465
2026-04-10 14:10:00+00:00,226.199997,226.929993,226.050095,226.619995,82470
2026-04-10 14:15:00+00:00,226.615005,227.059998,226.410004,226.634995,89094
2026-04-10 14:20:00+00:00,226.750000,226.750000,226.279999,226.597595,56238
2026-04-10 14:25:00+00:00,226.539993,226.729996,226.190002,226.240005,55419
2026-04-10 14:30:00+00:00,226.300003,226.820007,226.110001,226.574997,68933
2026-04-10 14:35:00+00:00,226.586395,226.929993,226.009995,226.130005,140589
2026-04-10 14:40:00+00:00,226.130005,226.319901,225.320007,225.408203,110571
2026-04-10 14:45:00+00:00,225.339996,225.619995,224.794998,224.910004,90565
2026-04-10 14:50:00+00:00,224.940002,225.279999,224.809998,225.229996,78699
2026-04-10 14:55:00+00:00,225.229996,225.520004,225.039993,225.199997,70586
2026-04-10 15:00:00+00:00,225.199997,225.250000,224.699997,224.916199,77099
2026-04-10 15:05:00+00:00,224.880005,225.160004,224.500000,225.149994,111118
2026-04-10 15:10:00+00:00,225.130005,225.500000,225.061996,225.304993,66868
2026-04-10 15:15:00+00:00,225.369003,226.000000,225.050003,225.699997,75522
2026-04-10 15:20:00+00:00,225.740005,225.830002,225.453705,225.649994,56047
2026-04-10 15:25:00+00:00,225.600006,225.710007,225.399994,225.509995,47511
2026-04-10 15:30:00+00:00,225.500000,225.529907,224.940002,225.270004,50283
2026-04-10 15:35:00+00:00,225.229996,225.705002,225.145004,225.360001,37446
2026-04-10 15:40:00+00:00,225.399994,225.595001,225.000000,225.509995,55041
2026-04-10 15:45:00+00:00,225.509995,225.619995,225.350006,225.490005,48496
2026-04-10 15:50:00+00:00,225.529999,225.710007,225.350006,225.619995,30720
2026-04-10 15:55:00+00:00,225.580002,226.139999,225.550003,225.934998,35330
2026-04-10 16:00:00+00:00,225.875000,225.977798,225.580093,225.580093,33902
2026-04-10 16:05:00+00:00,225.625000,225.880005,225.610001,225.619995,25137
2026-04-10 16:10:00+00:00,225.649994,226.399994,225.560104,226.320007,66423
2026-04-10 16:15:00+00:00,226.349899,226.429993,226.000107,226.262497,29862
2026-04-10 16:20:00+00:00,226.264999,226.300003,225.910004,226.029999,37064
2026-04-10 16:25:00+00:00,225.979996,226.264999,225.880005,226.199997,27225
2026-04-10 16:30:00+00:00,226.179993,226.279999,225.824997,225.835007,27623
2026-04-10 16:35:00+00:00,225.850006,225.880096,225.585007,225.679993,31212
2026-04-10 16:40:00+00:00,225.695007,225.750000,225.270004,225.289993,48109
2026-04-10 16:45:00+00:00,225.279999,225.289993,224.899994,224.949997,53934
2026-04-10 16:50:00+00:00,224.990005,225.089996,224.610001,224.899994,39453
2026-04-10 16:55:00+00:00,224.899994,225.164993,224.869995,225.164993,40961
2026-04-10 17:00:00+00:00,225.149994,225.154999,224.779999,225.115005,48205
2026-04-10 17:05:00+00:00,225.149994,225.349899,224.922302,225.089996,36486
2026-04-10 17:10:00+00:00,225.185501,225.425003,225.110001,225.421295,30966
2026-04-10 17:15:00+00:00,225.425003,225.639999,225.285004,225.414993,30558
2026-04-10 17:20:00+00:00,225.380005,225.404999,225.134995,225.270004,35623
2026-04-10 17:25:00+00:00,225.279999,225.399994,225.039993,225.085007,29977
2026-04-10 17:30:00+00:00,225.085007,225.085007,224.330002,224.330002,62477
2026-04-10 17:35:00+00:00,224.384995,224.750000,224.250000,224.699997,47376
2026-04-10 17:40:00+00:00,224.734695,224.919998,224.589996,224.899994,39289
2026-04-10 17:45:00+00:00,224.929993,225.000000,224.669998,224.729996,47682
2026-04-10 17:50:00+00:00,224.748993,224.970001,224.630005,224.850006,41971
2026-04-10 17:55:00+00:00,224.854996,224.854996,224.529999,224.639999,57093
2026-04-10 18:00:00+00:00,224.619995,224.720001,224.399994,224.464996,64296
2026-04-10 18:05:00+00:00,224.455002,224.479996,224.149994,224.281601,62306
2026-04-10 18:10:00+00:00,224.279999,224.509995,224.149994,224.479996,51320
2026-04-10 18:15:00+00:00,224.490005,224.770004,224.470001,224.639999,79542
2026-04-10 18:20:00+00:00,224.610001,224.735001,224.470001,224.690002,38226
2026-04-10 18:25:00+00:00,224.695007,224.750000,224.509995,224.679993,44846
2026-04-10 18:30:00+00:00,224.690002,224.869995,224.509995,224.630005,33858
2026-04-10 18:35:00+00:00,224.639999,224.740005,224.470093,224.740005,36025
2026-04-10 18:40:00+00:00,224.740005,224.755005,224.460007,224.524994,32296
2026-04-10 18:45:00+00:00,224.524994,224.610001,224.389999,224.524994,37929
2026-04-10 18:50:00+00:00,224.529999,224.559998,224.389999,224.392395,31589
2026-04-10 18:55:00+00:00,224.429993,224.714996,224.320007,224.714996,38498
2026-04-10 19:00:00+00:00,224.699997,224.951004,224.600006,224.735001,63160
2026-04-10 19:05:00+00:00,224.720001,224.830002,224.529999,224.770004,57565
2026-04-10 19:10:00+00:00,224.770004,224.955002,224.630005,224.940002,55457
2026-04-10 19:15:00+00:00,224.940002,225.000000,224.794998,224.850006,48995
2026-04-10 19:20:00+00:00,224.850006,225.014999,224.729996,224.880005,34689
2026-04-10 19:25:00+00:00,224.789993,225.149994,224.720001,225.149994,91169
2026-04-10 19:30:00+00:00,225.190002,225.289993,225.014999,225.039993,75498
2026-04-10 19:35:00+00:00,225.059998,225.080002,224.759995,224.820007,72773
2026-04-10 19:40:00+00:00,224.804993,224.970001,224.554993,224.970001,73545
2026-04-10 19:45:00+00:00,224.960007,225.059998,224.750000,225.059998,95337
2026-04-10 19:50:00+00:00,225.080002,225.380005,224.889999,225.009995,239803
2026-04-10 19:55:00+00:00,225.029999,225.570007,225.005005,225.330002,255851
2026-04-13 13:30:00+00:00,227.125000,228.369995,226.504395,228.130005,251657
2026-04-13 13:35:00+00:00,228.102493,228.542007,226.720001,228.494995,134110
2026-04-13 13:40:00+00:00,228.449997,228.869995,227.570007,228.608994,106758
2026-04-13 13:45:00+00:00,228.509995,231.179993,228.509995,231.089996,145446
2026-04-13 13:50:00+00:00,231.095001,231.800003,230.380005,230.619995,114756
2026-04-13 13:55:00+00:00,230.699997,231.500000,230.369995,231.210007,60320
2026-04-13 14:00:00+00:00,231.160095,232.509995,231.080002,232.509995,111849
2026-04-13 14:05:00+00:00,232.570007,233.610001,232.050003,232.274994,101332
2026-04-13 14:10:00+00:00,232.272507,232.470001,231.274994,231.462708,86724
2026-04-13 14:15:00+00:00,231.509995,231.509995,230.600006,230.850006,57445
2026-04-13 14:20:00+00:00,230.860001,231.309998,230.423401,231.179993,56993
2026-04-13 14:25:00+00:00,231.220001,231.899994,231.160004,231.750000,66670
2026-04-13 14:30:00+00:00,231.800003,232.389999,231.580597,231.675003,90595
2026-04-13 14:35:00+00:00,231.675003,231.675003,230.720001,231.070007,49176
2026-04-13 14:40:00+00:00,231.110001,231.244995,230.899994,231.009995,38267
2026-04-13 14:45:00+00:00,231.009995,231.160004,230.699997,230.820007,44139
2026-04-13 14:50:00+00:00,230.835007,231.970001,230.800003,231.740005,49353
2026-04-13 14:55:00+00:00,231.740005,233.179993,231.589996,233.020004,66880
2026-04-13 15:00:00+00:00,233.190002,233.190002,232.298004,232.479996,68032
2026-04-13 15:05:00+00:00,232.410004,232.979996,232.029999,232.350006,67238
2026-04-13 15:10:00+00:00,232.259995,232.759995,232.169998,232.625000,51206
2026-04-13 15:15:00+00:00,232.660004,233.199997,232.559998,233.199997,57033
2026-04-13 15:20:00+00:00,233.175003,233.570007,233.172394,233.475998,63017
2026-04-13 15:25:00+00:00,233.399994,234.149994,233.119995,233.929993,77936
2026-04-13 15:30:00+00:00,233.929993,234.600006,233.889999,234.559998,75192
2026-04-13 15:35:00+00:00,234.550003,235.559998,234.529999,235.360001,93574
2026-04-13 15:40:00+00:00,235.324997,235.720001,235.210007,235.500000,64686
2026-04-13 15:45:00+00:00,235.460007,235.699997,235.449997,235.690002,44068
2026-04-13 15:50:00+00:00,235.710007,236.029907,235.679993,235.750000,82086
2026-04-13 15:55:00+00:00,235.750000,235.979904,235.360001,235.914993,47077
2026-04-13 16:00:00+00:00,235.914993,236.279999,235.800003,236.024994,51058
2026-04-13 16:05:00+00:00,236.024994,236.820007,235.979996,236.088104,73443
2026-04-13 16:10:00+00:00,236.199997,237.091995,236.199997,236.880005,59565
2026-04-13 16:15:00+00:00,236.884995,237.399994,236.873001,237.259995,76119
2026-04-13 16:20:00+00:00,237.270004,237.800003,237.270004,237.699997,57544
2026-04-13 16:25:00+00:00,237.669998,238.061203,237.369995,237.916397,59401
2026-04-13 16:30:00+00:00,237.880005,238.130203,237.570007,237.679993,54836
2026-04-13 16:35:00+00:00,237.630005,237.960007,236.891205,236.899994,85468
2026-04-13 16:40:00+00:00,236.889999,236.979996,236.500000,236.619995,80875
2026-04-13 16:45:00+00:00,236.619995,237.110001,236.220001,236.975006,122451
2026-04-13 16:50:00+00:00,236.979996,237.729996,236.940002,237.580002,69755
2026-04-13 16:55:00+00:00,237.630005,238.110001,237.396301,237.800003,52706
2026-04-13 17:00:00+00:00,237.779999,238.100006,237.036896,237.899994,68968
2026-04-13 17:05:00+00:00,237.964996,238.199997,237.630005,238.134995,54991
2026-04-13 17:10:00+00:00,238.110001,238.369995,238.026001,238.169998,41448
2026-04-13 17:15:00+00:00,238.083298,238.190002,237.779205,238.119995,39376
2026-04-13 17:20:00+00:00,238.100006,238.419998,238.020004,238.149994,23796
2026-04-13 17:25:00+00:00,238.089996,238.740005,238.080093,238.654999,43854
2026-04-13 17:30:00+00:00,238.669998,238.684998,238.449997,238.539993,44723
2026-04-13 17:35:00+00:00,238.539993,239.139999,238.509995,239.059998,83157
2026-04-13 17:40:00+00:00,239.080002,239.354996,238.690002,238.714996,85834
2026-04-13 17:45:00+00:00,238.690002,238.750000,238.210007,238.229996,49108
2026-04-13 17:50:00+00:00,238.259995,238.339996,238.149994,238.250000,32516
2026-04-13 17:55:00+00:00,238.250000,238.787598,238.033401,238.720001,52709
2026-04-13 18:00:00+00:00,238.630005,238.949997,238.630005,238.860001,34964
2026-04-13 18:05:00+00:00,238.860001,239.024994,238.684998,238.960007,47266
2026-04-13 18:10:00+00:00,238.994003,239.050003,238.690094,238.919998,46875
2026-04-13 18:15:00+00:00,238.899994,238.990005,238.604996,238.679993,61931
2026-04-13 18:20:00+00:00,238.669998,238.889893,238.500000,238.559998,46368
2026-04-13 18:25:00+00:00,238.690002,238.690002,238.380005,238.429993,34993
2026-04-13 18:30:00+00:00,238.464996,238.619995,238.429993,238.619995,28190
2026-04-13 18:35:00+00:00,238.619995,238.729996,238.429993,238.520004,30518
2026-04-13 18:40:00+00:00,238.527603,238.669998,238.440002,238.615005,31294
2026-04-13 18:45:00+00:00,238.615005,238.699997,238.399994,238.485001,27175
2026-04-13 18:50:00+00:00,238.549896,238.559998,238.360107,238.529999,34716
2026-04-13 18:55:00+00:00,238.520004,238.520004,238.270004,238.404999,30987
2026-04-13 19:00:00+00:00,238.404999,238.654999,238.259995,238.505005,26608
2026-04-13 19:05:00+00:00,238.500000,238.500000,238.179993,238.235001,25656
2026-04-13 19:10:00+00:00,238.235001,238.235001,237.790100,237.970001,43333
2026-04-13 19:15:00+00:00,237.988098,238.000000,237.759995,237.930099,36655
2026-04-13 19:20:00+00:00,237.899994,238.289993,237.899994,238.195007,43506
2026-04-13 19:25:00+00:00,238.179993,238.419998,238.119995,238.365005,58113
2026-04-13 19:30:00+00:00,238.399994,239.240005,238.399994,239.240005,65230
2026-04-13 19:35:00+00:00,239.300003,239.720001,239.250000,239.345001,77043
2026-04-13 19:40:00+00:00,239.302704,239.369995,239.054993,239.160004,80857
2026-04-13 19:45:00+00:00,239.169998,239.309998,239.070007,239.240005,89400
2026-04-13 19:50:00+00:00,239.229996,239.960007,239.130005,239.960007,200484
2026-04-13 19:55:00+00:00,239.929993,240.190002,239.820007,240.110001,365743
2026-04-14 13:30:00+00:00,241.990005,242.960007,240.100006,242.005005,271143
2026-04-14 13:35:00+00:00,242.005005,244.009995,242.005005,243.289993,100948
2026-04-14 13:40:00+00:00,243.250000,243.500000,241.630005,241.759995,95305
2026-04-14 13:45:00+00:00,241.809998,242.000000,241.000000,241.384995,80646
2026-04-14 13:50:00+00:00,241.389999,241.389999,239.500000,239.649994,96879
2026-04-14 13:55:00+00:00,239.649994,239.770004,238.639999,238.889496,107925
2026-04-14 14:00:00+00:00,238.934998,240.335007,238.830002,240.220001,95695
2026-04-14 14:05:00+00:00,240.229996,241.210007,239.941101,240.970001,68601
2026-04-14 14:10:00+00:00,240.889999,241.000000,240.404297,240.779999,35664
2026-04-14 14:15:00+00:00,240.744995,240.794998,240.169998,240.520004,47159
2026-04-14 14:20:00+00:00,240.520004,240.604996,240.149994,240.395004,48479
2026-04-14 14:25:00+00:00,240.395004,240.699997,240.339996,240.384995,40719
2026-04-14 14:30:00+00:00,240.389999,240.689896,240.339996,240.505005,36119
2026-04-14 14:35:00+00:00,240.505005,240.714996,240.270004,240.419998,34169
2026-04-14 14:40:00+00:00,240.389999,240.559998,239.910004,240.195007,52572
2026-04-14 14:45:00+00:00,240.195007,240.310303,239.830002,239.839996,22895
2026-04-14 14:50:00+00:00,239.860001,239.899994,239.462006,239.649994,32584
2026-04-14 14:55:00+00:00,239.729996,239.729996,239.300003,239.414993,40623
2026-04-14 15:00:00+00:00,239.419998,239.850006,239.380096,239.750000,29407
2026-04-14 15:05:00+00:00,239.729996,239.809906,239.139999,239.369995,44570
2026-04-14 15:10:00+00:00,239.410004,239.410004,239.029999,239.110001,33508
2026-04-14 15:15:00+00:00,239.100006,239.139999,238.759995,238.835007,47578
2026-04-14 15:20:00+00:00,238.835007,239.089996,238.740005,238.960007,53225
2026-04-14 15:25:00+00:00,238.970001,239.529999,238.970001,239.449997,30971
2026-04-14 15:30:00+00:00,239.380005,239.936905,239.380005,239.936905,40022
2026-04-14 15:35:00+00:00,239.820007,239.820007,239.509995,239.675003,24668
2026-04-14 15:40:00+00:00,239.675003,239.779999,239.550003,239.699997,25912
2026-04-14 15:45:00+00:00,239.699997,239.800003,239.550003,239.710007,34129
2026-04-14 15:50:00+00:00,239.740005,239.968094,239.680099,239.800003,24435
2026-04-14 15:55:00+00:00,239.759995,239.830002,239.634995,239.729996,22122
2026-04-14 16:00:00+00:00,239.649994,240.059998,239.639999,239.839996,39393
2026-04-14 16:05:00+00:00,239.919998,240.100006,239.789993,239.880005,28976
2026-04-14 16:10:00+00:00,239.889999,240.000000,239.699997,239.929993,16719
2026-04-14 16:15:00+00:00,239.960007,240.214996,239.910004,240.214996,22103
2026-04-14 16:20:00+00:00,240.214996,240.389999,240.179993,240.259995,22482
2026-04-14 16:25:00+00:00,240.270004,240.429993,240.259995,240.315308,19258
2026-04-14 16:30:00+00:00,240.339996,240.499893,240.279999,240.464996,24420
2026-04-14 16:35:00+00:00,240.444000,240.549805,240.369995,240.449905,17494
2026-04-14 16:40:00+00:00,240.419998,240.559998,240.300003,240.389999,21215
2026-04-14 16:45:00+00:00,240.419998,240.460007,240.270004,240.410004,20011
2026-04-14 16:50:00+00:00,240.410004,240.489899,240.335007,240.335007,33970
2026-04-14 16:55:00+00:00,240.339996,240.500000,240.300003,240.389999,15555
2026-04-14 17:00:00+00:00,240.389999,240.573502,240.389999,240.440002,19019
2026-04-14 17:05:00+00:00,240.440002,240.490005,240.330002,240.380005,16555
2026-04-14 17:10:00+00:00,240.435806,240.720001,240.380096,240.660004,18415
2026-04-14 17:15:00+00:00,240.639999,240.759995,240.550003,240.709900,21943
2026-04-14 17:20:00+00:00,240.654999,240.712997,240.479996,240.479996,18589
2026-04-14 17:25:00+00:00,240.490005,240.677002,240.389999,240.619995,29193
2026-04-14 17:30:00+00:00,240.710007,241.059998,240.710007,241.039993,39058
2026-04-14 17:35:00+00:00,241.009995,241.049896,240.610001,240.710007,31333
2026-04-14 17:40:00+00:00,240.800003,240.940002,240.631195,240.889999,16690
2026-04-14 17:45:00+00:00,240.910004,241.270004,240.899994,241.125000,34054
2026-04-14 17:50:00+00:00,241.125000,241.190002,241.070007,241.120102,24804
2026-04-14 17:55:00+00:00,241.134995,241.139999,238.190002,238.839996,299116
2026-04-14 18:00:00+00:00,238.889999,238.889999,234.520004,235.169998,340361
2026-04-14 18:05:00+00:00,235.149994,235.679993,233.130005,234.270004,316620
2026-04-14 18:10:00+00:00,234.274994,235.830002,234.029999,234.875000,209980
2026-04-14 18:15:00+00:00,234.970001,235.350006,234.690094,234.975006,100889
2026-04-14 18:20:00+00:00,234.860001,235.250000,234.309998,235.050003,107013
2026-04-14 18:25:00+00:00,235.009995,235.750000,234.929993,235.449997,120420
2026-04-14 18:30:00+00:00,235.520004,236.179993,235.520004,235.919998,79642
2026-04-14 18:35:00+00:00,235.875000,236.119995,235.539993,235.705002,56424
2026-04-14 18:40:00+00:00,235.705002,236.100006,235.000000,235.229996,60561
2026-04-14 18:45:00+00:00,235.210007,235.399902,234.970001,235.219894,48826
2026-04-14 18:50:00+00:00,235.089996,235.274994,234.869995,235.035995,38653
2026-04-14 18:55:00+00:00,235.059998,235.649994,235.020004,235.570007,45628
2026-04-14 19:00:00+00:00,235.570007,235.570007,235.089996,235.225006,80779
2026-04-14 19:05:00+00:00,235.225006,235.331497,234.789993,234.979996,60307
2026-04-14 19:10:00+00:00,234.990005,235.330002,234.693207,235.300003,70666
2026-04-14 19:15:00+00:00,235.260101,235.820007,235.220001,235.539993,54586
2026-04-14 19:20:00+00:00,235.630005,235.759995,235.360001,235.759995,52610
2026-04-14 19:25:00+00:00,235.848694,235.929993,235.729996,235.869995,50659
2026-04-14 19:30:00+00:00,235.869995,236.050003,235.729996,235.869995,72546
2026-04-14 19:35:00+00:00,235.850006,236.169998,235.809998,236.035004,81376
2026-04-14 19:40:00+00:00,236.020004,236.059998,235.710007,235.850006,68755
2026-04-14 19:45:00+00:00,235.800003,236.020004,235.690002,235.979996,62123
2026-04-14 19:50:00+00:00,235.990005,236.059998,235.399994,235.589996,139581
2026-04-14 19:55:00+00:00,235.615005,235.860001,235.529999,235.690002,340820
2026-04-15 13:30:00+00:00,241.169998,242.820007,239.199997,242.130005,344649
2026-04-15 13:35:00+00:00,242.119995,244.899994,242.029999,243.505005,221563
2026-04-15 13:40:00+00:00,243.505005,244.499603,242.050003,242.184998,103197
2026-04-15 13:45:00+00:00,242.250000,242.720001,241.740005,242.130005,78787
2026-04-15 13:50:00+00:00,242.210007,243.000000,242.207993,242.639999,64534
2026-04-15 13:55:00+00:00,242.718002,243.059998,242.229996,242.645004,54819
2026-04-15 14:00:00+00:00,242.645004,242.759995,241.589996,241.854996,64455
2026-04-15 14:05:00+00:00,241.839996,242.949997,241.580002,242.929993,48762
2026-04-15 14:10:00+00:00,242.960007,243.350006,242.714996,243.289993,76810
2026-04-15 14:15:00+00:00,243.250000,243.800003,242.910004,243.085007,49798
2026-04-15 14:20:00+00:00,243.009995,243.169998,242.130096,242.595001,51082
2026-04-15 14:25:00+00:00,242.520004,242.589996,242.050003,242.589996,39852
2026-04-15 14:30:00+00:00,242.600006,243.089996,242.449997,242.554993,47319
2026-04-15 14:35:00+00:00,242.554993,242.710007,242.000000,242.100006,32264
2026-04-15 14:40:00+00:00,242.110001,242.899994,241.770004,241.919998,75076
2026-04-15 14:45:00+00:00,241.869995,242.009995,241.500000,241.910004,48463
2026-04-15 14:50:00+00:00,242.050003,242.309998,241.699997,242.210007,49236
2026-04-15 14:55:00+00:00,242.134995,243.039993,241.839996,242.940002,38690
2026-04-15 15:00:00+00:00,242.919998,243.470001,242.850006,243.199997,48577
2026-04-15 15:05:00+00:00,243.279999,243.710007,243.279999,243.494995,49981
2026-04-15 15:10:00+00:00,243.494995,243.829895,243.369995,243.660004,40498
2026-04-15 15:15:00+00:00,243.625000,243.990005,243.610001,243.899994,41002
2026-04-15 15:20:00+00:00,243.869995,244.300003,243.839996,244.296997,58545
2026-04-15 15:25:00+00:00,244.279999,245.190002,244.250000,245.130005,84388
2026-04-15 15:30:00+00:00,245.145004,245.218796,244.790604,244.919998,48838
2026-04-15 15:35:00+00:00,244.850006,245.300003,244.740005,245.095001,52707
2026-04-15 15:40:00+00:00,245.089996,245.179993,244.425003,244.669998,48519
2026-04-15 15:45:00+00:00,244.695007,244.779999,244.294998,244.720001,27194
2026-04-15 15:50:00+00:00,244.735001,245.259995,244.732498,245.199997,36103
2026-04-15 15:55:00+00:00,245.199997,245.550003,245.149994,245.289093,43137
2026-04-15 16:00:00+00:00,245.270004,245.279999,244.882599,245.160004,31693
2026-04-15 16:05:00+00:00,245.149994,245.279999,244.770004,244.899994,28224
2026-04-15 16:10:00+00:00,244.919998,245.039993,244.600006,244.779999,25592
2026-04-15 16:15:00+00:00,244.770004,244.925003,244.380005,244.380005,34819
2026-04-15 16:20:00+00:00,244.419998,244.630005,244.419998,244.500000,22116
2026-04-15 16:25:00+00:00,244.449997,244.539993,244.139999,244.300003,36394
2026-04-15 16:30:00+00:00,244.285004,244.423706,244.000000,244.100006,28936
2026-04-15 16:35:00+00:00,244.100006,244.399994,244.039993,244.169998,20982
2026-04-15 16:40:00+00:00,244.100601,244.100601,243.505005,243.505005,34983
2026-04-15 16:45:00+00:00,243.505005,244.000000,243.460007,243.970001,43639
2026-04-15 16:50:00+00:00,243.987503,244.619995,243.955002,244.225006,37234
2026-04-15 16:55:00+00:00,244.229996,244.320007,243.789993,244.199997,31014
2026-04-15 17:00:00+00:00,244.244995,244.309906,243.900101,244.070007,40751
2026-04-15 17:05:00+00:00,244.020004,244.070007,243.580002,243.669998,20248
2026-04-15 17:10:00+00:00,243.630005,243.809998,243.630005,243.725006,17755
2026-04-15 17:15:00+00:00,243.806198,243.880005,243.645004,243.679993,18369
2026-04-15 17:20:00+00:00,243.645004,243.850006,243.600006,243.820007,19283
2026-04-15 17:25:00+00:00,243.824997,244.160004,243.794998,244.119995,22764
2026-04-15 17:30:00+00:00,244.089996,244.735001,244.089996,244.479996,24870
2026-04-15 17:35:00+00:00,244.494995,244.664993,244.119995,244.130096,20034
2026-04-15 17:40:00+00:00,244.160004,244.300003,244.160004,244.279999,18591
2026-04-15 17:45:00+00:00,244.259995,244.330002,243.779999,243.820007,20338
2026-04-15 17:50:00+00:00,243.860001,243.990005,243.800003,243.860001,15856
2026-04-15 17:55:00+00:00,243.835007,243.850006,243.692505,243.850006,27664
2026-04-15 18:00:00+00:00,243.850006,244.099899,243.789993,244.080002,27743
2026-04-15 18:05:00+00:00,244.020004,244.570007,243.990097,244.524994,26865
2026-04-15 18:10:00+00:00,244.524994,244.804993,244.514999,244.729996,29263
2026-04-15 18:15:00+00:00,244.735001,244.750000,244.470001,244.600006,27824
2026-04-15 18:20:00+00:00,244.639999,244.660004,244.440002,244.451797,24051
2026-04-15 18:25:00+00:00,244.440002,244.589996,244.395004,244.554993,22294
2026-04-15 18:30:00+00:00,244.580002,245.080002,244.559998,244.979996,29995
2026-04-15 18:35:00+00:00,244.960007,245.000000,244.669998,244.770004,31655
2026-04-15 18:40:00+00:00,244.770004,244.880005,244.649994,244.850006,22104
2026-04-15 18:45:00+00:00,244.850006,245.189896,244.820007,245.169998,21463
2026-04-15 18:50:00+00:00,245.190002,245.580002,245.139999,245.570007,39663
2026-04-15 18:55:00+00:00,245.544998,245.869995,245.470001,245.714996,44881
2026-04-15 19:00:00+00:00,245.714996,245.929092,245.710007,245.729996,52669
2026-04-15 19:05:00+00:00,245.729996,245.839996,245.589996,245.710007,48114
2026-04-15 19:10:00+00:00,245.710007,245.725006,245.199997,245.200104,41612
2026-04-15 19:15:00+00:00,245.235001,245.330002,244.869995,244.919998,35337
2026-04-15 19:20:00+00:00,244.960007,245.100006,244.619995,245.080002,41216
2026-04-15 19:25:00+00:00,245.029999,245.205002,244.970001,245.050003,40926
2026-04-15 19:30:00+00:00,245.029999,245.359894,245.000000,245.270004,55387
2026-04-15 19:35:00+00:00,245.250000,245.460007,245.139999,245.410004,46499
2026-04-15 19:40:00+00:00,245.371994,245.449997,245.240005,245.240005,54960
2026-04-15 19:45:00+00:00,245.240005,245.279999,245.009995,245.059998,68444
2026-04-15 19:50:00+00:00,245.070007,245.289993,244.529999,244.755005,130622
2026-04-15 19:55:00+00:00,244.740005,244.815002,244.315002,244.669998,247905
2026-04-16 13:30:00+00:00,253.000000,254.509995,249.500000,251.550003,694860
2026-04-16 13:35:00+00:00,251.425003,251.847000,249.100006,249.210007,185712
2026-04-16 13:40:00+00:00,249.229996,249.880005,248.364807,249.460007,123208
2026-04-16 13:45:00+00:00,249.399994,250.580002,248.889999,249.490005,92767
2026-04-16 13:50:00+00:00,249.485001,249.639999,247.759995,247.860001,89644
2026-04-16 13:55:00+00:00,247.990005,248.460007,247.600006,247.710007,101438
2026-04-16 14:00:00+00:00,247.789993,247.914993,246.880005,247.020004,84242
2026-04-16 14:05:00+00:00,247.020004,247.990005,246.889999,247.750000,56578
2026-04-16 14:10:00+00:00,247.755096,248.039993,247.020004,247.399994,65925
2026-04-16 14:15:00+00:00,247.419998,247.440002,246.750000,247.130005,62909
2026-04-16 14:20:00+00:00,247.240005,247.449997,246.712708,246.755005,47145
2026-04-16 14:25:00+00:00,246.710007,246.794998,246.251999,246.600006,91505
2026-04-16 14:30:00+00:00,246.600006,247.279999,246.419998,246.820007,70924
2026-04-16 14:35:00+00:00,246.690002,247.240005,246.399994,246.490005,88377
2026-04-16 14:40:00+00:00,246.419998,246.910004,245.779999,246.660004,71631
2026-04-16 14:45:00+00:00,246.669998,246.889999,246.350006,246.820007,54581
2026-04-16 14:50:00+00:00,246.710007,247.020004,246.500000,246.846405,36616
2026-04-16 14:55:00+00:00,246.770004,247.479996,246.610001,247.395004,51913
2026-04-16 15:00:00+00:00,247.384995,247.460007,246.320007,246.630096,43907
2026-04-16 15:05:00+00:00,246.699997,246.820007,246.149994,246.669998,25050
2026-04-16 15:10:00+00:00,246.649994,247.100006,246.649994,246.979996,36218
2026-04-16 15:15:00+00:00,247.050003,247.259995,246.654999,246.960007,59881
2026-04-16 15:20:00+00:00,246.919998,247.410004,246.910004,247.350006,46158
2026-04-16 15:25:00+00:00,247.413193,247.929993,247.279999,247.610001,85169
2026-04-16 15:30:00+00:00,247.610001,247.720001,247.110001,247.399994,39897
2026-04-16 15:35:00+00:00,247.440002,247.699997,247.220001,247.559998,41183
2026-04-16 15:40:00+00:00,247.600006,247.600006,247.139999,247.149994,31656
2026-04-16 15:45:00+00:00,247.229996,247.529999,247.059998,247.294998,40722
2026-04-16 15:50:00+00:00,247.360001,247.561005,247.190002,247.402496,29468
2026-04-16 15:55:00+00:00,247.500000,247.779999,247.410004,247.779999,37187
2026-04-16 16:00:00+00:00,247.774994,248.289993,247.645004,248.240097,36320
2026-04-16 16:05:00+00:00,248.320007,248.470001,248.139999,248.330002,30554
2026-04-16 16:10:00+00:00,248.339996,248.589996,248.300003,248.514999,32421
2026-04-16 16:15:00+00:00,248.537003,248.559998,248.199997,248.398300,30101
2026-04-16 16:20:00+00:00,248.419998,248.419998,247.919998,248.020004,26547
2026-04-16 16:25:00+00:00,248.044998,248.100006,247.800003,247.960007,26062
2026-04-16 16:30:00+00:00,247.921906,248.059906,247.369995,247.630493,45801
2026-04-16 16:35:00+00:00,247.714996,248.141403,247.610001,248.024994,22742
2026-04-16 16:40:00+00:00,248.024994,248.339905,248.024994,248.050003,19903
2026-04-16 16:45:00+00:00,248.050003,248.220001,248.020004,248.169998,20959
2026-04-16 16:50:00+00:00,248.190002,248.389893,247.884995,248.070007,33856
2026-04-16 16:55:00+00:00,247.964996,248.220001,247.744995,247.800003,35216
2026-04-16 17:00:00+00:00,247.869995,248.210007,247.824997,248.002594,21541
2026-04-16 17:05:00+00:00,248.000000,248.020004,247.800003,247.960007,23347
2026-04-16 17:10:00+00:00,247.960007,248.100006,247.669998,247.768204,25226
2026-04-16 17:15:00+00:00,247.720001,248.000000,247.619995,247.979996,21292
2026-04-16 17:20:00+00:00,248.000000,248.050003,247.759995,248.009995,20707
2026-04-16 17:25:00+00:00,248.020004,248.270004,247.949997,248.210007,26615
2026-04-16 17:30:00+00:00,248.179993,248.244995,248.059998,248.119995,17640
2026-04-16 17:35:00+00:00,248.080002,248.100006,247.841003,247.860001,15203
2026-04-16 17:40:00+00:00,247.850006,248.134995,247.720093,247.960007,29007
2026-04-16 17:45:00+00:00,247.934998,248.179993,247.895004,248.029999,17252
2026-04-16 17:50:00+00:00,248.065002,248.065002,247.820007,248.009903,25262
2026-04-16 17:55:00+00:00,247.960007,248.149994,247.759995,248.085007,22686
2026-04-16 18:00:00+00:00,248.089996,248.244995,247.750107,247.785004,33881
2026-04-16 18:05:00+00:00,247.770004,247.880005,247.589996,247.699997,34335
2026-04-16 18:10:00+00:00,247.720001,247.729996,247.339996,247.520004,23941
2026-04-16 18:15:00+00:00,247.509995,247.660004,247.179993,247.227203,22327
2026-04-16 18:20:00+00:00,247.214996,247.380005,247.089996,247.175003,23720
2026-04-16 18:25:00+00:00,247.160004,247.285004,247.070007,247.154999,18003
2026-04-16 18:30:00+00:00,247.130005,247.850006,247.130005,247.794998,23978
2026-04-16 18:35:00+00:00,247.800003,248.110001,247.750000,247.979996,31000
2026-04-16 18:40:00+00:00,247.975006,248.190002,247.975006,248.126007,34702
2026-04-16 18:45:00+00:00,248.119995,248.160004,247.994995,248.054993,27455
2026-04-16 18:50:00+00:00,248.020004,248.160004,247.979996,248.059998,29691
2026-04-16 18:55:00+00:00,248.029999,248.320007,247.979996,248.320007,38755
2026-04-16 19:00:00+00:00,248.350006,248.880005,248.304993,248.615005,56834
2026-04-16 19:05:00+00:00,248.615005,248.739899,248.410004,248.505005,35598
2026-04-16 19:10:00+00:00,248.559998,248.589996,248.255005,248.255005,52308
2026-04-16 19:15:00+00:00,248.246307,248.339996,248.029999,248.184998,29098
2026-04-16 19:20:00+00:00,248.149994,248.175003,247.835007,248.065002,31932
2026-04-16 19:25:00+00:00,248.089996,248.349899,248.000000,248.139999,50856
2026-04-16 19:30:00+00:00,248.139999,248.289993,248.009995,248.119995,57019
2026-04-16 19:35:00+00:00,248.134995,248.270004,247.940002,248.270004,39766
2026-04-16 19:40:00+00:00,248.264999,248.830002,248.264999,248.675003,54015
2026-04-16 19:45:00+00:00,248.675003,248.979996,248.660004,248.880005,110782
2026-04-16 19:50:00+00:00,248.899994,249.270004,248.520004,248.615005,224746
2026-04-16 19:55:00+00:00,248.630005,248.630005,248.029999,248.158997,263988
2026-04-17 13:30:00+00:00,254.080002,254.080002,249.600006,250.134995,444212
2026-04-17 13:35:00+00:00,250.139999,251.860001,249.899994,251.149994,75825
2026-04-17 13:40:00+00:00,251.179993,252.500000,251.160004,251.970001,68147
2026-04-17 13:45:00+00:00,251.910004,252.500000,250.619995,251.520004,62829
2026-04-17 13:50:00+00:00,251.509995,252.259995,251.272995,251.779999,60208
2026-04-17 13:55:00+00:00,251.669998,252.100006,251.320007,251.470001,54247
2026-04-17 14:00:00+00:00,251.419998,251.429993,250.910004,251.169998,44231
2026-04-17 14:05:00+00:00,251.199997,251.330002,250.399994,250.740005,62060
2026-04-17 14:10:00+00:00,250.497406,250.869995,249.649994,250.205002,47262
2026-04-17 14:15:00+00:00,250.259995,250.309906,249.645004,250.149994,32341
2026-04-17 14:20:00+00:00,250.100006,250.429993,250.000000,250.214996,39358
2026-04-17 14:25:00+00:00,250.300003,250.419998,250.100006,250.279999,25449
2026-04-17 14:30:00+00:00,250.339905,250.830002,250.199997,250.705002,33365
2026-04-17 14:35:00+00:00,250.690002,251.309998,250.690002,251.130005,48142
2026-04-17 14:40:00+00:00,251.179993,251.550003,250.919998,251.500000,39403
2026-04-17 14:45:00+00:00,251.619995,251.729996,250.735001,251.070007,24146
2026-04-17 14:50:00+00:00,251.070007,251.399994,250.789993,251.350006,168036
2026-04-17 14:55:00+00:00,251.294998,251.659897,250.210007,250.559998,59852
2026-04-17 15:00:00+00:00,250.434998,250.639999,248.800003,249.899994,212174
2026-04-17 15:05:00+00:00,249.789993,249.925003,248.750000,249.675003,137656
2026-04-17 15:10:00+00:00,249.559998,249.695007,248.300003,248.789993,99533
2026-04-17 15:15:00+00:00,248.750000,249.250000,248.160004,248.580002,69659
2026-04-17 15:20:00+00:00,248.580002,248.973099,247.500000,248.684998,68883
2026-04-17 15:25:00+00:00,248.770004,249.029999,247.550003,247.729996,70029
2026-04-17 15:30:00+00:00,247.729996,248.128998,247.009995,247.990005,87117
2026-04-17 15:35:00+00:00,247.990005,248.679993,247.770004,247.865005,73475
2026-04-17 15:40:00+00:00,247.860001,247.979904,246.419998,246.419998,73028
2026-04-17 15:45:00+00:00,246.389999,246.669998,244.710007,245.220001,122818
2026-04-17 15:50:00+00:00,245.259995,246.179993,244.940002,246.089996,83018
2026-04-17 15:55:00+00:00,246.089996,246.820007,246.029999,246.820007,62085
2026-04-17 16:00:00+00:00,246.869995,247.039993,246.529999,246.830002,44711
2026-04-17 16:05:00+00:00,246.794998,247.179993,246.029999,246.059998,50731
2026-04-17 16:10:00+00:00,246.110001,246.199997,244.500000,244.600006,124621
2026-04-17 16:15:00+00:00,244.600006,245.175003,243.740005,245.175003,90354
2026-04-17 16:20:00+00:00,245.089996,245.869995,244.759995,245.779999,50154
2026-04-17 16:25:00+00:00,245.794998,246.309998,245.779999,246.264999,41117
2026-04-17 16:30:00+00:00,246.220001,246.315002,245.690002,246.113800,29656
2026-04-17 16:35:00+00:00,246.080002,246.119995,245.119995,245.195007,47459
2026-04-17 16:40:00+00:00,245.279999,245.395004,244.399994,245.080002,46909
2026-04-17 16:45:00+00:00,245.149994,245.199997,244.710007,244.820007,42670
2026-04-17 16:50:00+00:00,244.770004,245.600006,244.720001,245.509995,45957
2026-04-17 16:55:00+00:00,245.500000,246.000000,245.460007,245.880005,34367
2026-04-17 17:00:00+00:00,245.899994,246.500000,245.880005,246.449997,38565
2026-04-17 17:05:00+00:00,246.410004,246.419998,245.830002,246.020004,29249
2026-04-17 17:10:00+00:00,246.020004,246.169998,245.559998,245.660004,22316
2026-04-17 17:15:00+00:00,245.649994,245.660004,245.179993,245.369995,48570
2026-04-17 17:20:00+00:00,245.320007,245.320007,244.280899,244.509995,71735
2026-04-17 17:25:00+00:00,244.481094,244.789993,244.389999,244.630005,30348
2026-04-17 17:30:00+00:00,244.580002,245.220001,244.509995,245.050003,48607
2026-04-17 17:35:00+00:00,245.054993,245.279999,244.600006,245.076797,36114
2026-04-17 17:40:00+00:00,245.080002,245.389999,245.009995,245.220001,28184
2026-04-17 17:45:00+00:00,245.244995,245.470001,245.190002,245.399994,44317
2026-04-17 17:50:00+00:00,245.320007,245.509995,245.279999,245.350006,29346
2026-04-17 17:55:00+00:00,245.350006,245.429993,245.220001,245.339996,35608
2026-04-17 18:00:00+00:00,245.354996,245.479996,245.000000,245.050003,20808
2026-04-17 18:05:00+00:00,245.074997,245.183304,244.832901,244.940002,18570
2026-04-17 18:10:00+00:00,244.979996,245.070007,244.699997,244.839996,24787
2026-04-17 18:15:00+00:00,244.790100,244.910004,244.711304,244.779999,20974
2026-04-17 18:20:00+00:00,244.820007,244.879898,244.445007,244.500000,22239
2026-04-17 18:25:00+00:00,244.460007,244.845001,244.460007,244.559998,20296
2026-04-17 18:30:00+00:00,244.511002,244.690002,244.270096,244.304993,24223
2026-04-17 18:35:00+00:00,244.389999,244.789902,244.289993,244.380005,25408
2026-04-17 18:40:00+00:00,244.279999,244.699997,244.200104,244.304993,45509
2026-04-17 18:45:00+00:00,244.274994,244.309906,243.940002,243.970993,33595
2026-04-17 18:50:00+00:00,244.009995,244.009995,243.500000,243.699997,53707
2026-04-17 18:55:00+00:00,243.669998,243.990005,243.550003,243.940002,38065
2026-04-17 19:00:00+00:00,243.970001,244.100006,243.759995,243.960007,58537
2026-04-17 19:05:00+00:00,243.940094,244.050003,243.735001,244.029999,36104
2026-04-17 19:10:00+00:00,244.029999,244.320007,244.005005,244.145004,44195
2026-04-17 19:15:00+00:00,244.122803,244.729996,244.089996,244.460098,57002
2026-04-17 19:20:00+00:00,244.509995,244.649994,244.350006,244.419998,43891
2026-04-17 19:25:00+00:00,244.429993,244.539993,244.250107,244.389999,58995
2026-04-17 19:30:00+00:00,244.384995,244.440002,244.089996,244.320007,57600
2026-04-17 19:35:00+00:00,244.309998,244.679993,244.119995,244.520004,75028
2026-04-17 19:40:00+00:00,244.509995,244.725006,244.389999,244.535004,80208
2026-04-17 19:45:00+00:00,244.535004,244.535004,244.120102,244.311005,68300
2026-04-17 19:50:00+00:00,244.339996,244.589996,244.000000,244.160004,120465
2026-04-17 19:55:00+00:00,244.169998,244.479996,244.160004,244.419998,216424
2026-04-20 13:30:00+00:00,249.490005,250.000000,245.339996,249.195007,917540
2026-04-20 13:35:00+00:00,249.240005,250.720001,247.190002,247.410004,244153
2026-04-20 13:40:00+00:00,247.309998,248.417999,246.610001,247.205002,129666
2026-04-20 13:45:00+00:00,247.029999,249.849899,247.029999,249.419998,131904
2026-04-20 13:50:00+00:00,249.391006,251.259995,249.380005,250.729996,146962
2026-04-20 13:55:00+00:00,250.744995,250.949997,250.201508,250.500000,75324
2026-04-20 14:00:00+00:00,250.449997,251.630005,250.149994,250.199997,132023
2026-04-20 14:05:00+00:00,250.207993,250.580002,249.639999,249.800003,69734
2026-04-20 14:10:00+00:00,249.820007,249.929993,249.184998,249.749893,64042
2026-04-20 14:15:00+00:00,249.699997,249.929993,248.559998,248.866196,80569
2026-04-20 14:20:00+00:00,248.740997,249.500000,248.360001,249.294998,71889
2026-04-20 14:25:00+00:00,249.300003,249.899994,249.149994,249.309998,114036
2026-04-20 14:30:00+00:00,249.350006,249.350006,248.490005,248.699997,47574
2026-04-20 14:35:00+00:00,248.779999,249.039993,248.199997,248.460007,65227
2026-04-20 14:40:00+00:00,248.384995,248.794998,248.250000,248.389999,49381
2026-04-20 14:45:00+00:00,248.279999,249.000000,248.072403,249.000000,44564
2026-04-20 14:50:00+00:00,249.000000,249.190002,248.497498,248.720001,58646
2026-04-20 14:55:00+00:00,248.690002,248.889999,248.380005,248.464996,25354
2026-04-20 15:00:00+00:00,248.570007,248.839905,247.809998,247.919998,34849
2026-04-20 15:05:00+00:00,247.925003,248.100006,247.550003,247.785004,36479
2026-04-20 15:10:00+00:00,247.720001,248.089996,247.550003,247.800003,24735
2026-04-20 15:15:00+00:00,247.850006,248.389999,247.460007,248.279999,37908
2026-04-20 15:20:00+00:00,248.274994,248.320007,247.675003,247.830002,39360
2026-04-20 15:25:00+00:00,247.869995,248.050003,247.580002,247.869995,35505
2026-04-20 15:30:00+00:00,247.779999,247.925003,247.000000,247.279999,50881
2026-04-20 15:35:00+00:00,247.229996,247.505005,247.100006,247.429993,29088
2026-04-20 15:40:00+00:00,247.479996,247.690002,247.090103,247.410004,21450
2026-04-20 15:45:00+00:00,247.369995,247.585007,247.330002,247.585007,19064
2026-04-20 15:50:00+00:00,247.580002,248.429993,247.580002,248.360001,37508
2026-04-20 15:55:00+00:00,248.360001,248.389999,248.000000,248.230103,23894
2026-04-20 16:00:00+00:00,248.285004,248.845001,248.285004,248.535004,30395
2026-04-20 16:05:00+00:00,248.479996,248.675003,248.100006,248.125000,29773
2026-04-20 16:10:00+00:00,248.119995,248.339996,248.020004,248.300003,21898
2026-04-20 16:15:00+00:00,248.270004,248.313995,247.740005,247.919998,23500
2026-04-20 16:20:00+00:00,247.919998,248.039993,247.600098,247.660004,23204
2026-04-20 16:25:00+00:00,247.750000,247.930496,247.550003,247.880005,16737
2026-04-20 16:30:00+00:00,247.940002,248.020004,247.744995,247.889999,21058
2026-04-20 16:35:00+00:00,247.869995,247.979996,247.809998,247.919998,17214
2026-04-20 16:40:00+00:00,247.880005,248.229996,247.774994,248.149994,22694
2026-04-20 16:45:00+00:00,248.149994,248.300003,248.059998,248.235001,21023
2026-04-20 16:50:00+00:00,248.235001,248.774994,248.199997,248.669998,37014
2026-04-20 16:55:00+00:00,248.610001,248.610001,248.240097,248.445007,24138
2026-04-20 17:00:00+00:00,248.445007,248.649902,248.330002,248.544998,23590
2026-04-20 17:05:00+00:00,248.539993,248.781998,248.408005,248.550003,24677
2026-04-20 17:10:00+00:00,248.520004,248.699997,248.404999,248.660004,15759
2026-04-20 17:15:00+00:00,248.639999,248.850006,248.399994,248.759995,19897
2026-04-20 17:20:00+00:00,248.804993,249.169907,248.690002,249.110001,28517
2026-04-20 17:25:00+00:00,249.110001,249.490005,249.100006,249.350006,30284
2026-04-20 17:30:00+00:00,249.340103,249.440002,248.970001,249.095001,27203
2026-04-20 17:35:00+00:00,249.080002,249.119995,248.875000,249.035004,316729
2026-04-20 17:40:00+00:00,249.024994,249.050003,248.570297,248.710007,20338
2026-04-20 17:45:00+00:00,248.720001,248.960007,248.619995,248.789993,18564
2026-04-20 17:50:00+00:00,248.839996,248.889999,248.649994,248.669998,20693
2026-04-20 17:55:00+00:00,248.669998,248.764999,248.500000,248.520004,24052
2026-04-20 18:00:00+00:00,248.490005,248.584000,248.279999,248.580002,20710
2026-04-20 18:05:00+00:00,248.580002,248.750000,248.380005,248.479996,16623
2026-04-20 18:10:00+00:00,248.514999,248.610001,248.179993,248.514999,27805
2026-04-20 18:15:00+00:00,248.529999,248.660004,248.509995,248.574997,16826
2026-04-20 18:20:00+00:00,248.574997,248.800003,248.509995,248.789993,16766
2026-04-20 18:25:00+00:00,248.845993,248.869995,248.479996,248.619995,32975
2026-04-20 18:30:00+00:00,248.610001,248.789993,248.309998,248.500000,20934
2026-04-20 18:35:00+00:00,248.440002,248.639999,248.345001,248.345001,21701
2026-04-20 18:40:00+00:00,248.345001,248.345001,248.147995,248.149994,16149
2026-04-20 18:45:00+00:00,248.164993,248.164993,247.899994,248.164993,26517
2026-04-20 18:50:00+00:00,248.119995,248.300003,248.029999,248.199997,22015
2026-04-20 18:55:00+00:00,248.179993,248.182007,247.880005,247.967194,16974
2026-04-20 19:00:00+00:00,247.970001,248.229904,247.919998,248.048996,27783
2026-04-20 19:05:00+00:00,248.009995,248.289993,248.000000,248.179993,19193
2026-04-20 19:10:00+00:00,248.179993,248.219894,247.899994,247.960007,19807
2026-04-20 19:15:00+00:00,247.970001,248.289993,247.970001,248.289993,19177
2026-04-20 19:20:00+00:00,248.304993,248.409897,248.020004,248.134995,44511
2026-04-20 19:25:00+00:00,248.134995,248.294998,247.940002,248.289993,61883
2026-04-20 19:30:00+00:00,248.259995,248.604996,248.259995,248.539993,71218
2026-04-20 19:35:00+00:00,248.460007,248.779999,248.080002,248.434998,113064
2026-04-20 19:40:00+00:00,248.419998,248.550003,248.240005,248.380005,54358
2026-04-20 19:45:00+00:00,248.404999,248.500000,248.220001,248.365005,42318
2026-04-20 19:50:00+00:00,248.330002,248.389999,246.199997,248.289993,110393
2026-04-20 19:55:00+00:00,248.270004,248.669998,247.830002,248.654999,205798
2026-04-21 13:30:00+00:00,247.490005,248.610001,245.100006,246.345993,325956
2026-04-21 13:35:00+00:00,246.500000,247.000000,245.759995,245.839996,87415
2026-04-21 13:40:00+00:00,245.899994,247.619995,245.899994,247.380005,85500
2026-04-21 13:45:00+00:00,247.389999,249.100006,246.000000,249.100006,136154
2026-04-21 13:50:00+00:00,248.949997,251.210007,248.940094,251.210007,132947
2026-04-21 13:55:00+00:00,251.160004,252.839996,250.710007,252.464996,156481
2026-04-21 14:00:00+00:00,252.619995,253.039993,252.000000,252.345001,114551
2026-04-21 14:05:00+00:00,252.315002,253.089996,251.990005,252.330002,146594
2026-04-21 14:10:00+00:00,252.320007,254.089996,252.250000,253.389999,164986
2026-04-21 14:15:00+00:00,253.229996,254.249893,252.809998,253.029999,96313
2026-04-21 14:20:00+00:00,252.839996,252.990005,252.169998,252.298004,82451
2026-04-21 14:25:00+00:00,252.222000,252.970001,252.210007,252.565002,83298
2026-04-21 14:30:00+00:00,252.616394,254.492004,252.612503,254.350006,76621
2026-04-21 14:35:00+00:00,254.309998,254.744995,253.779999,253.914993,82904
2026-04-21 14:40:00+00:00,253.875000,254.319901,253.539993,253.945007,40038
2026-04-21 14:45:00+00:00,253.750000,253.755096,253.000000,253.070007,66862
2026-04-21 14:50:00+00:00,253.070007,253.227097,252.710007,252.945007,74131
2026-04-21 14:55:00+00:00,252.865005,252.865005,251.160004,251.160004,47191
2026-04-21 15:00:00+00:00,251.160004,251.350006,249.940002,250.059998,97101
2026-04-21 15:05:00+00:00,250.059998,251.000000,249.970001,250.929993,52716
2026-04-21 15:10:00+00:00,250.990005,251.219894,250.200104,250.309998,33717
2026-04-21 15:15:00+00:00,250.389999,250.719894,249.899994,250.719894,24728
2026-04-21 15:20:00+00:00,250.639999,251.000000,250.000000,250.080002,37995
2026-04-21 15:25:00+00:00,250.000000,250.000000,249.550003,249.747498,25652
2026-04-21 15:30:00+00:00,249.679993,250.289993,249.679993,249.955002,26642
2026-04-21 15:35:00+00:00,249.899994,249.899994,249.270004,249.619995,28581
2026-04-21 15:40:00+00:00,249.500000,249.839996,249.455002,249.720001,16940
2026-04-21 15:45:00+00:00,249.725006,250.145004,249.509995,249.630005,19587
2026-04-21 15:50:00+00:00,249.580002,249.699997,249.270004,249.610001,14240
2026-04-21 15:55:00+00:00,249.699997,250.320007,249.684998,249.720001,20279
2026-04-21 16:00:00+00:00,249.620102,249.960007,249.559998,249.869995,24369
2026-04-21 16:05:00+00:00,249.880005,250.554794,249.740005,250.490005,14196
2026-04-21 16:10:00+00:00,250.505905,250.550003,249.675003,249.675003,23820
2026-04-21 16:15:00+00:00,249.690002,250.246994,249.479996,249.830002,35005
2026-04-21 16:20:00+00:00,249.880005,249.990005,249.470001,249.854996,26440
2026-04-21 16:25:00+00:00,249.845001,250.130005,249.770004,249.884995,36747
2026-04-21 16:30:00+00:00,249.884995,250.554993,249.800003,250.479996,21640
2026-04-21 16:35:00+00:00,250.520004,250.660004,250.250000,250.384995,17812
2026-04-21 16:40:00+00:00,250.384995,250.550003,250.320007,250.434998,14872
2026-04-21 16:45:00+00:00,250.434998,250.759995,250.345001,250.520004,17136
2026-04-21 16:50:00+00:00,250.440002,250.576996,250.229996,250.229996,22103
2026-04-21 16:55:00+00:00,250.214996,250.237396,249.520004,249.520004,23057
2026-04-21 17:00:00+00:00,249.520004,250.009995,249.429993,249.565002,34243
2026-04-21 17:05:00+00:00,249.565002,249.764999,248.779999,248.845001,73237
2026-04-21 17:10:00+00:00,248.789993,248.879501,248.380005,248.600006,26713
2026-04-21 17:15:00+00:00,248.559998,248.604996,247.779999,247.990005,29969
2026-04-21 17:20:00+00:00,247.880005,248.270004,247.784698,248.145004,27682
2026-04-21 17:25:00+00:00,248.139999,248.610001,248.119995,248.539993,160938
2026-04-21 17:30:00+00:00,248.544998,248.869995,248.419998,248.419998,29179
2026-04-21 17:35:00+00:00,248.449997,248.750000,247.899994,248.630203,32838
2026-04-21 17:40:00+00:00,248.779999,249.299896,248.729996,249.089996,29168
2026-04-21 17:45:00+00:00,249.149994,249.449997,249.070007,249.110001,28325
2026-04-21 17:50:00+00:00,249.080002,249.440002,249.020004,249.098999,26903
2026-04-21 17:55:00+00:00,249.100006,249.309998,248.940002,249.309998,17938
2026-04-21 18:00:00+00:00,249.309998,249.794998,249.289993,249.414993,77911
2026-04-21 18:05:00+00:00,249.339996,249.419998,249.009995,249.009995,22436
2026-04-21 18:10:00+00:00,249.033997,249.255005,249.033997,249.205002,19112
2026-04-21 18:15:00+00:00,249.183701,249.479996,248.710007,249.070007,23928
2026-04-21 18:20:00+00:00,248.979996,249.089996,248.794998,248.990005,16287
2026-04-21 18:25:00+00:00,248.990005,249.095001,248.529999,248.740005,22221
2026-04-21 18:30:00+00:00,248.699997,248.710007,248.210007,248.289993,25467
2026-04-21 18:35:00+00:00,248.220001,248.285004,247.419998,247.539993,23310
2026-04-21 18:40:00+00:00,247.419998,247.880005,247.339996,247.880005,32680
2026-04-21 18:45:00+00:00,247.869995,247.919998,247.190002,247.270004,32629
2026-04-21 18:50:00+00:00,247.229996,248.360001,247.149994,248.350006,36024
2026-04-21 18:55:00+00:00,248.210007,248.335007,247.710007,248.250000,33079
2026-04-21 19:00:00+00:00,248.244995,248.479996,247.899994,248.050003,28533
2026-04-21 19:05:00+00:00,248.059998,248.279907,247.964996,248.115005,17307
2026-04-21 19:10:00+00:00,248.149994,248.419998,247.770004,248.000000,26828
2026-04-21 19:15:00+00:00,248.119995,248.195007,247.800003,248.039993,21967
2026-04-21 19:20:00+00:00,248.059998,248.675003,248.039993,248.664993,41389
2026-04-21 19:25:00+00:00,248.589996,248.669998,248.399994,248.619995,29424
2026-04-21 19:30:00+00:00,248.570007,248.770004,248.479996,248.479996,43330
2026-04-21 19:35:00+00:00,248.479996,248.570007,248.160004,248.365005,48611
2026-04-21 19:40:00+00:00,248.380005,248.438995,247.082703,247.220001,73308
2026-04-21 19:45:00+00:00,247.247498,247.309998,246.649994,247.100006,131266
2026-04-21 19:50:00+00:00,247.050003,247.604996,246.580002,246.830002,176866
2026-04-21 19:55:00+00:00,246.800003,247.259995,246.610001,247.119995,269331
2026-04-22 13:30:00+00:00,254.800003,258.750000,252.630005,252.880005,674066
2026-04-22 13:35:00+00:00,252.645004,255.869995,251.899994,255.419998,276898
2026-04-22 13:40:00+00:00,255.654999,256.000000,254.899994,255.035004,153172
2026-04-22 13:45:00+00:00,254.910004,256.510010,254.800003,255.990005,240055
2026-04-22 13:50:00+00:00,255.869995,256.000000,254.449997,255.891998,169688
2026-04-22 13:55:00+00:00,255.604996,256.510010,254.830002,254.929993,143496
2026-04-22 14:00:00+00:00,255.029999,256.104309,254.350006,255.794998,131905
2026-04-22 14:05:00+00:00,255.794998,257.329895,255.679993,256.670013,129194
2026-04-22 14:10:00+00:00,256.589996,257.660004,256.320007,256.570007,256704
2026-04-22 14:15:00+00:00,256.579987,257.170013,256.119995,256.279999,85275
2026-04-22 14:20:00+00:00,256.364990,257.380005,256.130005,257.200012,68530
2026-04-22 14:25:00+00:00,257.209991,258.190002,257.200012,257.730011,97777
2026-04-22 14:30:00+00:00,257.700012,257.859985,255.880005,256.059998,88893
2026-04-22 14:35:00+00:00,256.010010,256.250000,255.229996,256.130005,99803
2026-04-22 14:40:00+00:00,256.149994,256.554993,254.690002,254.770004,56697
2026-04-22 14:45:00+00:00,254.759995,255.239899,254.240005,255.077499,79668
2026-04-22 14:50:00+00:00,255.097504,255.229996,253.520004,253.550003,119274
2026-04-22 14:55:00+00:00,253.610001,254.489899,253.285004,254.250000,82487
2026-04-22 15:00:00+00:00,254.199997,254.598999,253.615005,253.929993,58130
2026-04-22 15:05:00+00:00,253.940002,255.250000,253.940002,255.029999,52973
2026-04-22 15:10:00+00:00,255.115005,255.240005,254.669998,254.910004,43768
2026-04-22 15:15:00+00:00,254.889999,255.240005,254.600006,255.160004,30175
2026-04-22 15:20:00+00:00,255.160004,255.600006,255.125000,255.250000,48060
2026-04-22 15:25:00+00:00,255.195007,255.235001,254.440002,254.679993,47147
2026-04-22 15:30:00+00:00,254.690002,254.946304,254.009995,254.050003,51584
2026-04-22 15:35:00+00:00,254.110001,254.960007,254.080002,254.949997,41469
2026-04-22 15:40:00+00:00,254.960007,255.360001,254.860001,255.095001,49120
2026-04-22 15:45:00+00:00,255.080994,255.688705,255.010101,255.514999,31964
2026-04-22 15:50:00+00:00,255.544998,255.649994,255.154999,255.389999,88147
2026-04-22 15:55:00+00:00,255.460007,255.770004,255.440002,255.550003,42728
2026-04-22 16:00:00+00:00,255.589996,256.089996,255.520004,256.056488,48456
2026-04-22 16:05:00+00:00,256.005005,256.429993,255.839996,256.350006,69055
2026-04-22 16:10:00+00:00,256.703613,256.704987,256.209991,256.279999,33106
2026-04-22 16:15:00+00:00,256.260010,256.570007,256.179993,256.339996,33562
2026-04-22 16:20:00+00:00,256.320007,256.380005,256.119995,256.179993,27753
2026-04-22 16:25:00+00:00,256.170013,256.790009,256.166809,256.730011,36617
2026-04-22 16:30:00+00:00,256.709991,257.250000,256.359985,257.095001,57089
2026-04-22 16:35:00+00:00,257.200012,257.200012,256.750000,257.041992,53996
2026-04-22 16:40:00+00:00,257.093689,257.093689,255.640106,255.710007,60787
2026-04-22 16:45:00+00:00,255.639999,256.160004,255.274994,256.040009,40323
2026-04-22 16:50:00+00:00,256.019989,256.019989,255.309998,255.387497,30186
2026-04-22 16:55:00+00:00,255.384995,255.580002,255.250000,255.520004,25877
2026-04-22 17:00:00+00:00,255.509995,255.764999,255.259995,255.764999,31808
2026-04-22 17:05:00+00:00,255.764999,255.770004,255.259995,255.559998,30566
2026-04-22 17:10:00+00:00,255.630005,255.899994,255.309998,255.389999,50304
2026-04-22 17:15:00+00:00,255.397003,255.550003,255.240005,255.520004,52297
2026-04-22 17:20:00+00:00,255.550003,255.710007,255.100006,255.164993,31665
2026-04-22 17:25:00+00:00,255.119995,255.128906,254.770004,254.800003,37763
2026-04-22 17:30:00+00:00,254.800003,255.149994,254.699997,254.809998,13601
2026-04-22 17:35:00+00:00,254.800003,254.830002,253.940002,253.940002,66920
2026-04-22 17:40:00+00:00,253.910004,254.379898,253.658005,253.929993,48511
2026-04-22 17:45:00+00:00,253.978607,253.978607,253.410004,253.860001,55577
2026-04-22 17:50:00+00:00,253.979996,254.449997,253.869995,254.410004,29691
2026-04-22 17:55:00+00:00,254.410004,254.520004,254.210007,254.316299,24481
2026-04-22 18:00:00+00:00,254.255005,254.330002,253.610001,254.309998,60285
2026-04-22 18:05:00+00:00,254.320007,254.375000,253.899994,253.990005,34365
2026-04-22 18:10:00+00:00,253.994995,254.259995,253.822495,254.175003,25422
2026-04-22 18:15:00+00:00,254.175003,254.399994,253.940002,254.389999,24575
2026-04-22 18:20:00+00:00,254.389999,254.389999,253.929993,254.169998,22292
2026-04-22 18:25:00+00:00,254.270004,254.449997,253.889999,254.214996,36226
2026-04-22 18:30:00+00:00,254.214996,254.854996,254.160004,254.820007,58144
2026-04-22 18:35:00+00:00,254.789993,255.080002,254.720001,254.985001,69335
2026-04-22 18:40:00+00:00,255.050003,255.380005,254.990005,255.330002,36870
2026-04-22 18:45:00+00:00,255.380005,255.850006,255.294296,255.839996,30994
2026-04-22 18:50:00+00:00,255.820007,256.190002,255.669998,255.714996,50177
2026-04-22 18:55:00+00:00,255.750000,255.750000,255.279999,255.589996,53131
2026-04-22 19:00:00+00:00,255.589996,256.029999,255.509003,255.520004,58940
2026-04-22 19:05:00+00:00,255.529999,255.661102,255.320007,255.649994,40728
2026-04-22 19:10:00+00:00,255.615005,255.660004,254.899994,254.919998,44986
2026-04-22 19:15:00+00:00,254.979996,255.169998,254.770004,255.169998,68345
2026-04-22 19:20:00+00:00,255.179993,255.259995,254.909195,255.229996,47722
2026-04-22 19:25:00+00:00,255.229996,255.449905,255.050003,255.089996,61816
2026-04-22 19:30:00+00:00,255.110001,255.369995,254.919998,255.119995,94878
2026-04-22 19:35:00+00:00,255.100006,255.534195,255.029999,255.220001,69723
2026-04-22 19:40:00+00:00,255.220001,255.250000,254.770004,255.104996,69616
2026-04-22 19:45:00+00:00,255.104996,255.160004,254.759995,255.009995,83350
2026-04-22 19:50:00+00:00,255.050003,255.850006,255.039993,255.820007,135410
2026-04-22 19:55:00+00:00,255.779999,256.209991,255.589996,255.929993,376317
2026-04-23 13:30:00+00:00,245.151993,246.539993,240.370300,241.199997,731351
2026-04-23 13:35:00+00:00,241.220001,241.220001,238.550003,238.550003,459470
2026-04-23 13:40:00+00:00,238.629593,238.629593,235.750000,235.750000,451261
2026-04-23 13:45:00+00:00,235.774994,238.629807,235.300003,237.339996,628821
2026-04-23 13:50:00+00:00,237.350006,237.500000,234.679993,234.990005,479680
2026-04-23 13:55:00+00:00,234.895004,235.149994,234.000000,234.244995,389978
2026-04-23 14:00:00+00:00,234.220001,234.500000,233.514999,234.330002,262612
2026-04-23 14:05:00+00:00,234.229996,234.989899,234.000000,234.989899,233353
2026-04-23 14:10:00+00:00,234.907501,236.729996,234.639999,236.669998,233161
2026-04-23 14:15:00+00:00,236.669998,237.119995,235.410004,235.610001,183003
2026-04-23 14:20:00+00:00,235.550003,236.539993,235.270004,236.339996,133538
2026-04-23 14:25:00+00:00,236.309998,237.189896,236.294998,236.414993,91640
2026-04-23 14:30:00+00:00,236.414993,236.919998,236.039993,236.399994,111054
2026-04-23 14:35:00+00:00,236.399994,236.554993,235.639999,236.132294,140222
2026-04-23 14:40:00+00:00,236.089996,236.740005,236.029999,236.399994,81978
2026-04-23 14:45:00+00:00,236.399994,236.910004,236.050003,236.149994,102118
2026-04-23 14:50:00+00:00,236.080002,237.229996,236.009995,237.164993,75678
2026-04-23 14:55:00+00:00,237.199203,237.699997,237.089996,237.630005,113605
2026-04-23 15:00:00+00:00,237.619995,238.080002,237.360001,237.440002,99878
2026-04-23 15:05:00+00:00,237.479996,237.830002,237.289993,237.789993,83692
2026-04-23 15:10:00+00:00,237.830002,238.184998,237.179993,237.270004,92464
2026-04-23 15:15:00+00:00,237.300003,238.180298,237.100006,237.949493,74593
2026-04-23 15:20:00+00:00,237.860001,238.033005,237.539993,237.759995,64937
2026-04-23 15:25:00+00:00,237.789993,238.179993,237.449997,237.550003,61312
2026-04-23 15:30:00+00:00,237.449997,237.669998,237.039993,237.554993,91632
2026-04-23 15:35:00+00:00,237.610001,237.619995,236.570007,236.699997,68048
2026-04-23 15:40:00+00:00,236.660004,236.820007,236.320007,236.679993,53333
2026-04-23 15:45:00+00:00,236.679993,236.679993,235.875000,236.177994,73845
2026-04-23 15:50:00+00:00,236.160004,236.770004,236.130005,236.638596,56347
2026-04-23 15:55:00+00:00,236.615005,236.954697,236.500000,236.735001,60759
2026-04-23 16:00:00+00:00,236.770004,237.250000,236.613495,236.789993,41025
2026-04-23 16:05:00+00:00,236.830002,237.160004,236.759995,236.880005,43989
2026-04-23 16:10:00+00:00,236.899994,237.600006,236.770004,237.544998,59750
2026-04-23 16:15:00+00:00,237.550003,237.619995,237.240005,237.580002,49402
2026-04-23 16:20:00+00:00,237.580002,237.849899,237.350006,237.660004,46554
2026-04-23 16:25:00+00:00,237.590103,237.729996,237.179993,237.289993,45630
2026-04-23 16:30:00+00:00,237.199997,237.410004,236.800003,236.869995,38679
2026-04-23 16:35:00+00:00,236.889999,237.009995,236.550003,236.619995,34434
2026-04-23 16:40:00+00:00,236.750000,237.139893,236.460007,237.035004,47634
2026-04-23 16:45:00+00:00,237.000000,237.099899,236.679993,236.725006,34114
2026-04-23 16:50:00+00:00,236.720001,237.077805,236.630005,236.949997,37305
2026-04-23 16:55:00+00:00,236.970001,237.279999,236.830002,237.154999,32713
2026-04-23 17:00:00+00:00,237.240005,237.389893,236.509995,236.595001,52115
2026-04-23 17:05:00+00:00,236.630005,236.820007,236.250000,236.274994,50490
2026-04-23 17:10:00+00:00,236.279999,236.440002,235.975006,236.380005,48049
2026-04-23 17:15:00+00:00,236.330002,236.529907,236.169998,236.500000,42175
2026-04-23 17:20:00+00:00,236.550003,236.829895,236.490005,236.595001,46004
2026-04-23 17:25:00+00:00,236.553604,237.059998,236.519897,236.880005,42337
2026-04-23 17:30:00+00:00,236.809998,237.399994,236.586594,237.087494,52936
2026-04-23 17:35:00+00:00,237.130005,237.279999,235.860001,235.899994,54359
2026-04-23 17:40:00+00:00,235.850006,235.919998,235.350006,235.520004,62390
2026-04-23 17:45:00+00:00,235.440002,235.576904,235.100006,235.214996,66859
2026-04-23 17:50:00+00:00,235.149994,236.649994,235.039993,236.250000,89373
2026-04-23 17:55:00+00:00,236.350006,237.089996,236.179993,236.714996,47758
2026-04-23 18:00:00+00:00,236.729996,237.130005,236.500000,236.875000,42277
2026-04-23 18:05:00+00:00,236.740005,237.330002,236.735001,237.210007,29947
2026-04-23 18:10:00+00:00,237.210007,237.660004,237.080093,237.595001,43055
2026-04-23 18:15:00+00:00,237.660004,238.139999,237.460007,238.089996,58130
2026-04-23 18:20:00+00:00,238.050003,238.800003,238.029999,238.675003,65156
2026-04-23 18:25:00+00:00,238.664993,238.800003,238.559998,238.660004,43255
2026-04-23 18:30:00+00:00,238.630005,239.229996,238.630005,239.039993,44920
2026-04-23 18:35:00+00:00,239.029999,239.095001,238.640106,238.669998,75413
2026-04-23 18:40:00+00:00,238.699997,238.919998,238.470001,238.570007,44848
2026-04-23 18:45:00+00:00,238.570007,238.570007,238.009995,238.149994,43798
2026-04-23 18:50:00+00:00,238.199997,238.514999,238.199997,238.389999,53617
2026-04-23 18:55:00+00:00,238.372498,238.619995,238.199997,238.419998,48729
2026-04-23 19:00:00+00:00,238.419998,238.889999,238.399994,238.740005,41145
2026-04-23 19:05:00+00:00,238.789993,239.149994,238.759995,239.000000,37699
2026-04-23 19:10:00+00:00,238.994995,239.389999,238.899994,239.379196,48237
2026-04-23 19:15:00+00:00,239.345001,239.749893,239.199997,239.449997,65898
2026-04-23 19:20:00+00:00,239.440002,239.574997,239.250000,239.464996,57026
2026-04-23 19:25:00+00:00,239.464996,239.580002,239.110001,239.559998,68682
2026-04-23 19:30:00+00:00,239.529999,239.750000,238.660004,238.750000,90946
2026-04-23 19:35:00+00:00,238.710007,238.750000,238.369995,238.434998,66793
2026-04-23 19:40:00+00:00,238.470001,238.589996,237.850006,237.960007,90683
2026-04-23 19:45:00+00:00,237.964996,238.320007,237.869995,238.285004,111974
2026-04-23 19:50:00+00:00,238.320007,238.710007,238.160004,238.509995,219189
2026-04-23 19:55:00+00:00,238.509995,239.179993,238.490005,239.009995,434634
2026-04-24 13:30:00+00:00,239.770004,241.619995,239.770004,240.960007,290893
2026-04-24 13:35:00+00:00,240.955002,242.149994,239.580002,239.850006,173345
2026-04-24 13:40:00+00:00,239.830002,239.899994,238.419998,239.690002,124702
2026-04-24 13:45:00+00:00,239.800003,240.399994,239.100098,240.024994,102833
2026-04-24 13:50:00+00:00,239.899994,240.926605,239.279999,240.259995,53189
2026-04-24 13:55:00+00:00,240.130005,240.259903,239.729996,239.910004,103823
2026-04-24 14:00:00+00:00,239.889999,240.000000,239.039993,239.428604,104886
2026-04-24 14:05:00+00:00,239.279999,239.550003,238.720001,239.369995,93273
2026-04-24 14:10:00+00:00,239.360001,240.899994,239.330002,240.740005,116891
2026-04-24 14:15:00+00:00,240.759995,241.496094,240.710007,241.000000,71876
2026-04-24 14:20:00+00:00,241.050003,241.050003,240.190002,240.380005,47355
2026-04-24 14:25:00+00:00,240.339996,240.425003,239.903397,240.322906,75477
2026-04-24 14:30:00+00:00,240.330002,240.740005,239.821396,240.509995,47479
2026-04-24 14:35:00+00:00,240.440002,240.824799,240.145004,240.279999,45289
2026-04-24 14:40:00+00:00,240.389999,241.119995,240.330002,241.119995,49030
2026-04-24 14:45:00+00:00,241.085007,241.429993,240.860001,241.009995,51265
2026-04-24 14:50:00+00:00,240.914993,241.255005,240.759995,240.815002,57955
2026-04-24 14:55:00+00:00,240.809998,240.929993,240.000000,240.115005,50290
2026-04-24 15:00:00+00:00,240.169998,240.220001,239.830002,240.070007,52471
2026-04-24 15:05:00+00:00,240.059998,240.115005,239.339996,239.854996,88809
2026-04-24 15:10:00+00:00,239.854996,239.970001,239.410004,239.490005,49845
2026-04-24 15:15:00+00:00,239.490005,239.880005,239.449997,239.845001,27949
2026-04-24 15:20:00+00:00,239.845001,240.136002,239.699997,239.824997,34604
2026-04-24 15:25:00+00:00,239.779999,239.960007,239.592499,239.904999,28964
2026-04-24 15:30:00+00:00,239.960007,240.259995,239.889999,240.179993,36323
2026-04-24 15:35:00+00:00,240.119995,240.779999,240.119995,240.529999,31227
2026-04-24 15:40:00+00:00,240.464996,241.119995,240.406693,241.119995,36599
2026-04-24 15:45:00+00:00,241.085007,241.500000,240.640106,240.789993,50164
2026-04-24 15:50:00+00:00,240.770004,241.000000,240.520004,240.600006,39671
2026-04-24 15:55:00+00:00,240.610001,240.641205,240.300095,240.610001,29202
2026-04-24 16:00:00+00:00,240.580002,240.629898,240.330002,240.404999,34571
2026-04-24 16:05:00+00:00,240.404999,240.785004,240.369995,240.785004,18013
2026-04-24 16:10:00+00:00,240.820007,241.440002,240.770004,240.990005,40324
2026-04-24 16:15:00+00:00,240.975006,241.188293,240.899994,240.975006,729324
2026-04-24 16:20:00+00:00,241.020004,241.059998,240.729996,240.835007,23039
2026-04-24 16:25:00+00:00,240.889999,241.070007,240.880005,241.022507,28961
2026-04-24 16:30:00+00:00,241.000000,241.119995,240.899994,241.044998,21245
2026-04-24 16:35:00+00:00,241.080002,241.240005,240.770004,241.190002,26087
2026-04-24 16:40:00+00:00,241.220001,241.679993,241.214996,241.679993,31637
2026-04-24 16:45:00+00:00,241.690002,241.850006,241.529999,241.699997,45347
2026-04-24 16:50:00+00:00,241.710007,242.014999,241.699997,242.014999,37117
2026-04-24 16:55:00+00:00,242.029999,242.110001,241.750000,241.919998,33218
2026-04-24 17:00:00+00:00,241.964996,242.212494,241.940002,241.990005,41958
2026-04-24 17:05:00+00:00,241.960007,242.229996,241.820007,242.190002,24457
2026-04-24 17:10:00+00:00,242.195007,242.279495,242.089996,242.160004,23083
2026-04-24 17:15:00+00:00,242.130005,242.130005,241.830093,241.929993,343379
2026-04-24 17:20:00+00:00,241.940002,242.309998,241.809998,242.309998,35964
2026-04-24 17:25:00+00:00,242.309998,242.380005,241.929993,242.054993,28798
2026-04-24 17:30:00+00:00,242.085007,242.539307,242.029999,242.509995,28207
2026-04-24 17:35:00+00:00,242.289993,242.684998,242.259995,242.634995,27666
2026-04-24 17:40:00+00:00,242.660004,242.660004,242.330002,242.399994,33972
2026-04-24 17:45:00+00:00,242.440002,242.910004,242.261093,242.910004,25900
2026-04-24 17:50:00+00:00,242.899994,243.000000,242.570007,242.789993,34476
2026-04-24 17:55:00+00:00,242.789993,242.800003,242.429993,242.585007,26539
2026-04-24 18:00:00+00:00,242.559998,243.039993,242.509995,242.960007,31993
2026-04-24 18:05:00+00:00,242.990005,243.139999,242.660004,243.139999,26338
2026-04-24 18:10:00+00:00,243.139999,243.589996,243.130005,243.529999,41012
2026-04-24 18:15:00+00:00,243.570007,243.949997,243.410004,243.830002,44478
2026-04-24 18:20:00+00:00,243.809998,244.108200,243.690002,244.001007,51346
2026-04-24 18:25:00+00:00,244.066696,244.138199,243.910004,243.990005,25754
2026-04-24 18:30:00+00:00,243.970001,244.634995,243.929993,244.594894,67665
2026-04-24 18:35:00+00:00,244.559998,244.830002,244.362198,244.395004,33155
2026-04-24 18:40:00+00:00,244.401093,244.654999,244.259995,244.654999,34481
2026-04-24 18:45:00+00:00,244.600006,244.639999,244.330093,244.410004,36039
2026-04-24 18:50:00+00:00,244.460007,244.630005,244.391998,244.539993,24580
2026-04-24 18:55:00+00:00,244.529999,244.630005,244.430099,244.589996,29073
2026-04-24 19:00:00+00:00,244.570007,245.020004,244.570007,244.800003,56411
2026-04-24 19:05:00+00:00,244.759995,245.020004,244.680099,244.899994,41664
2026-04-24 19:10:00+00:00,244.895004,245.404907,244.889999,245.270004,39970
2026-04-24 19:15:00+00:00,245.270004,245.320007,245.039993,245.145004,39522
2026-04-24 19:20:00+00:00,245.164993,245.389999,245.059998,245.070007,40893
2026-04-24 19:25:00+00:00,245.065002,245.100006,244.679993,244.759995,82221
2026-04-24 19:30:00+00:00,244.720001,244.860001,244.369995,244.639999,58819
2026-04-24 19:35:00+00:00,244.630005,244.725006,244.419998,244.570007,53079
2026-04-24 19:40:00+00:00,244.570007,244.850006,244.559998,244.679993,77391
2026-04-24 19:45:00+00:00,244.679993,244.790100,244.490005,244.699997,82283
2026-04-24 19:50:00+00:00,244.750000,245.460007,244.720001,245.440002,188282
2026-04-24 19:55:00+00:00,245.445007,245.660004,245.029999,245.360001,498505
2026-04-27 13:30:00+00:00,240.770004,243.617203,240.000000,240.164993,323103
2026-04-27 13:35:00+00:00,240.000000,242.539993,239.559998,242.479996,164331
2026-04-27 13:40:00+00:00,242.520004,244.242294,242.339996,244.210007,142641
2026-04-27 13:45:00+00:00,244.419998,245.250000,243.750000,245.199997,146619
2026-04-27 13:50:00+00:00,245.240005,245.882004,243.279999,243.604996,98801
2026-04-27 13:55:00+00:00,243.639999,243.820007,241.410004,241.669998,70832
2026-04-27 14:00:00+00:00,241.600006,242.524994,241.250000,242.500000,107740
2026-04-27 14:05:00+00:00,242.520004,242.668106,241.630005,241.779999,47615
2026-04-27 14:10:00+00:00,241.770004,241.990005,241.119995,241.779999,66149
2026-04-27 14:15:00+00:00,241.774994,242.710007,241.774994,242.250000,42238
2026-04-27 14:20:00+00:00,242.339996,242.699997,241.899994,242.649994,60871
2026-04-27 14:25:00+00:00,242.710007,243.330002,242.710007,243.225006,47017
2026-04-27 14:30:00+00:00,243.130005,243.380005,242.520004,243.009995,45795
2026-04-27 14:35:00+00:00,242.837799,243.419998,242.580093,242.690002,48321
2026-04-27 14:40:00+00:00,242.649994,242.880005,242.149994,242.854996,48354
2026-04-27 14:45:00+00:00,242.770004,243.289993,242.669998,243.074997,38074
2026-04-27 14:50:00+00:00,243.050003,243.460007,242.610001,243.270004,35763
2026-04-27 14:55:00+00:00,243.274994,243.729996,243.089996,243.654999,33558
2026-04-27 15:00:00+00:00,243.690002,243.990005,242.854996,242.865005,82886
2026-04-27 15:05:00+00:00,242.949997,243.009995,241.550003,241.848495,79850
2026-04-27 15:10:00+00:00,241.869995,242.210007,241.570007,241.875000,53045
2026-04-27 15:15:00+00:00,241.830002,242.240005,241.800003,241.960007,38888
2026-04-27 15:20:00+00:00,241.850006,242.100006,241.399994,242.039993,56612
2026-04-27 15:25:00+00:00,241.985001,242.259995,241.809998,242.107300,40282
2026-04-27 15:30:00+00:00,242.065002,242.074997,241.410004,241.500000,38036
2026-04-27 15:35:00+00:00,241.490005,241.580002,240.764999,240.934998,57815
2026-04-27 15:40:00+00:00,240.934998,241.199997,240.649994,240.770004,33686
2026-04-27 15:45:00+00:00,240.770004,241.050003,239.889999,239.960007,49823
2026-04-27 15:50:00+00:00,239.970001,240.309998,239.669998,240.210007,95693
2026-04-27 15:55:00+00:00,240.220001,240.440002,240.139999,240.229996,30069
2026-04-27 16:00:00+00:00,240.309998,240.589996,240.210007,240.539993,22160
2026-04-27 16:05:00+00:00,240.589996,240.830002,240.419998,240.639999,25865
2026-04-27 16:10:00+00:00,240.679993,240.880005,240.455200,240.550003,37978
2026-04-27 16:15:00+00:00,240.585007,240.690002,240.289993,240.490005,26663
2026-04-27 16:20:00+00:00,240.490005,240.619995,240.380005,240.570007,27201
2026-04-27 16:25:00+00:00,240.600006,240.979996,240.600006,240.979996,29248
2026-04-27 16:30:00+00:00,240.916306,241.029999,240.485001,240.509995,27669
2026-04-27 16:35:00+00:00,240.524994,240.669998,240.300003,240.669998,41058
2026-04-27 16:40:00+00:00,240.639999,241.000000,240.532501,240.884995,26760
2026-04-27 16:45:00+00:00,240.884995,240.949997,240.714996,240.750000,25754
2026-04-27 16:50:00+00:00,240.815002,241.098206,240.759995,241.039993,25739
2026-04-27 16:55:00+00:00,240.979996,241.050003,240.779999,240.850006,17846
2026-04-27 17:00:00+00:00,240.904999,241.009995,240.615005,240.615005,25655
2026-04-27 17:05:00+00:00,240.604996,240.910004,240.482193,240.804993,23769
2026-04-27 17:10:00+00:00,240.710007,240.910004,240.520004,240.520004,21924
2026-04-27 17:15:00+00:00,240.529999,240.654999,240.419998,240.535004,19203
2026-04-27 17:20:00+00:00,240.619995,240.619995,240.399994,240.509995,20659
2026-04-27 17:25:00+00:00,240.539093,240.559998,240.369995,240.389999,26443
2026-04-27 17:30:00+00:00,240.369995,240.449997,240.089996,240.160004,29220
2026-04-27 17:35:00+00:00,240.160004,240.440002,240.020004,240.369995,37962
2026-04-27 17:40:00+00:00,240.320007,240.520004,240.309998,240.479996,21562
2026-04-27 17:45:00+00:00,240.449997,240.684998,240.419998,240.419998,86245
2026-04-27 17:50:00+00:00,240.449997,240.539993,240.339996,240.360001,14482
2026-04-27 17:55:00+00:00,240.350006,240.500000,240.199997,240.365005,33475
2026-04-27 18:00:00+00:00,240.350006,240.500000,240.285004,240.442505,39234
2026-04-27 18:05:00+00:00,240.449997,240.810196,240.449997,240.710007,23030
2026-04-27 18:10:00+00:00,240.759995,241.229996,240.669998,241.164993,26702
2026-04-27 18:15:00+00:00,241.169998,241.240005,241.070007,241.089996,30064
2026-04-27 18:20:00+00:00,241.134094,241.304993,240.880005,241.039993,25134
2026-04-27 18:25:00+00:00,240.919998,241.279999,240.919998,241.225006,26811
2026-04-27 18:30:00+00:00,241.225006,241.259506,240.880005,240.929993,22968
2026-04-27 18:35:00+00:00,240.929993,240.929993,240.630005,240.835007,37833
2026-04-27 18:40:00+00:00,240.832504,240.835007,240.610107,240.770004,35424
2026-04-27 18:45:00+00:00,240.789993,240.960007,240.664993,240.764999,36177
2026-04-27 18:50:00+00:00,240.639999,240.699997,240.250000,240.250000,24627
2026-04-27 18:55:00+00:00,240.320007,240.479904,240.134995,240.134995,34290
2026-04-27 19:00:00+00:00,240.134995,240.279999,239.600006,239.647507,77832
2026-04-27 19:05:00+00:00,239.675003,239.699997,239.429993,239.520004,49845
2026-04-27 19:10:00+00:00,239.544998,239.899994,239.339996,239.639999,42863
2026-04-27 19:15:00+00:00,239.669998,239.970001,239.559998,239.860001,25690
2026-04-27 19:20:00+00:00,239.839996,240.429993,239.727997,240.205994,43533
2026-04-27 19:25:00+00:00,240.235001,240.549606,240.150497,240.330002,44413
2026-04-27 19:30:00+00:00,240.240005,240.500000,240.199997,240.449997,38981
2026-04-27 19:35:00+00:00,240.539993,240.559998,240.050095,240.320007,47174
2026-04-27 19:40:00+00:00,240.309998,240.539993,240.220001,240.399994,50289
2026-04-27 19:45:00+00:00,240.309998,240.339996,239.899994,240.279999,68433
2026-04-27 19:50:00+00:00,240.229996,240.264999,239.600006,239.630005,124727
2026-04-27 19:55:00+00:00,239.690002,239.735001,239.110001,239.399994,256338
2026-04-28 13:30:00+00:00,242.130005,244.800003,241.214996,242.649994,550208
2026-04-28 13:35:00+00:00,242.804993,242.859894,241.600006,241.600006,65624
2026-04-28 13:40:00+00:00,241.729996,242.649994,241.399994,242.080002,56827
2026-04-28 13:45:00+00:00,242.315002,244.380005,242.315002,243.485001,110400
2026-04-28 13:50:00+00:00,243.600006,244.270004,243.082993,243.110001,72691
2026-04-28 13:55:00+00:00,243.119995,243.210007,241.979996,241.994995,50965
2026-04-28 14:00:00+00:00,242.000000,242.630005,241.565002,241.990005,50344
2026-04-28 14:05:00+00:00,242.100006,242.580002,241.634995,242.220001,57126
2026-04-28 14:10:00+00:00,242.210007,242.479996,241.679993,242.080002,38186
2026-04-28 14:15:00+00:00,242.074997,242.429993,241.619995,241.919998,42548
2026-04-28 14:20:00+00:00,241.960007,242.470001,241.949997,242.179993,28745
2026-04-28 14:25:00+00:00,242.199997,243.080002,242.070007,242.500000,60299
2026-04-28 14:30:00+00:00,242.410004,242.934998,242.289993,242.410004,44335
2026-04-28 14:35:00+00:00,242.350006,242.970001,242.110001,242.529999,48065
2026-04-28 14:40:00+00:00,242.559998,243.000000,242.311707,242.440002,48030
2026-04-28 14:45:00+00:00,242.520004,243.339996,242.520004,243.309998,54031
2026-04-28 14:50:00+00:00,243.350006,244.139999,243.210007,243.320007,68321
2026-04-28 14:55:00+00:00,243.320007,243.399994,242.449997,242.679901,42647
2026-04-28 15:00:00+00:00,242.679993,243.539902,242.520004,242.829895,37231
2026-04-28 15:05:00+00:00,242.830002,244.000000,242.250000,243.169998,168178
2026-04-28 15:10:00+00:00,243.199997,245.110001,242.259995,244.880005,97569
2026-04-28 15:15:00+00:00,244.725006,245.070007,243.500000,244.395004,84531
2026-04-28 15:20:00+00:00,244.479996,244.990005,244.270004,244.729996,60644
2026-04-28 15:25:00+00:00,244.490005,244.679993,244.020004,244.020096,48891
2026-04-28 15:30:00+00:00,244.160004,244.339996,243.580002,243.585007,59496
2026-04-28 15:35:00+00:00,243.585007,244.229996,243.520004,244.117493,29582
2026-04-28 15:40:00+00:00,244.179993,244.279999,243.350006,243.360001,34715
2026-04-28 15:45:00+00:00,243.360001,243.589996,243.029999,243.434998,45568
2026-04-28 15:50:00+00:00,243.434998,243.585007,243.160004,243.445007,65350
2026-04-28 15:55:00+00:00,243.470001,243.570007,242.830002,243.210007,41161
2026-04-28 16:00:00+00:00,243.309998,243.800003,243.217499,243.535004,24099
2026-04-28 16:05:00+00:00,243.570007,243.899994,243.559998,243.750000,20149
2026-04-28 16:10:00+00:00,243.770004,243.990005,243.710007,243.919998,21115
2026-04-28 16:15:00+00:00,243.929993,243.960007,243.639999,243.720001,22778
2026-04-28 16:20:00+00:00,243.725006,243.939896,243.725006,243.869995,11919
2026-04-28 16:25:00+00:00,243.910004,243.970001,243.690002,243.860001,19157
2026-04-28 16:30:00+00:00,243.895004,243.895004,243.500107,243.520004,26165
2026-04-28 16:35:00+00:00,243.610001,243.789902,243.442505,243.570099,16941
2026-04-28 16:40:00+00:00,243.740005,243.899994,243.399994,243.399994,19012
2026-04-28 16:45:00+00:00,243.475006,243.710007,243.419998,243.574997,17204
2026-04-28 16:50:00+00:00,243.554993,243.669998,243.450104,243.600006,16807
2026-04-28 16:55:00+00:00,243.600006,244.410004,243.580002,244.404999,35033
2026-04-28 17:00:00+00:00,244.404999,244.649994,244.160004,244.250000,33570
2026-04-28 17:05:00+00:00,244.240005,244.500000,244.235001,244.320007,19191
2026-04-28 17:10:00+00:00,244.335007,244.679993,244.300995,244.593506,23158
2026-04-28 17:15:00+00:00,244.600006,244.800003,244.539993,244.779999,24020
2026-04-28 17:20:00+00:00,244.725006,244.978500,244.669998,244.714996,22876
2026-04-28 17:25:00+00:00,244.720001,245.259995,244.690002,245.205002,32774
2026-04-28 17:30:00+00:00,245.205002,245.250000,244.830002,244.940002,35833
2026-04-28 17:35:00+00:00,244.945007,245.039993,244.300003,244.300003,36515
2026-04-28 17:40:00+00:00,244.460007,244.610001,244.335098,244.500000,20408
2026-04-28 17:45:00+00:00,244.380005,244.770004,244.380005,244.699997,22322
2026-04-28 17:50:00+00:00,244.669998,244.960007,244.639999,244.815002,19728
2026-04-28 17:55:00+00:00,244.808701,244.940002,244.650101,244.705002,17619
2026-04-28 18:00:00+00:00,244.699997,244.720001,244.240005,244.240005,20649
2026-04-28 18:05:00+00:00,244.229996,244.279999,242.410004,243.369995,102253
2026-04-28 18:10:00+00:00,243.291000,243.979996,243.240005,243.574997,49205
2026-04-28 18:15:00+00:00,243.500000,243.710007,243.345001,243.589996,19543
2026-04-28 18:20:00+00:00,243.574997,243.574997,243.190002,243.270004,24243
2026-04-28 18:25:00+00:00,243.270004,243.419907,243.070007,243.324997,23145
2026-04-28 18:30:00+00:00,243.410004,243.500000,243.009995,243.289993,20199
2026-04-28 18:35:00+00:00,243.244995,243.604996,243.240005,243.490005,18917
2026-04-28 18:40:00+00:00,243.470001,243.725006,243.375000,243.445007,19702
2026-04-28 18:45:00+00:00,243.445007,243.969894,243.420105,243.815002,17381
2026-04-28 18:50:00+00:00,243.869904,243.960007,243.699997,243.742493,28119
2026-04-28 18:55:00+00:00,243.750000,243.839996,243.500000,243.500000,18320
2026-04-28 19:00:00+00:00,243.479996,243.479996,243.070007,243.195404,28761
2026-04-28 19:05:00+00:00,243.154999,243.389893,243.134995,243.220001,26093
2026-04-28 19:10:00+00:00,243.195007,243.559998,243.184998,243.229996,29466
2026-04-28 19:15:00+00:00,243.270004,243.300003,243.047501,243.139999,42533
2026-04-28 19:20:00+00:00,243.130005,243.279999,242.740005,242.910004,45217
2026-04-28 19:25:00+00:00,242.910004,243.054993,242.720001,243.054993,60628
2026-04-28 19:30:00+00:00,243.054993,243.235001,242.509995,242.994995,67139
2026-04-28 19:35:00+00:00,242.945007,243.169998,242.770004,243.160004,56211
2026-04-28 19:40:00+00:00,243.250000,243.268997,242.891693,243.014999,65492
2026-04-28 19:45:00+00:00,243.014999,243.250000,242.979996,243.169998,52751
2026-04-28 19:50:00+00:00,243.199997,243.770004,243.139999,243.630005,111115
2026-04-28 19:55:00+00:00,243.550003,243.550003,243.070007,243.080002,247761
2026-04-29 13:30:00+00:00,240.970001,241.020004,238.669998,240.695007,237983
2026-04-29 13:35:00+00:00,240.574997,241.649994,240.164993,241.100006,46671
2026-04-29 13:40:00+00:00,240.949997,241.179993,240.199997,240.559998,42333
2026-04-29 13:45:00+00:00,240.740005,241.910004,240.710007,241.899994,34341
2026-04-29 13:50:00+00:00,241.850006,242.000000,240.385101,240.789993,28814
2026-04-29 13:55:00+00:00,240.774994,240.774994,240.000000,240.154999,31657
2026-04-29 14:00:00+00:00,240.134995,240.619995,239.850006,240.020004,34473
2026-04-29 14:05:00+00:00,239.974594,240.220001,239.690002,240.020004,154971
2026-04-29 14:10:00+00:00,239.940002,240.279999,239.800003,240.259003,31889
2026-04-29 14:15:00+00:00,240.050003,240.669998,240.050003,240.115005,23127
2026-04-29 14:20:00+00:00,240.104996,240.740005,240.000000,240.740005,24894
2026-04-29 14:25:00+00:00,240.759995,241.100006,240.630005,240.990005,27325
2026-04-29 14:30:00+00:00,240.910004,240.960007,240.330093,240.565002,25770
2026-04-29 14:35:00+00:00,240.565002,240.860001,240.460007,240.524994,20980
2026-04-29 14:40:00+00:00,240.550003,240.820007,240.539993,240.789993,32524
2026-04-29 14:45:00+00:00,240.744995,241.100006,240.699997,241.100006,25876
2026-04-29 14:50:00+00:00,241.169998,241.179993,240.695908,240.931000,19459
2026-04-29 14:55:00+00:00,240.960007,241.410004,240.940002,241.145004,17322
2026-04-29 15:00:00+00:00,241.130005,241.740005,241.000000,241.649994,16361
2026-04-29 15:05:00+00:00,241.710007,241.770004,241.070007,241.214996,18468
2026-04-29 15:10:00+00:00,241.240005,241.259995,240.740005,240.759995,16222
2026-04-29 15:15:00+00:00,240.764999,241.080002,240.630096,240.830093,11126
2026-04-29 15:20:00+00:00,240.839996,241.315002,240.839996,241.315002,13612
2026-04-29 15:25:00+00:00,241.383102,241.414993,241.119995,241.304993,12180
2026-04-29 15:30:00+00:00,241.320007,241.500000,240.979996,240.980103,17415
2026-04-29 15:35:00+00:00,241.115005,241.220001,240.955002,241.110001,14099
2026-04-29 15:40:00+00:00,241.160004,241.380005,241.065002,241.380005,15037
2026-04-29 15:45:00+00:00,241.500000,242.059998,241.500000,242.009995,21092
2026-04-29 15:50:00+00:00,242.005005,242.080002,241.160004,241.300003,55562
2026-04-29 15:55:00+00:00,241.210007,241.690002,241.100006,241.574997,30115
2026-04-29 16:00:00+00:00,241.509995,241.755005,241.199905,241.645004,18631
2026-04-29 16:05:00+00:00,241.615005,241.800003,241.460007,241.500000,14336
2026-04-29 16:10:00+00:00,241.479996,241.619995,241.399994,241.410004,17276
2026-04-29 16:15:00+00:00,241.434998,241.581406,241.330002,241.399994,20126
2026-04-29 16:20:00+00:00,241.440002,241.695007,241.440002,241.550003,15921
2026-04-29 16:25:00+00:00,241.479996,241.600006,241.250000,241.250000,20448
2026-04-29 16:30:00+00:00,241.250000,241.264999,240.729996,240.740005,14178
2026-04-29 16:35:00+00:00,240.744995,240.820007,240.434998,240.602005,15742
2026-04-29 16:40:00+00:00,240.684998,241.000000,240.619995,240.880005,20613
2026-04-29 16:45:00+00:00,240.789993,240.963501,240.619995,240.830002,18745
2026-04-29 16:50:00+00:00,240.830002,240.869995,240.470093,240.779999,29513
2026-04-29 16:55:00+00:00,240.794998,240.970001,240.649994,240.690002,16862
2026-04-29 17:00:00+00:00,240.770004,240.820007,240.399994,240.399994,13185
2026-04-29 17:05:00+00:00,240.509995,240.509995,240.301605,240.479996,8324
2026-04-29 17:10:00+00:00,240.419998,240.500000,240.009995,240.100006,10513
2026-04-29 17:15:00+00:00,240.149994,240.380005,240.095001,240.220001,11009
2026-04-29 17:20:00+00:00,240.259995,240.545898,240.184998,240.545898,15791
2026-04-29 17:25:00+00:00,240.529999,240.720001,240.475006,240.654999,9860
2026-04-29 17:30:00+00:00,240.679993,240.970001,240.660004,240.949997,13975
2026-04-29 17:35:00+00:00,240.899994,241.300003,240.899994,241.289993,17204
2026-04-29 17:40:00+00:00,241.289993,241.520004,241.039993,241.520004,33927
2026-04-29 17:45:00+00:00,241.539993,241.860001,241.529999,241.581604,17930
2026-04-29 17:50:00+00:00,241.690002,242.000000,241.649994,241.759995,13898
2026-04-29 17:55:00+00:00,241.755005,241.889999,241.529999,241.860001,14356
2026-04-29 18:00:00+00:00,241.860001,242.095795,241.630005,241.919998,30685
2026-04-29 18:05:00+00:00,241.860001,242.139999,241.619995,241.664993,27263
2026-04-29 18:10:00+00:00,241.620102,241.945007,241.610001,241.710007,22018
2026-04-29 18:15:00+00:00,241.690002,242.240005,241.649994,242.059998,20169
2026-04-29 18:20:00+00:00,242.059998,242.229996,241.979996,242.160004,12303
2026-04-29 18:25:00+00:00,242.139999,242.330002,242.029999,242.330002,12943
2026-04-29 18:30:00+00:00,242.300003,242.470001,242.110001,242.464996,22619
2026-04-29 18:35:00+00:00,242.500000,242.660004,242.220001,242.309998,27752
2026-04-29 18:40:00+00:00,242.240005,242.320007,242.089996,242.195007,30326
2026-04-29 18:45:00+00:00,242.190002,242.899994,242.160004,242.797806,26940
2026-04-29 18:50:00+00:00,242.815002,243.365005,242.815002,243.250000,33117
2026-04-29 18:55:00+00:00,243.199997,243.505005,243.149994,243.452301,28569
2026-04-29 19:00:00+00:00,243.460007,243.615005,243.110001,243.259995,29184
2026-04-29 19:05:00+00:00,243.259995,243.397507,243.085007,243.250000,24278
2026-04-29 19:10:00+00:00,243.225006,243.588898,243.225006,243.350006,22381
2026-04-29 19:15:00+00:00,243.380005,243.500000,243.250000,243.404999,17377
2026-04-29 19:20:00+00:00,243.449997,243.610001,243.220001,243.220001,28605
2026-04-29 19:25:00+00:00,243.229996,243.339996,243.059998,243.330002,26000
2026-04-29 19:30:00+00:00,243.294998,243.440002,242.860107,243.009995,39622
2026-04-29 19:35:00+00:00,243.010193,243.100006,242.770004,242.845001,27254
2026-04-29 19:40:00+00:00,242.850006,243.080002,242.809998,242.929993,38857
2026-04-29 19:45:00+00:00,242.899994,243.149994,242.880005,243.134995,42566
2026-04-29 19:50:00+00:00,243.119995,243.529999,243.000000,243.289993,76676
2026-04-29 19:55:00+00:00,243.289993,243.550003,243.080002,243.500000,144809
2026-04-30 13:30:00+00:00,240.110001,240.160004,237.610001,238.899994,191674
2026-04-30 13:35:00+00:00,238.925003,240.979996,238.699997,239.860001,77489
2026-04-30 13:40:00+00:00,239.669998,240.625000,239.199997,240.029999,45753
2026-04-30 13:45:00+00:00,240.005005,240.279999,238.569000,238.690002,41669
2026-04-30 13:50:00+00:00,238.500000,238.630005,237.009995,237.386307,70171
2026-04-30 13:55:00+00:00,237.324997,238.500000,236.809998,236.809998,61721
2026-04-30 14:00:00+00:00,236.789993,237.740005,236.315002,237.570007,72107
2026-04-30 14:05:00+00:00,237.937698,238.440002,237.600006,237.949997,53063
2026-04-30 14:10:00+00:00,237.949997,238.919998,237.580002,238.710007,63645
2026-04-30 14:15:00+00:00,238.789993,240.000000,238.740005,239.949997,59081
2026-04-30 14:20:00+00:00,239.960007,240.000000,239.550003,239.899994,55132
2026-04-30 14:25:00+00:00,239.800003,240.199997,239.699997,239.705002,57473
2026-04-30 14:30:00+00:00,239.520004,240.859894,239.339996,240.859894,56076
2026-04-30 14:35:00+00:00,240.699997,241.919998,240.372498,241.904999,38973
2026-04-30 14:40:00+00:00,241.990005,242.190002,241.634995,241.860001,50905
2026-04-30 14:45:00+00:00,241.860001,242.985001,241.845001,242.914993,42318
2026-04-30 14:50:00+00:00,242.914993,243.190002,242.710007,242.860001,36406
2026-04-30 14:55:00+00:00,242.857895,243.179993,242.560104,242.975006,34006
2026-04-30 15:00:00+00:00,243.130005,243.235001,242.260101,242.539993,35655
2026-04-30 15:05:00+00:00,242.539993,242.699997,242.330002,242.490005,27694
2026-04-30 15:10:00+00:00,242.490005,242.860001,242.350006,242.649994,24980
2026-04-30 15:15:00+00:00,242.720001,243.337494,242.600006,243.300003,38604
2026-04-30 15:20:00+00:00,243.365005,243.559998,243.059998,243.300003,28512
2026-04-30 15:25:00+00:00,243.259995,243.259995,242.707993,242.779999,20335
2026-04-30 15:30:00+00:00,242.759995,242.850006,241.940002,241.970001,20344
2026-04-30 15:35:00+00:00,241.970001,242.429993,241.860001,241.994995,29360
2026-04-30 15:40:00+00:00,242.000000,242.399994,241.929993,242.330002,17712
2026-04-30 15:45:00+00:00,242.285004,243.390198,242.179993,243.330002,92995
2026-04-30 15:50:00+00:00,243.330002,243.949997,243.139999,243.600006,120755
2026-04-30 15:55:00+00:00,243.570007,243.850006,243.210007,243.210007,47164
2026-04-30 16:00:00+00:00,243.139999,243.529999,243.010101,243.470001,22825
2026-04-30 16:05:00+00:00,243.490005,243.559204,243.104996,243.139999,31676
2026-04-30 16:10:00+00:00,243.089996,243.179993,242.664993,242.664993,14198
2026-04-30 16:15:00+00:00,242.595001,242.729904,242.419998,242.539993,16922
2026-04-30 16:20:00+00:00,242.460007,242.460007,242.119995,242.134995,20725
2026-04-30 16:25:00+00:00,242.089996,242.210007,242.000000,242.089996,26970
2026-04-30 16:30:00+00:00,242.110001,242.110001,241.804993,241.949997,21744
2026-04-30 16:35:00+00:00,241.940002,242.045502,241.690094,241.789993,34214
2026-04-30 16:40:00+00:00,241.860001,241.979996,241.675003,241.945007,20623
2026-04-30 16:45:00+00:00,241.975998,242.353104,241.660004,242.324997,18749
2026-04-30 16:50:00+00:00,242.320007,242.320007,241.619995,241.660004,17846
2026-04-30 16:55:00+00:00,241.689896,241.689896,240.810104,240.897507,19445
2026-04-30 17:00:00+00:00,240.919998,241.509995,240.840103,241.339996,31315
2026-04-30 17:05:00+00:00,241.360001,241.479996,241.095200,241.339996,26765
2026-04-30 17:10:00+00:00,241.350006,241.820007,241.350006,241.714996,19079
2026-04-30 17:15:00+00:00,241.610001,241.860001,241.533997,241.735001,20291
2026-04-30 17:20:00+00:00,241.809998,242.130005,241.740005,242.009995,23991
2026-04-30 17:25:00+00:00,242.050003,242.309998,241.949997,242.270004,15413
2026-04-30 17:30:00+00:00,242.389999,242.699997,242.389999,242.570007,19118
2026-04-30 17:35:00+00:00,242.539993,242.539993,242.059998,242.070007,17506
2026-04-30 17:40:00+00:00,242.070007,242.320007,242.020996,242.190002,15291
2026-04-30 17:45:00+00:00,242.229996,242.229996,241.920700,241.996002,10239
2026-04-30 17:50:00+00:00,241.940002,242.130005,241.869995,242.020004,13722
2026-04-30 17:55:00+00:00,241.985001,242.250000,241.970001,242.130005,19531
2026-04-30 18:00:00+00:00,242.199997,242.509995,242.199997,242.500000,15004
2026-04-30 18:05:00+00:00,242.460007,242.669998,242.330002,242.615005,31360
2026-04-30 18:10:00+00:00,242.610001,243.669907,242.610001,243.669907,46781
2026-04-30 18:15:00+00:00,243.595001,243.949997,243.500000,243.600006,25712
2026-04-30 18:20:00+00:00,243.639999,243.910004,243.570007,243.610001,21237
2026-04-30 18:25:00+00:00,243.639999,244.080002,243.630005,243.804993,111157
2026-04-30 18:30:00+00:00,243.899994,244.059998,243.750000,243.869995,48015
2026-04-30 18:35:00+00:00,243.839996,244.239594,243.820007,244.080002,23234
2026-04-30 18:40:00+00:00,243.990005,244.300003,243.979996,244.289993,35555
2026-04-30 18:45:00+00:00,244.330002,244.500000,244.119995,244.440002,33683
2026-04-30 18:50:00+00:00,244.449997,244.524994,244.090103,244.169998,24039
2026-04-30 18:55:00+00:00,244.179993,244.335007,244.057098,244.139999,38251
2026-04-30 19:00:00+00:00,244.139999,244.389999,244.110001,244.240005,27792
2026-04-30 19:05:00+00:00,244.199997,244.300003,244.100006,244.149994,23215
2026-04-30 19:10:00+00:00,244.119995,244.570007,244.119995,244.500000,23557
2026-04-30 19:15:00+00:00,244.490005,244.919998,244.350006,244.919998,74828
2026-04-30 19:20:00+00:00,244.919998,245.179993,244.710007,245.175003,45104
2026-04-30 19:25:00+00:00,245.220001,246.498795,245.220001,246.270004,152171
2026-04-30 19:30:00+00:00,246.259995,246.679993,246.110001,246.154999,260188
2026-04-30 19:35:00+00:00,246.050003,246.229996,245.910004,246.199997,81529
2026-04-30 19:40:00+00:00,246.080002,246.330002,246.035004,246.199997,86575
2026-04-30 19:45:00+00:00,246.199997,246.199997,245.729996,245.880005,138312
2026-04-30 19:50:00+00:00,245.949997,246.440002,245.910004,246.169998,251359
2026-04-30 19:55:00+00:00,246.050003,246.369995,245.389999,246.050003,339350
2026-05-01 13:30:00+00:00,251.625000,253.559998,249.500000,249.735001,280908
2026-05-01 13:35:00+00:00,249.699997,250.949997,248.130005,248.250000,85487
2026-05-01 13:40:00+00:00,248.654999,249.800003,247.339996,247.914993,48642
2026-05-01 13:45:00+00:00,247.710007,248.720001,247.610001,247.889999,65393
2026-05-01 13:50:00+00:00,247.914993,248.240005,247.169998,247.529999,88234
2026-05-01 13:55:00+00:00,247.470001,247.669998,245.830002,246.029999,138618
2026-05-01 14:00:00+00:00,245.934998,247.250000,245.735001,246.479996,90807
2026-05-01 14:05:00+00:00,246.429993,246.440002,245.000000,245.460007,73495
2026-05-01 14:10:00+00:00,245.455002,246.419998,244.509995,245.250000,402055
2026-05-01 14:15:00+00:00,245.369995,245.500000,244.100006,245.250000,83178
2026-05-01 14:20:00+00:00,245.179993,245.669998,244.880005,245.119995,75167
2026-05-01 14:25:00+00:00,245.184998,245.770004,244.836197,245.589996,43228
2026-05-01 14:30:00+00:00,245.684998,246.824997,245.375000,246.824997,44378
2026-05-01 14:35:00+00:00,246.824997,246.869995,245.490005,245.914993,32813
2026-05-01 14:40:00+00:00,246.070007,246.110001,245.384903,245.570007,24420
2026-05-01 14:45:00+00:00,245.595001,246.199997,245.320007,246.000000,25469
2026-05-01 14:50:00+00:00,246.429993,246.550003,245.699997,246.119995,26624
2026-05-01 14:55:00+00:00,246.029999,246.789993,245.929993,246.740005,25365
2026-05-01 15:00:00+00:00,246.690002,246.710007,245.889999,246.350006,33230
2026-05-01 15:05:00+00:00,246.350006,246.629898,246.039993,246.589996,22489
2026-05-01 15:10:00+00:00,246.589996,248.119995,246.490005,248.039993,67889
2026-05-01 15:15:00+00:00,248.149994,248.429993,247.889999,248.009995,44490
2026-05-01 15:20:00+00:00,248.014999,248.529999,247.770004,248.389999,93680
2026-05-01 15:25:00+00:00,248.425003,248.990005,248.149994,248.990005,142444
2026-05-01 15:30:00+00:00,248.979996,249.190002,248.750000,248.787598,32344
2026-05-01 15:35:00+00:00,248.710098,249.059998,248.446396,248.720001,32639
2026-05-01 15:40:00+00:00,248.570007,249.084000,248.570007,248.990005,22923
2026-05-01 15:45:00+00:00,248.949997,249.979996,248.899994,249.836502,55914
2026-05-01 15:50:00+00:00,249.940002,250.050003,249.259995,249.404999,62503
2026-05-01 15:55:00+00:00,249.580002,249.804993,249.119995,249.145004,26398
2026-05-01 16:00:00+00:00,249.064407,249.889999,249.059998,249.500000,31760
2026-05-01 16:05:00+00:00,249.570007,250.410004,249.460007,250.289993,84877
2026-05-01 16:10:00+00:00,250.289993,250.429993,249.699997,249.785004,149221
2026-05-01 16:15:00+00:00,249.800003,250.039993,249.750000,250.039993,18526
2026-05-01 16:20:00+00:00,250.080002,250.479996,249.949997,250.130005,29042
2026-05-01 16:25:00+00:00,250.134995,250.990005,249.970001,250.889999,47160
2026-05-01 16:30:00+00:00,250.910004,251.178299,250.470001,250.794998,46590
2026-05-01 16:35:00+00:00,250.710007,250.839996,250.300003,250.729996,15555
2026-05-01 16:40:00+00:00,250.729996,250.918701,250.610001,250.639999,19476
2026-05-01 16:45:00+00:00,250.679993,250.684998,250.199997,250.520004,25442
2026-05-01 16:50:00+00:00,250.550003,250.634995,250.404999,250.419998,16269
2026-05-01 16:55:00+00:00,250.425003,250.710007,250.350006,250.602493,22560
2026-05-01 17:00:00+00:00,250.570007,250.720001,250.330002,250.600006,16979
2026-05-01 17:05:00+00:00,250.610001,250.774994,250.339996,250.500000,17731
2026-05-01 17:10:00+00:00,250.535004,250.740005,250.199997,250.589996,24727
2026-05-01 17:15:00+00:00,250.675003,250.970001,250.619995,250.940002,15469
2026-05-01 17:20:00+00:00,250.929993,251.164993,250.800003,251.130005,27039
2026-05-01 17:25:00+00:00,251.199997,251.289993,250.979996,251.119995,23601
2026-05-01 17:30:00+00:00,251.130005,251.334305,250.919998,250.919998,45871
2026-05-01 17:35:00+00:00,250.945007,250.960007,250.464005,250.720001,31935
2026-05-01 17:40:00+00:00,250.755096,250.839996,250.100006,250.160095,26127
2026-05-01 17:45:00+00:00,250.190002,250.679993,250.100098,250.679993,33103
2026-05-01 17:50:00+00:00,250.615005,250.809906,250.460007,250.524994,25789
2026-05-01 17:55:00+00:00,250.529999,251.110001,250.460007,250.759995,45735
2026-05-01 18:00:00+00:00,250.820007,251.119995,250.460007,250.479996,196816
2026-05-01 18:05:00+00:00,250.479996,250.630005,250.190094,250.414993,59848
2026-05-01 18:10:00+00:00,250.380005,250.550003,250.029999,250.119995,33078
2026-05-01 18:15:00+00:00,250.080002,250.229996,249.899994,250.044907,20368
2026-05-01 18:20:00+00:00,250.044998,250.210007,249.949997,249.977997,19242
2026-05-01 18:25:00+00:00,249.990005,250.380005,249.934998,250.339996,29363
2026-05-01 18:30:00+00:00,250.336700,250.440002,249.970001,250.190002,25280
2026-05-01 18:35:00+00:00,250.190002,250.375000,250.020004,250.309998,16701
2026-05-01 18:40:00+00:00,250.289993,250.440002,250.139999,250.385300,19905
2026-05-01 18:45:00+00:00,250.399994,250.809998,250.350006,250.789993,27068
2026-05-01 18:50:00+00:00,250.809998,250.809998,250.350006,250.419998,24500
2026-05-01 18:55:00+00:00,250.440002,250.440002,250.130005,250.149994,25366
2026-05-01 19:00:00+00:00,250.139999,250.360001,249.940002,250.035004,22425
2026-05-01 19:05:00+00:00,250.039993,250.309998,249.940002,250.190002,20840
2026-05-01 19:10:00+00:00,250.190002,250.589996,250.139999,250.559998,25576
2026-05-01 19:15:00+00:00,250.539993,250.660004,250.050003,250.050003,31971
2026-05-01 19:20:00+00:00,250.020004,250.205002,249.900101,250.050003,30744
2026-05-01 19:25:00+00:00,249.985001,250.600006,249.955002,250.509995,36219
2026-05-01 19:30:00+00:00,250.539993,250.710007,250.110001,250.425003,38374
2026-05-01 19:35:00+00:00,250.425003,250.869995,250.000000,250.860001,52272
2026-05-01 19:40:00+00:00,250.804993,251.119995,250.699997,251.119995,130909
2026-05-01 19:45:00+00:00,251.119995,251.220001,250.679993,251.000000,187728
2026-05-01 19:50:00+00:00,250.970001,251.160004,250.449997,250.479996,136802
2026-05-01 19:55:00+00:00,250.419998,250.830002,250.339996,250.750000,219226
2026-05-04 13:30:00+00:00,249.690002,251.449997,248.500000,249.369995,249573
2026-05-04 13:35:00+00:00,249.455002,250.460007,248.600006,248.639999,76698
2026-05-04 13:40:00+00:00,248.747406,248.929993,247.339996,248.604996,69739
2026-05-04 13:45:00+00:00,248.720001,250.770004,248.720001,250.410004,85256
2026-05-04 13:50:00+00:00,250.384995,250.710007,248.110001,249.259995,71189
2026-05-04 13:55:00+00:00,249.259995,249.308594,248.339996,248.339996,66043
2026-05-04 14:00:00+00:00,248.399994,249.004898,247.860001,248.925003,64307
2026-05-04 14:05:00+00:00,249.007507,250.660004,248.970001,249.955704,61382
2026-05-04 14:10:00+00:00,250.059998,251.449997,250.000000,251.354996,58681
2026-05-04 14:15:00+00:00,251.399994,253.360001,251.399994,253.360001,90517
2026-05-04 14:20:00+00:00,253.339996,254.443497,253.339996,254.410095,60836
2026-05-04 14:25:00+00:00,254.470001,255.819901,254.020004,255.729996,99991
2026-05-04 14:30:00+00:00,255.729996,255.880005,254.300003,254.449997,60735
2026-05-04 14:35:00+00:00,254.279999,254.690002,253.789993,253.830002,55049
2026-05-04 14:40:00+00:00,253.830002,253.860001,252.639999,252.994995,41598
2026-05-04 14:45:00+00:00,253.016495,254.554993,252.994995,254.550003,34285
2026-05-04 14:50:00+00:00,254.595001,254.847595,253.934998,253.934998,35015
2026-05-04 14:55:00+00:00,253.945007,254.020004,253.059998,253.160004,32221
2026-05-04 15:00:00+00:00,253.100006,254.210007,253.009995,253.580002,25967
2026-05-04 15:05:00+00:00,253.600006,254.020004,253.470001,253.759995,42230
2026-05-04 15:10:00+00:00,253.759995,254.550003,253.647995,254.509995,32926
2026-05-04 15:15:00+00:00,254.609894,254.660004,253.729996,253.869995,64272
2026-05-04 15:20:00+00:00,253.839996,254.300003,253.649994,253.970001,54677
2026-05-04 15:25:00+00:00,253.960007,254.289993,253.720001,253.720001,68329
2026-05-04 15:30:00+00:00,253.785004,253.880005,253.434998,253.547501,71219
2026-05-04 15:35:00+00:00,253.550003,254.500000,253.440002,254.110001,52603
2026-05-04 15:40:00+00:00,254.229996,254.229996,253.309998,253.759995,83582
2026-05-04 15:45:00+00:00,253.720001,253.914993,253.509995,253.600006,117523
2026-05-04 15:50:00+00:00,253.559998,254.389999,253.330002,253.610001,115767
2026-05-04 15:55:00+00:00,253.684998,254.029999,253.335007,253.884995,26513
2026-05-04 16:00:00+00:00,253.889999,254.198898,253.410095,253.424805,32125
2026-05-04 16:05:00+00:00,253.505005,253.580002,252.940002,253.272598,43375
2026-05-04 16:10:00+00:00,253.360001,253.910004,253.199997,253.839996,29406
2026-05-04 16:15:00+00:00,253.740005,254.119995,253.610107,254.080002,35807
2026-05-04 16:20:00+00:00,254.000000,254.539993,253.889999,253.970001,27097
2026-05-04 16:25:00+00:00,254.256500,254.299896,253.779999,253.839996,21630
2026-05-04 16:30:00+00:00,253.949905,254.160004,253.770004,254.119995,51354
2026-05-04 16:35:00+00:00,254.065002,254.184998,253.695007,253.695007,19687
2026-05-04 16:40:00+00:00,253.619995,253.910004,253.490005,253.529999,29034
2026-05-04 16:45:00+00:00,253.410004,253.699997,253.315308,253.600098,28732
2026-05-04 16:50:00+00:00,253.600006,253.899994,253.460007,253.539993,24765
2026-05-04 16:55:00+00:00,253.580002,253.744995,253.369995,253.690002,161003
2026-05-04 17:00:00+00:00,253.759995,253.919998,253.559998,253.860001,64267
2026-05-04 17:05:00+00:00,253.865005,254.119995,253.800003,253.960007,24955
2026-05-04 17:10:00+00:00,253.949997,254.485001,253.880005,254.419998,32089
2026-05-04 17:15:00+00:00,254.414993,255.229996,254.360001,255.029999,56412
2026-05-04 17:20:00+00:00,255.419998,255.710007,255.024994,255.509995,75620
2026-05-04 17:25:00+00:00,255.550003,255.550003,254.600006,254.669998,28641
2026-05-04 17:30:00+00:00,254.695007,254.960007,254.440002,254.619995,53733
2026-05-04 17:35:00+00:00,254.690002,254.925003,254.619995,254.865005,25571
2026-05-04 17:40:00+00:00,254.929993,255.000000,254.710007,254.860001,20914
2026-05-04 17:45:00+00:00,254.809998,255.110001,254.559998,254.559998,53250
2026-05-04 17:50:00+00:00,254.608002,254.619995,254.199997,254.279999,29018
2026-05-04 17:55:00+00:00,254.220001,254.419998,253.899994,254.000000,32869
2026-05-04 18:00:00+00:00,253.985001,254.580002,253.880997,254.479996,38758
2026-05-04 18:05:00+00:00,254.460007,255.169998,254.380005,254.839996,76767
2026-05-04 18:10:00+00:00,254.809998,255.179993,254.710007,254.710007,46922
2026-05-04 18:15:00+00:00,254.744995,254.869995,254.479996,254.800003,69019
2026-05-04 18:20:00+00:00,254.889999,255.039993,254.780106,254.869995,18459
2026-05-04 18:25:00+00:00,254.869995,255.199905,254.869995,255.139999,21488
2026-05-04 18:30:00+00:00,255.059998,255.125000,254.759995,254.979996,32083
2026-05-04 18:35:00+00:00,254.955002,254.955002,254.690002,254.720001,32967
2026-05-04 18:40:00+00:00,254.740005,255.050003,254.740005,255.009995,58924
2026-05-04 18:45:00+00:00,254.949997,255.100006,254.830002,254.929993,45214
2026-05-04 18:50:00+00:00,255.029999,255.119995,254.000000,254.000000,119608
2026-05-04 18:55:00+00:00,254.059998,254.259995,253.970001,254.000000,95881
2026-05-04 19:00:00+00:00,254.020004,254.100006,252.960007,252.960007,86828
2026-05-04 19:05:00+00:00,252.964996,253.850006,252.505295,253.449997,56797
2026-05-04 19:10:00+00:00,253.250000,253.889893,253.020004,253.764999,38211
2026-05-04 19:15:00+00:00,253.729996,254.009995,253.559998,253.790100,54886
2026-05-04 19:20:00+00:00,253.835007,253.925003,253.750000,253.804993,51319
2026-05-04 19:25:00+00:00,253.914993,254.279999,253.914993,254.279999,30856
2026-05-04 19:30:00+00:00,254.279999,254.509995,254.220001,254.300003,55452
2026-05-04 19:35:00+00:00,254.259995,254.440002,254.139999,254.330002,104931
2026-05-04 19:40:00+00:00,254.330002,254.330002,253.809998,254.125000,153048
2026-05-04 19:45:00+00:00,254.080002,254.300003,253.350006,253.350006,138732
2026-05-04 19:50:00+00:00,253.330002,253.850006,252.940002,253.210007,160238
2026-05-04 19:55:00+00:00,253.250000,254.179993,253.235001,254.020004,304591
2026-05-05 13:30:00+00:00,254.000000,254.229996,250.313904,251.225006,184881
2026-05-05 13:35:00+00:00,251.220001,253.089996,249.190002,249.434998,82316
2026-05-05 13:40:00+00:00,249.434998,250.899994,248.500000,248.850006,109673
2026-05-05 13:45:00+00:00,248.759995,252.000000,248.759995,250.615005,60591
2026-05-05 13:50:00+00:00,250.470001,250.759903,249.074707,249.720001,61433
2026-05-05 13:55:00+00:00,249.690002,250.259995,249.350006,249.570007,59149
2026-05-05 14:00:00+00:00,249.399994,250.309998,248.679993,250.190002,47416
2026-05-05 14:05:00+00:00,250.199997,251.000000,250.199997,250.255005,35170
2026-05-05 14:10:00+00:00,250.286606,251.210007,250.210007,251.029999,28870
2026-05-05 14:15:00+00:00,251.035004,251.789993,250.850006,251.600006,49691
2026-05-05 14:20:00+00:00,251.800003,252.089996,251.289993,252.089996,35718
2026-05-05 14:25:00+00:00,251.900101,252.289993,251.139999,251.399994,38033
2026-05-05 14:30:00+00:00,251.289993,251.690002,250.975006,251.690002,49694
2026-05-05 14:35:00+00:00,251.524994,252.000000,251.029999,251.720001,56182
2026-05-05 14:40:00+00:00,251.770004,251.899994,251.199997,251.589996,31447
2026-05-05 14:45:00+00:00,251.755005,253.000000,251.410004,252.940002,45721
2026-05-05 14:50:00+00:00,252.899994,253.749893,252.660004,253.494995,37826
2026-05-05 14:55:00+00:00,253.494995,254.250000,253.494995,254.250000,34974
2026-05-05 15:00:00+00:00,254.190002,255.509995,254.050003,255.500000,50020
2026-05-05 15:05:00+00:00,255.449997,255.910004,255.309998,255.524994,63053
2026-05-05 15:10:00+00:00,255.529999,255.789993,254.700104,254.955002,24118
2026-05-05 15:15:00+00:00,254.929993,255.210007,254.380005,254.514999,27933
2026-05-05 15:20:00+00:00,254.595001,254.690002,254.304993,254.684998,34851
2026-05-05 15:25:00+00:00,254.684998,255.500000,254.600006,255.274200,43925
2026-05-05 15:30:00+00:00,255.360001,255.500000,254.679993,254.850006,39889
2026-05-05 15:35:00+00:00,254.785004,254.785004,254.413300,254.669998,32486
2026-05-05 15:40:00+00:00,254.669998,254.690002,254.300003,254.300003,32705
2026-05-05 15:45:00+00:00,254.365005,254.365005,253.684601,253.824997,29332
2026-05-05 15:50:00+00:00,253.809998,253.970001,253.585693,253.585693,22732
2026-05-05 15:55:00+00:00,253.559998,253.889999,253.399994,253.565002,17184
2026-05-05 16:00:00+00:00,253.507401,253.770004,253.330002,253.369995,20439
2026-05-05 16:05:00+00:00,253.395004,253.470001,253.139999,253.270004,26853
2026-05-05 16:10:00+00:00,253.270004,253.479996,253.100006,253.100006,17214
2026-05-05 16:15:00+00:00,253.000000,253.169998,252.854996,253.100006,17643
2026-05-05 16:20:00+00:00,253.115005,253.529999,253.115005,253.490005,10084
2026-05-05 16:25:00+00:00,253.570007,254.175003,253.570007,253.669998,24394
2026-05-05 16:30:00+00:00,253.720001,253.809998,252.945007,252.945007,21219
2026-05-05 16:35:00+00:00,252.860001,253.319901,252.759995,253.244995,20031
2026-05-05 16:40:00+00:00,253.244995,253.630005,253.190002,253.360001,14779
2026-05-05 16:45:00+00:00,253.369995,253.449997,253.070007,253.100006,11594
2026-05-05 16:50:00+00:00,253.100006,253.500000,253.039993,253.369995,20263
2026-05-05 16:55:00+00:00,253.240005,253.529999,253.140106,253.475006,22168
2026-05-05 17:00:00+00:00,253.529999,253.860001,253.449997,253.610001,26080
2026-05-05 17:05:00+00:00,253.550003,253.729004,253.399994,253.559998,20057
2026-05-05 17:10:00+00:00,253.450104,254.335007,253.450104,254.335007,24133
2026-05-05 17:15:00+00:00,254.320007,254.500000,254.101898,254.300003,27072
2026-05-05 17:20:00+00:00,254.199997,254.729996,254.199997,254.559998,18387
2026-05-05 17:25:00+00:00,254.550003,254.669998,254.380005,254.479996,25414
2026-05-05 17:30:00+00:00,254.490005,254.580002,254.289993,254.479996,28629
2026-05-05 17:35:00+00:00,254.479996,254.570007,254.330002,254.375000,26043
2026-05-05 17:40:00+00:00,254.360001,254.649994,254.320007,254.639999,17919
2026-05-05 17:45:00+00:00,254.696594,254.729996,254.520004,254.600006,16694
2026-05-05 17:50:00+00:00,254.660004,255.059998,254.610001,254.895004,37496
2026-05-05 17:55:00+00:00,254.940002,255.070007,254.480606,254.544998,23289
2026-05-05 18:00:00+00:00,254.600006,254.830002,254.520004,254.574997,18813
2026-05-05 18:05:00+00:00,254.550003,254.899994,254.330002,254.729996,18322
2026-05-05 18:10:00+00:00,254.735001,255.139999,254.600006,255.130005,14016
2026-05-05 18:15:00+00:00,255.070099,255.270004,254.785004,254.804993,16126
2026-05-05 18:20:00+00:00,254.800003,254.990005,254.740005,254.948105,13085
2026-05-05 18:25:00+00:00,254.919998,255.080002,254.889999,255.035004,13111
2026-05-05 18:30:00+00:00,254.979996,255.029999,254.619995,254.619995,18152
2026-05-05 18:35:00+00:00,254.600006,254.729996,254.455002,254.660004,18145
2026-05-05 18:40:00+00:00,254.679993,255.149994,254.630005,255.145004,20982
2026-05-05 18:45:00+00:00,255.279999,255.550003,255.160004,255.490005,28244
2026-05-05 18:50:00+00:00,255.539993,255.714996,255.169998,255.649994,29873
2026-05-05 18:55:00+00:00,255.639999,255.735001,255.529999,255.634995,20935
2026-05-05 19:00:00+00:00,255.669998,255.820007,255.501007,255.789993,23090
2026-05-05 19:05:00+00:00,255.759995,255.988998,255.568405,255.615005,27762
2026-05-05 19:10:00+00:00,255.570007,256.119995,255.520004,255.850006,39260
2026-05-05 19:15:00+00:00,255.839996,256.089996,255.800003,256.019989,29608
2026-05-05 19:20:00+00:00,256.000000,256.420013,256.000000,256.309998,39116
2026-05-05 19:25:00+00:00,256.309998,256.619202,256.230011,256.230011,60552
2026-05-05 19:30:00+00:00,256.234985,256.339996,255.673492,255.684998,55137
2026-05-05 19:35:00+00:00,255.684998,255.869995,255.535004,255.845001,36114
2026-05-05 19:40:00+00:00,255.899994,255.899994,255.500000,255.559998,36946
2026-05-05 19:45:00+00:00,255.524994,255.899994,255.520004,255.835007,48165
2026-05-05 19:50:00+00:00,255.759995,255.869904,255.410004,255.750000,65529
2026-05-05 19:55:00+00:00,255.669998,255.800003,255.029999,255.610001,198334
2026-05-06 13:30:00+00:00,252.020004,253.899994,250.220001,250.759995,254886
2026-05-06 13:35:00+00:00,250.695007,251.589996,249.500000,249.679993,120265
2026-05-06 13:40:00+00:00,249.589706,250.169998,248.842499,250.149994,78643
2026-05-06 13:45:00+00:00,250.000107,251.000000,248.810104,250.839996,81189
2026-05-06 13:50:00+00:00,250.970001,251.668503,249.919998,250.070007,69385
2026-05-06 13:55:00+00:00,249.839996,250.179993,248.320007,248.710007,51892
2026-05-06 14:00:00+00:00,248.714996,249.449997,248.279999,249.259995,58901
2026-05-06 14:05:00+00:00,249.429993,250.410004,249.255005,250.360001,63302
2026-05-06 14:10:00+00:00,250.500000,252.350006,250.490005,251.600006,61211
2026-05-06 14:15:00+00:00,251.460007,252.259995,251.279999,252.259995,35743
2026-05-06 14:20:00+00:00,252.229996,253.199997,252.000000,253.160004,36474
2026-05-06 14:25:00+00:00,252.949997,253.889999,252.520004,253.600006,68620
2026-05-06 14:30:00+00:00,253.800003,254.399994,253.149994,253.380005,51994
2026-05-06 14:35:00+00:00,253.309998,253.779999,252.809998,252.929993,28749
2026-05-06 14:40:00+00:00,252.809998,253.039993,252.080002,252.164993,34194
2026-05-06 14:45:00+00:00,252.100006,252.169998,251.250000,251.505005,56655
2026-05-06 14:50:00+00:00,251.440002,252.169998,251.270004,251.445007,38029
2026-05-06 14:55:00+00:00,251.429993,251.710007,251.339996,251.679993,46175
2026-05-06 15:00:00+00:00,251.669998,251.779999,251.309998,251.414993,29244
2026-05-06 15:05:00+00:00,251.479996,252.389999,251.440002,252.389999,44665
2026-05-06 15:10:00+00:00,252.324997,252.429993,251.850006,251.850006,28027
2026-05-06 15:15:00+00:00,252.020004,252.360001,251.399994,251.494995,24184
2026-05-06 15:20:00+00:00,251.214996,251.559998,250.488007,251.080002,54874
2026-05-06 15:25:00+00:00,251.000000,251.149994,250.820007,250.839996,26811
2026-05-06 15:30:00+00:00,250.929993,251.820007,250.929993,251.649994,25938
2026-05-06 15:35:00+00:00,251.770004,252.300003,251.619995,252.005005,21395
2026-05-06 15:40:00+00:00,251.919998,252.490005,251.800003,251.872498,19284
2026-05-06 15:45:00+00:00,251.824997,252.789993,251.824997,252.539993,27042
2026-05-06 15:50:00+00:00,252.509995,252.639999,251.949997,252.020004,17367
2026-05-06 15:55:00+00:00,251.929993,252.259995,251.639999,251.964996,40400
2026-05-06 16:00:00+00:00,251.964996,251.970001,250.860001,251.020004,22641
2026-05-06 16:05:00+00:00,250.960007,251.820007,250.960007,251.669998,27696
2026-05-06 16:10:00+00:00,251.669998,251.799896,251.449997,251.559998,21604
2026-05-06 16:15:00+00:00,251.550003,251.910004,251.490005,251.910004,18073
2026-05-06 16:20:00+00:00,251.839996,251.949997,251.550003,251.550003,17021
2026-05-06 16:25:00+00:00,251.529999,252.240005,251.389999,252.139999,22781
2026-05-06 16:30:00+00:00,252.139999,252.289993,251.590103,251.789993,21573
2026-05-06 16:35:00+00:00,251.779999,251.848999,251.289993,251.535004,19196
2026-05-06 16:40:00+00:00,251.460007,251.619995,251.390106,251.529999,17601
2026-05-06 16:45:00+00:00,251.580002,252.309998,251.470001,252.104996,26881
2026-05-06 16:50:00+00:00,252.240005,252.419998,251.669998,251.690002,38980
2026-05-06 16:55:00+00:00,251.475006,251.850006,251.380005,251.380005,20357
2026-05-06 17:00:00+00:00,251.629898,251.629898,251.220001,251.345001,13611
2026-05-06 17:05:00+00:00,251.380005,251.460007,251.095001,251.419998,14628
2026-05-06 17:10:00+00:00,251.440002,251.809998,251.199997,251.509995,13950
2026-05-06 17:15:00+00:00,251.509995,251.639999,251.039993,251.226807,16472
2026-05-06 17:20:00+00:00,251.130005,251.440002,251.039993,251.429993,15267
2026-05-06 17:25:00+00:00,251.330002,251.529999,251.149994,251.429993,10814
2026-05-06 17:30:00+00:00,251.399994,251.600006,251.320007,251.585007,11319
2026-05-06 17:35:00+00:00,251.600006,251.600006,251.059998,251.100006,10474
2026-05-06 17:40:00+00:00,251.119995,251.675003,251.039993,251.529999,16799
2026-05-06 17:45:00+00:00,251.440002,251.759995,251.390106,251.699997,10936
2026-05-06 17:50:00+00:00,251.699997,251.740005,251.125000,251.125000,9831
2026-05-06 17:55:00+00:00,251.229996,251.339996,250.800003,250.850006,17105
2026-05-06 18:00:00+00:00,250.850006,251.079895,250.429993,250.585007,23000
2026-05-06 18:05:00+00:00,250.585007,250.979996,250.580002,250.710007,18334
2026-05-06 18:10:00+00:00,250.750000,250.789993,250.500000,250.770004,25901
2026-05-06 18:15:00+00:00,250.746201,250.878998,250.649994,250.743805,29852
2026-05-06 18:20:00+00:00,250.779999,251.460007,250.750000,251.339005,25800
2026-05-06 18:25:00+00:00,251.336700,251.419998,251.210007,251.300003,23616
2026-05-06 18:30:00+00:00,251.179993,251.210007,250.565002,250.565002,13657
2026-05-06 18:35:00+00:00,250.509995,251.035004,250.509995,251.035004,24380
2026-05-06 18:40:00+00:00,250.889999,250.960007,250.032501,250.032501,21347
2026-05-06 18:45:00+00:00,250.190002,250.567505,250.100006,250.190002,24201
2026-05-06 18:50:00+00:00,250.160004,250.669907,250.100006,250.380005,26376
2026-05-06 18:55:00+00:00,250.395004,250.500000,249.630005,249.850006,27867
2026-05-06 19:00:00+00:00,249.839996,250.000000,249.589996,249.669998,30495
2026-05-06 19:05:00+00:00,249.639999,249.809906,249.539993,249.619995,28203
2026-05-06 19:10:00+00:00,249.630005,250.279907,249.550003,250.190002,31581
2026-05-06 19:15:00+00:00,250.184998,250.660004,249.990005,250.350006,34194
2026-05-06 19:20:00+00:00,250.339996,250.550003,250.235001,250.240005,26065
2026-05-06 19:25:00+00:00,250.279999,250.300003,249.500000,249.869995,49745
2026-05-06 19:30:00+00:00,249.875000,249.875000,249.376297,249.737503,26364
2026-05-06 19:35:00+00:00,249.729996,250.179993,249.690002,250.115005,29937
2026-05-06 19:40:00+00:00,250.115005,250.369995,249.699997,250.330002,44318
2026-05-06 19:45:00+00:00,249.899994,250.335007,249.539993,249.550095,60768
2026-05-06 19:50:00+00:00,249.550003,250.669998,249.550003,250.384995,77141
2026-05-06 19:55:00+00:00,250.369995,250.369995,249.889999,250.139999,327920
2026-05-07 13:30:00+00:00,252.880005,255.809998,252.880005,255.225006,318044
2026-05-07 13:35:00+00:00,255.439896,255.669998,253.779297,254.360001,90907
2026-05-07 13:40:00+00:00,254.399994,257.769989,254.375000,257.559998,140005
2026-05-07 13:45:00+00:00,257.559998,258.250000,255.850006,257.809998,159207
2026-05-07 13:50:00+00:00,257.899994,258.089996,256.101593,256.750000,56142
2026-05-07 13:55:00+00:00,256.739990,257.670013,256.156403,256.787506,59072
2026-05-07 14:00:00+00:00,256.420013,256.990997,255.899994,256.385010,54643
2026-05-07 14:05:00+00:00,256.470001,258.000000,256.390015,257.350006,70613
2026-05-07 14:10:00+00:00,257.290009,258.149902,257.135193,258.059998,47046
2026-05-07 14:15:00+00:00,258.059998,258.109985,256.649994,257.290009,73804
2026-05-07 14:20:00+00:00,257.230011,257.234985,255.380005,255.494995,48946
2026-05-07 14:25:00+00:00,255.380005,256.589996,255.089996,256.415009,45303
2026-05-07 14:30:00+00:00,256.470001,256.470001,255.850006,256.274994,23617
2026-05-07 14:35:00+00:00,256.399994,256.570007,255.789993,256.570007,21363
2026-05-07 14:40:00+00:00,256.519989,256.849915,256.239990,256.790009,39809
2026-05-07 14:45:00+00:00,256.799896,257.450012,256.589996,257.420013,29432
2026-05-07 14:50:00+00:00,257.442596,258.239990,257.239990,257.450012,74443
2026-05-07 14:55:00+00:00,257.480011,258.000000,257.059998,257.440002,41691
2026-05-07 15:00:00+00:00,257.519989,257.950012,256.963196,257.950012,37770
2026-05-07 15:05:00+00:00,257.880005,258.929993,257.820007,258.500000,96845
2026-05-07 15:10:00+00:00,258.500000,258.899994,258.350006,258.875000,86852
2026-05-07 15:15:00+00:00,258.899994,259.399994,258.769989,259.250000,68098
2026-05-07 15:20:00+00:00,259.309998,259.429993,258.678009,259.000000,71157
2026-05-07 15:25:00+00:00,258.975494,259.015015,257.829987,258.290009,101137
2026-05-07 15:30:00+00:00,258.250000,258.885010,257.880005,258.769989,29561
2026-05-07 15:35:00+00:00,258.700012,258.779999,258.309998,258.380005,29019
2026-05-07 15:40:00+00:00,258.380005,258.920013,258.380005,258.859985,32896
2026-05-07 15:45:00+00:00,258.890015,258.890015,258.260010,258.600006,25965
2026-05-07 15:50:00+00:00,258.559998,259.059998,258.559998,258.989990,34199
2026-05-07 15:55:00+00:00,259.000000,259.399994,258.230011,258.404999,37001
2026-05-07 16:00:00+00:00,258.404999,258.420013,257.809998,257.924988,37560
2026-05-07 16:05:00+00:00,257.915009,258.359985,257.489990,257.959991,51929
2026-05-07 16:10:00+00:00,258.019989,258.200012,257.676605,258.171997,30480
2026-05-07 16:15:00+00:00,258.122498,258.279999,257.644989,257.834991,50328
2026-05-07 16:20:00+00:00,257.864990,258.500000,257.390015,258.373688,34227
2026-05-07 16:25:00+00:00,258.179993,258.399994,257.959991,258.399994,21714
2026-05-07 16:30:00+00:00,258.309998,258.309998,257.690002,257.934998,22763
2026-05-07 16:35:00+00:00,257.980499,258.449890,257.890015,258.179993,18676
2026-05-07 16:40:00+00:00,258.130005,258.299988,257.440002,257.690002,23458
2026-05-07 16:45:00+00:00,257.630005,257.639893,257.200012,257.200012,22239
2026-05-07 16:50:00+00:00,257.250000,257.549988,256.829895,256.890015,32202
2026-05-07 16:55:00+00:00,256.809998,256.890015,256.309998,256.519989,20243
2026-05-07 17:00:00+00:00,256.589996,257.000000,256.450012,256.839996,24301
2026-05-07 17:05:00+00:00,256.739990,257.130005,256.710114,256.989990,23494
2026-05-07 17:10:00+00:00,257.109985,257.549988,257.109985,257.549988,29157
2026-05-07 17:15:00+00:00,257.475006,257.609985,257.179993,257.179993,25314
2026-05-07 17:20:00+00:00,257.179993,257.200012,256.299988,256.660004,26061
2026-05-07 17:25:00+00:00,256.570099,256.760010,256.109985,256.145996,33084
2026-05-07 17:30:00+00:00,256.225006,256.299988,255.858002,256.070007,19309
2026-05-07 17:35:00+00:00,256.084991,256.239990,255.740005,256.035004,23735
2026-05-07 17:40:00+00:00,256.035004,256.369995,255.815002,255.815002,23626
2026-05-07 17:45:00+00:00,255.884995,256.410004,255.854996,256.070007,18372
2026-05-07 17:50:00+00:00,256.144989,256.619995,256.079987,256.464996,22838
2026-05-07 17:55:00+00:00,256.459991,257.160004,256.320007,257.160004,20755
2026-05-07 18:00:00+00:00,257.070007,257.100006,256.380005,256.750000,20860
2026-05-07 18:05:00+00:00,256.750000,256.809998,256.399994,256.614990,20339
2026-05-07 18:10:00+00:00,256.619995,257.059998,256.329987,256.709991,45278
2026-05-07 18:15:00+00:00,256.730011,257.049988,256.470001,256.605011,14425
2026-05-07 18:20:00+00:00,256.605011,256.980011,256.360107,256.589996,15601
2026-05-07 18:25:00+00:00,256.575012,257.250000,256.575012,257.059998,23727
2026-05-07 18:30:00+00:00,257.019989,257.320007,256.952393,257.163696,15076
2026-05-07 18:35:00+00:00,257.165009,257.420013,257.144989,257.399994,26557
2026-05-07 18:40:00+00:00,257.417389,257.429901,256.720001,256.720001,21350
2026-05-07 18:45:00+00:00,256.720093,257.079987,256.549988,256.619995,16127
2026-05-07 18:50:00+00:00,256.584106,256.839996,256.480011,256.730011,24548
2026-05-07 18:55:00+00:00,256.769989,257.170013,256.549988,257.160004,34156
2026-05-07 19:00:00+00:00,257.109985,257.220001,256.912506,257.059998,19993
2026-05-07 19:05:00+00:00,257.049988,257.059998,256.609985,256.619995,24562
2026-05-07 19:10:00+00:00,256.674988,256.809998,255.940002,255.940002,28027
2026-05-07 19:15:00+00:00,255.929993,256.089996,255.580002,255.634995,34574
2026-05-07 19:20:00+00:00,255.679993,256.308014,255.570007,256.308014,36048
2026-05-07 19:25:00+00:00,256.260010,256.609985,256.160004,256.470001,35730
2026-05-07 19:30:00+00:00,256.450012,256.629913,256.329987,256.459991,33777
2026-05-07 19:35:00+00:00,256.470001,256.765015,256.299988,256.665009,31483
2026-05-07 19:40:00+00:00,256.600006,256.618500,255.949997,256.000000,48056
2026-05-07 19:45:00+00:00,255.990005,256.109985,255.570007,255.774994,44643
2026-05-07 19:50:00+00:00,255.830002,256.029999,255.380005,255.884995,112168
2026-05-07 19:55:00+00:00,255.899994,256.519989,255.850006,256.510010,199008
2026-05-08 13:30:00+00:00,253.250000,253.270004,250.199997,250.330002,298148
2026-05-08 13:35:00+00:00,250.289993,251.089996,247.520004,247.610107,160853
2026-05-08 13:40:00+00:00,247.939896,248.979904,247.149994,247.149994,152721
2026-05-08 13:45:00+00:00,247.550003,248.860001,247.550003,248.429993,114645
2026-05-08 13:50:00+00:00,248.447998,248.619995,246.270004,246.375000,103828
2026-05-08 13:55:00+00:00,246.375000,247.169907,246.100006,246.539993,83618
2026-05-08 14:00:00+00:00,246.559998,248.429993,246.539993,247.729996,102256
2026-05-08 14:05:00+00:00,247.490005,248.699905,247.490005,248.500000,66474
2026-05-08 14:10:00+00:00,248.500000,249.119995,248.339996,248.639008,51500
2026-05-08 14:15:00+00:00,248.570007,249.490005,248.389999,249.192001,62689
2026-05-08 14:20:00+00:00,249.345001,250.000000,249.198105,249.589996,45552
2026-05-08 14:25:00+00:00,249.589905,249.850006,248.899994,249.750000,32718
2026-05-08 14:30:00+00:00,249.710007,249.710007,249.100006,249.320007,41201
2026-05-08 14:35:00+00:00,249.570007,249.960007,249.449997,249.656403,28805
2026-05-08 14:40:00+00:00,249.550003,249.804993,249.303207,249.742706,26779
2026-05-08 14:45:00+00:00,249.750000,249.809998,248.660095,249.089905,25527
2026-05-08 14:50:00+00:00,248.975006,249.289993,248.830002,248.994995,20725
2026-05-08 14:55:00+00:00,249.000000,249.360001,248.699997,248.789993,24396
2026-05-08 15:00:00+00:00,248.729996,249.570007,248.710007,249.520004,23643
2026-05-08 15:05:00+00:00,249.380005,249.800003,248.979996,249.679993,31822
2026-05-08 15:10:00+00:00,249.679993,250.369904,249.679993,250.300003,36260
2026-05-08 15:15:00+00:00,250.309998,250.500000,250.139999,250.410004,32011
2026-05-08 15:20:00+00:00,250.360001,250.489807,249.945007,250.125107,20736
2026-05-08 15:25:00+00:00,250.179993,250.850006,250.154999,250.850006,26427
2026-05-08 15:30:00+00:00,250.839996,251.000000,250.399994,250.539993,38108
2026-05-08 15:35:00+00:00,250.524994,250.860001,250.419998,250.641602,20408
2026-05-08 15:40:00+00:00,250.630005,250.772797,250.412003,250.514999,18159
2026-05-08 15:45:00+00:00,250.565002,250.979996,250.460007,250.940002,15036
2026-05-08 15:50:00+00:00,250.970001,251.010605,250.445007,250.610001,18494
2026-05-08 15:55:00+00:00,250.699997,250.699997,250.190002,250.570007,28290
2026-05-08 16:00:00+00:00,250.500000,250.598297,250.200104,250.270004,26120
2026-05-08 16:05:00+00:00,250.320007,250.800003,250.210007,250.800003,21974
2026-05-08 16:10:00+00:00,250.869598,251.419998,250.770004,251.322495,20704
2026-05-08 16:15:00+00:00,251.399994,251.505997,251.057999,251.080002,23715
2026-05-08 16:20:00+00:00,251.020004,251.158798,250.930099,251.100006,16884
2026-05-08 16:25:00+00:00,250.994995,251.380005,250.725006,251.205002,21613
2026-05-08 16:30:00+00:00,251.279999,251.370499,250.914993,251.050003,18403
2026-05-08 16:35:00+00:00,251.024994,251.610001,250.919998,251.240005,17302
2026-05-08 16:40:00+00:00,251.270004,251.630005,251.175003,251.449997,20739
2026-05-08 16:45:00+00:00,251.509995,252.285004,251.470001,252.059998,24108
2026-05-08 16:50:00+00:00,252.029999,252.139999,251.720001,251.929993,23606
2026-05-08 16:55:00+00:00,251.949997,252.160004,251.750000,252.000107,22021
2026-05-08 17:00:00+00:00,252.000000,252.149994,251.640106,251.800003,22511
2026-05-08 17:05:00+00:00,251.804993,252.649994,251.750000,252.500000,27712
2026-05-08 17:10:00+00:00,252.449997,252.649994,252.419998,252.514999,19689
2026-05-08 17:15:00+00:00,252.514999,252.880005,252.489502,252.880005,28304
2026-05-08 17:20:00+00:00,252.914993,252.979996,252.130005,252.270004,32287
2026-05-08 17:25:00+00:00,252.255005,252.739594,252.119995,252.509995,17045
2026-05-08 17:30:00+00:00,252.520004,252.705002,252.509995,252.679993,16675
2026-05-08 17:35:00+00:00,252.690002,252.759995,252.429993,252.509903,13866
2026-05-08 17:40:00+00:00,252.460007,252.529999,251.970001,251.970001,15004
2026-05-08 17:45:00+00:00,252.033905,252.089996,251.880096,251.940002,10545
2026-05-08 17:50:00+00:00,252.009995,252.179993,251.889999,251.914993,18322
2026-05-08 17:55:00+00:00,251.975006,252.190002,251.744995,251.789993,30094
2026-05-08 18:00:00+00:00,251.779999,252.699997,251.699997,252.199997,24921
2026-05-08 18:05:00+00:00,252.205002,252.360001,252.009995,252.139999,42261
2026-05-08 18:10:00+00:00,252.190002,252.309006,251.997498,252.020004,16261
2026-05-08 18:15:00+00:00,252.020004,252.365005,251.800095,252.285004,18062
2026-05-08 18:20:00+00:00,252.289993,252.322006,251.940002,251.940002,10787
2026-05-08 18:25:00+00:00,251.940002,252.220001,251.860001,252.145004,40015
2026-05-08 18:30:00+00:00,252.050095,252.169998,251.750107,251.895004,16319
2026-05-08 18:35:00+00:00,251.914993,251.949997,251.699997,251.889999,13739
2026-05-08 18:40:00+00:00,251.824997,252.050003,251.410095,251.410095,14541
2026-05-08 18:45:00+00:00,251.410095,252.119995,251.410095,251.720001,20647
2026-05-08 18:50:00+00:00,251.725006,251.940002,251.350006,251.429993,18583
2026-05-08 18:55:00+00:00,251.350006,251.649994,251.149994,251.339996,35154
2026-05-08 19:00:00+00:00,251.544495,252.320007,251.544495,252.020004,57695
2026-05-08 19:05:00+00:00,252.199997,252.299896,251.800003,252.100006,30538
2026-05-08 19:10:00+00:00,252.289993,252.300003,251.979996,252.190002,21441
2026-05-08 19:15:00+00:00,252.220001,252.529999,252.029999,252.520004,25312
2026-05-08 19:20:00+00:00,252.485001,252.979996,252.410004,252.910004,24880
2026-05-08 19:25:00+00:00,252.820007,253.190002,252.809998,253.039993,37238
2026-05-08 19:30:00+00:00,252.977997,253.009995,252.789993,252.899994,33971
2026-05-08 19:35:00+00:00,252.860001,252.929993,252.545502,252.634995,32956
2026-05-08 19:40:00+00:00,252.639999,252.750000,252.264999,252.710007,38580
2026-05-08 19:45:00+00:00,252.710007,252.910004,252.585007,252.910004,41281
2026-05-08 19:50:00+00:00,252.919998,253.369995,252.700897,252.929993,70040
2026-05-08 19:55:00+00:00,252.940002,253.240005,252.600006,253.100006,214804
2026-05-11 13:30:00+00:00,250.529999,254.679993,250.529999,254.240005,217690
2026-05-11 13:35:00+00:00,254.210007,255.410004,253.369995,253.529999,60439
2026-05-11 13:40:00+00:00,253.524994,254.349503,251.919998,252.990005,61876
2026-05-11 13:45:00+00:00,253.020004,254.000000,251.220001,251.940002,46032
2026-05-11 13:50:00+00:00,251.809998,251.985001,250.500000,251.089600,44686
2026-05-11 13:55:00+00:00,251.020004,251.199997,250.020004,250.240005,36951
2026-05-11 14:00:00+00:00,250.279999,250.539993,249.699997,250.039993,52217
2026-05-11 14:05:00+00:00,249.919998,251.345001,249.860001,251.100006,38886
2026-05-11 14:10:00+00:00,251.030106,251.240005,250.259995,250.479996,31305
2026-05-11 14:15:00+00:00,250.660004,251.139893,250.000000,250.009995,34520
2026-05-11 14:20:00+00:00,250.000000,250.309998,249.350006,250.050003,42039
2026-05-11 14:25:00+00:00,250.059998,250.489899,249.649994,250.000000,32045
2026-05-11 14:30:00+00:00,250.149994,250.149994,249.000000,249.010101,41439
2026-05-11 14:35:00+00:00,249.130005,249.149994,248.470093,248.949997,43806
2026-05-11 14:40:00+00:00,248.860001,249.206406,248.310104,248.552094,33686
2026-05-11 14:45:00+00:00,248.514999,248.679993,248.000000,248.324997,25867
2026-05-11 14:50:00+00:00,248.350006,248.414398,247.330002,247.460007,42505
2026-05-11 14:55:00+00:00,247.520004,247.669998,247.260101,247.654999,27122
2026-05-11 15:00:00+00:00,247.660004,247.720001,246.800003,246.899994,41448
2026-05-11 15:05:00+00:00,246.895004,247.629898,246.479996,247.149994,91941
2026-05-11 15:10:00+00:00,247.009995,247.639999,246.899994,247.380005,31683
2026-05-11 15:15:00+00:00,247.309998,248.065002,247.270004,247.600006,24594
2026-05-11 15:20:00+00:00,247.639999,247.772003,247.300003,247.380005,18816
2026-05-11 15:25:00+00:00,247.391098,247.419998,247.100006,247.335007,19026
2026-05-11 15:30:00+00:00,247.289993,247.309998,246.630005,246.764999,24874
2026-05-11 15:35:00+00:00,246.699997,247.059998,246.600006,246.759995,26633
2026-05-11 15:40:00+00:00,246.720001,247.240005,246.695007,247.214996,26261
2026-05-11 15:45:00+00:00,247.220001,247.300003,246.929993,246.960007,18563
2026-05-11 15:50:00+00:00,246.880005,246.964996,246.520004,246.542099,29048
2026-05-11 15:55:00+00:00,246.600006,247.199997,246.589996,246.910004,28889
2026-05-11 16:00:00+00:00,246.929993,247.104996,246.630005,246.690002,20921
2026-05-11 16:05:00+00:00,246.690002,247.029999,246.619995,246.880005,25624
2026-05-11 16:10:00+00:00,246.880005,246.889999,246.530594,246.615005,35990
2026-05-11 16:15:00+00:00,246.669998,247.110001,246.669998,247.074997,18502
2026-05-11 16:20:00+00:00,247.039993,247.600006,247.029999,247.274994,23886
2026-05-11 16:25:00+00:00,247.274994,247.710007,246.955002,247.589996,25005
2026-05-11 16:30:00+00:00,247.589996,247.660004,246.880005,247.000000,25179
2026-05-11 16:35:00+00:00,246.990005,246.990005,246.509995,246.570007,27299
2026-05-11 16:40:00+00:00,246.509995,246.520004,245.539993,245.770004,69256
2026-05-11 16:45:00+00:00,245.750000,246.359894,245.714996,246.035004,23666
2026-05-11 16:50:00+00:00,246.059998,246.149994,245.850006,245.910004,21685
2026-05-11 16:55:00+00:00,245.949997,246.000000,245.779999,245.820007,18910
2026-05-11 17:00:00+00:00,245.770004,245.899994,245.550003,245.612503,22394
2026-05-11 17:05:00+00:00,245.529999,245.639999,245.389999,245.455002,26893
2026-05-11 17:10:00+00:00,245.479996,245.669998,245.300003,245.494995,15996
2026-05-11 17:15:00+00:00,245.520004,245.919998,245.309998,245.830002,13432
2026-05-11 17:20:00+00:00,245.830002,246.000000,245.660004,245.869995,14726
2026-05-11 17:25:00+00:00,246.080002,246.080002,245.419998,245.600006,20116
2026-05-11 17:30:00+00:00,245.595001,246.369995,245.559998,246.009995,20891
2026-05-11 17:35:00+00:00,246.009995,246.009995,245.509995,245.540100,25237
2026-05-11 17:40:00+00:00,245.550003,245.850006,245.449997,245.820007,14193
2026-05-11 17:45:00+00:00,245.889999,245.979996,245.544998,245.649994,20059
2026-05-11 17:50:00+00:00,245.645004,245.919998,245.600006,245.669998,15377
2026-05-11 17:55:00+00:00,245.660004,245.860001,245.559998,245.600006,13782
2026-05-11 18:00:00+00:00,245.559998,245.904999,245.392899,245.699997,20616
2026-05-11 18:05:00+00:00,245.654999,246.000000,245.576096,245.690002,23723
2026-05-11 18:10:00+00:00,245.744995,245.839996,245.119995,245.304993,32560
2026-05-11 18:15:00+00:00,245.339996,245.794998,245.300003,245.729996,16780
2026-05-11 18:20:00+00:00,245.679993,245.954193,245.429993,245.639999,23558
2026-05-11 18:25:00+00:00,245.649994,245.929993,245.500000,245.570007,29412
2026-05-11 18:30:00+00:00,245.570007,245.570007,245.110107,245.389999,16432
2026-05-11 18:35:00+00:00,245.404999,245.449997,245.169998,245.289993,26623
2026-05-11 18:40:00+00:00,245.289993,245.369995,245.095001,245.134995,22402
2026-05-11 18:45:00+00:00,245.190002,245.759399,245.100006,245.550003,15661
2026-05-11 18:50:00+00:00,245.380005,245.580002,245.111496,245.190002,24116
2026-05-11 18:55:00+00:00,245.189896,245.410004,245.100006,245.169998,27555
2026-05-11 19:00:00+00:00,245.244995,245.380005,244.850006,244.899994,30777
2026-05-11 19:05:00+00:00,244.949997,245.160004,244.690994,245.089996,31279
2026-05-11 19:10:00+00:00,245.085007,245.500000,244.979996,245.492493,35075
2026-05-11 19:15:00+00:00,245.509995,245.610001,245.389999,245.389999,29537
2026-05-11 19:20:00+00:00,245.404999,245.479996,245.074997,245.320007,24558
2026-05-11 19:25:00+00:00,245.309998,245.410004,245.059998,245.250000,33384
2026-05-11 19:30:00+00:00,245.335007,245.544998,245.169998,245.544998,32731
2026-05-11 19:35:00+00:00,245.509995,245.589996,245.250000,245.589996,28451
2026-05-11 19:40:00+00:00,245.550003,245.699997,245.410004,245.639999,44629
2026-05-11 19:45:00+00:00,245.600006,245.699997,245.479996,245.649994,44015
2026-05-11 19:50:00+00:00,245.710007,246.169998,245.675003,246.119995,82277
2026-05-11 19:55:00+00:00,246.050003,246.179993,245.809998,246.139999,177851
2026-05-12 13:30:00+00:00,247.001999,247.500000,243.509995,243.669998,170299
2026-05-12 13:35:00+00:00,243.714996,244.240005,242.171997,242.740005,75295
2026-05-12 13:40:00+00:00,242.789993,243.589996,242.149994,242.669998,41466
2026-05-12 13:45:00+00:00,242.779999,243.509995,241.619995,241.695007,59155
2026-05-12 13:50:00+00:00,241.679993,242.559799,241.679993,242.179901,41598
2026-05-12 13:55:00+00:00,241.979996,243.240005,241.880005,243.149994,47694
2026-05-12 14:00:00+00:00,243.080002,243.145004,241.580002,242.109894,45419
2026-05-12 14:05:00+00:00,241.880096,242.889999,241.779999,242.729996,40904
2026-05-12 14:10:00+00:00,242.889999,243.179993,242.399994,243.145004,39020
2026-05-12 14:15:00+00:00,243.145004,243.529999,243.000000,243.300003,35684
2026-05-12 14:20:00+00:00,243.190002,243.839996,243.089996,243.720001,33505
2026-05-12 14:25:00+00:00,243.750000,244.565002,243.602493,244.350006,36666
2026-05-12 14:30:00+00:00,244.300003,244.389999,243.279999,244.059998,35200
2026-05-12 14:35:00+00:00,244.065002,244.065002,243.345001,243.750000,38854
2026-05-12 14:40:00+00:00,243.792007,244.679901,243.539993,244.410004,29464
2026-05-12 14:45:00+00:00,244.410004,244.690002,243.860001,244.690002,26659
2026-05-12 14:50:00+00:00,244.641998,244.750000,243.725006,243.747498,26710
2026-05-12 14:55:00+00:00,243.820007,243.949997,243.568802,243.730103,25156
2026-05-12 15:00:00+00:00,243.669998,243.809998,243.316101,243.375000,26740
2026-05-12 15:05:00+00:00,243.470001,243.869995,243.470001,243.740005,21972
2026-05-12 15:10:00+00:00,243.740005,244.119995,243.479996,243.994995,40091
2026-05-12 15:15:00+00:00,243.994995,244.240005,243.710007,243.815002,30935
2026-05-12 15:20:00+00:00,243.789993,243.820007,243.199997,243.389999,25736
2026-05-12 15:25:00+00:00,243.389999,244.100006,243.149994,244.089996,23596
2026-05-12 15:30:00+00:00,244.149994,244.149994,242.628601,242.690002,27486
2026-05-12 15:35:00+00:00,242.714996,243.000000,242.559998,242.740005,25820
2026-05-12 15:40:00+00:00,242.654999,243.089996,242.570007,243.014999,26712
2026-05-12 15:45:00+00:00,243.020004,243.139893,242.690094,242.910004,14963
2026-05-12 15:50:00+00:00,243.029999,243.459900,242.809998,243.389999,18022
2026-05-12 15:55:00+00:00,243.350006,243.770004,243.309998,243.539993,19900
2026-05-12 16:00:00+00:00,243.539993,243.539993,242.639999,243.119995,18323
2026-05-12 16:05:00+00:00,243.085007,243.161194,242.895004,243.014999,12020
2026-05-12 16:10:00+00:00,243.014999,243.129898,242.910004,242.910004,19307
2026-05-12 16:15:00+00:00,242.960007,243.318405,242.860001,243.190002,12523
2026-05-12 16:20:00+00:00,243.199997,243.199997,242.880005,243.100098,13703
2026-05-12 16:25:00+00:00,243.160004,243.249893,242.789993,242.789993,17762
2026-05-12 16:30:00+00:00,242.889893,242.929993,242.430405,242.809998,16603
2026-05-12 16:35:00+00:00,242.940002,243.380005,242.779999,243.195007,19452
2026-05-12 16:40:00+00:00,243.270004,243.750000,243.229996,243.380005,15490
2026-05-12 16:45:00+00:00,243.429993,243.429993,242.904999,242.904999,14166
2026-05-12 16:50:00+00:00,242.904999,243.009995,242.520004,242.839996,23673
2026-05-12 16:55:00+00:00,242.779999,242.990005,242.464996,242.464996,16315
2026-05-12 17:00:00+00:00,242.460007,242.710007,242.350098,242.425003,18462
2026-05-12 17:05:00+00:00,242.457504,242.699997,242.229996,242.615005,14868
2026-05-12 17:10:00+00:00,242.589996,242.669998,241.395004,241.401703,33906
2026-05-12 17:15:00+00:00,241.399994,241.729996,241.050003,241.690002,36098
2026-05-12 17:20:00+00:00,241.770004,241.840302,241.270004,241.509995,20660
2026-05-12 17:25:00+00:00,241.520004,241.919998,241.470001,241.470001,22527
2026-05-12 17:30:00+00:00,241.419998,241.939896,241.230103,241.559998,42976
2026-05-12 17:35:00+00:00,241.659897,241.740005,241.369995,241.740005,21279
2026-05-12 17:40:00+00:00,241.699997,241.985001,241.669998,241.889999,13916
2026-05-12 17:45:00+00:00,241.934998,241.990005,241.654602,241.830002,21028
2026-05-12 17:50:00+00:00,241.789993,242.190002,241.789993,241.979996,16193
2026-05-12 17:55:00+00:00,242.059998,242.279999,241.779999,242.162506,31267
2026-05-12 18:00:00+00:00,242.164993,242.350006,241.960007,242.139893,20657
2026-05-12 18:05:00+00:00,241.970001,241.970001,241.585007,241.729996,15723
2026-05-12 18:10:00+00:00,241.786102,241.819794,241.300003,241.369995,23485
2026-05-12 18:15:00+00:00,241.399994,241.639999,241.369995,241.529999,19171
2026-05-12 18:20:00+00:00,241.554993,242.059998,241.500000,242.024994,24855
2026-05-12 18:25:00+00:00,242.080002,242.190903,241.630005,241.959900,28080
2026-05-12 18:30:00+00:00,241.875000,242.039993,241.550003,241.550003,16236
2026-05-12 18:35:00+00:00,241.690002,242.440002,241.660004,241.889999,28506
2026-05-12 18:40:00+00:00,241.839996,241.839996,241.460007,241.500000,34922
2026-05-12 18:45:00+00:00,241.509995,242.089996,241.500000,241.983002,18889
2026-05-12 18:50:00+00:00,241.900101,242.279999,241.690002,241.690002,19414
2026-05-12 18:55:00+00:00,241.714996,242.089996,241.662598,241.940002,37482
2026-05-12 19:00:00+00:00,242.009995,242.009995,241.559998,241.570007,17558
2026-05-12 19:05:00+00:00,241.570007,241.679993,241.009995,241.139999,33427
2026-05-12 19:10:00+00:00,241.139999,241.380005,241.039993,241.250000,24701
2026-05-12 19:15:00+00:00,241.300003,241.419998,240.929993,240.929993,40145
2026-05-12 19:20:00+00:00,240.990005,241.240005,240.979996,241.179993,31011
2026-05-12 19:25:00+00:00,241.169998,241.240005,240.649994,240.839996,51608
2026-05-12 19:30:00+00:00,240.880005,241.139999,240.770004,241.059998,34620
2026-05-12 19:35:00+00:00,241.059998,241.080002,240.740097,240.845001,40630
2026-05-12 19:40:00+00:00,240.809998,240.940002,240.410095,240.940002,42316
2026-05-12 19:45:00+00:00,240.945007,241.213699,240.699997,241.039993,54466
2026-05-12 19:50:00+00:00,241.130005,241.500000,240.940002,241.084793,81215
2026-05-12 19:55:00+00:00,241.110001,241.320007,240.710007,240.869995,184267
2026-05-13 13:30:00+00:00,238.539993,239.050003,236.339996,236.550003,165082
2026-05-13 13:35:00+00:00,236.591995,236.809906,235.990204,236.134995,77854
2026-05-13 13:40:00+00:00,236.259995,236.845001,235.509995,235.649994,63261
2026-05-13 13:45:00+00:00,235.720001,236.710007,235.100006,236.350006,55082
2026-05-13 13:50:00+00:00,236.531998,236.729904,235.149994,235.750000,53503
2026-05-13 13:55:00+00:00,235.880005,236.259995,235.220001,235.925003,51906
2026-05-13 14:00:00+00:00,235.962494,236.000000,234.741806,235.789993,123723
2026-05-13 14:05:00+00:00,235.839996,237.145004,235.610001,237.059998,68299
2026-05-13 14:10:00+00:00,237.059998,237.149994,236.050095,236.649994,45847
2026-05-13 14:15:00+00:00,236.654999,236.854996,235.639999,235.690002,55384
2026-05-13 14:20:00+00:00,235.740005,236.369995,235.740005,236.369995,32418
2026-05-13 14:25:00+00:00,236.365005,236.639999,235.380005,235.470001,35232
2026-05-13 14:30:00+00:00,235.399994,235.809998,235.160095,235.264999,40519
2026-05-13 14:35:00+00:00,235.199997,235.389893,234.919998,235.000000,37731
2026-05-13 14:40:00+00:00,234.990005,235.080002,234.679993,234.985001,38904
2026-05-13 14:45:00+00:00,234.846497,235.625107,234.828796,235.199997,38608
2026-05-13 14:50:00+00:00,235.139999,235.270004,234.800003,235.190002,27204
2026-05-13 14:55:00+00:00,235.229996,235.304993,234.440002,234.610001,45536
2026-05-13 15:00:00+00:00,234.574997,234.910004,234.350006,234.660004,71501
2026-05-13 15:05:00+00:00,234.589996,234.740005,234.250000,234.300003,32796
2026-05-13 15:10:00+00:00,234.350006,234.904999,234.259995,234.630005,22552
2026-05-13 15:15:00+00:00,234.695007,234.880005,234.460007,234.460007,25543
2026-05-13 15:20:00+00:00,234.500000,234.850006,234.490005,234.512497,28110
2026-05-13 15:25:00+00:00,234.550003,234.559998,234.229996,234.244995,39697
2026-05-13 15:30:00+00:00,234.309494,234.330002,234.089996,234.149994,38426
2026-05-13 15:35:00+00:00,234.100006,234.589996,234.080002,234.449997,31461
2026-05-13 15:40:00+00:00,234.399994,234.500000,234.199997,234.395004,18924
2026-05-13 15:45:00+00:00,234.389999,234.549896,233.970001,234.115005,33151
2026-05-13 15:50:00+00:00,234.169998,234.330002,233.994995,233.994995,32410
2026-05-13 15:55:00+00:00,233.960007,234.000000,233.550003,233.809998,29034
2026-05-13 16:00:00+00:00,233.779999,234.014999,233.630005,233.989899,26136
2026-05-13 16:05:00+00:00,233.945007,234.559998,233.757401,234.339996,30947
2026-05-13 16:10:00+00:00,234.320007,234.330505,233.690002,233.690002,20641
2026-05-13 16:15:00+00:00,233.639999,233.859894,233.169998,233.229996,55393
2026-05-13 16:20:00+00:00,233.229996,233.490005,233.080002,233.324997,41303
2026-05-13 16:25:00+00:00,233.300003,233.389206,232.860001,232.860001,40701
2026-05-13 16:30:00+00:00,232.839996,234.110001,232.839996,234.029999,54326
2026-05-13 16:35:00+00:00,234.029999,234.179993,233.559998,233.919693,64700
2026-05-13 16:40:00+00:00,233.919907,234.070007,233.610001,233.845001,28834
2026-05-13 16:45:00+00:00,233.845001,234.470001,233.833206,234.220001,25990
2026-05-13 16:50:00+00:00,234.250000,234.250000,233.520096,233.710007,30003
2026-05-13 16:55:00+00:00,233.649994,234.199905,233.580002,234.016693,14149
2026-05-13 17:00:00+00:00,234.009995,234.059998,233.600006,233.714996,21727
2026-05-13 17:05:00+00:00,233.729996,234.020004,233.580002,233.714996,26114
2026-05-13 17:10:00+00:00,233.669998,233.750000,233.449997,233.675003,22427
2026-05-13 17:15:00+00:00,233.610001,233.899902,233.485001,233.830002,18085
2026-05-13 17:20:00+00:00,233.879898,233.879898,233.380005,233.380005,16497
2026-05-13 17:25:00+00:00,233.470001,233.550995,233.059998,233.100006,25339
2026-05-13 17:30:00+00:00,233.154999,233.570007,233.149994,233.460007,38862
2026-05-13 17:35:00+00:00,233.600006,233.610001,233.340103,233.410004,23542
2026-05-13 17:40:00+00:00,233.410004,233.809998,233.300003,233.654999,34152
2026-05-13 17:45:00+00:00,233.645004,233.949997,233.570007,233.750000,40756
2026-05-13 17:50:00+00:00,233.714996,233.937500,233.600006,233.669998,25148
2026-05-13 17:55:00+00:00,233.649994,233.804993,233.570007,233.580002,26735
2026-05-13 18:00:00+00:00,233.690002,234.369995,233.580002,234.225006,44939
2026-05-13 18:05:00+00:00,234.229996,234.944000,234.060104,234.789993,37692
2026-05-13 18:10:00+00:00,234.830002,235.248596,234.639999,235.164993,34887
2026-05-13 18:15:00+00:00,235.164993,235.669998,235.164993,235.382507,28398
2026-05-13 18:20:00+00:00,235.375000,235.649994,234.889999,234.919998,23929
2026-05-13 18:25:00+00:00,234.960007,235.240005,234.931107,235.199997,20520
2026-05-13 18:30:00+00:00,235.214996,235.300003,235.024994,235.241394,22522
2026-05-13 18:35:00+00:00,235.199997,235.399994,235.190002,235.399994,26585
2026-05-13 18:40:00+00:00,235.440002,235.550003,235.200104,235.270004,24303
2026-05-13 18:45:00+00:00,235.244995,235.589905,235.244995,235.354996,30873
2026-05-13 18:50:00+00:00,235.354996,236.107803,235.354996,236.074997,43025
2026-05-13 18:55:00+00:00,236.029999,236.299606,235.919998,235.955002,27763
2026-05-13 19:00:00+00:00,236.020004,236.070007,235.800003,236.059998,19974
2026-05-13 19:05:00+00:00,236.029999,236.255005,236.020096,236.250000,31673
2026-05-13 19:10:00+00:00,236.240005,236.419998,236.130005,236.248001,38117
2026-05-13 19:15:00+00:00,236.240097,236.660004,236.068405,236.589996,88029
2026-05-13 19:20:00+00:00,236.678894,236.678894,236.289993,236.390106,36611
2026-05-13 19:25:00+00:00,236.449997,236.570007,236.160004,236.160004,26024
2026-05-13 19:30:00+00:00,236.210007,236.600006,236.020004,236.455002,56087
2026-05-13 19:35:00+00:00,236.455002,236.839996,236.389999,236.610001,41199
2026-05-13 19:40:00+00:00,236.600006,236.860001,236.330002,236.860001,43518
2026-05-13 19:45:00+00:00,236.884995,236.919998,236.630005,236.755005,36428
2026-05-13 19:50:00+00:00,236.789993,237.039993,236.610001,236.649994,101391
2026-05-13 19:55:00+00:00,236.619995,236.619995,235.960007,236.080002,252160
2026-05-14 13:30:00+00:00,237.000000,238.240005,236.070007,237.880005,257654
2026-05-14 13:35:00+00:00,237.899994,237.940002,234.149994,234.345001,121271
2026-05-14 13:40:00+00:00,234.319305,234.985001,232.800003,233.839996,117021
2026-05-14 13:45:00+00:00,233.904999,233.975006,232.240005,232.440002,66574
2026-05-14 13:50:00+00:00,232.639999,233.940002,232.550003,233.350006,85800
2026-05-14 13:55:00+00:00,233.294998,233.320007,231.740005,232.110001,63239
2026-05-14 14:00:00+00:00,232.119995,233.979996,232.029999,233.789993,64276
2026-05-14 14:05:00+00:00,233.790100,234.759995,233.250000,234.440002,46667
2026-05-14 14:10:00+00:00,234.559998,234.660004,233.350006,233.839996,46284
2026-05-14 14:15:00+00:00,233.809998,234.279999,233.500000,233.750000,46602
2026-05-14 14:20:00+00:00,233.884995,235.309998,233.619995,235.190002,52855
2026-05-14 14:25:00+00:00,235.080002,235.619507,234.869995,235.399994,56054
2026-05-14 14:30:00+00:00,235.500000,235.990005,234.399994,234.399994,69060
2026-05-14 14:35:00+00:00,234.529999,235.740005,234.399994,234.955002,73424
2026-05-14 14:40:00+00:00,234.960007,235.570007,234.759995,235.410004,58479
2026-05-14 14:45:00+00:00,235.500000,236.549896,235.285004,236.285004,75277
2026-05-14 14:50:00+00:00,236.285004,236.350006,235.589996,236.160004,52924
2026-05-14 14:55:00+00:00,236.220001,236.699997,235.862396,236.139999,70115
2026-05-14 15:00:00+00:00,236.050003,236.880005,236.050003,236.550003,42768
2026-05-14 15:05:00+00:00,236.610001,237.119995,236.259995,236.854996,68519
2026-05-14 15:10:00+00:00,236.820007,237.419998,236.550003,237.059998,25250
2026-05-14 15:15:00+00:00,237.000000,237.199997,236.134995,236.360001,55501
2026-05-14 15:20:00+00:00,236.350006,236.811798,236.309998,236.410004,44008
2026-05-14 15:25:00+00:00,236.460007,236.889999,236.339996,236.869995,40324
2026-05-14 15:30:00+00:00,236.794998,236.850006,236.429993,236.800003,44100
2026-05-14 15:35:00+00:00,236.630005,236.690002,235.910004,236.014999,31123
2026-05-14 15:40:00+00:00,235.925201,236.130005,235.510101,236.115005,46143
2026-05-14 15:45:00+00:00,236.115005,236.339996,235.630005,236.009995,31223
2026-05-14 15:50:00+00:00,236.029999,236.449997,236.029999,236.259995,18859
2026-05-14 15:55:00+00:00,236.250000,236.589996,236.100006,236.199997,58069
2026-05-14 16:00:00+00:00,236.289993,236.799896,236.229996,236.399994,39839
2026-05-14 16:05:00+00:00,236.460007,236.630005,236.339996,236.419998,25586
2026-05-14 16:10:00+00:00,236.360001,236.360001,235.830002,235.949997,45325
2026-05-14 16:15:00+00:00,235.949997,236.050003,235.529999,235.970001,41405
2026-05-14 16:20:00+00:00,235.919998,236.589996,235.889999,236.125000,36131
2026-05-14 16:25:00+00:00,236.070007,236.429993,236.039993,236.190002,26464
2026-05-14 16:30:00+00:00,236.270004,236.270004,235.630005,235.835007,27695
2026-05-14 16:35:00+00:00,235.835007,236.600006,235.810394,236.580002,32280
2026-05-14 16:40:00+00:00,236.574997,236.619995,236.169998,236.250000,17684
2026-05-14 16:45:00+00:00,236.139999,236.570007,236.070007,236.419998,227531
2026-05-14 16:50:00+00:00,236.440002,236.490005,235.899994,236.000000,43944
2026-05-14 16:55:00+00:00,235.889999,236.449997,235.809998,236.395004,27924
2026-05-14 17:00:00+00:00,236.389999,236.770004,236.229996,236.535004,58513
2026-05-14 17:05:00+00:00,236.570007,236.639999,235.929993,236.490005,31273
2026-05-14 17:10:00+00:00,236.539993,237.399994,236.500000,237.399994,40487
2026-05-14 17:15:00+00:00,237.350006,237.570007,237.100006,237.479996,38778
2026-05-14 17:20:00+00:00,237.380005,237.449905,236.940002,237.085007,30062
2026-05-14 17:25:00+00:00,237.009995,237.229996,236.509995,236.520203,266304
2026-05-14 17:30:00+00:00,236.570007,237.059998,236.440002,236.729996,31421
2026-05-14 17:35:00+00:00,236.610001,236.839996,236.429993,236.770004,23438
2026-05-14 17:40:00+00:00,236.720001,236.770004,235.723694,235.770004,36452
2026-05-14 17:45:00+00:00,235.774994,236.110001,235.679993,235.919998,25751
2026-05-14 17:50:00+00:00,236.139999,236.220001,235.639999,235.639999,19864
2026-05-14 17:55:00+00:00,235.630005,236.169998,235.509995,235.729996,48706
2026-05-14 18:00:00+00:00,235.750000,235.979904,235.456894,235.750000,37936
2026-05-14 18:05:00+00:00,235.645004,236.160004,235.539993,236.134995,38505
2026-05-14 18:10:00+00:00,236.145004,236.223999,235.759995,236.080002,23334
2026-05-14 18:15:00+00:00,236.039993,236.339996,235.899994,236.324997,21759
2026-05-14 18:20:00+00:00,236.320007,237.070007,236.179993,237.070007,28393
2026-05-14 18:25:00+00:00,237.070007,237.070007,236.399994,236.585007,18865
2026-05-14 18:30:00+00:00,236.535004,236.929993,236.369995,236.460007,27849
2026-05-14 18:35:00+00:00,236.449997,236.729996,236.445007,236.495499,19302
2026-05-14 18:40:00+00:00,236.479996,236.529999,236.039993,236.039993,18944
2026-05-14 18:45:00+00:00,236.089996,236.119995,235.759995,235.794998,21294
2026-05-14 18:50:00+00:00,235.830002,236.029999,235.690094,235.970993,36305
2026-05-14 18:55:00+00:00,236.000000,236.244995,235.779999,236.050003,20408
2026-05-14 19:00:00+00:00,236.000000,236.410004,235.839996,236.300095,29297
2026-05-14 19:05:00+00:00,236.339996,236.664993,236.240005,236.240005,27592
2026-05-14 19:10:00+00:00,236.389999,236.432007,236.080002,236.320007,28733
2026-05-14 19:15:00+00:00,236.335007,236.369995,236.149994,236.184998,19388
2026-05-14 19:20:00+00:00,236.184998,236.470001,235.839996,235.889999,24844
2026-05-14 19:25:00+00:00,235.839996,235.940002,235.399994,235.664993,72489
2026-05-14 19:30:00+00:00,235.729996,236.199997,235.570007,236.199997,38070
2026-05-14 19:35:00+00:00,236.179993,236.962494,236.110001,236.759995,58527
2026-05-14 19:40:00+00:00,236.755005,237.132507,236.720001,236.789993,45789
2026-05-14 19:45:00+00:00,236.789993,237.000000,236.740005,236.875000,45877
2026-05-14 19:50:00+00:00,236.875000,236.979996,236.520004,236.949997,109954
2026-05-14 19:55:00+00:00,237.000000,237.289993,236.949997,237.029999,254019
2026-05-15 13:30:00+00:00,241.789993,244.350006,241.389999,242.649994,488780
2026-05-15 13:35:00+00:00,242.809998,242.985001,240.509995,242.255005,170860
2026-05-15 13:40:00+00:00,242.449997,244.190002,240.800003,240.820007,321909
2026-05-15 13:45:00+00:00,240.809998,241.750000,240.500000,241.139999,70886
2026-05-15 13:50:00+00:00,241.319901,241.500000,240.259995,241.369995,79751
2026-05-15 13:55:00+00:00,241.490005,242.599899,241.289993,241.610001,39334
2026-05-15 14:00:00+00:00,241.872498,244.000000,241.592499,243.089996,73463
2026-05-15 14:05:00+00:00,243.304993,244.249893,243.160004,243.270004,97241
2026-05-15 14:10:00+00:00,243.130005,243.264999,242.151001,242.559998,62250
2026-05-15 14:15:00+00:00,242.559998,243.059998,242.210007,242.414993,57606
2026-05-15 14:20:00+00:00,242.570007,243.880005,242.554993,243.470001,53566
2026-05-15 14:25:00+00:00,243.360992,243.899994,243.119995,243.869995,36266
2026-05-15 14:30:00+00:00,243.800003,244.330002,243.570099,243.919998,37128
2026-05-15 14:35:00+00:00,244.085007,245.000000,243.520004,244.369995,97297
2026-05-15 14:40:00+00:00,244.399994,244.869995,243.850006,244.050003,48954
2026-05-15 14:45:00+00:00,244.029999,244.850006,243.630096,244.729996,44296
2026-05-15 14:50:00+00:00,244.710007,245.740005,244.300095,245.580002,52550
2026-05-15 14:55:00+00:00,245.589996,245.799896,244.889999,245.386398,41370
2026-05-15 15:00:00+00:00,245.330002,245.410004,244.000000,244.300003,52633
2026-05-15 15:05:00+00:00,244.244995,244.660004,243.960007,244.410004,42476
2026-05-15 15:10:00+00:00,244.419998,244.639999,244.009995,244.220001,38246
2026-05-15 15:15:00+00:00,244.210007,245.139999,243.884705,245.139999,39363
2026-05-15 15:20:00+00:00,245.130005,245.499893,244.619995,244.970001,34760
2026-05-15 15:25:00+00:00,244.860001,245.190002,244.259995,244.770004,41057
2026-05-15 15:30:00+00:00,244.673706,244.740005,244.304993,244.309998,23955
2026-05-15 15:35:00+00:00,244.330002,245.000000,243.940002,244.059998,39627
2026-05-15 15:40:00+00:00,243.960098,244.380005,243.399994,243.399994,42323
2026-05-15 15:45:00+00:00,243.404999,244.029999,243.205002,243.929993,28965
2026-05-15 15:50:00+00:00,243.770004,244.080002,243.714996,243.925003,42461
2026-05-15 15:55:00+00:00,244.274994,244.485001,243.669998,244.110001,18583
2026-05-15 16:00:00+00:00,244.289993,244.750000,244.000000,244.699997,13884
2026-05-15 16:05:00+00:00,244.630005,245.350006,244.369995,245.274994,20677
2026-05-15 16:10:00+00:00,245.250000,245.389999,245.065002,245.262497,19337
2026-05-15 16:15:00+00:00,245.244995,245.440002,244.949997,245.357498,22516
2026-05-15 16:20:00+00:00,245.404999,246.095001,245.404999,246.095001,40402
2026-05-15 16:25:00+00:00,246.029999,246.335007,245.830002,246.190002,34567
2026-05-15 16:30:00+00:00,246.179993,246.529999,246.050003,246.399994,44162
2026-05-15 16:35:00+00:00,246.414993,246.910004,246.130005,246.460007,31806
2026-05-15 16:40:00+00:00,246.460007,246.550003,245.447495,245.452499,43286
2026-05-15 16:45:00+00:00,245.460007,245.817505,245.330002,245.565002,33494
2026-05-15 16:50:00+00:00,245.710007,245.940002,245.580002,245.684998,25928
2026-05-15 16:55:00+00:00,245.817703,246.979996,245.817703,246.979996,35325
2026-05-15 17:00:00+00:00,246.949997,247.169907,246.639999,247.035004,34955
2026-05-15 17:05:00+00:00,247.070007,247.179993,246.679993,247.020004,27177
2026-05-15 17:10:00+00:00,247.070007,247.199997,246.779999,246.910004,28604
2026-05-15 17:15:00+00:00,246.910004,247.750000,246.830002,247.750000,36593
2026-05-15 17:20:00+00:00,247.740005,248.419998,247.520004,248.375000,69593
2026-05-15 17:25:00+00:00,248.429993,248.509995,247.612000,247.699997,38956
2026-05-15 17:30:00+00:00,247.619995,248.570007,247.570007,248.270004,40865
2026-05-15 17:35:00+00:00,248.339996,248.369995,247.669998,247.820007,22163
2026-05-15 17:40:00+00:00,247.744995,247.820007,247.539993,247.660004,26373
2026-05-15 17:45:00+00:00,247.720001,247.849396,247.419998,247.800003,26762
2026-05-15 17:50:00+00:00,247.800003,248.000000,247.500000,247.574997,22091
2026-05-15 17:55:00+00:00,247.639999,248.000000,247.520096,248.000000,25862
2026-05-15 18:00:00+00:00,248.089996,248.399994,247.440002,247.628006,259611
2026-05-15 18:05:00+00:00,247.580002,248.065002,247.580002,247.884995,32183
2026-05-15 18:10:00+00:00,247.949997,248.419998,247.539993,247.755005,51550
2026-05-15 18:15:00+00:00,247.800003,248.210007,247.610107,247.800003,23801
2026-05-15 18:20:00+00:00,247.744598,247.879898,247.104996,247.130005,45552
2026-05-15 18:25:00+00:00,247.160095,247.470001,246.860001,246.929993,65628
2026-05-15 18:30:00+00:00,246.889999,247.339996,246.835007,247.050003,33843
2026-05-15 18:35:00+00:00,247.039993,247.639999,247.005997,247.585007,27212
2026-05-15 18:40:00+00:00,247.529999,247.669998,247.070099,247.250000,23861
2026-05-15 18:45:00+00:00,247.429993,247.429993,246.561996,246.654999,43544
2026-05-15 18:50:00+00:00,246.649994,246.880005,246.199997,246.815002,44609
2026-05-15 18:55:00+00:00,246.800003,246.850006,245.729996,245.979996,33946
2026-05-15 19:00:00+00:00,246.009995,246.369995,245.949997,246.179993,32671
2026-05-15 19:05:00+00:00,246.179993,246.710007,246.179993,246.490005,22642
2026-05-15 19:10:00+00:00,246.440002,246.520004,245.929993,245.985001,23837
2026-05-15 19:15:00+00:00,245.910004,246.580002,245.820099,246.220001,31816
2026-05-15 19:20:00+00:00,246.184998,246.600006,246.184998,246.520004,20954
2026-05-15 19:25:00+00:00,246.544998,246.869995,246.470001,246.729996,51604
2026-05-15 19:30:00+00:00,246.789993,247.070007,246.570007,246.655106,86748
2026-05-15 19:35:00+00:00,246.660004,247.070007,246.639999,246.720001,46054
2026-05-15 19:40:00+00:00,246.949997,247.039993,246.470001,246.485001,122721
2026-05-15 19:45:00+00:00,246.520004,246.824997,246.369995,246.667496,83255
2026-05-15 19:50:00+00:00,246.660004,247.179993,246.449997,247.035004,361941
2026-05-15 19:55:00+00:00,247.039993,247.809998,247.039993,247.585007,371165
2026-05-18 13:30:00+00:00,247.600006,248.580002,245.255005,246.675003,194193
2026-05-18 13:35:00+00:00,246.690002,248.309998,245.309998,248.085007,66083
2026-05-18 13:40:00+00:00,248.022003,249.880005,248.022003,249.565002,79053
2026-05-18 13:45:00+00:00,249.729996,250.990005,248.600006,250.014999,97602
2026-05-18 13:50:00+00:00,250.110001,250.619995,248.699997,249.779999,83632
2026-05-18 13:55:00+00:00,249.490097,251.059998,249.490097,250.559998,211520
2026-05-18 14:00:00+00:00,250.755005,251.419998,249.880005,251.369995,199769
2026-05-18 14:05:00+00:00,251.399994,252.110001,250.529999,252.080002,106977
2026-05-18 14:10:00+00:00,252.130005,253.380005,251.809998,252.509995,132672
2026-05-18 14:15:00+00:00,252.445007,254.089996,252.250000,253.955002,84130
2026-05-18 14:20:00+00:00,254.009995,254.110001,252.619995,253.250000,115771
2026-05-18 14:25:00+00:00,253.195007,253.600006,252.707993,253.014999,70940
2026-05-18 14:30:00+00:00,253.014999,253.130005,251.600006,252.274994,70519
2026-05-18 14:35:00+00:00,252.350006,252.600006,251.149994,252.500000,76907
2026-05-18 14:40:00+00:00,252.425003,252.600006,251.809998,252.500000,49523
2026-05-18 14:45:00+00:00,252.500000,252.770004,251.710007,251.869995,65474
2026-05-18 14:50:00+00:00,251.940002,252.440002,251.619995,252.195007,196944
2026-05-18 14:55:00+00:00,252.134995,252.160004,250.800003,251.639999,41590
2026-05-18 15:00:00+00:00,251.679993,251.789993,250.509995,250.859894,62191
2026-05-18 15:05:00+00:00,250.789993,251.259903,250.619995,250.720001,43225
2026-05-18 15:10:00+00:00,250.710007,251.074997,250.220001,251.074997,43552
2026-05-18 15:15:00+00:00,250.940002,251.509995,250.899994,251.419006,33243
2026-05-18 15:20:00+00:00,251.360001,252.100006,251.300003,251.949997,45661
2026-05-18 15:25:00+00:00,251.970001,252.470001,251.919998,251.950897,31653
2026-05-18 15:30:00+00:00,251.990005,252.539993,251.830002,252.539993,28947
2026-05-18 15:35:00+00:00,252.589996,252.759995,251.600006,252.041107,37931
2026-05-18 15:40:00+00:00,251.960007,252.539993,251.250000,251.259003,30735
2026-05-18 15:45:00+00:00,251.250000,252.274094,251.115005,252.050003,32164
2026-05-18 15:50:00+00:00,252.100204,252.119904,251.610001,251.889999,16450
2026-05-18 15:55:00+00:00,251.839996,252.369995,251.600098,252.179993,36271
2026-05-18 16:00:00+00:00,252.210007,252.750000,252.000000,252.514999,26904
2026-05-18 16:05:00+00:00,252.604996,253.320007,252.595001,253.300003,33390
2026-05-18 16:10:00+00:00,253.320007,253.479996,253.169998,253.210007,29941
2026-05-18 16:15:00+00:00,253.360001,253.740005,253.330002,253.559998,24571
2026-05-18 16:20:00+00:00,253.610001,253.800003,253.300003,253.589996,22921
2026-05-18 16:25:00+00:00,253.559998,253.750000,252.850006,252.889999,34219
2026-05-18 16:30:00+00:00,252.919998,253.750000,252.759995,253.494995,36498
2026-05-18 16:35:00+00:00,253.559998,253.669998,253.250000,253.277496,25681
2026-05-18 16:40:00+00:00,253.220001,253.354996,252.729996,252.919998,22345
2026-05-18 16:45:00+00:00,253.000000,253.500000,252.960007,253.470001,21163
2026-05-18 16:50:00+00:00,253.539993,253.630005,253.199997,253.274994,23794
2026-05-18 16:55:00+00:00,253.240005,253.559998,252.892807,252.969894,31567
2026-05-18 17:00:00+00:00,252.970001,253.889999,252.820007,253.759995,30596
2026-05-18 17:05:00+00:00,253.759995,253.949905,253.529999,253.800003,28510
2026-05-18 17:10:00+00:00,253.899994,253.940002,253.699997,253.940002,22243
2026-05-18 17:15:00+00:00,253.940002,254.250000,253.779999,254.115005,45415
2026-05-18 17:20:00+00:00,254.125000,254.125000,253.779800,253.929993,22323
2026-05-18 17:25:00+00:00,253.839996,254.451996,253.759995,254.289993,37838
2026-05-18 17:30:00+00:00,254.339996,254.570007,254.100006,254.528793,28513
2026-05-18 17:35:00+00:00,254.440002,254.669998,254.360001,254.630005,25338
2026-05-18 17:40:00+00:00,254.647995,255.239899,254.529999,255.015900,60826
2026-05-18 17:45:00+00:00,255.059998,255.729996,255.046997,255.634995,42468
2026-05-18 17:50:00+00:00,255.610001,256.073303,255.220001,255.267700,40328
2026-05-18 17:55:00+00:00,255.321899,255.520004,255.160004,255.419998,28565
2026-05-18 18:00:00+00:00,255.442001,255.589996,254.740005,254.830002,42305
2026-05-18 18:05:00+00:00,254.850006,255.350006,254.764999,255.074997,25323
2026-05-18 18:10:00+00:00,255.074997,255.119995,254.774994,254.845001,29759
2026-05-18 18:15:00+00:00,254.789993,254.860001,254.350006,254.440002,26483
2026-05-18 18:20:00+00:00,254.410004,254.779999,254.300003,254.600006,32691
2026-05-18 18:25:00+00:00,254.589996,254.664993,254.160095,254.595200,40703
2026-05-18 18:30:00+00:00,254.600006,254.919998,254.557999,254.914993,50572
2026-05-18 18:35:00+00:00,254.990005,255.119995,254.904999,255.044998,24399
2026-05-18 18:40:00+00:00,255.032104,255.080002,254.300003,254.509995,25422
2026-05-18 18:45:00+00:00,254.520004,254.960007,254.350006,254.539993,34039
2026-05-18 18:50:00+00:00,254.524994,254.610001,253.840103,253.899994,32689
2026-05-18 18:55:00+00:00,253.865005,254.130005,253.389999,253.449997,51492
2026-05-18 19:00:00+00:00,253.479996,254.440002,253.389999,254.440002,65660
2026-05-18 19:05:00+00:00,254.320007,254.520004,254.119995,254.410004,36512
2026-05-18 19:10:00+00:00,254.380005,254.470001,253.929993,254.110001,46629
2026-05-18 19:15:00+00:00,254.110001,254.259995,253.940002,253.960007,42962
2026-05-18 19:20:00+00:00,253.839996,254.354996,253.839996,254.184998,34768
2026-05-18 19:25:00+00:00,254.110001,254.289993,253.970001,254.289993,34840
2026-05-18 19:30:00+00:00,254.300003,254.699997,254.199997,254.580002,55123
2026-05-18 19:35:00+00:00,254.600006,255.360001,254.600006,255.184998,58761
2026-05-18 19:40:00+00:00,255.199997,255.529999,255.164993,255.470001,66750
2026-05-18 19:45:00+00:00,255.470001,255.889893,255.264999,255.589996,100035
2026-05-18 19:50:00+00:00,255.690002,256.190002,255.490005,255.600006,155161
2026-05-18 19:55:00+00:00,255.539993,255.820007,255.500000,255.660004,304560
2026-05-19 13:30:00+00:00,263.329987,264.619995,260.029999,260.145996,448461
2026-05-19 13:35:00+00:00,260.429993,260.970001,257.300995,260.795013,155015
2026-05-19 13:40:00+00:00,260.779999,261.429993,259.850006,260.684998,105029
2026-05-19 13:45:00+00:00,260.695007,263.880005,260.695007,263.649994,138580
2026-05-19 13:50:00+00:00,263.700012,265.010010,262.700012,263.945007,157512
2026-05-19 13:55:00+00:00,263.859985,264.660004,263.269989,264.250000,76343
2026-05-19 14:00:00+00:00,264.250000,264.850006,263.839996,264.684998,55211
2026-05-19 14:05:00+00:00,264.684998,265.089996,263.609985,263.720001,111116
2026-05-19 14:10:00+00:00,263.649994,264.089996,262.710999,263.144989,103228
2026-05-19 14:15:00+00:00,263.320007,264.880005,263.105103,264.355011,116419
2026-05-19 14:20:00+00:00,264.350006,264.540009,262.959991,262.959991,86345
2026-05-19 14:25:00+00:00,263.000000,263.170013,261.390015,261.769989,88930
2026-05-19 14:30:00+00:00,261.880005,262.950012,261.210114,262.570099,61739
2026-05-19 14:35:00+00:00,262.820007,263.299988,262.119995,262.130005,149512
2026-05-19 14:40:00+00:00,262.250000,263.609894,261.855011,261.904999,65018
2026-05-19 14:45:00+00:00,261.920013,262.450012,261.299988,261.649994,40774
2026-05-19 14:50:00+00:00,261.625000,261.730011,260.118988,260.119995,37191
2026-05-19 14:55:00+00:00,260.209991,260.325012,259.470001,259.964996,59415
2026-05-19 15:00:00+00:00,260.089996,260.089996,258.710114,259.410004,46409
2026-05-19 15:05:00+00:00,259.420013,260.575012,259.399994,260.385010,46245
2026-05-19 15:10:00+00:00,260.509888,260.700012,260.000000,260.295013,35337
2026-05-19 15:15:00+00:00,260.299988,260.410004,257.800110,257.954987,59017
2026-05-19 15:20:00+00:00,257.954987,258.140015,257.109985,257.144989,51914
2026-05-19 15:25:00+00:00,257.130005,257.600006,256.864014,256.924988,73109
2026-05-19 15:30:00+00:00,256.850006,257.220001,256.279999,256.380005,55696
2026-05-19 15:35:00+00:00,256.484985,257.274994,256.484985,256.894989,33010
2026-05-19 15:40:00+00:00,256.910004,257.570007,256.575012,256.589996,139301
2026-05-19 15:45:00+00:00,256.589996,257.079987,256.500092,257.005005,44808
2026-05-19 15:50:00+00:00,257.089996,257.089996,256.239990,256.315002,34575
2026-05-19 15:55:00+00:00,256.250092,256.429993,255.479996,255.479996,54691
2026-05-19 16:00:00+00:00,255.580002,256.130005,255.509995,256.105011,32437
2026-05-19 16:05:00+00:00,256.114990,256.345001,255.320007,255.350006,36721
2026-05-19 16:10:00+00:00,255.320007,256.089996,255.199997,256.029999,23451
2026-05-19 16:15:00+00:00,256.029999,256.549988,255.500000,256.279999,26353
2026-05-19 16:20:00+00:00,256.126892,256.350006,255.240005,255.645004,31577
2026-05-19 16:25:00+00:00,255.645004,255.809998,254.910004,254.985001,47700
2026-05-19 16:30:00+00:00,254.970001,255.014999,254.289993,254.440002,29985
2026-05-19 16:35:00+00:00,254.494995,254.750000,254.140106,254.410004,20001
2026-05-19 16:40:00+00:00,254.470001,254.669998,254.000000,254.095001,28896
2026-05-19 16:45:00+00:00,254.115005,254.539902,253.820007,254.380005,37844
2026-05-19 16:50:00+00:00,254.369202,254.940002,254.320007,254.675003,23518
2026-05-19 16:55:00+00:00,254.675003,254.740005,253.759995,253.820007,24512
2026-05-19 17:00:00+00:00,253.770004,254.059998,253.619995,253.955002,39690
2026-05-19 17:05:00+00:00,254.080002,254.360001,253.669998,254.009995,26964
2026-05-19 17:10:00+00:00,253.990005,254.099899,253.490005,253.559998,51409
2026-05-19 17:15:00+00:00,253.580002,253.600006,252.074997,252.229996,81215
2026-05-19 17:20:00+00:00,252.110001,252.889999,251.809998,252.039993,86408
2026-05-19 17:25:00+00:00,252.020004,253.579803,252.020004,253.579803,68158
2026-05-19 17:30:00+00:00,253.490005,254.500000,253.380005,254.050003,34554
2026-05-19 17:35:00+00:00,254.059998,254.970001,254.050003,254.830002,36944
2026-05-19 17:40:00+00:00,254.839996,255.901993,254.710007,255.750000,48643
2026-05-19 17:45:00+00:00,255.669998,255.669998,254.979996,255.104996,32081
2026-05-19 17:50:00+00:00,255.104996,255.104996,254.369995,254.820007,32496
2026-05-19 17:55:00+00:00,254.779999,254.860001,254.214996,254.639999,26897
2026-05-19 18:00:00+00:00,254.630005,254.772003,254.169998,254.225006,31609
2026-05-19 18:05:00+00:00,254.130005,254.460007,254.080002,254.225006,35975
2026-05-19 18:10:00+00:00,254.139999,254.399994,253.539993,253.690002,32481
2026-05-19 18:15:00+00:00,253.580002,254.529999,253.560104,254.240097,26035
2026-05-19 18:20:00+00:00,254.335007,254.929504,254.330002,254.355896,36353
2026-05-19 18:25:00+00:00,254.464996,254.464996,253.160004,254.110001,52883
2026-05-19 18:30:00+00:00,254.110001,255.110001,254.050003,254.740005,26370
2026-05-19 18:35:00+00:00,254.740005,255.069901,254.520096,254.675003,25228
2026-05-19 18:40:00+00:00,254.720001,254.839996,254.380005,254.660004,21675
2026-05-19 18:45:00+00:00,254.509995,254.759995,253.999893,254.029999,26464
2026-05-19 18:50:00+00:00,254.043396,254.089996,253.321396,253.720001,31850
2026-05-19 18:55:00+00:00,253.770004,254.289993,253.649994,253.960007,29601
2026-05-19 19:00:00+00:00,254.119995,254.659897,254.029999,254.139999,33632
2026-05-19 19:05:00+00:00,254.160004,254.409897,253.960007,254.339996,26115
2026-05-19 19:10:00+00:00,254.339996,254.570007,254.089996,254.479996,26348
2026-05-19 19:15:00+00:00,254.440002,254.589996,254.000000,254.205002,36988
2026-05-19 19:20:00+00:00,254.300003,254.529999,254.270004,254.289993,32647
2026-05-19 19:25:00+00:00,254.270004,254.309998,253.970001,254.100006,32306
2026-05-19 19:30:00+00:00,254.100006,254.380005,253.850098,253.934998,45429
2026-05-19 19:35:00+00:00,253.895004,254.500000,253.860001,254.410095,44045
2026-05-19 19:40:00+00:00,254.500000,254.556000,254.200104,254.399994,51594
2026-05-19 19:45:00+00:00,254.395004,254.940002,254.300003,254.660004,71967
2026-05-19 19:50:00+00:00,254.639999,254.799896,254.408096,254.610001,124675
2026-05-19 19:55:00+00:00,254.615005,255.419998,254.615005,254.990005,379855
2026-05-20 13:30:00+00:00,250.274994,250.274994,246.723801,246.723801,237725
2026-05-20 13:35:00+00:00,247.009995,248.179001,246.212402,247.869995,154019
2026-05-20 13:40:00+00:00,247.912003,249.436005,246.755005,247.759995,130604
2026-05-20 13:45:00+00:00,247.759995,250.179993,247.420105,249.335007,96810
2026-05-20 13:50:00+00:00,249.163498,249.600006,247.845001,249.029907,78482
2026-05-20 13:55:00+00:00,249.080002,249.300003,248.401993,248.559998,50657
2026-05-20 14:00:00+00:00,248.425003,250.190002,248.425003,249.815002,77746
2026-05-20 14:05:00+00:00,249.930496,249.930496,248.500000,248.574997,59585
2026-05-20 14:10:00+00:00,248.570007,249.505005,248.560104,249.210007,55728
2026-05-20 14:15:00+00:00,249.220001,250.369995,249.220001,249.610001,57029
2026-05-20 14:20:00+00:00,249.559998,249.690002,247.699997,248.240005,74659
2026-05-20 14:25:00+00:00,248.240005,249.029999,248.160004,249.020004,26290
2026-05-20 14:30:00+00:00,249.029999,249.570007,248.800003,248.895004,38304
2026-05-20 14:35:00+00:00,248.880005,249.600006,248.789993,248.960007,36896
2026-05-20 14:40:00+00:00,248.929993,249.455002,248.929993,249.110001,23526
2026-05-20 14:45:00+00:00,249.000000,249.820007,248.979996,249.770004,22800
2026-05-20 14:50:00+00:00,249.770004,250.249893,249.559998,250.130005,26620
2026-05-20 14:55:00+00:00,250.189896,250.699905,249.919998,250.309998,62361
2026-05-20 15:00:00+00:00,250.350006,250.419998,249.570007,250.419998,34007
2026-05-20 15:05:00+00:00,250.422501,250.779999,250.009995,250.645004,39776
2026-05-20 15:10:00+00:00,250.610001,250.669998,249.580002,250.335007,39406
2026-05-20 15:15:00+00:00,250.335007,251.100006,249.500000,249.869995,224342
2026-05-20 15:20:00+00:00,249.845001,250.320007,249.309998,249.809998,46295
2026-05-20 15:25:00+00:00,249.880005,250.169998,249.679993,249.835007,58422
2026-05-20 15:30:00+00:00,249.750000,250.199997,249.740005,250.020004,29712
2026-05-20 15:35:00+00:00,250.000000,250.179993,249.830002,249.910095,31067
2026-05-20 15:40:00+00:00,249.940002,250.089996,249.649994,250.009995,29418
2026-05-20 15:45:00+00:00,250.009995,250.279999,249.914993,249.959900,25611
2026-05-20 15:50:00+00:00,250.000000,250.500000,249.910004,250.494995,27952
2026-05-20 15:55:00+00:00,250.490005,250.619995,250.050003,250.240005,23438
2026-05-20 16:00:00+00:00,250.169998,250.649994,249.710007,250.115005,39103
2026-05-20 16:05:00+00:00,250.130005,250.399994,250.130005,250.350006,20212
2026-05-20 16:10:00+00:00,250.264999,250.389999,250.059998,250.244202,18328
2026-05-20 16:15:00+00:00,250.240005,250.610001,250.210007,250.480103,211539
2026-05-20 16:20:00+00:00,250.589996,251.205002,250.100098,250.699997,35915
2026-05-20 16:25:00+00:00,250.660004,250.955002,250.300003,250.300003,24459
2026-05-20 16:30:00+00:00,250.169998,250.169998,249.720093,249.919998,28069
2026-05-20 16:35:00+00:00,249.960007,250.100006,249.639999,250.059998,29655
2026-05-20 16:40:00+00:00,250.065002,250.240005,249.960007,250.240005,24502
2026-05-20 16:45:00+00:00,250.289993,250.940002,250.160004,250.259995,27390
2026-05-20 16:50:00+00:00,250.199997,250.419998,249.649994,249.720001,26665
2026-05-20 16:55:00+00:00,249.740005,250.399994,249.675003,250.360001,29670
2026-05-20 17:00:00+00:00,250.360001,250.380005,249.559998,249.889999,28479
2026-05-20 17:05:00+00:00,249.929993,250.020004,249.649994,249.839996,27259
2026-05-20 17:10:00+00:00,249.895004,250.919998,249.789993,250.919998,28800
2026-05-20 17:15:00+00:00,250.964996,251.299896,250.390106,250.479996,33787
2026-05-20 17:20:00+00:00,250.479996,250.529999,250.089996,250.449997,23468
2026-05-20 17:25:00+00:00,250.529999,250.990005,250.470001,250.589996,19383
2026-05-20 17:30:00+00:00,250.570007,251.050003,250.559998,250.710098,37461
2026-05-20 17:35:00+00:00,250.770004,251.399994,250.750000,251.384995,55823
2026-05-20 17:40:00+00:00,251.389999,251.889999,251.380005,251.729996,40834
2026-05-20 17:45:00+00:00,251.809998,251.809998,251.430099,251.639999,25928
2026-05-20 17:50:00+00:00,251.690002,251.779999,251.399994,251.520004,30754
2026-05-20 17:55:00+00:00,251.490005,251.600006,251.149994,251.308594,26039
2026-05-20 18:00:00+00:00,251.110001,251.619995,250.919998,251.139999,30803
2026-05-20 18:05:00+00:00,250.957794,251.039993,250.309998,250.559998,24452
2026-05-20 18:10:00+00:00,250.554993,250.690002,250.279999,250.667999,23189
2026-05-20 18:15:00+00:00,250.699997,250.759995,250.389999,250.419998,30511
2026-05-20 18:20:00+00:00,250.419998,251.088196,250.419998,250.889999,32024
2026-05-20 18:25:00+00:00,250.889999,251.498001,250.800003,251.369995,20629
2026-05-20 18:30:00+00:00,251.380005,251.625000,251.380005,251.389999,15138
2026-05-20 18:35:00+00:00,251.460007,251.559998,251.309998,251.380005,14918
2026-05-20 18:40:00+00:00,251.425003,252.029999,251.309998,251.889999,20592
2026-05-20 18:45:00+00:00,251.854996,252.014999,251.550095,252.014999,12343
2026-05-20 18:50:00+00:00,251.965698,252.020004,251.589996,251.750000,17194
2026-05-20 18:55:00+00:00,251.773193,251.929993,251.589996,251.809998,19304
2026-05-20 19:00:00+00:00,251.830002,252.059998,251.335007,251.460007,18701
2026-05-20 19:05:00+00:00,251.399994,251.720001,251.169998,251.699997,25099
2026-05-20 19:10:00+00:00,251.639999,251.849899,251.540100,251.679993,26809
2026-05-20 19:15:00+00:00,251.740005,252.710007,251.669998,252.550003,43515
2026-05-20 19:20:00+00:00,252.550003,253.100006,252.470001,252.929993,32749
2026-05-20 19:25:00+00:00,252.895004,253.209900,252.820007,253.014999,28993
2026-05-20 19:30:00+00:00,253.089996,253.550003,252.675003,252.675003,44389
2026-05-20 19:35:00+00:00,252.720001,253.100006,252.660004,253.059998,41995
2026-05-20 19:40:00+00:00,252.979996,253.461304,252.925003,253.419998,76712
2026-05-20 19:45:00+00:00,253.380005,253.499893,252.830002,253.490005,57864
2026-05-20 19:50:00+00:00,253.419998,253.690002,253.119995,253.475006,73792
2026-05-20 19:55:00+00:00,253.429993,253.429993,252.880005,253.360001,156794
2026-05-21 13:30:00+00:00,246.218903,247.949997,243.380005,243.595001,361143
2026-05-21 13:35:00+00:00,243.595001,244.910004,242.759995,243.539993,112803
2026-05-21 13:40:00+00:00,243.410004,243.800003,242.149399,242.500000,78562
2026-05-21 13:45:00+00:00,242.270004,243.630005,242.110001,243.440002,56361
2026-05-21 13:50:00+00:00,243.500000,244.940002,243.500000,244.460007,76913
2026-05-21 13:55:00+00:00,244.490005,244.735001,243.500000,243.804993,41671
2026-05-21 14:00:00+00:00,243.919998,244.779907,243.764999,244.240005,65562
2026-05-21 14:05:00+00:00,244.235001,245.149902,244.199997,245.089005,57221
2026-05-21 14:10:00+00:00,245.139008,245.160004,244.440002,244.800003,75919
2026-05-21 14:15:00+00:00,244.750000,245.320007,244.434998,244.470001,56206
2026-05-21 14:20:00+00:00,244.414993,245.960007,244.300095,245.919998,120294
2026-05-21 14:25:00+00:00,245.789993,245.789993,244.729996,244.960007,53842
2026-05-21 14:30:00+00:00,244.889999,245.160004,244.429993,244.479996,36777
2026-05-21 14:35:00+00:00,244.529999,244.669998,243.927505,244.070007,37883
2026-05-21 14:40:00+00:00,244.229996,244.880005,244.029999,244.880005,45588
2026-05-21 14:45:00+00:00,244.889999,244.979996,244.449997,244.979996,30238
2026-05-21 14:50:00+00:00,244.949997,245.750000,244.854996,245.550003,38487
2026-05-21 14:55:00+00:00,245.570007,245.669998,245.270004,245.554993,28223
2026-05-21 15:00:00+00:00,245.554993,245.649994,244.940002,244.940002,32960
2026-05-21 15:05:00+00:00,244.880005,244.934998,244.080093,244.210007,39172
2026-05-21 15:10:00+00:00,244.220001,244.338699,244.000000,244.065002,45037
2026-05-21 15:15:00+00:00,244.057495,244.229996,243.559998,244.050003,33967
2026-05-21 15:20:00+00:00,244.134995,244.134995,243.119995,243.360001,35124
2026-05-21 15:25:00+00:00,243.380005,243.600998,243.289993,243.440002,26037
2026-05-21 15:30:00+00:00,243.404999,243.490005,243.020096,243.102493,37410
2026-05-21 15:35:00+00:00,243.149994,243.410004,243.050095,243.307495,39885
2026-05-21 15:40:00+00:00,243.199997,243.610001,243.199997,243.380005,29722
2026-05-21 15:45:00+00:00,243.449905,243.580002,243.070007,243.350006,45803
2026-05-21 15:50:00+00:00,243.389999,243.559906,243.119995,243.339996,20746
2026-05-21 15:55:00+00:00,243.289993,243.979996,243.285004,243.970001,25447
2026-05-21 16:00:00+00:00,243.850006,244.044998,243.561005,243.595001,35303
2026-05-21 16:05:00+00:00,243.595001,243.740005,243.330002,243.630005,22779
2026-05-21 16:10:00+00:00,243.585007,243.729996,243.229996,243.509995,22776
2026-05-21 16:15:00+00:00,243.580002,243.869995,243.317505,243.690002,23972
2026-05-21 16:20:00+00:00,243.779999,243.809906,243.250000,243.360001,17274
2026-05-21 16:25:00+00:00,243.384995,243.485001,243.285004,243.485001,14745
2026-05-21 16:30:00+00:00,243.485001,243.719894,243.407501,243.699997,18278
2026-05-21 16:35:00+00:00,243.720001,243.899994,243.690002,243.800003,14888
2026-05-21 16:40:00+00:00,243.809998,243.880005,243.500107,243.570007,28651
2026-05-21 16:45:00+00:00,243.570007,244.250000,243.570007,244.039993,27868
2026-05-21 16:50:00+00:00,244.085007,244.350006,243.910004,244.169998,18117
2026-05-21 16:55:00+00:00,244.179901,244.299896,243.764999,243.889999,18622
2026-05-21 17:00:00+00:00,243.899994,244.220001,243.839996,243.994995,16028
2026-05-21 17:05:00+00:00,244.065002,244.350006,244.000000,244.300003,14856
2026-05-21 17:10:00+00:00,244.315002,245.125000,244.315002,244.634995,38472
2026-05-21 17:15:00+00:00,244.580002,245.339996,244.270004,244.854996,43955
2026-05-21 17:20:00+00:00,244.854996,245.449905,244.610107,245.410004,29600
2026-05-21 17:25:00+00:00,245.429993,245.490005,244.830002,244.904999,50468
2026-05-21 17:30:00+00:00,244.904999,245.229996,244.820007,245.110001,20076
2026-05-21 17:35:00+00:00,245.115005,245.179993,244.860001,244.869995,23591
2026-05-21 17:40:00+00:00,245.009995,245.599899,244.955002,245.380005,17409
2026-05-21 17:45:00+00:00,245.470001,245.919998,245.390106,245.585007,24019
2026-05-21 17:50:00+00:00,245.585007,245.940002,245.509995,245.929993,36897
2026-05-21 17:55:00+00:00,245.949997,246.050003,245.210007,245.339996,31207
2026-05-21 18:00:00+00:00,245.339996,245.850006,245.330002,245.550003,28676
2026-05-21 18:05:00+00:00,245.550003,245.658997,245.289993,245.550995,19876
2026-05-21 18:10:00+00:00,245.525696,245.619995,245.229996,245.324997,20984
2026-05-21 18:15:00+00:00,245.320007,245.408997,244.929993,245.139999,20000
2026-05-21 18:20:00+00:00,245.139999,245.268997,244.729996,244.899994,26973
2026-05-21 18:25:00+00:00,244.934998,245.399994,244.839996,244.949997,28582
2026-05-21 18:30:00+00:00,244.990005,245.460007,244.949997,245.369995,20830
2026-05-21 18:35:00+00:00,245.369995,245.460007,245.000000,245.119995,21967
2026-05-21 18:40:00+00:00,245.020004,245.276794,245.020004,245.169998,19374
2026-05-21 18:45:00+00:00,245.169998,245.320007,244.919998,244.994995,22945
2026-05-21 18:50:00+00:00,244.899994,245.350006,244.259995,244.259995,28166
2026-05-21 18:55:00+00:00,244.147995,244.350006,244.059998,244.240005,25562
2026-05-21 19:00:00+00:00,244.320007,244.470001,244.199997,244.339996,19954
2026-05-21 19:05:00+00:00,244.360001,244.600006,244.339996,244.380005,35312
2026-05-21 19:10:00+00:00,244.380005,244.550003,243.820007,243.920105,37663
2026-05-21 19:15:00+00:00,244.000000,244.309906,243.920105,244.199997,30872
2026-05-21 19:20:00+00:00,244.270004,244.279999,243.945007,244.024994,36450
2026-05-21 19:25:00+00:00,244.044998,244.169998,243.570007,243.639999,34533
2026-05-21 19:30:00+00:00,243.630005,243.869995,243.580002,243.690002,44260
2026-05-21 19:35:00+00:00,243.619995,244.100006,243.619995,244.014999,40996
2026-05-21 19:40:00+00:00,244.029999,244.050003,243.710007,243.975006,47140
2026-05-21 19:45:00+00:00,243.970001,244.199997,243.869400,244.139999,72600
2026-05-21 19:50:00+00:00,244.190002,244.350006,243.809998,243.940002,141706
2026-05-21 19:55:00+00:00,243.889999,244.320007,243.800003,244.089996,277554
2026-05-22 13:30:00+00:00,245.567505,248.070007,245.190002,247.354996,249364
2026-05-22 13:35:00+00:00,247.399994,249.460007,246.810104,249.020004,142954
2026-05-22 13:40:00+00:00,249.059998,249.440002,247.820007,248.800003,97191
2026-05-22 13:45:00+00:00,248.899994,249.770004,248.100006,248.309998,59182
2026-05-22 13:50:00+00:00,248.384995,248.580002,246.360001,246.839996,52309
2026-05-22 13:55:00+00:00,246.820007,247.139999,245.130005,245.710007,54726
2026-05-22 14:00:00+00:00,245.630005,246.210007,245.399994,245.770004,48600
2026-05-22 14:05:00+00:00,245.770004,246.339996,245.458893,245.524994,45426
2026-05-22 14:10:00+00:00,245.509995,245.550003,244.113403,244.410095,49614
2026-05-22 14:15:00+00:00,244.309998,244.699997,243.619995,244.119995,53812
2026-05-22 14:20:00+00:00,244.259995,244.410004,243.565002,243.699997,45806
2026-05-22 14:25:00+00:00,243.639999,243.860001,243.009995,243.404999,43304
2026-05-22 14:30:00+00:00,243.399994,243.815002,243.020004,243.110001,52138
2026-05-22 14:35:00+00:00,243.184998,243.500000,242.889999,242.889999,38565
2026-05-22 14:40:00+00:00,242.820007,243.190002,242.729996,243.095200,30570
2026-05-22 14:45:00+00:00,243.139999,243.529999,242.710007,243.490005,28935
2026-05-22 14:50:00+00:00,243.460007,243.589996,242.899994,243.261093,334737
2026-05-22 14:55:00+00:00,243.119995,243.539993,243.110001,243.360001,27051
2026-05-22 15:00:00+00:00,243.300003,243.910004,243.240005,243.899994,31813
2026-05-22 15:05:00+00:00,243.869995,244.155899,243.740005,244.089996,34995
2026-05-22 15:10:00+00:00,244.119995,244.410004,243.820007,244.104996,23576
2026-05-22 15:15:00+00:00,244.020004,244.190002,243.570007,244.029999,37403
2026-05-22 15:20:00+00:00,244.110001,244.149994,243.830002,243.994995,38382
2026-05-22 15:25:00+00:00,244.039993,244.279999,243.910004,244.220001,29061
2026-05-22 15:30:00+00:00,244.184998,244.300003,243.610001,243.789993,34352
2026-05-22 15:35:00+00:00,243.764999,244.000000,243.212097,243.300095,34936
2026-05-22 15:40:00+00:00,243.330002,243.949997,243.320099,243.860001,29858
2026-05-22 15:45:00+00:00,243.850906,244.300003,243.800003,244.255005,32388
2026-05-22 15:50:00+00:00,244.199997,244.256699,243.850006,243.919998,31370
2026-05-22 15:55:00+00:00,243.910004,244.220001,243.729996,243.865005,30190
2026-05-22 16:00:00+00:00,243.914993,244.259995,243.830002,244.104996,22613
2026-05-22 16:05:00+00:00,244.080002,244.410004,244.059998,244.115005,34188
2026-05-22 16:10:00+00:00,244.115005,244.389999,243.940002,244.184998,22431
2026-05-22 16:15:00+00:00,244.184998,244.540100,244.125000,244.330002,28802
2026-05-22 16:20:00+00:00,244.360001,244.520004,243.901993,244.000000,23837
2026-05-22 16:25:00+00:00,244.000000,244.300003,243.839996,244.080002,25734
2026-05-22 16:30:00+00:00,244.029999,244.339996,244.000000,244.300003,20293
2026-05-22 16:35:00+00:00,244.320007,244.375000,244.080002,244.269897,25206
2026-05-22 16:40:00+00:00,244.179993,244.429993,244.059998,244.240005,21530
2026-05-22 16:45:00+00:00,244.300003,244.479996,243.964996,244.250000,26872
2026-05-22 16:50:00+00:00,244.229996,244.464996,244.210007,244.389999,21548
2026-05-22 16:55:00+00:00,244.389999,244.470001,244.220001,244.449997,21108
2026-05-22 17:00:00+00:00,244.440002,244.820007,244.179993,244.809998,30798
2026-05-22 17:05:00+00:00,244.830002,244.949997,244.529999,244.619995,18266
2026-05-22 17:10:00+00:00,244.619995,244.880005,244.615005,244.750000,28236
2026-05-22 17:15:00+00:00,244.815002,244.880005,244.429993,244.479996,26910
2026-05-22 17:20:00+00:00,244.490005,244.490005,243.940002,244.089996,20506
2026-05-22 17:25:00+00:00,244.024994,244.509995,244.024994,244.509995,22358
2026-05-22 17:30:00+00:00,244.550003,244.800003,244.240005,244.320007,22236
2026-05-22 17:35:00+00:00,244.350006,244.809998,244.279999,244.744995,36561
2026-05-22 17:40:00+00:00,244.740005,244.839996,244.550003,244.551697,24337
2026-05-22 17:45:00+00:00,244.570007,244.580002,244.110001,244.110001,28768
2026-05-22 17:50:00+00:00,244.104996,244.414993,244.000000,244.175003,33808
2026-05-22 17:55:00+00:00,244.125000,244.205002,243.949997,243.970001,16334
2026-05-22 18:00:00+00:00,243.970001,244.227295,243.779999,244.141907,26919
2026-05-22 18:05:00+00:00,244.110001,244.339996,244.104996,244.169998,29952
2026-05-22 18:10:00+00:00,244.199997,244.539993,244.160004,244.539993,24898
2026-05-22 18:15:00+00:00,244.419998,244.589996,244.354996,244.570007,20326
2026-05-22 18:20:00+00:00,244.600006,244.850006,244.520004,244.800003,29042
2026-05-22 18:25:00+00:00,244.759995,245.065002,244.669998,244.929993,28072
2026-05-22 18:30:00+00:00,244.929993,245.149994,244.820007,245.029999,22732
2026-05-22 18:35:00+00:00,245.039993,245.380005,244.940903,245.250000,22844
2026-05-22 18:40:00+00:00,245.199997,245.250000,244.809998,244.871307,28728
2026-05-22 18:45:00+00:00,244.770096,244.910004,244.330093,244.425003,25806
2026-05-22 18:50:00+00:00,244.425003,244.744995,244.425003,244.679993,17944
2026-05-22 18:55:00+00:00,244.600006,244.639999,244.220001,244.490005,26160
2026-05-22 19:00:00+00:00,244.509995,245.270004,244.470093,245.169998,35995
2026-05-22 19:05:00+00:00,245.210007,245.360001,245.130005,245.279999,26151
2026-05-22 19:10:00+00:00,245.279999,245.279999,244.889999,245.059998,27896
2026-05-22 19:15:00+00:00,245.100006,245.389999,244.889999,245.289993,30723
2026-05-22 19:20:00+00:00,245.289993,245.289993,245.080002,245.100006,28170
2026-05-22 19:25:00+00:00,245.154999,245.229996,244.779007,244.815002,30456
2026-05-22 19:30:00+00:00,244.809998,244.809998,244.479996,244.604996,37476
2026-05-22 19:35:00+00:00,244.580002,244.859894,244.390396,244.449997,46726
2026-05-22 19:40:00+00:00,244.419998,244.779999,244.274994,244.779999,46664
2026-05-22 19:45:00+00:00,244.770004,245.050003,244.690002,244.914993,70988
2026-05-22 19:50:00+00:00,244.914993,244.929993,244.639999,244.710007,73949
2026-05-22 19:55:00+00:00,244.639999,244.960007,244.389999,244.770004,167253
2026-05-26 13:30:00+00:00,242.570007,243.330002,240.880005,241.395004,185127
2026-05-26 13:35:00+00:00,241.395004,242.339996,238.570007,238.920105,108766
2026-05-26 13:40:00+00:00,239.123505,240.600006,238.919998,240.600006,77921
2026-05-26 13:45:00+00:00,240.699997,241.544998,240.699997,241.229996,63665
2026-05-26 13:50:00+00:00,241.294998,241.500000,239.529999,239.703003,75886
2026-05-26 13:55:00+00:00,239.794998,241.789993,239.794998,241.470001,77657
2026-05-26 14:00:00+00:00,241.470001,243.000000,241.470001,242.660004,89812
2026-05-26 14:05:00+00:00,242.830002,243.369995,242.610001,242.720093,36298
2026-05-26 14:10:00+00:00,242.600006,243.000000,242.020004,242.809998,50487
2026-05-26 14:15:00+00:00,242.845001,243.570007,242.589996,243.074997,43173
2026-05-26 14:20:00+00:00,243.074997,243.470001,243.029999,243.375107,38499
2026-05-26 14:25:00+00:00,243.369995,243.500000,242.425003,242.600006,34231
2026-05-26 14:30:00+00:00,242.440002,242.589996,241.770004,241.815002,48090
2026-05-26 14:35:00+00:00,241.770004,242.029999,241.639999,241.910004,38191
2026-05-26 14:40:00+00:00,241.914993,242.520004,241.759995,242.279999,34718
2026-05-26 14:45:00+00:00,242.259995,242.304993,241.669998,241.949997,27674
2026-05-26 14:50:00+00:00,241.789993,241.970001,241.531693,241.574997,16943
2026-05-26 14:55:00+00:00,241.681595,242.039993,241.470001,241.710007,40665
2026-05-26 15:00:00+00:00,241.729996,242.380005,241.529999,242.264999,21809
2026-05-26 15:05:00+00:00,242.320007,242.410004,241.960098,242.259995,20329
2026-05-26 15:10:00+00:00,242.270004,242.309998,241.810104,241.884995,19678
2026-05-26 15:15:00+00:00,241.930298,242.490005,241.820007,242.288300,43055
2026-05-26 15:20:00+00:00,242.250000,242.500000,242.029999,242.134995,32939
2026-05-26 15:25:00+00:00,242.134995,242.550003,242.134995,242.449997,24699
2026-05-26 15:30:00+00:00,242.350006,242.410004,241.912796,242.130005,15293
2026-05-26 15:35:00+00:00,242.130005,242.699997,242.030106,242.690002,18108
2026-05-26 15:40:00+00:00,242.684998,242.989899,242.270004,242.315002,22256
2026-05-26 15:45:00+00:00,242.320007,242.570007,242.179993,242.554993,17645
2026-05-26 15:50:00+00:00,242.599396,242.610306,242.050003,242.142502,16711
2026-05-26 15:55:00+00:00,242.205002,242.469696,242.100006,242.195007,16776
2026-05-26 16:00:00+00:00,242.089996,242.330002,242.070007,242.100006,15123
2026-05-26 16:05:00+00:00,242.119995,242.720001,242.009995,242.595001,12920
2026-05-26 16:10:00+00:00,242.559998,242.625000,242.199997,242.199997,14514
2026-05-26 16:15:00+00:00,242.270004,242.740005,242.270004,242.710007,13489
2026-05-26 16:20:00+00:00,242.699997,242.789993,242.490005,242.610001,15950
2026-05-26 16:25:00+00:00,242.589996,242.820007,242.514999,242.764999,22098
2026-05-26 16:30:00+00:00,242.816895,242.816895,242.505005,242.535004,16485
2026-05-26 16:35:00+00:00,242.479996,242.679901,241.899994,242.130005,25972
2026-05-26 16:40:00+00:00,242.035004,242.350006,242.029999,242.155502,16776
2026-05-26 16:45:00+00:00,242.125000,242.229996,241.900101,241.970001,10942
2026-05-26 16:50:00+00:00,241.964996,242.199997,241.810104,241.850006,16228
2026-05-26 16:55:00+00:00,241.889999,241.999893,241.585007,241.695007,13021
2026-05-26 17:00:00+00:00,241.610001,241.820007,241.479996,241.690002,13280
2026-05-26 17:05:00+00:00,241.705002,241.999893,241.559998,241.990005,10203
2026-05-26 17:10:00+00:00,241.990005,242.199997,241.889999,242.059998,11240
2026-05-26 17:15:00+00:00,242.000000,242.220001,241.970093,242.130005,11547
2026-05-26 17:20:00+00:00,242.059998,242.320007,242.009995,242.095001,14169
2026-05-26 17:25:00+00:00,242.020004,242.149994,241.899994,242.139999,20298
2026-05-26 17:30:00+00:00,242.039993,242.085495,241.500000,241.625107,16763
2026-05-26 17:35:00+00:00,241.679993,241.789993,241.494995,241.700104,14787
2026-05-26 17:40:00+00:00,241.850006,242.009995,241.669998,241.669998,15946
2026-05-26 17:45:00+00:00,241.699997,241.748596,241.369995,241.380096,10894
2026-05-26 17:50:00+00:00,241.429993,241.630005,241.279999,241.279999,13323
2026-05-26 17:55:00+00:00,241.250000,241.335007,241.149994,241.220001,13094
2026-05-26 18:00:00+00:00,241.250107,241.350006,241.100006,241.229996,11053
2026-05-26 18:05:00+00:00,241.229996,241.529907,241.199402,241.479996,13041
2026-05-26 18:10:00+00:00,241.425003,241.669998,241.394104,241.570007,15004
2026-05-26 18:15:00+00:00,241.565094,242.074997,241.565002,241.925003,13529
2026-05-26 18:20:00+00:00,241.850006,242.289993,241.850006,242.246399,13253
2026-05-26 18:25:00+00:00,242.289993,242.425003,242.039993,242.128998,19040
2026-05-26 18:30:00+00:00,242.149994,242.250000,242.009995,242.145004,15150
2026-05-26 18:35:00+00:00,242.070007,242.145004,241.595901,242.039902,23441
2026-05-26 18:40:00+00:00,241.970001,242.065002,241.880005,241.960007,8866
2026-05-26 18:45:00+00:00,242.059998,242.289993,241.900101,242.110001,21675
2026-05-26 18:50:00+00:00,242.089996,242.360001,242.080002,242.345001,20828
2026-05-26 18:55:00+00:00,242.345001,242.445007,242.080002,242.190002,23066
2026-05-26 19:00:00+00:00,242.210007,242.399994,241.970001,241.970001,18550
2026-05-26 19:05:00+00:00,241.990005,242.179993,241.850006,242.050003,30402
2026-05-26 19:10:00+00:00,242.024994,242.095001,241.759995,241.899994,21048
2026-05-26 19:15:00+00:00,241.919998,242.065002,241.720001,241.764999,18852
2026-05-26 19:20:00+00:00,241.750000,242.100006,241.729996,241.789993,22688
2026-05-26 19:25:00+00:00,241.854996,242.000000,241.735001,241.779999,22278
2026-05-26 19:30:00+00:00,241.830002,241.850006,241.509995,241.520004,29475
2026-05-26 19:35:00+00:00,241.500000,241.669998,241.282196,241.350006,33822
2026-05-26 19:40:00+00:00,241.345001,241.602493,241.315002,241.602493,33182
2026-05-26 19:45:00+00:00,241.619995,241.649994,241.300003,241.320007,51259
2026-05-26 19:50:00+00:00,241.300003,241.380005,240.779999,241.000000,70225
2026-05-26 19:55:00+00:00,241.009995,241.029999,240.320007,240.470001,244482
2026-05-27 13:30:00+00:00,237.279999,241.419998,237.279999,240.479996,206873
2026-05-27 13:35:00+00:00,240.320007,242.489899,239.470001,240.399994,63482
2026-05-27 13:40:00+00:00,240.387299,242.740005,239.690002,242.610001,73027
2026-05-27 13:45:00+00:00,242.789993,243.919998,241.440002,241.729996,83068
2026-05-27 13:50:00+00:00,241.565002,241.839996,239.770004,240.975006,72152
2026-05-27 13:55:00+00:00,240.975006,241.169907,239.550003,240.100006,51623
2026-05-27 14:00:00+00:00,240.300003,242.164093,240.100006,241.514999,52045
2026-05-27 14:05:00+00:00,241.509995,241.889999,240.919998,241.604996,50841
2026-05-27 14:10:00+00:00,241.604996,243.184906,241.600006,243.044998,74693
2026-05-27 14:15:00+00:00,243.044998,243.099899,242.000000,242.720001,38113
2026-05-27 14:20:00+00:00,242.789993,243.800003,242.679993,243.235001,39469
2026-05-27 14:25:00+00:00,243.310303,244.240005,243.310303,243.904999,60104
2026-05-27 14:30:00+00:00,243.750000,244.085007,243.369995,243.630997,53174
2026-05-27 14:35:00+00:00,243.660004,244.139999,242.869995,243.880005,50025
2026-05-27 14:40:00+00:00,243.750000,243.852798,242.544998,242.544998,28427
2026-05-27 14:45:00+00:00,242.520004,242.800003,242.289993,242.789993,34263
2026-05-27 14:50:00+00:00,242.595001,242.610001,241.679993,242.220001,25435
2026-05-27 14:55:00+00:00,242.220001,242.669998,242.070007,242.330002,22947
2026-05-27 15:00:00+00:00,242.320007,242.630005,241.750000,241.809998,37337
2026-05-27 15:05:00+00:00,241.869904,241.869904,241.095001,241.710007,29137
2026-05-27 15:10:00+00:00,241.740005,241.740005,240.750000,240.945007,28344
2026-05-27 15:15:00+00:00,240.955002,241.729996,240.634995,240.729996,34855
2026-05-27 15:20:00+00:00,240.720001,241.179993,240.615005,240.880005,39484
2026-05-27 15:25:00+00:00,241.100006,241.399994,240.699997,240.750000,41634
2026-05-27 15:30:00+00:00,240.699997,241.330002,240.619995,240.990005,61695
2026-05-27 15:35:00+00:00,241.035004,241.425003,240.854996,241.425003,25820
2026-05-27 15:40:00+00:00,241.429993,241.470001,240.530106,240.550003,20472
2026-05-27 15:45:00+00:00,240.630005,240.910004,240.520004,240.714996,28308
2026-05-27 15:50:00+00:00,240.714996,240.899994,240.089996,240.089996,19705
2026-05-27 15:55:00+00:00,240.195007,240.368805,239.654999,239.750000,27524
2026-05-27 16:00:00+00:00,239.789993,240.020004,239.600006,239.625000,21403
2026-05-27 16:05:00+00:00,239.600006,239.875000,239.350006,239.630005,23844
2026-05-27 16:10:00+00:00,239.679993,239.789902,239.070007,239.309998,24545
2026-05-27 16:15:00+00:00,239.180099,239.619995,239.180099,239.502899,33549
2026-05-27 16:20:00+00:00,239.509995,239.619995,239.199997,239.470001,15505
2026-05-27 16:25:00+00:00,239.434998,239.434998,239.000000,239.154999,29015
2026-05-27 16:30:00+00:00,239.104996,239.440002,239.059998,239.175003,33397
2026-05-27 16:35:00+00:00,239.175003,239.490005,239.030106,239.235001,33053
2026-05-27 16:40:00+00:00,239.309998,239.350006,239.050003,239.300003,33665
2026-05-27 16:45:00+00:00,239.220001,239.360001,238.811005,238.899994,26148
2026-05-27 16:50:00+00:00,238.889999,239.369995,238.889999,239.330002,20883
2026-05-27 16:55:00+00:00,239.240005,239.500107,239.240005,239.380005,17900
2026-05-27 17:00:00+00:00,239.320007,239.389999,239.095001,239.389999,21726
2026-05-27 17:05:00+00:00,239.380005,239.600998,239.240005,239.600998,12797
2026-05-27 17:10:00+00:00,239.529999,240.000000,239.440002,239.740005,27440
2026-05-27 17:15:00+00:00,239.789993,239.789993,239.009995,239.100006,22990
2026-05-27 17:20:00+00:00,239.100006,239.100006,238.440002,238.669998,16579
2026-05-27 17:25:00+00:00,238.639999,238.750000,238.580002,238.719894,23788
2026-05-27 17:30:00+00:00,238.710007,239.320007,238.699997,239.227798,18771
2026-05-27 17:35:00+00:00,239.169998,239.210007,238.990005,239.014099,14256
2026-05-27 17:40:00+00:00,239.179993,239.199997,238.800003,238.800003,16888
2026-05-27 17:45:00+00:00,238.800003,239.139999,238.714996,238.714996,19161
2026-05-27 17:50:00+00:00,238.695007,238.820007,238.270203,238.520004,21991
2026-05-27 17:55:00+00:00,238.509995,238.589996,238.240005,238.479996,20049
2026-05-27 18:00:00+00:00,238.429993,238.898605,238.429993,238.699997,21731
2026-05-27 18:05:00+00:00,238.729996,238.985504,238.630005,238.750000,23569
2026-05-27 18:10:00+00:00,238.729996,238.839996,238.440002,238.729996,18909
2026-05-27 18:15:00+00:00,238.815002,239.169998,238.750000,239.169998,26248
2026-05-27 18:20:00+00:00,239.210007,239.479996,239.039993,239.199997,29743
2026-05-27 18:25:00+00:00,239.199997,239.269897,238.649994,238.809998,47012
2026-05-27 18:30:00+00:00,238.899902,239.160004,238.729996,238.880005,32657
2026-05-27 18:35:00+00:00,238.940002,238.940002,238.679993,238.895004,28457
2026-05-27 18:40:00+00:00,238.910004,239.270004,238.835007,239.085007,28117
2026-05-27 18:45:00+00:00,239.085007,239.419998,239.059998,239.214996,14558
2026-05-27 18:50:00+00:00,239.214996,239.429993,239.009995,239.110001,50518
2026-05-27 18:55:00+00:00,239.110001,239.399994,239.074203,239.324997,14905
2026-05-27 19:00:00+00:00,239.371704,239.429993,239.000107,239.149994,29164
2026-05-27 19:05:00+00:00,239.175003,239.289993,239.009995,239.193802,19234
2026-05-27 19:10:00+00:00,239.270004,239.334198,238.985001,239.141006,25525
2026-05-27 19:15:00+00:00,239.130005,239.389999,238.889999,238.955002,26728
2026-05-27 19:20:00+00:00,238.925003,239.089996,238.695007,238.740005,31851
2026-05-27 19:25:00+00:00,238.789993,238.940002,238.669998,238.720001,31060
2026-05-27 19:30:00+00:00,238.714996,238.740005,238.400101,238.470001,33657
2026-05-27 19:35:00+00:00,238.471497,238.660004,238.354996,238.619995,41978
2026-05-27 19:40:00+00:00,238.600006,238.669998,238.279999,238.449997,35225
2026-05-27 19:45:00+00:00,238.429993,238.514999,238.139999,238.369995,45263
2026-05-27 19:50:00+00:00,238.330002,238.350006,238.000000,238.059998,77607
2026-05-27 19:55:00+00:00,238.080002,238.380005,238.080002,238.270004,175065
2026-05-28 13:30:00+00:00,239.570007,240.199905,236.750000,237.720001,263451
2026-05-28 13:35:00+00:00,237.509995,238.699997,236.660004,238.279999,93342
2026-05-28 13:40:00+00:00,238.289993,240.210007,237.699997,240.000000,74001
2026-05-28 13:45:00+00:00,240.179993,242.110001,240.070007,241.270004,83078
2026-05-28 13:50:00+00:00,241.160004,242.550003,240.710007,242.494995,55612
2026-05-28 13:55:00+00:00,242.554993,243.800003,242.009995,243.669998,81174
2026-05-28 14:00:00+00:00,243.669998,244.595001,243.279999,244.595001,83466
2026-05-28 14:05:00+00:00,244.570007,244.759995,242.910004,242.910004,40241
2026-05-28 14:10:00+00:00,243.269897,243.269897,241.940002,242.809998,78452
2026-05-28 14:15:00+00:00,243.020905,243.020905,241.670105,241.910004,50949
2026-05-28 14:20:00+00:00,241.842499,242.690002,241.297699,242.380005,51726
2026-05-28 14:25:00+00:00,242.535095,242.679993,241.919998,242.330002,22167
2026-05-28 14:30:00+00:00,242.339996,242.672195,241.869995,242.625000,23866
2026-05-28 14:35:00+00:00,242.559204,242.639999,241.009995,241.119995,24547
2026-05-28 14:40:00+00:00,241.130005,241.470001,240.820007,241.380005,38953
2026-05-28 14:45:00+00:00,241.380005,242.330002,241.179993,242.220001,40817
2026-05-28 14:50:00+00:00,242.229996,242.229996,241.639999,242.020004,27067
2026-05-28 14:55:00+00:00,242.130005,242.130005,241.595001,241.860001,24555
2026-05-28 15:00:00+00:00,241.949997,242.009995,241.479996,241.740005,33321
2026-05-28 15:05:00+00:00,241.710007,241.710007,240.940002,241.029999,27471
2026-05-28 15:10:00+00:00,241.009995,241.251999,240.910004,240.934998,20865
2026-05-28 15:15:00+00:00,240.934998,240.949997,239.839798,240.009995,37136
2026-05-28 15:20:00+00:00,240.054993,240.080002,239.729996,239.820007,30888
2026-05-28 15:25:00+00:00,239.940002,240.270004,239.809998,239.889999,62971
2026-05-28 15:30:00+00:00,239.794998,240.179993,239.639999,240.054993,37663
2026-05-28 15:35:00+00:00,240.095001,240.559998,240.080002,240.490005,24694
2026-05-28 15:40:00+00:00,240.550003,240.945007,240.460007,240.839996,25362
2026-05-28 15:45:00+00:00,240.895004,240.990005,240.649994,240.867493,15308
2026-05-28 15:50:00+00:00,240.912598,241.129898,240.529999,240.669998,19986
2026-05-28 15:55:00+00:00,240.699997,240.839996,240.619995,240.779999,33982
2026-05-28 16:00:00+00:00,240.770004,240.839996,240.500000,240.570007,21367
2026-05-28 16:05:00+00:00,240.630005,241.219894,240.630005,240.809998,16837
2026-05-28 16:10:00+00:00,240.835007,240.835007,240.419998,240.619995,18350
2026-05-28 16:15:00+00:00,240.625000,241.039993,240.600006,240.910004,13683
2026-05-28 16:20:00+00:00,240.850006,241.169998,240.850006,241.139999,16657
2026-05-28 16:25:00+00:00,241.139999,241.830002,241.130005,241.452499,37293
2026-05-28 16:30:00+00:00,241.505005,241.714996,241.380005,241.432205,23363
2026-05-28 16:35:00+00:00,241.419998,241.500000,241.009995,241.160004,24699
2026-05-28 16:40:00+00:00,241.080002,241.449997,240.929993,240.929993,19301
2026-05-28 16:45:00+00:00,240.975006,241.074997,240.800003,240.800003,24489
2026-05-28 16:50:00+00:00,240.800003,240.809998,240.550003,240.679993,19257
2026-05-28 16:55:00+00:00,240.679993,241.059998,240.539993,240.934998,23023
2026-05-28 17:00:00+00:00,240.949997,241.380096,240.800095,241.380005,15856
2026-05-28 17:05:00+00:00,241.399994,242.070007,241.380005,242.020004,23916
2026-05-28 17:10:00+00:00,241.979996,242.100006,241.729996,241.800003,30310
2026-05-28 17:15:00+00:00,241.839996,241.910004,241.544998,241.589996,19218
2026-05-28 17:20:00+00:00,241.550003,241.950394,241.470001,241.899994,16247
2026-05-28 17:25:00+00:00,241.789993,242.169998,241.740005,242.169998,17726
2026-05-28 17:30:00+00:00,242.110001,242.350006,242.050003,242.264999,18711
2026-05-28 17:35:00+00:00,242.264999,242.330002,242.000000,242.119995,23147
2026-05-28 17:40:00+00:00,242.110992,242.149994,241.889999,242.035004,19218
2026-05-28 17:45:00+00:00,242.039993,242.039993,241.610001,241.940002,24402
2026-05-28 17:50:00+00:00,241.940002,242.169998,241.800003,241.940002,22732
2026-05-28 17:55:00+00:00,241.990005,242.249893,241.830002,242.085007,26073
2026-05-28 18:00:00+00:00,242.029999,242.389999,242.029999,242.346405,22160
2026-05-28 18:05:00+00:00,242.350006,242.589996,242.300003,242.490005,27713
2026-05-28 18:10:00+00:00,242.470001,242.639999,242.389999,242.389999,23315
2026-05-28 18:15:00+00:00,242.391006,242.391006,241.789993,241.854996,26352
2026-05-28 18:20:00+00:00,241.854996,241.869995,241.449997,241.500000,25062
2026-05-28 18:25:00+00:00,241.460007,241.529999,241.259995,241.505005,19231
2026-05-28 18:30:00+00:00,241.464996,241.739899,241.450806,241.699997,18549
2026-05-28 18:35:00+00:00,241.720001,241.800003,241.490005,241.580002,23622
2026-05-28 18:40:00+00:00,241.510101,241.604996,241.390106,241.529999,14556
2026-05-28 18:45:00+00:00,241.539993,241.865005,241.500000,241.764999,19680
2026-05-28 18:50:00+00:00,241.699997,241.729996,241.324997,241.324997,18172
2026-05-28 18:55:00+00:00,241.404999,241.550003,241.350006,241.490005,26234
2026-05-28 19:00:00+00:00,241.434998,241.720001,241.389999,241.720001,21830
2026-05-28 19:05:00+00:00,241.750000,241.860001,241.589996,241.785004,22578
2026-05-28 19:10:00+00:00,241.710007,242.339996,241.679993,242.270004,33391
2026-05-28 19:15:00+00:00,242.270004,242.378006,242.119995,242.320007,25821
2026-05-28 19:20:00+00:00,242.300003,242.490005,242.220001,242.330002,25345
2026-05-28 19:25:00+00:00,242.309998,242.490005,242.060104,242.445007,24337
2026-05-28 19:30:00+00:00,242.470001,242.574997,242.330002,242.449997,28887
2026-05-28 19:35:00+00:00,242.410004,242.440002,242.040100,242.149994,28356
2026-05-28 19:40:00+00:00,242.100006,242.110001,241.645004,241.645004,31298
2026-05-28 19:45:00+00:00,241.679993,241.759995,241.449997,241.490005,41027
2026-05-28 19:50:00+00:00,241.440002,241.653793,241.300003,241.300003,67265
2026-05-28 19:55:00+00:00,241.270004,241.470001,241.059998,241.470001,160619
2026-05-29 13:30:00+00:00,245.229996,247.800003,245.039993,245.910004,265489
2026-05-29 13:35:00+00:00,245.895004,246.250000,244.880005,245.929993,123784
2026-05-29 13:40:00+00:00,245.929993,247.690002,245.740005,247.115005,95745
2026-05-29 13:45:00+00:00,247.110001,247.389999,245.309998,245.529999,57307
2026-05-29 13:50:00+00:00,245.485001,245.880005,244.662003,245.600006,59602
2026-05-29 13:55:00+00:00,245.600006,246.899994,245.600006,246.850006,56821
2026-05-29 14:00:00+00:00,246.895004,248.889999,246.675003,248.800003,78750
2026-05-29 14:05:00+00:00,248.649994,248.860001,247.830002,248.574997,56723
2026-05-29 14:10:00+00:00,248.559906,248.619995,247.720001,248.294998,49242
2026-05-29 14:15:00+00:00,248.240005,248.850006,248.171799,248.445007,64134
2026-05-29 14:20:00+00:00,248.539993,248.979996,248.229996,248.750000,49608
2026-05-29 14:25:00+00:00,248.815002,249.479996,248.770004,249.350006,68753
2026-05-29 14:30:00+00:00,249.460007,251.580002,249.399994,251.570007,136033
2026-05-29 14:35:00+00:00,251.500000,252.500000,251.309998,252.389999,179541
2026-05-29 14:40:00+00:00,252.490005,253.000000,251.699997,251.785004,131882
2026-05-29 14:45:00+00:00,251.699997,252.027206,251.057999,251.447495,80606
2026-05-29 14:50:00+00:00,251.539597,252.080002,251.100006,251.259506,95614
2026-05-29 14:55:00+00:00,251.350006,252.389893,250.764999,252.300003,75991
2026-05-29 15:00:00+00:00,252.350006,253.210007,252.270004,253.119995,65960
2026-05-29 15:05:00+00:00,253.160004,253.850006,252.840103,253.796005,56436
2026-05-29 15:10:00+00:00,253.759995,254.429993,253.669998,254.350006,73382
2026-05-29 15:15:00+00:00,254.419998,254.699097,253.889999,254.220001,70548
2026-05-29 15:20:00+00:00,254.216400,254.294998,253.699997,253.699997,70731
2026-05-29 15:25:00+00:00,253.729996,254.632004,253.440002,254.509995,71762
2026-05-29 15:30:00+00:00,254.639999,255.789993,254.350006,255.759995,109208
2026-05-29 15:35:00+00:00,255.710007,255.777496,255.397995,255.645004,55124
2026-05-29 15:40:00+00:00,255.634995,255.779999,255.210007,255.358994,57742
2026-05-29 15:45:00+00:00,255.245193,256.290009,255.245193,256.125000,106471
2026-05-29 15:50:00+00:00,256.119995,256.130005,255.399994,255.399994,68505
2026-05-29 15:55:00+00:00,255.399994,255.850006,255.160004,255.389999,77408
2026-05-29 16:00:00+00:00,255.410004,255.570007,254.949997,255.339996,50192
2026-05-29 16:05:00+00:00,255.300003,255.779999,255.259995,255.524994,38877
2026-05-29 16:10:00+00:00,255.529999,255.740005,255.309998,255.309998,34607
2026-05-29 16:15:00+00:00,255.330093,255.429993,254.786804,255.389999,30436
2026-05-29 16:20:00+00:00,255.360001,255.509995,255.240005,255.304993,27206
2026-05-29 16:25:00+00:00,255.300003,255.580002,255.179993,255.460007,36120
2026-05-29 16:30:00+00:00,255.449997,256.299988,255.300003,256.179993,48442
2026-05-29 16:35:00+00:00,256.209991,256.209991,255.750000,255.902496,33725
2026-05-29 16:40:00+00:00,255.839996,255.839996,255.410004,255.574997,36108
2026-05-29 16:45:00+00:00,255.485001,255.494995,254.529999,254.774994,51257
2026-05-29 16:50:00+00:00,254.699997,255.039993,254.660004,255.029999,35052
2026-05-29 16:55:00+00:00,255.009995,255.130005,254.735001,254.735001,34061
2026-05-29 17:00:00+00:00,254.770004,255.169998,254.740005,255.139999,43081
2026-05-29 17:05:00+00:00,255.119995,255.139999,254.809998,254.899994,121731
2026-05-29 17:10:00+00:00,254.949997,255.779999,254.929993,255.770004,42141
2026-05-29 17:15:00+00:00,255.828598,256.489990,255.770096,256.434998,28774
2026-05-29 17:20:00+00:00,256.489990,256.635010,256.140106,256.589996,38991
2026-05-29 17:25:00+00:00,256.549988,256.820007,256.510010,256.545013,38687
2026-05-29 17:30:00+00:00,256.545013,257.000000,256.489990,256.940002,48230
2026-05-29 17:35:00+00:00,256.940002,257.369904,256.880096,257.220001,46174
2026-05-29 17:40:00+00:00,257.220001,257.809998,257.170013,257.790009,57197
2026-05-29 17:45:00+00:00,257.774994,257.850006,257.299988,257.350006,50192
2026-05-29 17:50:00+00:00,257.299988,257.320007,256.329987,256.334991,76355
2026-05-29 17:55:00+00:00,256.364990,256.420013,255.940002,256.179993,72650
2026-05-29 18:00:00+00:00,256.179993,256.345001,255.850006,255.940002,49216
2026-05-29 18:05:00+00:00,255.940002,256.190002,255.809998,255.884995,38294
2026-05-29 18:10:00+00:00,255.880005,255.919998,255.675003,255.839996,34372
2026-05-29 18:15:00+00:00,255.860001,255.860001,255.389999,255.610001,57693
2026-05-29 18:20:00+00:00,255.615005,255.770004,255.580002,255.710007,35907
2026-05-29 18:25:00+00:00,255.718506,255.718506,255.330002,255.589996,36675
2026-05-29 18:30:00+00:00,255.639999,256.250000,255.550003,256.209991,39388
2026-05-29 18:35:00+00:00,256.119995,257.290009,256.040009,257.221008,88461
2026-05-29 18:40:00+00:00,257.279999,257.529999,257.170013,257.269989,64819
2026-05-29 18:45:00+00:00,257.299988,257.299988,256.900085,257.159912,45784
2026-05-29 18:50:00+00:00,257.160004,257.230011,256.660004,257.170013,49695
2026-05-29 18:55:00+00:00,257.165009,257.165009,256.584991,256.859985,51573
2026-05-29 19:00:00+00:00,256.804993,256.880005,256.501007,256.501007,47309
2026-05-29 19:05:00+00:00,256.559998,256.714996,256.059998,256.390015,41089
2026-05-29 19:10:00+00:00,256.390015,256.720001,256.230011,256.720001,43702
2026-05-29 19:15:00+00:00,256.700012,257.140015,256.579987,257.135010,59511
2026-05-29 19:20:00+00:00,257.160004,257.410004,256.970001,257.355011,62989
2026-05-29 19:25:00+00:00,257.378510,257.920013,257.250000,257.890015,72845
2026-05-29 19:30:00+00:00,257.829987,257.970001,257.524994,257.925995,99769
2026-05-29 19:35:00+00:00,257.910004,257.980011,257.424988,257.440002,75749
2026-05-29 19:40:00+00:00,257.440002,257.739990,257.149994,257.335114,103534
2026-05-29 19:45:00+00:00,257.339996,257.795013,257.290009,257.779999,108041
2026-05-29 19:50:00+00:00,257.799988,259.799988,257.799988,259.545013,512022
2026-05-29 19:55:00+00:00,259.619995,260.630005,258.980011,259.010010,977066
2026-06-01 13:30:00+00:00,270.000000,272.369995,262.299988,263.089996,1108743
2026-06-01 13:35:00+00:00,263.089996,267.899994,262.739990,267.149994,233601
2026-06-01 13:40:00+00:00,267.160004,268.549988,266.109985,268.390015,191287
2026-06-01 13:45:00+00:00,268.274994,269.600006,268.089996,268.700012,193383
2026-06-01 13:50:00+00:00,268.700012,270.059998,268.470001,269.700012,152064
2026-06-01 13:55:00+00:00,269.709991,270.890015,269.279999,269.415009,228021
2026-06-01 14:00:00+00:00,269.290009,270.119995,267.815002,268.250000,147421
2026-06-01 14:05:00+00:00,268.220001,268.709991,267.488403,268.689911,104685
2026-06-01 14:10:00+00:00,268.630005,269.459991,268.350006,268.989990,125199
2026-06-01 14:15:00+00:00,268.989990,269.170013,268.399994,268.399994,99431
2026-06-01 14:20:00+00:00,268.350006,268.670013,267.399994,267.635010,117464
2026-06-01 14:25:00+00:00,267.500000,267.720001,266.799988,267.000000,140286
2026-06-01 14:30:00+00:00,266.869995,267.459900,266.273987,266.850006,104475
2026-06-01 14:35:00+00:00,266.880005,267.299988,266.059998,267.299988,102112
2026-06-01 14:40:00+00:00,267.385010,269.390015,267.279999,269.160004,104402
2026-06-01 14:45:00+00:00,269.220001,270.989990,269.059998,270.690002,125999
2026-06-01 14:50:00+00:00,270.635010,271.119995,270.309998,270.640015,94786
2026-06-01 14:55:00+00:00,270.630005,271.559998,270.380005,271.285004,74496
2026-06-01 15:00:00+00:00,271.247498,272.359985,271.209991,272.029999,85435
2026-06-01 15:05:00+00:00,272.089996,272.720001,271.570007,272.575012,100271
2026-06-01 15:10:00+00:00,272.649994,272.779999,271.904999,272.390015,117427
2026-06-01 15:15:00+00:00,272.450012,273.524994,272.240601,273.524994,85068
2026-06-01 15:20:00+00:00,273.529999,274.184998,273.153107,274.109985,106938
2026-06-01 15:25:00+00:00,274.065002,274.489990,273.750000,273.845001,86974
2026-06-01 15:30:00+00:00,273.835388,274.660004,273.835388,274.105011,97778
2026-06-01 15:35:00+00:00,274.000092,274.630005,274.000000,274.320007,81344
2026-06-01 15:40:00+00:00,274.390015,274.750000,274.059998,274.290009,70569
2026-06-01 15:45:00+00:00,274.279999,274.970001,274.019989,274.950012,59353
2026-06-01 15:50:00+00:00,274.940002,275.089996,274.500793,274.670013,67737
2026-06-01 15:55:00+00:00,274.670013,274.959991,274.239990,274.549988,49400
2026-06-01 16:00:00+00:00,274.529999,274.809998,274.329987,274.540009,42143
2026-06-01 16:05:00+00:00,274.493011,274.779999,274.429993,274.589996,39805
2026-06-01 16:10:00+00:00,274.549988,274.799988,274.100006,274.760010,43490
2026-06-01 16:15:00+00:00,274.769989,274.809998,274.000000,274.010010,54317
2026-06-01 16:20:00+00:00,274.100006,274.309998,273.559998,273.920013,52725
2026-06-01 16:25:00+00:00,273.940002,274.160004,273.790009,273.885010,38850
2026-06-01 16:30:00+00:00,273.880005,274.690002,273.609985,274.640015,69050
2026-06-01 16:35:00+00:00,274.600006,274.660004,273.760010,273.760010,56829
2026-06-01 16:40:00+00:00,273.730011,274.059998,273.649994,273.970001,43576
2026-06-01 16:45:00+00:00,274.024994,274.359985,273.979889,274.315002,36502
2026-06-01 16:50:00+00:00,274.399994,274.920013,274.399994,274.510010,57117
2026-06-01 16:55:00+00:00,274.589996,275.029999,274.556000,274.730011,66455
2026-06-01 17:00:00+00:00,274.730011,274.970001,274.575012,274.815002,48326
2026-06-01 17:05:00+00:00,274.839996,274.850006,274.149994,274.480011,52372
2026-06-01 17:10:00+00:00,274.494995,274.630005,274.109985,274.239990,35199
2026-06-01 17:15:00+00:00,274.234985,274.600006,274.019989,274.059998,43995
2026-06-01 17:20:00+00:00,274.109985,274.429993,273.859985,274.140015,31130
2026-06-01 17:25:00+00:00,274.170013,274.309998,273.500000,273.654999,40164
2026-06-01 17:30:00+00:00,273.559998,274.070007,273.500000,273.910004,30276
2026-06-01 17:35:00+00:00,273.894989,274.140015,273.609985,273.989990,26433
2026-06-01 17:40:00+00:00,273.929993,274.670013,273.869995,274.209991,39503
2026-06-01 17:45:00+00:00,274.209991,274.659912,274.000000,274.000000,32760
2026-06-01 17:50:00+00:00,274.125000,274.182190,273.869995,273.945007,30969
2026-06-01 17:55:00+00:00,273.869995,274.149902,273.436493,274.040009,31866
2026-06-01 18:00:00+00:00,274.035004,274.369995,273.850006,273.894989,38634
2026-06-01 18:05:00+00:00,273.959991,274.140015,273.932495,274.054993,29333
2026-06-01 18:10:00+00:00,274.010010,274.390015,273.920013,274.070007,34864
2026-06-01 18:15:00+00:00,274.029999,274.220001,273.649994,273.704987,23866
2026-06-01 18:20:00+00:00,273.760010,273.760010,273.250000,273.500000,38414
2026-06-01 18:25:00+00:00,273.464996,273.540009,272.619995,272.679993,34051
2026-06-01 18:30:00+00:00,272.720001,273.190002,272.700012,273.130005,34414
2026-06-01 18:35:00+00:00,273.147614,273.147614,272.359985,272.774994,40060
2026-06-01 18:40:00+00:00,272.790009,273.079987,272.700012,272.839996,31055
2026-06-01 18:45:00+00:00,272.940002,273.750000,272.890015,273.619995,42449
2026-06-01 18:50:00+00:00,273.679993,273.679993,273.279999,273.309998,63694
2026-06-01 18:55:00+00:00,273.309998,273.660004,273.260010,273.595001,38353
2026-06-01 19:00:00+00:00,273.540009,274.320007,273.399994,274.160004,46772
2026-06-01 19:05:00+00:00,274.209991,274.209991,273.920013,274.040009,46914
2026-06-01 19:10:00+00:00,274.040009,274.399994,273.989990,274.290009,41037
2026-06-01 19:15:00+00:00,274.279999,274.379303,274.000000,274.309998,48373
2026-06-01 19:20:00+00:00,274.369995,274.700012,274.299988,274.605011,47603
2026-06-01 19:25:00+00:00,274.640015,275.339996,274.569000,275.320007,59172
2026-06-01 19:30:00+00:00,275.290009,275.440002,274.839996,275.040009,72347
2026-06-01 19:35:00+00:00,275.005005,275.190002,274.820007,275.045013,64392
2026-06-01 19:40:00+00:00,275.045013,275.380005,274.820007,274.845001,107666
2026-06-01 19:45:00+00:00,274.880005,274.990997,274.200012,274.984985,129174
2026-06-01 19:50:00+00:00,274.950012,274.950012,273.399994,274.089996,217373
2026-06-01 19:55:00+00:00,274.000000,274.108185,273.690002,274.040009,350203
2026-06-02 13:30:00+00:00,267.980011,272.029999,264.005188,264.165009,497643
2026-06-02 13:35:00+00:00,264.000000,265.480011,262.989990,263.079987,158087
2026-06-02 13:40:00+00:00,263.059998,265.380005,263.010010,265.070007,124347
2026-06-02 13:45:00+00:00,265.279999,266.298096,264.739990,266.160004,162412
2026-06-02 13:50:00+00:00,266.144989,266.144989,263.260010,263.480011,116558
2026-06-02 13:55:00+00:00,263.480011,263.558807,262.269989,262.929993,122993
2026-06-02 14:00:00+00:00,263.070007,263.239990,262.050110,262.690002,96434
2026-06-02 14:05:00+00:00,262.769989,264.239990,262.700012,263.799988,97415
2026-06-02 14:10:00+00:00,263.827515,265.429993,263.609985,265.269989,104381
2026-06-02 14:15:00+00:00,265.280609,265.625000,263.640015,263.825012,69551
2026-06-02 14:20:00+00:00,263.859985,263.920013,262.200012,262.799988,94505
2026-06-02 14:25:00+00:00,262.899994,262.970215,261.899994,261.899994,68836
2026-06-02 14:30:00+00:00,261.940002,262.010010,261.434998,261.774994,71157
2026-06-02 14:35:00+00:00,261.774994,262.149902,261.150085,261.700012,63817
2026-06-02 14:40:00+00:00,261.720001,262.209991,261.450012,261.674988,55235
2026-06-02 14:45:00+00:00,261.670013,262.295013,261.329987,261.915009,51313
2026-06-02 14:50:00+00:00,262.059998,262.125000,261.230011,261.519989,43378
2026-06-02 14:55:00+00:00,261.579987,262.385010,261.390015,262.130005,48407
2026-06-02 15:00:00+00:00,262.260010,262.390015,261.299988,262.100006,65004
2026-06-02 15:05:00+00:00,262.109894,262.200012,260.390015,260.665009,73021
2026-06-02 15:10:00+00:00,260.614990,260.829987,260.049988,260.500000,65360
2026-06-02 15:15:00+00:00,260.500000,260.910004,260.170013,260.619995,48523
2026-06-02 15:20:00+00:00,260.670013,260.750000,260.209991,260.524994,39433
2026-06-02 15:25:00+00:00,260.609985,261.174988,260.200012,260.950012,56023
2026-06-02 15:30:00+00:00,261.049988,261.204987,260.232513,260.489990,30943
2026-06-02 15:35:00+00:00,260.649994,261.070007,260.529999,260.549988,27452
2026-06-02 15:40:00+00:00,260.635010,261.329987,260.559998,261.140015,39864
2026-06-02 15:45:00+00:00,261.140015,262.149994,261.105011,262.093597,50112
2026-06-02 15:50:00+00:00,262.174988,262.174988,261.380005,261.589996,33573
2026-06-02 15:55:00+00:00,261.660004,262.229889,261.600006,262.000000,24181
2026-06-02 16:00:00+00:00,262.019989,262.059998,261.744995,261.954987,46133
2026-06-02 16:05:00+00:00,262.000000,262.329987,261.940002,262.329987,26800
2026-06-02 16:10:00+00:00,262.331604,262.380005,261.769989,261.964996,21311
2026-06-02 16:15:00+00:00,261.885010,262.779999,261.885010,262.579987,23694
2026-06-02 16:20:00+00:00,262.605011,262.769989,262.440002,262.450012,28629
2026-06-02 16:25:00+00:00,262.450012,262.670013,262.309998,262.380005,20647
2026-06-02 16:30:00+00:00,262.309998,262.315002,262.000000,262.049988,19464
2026-06-02 16:35:00+00:00,262.065002,262.670013,261.934998,262.670013,22531
2026-06-02 16:40:00+00:00,262.670013,262.779999,262.369995,262.519989,36775
2026-06-02 16:45:00+00:00,262.600006,262.790009,262.480011,262.510010,20499
2026-06-02 16:50:00+00:00,262.547699,262.562195,262.179993,262.239990,16705
2026-06-02 16:55:00+00:00,262.239990,262.359985,262.049988,262.339996,19607
2026-06-02 17:00:00+00:00,262.260010,262.570007,261.959991,262.480011,28768
2026-06-02 17:05:00+00:00,262.369995,262.668701,262.339996,262.459991,21653
2026-06-02 17:10:00+00:00,262.549988,262.549988,262.130005,262.269989,20435
2026-06-02 17:15:00+00:00,262.295013,262.554993,262.040009,262.220001,18561
2026-06-02 17:20:00+00:00,262.220001,262.524994,262.220001,262.350006,31483
2026-06-02 17:25:00+00:00,262.350006,262.390015,262.079987,262.079987,27994
2026-06-02 17:30:00+00:00,262.089996,262.100006,261.510010,261.644989,32834
2026-06-02 17:35:00+00:00,261.644989,261.760010,261.269989,261.760010,40676
2026-06-02 17:40:00+00:00,261.760010,262.084991,261.549988,261.739990,30117
2026-06-02 17:45:00+00:00,261.855011,262.149994,261.665009,261.880005,24230
2026-06-02 17:50:00+00:00,261.950012,262.029999,261.704987,261.945007,21384
2026-06-02 17:55:00+00:00,261.950012,262.039886,261.470001,261.470001,22025
2026-06-02 18:00:00+00:00,261.410004,261.410004,260.850006,261.130005,43791
2026-06-02 18:05:00+00:00,261.144989,261.389893,260.795013,261.389893,29461
2026-06-02 18:10:00+00:00,261.350006,261.820007,261.318115,261.576996,28668
2026-06-02 18:15:00+00:00,261.535004,261.730011,261.309998,261.420013,21244
2026-06-02 18:20:00+00:00,261.364014,261.553986,261.269989,261.380005,26800
2026-06-02 18:25:00+00:00,261.385010,261.519989,261.200012,261.350006,20241
2026-06-02 18:30:00+00:00,261.332001,261.614990,261.204193,261.515015,21852
2026-06-02 18:35:00+00:00,261.515015,261.704987,261.410004,261.704987,19526
2026-06-02 18:40:00+00:00,261.720001,261.820007,261.399994,261.519989,14341
2026-06-02 18:45:00+00:00,261.420013,261.529999,261.029999,261.209991,29083
2026-06-02 18:50:00+00:00,261.225006,261.494995,260.720001,261.024994,34330
2026-06-02 18:55:00+00:00,261.010010,261.049988,260.649994,260.799988,79204
2026-06-02 19:00:00+00:00,260.839996,261.415009,260.799988,261.415009,31146
2026-06-02 19:05:00+00:00,261.470001,261.570007,261.040009,261.065002,36821
2026-06-02 19:10:00+00:00,261.019989,261.500000,261.019989,261.470001,22834
2026-06-02 19:15:00+00:00,261.470001,261.839996,261.420013,261.779999,32804
2026-06-02 19:20:00+00:00,261.750000,261.804993,261.500000,261.660004,28959
2026-06-02 19:25:00+00:00,261.644989,261.859985,261.500000,261.859985,44457
2026-06-02 19:30:00+00:00,261.880005,262.184998,261.720093,262.079987,40079
2026-06-02 19:35:00+00:00,262.100006,262.239990,261.785004,262.119995,39237
2026-06-02 19:40:00+00:00,262.049988,262.184998,261.859985,261.980011,54136
2026-06-02 19:45:00+00:00,261.975006,262.204987,261.730011,261.730011,60198
2026-06-02 19:50:00+00:00,261.779999,262.299988,261.779999,262.010010,109805
2026-06-02 19:55:00+00:00,261.989990,262.399994,261.630005,262.130005,228672
2026-06-03 13:30:00+00:00,259.089996,260.000000,255.600006,256.339996,422914
2026-06-03 13:35:00+00:00,256.195007,256.260010,254.600006,254.949997,133776
2026-06-03 13:40:00+00:00,254.980804,255.410004,254.350006,254.706696,105081
2026-06-03 13:45:00+00:00,254.909897,255.529999,253.800003,254.425003,91624
2026-06-03 13:50:00+00:00,254.270004,254.460007,253.050003,254.146301,107394
2026-06-03 13:55:00+00:00,254.100006,254.100006,252.339996,253.050003,83123
2026-06-03 14:00:00+00:00,253.005005,254.000000,252.621307,253.895004,71692
2026-06-03 14:05:00+00:00,253.949997,254.649994,253.555496,254.149994,50696
2026-06-03 14:10:00+00:00,254.269897,254.589996,253.699997,254.315002,59198
2026-06-03 14:15:00+00:00,254.449997,255.139999,253.860001,254.960007,53808
2026-06-03 14:20:00+00:00,254.869995,255.339996,254.740097,255.000000,47324
2026-06-03 14:25:00+00:00,255.055405,255.500000,254.529999,254.859894,30821
2026-06-03 14:30:00+00:00,254.720001,254.720001,253.675598,254.100006,38664
2026-06-03 14:35:00+00:00,254.199997,254.389999,253.500000,253.970001,62271
2026-06-03 14:40:00+00:00,253.970001,254.869995,253.960007,254.800003,52976
2026-06-03 14:45:00+00:00,254.929993,255.800003,254.679993,255.039993,64303
2026-06-03 14:50:00+00:00,254.949997,255.600006,254.729996,255.600006,29963
2026-06-03 14:55:00+00:00,255.600006,256.339996,255.440002,256.130005,41130
2026-06-03 15:00:00+00:00,256.000000,256.720001,255.679993,255.679993,45604
2026-06-03 15:05:00+00:00,255.710007,255.880005,255.080002,255.679993,47361
2026-06-03 15:10:00+00:00,255.675003,255.899902,255.190094,255.190094,38784
2026-06-03 15:15:00+00:00,255.289993,255.889999,255.179993,255.639999,39362
2026-06-03 15:20:00+00:00,255.630005,256.579987,255.539993,256.000000,49452
2026-06-03 15:25:00+00:00,256.079987,256.670013,255.789993,255.830002,30830
2026-06-03 15:30:00+00:00,255.869797,255.960007,255.309998,255.889999,23399
2026-06-03 15:35:00+00:00,255.809998,256.070007,255.000000,255.160004,34078
2026-06-03 15:40:00+00:00,255.039993,255.369995,254.779999,255.020004,88289
2026-06-03 15:45:00+00:00,255.070007,255.106400,254.500000,254.770004,57457
2026-06-03 15:50:00+00:00,254.699997,255.689896,254.600006,255.539993,72612
2026-06-03 15:55:00+00:00,255.580002,256.119995,255.500000,256.000000,24169
2026-06-03 16:00:00+00:00,256.079987,256.699890,255.880005,256.475891,27072
2026-06-03 16:05:00+00:00,256.480011,256.749908,256.109985,256.600006,30729
2026-06-03 16:10:00+00:00,256.700012,256.759888,256.366302,256.649994,25247
2026-06-03 16:15:00+00:00,256.589996,256.769989,256.369995,256.660004,26400
2026-06-03 16:20:00+00:00,256.730011,256.730011,256.260010,256.480011,18062
2026-06-03 16:25:00+00:00,256.559998,257.049988,256.480011,256.869995,36672
2026-06-03 16:30:00+00:00,256.904999,257.029999,256.660004,256.660004,17538
2026-06-03 16:35:00+00:00,256.734985,256.734985,256.359985,256.649994,19245
2026-06-03 16:40:00+00:00,256.660004,256.980011,256.530090,256.610107,22979
2026-06-03 16:45:00+00:00,257.040009,257.169891,256.890808,257.125000,28133
2026-06-03 16:50:00+00:00,256.859985,256.880005,256.390106,256.519989,19760
2026-06-03 16:55:00+00:00,256.269989,256.459991,256.160004,256.339996,9468
2026-06-03 17:00:00+00:00,256.380005,256.820007,256.279999,256.795013,22269
2026-06-03 17:05:00+00:00,256.769989,256.890015,256.704987,256.880005,15573
2026-06-03 17:10:00+00:00,256.933105,257.029999,256.350006,256.480011,17067
2026-06-03 17:15:00+00:00,256.350006,256.649994,256.350006,256.540009,12295
2026-06-03 17:20:00+00:00,256.489990,256.719910,256.355194,256.589996,21748
2026-06-03 17:25:00+00:00,256.609985,256.778809,256.540009,256.670013,16196
2026-06-03 17:30:00+00:00,256.589996,256.910004,256.549988,256.690002,12220
2026-06-03 17:35:00+00:00,256.816406,257.029999,256.778992,256.850006,18012
2026-06-03 17:40:00+00:00,256.829987,257.229004,256.829987,257.074493,17747
2026-06-03 17:45:00+00:00,257.070007,257.299988,256.915009,257.140015,19604
2026-06-03 17:50:00+00:00,257.160004,257.160004,256.640015,256.644989,18570
2026-06-03 17:55:00+00:00,256.614990,256.614990,256.200012,256.339996,20464
2026-06-03 18:00:00+00:00,256.420013,256.480011,256.000000,256.119995,18328
2026-06-03 18:05:00+00:00,256.079987,256.339996,256.040009,256.154999,14704
2026-06-03 18:10:00+00:00,256.140015,256.410004,256.010010,256.410004,14541
2026-06-03 18:15:00+00:00,256.359985,256.510010,256.150085,256.204987,26107
2026-06-03 18:20:00+00:00,256.149994,256.549988,256.000000,256.400085,22712
2026-06-03 18:25:00+00:00,256.519989,256.540009,256.299988,256.459991,17177
2026-06-03 18:30:00+00:00,256.404999,256.470001,256.130005,256.255005,13944
2026-06-03 18:35:00+00:00,256.380005,256.809906,256.334991,256.809906,10964
2026-06-03 18:40:00+00:00,256.670013,256.819885,256.329987,256.500000,25837
2026-06-03 18:45:00+00:00,256.500000,256.500000,256.000000,256.040009,16093
2026-06-03 18:50:00+00:00,256.095001,256.168701,255.619995,255.630005,27887
2026-06-03 18:55:00+00:00,255.710007,255.729996,255.190002,255.509995,24937
2026-06-03 19:00:00+00:00,255.509995,255.559998,255.110001,255.320007,24296
2026-06-03 19:05:00+00:00,255.369995,255.764999,255.184998,255.479996,48945
2026-06-03 19:10:00+00:00,255.490005,255.850006,255.380005,255.794998,19791
2026-06-03 19:15:00+00:00,255.830002,256.100006,255.679993,255.970001,37471
2026-06-03 19:20:00+00:00,256.070007,256.174988,255.919998,256.000000,23443
2026-06-03 19:25:00+00:00,256.000000,256.049988,255.783401,255.960007,34614
2026-06-03 19:30:00+00:00,255.919998,255.919998,255.524994,255.675003,40303
2026-06-03 19:35:00+00:00,255.649994,255.720001,255.320007,255.619995,64566
2026-06-03 19:40:00+00:00,255.595001,256.190002,255.460007,256.140015,65110
2026-06-03 19:45:00+00:00,256.140015,256.785004,256.119995,256.709991,73162
2026-06-03 19:50:00+00:00,256.709991,256.709991,256.070007,256.519989,103445
2026-06-03 19:55:00+00:00,256.575012,256.575012,255.985001,256.279999,303687
2026-06-04 13:30:00+00:00,263.019989,264.549988,260.010010,260.579895,293861
2026-06-04 13:35:00+00:00,260.339996,262.992004,258.945007,262.940613,146178
2026-06-04 13:40:00+00:00,262.799988,263.899994,262.160004,263.149994,85733
2026-06-04 13:45:00+00:00,263.320007,263.320007,261.029999,262.170013,85612
2026-06-04 13:50:00+00:00,262.149994,263.000000,261.500000,261.850006,80509
2026-06-04 13:55:00+00:00,261.959991,264.049988,261.505005,264.049988,75673
2026-06-04 14:00:00+00:00,263.989990,265.804993,263.890015,265.804993,104623
2026-06-04 14:05:00+00:00,265.760010,265.940002,264.440002,264.484985,88882
2026-06-04 14:10:00+00:00,264.464996,265.109985,264.170013,264.434998,80927
2026-06-04 14:15:00+00:00,264.429993,264.795013,263.299988,263.649994,85478
2026-06-04 14:20:00+00:00,263.660004,264.000000,263.158600,263.440002,57316
2026-06-04 14:25:00+00:00,263.390015,263.920013,262.940002,262.940002,56393
2026-06-04 14:30:00+00:00,262.940002,263.095001,262.149994,263.040009,48114
2026-06-04 14:35:00+00:00,262.945007,263.239990,262.329987,263.179993,61251
2026-06-04 14:40:00+00:00,263.330994,263.554993,262.559998,263.519989,54151
2026-06-04 14:45:00+00:00,263.304993,264.230011,263.149994,263.794403,53617
2026-06-04 14:50:00+00:00,263.839996,263.919891,263.312988,263.679993,37859
2026-06-04 14:55:00+00:00,263.739990,263.829987,263.239990,263.459991,37102
2026-06-04 15:00:00+00:00,263.494995,264.190002,263.434998,263.760010,52952
2026-06-04 15:05:00+00:00,263.820007,263.820007,263.000000,263.000000,37522
2026-06-04 15:10:00+00:00,263.140015,263.410004,262.975006,263.179993,28873
2026-06-04 15:15:00+00:00,263.250000,263.540009,263.059998,263.489990,40088
2026-06-04 15:20:00+00:00,263.386810,263.559998,263.127411,263.380005,40921
2026-06-04 15:25:00+00:00,263.270111,263.649994,263.179993,263.179993,33224
2026-06-04 15:30:00+00:00,263.220001,263.640015,263.165009,263.225006,49837
2026-06-04 15:35:00+00:00,263.190002,263.320007,262.750000,262.790009,31824
2026-06-04 15:40:00+00:00,262.790009,262.849915,261.390015,261.500000,52526
2026-06-04 15:45:00+00:00,261.383301,261.980011,261.380005,261.690002,39454
2026-06-04 15:50:00+00:00,261.679993,261.692505,261.100006,261.140015,28632
2026-06-04 15:55:00+00:00,261.160004,261.440002,260.790009,260.920013,32492
2026-06-04 16:00:00+00:00,260.899994,261.174988,260.779999,261.040009,23486
2026-06-04 16:05:00+00:00,261.059998,261.220001,260.750000,261.220001,43299
2026-06-04 16:10:00+00:00,261.209991,261.459991,261.029999,261.179993,27058
2026-06-04 16:15:00+00:00,261.204987,261.480011,260.929993,261.040009,39103
2026-06-04 16:20:00+00:00,261.070007,261.329987,260.959991,261.130005,24809
2026-06-04 16:25:00+00:00,261.010010,261.239990,260.809998,260.820007,24637
2026-06-04 16:30:00+00:00,260.790009,261.204987,260.760010,261.204987,34887
2026-06-04 16:35:00+00:00,261.209991,261.225006,260.670013,260.720001,28013
2026-06-04 16:40:00+00:00,260.684998,260.799988,260.500000,260.559998,23218
2026-06-04 16:45:00+00:00,260.415009,260.630005,260.100006,260.130005,29838
2026-06-04 16:50:00+00:00,260.089996,260.339996,259.940002,260.035004,21371
2026-06-04 16:55:00+00:00,260.045013,260.320007,259.709991,260.170013,30266
2026-06-04 17:00:00+00:00,260.149994,260.510010,260.028503,260.345001,20462
2026-06-04 17:05:00+00:00,260.359985,260.690002,260.350006,260.579987,38988
2026-06-04 17:10:00+00:00,260.565002,260.660004,260.410004,260.410004,70678
2026-06-04 17:15:00+00:00,260.464996,260.720001,259.899994,259.899994,95444
2026-06-04 17:20:00+00:00,259.899994,260.390015,259.614990,260.179993,24315
2026-06-04 17:25:00+00:00,260.179993,260.329987,260.100006,260.329987,17646
2026-06-04 17:30:00+00:00,260.279999,260.309998,259.859985,260.075012,40559
2026-06-04 17:35:00+00:00,260.119995,260.380005,260.049988,260.160004,18099
2026-06-04 17:40:00+00:00,260.200012,260.359985,259.804993,260.063293,23942
2026-06-04 17:45:00+00:00,259.964996,260.089996,259.769989,259.769989,14590
2026-06-04 17:50:00+00:00,259.760010,260.029999,259.510010,260.000000,20089
2026-06-04 17:55:00+00:00,259.945007,260.149994,259.899994,260.089996,25756
2026-06-04 18:00:00+00:00,260.070007,260.350006,259.929993,260.160004,18544
2026-06-04 18:05:00+00:00,260.179993,260.190002,259.829987,259.829987,18017
2026-06-04 18:10:00+00:00,259.790009,259.940002,259.549988,259.720001,31594
2026-06-04 18:15:00+00:00,259.760010,259.850006,259.519989,259.584991,38667
2026-06-04 18:20:00+00:00,259.609985,260.040009,259.339996,260.040009,21226
2026-06-04 18:25:00+00:00,260.089996,260.089996,259.019989,259.325012,24574
2026-06-04 18:30:00+00:00,259.325012,259.929993,259.320007,259.820007,40084
2026-06-04 18:35:00+00:00,259.785004,260.399994,259.739990,260.239990,21150
2026-06-04 18:40:00+00:00,260.299988,260.299988,259.440002,259.475006,20974
2026-06-04 18:45:00+00:00,259.410004,259.670013,259.230011,259.545013,16835
2026-06-04 18:50:00+00:00,259.510010,259.640015,259.375000,259.500000,22869
2026-06-04 18:55:00+00:00,259.549011,259.890015,259.459991,259.690002,22213
2026-06-04 19:00:00+00:00,259.609985,259.612488,258.869995,258.900085,35124
2026-06-04 19:05:00+00:00,258.910004,259.379608,258.839996,259.350006,22187
2026-06-04 19:10:00+00:00,259.269989,259.609985,259.160004,259.494995,25370
2026-06-04 19:15:00+00:00,259.549988,259.859985,259.449799,259.790009,25027
2026-06-04 19:20:00+00:00,259.829987,259.980011,259.549988,259.654999,29294
2026-06-04 19:25:00+00:00,259.654999,259.739990,259.415009,259.605011,25626
2026-06-04 19:30:00+00:00,259.640015,259.640015,259.154999,259.200012,27852
2026-06-04 19:35:00+00:00,259.200012,259.420013,259.070007,259.350006,54249
2026-06-04 19:40:00+00:00,259.309998,259.989990,259.250000,259.649994,50361
2026-06-04 19:45:00+00:00,259.660004,259.890015,256.239990,259.579987,47239
2026-06-04 19:50:00+00:00,259.609985,259.609985,258.880005,259.399994,81288
2026-06-04 19:55:00+00:00,259.420013,259.545013,258.329987,258.429993,311546
2026-06-05 13:30:00+00:00,259.279999,262.529999,258.000000,258.627014,210612
2026-06-05 13:35:00+00:00,258.885010,261.470001,258.410004,259.809998,91699
2026-06-05 13:40:00+00:00,259.910004,260.529999,257.700012,258.304993,81821
2026-06-05 13:45:00+00:00,258.304993,258.709991,256.200012,256.695007,100726
2026-06-05 13:50:00+00:00,256.820007,257.000000,255.119995,255.119995,75024
2026-06-05 13:55:00+00:00,255.399994,255.884995,255.080002,255.559998,102831
2026-06-05 14:00:00+00:00,255.429993,255.675003,253.929993,254.250000,89302
2026-06-05 14:05:00+00:00,254.419998,255.000000,254.104996,254.289993,89055
2026-06-05 14:10:00+00:00,254.345001,254.809998,253.856506,254.460007,62982
2026-06-05 14:15:00+00:00,254.289993,254.910004,254.110001,254.699997,45511
2026-06-05 14:20:00+00:00,254.699997,254.960007,254.210007,254.259995,44058
2026-06-05 14:25:00+00:00,254.134995,254.500000,253.880005,254.425003,44075
2026-06-05 14:30:00+00:00,254.399994,254.460007,253.600006,253.839996,64982
2026-06-05 14:35:00+00:00,253.820007,254.279999,253.470093,253.500000,54651
2026-06-05 14:40:00+00:00,253.479996,253.990005,253.350006,253.580002,35552
2026-06-05 14:45:00+00:00,253.639999,253.639999,252.940094,253.095001,51717
2026-06-05 14:50:00+00:00,253.169998,253.539993,253.011993,253.432007,39349
2026-06-05 14:55:00+00:00,253.410004,253.428101,252.800003,252.860001,40443
2026-06-05 15:00:00+00:00,252.919998,253.639999,252.919998,253.410004,32811
2026-06-05 15:05:00+00:00,253.380005,253.490005,252.539993,252.604996,36966
2026-06-05 15:10:00+00:00,252.580002,252.979904,252.419998,252.710007,42738
2026-06-05 15:15:00+00:00,252.710007,252.880005,252.419998,252.669998,34640
2026-06-05 15:20:00+00:00,252.631393,252.699997,251.949997,252.029999,46909
2026-06-05 15:25:00+00:00,252.089996,252.160004,251.699997,251.720001,46031
2026-06-05 15:30:00+00:00,251.669998,251.889999,250.789993,250.875000,53068
2026-06-05 15:35:00+00:00,250.830002,251.119995,250.830002,250.934998,39294
2026-06-05 15:40:00+00:00,250.850006,251.059998,250.520004,250.740005,37274
2026-06-05 15:45:00+00:00,250.740005,251.000000,250.450104,250.714996,40017
2026-06-05 15:50:00+00:00,250.699997,250.880005,249.979996,250.139999,57552
2026-06-05 15:55:00+00:00,250.029999,250.179993,249.631699,249.679993,34647
2026-06-05 16:00:00+00:00,249.735001,250.000000,249.213806,249.429993,36251
2026-06-05 16:05:00+00:00,249.539993,249.649994,249.050003,249.455002,44136
2026-06-05 16:10:00+00:00,249.500000,250.395004,249.479996,250.149994,57340
2026-06-05 16:15:00+00:00,250.139999,250.490005,250.029999,250.345001,37666
2026-06-05 16:20:00+00:00,250.300003,250.479996,250.169998,250.339996,24699
2026-06-05 16:25:00+00:00,250.410004,250.429993,250.104996,250.270004,23544
2026-06-05 16:30:00+00:00,250.240005,250.639999,250.110001,250.277496,36958
2026-06-05 16:35:00+00:00,250.210007,250.800003,250.149994,250.759995,37250
2026-06-05 16:40:00+00:00,250.684998,250.830002,250.440002,250.804993,42273
2026-06-05 16:45:00+00:00,250.835007,251.029999,250.520004,250.720001,47342
2026-06-05 16:50:00+00:00,250.800003,251.020004,250.580002,250.789993,31159
2026-06-05 16:55:00+00:00,250.690002,251.259995,250.690002,251.160004,35082
2026-06-05 17:00:00+00:00,251.222702,251.350006,250.639999,251.154999,34765
2026-06-05 17:05:00+00:00,251.089996,251.789993,251.000107,251.649994,43441
2026-06-05 17:10:00+00:00,251.609695,251.729996,251.229996,251.339996,21964
2026-06-05 17:15:00+00:00,251.270004,251.589996,251.190002,251.529999,28986
2026-06-05 17:20:00+00:00,251.520004,251.859894,251.429993,251.500000,25524
2026-06-05 17:25:00+00:00,251.559998,251.839996,251.391205,251.550003,26531
2026-06-05 17:30:00+00:00,251.479996,251.744995,251.470093,251.645004,26811
2026-06-05 17:35:00+00:00,251.649994,251.990005,251.511002,251.690002,27992
2026-06-05 17:40:00+00:00,251.755005,252.320007,251.649994,252.050003,30516
2026-06-05 17:45:00+00:00,252.039993,252.309998,251.880005,252.259995,33300
2026-06-05 17:50:00+00:00,252.210007,252.250000,251.869995,251.945007,25444
2026-06-05 17:55:00+00:00,251.949997,252.059998,251.800003,251.949997,26406
2026-06-05 18:00:00+00:00,252.059998,252.096207,251.740097,252.039993,29561
2026-06-05 18:05:00+00:00,252.070007,252.539993,251.899994,252.539993,25717
2026-06-05 18:10:00+00:00,252.470001,252.610001,252.199997,252.300003,28058
2026-06-05 18:15:00+00:00,252.320007,252.339996,251.770004,251.770004,38075
2026-06-05 18:20:00+00:00,251.764999,252.059998,251.660004,251.934998,24799
2026-06-05 18:25:00+00:00,252.000000,252.000000,251.600006,251.750000,24609
2026-06-05 18:30:00+00:00,251.750000,251.899994,251.550003,251.785004,28251
2026-06-05 18:35:00+00:00,251.750000,251.910004,251.645004,251.899994,22229
2026-06-05 18:40:00+00:00,251.735001,251.910004,251.514999,251.514999,34923
2026-06-05 18:45:00+00:00,251.559998,251.919998,251.429993,251.679993,31679
2026-06-05 18:50:00+00:00,251.679993,251.710007,251.360001,251.410004,34834
2026-06-05 18:55:00+00:00,251.350006,251.580002,250.970001,250.990005,50971
2026-06-05 19:00:00+00:00,251.000000,251.479996,251.000000,251.309998,30152
2026-06-05 19:05:00+00:00,251.309998,251.520004,251.119995,251.149994,48397
2026-06-05 19:10:00+00:00,251.220001,251.350006,250.949997,251.089996,38612
2026-06-05 19:15:00+00:00,251.009995,251.029999,250.560104,250.764999,65375
2026-06-05 19:20:00+00:00,250.740005,251.029999,250.556000,250.970001,51329
2026-06-05 19:25:00+00:00,251.009995,251.279999,250.919998,251.130005,44754
2026-06-05 19:30:00+00:00,251.130005,251.330002,250.961700,251.139999,45747
2026-06-05 19:35:00+00:00,251.190002,251.190002,250.820099,251.000000,64877
2026-06-05 19:40:00+00:00,250.994995,251.039993,250.179993,250.339996,78090
2026-06-05 19:45:00+00:00,250.309998,251.279999,250.080002,251.250000,84700
2026-06-05 19:50:00+00:00,251.089996,251.800003,250.929993,251.750000,134657
2026-06-05 19:55:00+00:00,251.690002,251.990005,251.399994,251.410004,278761
2026-06-08 13:30:00+00:00,249.059998,250.740005,246.279999,246.509995,232858
2026-06-08 13:35:00+00:00,246.505005,248.479996,246.100006,246.740005,117119
2026-06-08 13:40:00+00:00,246.779999,247.279999,244.479996,245.059998,152386
2026-06-08 13:45:00+00:00,244.979996,246.335007,244.338104,244.470001,119902
2026-06-08 13:50:00+00:00,244.639999,245.350006,244.250000,245.190002,80517
2026-06-08 13:55:00+00:00,245.255005,246.175003,244.770004,246.009995,91476
2026-06-08 14:00:00+00:00,246.080002,247.490005,245.890106,247.059998,62706
2026-06-08 14:05:00+00:00,247.089996,248.000000,246.500000,247.945007,46575
2026-06-08 14:10:00+00:00,247.880005,248.500000,247.550003,248.453094,60966
2026-06-08 14:15:00+00:00,248.520004,248.619995,247.720001,247.860001,41691
2026-06-08 14:20:00+00:00,247.729996,248.020004,247.125000,247.929993,45929
2026-06-08 14:25:00+00:00,247.929993,247.979996,247.199997,247.809998,36223
2026-06-08 14:30:00+00:00,247.929993,248.429993,247.681107,248.220001,49343
2026-06-08 14:35:00+00:00,248.175003,248.320007,247.320007,247.559998,47331
2026-06-08 14:40:00+00:00,247.399994,247.850006,247.100006,247.425003,29511
2026-06-08 14:45:00+00:00,247.429993,248.089996,247.400101,247.839996,25393
2026-06-08 14:50:00+00:00,247.869904,247.869995,247.250000,247.675003,28925
2026-06-08 14:55:00+00:00,247.679993,247.919998,247.580002,247.744995,33877
2026-06-08 15:00:00+00:00,247.789993,248.289993,247.669998,247.919998,32765
2026-06-08 15:05:00+00:00,247.910004,248.190002,247.759995,247.770004,30948
2026-06-08 15:10:00+00:00,247.699997,247.820007,247.274994,247.540100,44743
2026-06-08 15:15:00+00:00,247.595001,247.597794,246.938599,247.059998,26266
2026-06-08 15:20:00+00:00,247.100006,247.679993,246.960007,247.350006,31376
2026-06-08 15:25:00+00:00,247.250000,247.350006,246.664993,246.684998,27582
2026-06-08 15:30:00+00:00,246.619995,246.720001,246.290298,246.419998,24042
2026-06-08 15:35:00+00:00,246.360001,246.544998,246.100006,246.339905,37734
2026-06-08 15:40:00+00:00,246.339996,246.350006,245.610001,245.630005,31339
2026-06-08 15:45:00+00:00,245.619995,245.679993,245.160004,245.240005,27785
2026-06-08 15:50:00+00:00,245.250000,245.979996,245.199997,245.904999,32749
2026-06-08 15:55:00+00:00,245.910004,245.940002,245.509995,245.910004,43237
2026-06-08 16:00:00+00:00,245.949997,245.960007,245.615005,245.794998,44849
2026-06-08 16:05:00+00:00,245.800003,246.229996,245.695007,245.929993,29188
2026-06-08 16:10:00+00:00,245.979904,246.190002,245.899994,246.119995,21404
2026-06-08 16:15:00+00:00,246.119995,246.570007,246.091003,246.375000,14756
2026-06-08 16:20:00+00:00,246.375000,246.470001,246.160004,246.410004,22711
2026-06-08 16:25:00+00:00,246.380005,246.649994,246.309998,246.419998,26747
2026-06-08 16:30:00+00:00,246.440002,246.539993,246.089996,246.089996,21010
2026-06-08 16:35:00+00:00,246.070007,246.149994,245.740005,245.910004,36608
2026-06-08 16:40:00+00:00,245.921600,246.089996,245.210007,246.067993,119935
2026-06-08 16:45:00+00:00,246.014999,246.220001,245.899994,246.119995,21558
2026-06-08 16:50:00+00:00,246.190002,246.190002,245.339996,245.679993,64279
2026-06-08 16:55:00+00:00,245.684998,245.800003,245.619995,245.720001,22144
2026-06-08 17:00:00+00:00,245.669998,245.729996,245.059998,245.425003,60024
2026-06-08 17:05:00+00:00,245.425003,245.929993,245.425003,245.919998,16430
2026-06-08 17:10:00+00:00,245.869995,245.869995,245.639999,245.845001,15192
2026-06-08 17:15:00+00:00,245.860001,246.209900,245.860001,246.139999,23537
2026-06-08 17:20:00+00:00,246.139999,246.139999,245.675003,245.750000,29102
2026-06-08 17:25:00+00:00,245.809998,246.029999,245.630005,245.744995,27515
2026-06-08 17:30:00+00:00,245.804993,245.860001,245.350006,245.619995,43113
2026-06-08 17:35:00+00:00,245.619995,245.994995,245.559998,245.809998,17930
2026-06-08 17:40:00+00:00,245.774994,245.800003,245.584900,245.725006,16036
2026-06-08 17:45:00+00:00,245.725006,245.899994,245.600006,245.794998,14395
2026-06-08 17:50:00+00:00,245.759995,245.820007,245.464996,245.529999,35481
2026-06-08 17:55:00+00:00,245.639999,245.750000,245.550003,245.604996,18434
2026-06-08 18:00:00+00:00,245.600006,246.149994,245.160004,246.080002,57409
2026-06-08 18:05:00+00:00,246.080002,246.669998,246.080002,246.490005,33610
2026-06-08 18:10:00+00:00,246.570007,246.809998,246.490005,246.625000,37379
2026-06-08 18:15:00+00:00,246.619995,247.059998,246.570007,247.024994,33340
2026-06-08 18:20:00+00:00,247.000000,247.320007,247.000000,247.264999,20579
2026-06-08 18:25:00+00:00,247.210007,247.389999,247.160004,247.190002,38221
2026-06-08 18:30:00+00:00,247.139999,247.259995,246.740005,246.820007,39955
2026-06-08 18:35:00+00:00,246.779999,246.820007,246.419998,246.449997,25458
2026-06-08 18:40:00+00:00,246.449997,246.679993,246.416000,246.520004,24355
2026-06-08 18:45:00+00:00,246.509995,246.899902,246.479996,246.879395,25979
2026-06-08 18:50:00+00:00,246.839996,246.919998,246.649994,246.830002,23508
2026-06-08 18:55:00+00:00,246.830002,246.860001,246.679993,246.699997,30456
2026-06-08 19:00:00+00:00,246.699997,246.929993,246.645004,246.830002,25248
2026-06-08 19:05:00+00:00,246.815002,247.080002,246.789993,246.914993,35596
2026-06-08 19:10:00+00:00,246.889999,246.940002,246.610001,246.744995,46015
2026-06-08 19:15:00+00:00,246.720001,246.869995,246.690002,246.747498,38467
2026-06-08 19:20:00+00:00,246.764999,247.049896,246.520004,246.544998,45050
2026-06-08 19:25:00+00:00,246.544998,246.544998,245.940002,245.979996,37529
2026-06-08 19:30:00+00:00,246.039993,246.496307,246.029999,246.375000,43335
2026-06-08 19:35:00+00:00,246.414993,246.427597,246.039993,246.279999,38625
2026-06-08 19:40:00+00:00,246.240005,246.580002,246.160004,246.440002,51898
2026-06-08 19:45:00+00:00,246.429993,246.910004,246.384995,246.494995,56228
2026-06-08 19:50:00+00:00,246.529999,246.639999,245.710007,245.809998,99344
2026-06-08 19:55:00+00:00,245.800003,245.800003,244.979996,244.990005,274355
2026-06-09 13:30:00+00:00,242.975006,242.975006,240.595993,241.699997,237522
2026-06-09 13:35:00+00:00,241.649994,243.561401,241.550003,242.194000,104876
2026-06-09 13:40:00+00:00,242.380005,244.429993,242.005005,243.940994,63160
2026-06-09 13:45:00+00:00,244.089996,244.779999,243.899994,244.139999,60950
2026-06-09 13:50:00+00:00,244.220001,245.250000,244.080002,244.751007,75919
2026-06-09 13:55:00+00:00,244.860001,245.229996,244.500000,244.664993,59181
2026-06-09 14:00:00+00:00,244.509995,244.589996,242.500000,242.663895,52099
2026-06-09 14:05:00+00:00,242.744995,243.789993,242.350006,243.559998,40947
2026-06-09 14:10:00+00:00,243.729904,243.730499,242.667496,242.714996,51489
2026-06-09 14:15:00+00:00,242.699997,242.809998,241.664993,241.860001,67452
2026-06-09 14:20:00+00:00,241.779999,242.485001,241.699997,242.300003,49546
2026-06-09 14:25:00+00:00,242.160004,243.089996,242.130005,243.050003,71083
2026-06-09 14:30:00+00:00,243.039993,243.274994,241.830002,241.830002,81996
2026-06-09 14:35:00+00:00,241.800003,241.854996,240.699997,240.858002,64728
2026-06-09 14:40:00+00:00,240.850098,240.988998,240.199997,240.199997,37826
2026-06-09 14:45:00+00:00,240.199997,240.369995,238.759995,238.884995,87538
2026-06-09 14:50:00+00:00,238.839996,239.479996,238.675003,239.389999,49927
2026-06-09 14:55:00+00:00,239.389999,240.089996,239.300003,239.949997,80888
2026-06-09 15:00:00+00:00,239.949997,239.949997,239.070007,239.274994,47128
2026-06-09 15:05:00+00:00,239.309998,239.815002,239.111694,239.815002,30435
2026-06-09 15:10:00+00:00,239.824997,239.960007,239.229996,239.494995,34882
2026-06-09 15:15:00+00:00,239.490005,239.550003,239.020004,239.250000,44246
2026-06-09 15:20:00+00:00,239.210007,239.300003,238.440002,238.539993,49818
2026-06-09 15:25:00+00:00,238.539993,238.580002,237.550003,237.750000,65196
2026-06-09 15:30:00+00:00,237.729996,237.839996,236.860001,237.100006,54432
2026-06-09 15:35:00+00:00,237.082504,237.179901,236.735001,236.899994,36183
2026-06-09 15:40:00+00:00,236.809998,237.110001,236.410004,236.559998,42116
2026-06-09 15:45:00+00:00,236.559998,237.300003,236.500000,237.300003,53126
2026-06-09 15:50:00+00:00,237.175003,237.175003,236.360001,236.500000,144400
2026-06-09 15:55:00+00:00,236.445206,236.509995,235.130005,235.250000,94353
2026-06-09 16:00:00+00:00,235.279999,235.720001,235.130005,235.339996,66690
2026-06-09 16:05:00+00:00,235.294998,235.419998,235.020096,235.369995,49980
2026-06-09 16:10:00+00:00,235.375000,236.000000,235.240005,235.759995,77071
2026-06-09 16:15:00+00:00,235.830002,235.850006,234.839996,234.970093,180712
2026-06-09 16:20:00+00:00,235.009995,235.089905,234.600006,234.794998,73465
2026-06-09 16:25:00+00:00,234.804993,234.850006,234.350006,234.505005,63697
2026-06-09 16:30:00+00:00,234.544998,235.199997,234.434998,234.925003,69920
2026-06-09 16:35:00+00:00,234.919998,234.990005,233.399994,233.669998,93045
2026-06-09 16:40:00+00:00,233.660004,234.264999,233.350006,234.160095,96952
2026-06-09 16:45:00+00:00,234.229996,234.630005,234.000000,234.604996,77535
2026-06-09 16:50:00+00:00,234.529999,234.630005,234.080002,234.115005,33238
2026-06-09 16:55:00+00:00,234.024994,234.827194,234.000000,234.827194,39656
2026-06-09 17:00:00+00:00,234.919998,235.524994,234.889999,235.524994,49625
2026-06-09 17:05:00+00:00,235.524994,235.800003,235.089996,235.654999,114669
2026-06-09 17:10:00+00:00,235.654999,235.979996,235.320007,235.838196,35764
2026-06-09 17:15:00+00:00,235.750000,235.929901,235.500000,235.559998,43444
2026-06-09 17:20:00+00:00,235.639999,236.360001,235.622498,236.270004,43952
2026-06-09 17:25:00+00:00,236.279999,236.500000,236.100006,236.365005,44646
2026-06-09 17:30:00+00:00,236.500000,236.570007,236.229996,236.494995,43354
2026-06-09 17:35:00+00:00,236.491592,236.860001,236.399994,236.740005,34524
2026-06-09 17:40:00+00:00,236.735001,236.910004,236.505005,236.782501,41491
2026-06-09 17:45:00+00:00,236.830002,236.910004,236.320007,236.395004,44900
2026-06-09 17:50:00+00:00,236.396500,237.129898,236.320099,237.050003,35777
2026-06-09 17:55:00+00:00,237.039993,237.209900,236.740005,236.759995,30215
2026-06-09 18:00:00+00:00,236.800003,237.320007,236.755005,237.195007,41737
2026-06-09 18:05:00+00:00,237.195007,237.490005,237.115005,237.429993,25385
2026-06-09 18:10:00+00:00,237.500000,237.500000,237.115005,237.300003,35438
2026-06-09 18:15:00+00:00,237.320007,237.949997,237.240005,237.860001,47305
2026-06-09 18:20:00+00:00,237.949997,238.000000,237.619995,237.755005,32517
2026-06-09 18:25:00+00:00,237.755005,237.774994,237.464996,237.509995,44419
2026-06-09 18:30:00+00:00,237.509995,237.779999,237.089996,237.550003,96144
2026-06-09 18:35:00+00:00,237.419998,237.789993,237.360001,237.770004,71623
2026-06-09 18:40:00+00:00,237.770004,237.770004,237.479996,237.550003,48584
2026-06-09 18:45:00+00:00,237.600006,237.785004,237.600006,237.660004,74777
2026-06-09 18:50:00+00:00,237.653305,237.779999,237.490005,237.600006,49071
2026-06-09 18:55:00+00:00,237.729996,238.229996,237.619995,238.119995,181899
2026-06-09 19:00:00+00:00,238.130005,238.339996,238.020004,238.300003,43447
2026-06-09 19:05:00+00:00,238.339996,238.600006,238.250504,238.464996,30877
2026-06-09 19:10:00+00:00,238.419998,238.669998,238.149994,238.500107,44395
2026-06-09 19:15:00+00:00,238.547501,238.809998,238.330002,238.735001,45567
2026-06-09 19:20:00+00:00,238.735001,238.899994,238.260406,238.399994,45542
2026-06-09 19:25:00+00:00,238.404999,238.679993,238.404999,238.500000,42876
2026-06-09 19:30:00+00:00,238.509995,238.509995,237.649994,237.860001,61519
2026-06-09 19:35:00+00:00,237.845001,238.509995,237.800003,238.229996,60300
2026-06-09 19:40:00+00:00,238.240005,238.479996,238.089996,238.089996,85479
2026-06-09 19:45:00+00:00,238.100006,238.169998,237.500000,237.610001,75806
2026-06-09 19:50:00+00:00,237.610001,238.500000,237.610001,237.891006,136839
2026-06-09 19:55:00+00:00,237.889999,238.580002,237.850006,237.880005,328669
2026-06-10 13:30:00+00:00,232.020004,234.479904,231.740005,232.645004,295786
2026-06-10 13:35:00+00:00,232.654999,235.169998,232.267105,235.137497,86037
2026-06-10 13:40:00+00:00,235.139999,237.460007,235.000000,237.130005,80311
2026-06-10 13:45:00+00:00,237.130005,237.770004,236.640106,236.640106,91058
2026-06-10 13:50:00+00:00,236.770004,237.820007,236.320007,237.759995,53537
2026-06-10 13:55:00+00:00,237.860001,238.509995,237.669998,238.330002,54285
2026-06-10 14:00:00+00:00,238.330002,238.350006,236.589996,236.820007,63413
2026-06-10 14:05:00+00:00,236.820007,236.880005,236.300507,236.559998,45591
2026-06-10 14:10:00+00:00,236.600006,236.600006,235.009995,235.119995,57096
2026-06-10 14:15:00+00:00,235.119995,235.712799,234.960007,235.399994,58009
2026-06-10 14:20:00+00:00,235.425003,235.554993,234.800003,235.365005,46839
2026-06-10 14:25:00+00:00,235.419998,235.539993,234.839996,235.115005,48232
2026-06-10 14:30:00+00:00,235.130005,235.750000,234.940002,235.709900,40132
2026-06-10 14:35:00+00:00,235.589996,235.820007,235.259995,235.559998,46409
2026-06-10 14:40:00+00:00,235.559998,236.350006,235.490005,235.979996,40469
2026-06-10 14:45:00+00:00,236.029999,236.539597,235.775894,236.300003,32843
2026-06-10 14:50:00+00:00,236.304993,236.979996,236.130005,236.779999,37532
2026-06-10 14:55:00+00:00,236.820602,236.839996,235.919296,236.272507,30072
2026-06-10 15:00:00+00:00,236.149994,237.000000,235.960007,236.639999,30501
2026-06-10 15:05:00+00:00,236.639999,236.850006,236.505005,236.513000,34034
2026-06-10 15:10:00+00:00,236.460007,236.479996,235.850006,236.025299,43712
2026-06-10 15:15:00+00:00,236.035004,236.309906,235.639999,236.070007,38762
2026-06-10 15:20:00+00:00,236.059998,236.610001,236.029999,236.375000,31785
2026-06-10 15:25:00+00:00,236.429993,236.990005,236.369995,236.744995,45418
2026-06-10 15:30:00+00:00,236.600006,236.839996,236.259995,236.505005,27408
2026-06-10 15:35:00+00:00,236.460007,237.179993,236.460007,237.091095,29233
2026-06-10 15:40:00+00:00,237.054993,237.529999,237.029999,237.380005,22793
2026-06-10 15:45:00+00:00,237.380005,237.759995,236.770004,237.410004,38494
2026-06-10 15:50:00+00:00,237.399994,237.589996,237.039993,237.399994,37896
2026-06-10 15:55:00+00:00,237.360001,237.479996,236.910004,237.009995,40411
2026-06-10 16:00:00+00:00,236.940002,236.990005,236.429993,236.610001,40302
2026-06-10 16:05:00+00:00,236.652496,236.789993,236.205002,236.330002,30481
2026-06-10 16:10:00+00:00,236.342499,236.342499,235.774994,235.830002,32190
2026-06-10 16:15:00+00:00,235.789993,236.179993,235.710007,236.157501,23453
2026-06-10 16:20:00+00:00,236.164993,236.479996,236.100006,236.389999,31025
2026-06-10 16:25:00+00:00,236.460007,236.779907,236.389999,236.470001,21651
2026-06-10 16:30:00+00:00,236.449997,236.531006,236.059998,236.270004,44335
2026-06-10 16:35:00+00:00,236.274994,236.399994,236.029999,236.289993,66316
2026-06-10 16:40:00+00:00,236.307495,236.389999,235.880005,236.000000,24747
2026-06-10 16:45:00+00:00,236.000000,236.129898,235.619995,235.619995,27824
2026-06-10 16:50:00+00:00,235.619995,235.949997,235.550003,235.559998,30329
2026-06-10 16:55:00+00:00,235.550003,235.619995,235.289993,235.619995,30780
2026-06-10 17:00:00+00:00,235.619995,236.100006,235.619995,236.100006,23927
2026-06-10 17:05:00+00:00,236.029999,236.029999,235.639999,235.640106,22526
2026-06-10 17:10:00+00:00,235.735001,235.799896,235.339996,235.535004,25318
2026-06-10 17:15:00+00:00,235.500000,235.500000,234.929993,235.040497,49617
2026-06-10 17:20:00+00:00,235.024994,235.239899,234.925003,235.195007,39786
2026-06-10 17:25:00+00:00,235.169998,235.369995,235.119995,235.119995,24889
2026-06-10 17:30:00+00:00,235.149994,235.169998,234.720001,234.779999,27806
2026-06-10 17:35:00+00:00,234.779999,234.839996,234.300003,234.360001,22918
2026-06-10 17:40:00+00:00,234.399994,234.649902,234.350098,234.449997,22378
2026-06-10 17:45:00+00:00,234.529999,234.889999,234.440002,234.705002,44320
2026-06-10 17:50:00+00:00,234.699997,234.789993,234.300003,234.389999,29999
2026-06-10 17:55:00+00:00,234.455002,234.710007,234.300003,234.490005,37236
2026-06-10 18:00:00+00:00,234.509995,234.639999,234.360001,234.505005,43799
2026-06-10 18:05:00+00:00,234.486603,234.570007,234.350006,234.445007,45401
2026-06-10 18:10:00+00:00,234.429993,234.500000,234.160004,234.257004,31606
2026-06-10 18:15:00+00:00,234.210007,234.389999,234.080002,234.179993,31647
2026-06-10 18:20:00+00:00,234.179993,234.389999,234.110001,234.175003,31875
2026-06-10 18:25:00+00:00,234.175003,234.320007,233.889999,233.889999,39465
2026-06-10 18:30:00+00:00,233.914993,234.020004,233.740005,233.750000,30454
2026-06-10 18:35:00+00:00,233.740005,234.675003,233.610504,234.414993,83434
2026-06-10 18:40:00+00:00,234.414993,234.414993,234.000107,234.139999,23666
2026-06-10 18:45:00+00:00,234.115005,234.130005,233.800003,233.919998,43983
2026-06-10 18:50:00+00:00,233.919998,234.179993,233.809998,233.949997,51606
2026-06-10 18:55:00+00:00,233.904999,233.919998,233.619995,233.740005,32786
2026-06-10 19:00:00+00:00,233.710007,233.839996,233.595001,233.630005,20137
2026-06-10 19:05:00+00:00,233.679993,233.949997,233.660004,233.884995,35088
2026-06-10 19:10:00+00:00,233.850006,233.850006,233.300003,233.395004,50701
2026-06-10 19:15:00+00:00,233.395004,233.460007,233.160004,233.240005,43382
2026-06-10 19:20:00+00:00,233.240005,233.240005,233.009995,233.114304,48524
2026-06-10 19:25:00+00:00,233.089996,233.350006,232.929993,233.350006,67808
2026-06-10 19:30:00+00:00,233.350006,233.664993,232.970001,233.664993,89453
2026-06-10 19:35:00+00:00,233.664993,233.929993,233.619995,233.899994,50676
2026-06-10 19:40:00+00:00,233.889999,233.899994,233.380005,233.580002,65846
2026-06-10 19:45:00+00:00,233.559998,233.750000,233.345001,233.580002,66798
2026-06-10 19:50:00+00:00,233.559998,233.679993,233.009995,233.460007,134077
2026-06-10 19:55:00+00:00,233.539993,234.259995,233.300003,233.320007,353371
2026-06-11 13:30:00+00:00,229.880005,232.500000,227.169998,227.985001,359057
2026-06-11 13:35:00+00:00,227.910004,229.470001,226.880005,227.059998,170178
2026-06-11 13:40:00+00:00,227.259995,228.380005,226.830002,227.777496,102236
2026-06-11 13:45:00+00:00,227.889999,228.750000,227.449997,228.335007,157763
2026-06-11 13:50:00+00:00,228.320007,229.559998,228.199997,228.669998,120788
2026-06-11 13:55:00+00:00,228.669998,229.379898,228.479996,228.669998,87326
2026-06-11 14:00:00+00:00,228.789993,229.949997,228.702499,229.220001,111612
2026-06-11 14:05:00+00:00,229.220001,229.294006,225.429993,225.429993,220174
2026-06-11 14:10:00+00:00,225.429993,226.050003,224.039993,224.220001,341499
2026-06-11 14:15:00+00:00,224.240005,224.639999,224.000000,224.160004,163647
2026-06-11 14:20:00+00:00,224.160004,224.619995,224.020004,224.404999,130881
2026-06-11 14:25:00+00:00,224.369995,224.449997,223.020004,223.449997,310660
2026-06-11 14:30:00+00:00,223.449997,223.929993,223.080002,223.330002,183992
2026-06-11 14:35:00+00:00,223.289993,223.519897,222.410095,222.449997,167399
2026-06-11 14:40:00+00:00,222.464996,223.080002,222.220001,222.500000,153381
2026-06-11 14:45:00+00:00,222.589996,222.889999,221.560104,221.560104,140565
2026-06-11 14:50:00+00:00,221.595795,221.699997,221.110001,221.350006,171200
2026-06-11 14:55:00+00:00,221.360001,221.388199,220.475006,220.789993,182325
2026-06-11 15:00:00+00:00,220.789993,221.409897,220.169998,221.240005,189390
2026-06-11 15:05:00+00:00,221.220001,221.609604,221.009995,221.550003,104373
2026-06-11 15:10:00+00:00,221.550003,221.826004,221.190002,221.735001,139621
2026-06-11 15:15:00+00:00,221.680099,223.000000,221.680099,222.600006,144695
2026-06-11 15:20:00+00:00,222.610001,222.949997,222.199997,222.445007,89878
2026-06-11 15:25:00+00:00,222.445007,222.839996,222.389999,222.429993,94705
2026-06-11 15:30:00+00:00,222.464996,222.550003,221.970001,222.259995,89308
2026-06-11 15:35:00+00:00,222.324997,223.110001,222.259995,222.845001,125299
2026-06-11 15:40:00+00:00,222.845001,223.309998,222.199997,222.199997,109497
2026-06-11 15:45:00+00:00,222.199997,222.880005,222.009995,222.585007,84970
2026-06-11 15:50:00+00:00,222.585007,222.585007,221.630005,221.660004,64817
2026-06-11 15:55:00+00:00,221.720001,221.919907,221.389999,221.600006,78947
2026-06-11 16:00:00+00:00,221.600006,221.949997,221.130005,221.315094,52967
2026-06-11 16:05:00+00:00,221.259995,222.240005,221.257004,221.940002,94779
2026-06-11 16:10:00+00:00,221.970001,222.389999,221.889999,222.350006,55021
2026-06-11 16:15:00+00:00,222.369995,222.809998,222.250000,222.770004,63514
2026-06-11 16:20:00+00:00,222.770004,222.830002,222.279999,222.654999,63628
2026-06-11 16:25:00+00:00,222.632507,222.720001,222.310394,222.610001,74671
2026-06-11 16:30:00+00:00,222.649994,223.634995,222.470001,223.544998,95699
2026-06-11 16:35:00+00:00,223.544998,224.000000,223.289993,223.820007,264898
2026-06-11 16:40:00+00:00,223.750000,223.970001,223.419998,223.639999,91256
2026-06-11 16:45:00+00:00,223.690002,223.880005,223.570007,223.570007,49107
2026-06-11 16:50:00+00:00,223.570007,223.570007,222.920105,222.940002,47423
2026-06-11 16:55:00+00:00,222.990005,223.080002,222.779999,222.949997,49250
2026-06-11 17:00:00+00:00,222.869995,223.149994,222.309998,222.449997,73416
2026-06-11 17:05:00+00:00,222.445007,222.949997,222.445007,222.869995,52577
2026-06-11 17:10:00+00:00,222.835007,223.080002,222.580002,222.725006,54204
2026-06-11 17:15:00+00:00,222.720001,222.770004,222.132599,222.132599,53725
2026-06-11 17:20:00+00:00,222.184998,222.240005,221.750000,221.899994,78933
2026-06-11 17:25:00+00:00,221.830002,224.050003,221.559998,223.990005,162970
2026-06-11 17:30:00+00:00,223.997498,225.000000,223.509995,224.354996,209529
2026-06-11 17:35:00+00:00,224.440002,224.710007,223.630005,224.529999,161863
2026-06-11 17:40:00+00:00,224.589996,225.630005,224.330002,224.904404,205407
2026-06-11 17:45:00+00:00,224.750107,225.059998,224.350006,224.529999,96231
2026-06-11 17:50:00+00:00,224.529999,224.619995,224.000000,224.524994,65782
2026-06-11 17:55:00+00:00,224.524994,224.720001,224.279999,224.529999,51649
2026-06-11 18:00:00+00:00,224.630005,225.190002,224.470001,224.880005,88272
2026-06-11 18:05:00+00:00,224.809998,224.820007,224.039993,224.755005,140542
2026-06-11 18:10:00+00:00,224.755096,224.969894,224.419998,224.600006,46665
2026-06-11 18:15:00+00:00,224.565002,224.750000,224.350006,224.455002,84762
2026-06-11 18:20:00+00:00,224.455002,224.479996,223.440002,223.690002,112579
2026-06-11 18:25:00+00:00,223.669998,223.899994,223.425003,223.619995,100013
2026-06-11 18:30:00+00:00,223.679993,224.000000,223.320007,223.410004,87256
2026-06-11 18:35:00+00:00,223.470001,223.839996,223.000000,223.175003,188115
2026-06-11 18:40:00+00:00,223.179993,223.580002,222.740005,222.835007,120791
2026-06-11 18:45:00+00:00,222.835007,222.835007,222.179993,222.654999,107051
2026-06-11 18:50:00+00:00,222.619995,222.860001,221.977798,222.455002,149767
2026-06-11 18:55:00+00:00,222.455002,222.520004,222.100006,222.425003,101455
2026-06-11 19:00:00+00:00,222.414993,222.479996,222.139999,222.399994,103997
2026-06-11 19:05:00+00:00,222.434998,222.470001,222.080002,222.160004,119538
2026-06-11 19:10:00+00:00,222.160004,222.279999,221.690002,221.800003,152817
2026-06-11 19:15:00+00:00,221.815002,222.139999,221.600098,221.985001,165063
2026-06-11 19:20:00+00:00,221.985001,222.080002,221.169998,221.235001,148231
2026-06-11 19:25:00+00:00,221.235001,221.610001,221.149994,221.565002,176633
2026-06-11 19:30:00+00:00,221.570007,222.229996,221.460007,222.070007,281759
2026-06-11 19:35:00+00:00,222.119995,222.330002,221.880005,222.009995,195224
2026-06-11 19:40:00+00:00,222.112595,222.179993,221.100006,221.259995,239551
2026-06-11 19:45:00+00:00,221.289993,221.330002,220.419998,220.470001,291941
2026-06-11 19:50:00+00:00,220.470001,221.160004,218.699997,218.794998,767621
2026-06-11 19:55:00+00:00,219.039993,219.460007,218.100006,218.369995,1304718
2026-06-12 13:30:00+00:00,202.399994,205.000000,196.899994,197.110001,5269040
2026-06-12 13:35:00+00:00,197.039993,201.660004,196.950104,201.559998,1212814
2026-06-12 13:40:00+00:00,201.559998,202.009995,200.110001,200.360001,1548097
2026-06-12 13:45:00+00:00,200.365005,202.669403,199.479996,199.629898,940503
2026-06-12 13:50:00+00:00,199.630005,201.199997,199.201004,199.279999,725364
2026-06-12 13:55:00+00:00,199.309998,201.550003,199.264999,201.190002,440092
2026-06-12 14:00:00+00:00,201.229996,202.990005,200.619995,202.500000,548328
2026-06-12 14:05:00+00:00,202.501007,202.699905,201.309998,201.955002,527636
2026-06-12 14:10:00+00:00,201.955002,202.046997,201.029999,201.949997,399816
2026-06-12 14:15:00+00:00,201.967407,202.610001,201.000000,201.300003,313492
2026-06-12 14:20:00+00:00,201.225296,201.299896,200.260101,201.080002,285733
2026-06-12 14:25:00+00:00,201.069199,203.740005,200.910095,203.270004,335169
2026-06-12 14:30:00+00:00,203.199997,205.649994,203.154999,204.625000,571476
2026-06-12 14:35:00+00:00,204.625000,205.239899,204.100006,204.541199,280732
2026-06-12 14:40:00+00:00,204.562302,204.562302,203.039993,203.065002,185209
2026-06-12 14:45:00+00:00,203.065002,203.610001,202.399994,202.804504,202910
2026-06-12 14:50:00+00:00,202.800003,203.657303,202.501007,203.633698,180653
2026-06-12 14:55:00+00:00,203.619995,204.520004,203.000000,204.350098,203820
2026-06-12 15:00:00+00:00,204.354996,204.850006,203.860001,203.860001,406455
2026-06-12 15:05:00+00:00,203.860107,204.699997,203.695007,204.320007,175468
2026-06-12 15:10:00+00:00,204.289993,204.990005,204.220001,204.464996,166870
2026-06-12 15:15:00+00:00,204.449997,204.490005,203.919998,204.315002,129981
2026-06-12 15:20:00+00:00,204.315002,204.360001,203.750000,203.970093,120898
2026-06-12 15:25:00+00:00,203.979996,204.134995,203.190002,203.309998,176045
2026-06-12 15:30:00+00:00,203.309998,203.710007,202.660004,202.750000,194295
2026-06-12 15:35:00+00:00,202.740204,203.179993,202.119995,202.440002,165717
2026-06-12 15:40:00+00:00,202.449997,203.380005,202.289993,202.889999,155151
2026-06-12 15:45:00+00:00,202.899994,203.350006,202.730103,203.029999,107119
2026-06-12 15:50:00+00:00,203.029999,203.569901,202.809998,203.399994,130744
2026-06-12 15:55:00+00:00,203.380005,203.960007,203.240005,203.335007,160986
2026-06-12 16:00:00+00:00,203.350006,203.399994,202.554993,202.692398,119238
2026-06-12 16:05:00+00:00,202.720001,203.990005,202.710098,203.930099,112435
2026-06-12 16:10:00+00:00,203.929993,204.800003,203.664993,204.565002,126060
2026-06-12 16:15:00+00:00,204.565002,204.740005,204.199997,204.199997,96817
2026-06-12 16:20:00+00:00,204.199997,204.365005,203.500000,204.250000,132609
2026-06-12 16:25:00+00:00,204.235001,204.660004,204.009995,204.009995,132018
2026-06-12 16:30:00+00:00,204.039902,204.279999,204.000000,204.070007,87834
2026-06-12 16:35:00+00:00,204.070007,204.070007,203.645004,203.699997,126228
2026-06-12 16:40:00+00:00,203.702393,204.050003,203.580002,203.998306,158376
2026-06-12 16:45:00+00:00,203.934998,204.809998,203.839996,204.345001,169334
2026-06-12 16:50:00+00:00,204.410004,204.520004,203.500000,203.889893,130163
2026-06-12 16:55:00+00:00,203.889999,204.210007,203.500000,203.610001,95758
2026-06-12 17:00:00+00:00,203.600006,204.979996,203.580002,204.649994,131697
2026-06-12 17:05:00+00:00,204.645004,204.839996,204.080093,204.089706,104860
2026-06-12 17:10:00+00:00,204.080002,204.080002,202.899994,203.410004,140688
2026-06-12 17:15:00+00:00,203.490005,203.524399,202.759995,202.929901,106482
2026-06-12 17:20:00+00:00,202.914993,203.399994,202.750000,203.399994,126064
2026-06-12 17:25:00+00:00,203.384995,203.429993,202.940094,203.270004,210968
2026-06-12 17:30:00+00:00,203.259995,203.389999,202.800003,202.820007,192669
2026-06-12 17:35:00+00:00,202.839996,203.179901,202.750000,202.940002,105718
2026-06-12 17:40:00+00:00,202.966995,203.149994,202.789993,202.960007,72134
2026-06-12 17:45:00+00:00,202.951004,203.615005,202.929993,203.072495,105324
2026-06-12 17:50:00+00:00,203.074997,203.074997,201.520096,201.551804,246407
2026-06-12 17:55:00+00:00,201.570007,201.570007,200.669998,200.929504,196374
2026-06-12 18:00:00+00:00,200.925003,201.339996,200.860107,201.283997,129601
2026-06-12 18:05:00+00:00,201.294998,201.324997,201.000000,201.205002,104536
2026-06-12 18:10:00+00:00,201.209793,201.759995,201.020096,201.550003,89246
2026-06-12 18:15:00+00:00,201.544998,202.209702,201.300003,202.187500,117101
2026-06-12 18:20:00+00:00,202.199997,202.649994,201.729996,202.555496,113008
2026-06-12 18:25:00+00:00,202.518707,202.710007,202.172394,202.475006,98224
2026-06-12 18:30:00+00:00,202.470001,202.690002,202.149994,202.169998,94385
2026-06-12 18:35:00+00:00,202.155701,202.339996,201.890106,201.949997,81835
2026-06-12 18:40:00+00:00,201.940002,202.800003,201.940002,202.770004,96240
2026-06-12 18:45:00+00:00,202.764999,202.899994,202.610001,202.755005,134387
2026-06-12 18:50:00+00:00,202.750000,202.799896,202.060104,202.479996,100051
2026-06-12 18:55:00+00:00,202.470001,202.854996,201.889999,201.955002,198446
2026-06-12 19:00:00+00:00,201.880096,202.860001,201.699997,202.789993,130662
2026-06-12 19:05:00+00:00,202.794998,203.220001,202.404999,202.839996,418695
2026-06-12 19:10:00+00:00,202.880005,204.690002,202.640396,204.550003,147147
2026-06-12 19:15:00+00:00,204.580002,204.639999,203.904999,204.460007,166491
2026-06-12 19:20:00+00:00,204.455002,205.240005,204.440002,204.455002,182815
2026-06-12 19:25:00+00:00,204.449997,205.029999,204.399994,204.882004,141555
2026-06-12 19:30:00+00:00,204.914993,205.440002,204.610001,205.289993,168324
2026-06-12 19:35:00+00:00,205.315002,205.479996,204.809998,204.824997,214704
2026-06-12 19:40:00+00:00,204.820206,205.009995,204.229996,204.789993,238387
2026-06-12 19:45:00+00:00,204.850006,205.649994,204.645004,205.110001,302215
2026-06-12 19:50:00+00:00,205.110001,205.379898,204.610001,204.820007,392176
2026-06-12 19:55:00+00:00,204.820007,204.820007,203.910004,204.014999,798713
2026-06-15 13:30:00+00:00,206.880005,211.115005,206.600006,210.639999,946440
2026-06-15 13:35:00+00:00,210.639999,210.850006,208.649994,209.546997,301009
2026-06-15 13:40:00+00:00,209.615005,210.500000,209.079102,209.645004,250846
2026-06-15 13:45:00+00:00,209.625000,210.800003,209.192993,209.500000,163797
2026-06-15 13:50:00+00:00,209.380005,209.869995,208.479996,209.199997,138514
2026-06-15 13:55:00+00:00,209.100006,210.460007,208.360001,210.460007,124822
2026-06-15 14:00:00+00:00,210.410004,211.990005,210.410004,211.410004,207878
2026-06-15 14:05:00+00:00,211.490005,211.899902,210.940094,211.315002,150688
2026-06-15 14:10:00+00:00,211.369995,211.570007,209.250000,209.720001,187692
2026-06-15 14:15:00+00:00,209.610001,209.925003,208.649994,209.330002,132219
2026-06-15 14:20:00+00:00,209.330002,209.559998,207.690002,207.878098,133143
2026-06-15 14:25:00+00:00,207.899994,209.369995,207.800003,208.699997,123029
2026-06-15 14:30:00+00:00,208.750000,208.820007,208.072205,208.695007,109322
2026-06-15 14:35:00+00:00,208.695007,209.070007,208.289993,208.289993,106365
2026-06-15 14:40:00+00:00,208.270004,210.500000,208.270004,210.449997,140405
2026-06-15 14:45:00+00:00,210.449997,210.690002,209.800003,209.800003,160294
2026-06-15 14:50:00+00:00,209.809998,210.630005,209.600006,210.024994,90087
2026-06-15 14:55:00+00:00,210.059998,210.779694,209.999802,210.339996,135370
2026-06-15 15:00:00+00:00,210.339996,210.539993,208.815002,208.815002,148880
2026-06-15 15:05:00+00:00,208.770004,209.699997,208.695007,209.360001,98514
2026-06-15 15:10:00+00:00,209.419998,210.139999,209.190002,209.190002,111051
2026-06-15 15:15:00+00:00,209.160004,209.850006,209.119995,209.304993,91750
2026-06-15 15:20:00+00:00,209.304993,209.339996,208.860107,209.175003,95327
2026-06-15 15:25:00+00:00,209.169998,209.380005,208.679993,208.960007,93400
2026-06-15 15:30:00+00:00,208.960007,209.457504,208.800003,209.445007,91313
2026-06-15 15:35:00+00:00,209.399994,209.669998,209.220001,209.240005,65698
2026-06-15 15:40:00+00:00,209.264999,209.610001,209.100006,209.380005,69415
2026-06-15 15:45:00+00:00,209.320007,209.869995,209.279999,209.774994,91350
2026-06-15 15:50:00+00:00,209.800003,210.289993,209.699997,210.169998,96612
2026-06-15 15:55:00+00:00,210.169998,210.580002,210.169998,210.460007,68205
2026-06-15 16:00:00+00:00,210.460007,210.470001,210.039993,210.279999,58924
2026-06-15 16:05:00+00:00,210.279999,210.279999,209.250107,209.335007,56168
2026-06-15 16:10:00+00:00,209.335007,209.360001,208.925003,209.070007,59784
2026-06-15 16:15:00+00:00,209.039993,209.899994,209.009995,209.629700,70347
2026-06-15 16:20:00+00:00,209.649994,209.909897,209.510101,209.815002,68421
2026-06-15 16:25:00+00:00,209.804993,210.300003,209.804993,210.175003,63854
2026-06-15 16:30:00+00:00,210.179993,210.190002,209.210007,209.300003,69359
2026-06-15 16:35:00+00:00,209.324997,209.479996,208.740005,208.779999,86208
2026-06-15 16:40:00+00:00,208.779999,208.830002,207.800003,207.854996,88614
2026-06-15 16:45:00+00:00,207.854996,207.899994,207.610992,207.735001,66102
2026-06-15 16:50:00+00:00,207.750702,207.860001,207.520096,207.779999,72698
2026-06-15 16:55:00+00:00,207.779999,207.789993,207.199997,207.294998,80680
2026-06-15 17:00:00+00:00,207.328796,207.809998,207.270004,207.794998,60188
2026-06-15 17:05:00+00:00,207.794998,207.889999,207.410004,207.644699,55901
2026-06-15 17:10:00+00:00,207.649994,207.934998,207.619995,207.759995,56242
2026-06-15 17:15:00+00:00,207.730103,207.940002,207.729996,207.785004,64764
2026-06-15 17:20:00+00:00,207.785004,208.189896,207.729996,207.970001,109696
2026-06-15 17:25:00+00:00,207.970001,208.220001,207.929993,207.979904,63439
2026-06-15 17:30:00+00:00,207.975006,208.378998,207.929993,208.214996,59402
2026-06-15 17:35:00+00:00,208.214996,208.539993,208.080002,208.210007,71763
2026-06-15 17:40:00+00:00,208.139999,208.460495,208.059998,208.289993,55095
2026-06-15 17:45:00+00:00,208.320007,208.369995,207.809998,207.815002,52471
2026-06-15 17:50:00+00:00,207.810104,207.899994,207.639999,207.820007,44388
2026-06-15 17:55:00+00:00,207.780106,207.839996,207.500000,207.580093,54423
2026-06-15 18:00:00+00:00,207.610001,207.720001,207.509995,207.690002,55183
2026-06-15 18:05:00+00:00,207.679993,207.899994,207.600006,207.610001,46814
2026-06-15 18:10:00+00:00,207.560104,207.660004,207.350006,207.410004,48543
2026-06-15 18:15:00+00:00,207.410004,207.619995,207.264999,207.309998,51860
2026-06-15 18:20:00+00:00,207.309998,207.774994,207.149994,207.690002,94451
2026-06-15 18:25:00+00:00,207.710007,207.850006,207.520004,207.520004,72758
2026-06-15 18:30:00+00:00,207.500397,207.524994,207.050003,207.065002,85833
2026-06-15 18:35:00+00:00,207.059998,207.665100,207.054993,207.559998,59600
2026-06-15 18:40:00+00:00,207.559998,207.649994,207.425003,207.520004,57114
2026-06-15 18:45:00+00:00,207.559998,207.559998,207.074997,207.074997,63984
2026-06-15 18:50:00+00:00,207.074997,207.080002,206.820007,207.044998,95332
2026-06-15 18:55:00+00:00,207.039993,207.130005,206.750000,206.779999,63260
2026-06-15 19:00:00+00:00,206.800003,206.960007,206.470001,206.934998,71701
2026-06-15 19:05:00+00:00,206.931000,207.009995,206.610992,206.679993,70065
2026-06-15 19:10:00+00:00,206.705994,206.880005,206.619995,206.720001,57099
2026-06-15 19:15:00+00:00,206.720001,206.869995,206.119995,206.130005,68935
2026-06-15 19:20:00+00:00,206.139999,206.160004,205.804993,205.919998,91612
2026-06-15 19:25:00+00:00,205.922897,205.979904,205.781204,205.839996,79125
2026-06-15 19:30:00+00:00,205.830002,206.220001,205.717499,206.199997,119184
2026-06-15 19:35:00+00:00,206.210007,206.490005,206.134995,206.470001,101202
2026-06-15 19:40:00+00:00,206.470001,206.529999,206.195007,206.395004,105920
2026-06-15 19:45:00+00:00,206.395004,206.558105,206.210098,206.485001,138742
2026-06-15 19:50:00+00:00,206.460007,206.660004,206.059998,206.195007,202695
2026-06-15 19:55:00+00:00,206.210007,206.360001,205.910004,206.270004,347499
2026-06-16 13:30:00+00:00,205.339996,206.800003,203.839996,205.470001,380867
2026-06-16 13:35:00+00:00,205.500000,207.520004,205.500000,206.794998,155569
2026-06-16 13:40:00+00:00,206.779999,209.049896,206.240005,208.414993,155336
2026-06-16 13:45:00+00:00,208.550003,209.589996,208.320007,208.858994,153433
2026-06-16 13:50:00+00:00,208.718201,210.270004,208.309998,209.320007,100643
2026-06-16 13:55:00+00:00,209.320007,210.270004,209.195007,209.285004,70268
2026-06-16 14:00:00+00:00,209.285004,209.699997,207.929993,208.294998,87402
2026-06-16 14:05:00+00:00,208.294998,208.419998,207.339996,207.789993,68882
2026-06-16 14:10:00+00:00,207.750000,208.095001,207.199997,207.300003,61508
2026-06-16 14:15:00+00:00,207.399994,207.839996,207.199997,207.350006,70225
2026-06-16 14:20:00+00:00,207.470001,208.039993,206.940002,206.972000,85451
2026-06-16 14:25:00+00:00,207.029999,207.955002,206.850006,207.589996,75637
2026-06-16 14:30:00+00:00,207.500000,208.199997,207.389999,207.750000,87940
2026-06-16 14:35:00+00:00,207.744995,209.800003,207.600006,209.750000,72215
2026-06-16 14:40:00+00:00,209.850006,209.850006,209.070007,209.255096,71985
2026-06-16 14:45:00+00:00,209.250000,209.570007,208.910004,209.569901,49735
2026-06-16 14:50:00+00:00,209.434998,209.949997,209.119995,209.945007,51755
2026-06-16 14:55:00+00:00,209.940002,210.589996,209.699997,210.050003,92667
2026-06-16 15:00:00+00:00,210.100006,210.220001,209.539993,209.804993,59622
2026-06-16 15:05:00+00:00,209.759995,209.990005,209.580002,209.794998,51387
2026-06-16 15:10:00+00:00,209.794998,209.794998,209.020004,209.652100,46313
2026-06-16 15:15:00+00:00,209.660004,209.979996,209.309998,209.800003,45804
2026-06-16 15:20:00+00:00,209.800003,210.080002,209.764999,209.845001,47836
2026-06-16 15:25:00+00:00,209.845001,210.250000,209.490005,209.529999,63175
2026-06-16 15:30:00+00:00,209.429993,209.839996,209.059998,209.699997,46289
2026-06-16 15:35:00+00:00,209.729996,210.360001,209.544998,210.300003,46940
2026-06-16 15:40:00+00:00,210.240005,210.570007,209.729996,210.520004,68875
2026-06-16 15:45:00+00:00,210.554993,210.798004,210.339996,210.380005,83631
2026-06-16 15:50:00+00:00,210.384995,210.509995,209.960007,210.009995,39795
2026-06-16 15:55:00+00:00,209.970001,210.149902,209.529999,209.550003,40952
2026-06-16 16:00:00+00:00,209.520004,209.789993,209.210007,209.429993,42160
2026-06-16 16:05:00+00:00,209.399994,209.399994,208.669998,208.960007,41340
2026-06-16 16:10:00+00:00,208.945007,208.945007,208.475006,208.764999,41178
2026-06-16 16:15:00+00:00,208.809998,208.850998,208.419998,208.449997,40539
2026-06-16 16:20:00+00:00,208.449997,208.490005,208.009995,208.089996,55340
2026-06-16 16:25:00+00:00,208.100098,208.279999,207.990005,208.160004,69928
2026-06-16 16:30:00+00:00,208.210007,208.429993,208.089996,208.119995,47896
2026-06-16 16:35:00+00:00,208.149994,208.199997,207.919998,207.929993,30501
2026-06-16 16:40:00+00:00,208.020004,208.039993,207.500000,207.880005,42181
2026-06-16 16:45:00+00:00,207.880005,208.380005,207.880005,208.320007,38892
2026-06-16 16:50:00+00:00,208.259995,208.399994,208.065002,208.360001,24278
2026-06-16 16:55:00+00:00,208.225006,208.449997,207.899994,207.949997,39612
2026-06-16 17:00:00+00:00,207.940002,207.940002,206.919998,207.365005,144703
2026-06-16 17:05:00+00:00,207.360001,207.630005,207.279999,207.470001,44590
2026-06-16 17:10:00+00:00,207.404999,207.500000,206.820007,206.889999,535306
2026-06-16 17:15:00+00:00,206.889999,207.039993,206.729996,206.759995,56502
2026-06-16 17:20:00+00:00,206.804993,206.929993,206.630005,206.798492,40148
2026-06-16 17:25:00+00:00,206.820007,206.990005,206.619995,206.809998,42101
2026-06-16 17:30:00+00:00,206.809998,207.029999,206.779999,206.860001,34932
2026-06-16 17:35:00+00:00,206.860001,207.070007,206.699997,206.820007,38677
2026-06-16 17:40:00+00:00,206.839905,206.929993,206.649994,206.789993,43001
2026-06-16 17:45:00+00:00,206.800003,206.850006,206.619995,206.695007,23910
2026-06-16 17:50:00+00:00,206.690002,206.820007,206.570007,206.652695,27349
2026-06-16 17:55:00+00:00,206.649994,206.710007,206.378006,206.699997,31680
2026-06-16 18:00:00+00:00,206.610001,206.800003,206.500000,206.705002,22996
2026-06-16 18:05:00+00:00,206.705002,206.750000,206.580002,206.634995,49188
2026-06-16 18:10:00+00:00,206.679993,206.839996,206.615005,206.808807,45164
2026-06-16 18:15:00+00:00,206.750000,206.988998,206.750000,206.910004,36660
2026-06-16 18:20:00+00:00,206.869995,207.054993,206.751495,206.813004,32664
2026-06-16 18:25:00+00:00,206.785004,207.020004,206.779999,206.865005,40558
2026-06-16 18:30:00+00:00,206.854996,206.960007,206.779999,206.824997,31551
2026-06-16 18:35:00+00:00,206.869995,207.318802,206.839996,207.318802,48097
2026-06-16 18:40:00+00:00,207.315002,207.339996,206.919998,207.299896,46317
2026-06-16 18:45:00+00:00,207.244995,207.570007,207.244995,207.250000,42056
2026-06-16 18:50:00+00:00,207.250000,207.309998,207.009995,207.229996,34547
2026-06-16 18:55:00+00:00,207.270004,207.490005,207.169998,207.244995,42131
2026-06-16 19:00:00+00:00,207.244995,207.380005,206.865707,206.970001,60906
2026-06-16 19:05:00+00:00,207.039993,207.270004,206.820007,207.190002,29966
2026-06-16 19:10:00+00:00,207.179993,207.419998,207.009995,207.095001,47570
2026-06-16 19:15:00+00:00,207.089996,207.127106,206.679993,206.839996,66902
2026-06-16 19:20:00+00:00,206.809998,206.970001,206.639999,206.800003,74138
2026-06-16 19:25:00+00:00,206.800003,207.089996,206.743195,206.929993,63472
2026-06-16 19:30:00+00:00,206.940002,207.750000,206.940002,207.600006,58978
2026-06-16 19:35:00+00:00,207.595001,207.740005,207.300003,207.429993,64150
2026-06-16 19:40:00+00:00,207.389999,207.399994,207.142899,207.309998,65818
2026-06-16 19:45:00+00:00,207.289993,207.414993,207.009995,207.119995,69434
2026-06-16 19:50:00+00:00,207.139999,207.169998,206.589996,206.750000,354362
2026-06-16 19:55:00+00:00,206.729996,207.470001,206.729996,207.360001,381783
2026-06-17 13:30:00+00:00,204.020004,204.309998,201.000000,201.029999,546302
2026-06-17 13:35:00+00:00,201.199997,201.479401,199.559998,201.149994,431993
2026-06-17 13:40:00+00:00,201.110001,202.639999,201.020004,202.600006,216434
2026-06-17 13:45:00+00:00,202.630005,204.070007,202.279999,203.839996,271192
2026-06-17 13:50:00+00:00,203.770004,206.149994,203.740005,205.789993,241409
2026-06-17 13:55:00+00:00,205.830002,206.499893,205.600006,205.789993,122601
2026-06-17 14:00:00+00:00,205.839996,206.029999,204.279999,204.919998,224669
2026-06-17 14:05:00+00:00,204.917007,204.989899,203.899994,204.160004,91446
2026-06-17 14:10:00+00:00,204.169998,204.369995,203.339996,204.289993,203303
2026-06-17 14:15:00+00:00,204.289993,204.660004,203.610001,203.919998,59397
2026-06-17 14:20:00+00:00,203.850006,204.439896,203.350006,204.100006,59216
2026-06-17 14:25:00+00:00,203.990005,204.110001,203.149994,203.320007,82682
2026-06-17 14:30:00+00:00,203.320007,204.720001,203.179993,204.039993,108026
2026-06-17 14:35:00+00:00,203.990005,204.005005,203.009995,203.199997,74676
2026-06-17 14:40:00+00:00,203.199997,203.309998,202.630005,202.979996,84910
2026-06-17 14:45:00+00:00,203.000000,203.160004,202.600006,203.020004,65146
2026-06-17 14:50:00+00:00,203.005096,203.005096,202.210007,202.210007,68404
2026-06-17 14:55:00+00:00,202.320007,202.414993,201.770004,202.115005,108182
2026-06-17 15:00:00+00:00,202.115005,202.389999,201.899994,202.345001,66811
2026-06-17 15:05:00+00:00,202.350006,202.539993,201.949997,202.085007,81071
2026-06-17 15:10:00+00:00,202.085007,202.550003,201.960007,202.550003,75666
2026-06-17 15:15:00+00:00,202.470001,202.559998,202.029999,202.395004,83899
2026-06-17 15:20:00+00:00,202.389999,202.610001,201.876801,202.369995,271742
2026-06-17 15:25:00+00:00,202.369995,202.529999,202.039993,202.039993,48822
2026-06-17 15:30:00+00:00,202.039993,202.419998,201.660004,201.910004,152101
2026-06-17 15:35:00+00:00,201.929993,202.062500,201.690002,201.710602,61671
2026-06-17 15:40:00+00:00,201.720001,202.449997,201.720001,202.240005,120061
2026-06-17 15:45:00+00:00,202.240005,202.429993,202.100006,202.369995,63650
2026-06-17 15:50:00+00:00,202.389999,203.169998,202.330002,202.720093,131682
2026-06-17 15:55:00+00:00,202.820007,202.869995,202.070007,202.270004,49476
2026-06-17 16:00:00+00:00,202.279907,202.769897,202.229996,202.600006,58913
2026-06-17 16:05:00+00:00,202.600006,202.820007,202.440002,202.690002,53362
2026-06-17 16:10:00+00:00,202.634995,204.309998,202.500000,204.145004,72066
2026-06-17 16:15:00+00:00,204.050003,204.559998,203.820007,204.270004,68577
2026-06-17 16:20:00+00:00,204.279999,204.380005,203.309998,203.520004,60220
2026-06-17 16:25:00+00:00,203.520004,203.669998,203.220001,203.220001,33687
2026-06-17 16:30:00+00:00,203.220001,203.380005,202.899994,202.899994,32004
2026-06-17 16:35:00+00:00,202.919998,203.149994,202.740005,202.880005,38072
2026-06-17 16:40:00+00:00,202.880005,203.159897,202.460007,202.460007,34547
2026-06-17 16:45:00+00:00,202.479996,202.820007,202.289993,202.289993,44948
2026-06-17 16:50:00+00:00,202.300003,202.600006,202.190002,202.600006,37887
2026-06-17 16:55:00+00:00,202.520004,202.589996,202.335007,202.375000,28594
2026-06-17 17:00:00+00:00,202.339996,202.770004,202.250000,202.410004,36275
2026-06-17 17:05:00+00:00,202.460007,202.500000,201.899994,201.970001,53592
2026-06-17 17:10:00+00:00,202.050003,202.439896,202.024994,202.300003,31534
2026-06-17 17:15:00+00:00,202.304993,202.439896,202.029999,202.169495,35323
2026-06-17 17:20:00+00:00,202.059998,202.460007,202.050003,202.354996,35262
2026-06-17 17:25:00+00:00,202.320007,202.570007,202.229996,202.440094,45142
2026-06-17 17:30:00+00:00,202.460007,202.490005,202.300003,202.403305,63537
2026-06-17 17:35:00+00:00,202.410004,202.429993,202.100006,202.149994,47040
2026-06-17 17:40:00+00:00,202.130005,202.199997,201.929993,202.059998,90950
2026-06-17 17:45:00+00:00,202.059998,202.850006,202.059998,202.789993,154036
2026-06-17 17:50:00+00:00,202.770004,203.160004,202.649994,203.160004,30112
2026-06-17 17:55:00+00:00,203.020004,203.139999,202.880005,203.000000,33488
2026-06-17 18:00:00+00:00,203.085007,203.085007,201.068604,201.893005,169192
2026-06-17 18:05:00+00:00,201.889999,201.919998,201.070007,201.369995,81369
2026-06-17 18:10:00+00:00,201.369995,201.619995,201.029999,201.529999,67149
2026-06-17 18:15:00+00:00,201.570007,202.250000,201.570007,201.899994,60686
2026-06-17 18:20:00+00:00,201.940002,201.949997,201.279999,201.429993,43863
2026-06-17 18:25:00+00:00,201.429993,201.429993,201.000000,201.220001,57915
2026-06-17 18:30:00+00:00,201.220001,201.675003,200.740005,200.800003,97422
2026-06-17 18:35:00+00:00,200.800003,201.330002,200.639999,201.149994,60910
2026-06-17 18:40:00+00:00,201.149994,201.169998,200.700104,200.925003,74421
2026-06-17 18:45:00+00:00,200.888000,201.000000,200.059998,200.270004,104985
2026-06-17 18:50:00+00:00,200.285095,200.399994,200.059998,200.264999,113957
2026-06-17 18:55:00+00:00,200.229996,200.229996,199.210007,199.449997,203173
2026-06-17 19:00:00+00:00,199.449997,199.839996,199.170105,199.490005,102958
2026-06-17 19:05:00+00:00,199.535004,199.639999,198.740097,198.860001,125675
2026-06-17 19:10:00+00:00,198.869995,199.479996,198.669998,199.270004,104035
2026-06-17 19:15:00+00:00,199.330002,199.389999,198.580093,198.660004,98079
2026-06-17 19:20:00+00:00,198.660004,198.729996,197.990005,198.229996,158337
2026-06-17 19:25:00+00:00,198.190002,198.229996,197.750000,197.779999,133972
2026-06-17 19:30:00+00:00,197.859894,197.859894,197.130005,197.240005,141983
2026-06-17 19:35:00+00:00,197.250000,197.479996,196.529999,196.955002,238188
2026-06-17 19:40:00+00:00,196.899994,197.608002,196.889999,197.380997,137856
2026-06-17 19:45:00+00:00,197.300095,197.360001,196.630005,196.809998,256425
2026-06-17 19:50:00+00:00,196.809998,196.919998,195.639999,195.725006,541387
2026-06-17 19:55:00+00:00,195.789993,196.389999,195.789993,196.270004,535856
2026-06-18 13:30:00+00:00,193.600006,194.300003,191.500000,191.731598,1238603
2026-06-18 13:35:00+00:00,191.730804,193.100006,191.289993,191.782501,295268
2026-06-18 13:40:00+00:00,191.699997,191.990005,190.119995,190.990005,251060
2026-06-18 13:45:00+00:00,191.199997,193.035004,191.190002,192.104996,394063
2026-06-18 13:50:00+00:00,192.104996,193.339996,192.104996,193.190002,216116
2026-06-18 13:55:00+00:00,193.190002,193.600006,192.600006,193.139999,257828
2026-06-18 14:00:00+00:00,193.300003,194.099899,192.669998,193.884995,168695
2026-06-18 14:05:00+00:00,193.839996,194.127304,193.100006,193.619995,126401
2026-06-18 14:10:00+00:00,193.699997,194.240005,193.529999,193.634995,186253
2026-06-18 14:15:00+00:00,193.710007,194.679993,193.649994,194.229996,199139
2026-06-18 14:20:00+00:00,194.149994,194.499893,193.134995,193.895004,302284
2026-06-18 14:25:00+00:00,193.949997,194.309998,193.360001,194.104996,143465
2026-06-18 14:30:00+00:00,194.169998,195.300003,193.934998,195.299896,184618
2026-06-18 14:35:00+00:00,195.169998,196.779999,195.169998,196.649994,192734
2026-06-18 14:40:00+00:00,196.630005,196.709900,195.679993,195.925003,129550
2026-06-18 14:45:00+00:00,195.925003,196.250000,195.690002,195.910004,86112
2026-06-18 14:50:00+00:00,195.809998,196.199997,195.369995,195.464996,68048
2026-06-18 14:55:00+00:00,195.569000,195.949997,195.300003,195.520004,65467
2026-06-18 15:00:00+00:00,195.559998,196.059006,195.300003,195.449997,76034
2026-06-18 15:05:00+00:00,195.445007,195.520004,194.399994,194.419998,132165
2026-06-18 15:10:00+00:00,194.460007,194.889893,194.300003,194.625000,67156
2026-06-18 15:15:00+00:00,194.580002,194.800003,194.429993,194.695007,53305
2026-06-18 15:20:00+00:00,194.695007,194.769897,194.050003,194.080002,60160
2026-06-18 15:25:00+00:00,194.050003,194.110001,193.649994,193.660004,83675
2026-06-18 15:30:00+00:00,193.660004,194.029999,193.600006,193.770004,54095
2026-06-18 15:35:00+00:00,193.779999,194.089996,193.589996,193.934998,77733
2026-06-18 15:40:00+00:00,193.964996,194.000000,193.369995,193.619995,70856
2026-06-18 15:45:00+00:00,193.619995,193.778000,193.210007,193.778000,77304
2026-06-18 15:50:00+00:00,193.705795,194.100006,193.669998,193.730103,56776
2026-06-18 15:55:00+00:00,193.740005,194.250000,193.669998,193.994995,40749
2026-06-18 16:00:00+00:00,193.994995,194.250000,193.779999,194.149994,59684
2026-06-18 16:05:00+00:00,194.149994,194.389999,193.750000,193.790100,80300
2026-06-18 16:10:00+00:00,193.800003,193.800003,193.210007,193.264999,53604
2026-06-18 16:15:00+00:00,193.264999,193.735001,193.264999,193.604996,71795
2026-06-18 16:20:00+00:00,193.649902,194.059998,193.619995,193.827499,43044
2026-06-18 16:25:00+00:00,193.809998,193.955002,193.690002,193.884995,64577
2026-06-18 16:30:00+00:00,193.949997,193.970001,193.460098,193.505005,37884
2026-06-18 16:35:00+00:00,193.505005,193.879898,193.500000,193.800003,36093
2026-06-18 16:40:00+00:00,193.835007,194.000000,193.380005,193.559998,57473
2026-06-18 16:45:00+00:00,193.518600,193.740005,193.425003,193.600006,50096
2026-06-18 16:50:00+00:00,193.595001,193.699997,193.500000,193.625000,64937
2026-06-18 16:55:00+00:00,193.649994,194.225006,193.625000,193.850006,58691
2026-06-18 17:00:00+00:00,193.850006,193.959900,193.410004,193.959900,180414
2026-06-18 17:05:00+00:00,193.960007,194.149994,193.600006,193.675003,127669
2026-06-18 17:10:00+00:00,193.649994,193.710007,193.274994,193.595001,71129
2026-06-18 17:15:00+00:00,193.660004,194.369995,193.523193,194.210007,95118
2026-06-18 17:20:00+00:00,194.210007,194.524994,194.003998,194.279999,132212
2026-06-18 17:25:00+00:00,194.320007,194.830002,194.250000,194.625000,66035
2026-06-18 17:30:00+00:00,194.610001,195.419998,194.600006,195.115005,51649
2026-06-18 17:35:00+00:00,195.115005,195.199997,194.919998,195.029999,33479
2026-06-18 17:40:00+00:00,195.020004,195.279999,194.951401,195.160004,43495
2026-06-18 17:45:00+00:00,195.119995,195.250000,194.750000,194.820007,40272
2026-06-18 17:50:00+00:00,194.850006,194.860001,194.500000,194.550003,41940
2026-06-18 17:55:00+00:00,194.539993,195.240005,194.389999,195.100006,84544
2026-06-18 18:00:00+00:00,195.100006,195.925003,195.020004,195.845001,90766
2026-06-18 18:05:00+00:00,195.899994,196.270004,195.860001,196.000000,80400
2026-06-18 18:10:00+00:00,196.050003,196.639999,196.050003,196.580002,352978
2026-06-18 18:15:00+00:00,196.604996,196.699997,196.300003,196.369995,60700
2026-06-18 18:20:00+00:00,196.410004,196.500000,196.205002,196.220001,44866
2026-06-18 18:25:00+00:00,196.244995,196.279999,195.869995,196.195007,56112
2026-06-18 18:30:00+00:00,196.160004,196.669998,195.860001,195.919998,88419
2026-06-18 18:35:00+00:00,195.914993,196.059998,195.619995,195.744995,54064
2026-06-18 18:40:00+00:00,195.744995,196.050003,195.699997,196.009995,53327
2026-06-18 18:45:00+00:00,196.029999,196.410004,196.020004,196.320007,43250
2026-06-18 18:50:00+00:00,196.360001,196.419998,196.044998,196.259995,50781
2026-06-18 18:55:00+00:00,196.250000,196.320007,196.039993,196.164993,48341
2026-06-18 19:00:00+00:00,196.134995,196.160004,195.445007,195.445007,54660
2026-06-18 19:05:00+00:00,195.479996,195.850006,195.460007,195.570007,69741
2026-06-18 19:10:00+00:00,195.574997,195.739899,195.330002,195.705002,79059
2026-06-18 19:15:00+00:00,195.705002,195.800003,195.470001,195.630005,51955
2026-06-18 19:20:00+00:00,195.610107,195.770004,195.339996,195.339996,62393
2026-06-18 19:25:00+00:00,195.375000,195.505005,195.289993,195.315002,63673
2026-06-18 19:30:00+00:00,195.339996,195.739899,195.220001,195.370102,88510
2026-06-18 19:35:00+00:00,195.429901,195.600006,195.229996,195.429993,81386
2026-06-18 19:40:00+00:00,195.440002,195.460007,195.050003,195.080002,77357
2026-06-18 19:45:00+00:00,195.080002,195.130005,194.449997,194.860001,113858
2026-06-18 19:50:00+00:00,194.910004,195.369995,194.630005,194.990005,264360
2026-06-18 19:55:00+00:00,195.139999,195.770004,195.029999,195.160004,466123
2026-06-22 13:30:00+00:00,193.393005,194.827499,191.839996,192.960007,408894
2026-06-22 13:35:00+00:00,192.949997,194.149994,192.345001,193.699997,182191
2026-06-22 13:40:00+00:00,193.869995,195.339996,193.649994,195.244995,119541
2026-06-22 13:45:00+00:00,195.220001,196.619995,195.095001,195.774994,151943
2026-06-22 13:50:00+00:00,195.820007,197.809998,195.600006,197.250000,182882
2026-06-22 13:55:00+00:00,197.270004,198.181000,196.470001,198.070007,130640
2026-06-22 14:00:00+00:00,198.074997,199.217804,197.470001,197.720001,185286
2026-06-22 14:05:00+00:00,197.770004,199.250000,197.669998,198.699997,106645
2026-06-22 14:10:00+00:00,198.645401,198.705002,196.705002,196.720001,80655
2026-06-22 14:15:00+00:00,196.699997,196.766907,196.050003,196.294998,64398
2026-06-22 14:20:00+00:00,196.240005,196.442993,195.770004,196.339996,67929
2026-06-22 14:25:00+00:00,196.345001,196.350006,194.830002,195.179993,137056
2026-06-22 14:30:00+00:00,195.179993,195.679993,194.899994,194.979996,88666
2026-06-22 14:35:00+00:00,195.044998,195.219894,194.429993,194.869995,61475
2026-06-22 14:40:00+00:00,194.800003,195.429993,194.679993,194.925003,84902
2026-06-22 14:45:00+00:00,194.925003,195.315002,194.820007,195.005005,44153
2026-06-22 14:50:00+00:00,195.076996,195.130005,194.500000,194.595001,55755
2026-06-22 14:55:00+00:00,194.589996,194.809998,194.360001,194.419998,42118
2026-06-22 15:00:00+00:00,194.460007,194.600006,193.789993,193.815094,84941
2026-06-22 15:05:00+00:00,193.809998,193.817398,193.020004,193.250000,58534
2026-06-22 15:10:00+00:00,193.229996,193.259995,192.750000,192.789993,67042
2026-06-22 15:15:00+00:00,192.770004,193.029999,192.530106,192.910004,75731
2026-06-22 15:20:00+00:00,192.960007,193.209900,192.501694,193.070007,57552
2026-06-22 15:25:00+00:00,193.110001,193.259995,192.960007,193.050003,60025
2026-06-22 15:30:00+00:00,193.029999,193.039993,192.660004,192.695007,69746
2026-06-22 15:35:00+00:00,192.720001,192.800003,192.128998,192.539993,70172
2026-06-22 15:40:00+00:00,192.539993,192.580002,192.100006,192.205002,42438
2026-06-22 15:45:00+00:00,192.169998,192.679993,192.169998,192.350006,73348
2026-06-22 15:50:00+00:00,192.300003,192.664993,192.190002,192.630005,63715
2026-06-22 15:55:00+00:00,192.634995,192.690002,192.294998,192.399994,45832
2026-06-22 16:00:00+00:00,192.399994,192.529999,192.164993,192.294998,59941
2026-06-22 16:05:00+00:00,192.270004,192.354996,192.169998,192.229996,44207
2026-06-22 16:10:00+00:00,192.199997,192.389999,192.009995,192.210007,41926
2026-06-22 16:15:00+00:00,192.199997,192.289993,191.899994,192.059998,54225
2026-06-22 16:20:00+00:00,192.070206,192.070206,191.520004,191.529999,62726
2026-06-22 16:25:00+00:00,191.610001,191.660004,191.210007,191.610001,64867
2026-06-22 16:30:00+00:00,191.580002,192.020004,191.550003,191.929993,54541
2026-06-22 16:35:00+00:00,191.949997,192.110001,191.850006,192.059998,58989
2026-06-22 16:40:00+00:00,192.110001,192.240005,191.990005,192.089996,42407
2026-06-22 16:45:00+00:00,192.130005,192.380005,191.789993,191.949997,59649
2026-06-22 16:50:00+00:00,191.949997,191.990005,191.479996,191.479996,34970
2026-06-22 16:55:00+00:00,191.535004,191.919998,191.460007,191.675003,235489
2026-06-22 17:00:00+00:00,191.710007,192.753006,191.580002,192.649902,81099
2026-06-22 17:05:00+00:00,192.638000,193.289993,192.559998,193.240005,59338
2026-06-22 17:10:00+00:00,193.220001,193.380005,193.029999,193.119995,72834
2026-06-22 17:15:00+00:00,193.149994,194.059998,193.149994,193.220001,97447
2026-06-22 17:20:00+00:00,193.220001,193.399994,192.539993,192.604996,66791
2026-06-22 17:25:00+00:00,192.604996,192.649994,191.839996,192.340103,98880
2026-06-22 17:30:00+00:00,192.384995,192.399994,192.050003,192.270004,61788
2026-06-22 17:35:00+00:00,192.264999,192.264999,191.910004,191.945007,51734
2026-06-22 17:40:00+00:00,191.939606,192.009995,191.809998,191.914993,29678
2026-06-22 17:45:00+00:00,191.919998,192.100006,191.869995,191.949997,125970
2026-06-22 17:50:00+00:00,191.990005,192.470001,191.940002,192.470001,48156
2026-06-22 17:55:00+00:00,192.434998,192.690002,192.389999,192.600006,54248
2026-06-22 18:00:00+00:00,192.600006,192.699997,192.190002,192.320007,50996
2026-06-22 18:05:00+00:00,192.300003,192.524994,192.119995,192.445007,41383
2026-06-22 18:10:00+00:00,192.445007,192.809906,192.445007,192.585007,37379
2026-06-22 18:15:00+00:00,192.559998,192.809998,192.550003,192.789993,35153
2026-06-22 18:20:00+00:00,192.809998,193.169998,192.669998,192.990005,44068
2026-06-22 18:25:00+00:00,192.990005,193.039993,192.710007,192.839996,40839
2026-06-22 18:30:00+00:00,192.824005,192.880005,192.520004,192.755005,43320
2026-06-22 18:35:00+00:00,192.750000,192.820007,192.500000,192.645004,33417
2026-06-22 18:40:00+00:00,192.645004,192.759995,192.559998,192.729996,33793
2026-06-22 18:45:00+00:00,192.699997,192.770004,192.294998,192.509995,231143
2026-06-22 18:50:00+00:00,192.490005,192.500000,192.110001,192.300003,63056
2026-06-22 18:55:00+00:00,192.279999,192.319901,192.050003,192.104996,41432
2026-06-22 19:00:00+00:00,192.070007,192.339996,191.889999,192.289993,72053
2026-06-22 19:05:00+00:00,192.300003,192.309998,192.149994,192.179993,36307
2026-06-22 19:10:00+00:00,192.160004,192.389999,191.949997,192.345001,63545
2026-06-22 19:15:00+00:00,192.350006,192.488007,192.220001,192.479797,51446
2026-06-22 19:20:00+00:00,192.455002,193.100006,192.320099,193.085007,52215
2026-06-22 19:25:00+00:00,193.080002,193.330002,193.000000,193.074997,79607
2026-06-22 19:30:00+00:00,193.050003,193.929993,192.940002,193.600006,85382
2026-06-22 19:35:00+00:00,193.580002,193.660004,193.285004,193.610001,74493
2026-06-22 19:40:00+00:00,193.630005,194.085007,193.602005,194.035004,78647
2026-06-22 19:45:00+00:00,194.000000,194.414993,193.779999,194.350006,74015
2026-06-22 19:50:00+00:00,194.345001,194.744995,194.240005,194.604996,148018
2026-06-22 19:55:00+00:00,194.604996,194.979996,194.339996,194.860001,557776
2026-06-23 13:30:00+00:00,197.960007,199.750000,196.990005,198.845001,727823
2026-06-23 13:35:00+00:00,198.845001,200.550003,197.600006,198.375000,290320
2026-06-23 13:40:00+00:00,198.375000,198.649994,197.389999,197.929993,113658
2026-06-23 13:45:00+00:00,198.000000,198.029999,196.119995,196.330002,116627
2026-06-23 13:50:00+00:00,196.335007,197.059998,195.770004,196.899994,86586
2026-06-23 13:55:00+00:00,196.950104,197.710007,196.498001,197.199997,92626
2026-06-23 14:00:00+00:00,197.199997,197.259995,195.800003,196.854996,88533
2026-06-23 14:05:00+00:00,196.889999,197.925003,196.365005,196.395004,76673
2026-06-23 14:10:00+00:00,196.479996,196.639999,195.350006,195.845001,84855
2026-06-23 14:15:00+00:00,195.809998,196.460007,195.369995,196.145004,81302
2026-06-23 14:20:00+00:00,196.039993,196.437103,195.800003,196.193893,68129
2026-06-23 14:25:00+00:00,196.205002,196.619995,196.070007,196.570007,63734
2026-06-23 14:30:00+00:00,196.570007,197.354996,196.279999,196.740005,125125
2026-06-23 14:35:00+00:00,196.729996,197.130005,196.449997,197.130005,70373
2026-06-23 14:40:00+00:00,197.080002,197.250000,196.598907,196.919998,54565
2026-06-23 14:45:00+00:00,197.000000,197.325104,196.830002,197.000000,50115
2026-06-23 14:50:00+00:00,197.000000,197.279999,196.759995,196.925003,44141
2026-06-23 14:55:00+00:00,196.889999,197.169998,196.339996,197.089996,46762
2026-06-23 15:00:00+00:00,197.085007,197.589996,196.740005,196.955002,56642
2026-06-23 15:05:00+00:00,196.960007,197.178894,196.610001,196.835007,36339
2026-06-23 15:10:00+00:00,196.880005,197.869995,196.570007,197.729996,46801
2026-06-23 15:15:00+00:00,197.740005,197.839996,196.880005,196.960007,58079
2026-06-23 15:20:00+00:00,196.945007,197.240005,196.779999,196.904999,56337
2026-06-23 15:25:00+00:00,196.904999,197.050003,196.737000,196.960007,42581
2026-06-23 15:30:00+00:00,196.990005,197.419998,196.800003,197.175003,47907
2026-06-23 15:35:00+00:00,197.175003,197.300003,196.699997,196.729996,37303
2026-06-23 15:40:00+00:00,196.820007,197.000000,196.669998,196.940002,32769
2026-06-23 15:45:00+00:00,196.991699,197.238998,196.720001,197.070007,42793
2026-06-23 15:50:00+00:00,197.039993,197.500000,196.970001,197.380005,43043
2026-06-23 15:55:00+00:00,197.380005,197.735001,197.050003,197.690002,45353
2026-06-23 16:00:00+00:00,197.675003,197.914993,197.630005,197.690002,39356
2026-06-23 16:05:00+00:00,197.770004,198.250000,197.710007,198.165100,96295
2026-06-23 16:10:00+00:00,198.199997,198.270004,197.589996,197.929993,35097
2026-06-23 16:15:00+00:00,197.925003,198.320007,197.759995,198.279999,45131
2026-06-23 16:20:00+00:00,198.279999,198.654999,198.162994,198.479996,61010
2026-06-23 16:25:00+00:00,198.490005,198.690002,198.410004,198.449997,43146
2026-06-23 16:30:00+00:00,198.470001,199.229797,198.429993,199.102493,68673
2026-06-23 16:35:00+00:00,199.119995,199.279999,199.000000,199.250000,39336
2026-06-23 16:40:00+00:00,199.250000,199.414993,198.740005,198.809998,41173
2026-06-23 16:45:00+00:00,198.919998,199.339996,198.919998,199.147507,50289
2026-06-23 16:50:00+00:00,199.134995,199.539993,199.110001,199.500000,102637
2026-06-23 16:55:00+00:00,199.500000,199.720001,199.440002,199.514999,44067
2026-06-23 17:00:00+00:00,199.529999,199.759995,199.500000,199.550003,31781
2026-06-23 17:05:00+00:00,199.539993,199.660004,199.289993,199.449997,39802
2026-06-23 17:10:00+00:00,199.389999,199.429901,198.803497,199.089996,39242
2026-06-23 17:15:00+00:00,199.024994,199.469894,199.020004,199.309998,26191
2026-06-23 17:20:00+00:00,199.289993,199.410004,199.070099,199.199997,66110
2026-06-23 17:25:00+00:00,199.169998,199.399994,198.919998,199.119995,56240
2026-06-23 17:30:00+00:00,199.149994,199.169998,198.899994,199.149994,62094
2026-06-23 17:35:00+00:00,199.080002,199.279999,198.824997,198.889999,28728
2026-06-23 17:40:00+00:00,198.940002,198.985703,198.510101,198.550003,43927
2026-06-23 17:45:00+00:00,198.559998,198.660004,198.389999,198.460007,41154
2026-06-23 17:50:00+00:00,198.399994,198.399994,197.800003,197.990005,67013
2026-06-23 17:55:00+00:00,197.985001,198.250000,197.931198,198.184998,63235
2026-06-23 18:00:00+00:00,198.184998,198.184998,197.695007,197.695007,49394
2026-06-23 18:05:00+00:00,197.679993,197.914993,197.610001,197.914993,52912
2026-06-23 18:10:00+00:00,197.910004,197.949997,197.639999,197.839996,38371
2026-06-23 18:15:00+00:00,197.824997,198.080002,197.764999,198.014999,38407
2026-06-23 18:20:00+00:00,198.000000,198.009995,197.615005,197.619995,32432
2026-06-23 18:25:00+00:00,197.610001,197.699997,197.279999,197.309998,36621
2026-06-23 18:30:00+00:00,197.326797,197.725006,197.240005,197.725006,61287
2026-06-23 18:35:00+00:00,197.720001,197.720001,197.380997,197.460007,34555
2026-06-23 18:40:00+00:00,197.460007,197.520004,197.149994,197.179993,37376
2026-06-23 18:45:00+00:00,197.169998,197.220001,196.919998,197.110001,33103
2026-06-23 18:50:00+00:00,197.130005,197.492996,197.119995,197.264999,40065
2026-06-23 18:55:00+00:00,197.259995,197.529999,197.054993,197.529999,42721
2026-06-23 19:00:00+00:00,197.524994,197.699905,197.369995,197.649994,65150
2026-06-23 19:05:00+00:00,197.589996,197.830002,197.539993,197.630005,42702
2026-06-23 19:10:00+00:00,197.639999,197.720001,197.360001,197.410004,42970
2026-06-23 19:15:00+00:00,197.429993,197.740005,197.274994,197.740005,48731
2026-06-23 19:20:00+00:00,197.735001,198.035004,197.610001,197.739899,65352
2026-06-23 19:25:00+00:00,197.720001,198.009995,197.634995,197.839996,65097
2026-06-23 19:30:00+00:00,197.839996,197.929993,197.369995,197.595001,49360
2026-06-23 19:35:00+00:00,197.600006,197.660004,197.214996,197.220001,63141
2026-06-23 19:40:00+00:00,197.225006,197.660004,197.169998,197.565002,64134
2026-06-23 19:45:00+00:00,197.529999,197.800003,197.389999,197.714996,153034
2026-06-23 19:50:00+00:00,197.690002,198.009995,196.990005,197.899994,171107
2026-06-23 19:55:00+00:00,197.860001,197.940002,197.289993,197.460007,428027
2026-06-24 13:30:00+00:00,195.884995,198.330002,195.100006,198.175003,242606
2026-06-24 13:35:00+00:00,198.320007,200.710007,198.050003,199.985001,118044
2026-06-24 13:40:00+00:00,200.005493,202.410004,199.270004,202.300003,172481
2026-06-24 13:45:00+00:00,202.300003,202.309998,198.949997,199.380096,99212
2026-06-24 13:50:00+00:00,199.537506,200.889999,198.949997,200.537201,75118
2026-06-24 13:55:00+00:00,200.509995,200.649994,199.630005,199.729996,55502
2026-06-24 14:00:00+00:00,199.815002,199.815002,197.945007,198.115005,85062
2026-06-24 14:05:00+00:00,198.115005,198.350006,197.750000,198.350006,52143
2026-06-24 14:10:00+00:00,198.304993,198.902496,197.699997,198.065002,58778
2026-06-24 14:15:00+00:00,198.169998,198.750000,198.039993,198.179993,35884
2026-06-24 14:20:00+00:00,198.240005,199.119995,198.050003,198.839996,45719
2026-06-24 14:25:00+00:00,198.869995,198.910004,198.175003,198.850006,40130
2026-06-24 14:30:00+00:00,198.835007,199.320007,198.710007,198.809998,52453
2026-06-24 14:35:00+00:00,198.800003,198.880005,198.130005,198.130005,49491
2026-06-24 14:40:00+00:00,198.130005,198.830002,197.914993,198.710007,47791
2026-06-24 14:45:00+00:00,198.699997,198.899994,198.399994,198.699997,41518
2026-06-24 14:50:00+00:00,198.729996,199.039993,198.589996,198.904999,39340
2026-06-24 14:55:00+00:00,198.949997,199.770004,198.919998,199.699997,56301
2026-06-24 15:00:00+00:00,199.750000,200.410004,199.470001,200.225006,76591
2026-06-24 15:05:00+00:00,200.220001,200.505005,199.479996,199.610001,68500
2026-06-24 15:10:00+00:00,199.610001,199.940002,199.429993,199.774994,231128
2026-06-24 15:15:00+00:00,199.839996,200.500000,199.759995,200.395004,42859
2026-06-24 15:20:00+00:00,200.479996,200.539993,200.210007,200.250000,53025
2026-06-24 15:25:00+00:00,200.235001,200.235001,199.740005,200.139999,37107
2026-06-24 15:30:00+00:00,200.100006,200.179993,199.500000,199.500000,40134
2026-06-24 15:35:00+00:00,199.539993,199.910004,199.479996,199.819901,33308
2026-06-24 15:40:00+00:00,199.764999,199.820007,199.370102,199.455002,32910
2026-06-24 15:45:00+00:00,199.500000,199.559998,199.199997,199.259995,32928
2026-06-24 15:50:00+00:00,199.220001,199.460007,199.070007,199.080002,30130
2026-06-24 15:55:00+00:00,199.065002,199.089996,198.899994,198.940002,35816
2026-06-24 16:00:00+00:00,198.929993,199.054993,198.634995,198.699997,27840
2026-06-24 16:05:00+00:00,198.690002,198.970001,198.639999,198.854996,38418
2026-06-24 16:10:00+00:00,198.854996,199.190002,198.779999,199.164307,33939
2026-06-24 16:15:00+00:00,199.145004,199.330002,198.921005,199.119095,33682
2026-06-24 16:20:00+00:00,199.104996,199.199997,198.975006,199.020004,24230
2026-06-24 16:25:00+00:00,199.020004,199.130005,198.744995,198.759995,21786
2026-06-24 16:30:00+00:00,198.759995,199.000000,198.645004,198.819901,28706
2026-06-24 16:35:00+00:00,198.750000,198.959900,198.460007,198.669998,31433
2026-06-24 16:40:00+00:00,198.654999,198.865005,198.580093,198.839996,30151
2026-06-24 16:45:00+00:00,198.839996,199.369995,198.740097,199.330002,40315
2026-06-24 16:50:00+00:00,199.320007,199.639999,199.130005,199.149994,32910
2026-06-24 16:55:00+00:00,199.149994,199.270004,198.744995,198.880005,37751
2026-06-24 17:00:00+00:00,198.880005,199.300003,198.880005,199.000000,49488
2026-06-24 17:05:00+00:00,198.985001,199.009995,198.220001,198.464996,45205
2026-06-24 17:10:00+00:00,198.464996,198.580002,198.179993,198.429993,38610
2026-06-24 17:15:00+00:00,198.464996,198.535004,198.149994,198.149994,45088
2026-06-24 17:20:00+00:00,198.225006,198.225006,197.774994,197.845001,63349
2026-06-24 17:25:00+00:00,197.839996,197.899994,197.615005,197.660004,997948
2026-06-24 17:30:00+00:00,197.660004,197.919998,197.410004,197.850006,48407
2026-06-24 17:35:00+00:00,197.850006,198.649994,197.750000,198.649994,46089
2026-06-24 17:40:00+00:00,198.679993,198.720001,198.339996,198.384995,38226
2026-06-24 17:45:00+00:00,198.380005,198.529999,198.279999,198.339996,34123
2026-06-24 17:50:00+00:00,198.360001,198.568298,198.100006,198.110001,54263
2026-06-24 17:55:00+00:00,198.100006,198.300003,198.029999,198.300003,53140
2026-06-24 18:00:00+00:00,198.315002,198.740005,198.115005,198.115005,52934
2026-06-24 18:05:00+00:00,198.110001,198.389999,197.910004,198.339996,33261
2026-06-24 18:10:00+00:00,198.335007,198.699005,198.205002,198.610001,33575
2026-06-24 18:15:00+00:00,198.570007,198.619995,198.160004,198.500000,48689
2026-06-24 18:20:00+00:00,198.494995,198.729004,198.419998,198.645004,41639
2026-06-24 18:25:00+00:00,198.660004,198.850006,198.529999,198.729996,54431
2026-06-24 18:30:00+00:00,198.729996,198.979996,198.544998,198.634995,34892
2026-06-24 18:35:00+00:00,198.669998,198.699997,198.309998,198.490005,35124
2026-06-24 18:40:00+00:00,198.490005,198.500000,198.259995,198.500000,35873
2026-06-24 18:45:00+00:00,198.475006,198.489899,197.860107,197.960007,38773
2026-06-24 18:50:00+00:00,197.960007,198.020004,197.590103,197.940002,291662
2026-06-24 18:55:00+00:00,197.929993,198.309998,197.850098,198.119995,39437
2026-06-24 19:00:00+00:00,198.139999,198.309998,197.789993,198.154999,48688
2026-06-24 19:05:00+00:00,198.149994,198.532501,197.960007,198.500000,41102
2026-06-24 19:10:00+00:00,198.500000,198.500000,198.139999,198.300003,46650
2026-06-24 19:15:00+00:00,198.300003,198.389999,198.059998,198.389999,48985
2026-06-24 19:20:00+00:00,198.389999,198.449997,198.059998,198.240005,43350
2026-06-24 19:25:00+00:00,198.240005,198.309998,197.845001,197.869995,40141
2026-06-24 19:30:00+00:00,197.925003,197.979996,197.600006,197.799500,52786
2026-06-24 19:35:00+00:00,197.764999,197.850006,197.380005,197.600006,47137
2026-06-24 19:40:00+00:00,197.629898,197.649994,197.220001,197.539993,43179
2026-06-24 19:45:00+00:00,197.509995,197.804993,197.420105,197.649994,67494
2026-06-24 19:50:00+00:00,197.610001,197.639999,197.179993,197.369995,154792
2026-06-24 19:55:00+00:00,197.339996,197.384995,196.369995,196.510101,333472
2026-06-25 13:30:00+00:00,193.000000,194.100006,191.800003,193.919998,356982
2026-06-25 13:35:00+00:00,193.919998,195.770004,193.800003,194.990005,141044
2026-06-25 13:40:00+00:00,195.279999,196.289993,194.369995,196.289993,95516
2026-06-25 13:45:00+00:00,196.300003,196.300003,194.100006,195.735107,190366
2026-06-25 13:50:00+00:00,195.860001,196.570007,195.010101,196.169998,69658
2026-06-25 13:55:00+00:00,196.175003,196.539993,195.800003,196.169998,56766
2026-06-25 14:00:00+00:00,196.279999,197.179993,195.662903,196.695007,92115
2026-06-25 14:05:00+00:00,196.690002,197.369995,196.270004,197.190002,136174
2026-06-25 14:10:00+00:00,197.195007,197.520004,196.150803,197.429993,122898
2026-06-25 14:15:00+00:00,197.479996,198.619904,197.442505,198.619904,96327
2026-06-25 14:20:00+00:00,198.600006,199.000000,197.899994,198.979996,124480
2026-06-25 14:25:00+00:00,198.940002,199.298996,198.360001,199.095001,139419
2026-06-25 14:30:00+00:00,199.095001,199.175003,197.460007,197.919998,99871
2026-06-25 14:35:00+00:00,197.830093,197.860107,197.042404,197.539993,56279
2026-06-25 14:40:00+00:00,197.524994,197.544998,196.509995,196.919998,48668
2026-06-25 14:45:00+00:00,196.919998,196.919998,195.800003,196.080002,41706
2026-06-25 14:50:00+00:00,195.960007,196.729996,195.800003,196.669998,36331
2026-06-25 14:55:00+00:00,196.594193,196.653107,195.600098,195.690002,50562
2026-06-25 15:00:00+00:00,195.770004,195.770004,195.000000,195.065002,51656
2026-06-25 15:05:00+00:00,195.020004,195.169998,194.259995,194.259995,79596
2026-06-25 15:10:00+00:00,194.240005,194.330002,193.559998,194.229996,70434
2026-06-25 15:15:00+00:00,194.199997,194.270004,193.729996,194.179993,61559
2026-06-25 15:20:00+00:00,194.184998,195.679993,194.054993,195.320007,105385
2026-06-25 15:25:00+00:00,195.279999,195.330002,194.940002,195.080002,39560
2026-06-25 15:30:00+00:00,195.074997,195.679993,195.070007,195.330002,62667
2026-06-25 15:35:00+00:00,195.365005,195.660004,195.320007,195.410004,33672
2026-06-25 15:40:00+00:00,195.414993,195.800003,195.130005,195.589996,36477
2026-06-25 15:45:00+00:00,195.600006,195.889893,195.520004,195.729996,65804
2026-06-25 15:50:00+00:00,195.690002,196.000000,195.649994,195.729996,186477
2026-06-25 15:55:00+00:00,195.779999,195.869904,195.630005,195.809998,45336
2026-06-25 16:00:00+00:00,195.869995,196.029999,195.690002,196.029999,45373
2026-06-25 16:05:00+00:00,196.000000,196.289993,195.790100,196.259995,39099
2026-06-25 16:10:00+00:00,196.270004,196.460007,195.919998,195.990005,116482
2026-06-25 16:15:00+00:00,195.975006,196.009995,195.630005,195.880005,62271
2026-06-25 16:20:00+00:00,195.919998,196.139999,195.779999,195.779999,42469
2026-06-25 16:25:00+00:00,195.809998,195.899994,195.289993,195.410004,38094
2026-06-25 16:30:00+00:00,195.410004,195.664993,195.279999,195.664993,43659
2026-06-25 16:35:00+00:00,195.669998,195.759995,195.449997,195.535004,58192
2026-06-25 16:40:00+00:00,195.535004,195.660004,195.240097,195.580002,51321
2026-06-25 16:45:00+00:00,195.580002,195.619995,195.400101,195.485001,48428
2026-06-25 16:50:00+00:00,195.485001,195.520004,195.300003,195.464996,47032
2026-06-25 16:55:00+00:00,195.460007,195.639999,195.360001,195.550003,25533
2026-06-25 17:00:00+00:00,195.520004,195.710007,195.130005,195.130005,55680
2026-06-25 17:05:00+00:00,195.175003,195.455002,195.139999,195.309998,45943
2026-06-25 17:10:00+00:00,195.354996,195.399994,195.032501,195.164993,31766
2026-06-25 17:15:00+00:00,195.190002,195.419998,195.100006,195.119995,22539
2026-06-25 17:20:00+00:00,195.128006,195.220001,195.000000,195.030106,46460
2026-06-25 17:25:00+00:00,195.089996,195.360001,195.089996,195.210007,30867
2026-06-25 17:30:00+00:00,195.270004,195.354996,194.880005,194.899994,40371
2026-06-25 17:35:00+00:00,194.899994,195.080002,194.830002,194.850006,28144
2026-06-25 17:40:00+00:00,194.850006,194.899994,194.470001,194.505005,40221
2026-06-25 17:45:00+00:00,194.565002,194.600006,194.300003,194.565002,35189
2026-06-25 17:50:00+00:00,194.585007,194.820007,194.490097,194.720001,32506
2026-06-25 17:55:00+00:00,194.759995,194.999893,194.690002,194.889999,32576
2026-06-25 18:00:00+00:00,194.889999,195.000000,194.460007,194.544998,26234
2026-06-25 18:05:00+00:00,194.559998,194.869995,194.470001,194.789993,30950
2026-06-25 18:10:00+00:00,194.809998,194.949997,194.669998,194.744995,39305
2026-06-25 18:15:00+00:00,194.765106,195.600006,194.765106,195.410004,35228
2026-06-25 18:20:00+00:00,195.360001,195.904999,195.235001,195.830002,32997
2026-06-25 18:25:00+00:00,195.830002,196.220001,195.800003,196.179993,39808
2026-06-25 18:30:00+00:00,196.179993,196.279999,195.759995,195.899994,37579
2026-06-25 18:35:00+00:00,195.839996,195.929993,195.675003,195.770004,24162
2026-06-25 18:40:00+00:00,195.770004,195.779999,195.199997,195.199997,27377
2026-06-25 18:45:00+00:00,195.179993,195.250000,194.882507,195.024994,32221
2026-06-25 18:50:00+00:00,195.054993,195.190002,194.919998,195.054993,33008
2026-06-25 18:55:00+00:00,195.070007,195.229996,195.059998,195.179993,33140
2026-06-25 19:00:00+00:00,195.199997,195.199997,194.699997,194.899994,44101
2026-06-25 19:05:00+00:00,194.869995,195.009995,194.835007,195.005005,32506
2026-06-25 19:10:00+00:00,195.020004,195.039993,194.764999,194.940002,48329
2026-06-25 19:15:00+00:00,194.940002,194.940002,194.729996,194.779999,49079
2026-06-25 19:20:00+00:00,194.804993,194.919998,194.649994,194.750000,45642
2026-06-25 19:25:00+00:00,194.759995,194.770004,194.535004,194.535004,51464
2026-06-25 19:30:00+00:00,194.535004,194.589996,194.339996,194.479996,849612
2026-06-25 19:35:00+00:00,194.429993,194.759995,194.389999,194.759995,50415
2026-06-25 19:40:00+00:00,194.755005,194.850006,194.470001,194.639999,60250
2026-06-25 19:45:00+00:00,194.600006,194.630005,194.300003,194.384995,53875
2026-06-25 19:50:00+00:00,194.410004,194.660004,194.119995,194.509995,139673
2026-06-25 19:55:00+00:00,194.509995,194.570007,193.300003,193.479996,363222
2026-06-26 13:30:00+00:00,195.479996,200.380005,195.360001,199.130096,378013
2026-06-26 13:35:00+00:00,199.119995,200.049896,198.065002,199.595001,147541
2026-06-26 13:40:00+00:00,199.799896,200.274994,198.619995,200.100006,113853
2026-06-26 13:45:00+00:00,200.067505,201.279999,198.910004,200.179993,168756
2026-06-26 13:50:00+00:00,200.199997,200.339996,197.863495,198.589996,93888
2026-06-26 13:55:00+00:00,198.589996,199.199997,197.919998,198.139999,95175
2026-06-26 14:00:00+00:00,198.139999,198.880005,197.570099,198.625000,88398
2026-06-26 14:05:00+00:00,198.639999,199.050003,197.725006,198.580505,64508
2026-06-26 14:10:00+00:00,198.669998,199.300003,198.649994,198.889999,69620
2026-06-26 14:15:00+00:00,198.860001,199.750000,198.753098,199.089996,69476
2026-06-26 14:20:00+00:00,199.119995,199.500000,198.889999,199.485001,65945
2026-06-26 14:25:00+00:00,199.485001,199.800003,199.250000,199.300003,93569
2026-06-26 14:30:00+00:00,199.380005,200.139999,199.250000,199.759995,69693
2026-06-26 14:35:00+00:00,199.800003,200.119904,199.539993,199.710007,49348
2026-06-26 14:40:00+00:00,199.611298,200.330002,199.479996,200.160004,65934
2026-06-26 14:45:00+00:00,200.164993,200.500000,199.779999,199.789993,99112
2026-06-26 14:50:00+00:00,199.910004,200.169998,199.570099,200.089996,45882
2026-06-26 14:55:00+00:00,200.065002,200.529999,199.710007,200.309998,289440
2026-06-26 15:00:00+00:00,200.360001,200.860001,199.559998,199.649994,60077
2026-06-26 15:05:00+00:00,199.654999,200.149994,199.654999,200.149994,49268
2026-06-26 15:10:00+00:00,200.154999,200.380005,199.539993,199.820007,102717
2026-06-26 15:15:00+00:00,199.830002,200.460007,199.669998,200.169998,49299
2026-06-26 15:20:00+00:00,200.149994,200.449997,200.080002,200.220001,39900
2026-06-26 15:25:00+00:00,200.220001,200.339996,199.839996,200.270004,44340
2026-06-26 15:30:00+00:00,200.229996,200.949997,200.184998,200.830002,58141
2026-06-26 15:35:00+00:00,200.780396,201.460007,200.780396,201.370102,56957
2026-06-26 15:40:00+00:00,201.380005,201.479996,200.979996,201.089203,50848
2026-06-26 15:45:00+00:00,201.119995,201.250000,200.809998,200.850006,46527
2026-06-26 15:50:00+00:00,200.830002,200.970001,200.580002,200.789993,65672
2026-06-26 15:55:00+00:00,200.789993,201.100006,200.554993,200.957993,41140
2026-06-26 16:00:00+00:00,200.960007,201.220001,200.809998,201.160004,42984
2026-06-26 16:05:00+00:00,201.190002,201.190002,200.500000,200.690002,34723
2026-06-26 16:10:00+00:00,200.690002,201.139999,200.619995,201.070999,39468
2026-06-26 16:15:00+00:00,201.129898,201.399307,201.010101,201.380005,37965
2026-06-26 16:20:00+00:00,201.380005,201.500000,201.000000,201.050003,44811
2026-06-26 16:25:00+00:00,201.050003,201.054993,200.429993,200.449997,36824
2026-06-26 16:30:00+00:00,200.369995,201.089996,200.369995,201.059998,28040
2026-06-26 16:35:00+00:00,201.065002,201.110001,200.652405,200.750000,31781
2026-06-26 16:40:00+00:00,200.699997,200.720001,200.380005,200.395004,24547
2026-06-26 16:45:00+00:00,200.360001,200.639999,200.330307,200.559998,26426
2026-06-26 16:50:00+00:00,200.529999,200.610001,200.315002,200.429993,21779
2026-06-26 16:55:00+00:00,200.380005,200.539993,200.289993,200.399994,22662
2026-06-26 17:00:00+00:00,200.399994,200.708298,200.279999,200.460007,22653
2026-06-26 17:05:00+00:00,200.509995,200.565002,200.240005,200.319901,24060
2026-06-26 17:10:00+00:00,200.309998,200.350006,199.792099,200.029999,30450
2026-06-26 17:15:00+00:00,200.000000,200.110001,199.780106,200.009995,28840
2026-06-26 17:20:00+00:00,200.050003,200.089996,199.824997,199.940002,29390
2026-06-26 17:25:00+00:00,199.901398,199.959900,199.779999,199.869995,17976
2026-06-26 17:30:00+00:00,199.910004,200.000000,199.710007,199.860001,18461
2026-06-26 17:35:00+00:00,199.854996,200.139893,199.550003,200.100006,39832
2026-06-26 17:40:00+00:00,200.139999,200.610107,200.041794,200.570007,21162
2026-06-26 17:45:00+00:00,200.524994,200.740005,200.479996,200.714996,20928
2026-06-26 17:50:00+00:00,200.739899,200.789993,200.399994,200.490005,19406
2026-06-26 17:55:00+00:00,200.550003,200.830002,200.429993,200.679993,32017
2026-06-26 18:00:00+00:00,200.690002,201.190002,200.640106,201.089996,27892
2026-06-26 18:05:00+00:00,201.039993,201.419998,200.970001,201.250000,76710
2026-06-26 18:10:00+00:00,201.250000,201.279999,200.839996,200.975006,35155
2026-06-26 18:15:00+00:00,201.020004,201.259995,200.919998,201.190094,34891
2026-06-26 18:20:00+00:00,201.190002,201.259995,200.759995,201.080002,32272
2026-06-26 18:25:00+00:00,201.029999,201.029999,200.639999,200.740005,31825
2026-06-26 18:30:00+00:00,200.735001,200.970001,200.735001,200.899994,22010
2026-06-26 18:35:00+00:00,200.934998,200.940002,200.660004,200.729996,28865
2026-06-26 18:40:00+00:00,200.710007,200.869995,200.630005,200.630005,36560
2026-06-26 18:45:00+00:00,200.630005,200.630005,200.304993,200.414993,23771
2026-06-26 18:50:00+00:00,200.399994,200.399994,199.901398,199.901398,26409
2026-06-26 18:55:00+00:00,199.899994,200.190002,199.860001,200.110001,36575
2026-06-26 19:00:00+00:00,200.130005,200.490005,200.000000,200.463394,55682
2026-06-26 19:05:00+00:00,200.421005,200.570007,200.179993,200.460007,40887
2026-06-26 19:10:00+00:00,200.429993,200.589294,200.289993,200.471893,31896
2026-06-26 19:15:00+00:00,200.464996,200.770004,200.389999,200.679993,43887
2026-06-26 19:20:00+00:00,200.669998,200.860001,200.520004,200.759995,36074
2026-06-26 19:25:00+00:00,200.750000,200.910004,200.520004,200.649994,35355
2026-06-26 19:30:00+00:00,200.610001,201.100006,200.604996,201.029999,53732
2026-06-26 19:35:00+00:00,201.000000,201.190002,200.785004,200.990005,51908
2026-06-26 19:40:00+00:00,200.990005,201.279999,200.850006,201.059998,55198
2026-06-26 19:45:00+00:00,201.029999,201.850006,201.029999,201.744995,97291
2026-06-26 19:50:00+00:00,201.744995,202.729904,201.550003,202.645004,311892
2026-06-26 19:55:00+00:00,202.645004,203.479996,202.500000,202.619995,601439
2026-06-29 13:30:00+00:00,207.000000,207.970001,205.940002,206.024994,465780
2026-06-29 13:35:00+00:00,206.020004,207.339996,204.479996,206.770004,243998
2026-06-29 13:40:00+00:00,206.860001,208.699997,206.440002,206.990005,197571
2026-06-29 13:45:00+00:00,207.339996,208.570007,206.720001,207.500000,116675
2026-06-29 13:50:00+00:00,207.699905,208.639999,207.190002,208.160004,79249
2026-06-29 13:55:00+00:00,208.139999,208.899994,208.029999,208.550003,140925
2026-06-29 14:00:00+00:00,208.649994,209.119995,207.710007,207.940002,159329
2026-06-29 14:05:00+00:00,207.912704,208.490005,206.810104,208.330002,102092
2026-06-29 14:10:00+00:00,208.350006,209.199997,207.960007,208.949997,96101
2026-06-29 14:15:00+00:00,208.779999,209.000000,208.125000,208.205002,108986
2026-06-29 14:20:00+00:00,208.186096,209.229996,208.080002,209.139999,55235
2026-06-29 14:25:00+00:00,209.195297,209.539993,208.393005,209.014999,87687
2026-06-29 14:30:00+00:00,209.059998,209.119995,208.100098,208.710007,138040
2026-06-29 14:35:00+00:00,208.669998,208.830002,208.010101,208.524994,163622
2026-06-29 14:40:00+00:00,208.419998,208.509995,207.699997,207.789993,68051
2026-06-29 14:45:00+00:00,207.785004,208.936005,207.785004,208.580002,156728
2026-06-29 14:50:00+00:00,208.574997,208.940002,208.130005,208.130005,223940
2026-06-29 14:55:00+00:00,208.120193,208.129898,206.759995,207.095001,59046
2026-06-29 15:00:00+00:00,207.089996,207.294998,206.759995,206.839996,104516
2026-06-29 15:05:00+00:00,206.889999,206.889999,205.669998,205.669998,51748
2026-06-29 15:10:00+00:00,205.619995,206.330002,205.619995,205.789993,115964
2026-06-29 15:15:00+00:00,205.820007,206.089996,205.220093,205.970001,47280
2026-06-29 15:20:00+00:00,205.970001,205.970001,205.529999,205.729996,43420
2026-06-29 15:25:00+00:00,205.699997,205.889999,205.475006,205.869995,49884
2026-06-29 15:30:00+00:00,205.809998,205.835007,205.509995,205.529999,51002
2026-06-29 15:35:00+00:00,205.509995,205.830002,205.449997,205.820007,45524
2026-06-29 15:40:00+00:00,205.820007,205.820007,205.460007,205.770004,47879
2026-06-29 15:45:00+00:00,205.764999,205.820007,205.479996,205.559998,49987
2026-06-29 15:50:00+00:00,205.559998,205.740005,205.350006,205.470001,36134
2026-06-29 15:55:00+00:00,205.460007,205.960007,205.375000,205.865005,107061
2026-06-29 16:00:00+00:00,205.910004,206.250000,205.809998,206.089996,48878
2026-06-29 16:05:00+00:00,206.070007,206.190002,205.520004,205.617493,50217
2026-06-29 16:10:00+00:00,205.585007,205.610001,205.100006,205.130005,80532
2026-06-29 16:15:00+00:00,205.130005,205.410004,204.810104,205.360001,61433
2026-06-29 16:20:00+00:00,205.300003,205.750000,205.240005,205.634995,47603
2026-06-29 16:25:00+00:00,205.600006,205.779999,205.539993,205.570007,33820
2026-06-29 16:30:00+00:00,205.570007,205.820007,205.470093,205.580002,52170
2026-06-29 16:35:00+00:00,205.639999,205.899994,205.509995,205.710007,74571
2026-06-29 16:40:00+00:00,205.710007,205.759995,205.080002,205.089996,147275
2026-06-29 16:45:00+00:00,205.029999,205.279999,204.679993,204.809998,62663
2026-06-29 16:50:00+00:00,204.830002,204.839996,204.449997,204.649994,294972
2026-06-29 16:55:00+00:00,204.679993,204.750000,204.339996,204.460007,61061
2026-06-29 17:00:00+00:00,204.460007,204.860001,204.434998,204.779999,41762
2026-06-29 17:05:00+00:00,204.779999,205.119995,204.779999,205.119995,49818
2026-06-29 17:10:00+00:00,205.160004,205.892105,205.110001,205.839996,31851
2026-06-29 17:15:00+00:00,205.794998,205.960007,205.339996,205.369995,34521
2026-06-29 17:20:00+00:00,205.380005,205.660004,205.279999,205.559998,42595
2026-06-29 17:25:00+00:00,205.500000,205.759995,205.330002,205.365005,63113
2026-06-29 17:30:00+00:00,205.360001,205.770004,205.240005,205.580002,58843
2026-06-29 17:35:00+00:00,205.610001,205.690002,205.384995,205.630005,38781
2026-06-29 17:40:00+00:00,205.630005,205.820007,205.559998,205.755096,37326
2026-06-29 17:45:00+00:00,205.759995,205.800003,205.514999,205.610001,33415
2026-06-29 17:50:00+00:00,205.529999,205.690002,205.440002,205.539993,29277
2026-06-29 17:55:00+00:00,205.550003,205.604996,205.330002,205.535004,52033
2026-06-29 18:00:00+00:00,205.539993,205.764999,205.309998,205.535095,35074
2026-06-29 18:05:00+00:00,205.570007,205.809998,205.470993,205.539993,36381
2026-06-29 18:10:00+00:00,205.500000,205.539993,205.271500,205.350006,63236
2026-06-29 18:15:00+00:00,205.350006,205.580002,205.350006,205.399994,37999
2026-06-29 18:20:00+00:00,205.399994,205.690002,205.375000,205.559998,31360
2026-06-29 18:25:00+00:00,205.550003,205.990005,205.509506,205.990005,42455
2026-06-29 18:30:00+00:00,205.990005,206.389999,205.940201,206.289993,46763
2026-06-29 18:35:00+00:00,206.289993,206.389999,206.080002,206.259995,40208
2026-06-29 18:40:00+00:00,206.149994,206.330002,206.020004,206.289993,51397
2026-06-29 18:45:00+00:00,206.350006,206.550003,206.100006,206.205002,73436
2026-06-29 18:50:00+00:00,206.220001,206.289993,205.639999,206.060104,61648
2026-06-29 18:55:00+00:00,206.059998,206.300003,206.029999,206.179993,52330
2026-06-29 19:00:00+00:00,206.179993,206.250000,205.810104,206.080002,44692
2026-06-29 19:05:00+00:00,206.100006,206.229996,205.919998,206.160004,47330
2026-06-29 19:10:00+00:00,206.190002,206.520004,206.149994,206.315002,40168
2026-06-29 19:15:00+00:00,206.339996,206.589996,206.139999,206.380005,82463
2026-06-29 19:20:00+00:00,206.380005,206.639999,206.320007,206.389999,39363
2026-06-29 19:25:00+00:00,206.410004,206.574997,206.220001,206.309998,92225
2026-06-29 19:30:00+00:00,206.300003,206.399994,205.800003,205.899994,90730
2026-06-29 19:35:00+00:00,205.880005,206.100006,205.774994,206.039993,61642
2026-06-29 19:40:00+00:00,206.054993,206.360001,205.960007,205.990005,61749
2026-06-29 19:45:00+00:00,206.009995,206.350006,205.919998,206.229996,81604
2026-06-29 19:50:00+00:00,206.279999,206.309998,205.785004,206.039993,172353
2026-06-29 19:55:00+00:00,206.039993,206.779999,205.619995,206.449997,426809
2026-06-30 13:30:00+00:00,204.095001,205.250000,203.190002,204.850006,265207
2026-06-30 13:35:00+00:00,204.880005,205.339996,203.399994,203.585007,97636
2026-06-30 13:40:00+00:00,203.503601,204.860001,202.839996,203.789993,79962
2026-06-30 13:45:00+00:00,203.789993,204.559998,203.690002,204.389999,51315
2026-06-30 13:50:00+00:00,204.500000,205.600006,204.369995,204.970001,70574
2026-06-30 13:55:00+00:00,205.100006,205.320007,204.520004,205.024994,43570
2026-06-30 14:00:00+00:00,204.982498,205.460007,204.610001,204.929993,53856
2026-06-30 14:05:00+00:00,204.949997,205.529999,204.870102,205.210007,38967
2026-06-30 14:10:00+00:00,205.169998,205.490005,204.815002,205.095001,27743
2026-06-30 14:15:00+00:00,205.089996,205.419907,204.815002,205.074997,34603
2026-06-30 14:20:00+00:00,205.077499,205.145004,204.559998,204.800003,35220
2026-06-30 14:25:00+00:00,204.800003,204.970001,204.500000,204.772995,27677
2026-06-30 14:30:00+00:00,204.770004,205.000000,204.684998,204.865005,32981
2026-06-30 14:35:00+00:00,204.940002,205.049896,204.399994,204.550003,35431
2026-06-30 14:40:00+00:00,204.550003,204.595001,203.899994,204.210007,43299
2026-06-30 14:45:00+00:00,204.210007,204.294998,203.750000,203.880005,31051
2026-06-30 14:50:00+00:00,203.880005,204.005005,203.261002,203.285004,47073
2026-06-30 14:55:00+00:00,203.229996,203.589996,203.020004,203.522293,56013
2026-06-30 15:00:00+00:00,203.520004,203.520004,202.729996,202.759995,50770
2026-06-30 15:05:00+00:00,202.800003,202.909897,202.300003,202.445007,51059
2026-06-30 15:10:00+00:00,202.440002,203.059998,202.310104,202.710007,66793
2026-06-30 15:15:00+00:00,202.710007,202.725006,201.639999,201.728607,49590
2026-06-30 15:20:00+00:00,201.750000,202.389999,201.660004,202.375000,57545
2026-06-30 15:25:00+00:00,202.382507,202.619995,202.339996,202.550003,34004
2026-06-30 15:30:00+00:00,202.539993,202.759995,202.229996,202.399994,41231
2026-06-30 15:35:00+00:00,202.410004,202.919998,202.360001,202.649994,51712
2026-06-30 15:40:00+00:00,202.649994,202.774994,201.750000,202.050003,80274
2026-06-30 15:45:00+00:00,202.050003,202.559998,202.050003,202.395004,39235
2026-06-30 15:50:00+00:00,202.399994,202.399994,201.399994,201.550003,65866
2026-06-30 15:55:00+00:00,201.559998,201.849899,201.350006,201.849899,45044
2026-06-30 16:00:00+00:00,201.830002,202.115005,201.690094,202.115005,40481
2026-06-30 16:05:00+00:00,202.119995,202.221893,201.764999,201.804993,34388
2026-06-30 16:10:00+00:00,201.860001,201.990005,201.309998,201.789993,44624
2026-06-30 16:15:00+00:00,201.740005,201.839996,201.440002,201.440002,31542
2026-06-30 16:20:00+00:00,201.449997,201.770004,201.410004,201.759995,33178
2026-06-30 16:25:00+00:00,201.729996,201.830002,201.550003,201.637497,27451
2026-06-30 16:30:00+00:00,201.634995,201.889999,201.634995,201.779999,28157
2026-06-30 16:35:00+00:00,201.755005,201.755005,201.500000,201.690002,22238
2026-06-30 16:40:00+00:00,201.635300,201.767502,201.565002,201.699997,28210
2026-06-30 16:45:00+00:00,201.699997,202.110001,201.699997,201.960007,45416
2026-06-30 16:50:00+00:00,201.910004,202.098602,201.850006,201.910004,30624
2026-06-30 16:55:00+00:00,201.914993,202.160004,201.869995,201.975006,27937
2026-06-30 17:00:00+00:00,201.929993,201.929993,201.550003,201.669998,89658
2026-06-30 17:05:00+00:00,201.720001,202.089996,201.675003,201.710007,57392
2026-06-30 17:10:00+00:00,201.679993,201.740005,201.429993,201.600006,40940
2026-06-30 17:15:00+00:00,201.600006,201.779999,201.500000,201.690002,58247
2026-06-30 17:20:00+00:00,201.679993,202.434998,201.679993,202.429993,35410
2026-06-30 17:25:00+00:00,202.370102,203.279999,202.370102,202.625000,104833
2026-06-30 17:30:00+00:00,202.649994,202.669998,202.229996,202.539993,54990
2026-06-30 17:35:00+00:00,202.529999,202.699997,202.420105,202.679092,22739
2026-06-30 17:40:00+00:00,202.669998,202.949997,202.639999,202.889999,30953
2026-06-30 17:45:00+00:00,202.940002,203.179993,202.779999,203.169998,44966
2026-06-30 17:50:00+00:00,203.160004,203.524994,203.160004,203.445007,34588
2026-06-30 17:55:00+00:00,203.490005,203.598495,203.229996,203.300003,32778
2026-06-30 18:00:00+00:00,203.270004,203.419998,203.169998,203.289993,39537
2026-06-30 18:05:00+00:00,203.330002,203.434998,203.199997,203.324997,33629
2026-06-30 18:10:00+00:00,203.339996,203.520004,203.309998,203.509995,29617
2026-06-30 18:15:00+00:00,203.500000,203.600006,203.440002,203.570007,31181
2026-06-30 18:20:00+00:00,203.589996,204.330002,203.589996,204.089996,47314
2026-06-30 18:25:00+00:00,204.154999,204.440002,203.960098,204.429993,33670
2026-06-30 18:30:00+00:00,204.470001,204.619995,204.210007,204.505005,51047
2026-06-30 18:35:00+00:00,204.505005,204.809998,204.320007,204.339996,47872
2026-06-30 18:40:00+00:00,204.395004,204.899994,204.395004,204.669998,40817
2026-06-30 18:45:00+00:00,204.619995,204.824997,204.550003,204.799896,36294
2026-06-30 18:50:00+00:00,204.750000,204.830002,204.442001,204.529999,31648
2026-06-30 18:55:00+00:00,204.485001,204.529999,204.289993,204.339996,37486
2026-06-30 19:00:00+00:00,204.410004,204.639801,204.320007,204.460007,58559
2026-06-30 19:05:00+00:00,204.460007,204.479095,204.085007,204.479095,43457
2026-06-30 19:10:00+00:00,204.440002,204.710007,204.370102,204.669998,29271
2026-06-30 19:15:00+00:00,204.660004,204.839996,204.539993,204.800003,58546
2026-06-30 19:20:00+00:00,204.800003,204.979996,204.580002,204.975296,42878
2026-06-30 19:25:00+00:00,204.955002,204.970001,204.699997,204.771698,46936
2026-06-30 19:30:00+00:00,204.750000,204.910004,204.639999,204.820007,53603
2026-06-30 19:35:00+00:00,204.815002,204.815002,204.630005,204.722504,45444
2026-06-30 19:40:00+00:00,204.725006,204.990005,204.725006,204.959900,50108
2026-06-30 19:45:00+00:00,204.949997,205.119995,204.850998,204.949997,87843
2026-06-30 19:50:00+00:00,204.970001,205.460007,204.960007,205.169998,146236
2026-06-30 19:55:00+00:00,205.145004,205.389999,204.940002,204.970001,551768
2026-07-01 13:30:00+00:00,209.764999,211.149994,207.059998,208.740005,608237
2026-07-01 13:35:00+00:00,208.740005,211.500000,208.699997,210.009995,175817
2026-07-01 13:40:00+00:00,209.753006,211.500000,209.205200,211.050003,152396
2026-07-01 13:45:00+00:00,211.149994,211.500000,208.279999,208.520004,131572
2026-07-01 13:50:00+00:00,208.582504,209.645004,207.949997,209.130005,65568
2026-07-01 13:55:00+00:00,209.225006,209.528503,208.500000,208.759995,62593
2026-07-01 14:00:00+00:00,208.654999,210.070007,208.350098,209.300003,132266
2026-07-01 14:05:00+00:00,209.229996,209.830002,208.210007,208.610794,105476
2026-07-01 14:10:00+00:00,208.610001,209.740005,208.440002,209.190002,79537
2026-07-01 14:15:00+00:00,209.220001,210.399994,209.030106,210.059998,87154
2026-07-01 14:20:00+00:00,210.160004,210.509995,209.770004,209.839996,60967
2026-07-01 14:25:00+00:00,209.850006,210.029999,209.350006,209.419998,46707
2026-07-01 14:30:00+00:00,209.419998,209.779999,209.039993,209.710007,43165
2026-07-01 14:35:00+00:00,209.710007,210.830002,209.710007,210.830002,45249
2026-07-01 14:40:00+00:00,210.869995,210.869995,210.279999,210.830002,38228
2026-07-01 14:45:00+00:00,210.764999,211.399994,210.330002,210.960007,81261
2026-07-01 14:50:00+00:00,210.949997,211.389999,210.699997,210.910004,56272
2026-07-01 14:55:00+00:00,210.720001,212.100006,210.720001,211.985001,107952
2026-07-01 15:00:00+00:00,212.000000,212.302994,211.679993,212.139999,57143
2026-07-01 15:05:00+00:00,212.184998,212.589996,212.119995,212.399994,79895
2026-07-01 15:10:00+00:00,212.460007,212.869995,212.369995,212.600006,70074
2026-07-01 15:15:00+00:00,212.570007,212.770004,211.710007,211.919998,95892
2026-07-01 15:20:00+00:00,211.910004,213.059998,211.860107,212.878494,65643
2026-07-01 15:25:00+00:00,212.880005,213.005005,212.419998,212.654999,44189
2026-07-01 15:30:00+00:00,212.654999,212.660004,211.190002,211.490005,43781
2026-07-01 15:35:00+00:00,211.500000,211.919998,211.406097,211.919998,34395
2026-07-01 15:40:00+00:00,211.899994,212.339996,211.750000,212.279999,48930
2026-07-01 15:45:00+00:00,212.339996,212.690002,212.199997,212.610001,47417
2026-07-01 15:50:00+00:00,212.559998,212.710007,212.149994,212.404999,36446
2026-07-01 15:55:00+00:00,212.479996,213.000107,212.440002,212.960007,33914
2026-07-01 16:00:00+00:00,212.990005,213.660004,212.990005,213.229996,96042
2026-07-01 16:05:00+00:00,213.199997,213.259995,212.649994,212.649994,34929
2026-07-01 16:10:00+00:00,212.649994,212.839996,212.500000,212.729996,26518
2026-07-01 16:15:00+00:00,212.744995,212.830002,212.440002,212.510498,35873
2026-07-01 16:20:00+00:00,212.679993,212.679993,211.970001,212.429993,23885
2026-07-01 16:25:00+00:00,212.410004,212.630005,212.220001,212.220093,21238
2026-07-01 16:30:00+00:00,212.250000,212.630005,212.229996,212.490005,21369
2026-07-01 16:35:00+00:00,212.539993,212.570007,212.350006,212.350006,20530
2026-07-01 16:40:00+00:00,212.343994,212.414993,212.220093,212.244995,21047
2026-07-01 16:45:00+00:00,212.210007,212.479996,212.169998,212.259995,28105
2026-07-01 16:50:00+00:00,212.259995,212.440002,212.220001,212.345093,23442
2026-07-01 16:55:00+00:00,212.350006,212.500000,211.699997,211.815002,33088
2026-07-01 17:00:00+00:00,211.869995,212.134995,211.710007,211.720001,26340
2026-07-01 17:05:00+00:00,211.729996,212.000000,211.700104,211.990005,28983
2026-07-01 17:10:00+00:00,211.970001,212.164993,211.899994,212.000000,21737
2026-07-01 17:15:00+00:00,211.990005,211.990005,211.660004,211.820007,25372
2026-07-01 17:20:00+00:00,211.820007,211.839996,211.255005,211.370102,23242
2026-07-01 17:25:00+00:00,211.414993,211.539993,211.289993,211.350006,28060
2026-07-01 17:30:00+00:00,211.375000,211.669998,211.320007,211.485001,29046
2026-07-01 17:35:00+00:00,211.520004,211.710007,211.429993,211.550003,23535
2026-07-01 17:40:00+00:00,211.559998,211.580002,211.369995,211.399994,27486
2026-07-01 17:45:00+00:00,211.429993,211.539993,211.300003,211.470001,24600
2026-07-01 17:50:00+00:00,211.529999,211.660004,211.160004,211.419998,29252
2026-07-01 17:55:00+00:00,211.304901,211.369995,211.190002,211.324997,19691
2026-07-01 18:00:00+00:00,211.345001,211.449997,211.119995,211.350998,30804
2026-07-01 18:05:00+00:00,211.289993,211.520004,211.110001,211.110001,36827
2026-07-01 18:10:00+00:00,211.119995,211.330002,210.880005,211.259995,32392
2026-07-01 18:15:00+00:00,211.229996,211.449997,211.119995,211.375000,29359
2026-07-01 18:20:00+00:00,211.429993,211.699997,211.410004,211.550003,27767
2026-07-01 18:25:00+00:00,211.580002,211.739899,211.429993,211.600006,27377
2026-07-01 18:30:00+00:00,211.600006,211.649994,211.419998,211.500000,30598
2026-07-01 18:35:00+00:00,211.535004,211.625000,211.399994,211.592697,23802
2026-07-01 18:40:00+00:00,211.654999,211.699997,211.399994,211.500000,37636
2026-07-01 18:45:00+00:00,211.535004,211.699997,211.251495,211.320007,37849
2026-07-01 18:50:00+00:00,211.320007,211.320007,210.940002,211.009995,32645
2026-07-01 18:55:00+00:00,210.950104,211.149994,210.680099,210.889999,33589
2026-07-01 19:00:00+00:00,210.899994,211.190002,210.725006,210.970001,32163
2026-07-01 19:05:00+00:00,210.970001,211.020004,210.699997,210.919998,24695
2026-07-01 19:10:00+00:00,210.865005,210.970001,210.585007,210.970001,28612
2026-07-01 19:15:00+00:00,210.860001,211.169998,210.779999,210.779999,34708
2026-07-01 19:20:00+00:00,210.779999,210.955002,210.660599,210.729996,28933
2026-07-01 19:25:00+00:00,210.695007,210.820007,210.520004,210.639999,31323
2026-07-01 19:30:00+00:00,210.634995,211.169998,210.399994,211.080002,60461
2026-07-01 19:35:00+00:00,211.110001,211.309998,211.014999,211.089996,64982
2026-07-01 19:40:00+00:00,211.119995,211.419998,211.119995,211.419998,52683
2026-07-01 19:45:00+00:00,211.399994,211.553207,211.330002,211.470001,56626
2026-07-01 19:50:00+00:00,211.464996,211.669998,210.800003,210.979996,120231
2026-07-01 19:55:00+00:00,210.960007,211.235001,210.645004,210.940002,326203
2026-07-02 13:30:00+00:00,215.550003,217.729996,213.735001,217.384995,504419
2026-07-02 13:35:00+00:00,217.380005,219.669998,216.100006,217.580002,169114
2026-07-02 13:40:00+00:00,217.419998,218.889999,216.559998,218.388901,120844
2026-07-02 13:45:00+00:00,218.445007,219.470001,217.770004,218.070007,133777
2026-07-02 13:50:00+00:00,217.964996,218.379898,216.639999,216.669998,102718
2026-07-02 13:55:00+00:00,216.660004,217.500000,216.500000,217.032501,79943
2026-07-02 14:00:00+00:00,216.779999,217.350006,216.175003,217.250000,72538
2026-07-02 14:05:00+00:00,217.169998,217.804993,217.000504,217.199997,105780
2026-07-02 14:10:00+00:00,217.259995,217.630005,216.559998,216.630005,65385
2026-07-02 14:15:00+00:00,216.625000,218.289993,216.318207,218.130005,81760
2026-07-02 14:20:00+00:00,218.089996,218.300003,217.679993,217.970001,127434
2026-07-02 14:25:00+00:00,217.970001,218.520004,217.500000,217.574997,86219
2026-07-02 14:30:00+00:00,217.570007,218.093002,217.395004,217.470001,203020
2026-07-02 14:35:00+00:00,217.559998,218.479996,217.100006,218.210007,60375
2026-07-02 14:40:00+00:00,218.169998,218.500000,217.210007,217.610001,77741
2026-07-02 14:45:00+00:00,217.615005,218.990005,217.430099,218.699997,94483
2026-07-02 14:50:00+00:00,218.750000,218.910004,217.850006,217.850006,72065
2026-07-02 14:55:00+00:00,217.850006,218.619400,217.690002,218.309998,50198
2026-07-02 15:00:00+00:00,218.270004,218.539993,217.733994,217.839996,63985
2026-07-02 15:05:00+00:00,217.798996,218.000000,216.639999,217.664993,77588
2026-07-02 15:10:00+00:00,217.660004,218.039993,217.320007,217.479996,47588
2026-07-02 15:15:00+00:00,217.494995,217.708603,217.020004,217.464996,62188
2026-07-02 15:20:00+00:00,217.500000,218.490005,217.356796,218.419998,66756
2026-07-02 15:25:00+00:00,218.429993,218.429993,217.889999,217.889999,51867
2026-07-02 15:30:00+00:00,218.020004,218.319901,217.720001,217.781494,85974
2026-07-02 15:35:00+00:00,217.959900,217.959900,217.300003,217.889999,78590
2026-07-02 15:40:00+00:00,217.940002,218.154999,217.770004,217.990005,35375
2026-07-02 15:45:00+00:00,218.029999,218.330002,217.949997,218.179993,32125
2026-07-02 15:50:00+00:00,218.119995,218.399994,217.729996,218.130005,48614
2026-07-02 15:55:00+00:00,218.214996,218.899994,218.070007,218.899994,62677
2026-07-02 16:00:00+00:00,218.949997,220.630005,218.830002,220.399994,171123
2026-07-02 16:05:00+00:00,220.440002,220.600006,219.800003,219.899994,71239
2026-07-02 16:10:00+00:00,219.865005,220.649994,219.779999,220.350006,110030
2026-07-02 16:15:00+00:00,220.309998,220.580002,220.220001,220.565002,71723
2026-07-02 16:20:00+00:00,220.559998,220.580002,220.179993,220.485001,62310
2026-07-02 16:25:00+00:00,220.449997,220.499207,220.089996,220.429993,71385
2026-07-02 16:30:00+00:00,220.429993,220.550003,219.809998,220.000000,71139
2026-07-02 16:35:00+00:00,219.970001,220.160004,219.560104,219.929993,60665
2026-07-02 16:40:00+00:00,219.929993,220.070007,219.395493,219.634995,60888
2026-07-02 16:45:00+00:00,219.630096,220.439499,219.630005,220.339996,58243
2026-07-02 16:50:00+00:00,220.339996,220.789902,220.100006,220.654999,51392
2026-07-02 16:55:00+00:00,220.639999,220.699997,220.399994,220.669998,45904
2026-07-02 17:00:00+00:00,220.690002,220.720001,219.659103,219.770004,45906
2026-07-02 17:05:00+00:00,219.720001,220.000000,219.565308,219.880005,58399
2026-07-02 17:10:00+00:00,219.880005,220.500000,219.809998,220.429993,67781
2026-07-02 17:15:00+00:00,220.449997,220.799896,220.289993,220.625000,45746
2026-07-02 17:20:00+00:00,220.619995,220.990005,220.479996,220.970001,45622
2026-07-02 17:25:00+00:00,221.000000,221.263000,221.000000,221.184998,67081
2026-07-02 17:30:00+00:00,221.210007,221.880005,221.119995,221.289993,67000
2026-07-02 17:35:00+00:00,221.335007,221.380005,220.884995,220.920395,51056
2026-07-02 17:40:00+00:00,220.934097,221.130005,220.669998,220.919998,37936
2026-07-02 17:45:00+00:00,220.970001,221.369995,220.960007,221.369995,46084
2026-07-02 17:50:00+00:00,221.320496,221.369995,221.000000,221.125000,30115
2026-07-02 17:55:00+00:00,221.050003,221.380005,220.908096,221.339996,45740
2026-07-02 18:00:00+00:00,221.339996,221.619995,221.164993,221.539993,79023
2026-07-02 18:05:00+00:00,221.535004,222.065994,221.429993,221.720001,57489
2026-07-02 18:10:00+00:00,221.779999,222.149994,221.720001,221.960007,58695
2026-07-02 18:15:00+00:00,221.960007,222.099899,221.544998,221.600006,44086
2026-07-02 18:20:00+00:00,221.595001,221.720001,221.110001,221.179993,51962
2026-07-02 18:25:00+00:00,221.229996,221.339996,220.910004,221.267502,66286
2026-07-02 18:30:00+00:00,221.264999,221.429993,221.000107,221.330002,37129
2026-07-02 18:35:00+00:00,221.330002,221.630005,221.330002,221.559998,34777
2026-07-02 18:40:00+00:00,221.604996,221.611099,221.080002,221.470993,43694
2026-07-02 18:45:00+00:00,221.449997,221.509995,221.059998,221.350006,34720
2026-07-02 18:50:00+00:00,221.289993,221.294998,220.850006,220.929993,40453
2026-07-02 18:55:00+00:00,220.889999,220.949997,220.380005,220.425003,49345
2026-07-02 19:00:00+00:00,220.490005,221.199997,220.330002,220.850006,77565
2026-07-02 19:05:00+00:00,220.858002,221.359894,220.740005,221.199997,41694
2026-07-02 19:10:00+00:00,221.199997,221.744995,221.149994,221.660004,49845
2026-07-02 19:15:00+00:00,221.649994,221.800003,221.190094,221.800003,55992
2026-07-02 19:20:00+00:00,221.744995,221.889999,221.389999,221.514999,50552
2026-07-02 19:25:00+00:00,221.475006,221.509995,221.169998,221.285004,77624
2026-07-02 19:30:00+00:00,221.289993,221.315002,220.639999,220.710007,79804
2026-07-02 19:35:00+00:00,220.725006,220.970001,220.320007,220.949997,117390
2026-07-02 19:40:00+00:00,220.895004,220.970001,220.460007,220.600006,131325
2026-07-02 19:45:00+00:00,220.570007,220.690002,220.000000,220.100006,109219
2026-07-02 19:50:00+00:00,220.100006,220.324997,219.199997,219.695007,184931
2026-07-02 19:55:00+00:00,219.660004,220.149994,219.309998,219.649994,478878
2026-07-06 13:30:00+00:00,216.100006,218.029999,215.380005,215.455002,304340
2026-07-06 13:35:00+00:00,215.649994,216.190002,213.820007,214.119995,125021
2026-07-06 13:40:00+00:00,214.100006,214.770004,213.369995,214.729996,104968
2026-07-06 13:45:00+00:00,214.899994,216.405899,214.899994,216.089996,67324
2026-07-06 13:50:00+00:00,216.089996,216.320007,215.320007,216.110001,60856
2026-07-06 13:55:00+00:00,216.092407,216.889999,215.789993,216.372498,37367
2026-07-06 14:00:00+00:00,216.639999,216.759995,215.330002,215.389999,44760
2026-07-06 14:05:00+00:00,215.250000,215.320007,213.970001,214.425003,54373
2026-07-06 14:10:00+00:00,214.477493,214.669495,213.860001,214.000000,49599
2026-07-06 14:15:00+00:00,213.899994,213.899994,213.300003,213.550003,70793
2026-07-06 14:20:00+00:00,213.550003,213.729996,213.000000,213.104996,57931
2026-07-06 14:25:00+00:00,213.110001,214.059998,213.110001,213.739899,46147
2026-07-06 14:30:00+00:00,213.664993,213.949997,213.225006,213.225006,55028
2026-07-06 14:35:00+00:00,213.199997,213.692993,212.899994,213.649994,49922
2026-07-06 14:40:00+00:00,213.660004,213.949997,213.240005,213.270004,38940
2026-07-06 14:45:00+00:00,213.259995,214.134995,213.139999,214.020096,30755
2026-07-06 14:50:00+00:00,214.110001,215.610001,213.600006,214.679993,259566
2026-07-06 14:55:00+00:00,214.679993,215.029999,214.520004,214.860001,56219
2026-07-06 15:00:00+00:00,214.910004,215.403503,214.860001,215.350006,61740
2026-07-06 15:05:00+00:00,215.375000,216.139999,215.139999,215.850006,65287
2026-07-06 15:10:00+00:00,215.934998,216.619995,215.830002,216.000000,61004
2026-07-06 15:15:00+00:00,215.940002,216.564804,215.919998,216.264999,42946
2026-07-06 15:20:00+00:00,216.259995,216.809998,216.214996,216.610001,41762
2026-07-06 15:25:00+00:00,216.520004,217.419998,216.500000,217.350006,43783
2026-07-06 15:30:00+00:00,217.440002,217.774994,217.179993,217.229996,27163
2026-07-06 15:35:00+00:00,217.270004,217.319901,217.009995,217.220001,25923
2026-07-06 15:40:00+00:00,217.220001,217.434006,217.080002,217.160004,19058
2026-07-06 15:45:00+00:00,217.160004,217.740005,217.070007,217.449997,24829
2026-07-06 15:50:00+00:00,217.554993,218.070007,217.550003,218.009995,31471
2026-07-06 15:55:00+00:00,218.009995,218.699997,218.009995,218.514999,30083
2026-07-06 16:00:00+00:00,218.449997,218.533798,218.161194,218.304993,24402
2026-07-06 16:05:00+00:00,218.270004,218.639999,218.220001,218.550003,24780
2026-07-06 16:10:00+00:00,218.550003,218.589996,218.279999,218.559998,36039
2026-07-06 16:15:00+00:00,218.539993,218.615005,218.320007,218.434998,21702
2026-07-06 16:20:00+00:00,218.434998,218.579895,218.365005,218.449997,20074
2026-07-06 16:25:00+00:00,218.380005,218.404999,218.149994,218.289993,30159
2026-07-06 16:30:00+00:00,218.250000,218.440002,218.175003,218.399994,16138
2026-07-06 16:35:00+00:00,218.429993,218.600006,218.279999,218.414993,24270
2026-07-06 16:40:00+00:00,218.419998,218.565506,218.255005,218.389999,25404
2026-07-06 16:45:00+00:00,218.380005,218.539993,218.270401,218.524994,15647
2026-07-06 16:50:00+00:00,218.529999,218.990005,218.529999,218.910004,37573
2026-07-06 16:55:00+00:00,218.914993,218.970001,218.619995,218.639999,25171
2026-07-06 17:00:00+00:00,218.589996,219.050003,218.500000,218.889999,27633
2026-07-06 17:05:00+00:00,218.919998,219.369995,218.889999,219.050003,24624
2026-07-06 17:10:00+00:00,219.070404,219.279999,218.930099,219.279999,21706
2026-07-06 17:15:00+00:00,219.300003,219.759995,219.220001,219.585007,38354
2026-07-06 17:20:00+00:00,219.585007,219.585007,219.195007,219.335007,48973
2026-07-06 17:25:00+00:00,219.309998,219.509995,219.250900,219.330002,30338
2026-07-06 17:30:00+00:00,219.380005,219.389999,218.750000,218.919998,31438
2026-07-06 17:35:00+00:00,218.919998,219.085007,218.700104,218.700104,20993
2026-07-06 17:40:00+00:00,218.710007,218.816803,218.395004,218.669998,26719
2026-07-06 17:45:00+00:00,218.610001,218.610001,218.154999,218.154999,22116
2026-07-06 17:50:00+00:00,218.199905,218.289993,218.110001,218.190002,21289
2026-07-06 17:55:00+00:00,218.199997,218.289993,218.089996,218.289993,24474
2026-07-06 18:00:00+00:00,218.210007,218.279999,217.899994,218.029999,43675
2026-07-06 18:05:00+00:00,218.070007,218.160004,217.889999,217.910004,25789
2026-07-06 18:10:00+00:00,217.960007,218.100006,217.830002,218.089996,19007
2026-07-06 18:15:00+00:00,218.089996,218.299500,218.050003,218.139999,21886
2026-07-06 18:20:00+00:00,218.139999,218.449997,218.100006,218.449997,21482
2026-07-06 18:25:00+00:00,218.440002,218.479996,218.270004,218.369995,28195
2026-07-06 18:30:00+00:00,218.339996,218.354996,218.195007,218.285004,23362
2026-07-06 18:35:00+00:00,218.270004,218.320007,218.059998,218.095001,23246
2026-07-06 18:40:00+00:00,218.089996,218.095001,217.570007,217.570007,24719
2026-07-06 18:45:00+00:00,217.580002,217.995895,217.565002,217.850006,43933
2026-07-06 18:50:00+00:00,217.869995,218.309998,217.759995,218.179993,42979
2026-07-06 18:55:00+00:00,218.235001,218.259995,217.750000,217.755005,30337
2026-07-06 19:00:00+00:00,217.789993,217.880005,217.679993,217.860001,25458
2026-07-06 19:05:00+00:00,217.860001,217.979996,217.740005,217.975006,29435
2026-07-06 19:10:00+00:00,217.955002,217.960007,217.729996,217.910004,27693
2026-07-06 19:15:00+00:00,217.869995,217.929993,217.695007,217.925003,25007
2026-07-06 19:20:00+00:00,217.919998,217.979996,217.649994,217.649994,25769
2026-07-06 19:25:00+00:00,217.675003,217.949997,217.580002,217.720001,37305
2026-07-06 19:30:00+00:00,217.710007,218.169998,217.669998,217.759995,46976
2026-07-06 19:35:00+00:00,217.759995,217.949997,217.640396,217.910004,44470
2026-07-06 19:40:00+00:00,217.899994,218.300003,217.820007,218.220001,40775
2026-07-06 19:45:00+00:00,218.210007,218.220001,217.889999,217.889999,58051
2026-07-06 19:50:00+00:00,217.940002,218.468994,217.910004,218.289993,98194
2026-07-06 19:55:00+00:00,218.330002,218.729507,218.009995,218.059998,208623
2026-07-07 13:30:00+00:00,221.160004,223.600006,220.895004,222.520004,477672
2026-07-07 13:35:00+00:00,222.514999,223.630005,222.240005,222.559998,112620
2026-07-07 13:40:00+00:00,222.705002,222.789993,221.164993,221.360001,102539
2026-07-07 13:45:00+00:00,221.119995,221.880005,220.500000,220.500000,116001
2026-07-07 13:50:00+00:00,220.426300,221.800003,220.289993,221.500000,85080
2026-07-07 13:55:00+00:00,221.509995,222.000000,221.190002,221.199997,84502
2026-07-07 14:00:00+00:00,221.205002,222.000000,220.770096,221.884995,56223
2026-07-07 14:05:00+00:00,221.934998,222.000000,220.910995,221.110001,59519
2026-07-07 14:10:00+00:00,221.110001,221.869995,220.960007,221.494995,87143
2026-07-07 14:15:00+00:00,221.460007,223.399994,221.000000,222.994003,98394
2026-07-07 14:20:00+00:00,223.169998,223.500000,222.150101,223.139999,97367
2026-07-07 14:25:00+00:00,223.139999,223.149994,222.250000,222.570007,61887
2026-07-07 14:30:00+00:00,222.639999,223.130005,222.539993,222.889999,71614
2026-07-07 14:35:00+00:00,222.990005,223.850006,222.729996,223.419998,71250
2026-07-07 14:40:00+00:00,223.425003,224.750000,223.419998,224.669998,301326
2026-07-07 14:45:00+00:00,224.649994,225.380005,224.210007,224.990005,206089
2026-07-07 14:50:00+00:00,224.770004,225.619995,224.500000,224.639999,105967
2026-07-07 14:55:00+00:00,224.630005,224.845001,223.690002,224.410004,60978
2026-07-07 15:00:00+00:00,224.404999,225.535004,224.220001,225.184998,100594
2026-07-07 15:05:00+00:00,225.184998,226.220001,225.184998,225.971695,104779
2026-07-07 15:10:00+00:00,225.800095,226.029999,225.470001,225.580002,49756
2026-07-07 15:15:00+00:00,225.580002,226.820007,225.449997,226.720001,212623
2026-07-07 15:20:00+00:00,226.779999,227.679993,226.779999,227.500000,122489
2026-07-07 15:25:00+00:00,227.550003,228.229996,227.449997,227.970001,168315
2026-07-07 15:30:00+00:00,227.910004,228.369995,227.410095,228.274994,85142
2026-07-07 15:35:00+00:00,228.264999,228.880005,228.130005,228.220001,85707
2026-07-07 15:40:00+00:00,228.259995,229.279999,228.139999,229.050003,135360
2026-07-07 15:45:00+00:00,228.970001,229.710007,228.869995,229.580002,83287
2026-07-07 15:50:00+00:00,229.639999,230.499893,229.500000,229.679993,193176
2026-07-07 15:55:00+00:00,229.679993,230.740005,229.589996,230.039993,339522
2026-07-07 16:00:00+00:00,230.039993,230.188995,229.699997,229.940002,84897
2026-07-07 16:05:00+00:00,229.869995,230.179993,229.700104,230.029999,89077
2026-07-07 16:10:00+00:00,229.985001,230.349899,228.669998,228.869995,116736
2026-07-07 16:15:00+00:00,228.934998,229.050003,228.199997,228.229996,96379
2026-07-07 16:20:00+00:00,228.190002,228.410004,227.779999,228.410004,48949
2026-07-07 16:25:00+00:00,228.479996,228.649994,228.259995,228.291000,31123
2026-07-07 16:30:00+00:00,228.365005,228.910004,228.240005,228.895004,48868
2026-07-07 16:35:00+00:00,228.880005,229.000000,228.585007,228.949997,33340
2026-07-07 16:40:00+00:00,228.990005,229.240005,228.625000,228.669998,34672
2026-07-07 16:45:00+00:00,228.570007,228.630005,228.000000,228.000000,50734
2026-07-07 16:50:00+00:00,228.000000,228.129898,227.679993,228.009995,38138
2026-07-07 16:55:00+00:00,228.029999,228.130005,227.220001,227.740005,62137
2026-07-07 17:00:00+00:00,227.664993,228.205200,227.664993,227.779999,32238
2026-07-07 17:05:00+00:00,227.884995,228.009995,227.580002,227.679993,31589
2026-07-07 17:10:00+00:00,227.725006,228.279999,227.660004,228.205002,56558
2026-07-07 17:15:00+00:00,228.279999,228.348999,227.934998,228.264999,65197
2026-07-07 17:20:00+00:00,228.264999,228.320007,227.690002,227.899994,41672
2026-07-07 17:25:00+00:00,227.910004,228.220001,227.809998,228.220001,40990
2026-07-07 17:30:00+00:00,228.175003,228.445007,227.996002,227.996002,50543
2026-07-07 17:35:00+00:00,227.945007,228.110001,227.794998,228.054993,35121
2026-07-07 17:40:00+00:00,228.054993,228.498993,228.054993,228.498993,27579
2026-07-07 17:45:00+00:00,228.470001,228.589996,228.270004,228.389999,49133
2026-07-07 17:50:00+00:00,228.350006,228.570007,228.229996,228.535004,32330
2026-07-07 17:55:00+00:00,228.580002,228.600006,228.289993,228.304993,38091
2026-07-07 18:00:00+00:00,228.259995,228.309998,227.279999,228.119995,177707
2026-07-07 18:05:00+00:00,228.119995,228.139999,226.945007,227.500000,150366
2026-07-07 18:10:00+00:00,227.500000,227.500000,225.800003,226.535004,103651
2026-07-07 18:15:00+00:00,226.535004,226.559998,225.470001,225.639999,107410
2026-07-07 18:20:00+00:00,225.654999,225.929993,225.373306,225.539993,83684
2026-07-07 18:25:00+00:00,225.574997,225.830002,225.530106,225.530106,38542
2026-07-07 18:30:00+00:00,225.585007,225.669998,225.289993,225.320007,87828
2026-07-07 18:35:00+00:00,225.365005,225.880005,225.330002,225.710007,133201
2026-07-07 18:40:00+00:00,225.735001,225.785095,225.429993,225.464996,54451
2026-07-07 18:45:00+00:00,225.464996,225.720001,224.750000,225.089996,165200
2026-07-07 18:50:00+00:00,225.100006,225.169998,224.570007,224.699997,40120
2026-07-07 18:55:00+00:00,224.679993,224.779999,224.470001,224.619995,63054
2026-07-07 19:00:00+00:00,224.619995,224.630005,223.729996,224.000000,76246
2026-07-07 19:05:00+00:00,224.024994,224.319504,223.830399,223.940002,50501
2026-07-07 19:10:00+00:00,223.830002,223.830002,223.210007,223.388306,55225
2026-07-07 19:15:00+00:00,223.369995,223.630005,223.139999,223.509995,66171
2026-07-07 19:20:00+00:00,223.565002,223.645004,223.130005,223.289993,72689
2026-07-07 19:25:00+00:00,223.350006,223.360001,222.380005,222.380005,56383
2026-07-07 19:30:00+00:00,222.389999,222.809998,222.130096,222.764999,71667
2026-07-07 19:35:00+00:00,222.759995,223.014999,222.669998,222.794998,63801
2026-07-07 19:40:00+00:00,222.785004,223.039993,222.285004,222.399994,64696
2026-07-07 19:45:00+00:00,222.440002,222.889999,222.309998,222.830002,80337
2026-07-07 19:50:00+00:00,222.779999,222.779999,222.134995,222.134995,142915
2026-07-07 19:55:00+00:00,222.059998,222.100006,221.365005,221.529999,333487
2026-07-08 13:30:00+00:00,221.339996,222.500000,218.699997,219.595001,261015
2026-07-08 13:35:00+00:00,219.585007,221.679993,219.059998,221.289993,88010
2026-07-08 13:40:00+00:00,221.429993,221.445007,218.630005,219.259995,106031
2026-07-08 13:45:00+00:00,219.190002,219.190002,216.927002,218.500000,151735
2026-07-08 13:50:00+00:00,218.575607,219.110001,217.619995,217.695007,69268
2026-07-08 13:55:00+00:00,217.565002,218.736603,217.389999,217.919998,63376
2026-07-08 14:00:00+00:00,218.000000,218.949997,217.744995,218.589996,67828
2026-07-08 14:05:00+00:00,218.660004,220.600006,218.660004,219.684998,90852
2026-07-08 14:10:00+00:00,219.649994,219.979996,219.000000,219.690002,47632
2026-07-08 14:15:00+00:00,219.660004,219.710007,218.925003,219.309998,50729
2026-07-08 14:20:00+00:00,219.304993,219.500000,218.630005,219.035004,46756
2026-07-08 14:25:00+00:00,219.110001,219.389999,218.889999,219.059998,38959
2026-07-08 14:30:00+00:00,218.870102,219.259995,218.649994,218.919998,44481
2026-07-08 14:35:00+00:00,218.899994,219.339203,218.320007,219.070007,31252
2026-07-08 14:40:00+00:00,219.009995,219.580002,218.880005,219.580002,59792
2026-07-08 14:45:00+00:00,219.520004,219.779907,219.149994,219.744995,45079
2026-07-08 14:50:00+00:00,219.789993,219.865005,218.899994,218.910004,29586
2026-07-08 14:55:00+00:00,218.975006,219.067505,218.660004,218.880005,36703
2026-07-08 15:00:00+00:00,218.889999,219.399994,218.720001,219.240005,35534
2026-07-08 15:05:00+00:00,219.324997,220.149994,219.220001,219.960007,32730
2026-07-08 15:10:00+00:00,219.960007,220.389893,219.744995,220.119995,22497
2026-07-08 15:15:00+00:00,220.020004,220.500000,220.000000,220.029999,46266
2026-07-08 15:20:00+00:00,219.910004,220.309998,219.910004,219.985001,38305
2026-07-08 15:25:00+00:00,219.975006,220.119995,219.720001,219.899994,34776
2026-07-08 15:30:00+00:00,219.889999,219.919998,219.410004,219.774994,46411
2026-07-08 15:35:00+00:00,219.794998,220.020004,219.550003,219.884995,23940
2026-07-08 15:40:00+00:00,219.889999,219.919998,219.529999,219.600006,20307
2026-07-08 15:45:00+00:00,219.660004,219.970001,219.600006,219.869995,26184
2026-07-08 15:50:00+00:00,219.750107,220.089996,219.414993,219.645004,36560
2026-07-08 15:55:00+00:00,219.710007,219.919998,219.429993,219.744995,16252
2026-07-08 16:00:00+00:00,219.729996,220.110001,219.619995,219.910004,20768
2026-07-08 16:05:00+00:00,219.929993,220.470001,219.919998,220.184998,22827
2026-07-08 16:10:00+00:00,220.179993,220.270004,219.615005,219.869995,32226
2026-07-08 16:15:00+00:00,219.880005,220.119995,219.830002,219.889999,23719
2026-07-08 16:20:00+00:00,219.895004,220.490005,219.460007,220.490005,85406
2026-07-08 16:25:00+00:00,220.580002,220.660004,220.190002,220.470001,34643
2026-07-08 16:30:00+00:00,220.470001,220.809998,220.160095,220.675003,32982
2026-07-08 16:35:00+00:00,220.610001,220.690002,220.279999,220.429993,26864
2026-07-08 16:40:00+00:00,220.449997,221.089996,220.380005,220.615005,40469
2026-07-08 16:45:00+00:00,220.580002,220.744995,220.235001,220.235001,20192
2026-07-08 16:50:00+00:00,220.330002,220.389999,219.919998,220.134995,23890
2026-07-08 16:55:00+00:00,220.179993,220.220001,219.785004,219.929993,26663
2026-07-08 17:00:00+00:00,219.880005,220.059998,219.779999,220.009995,21829
2026-07-08 17:05:00+00:00,219.979996,220.080002,219.619995,219.735001,20977
2026-07-08 17:10:00+00:00,219.779999,220.070007,219.669998,219.967896,18779
2026-07-08 17:15:00+00:00,219.960007,220.274994,219.880005,220.225006,19995
2026-07-08 17:20:00+00:00,220.259995,220.410507,220.179993,220.250000,14067
2026-07-08 17:25:00+00:00,220.259995,220.449997,220.110001,220.429993,14417
2026-07-08 17:30:00+00:00,220.425003,220.689896,220.199997,220.285004,25995
2026-07-08 17:35:00+00:00,220.240005,220.330002,219.964996,220.104996,23870
2026-07-08 17:40:00+00:00,220.100006,220.589996,220.050003,220.529999,17554
2026-07-08 17:45:00+00:00,220.449997,220.729996,220.410004,220.679993,15099
2026-07-08 17:50:00+00:00,220.630005,220.690002,220.460007,220.580002,21930
2026-07-08 17:55:00+00:00,220.580002,220.895004,220.419998,220.809998,19224
2026-07-08 18:00:00+00:00,220.839996,221.249496,220.740601,221.190002,17848
2026-07-08 18:05:00+00:00,221.212494,221.279999,220.949997,220.990005,26743
2026-07-08 18:10:00+00:00,220.930099,221.358002,220.860001,221.309998,22624
2026-07-08 18:15:00+00:00,221.309998,221.399994,221.100006,221.270004,24838
2026-07-08 18:20:00+00:00,221.270004,221.320007,221.000000,221.199997,33512
2026-07-08 18:25:00+00:00,221.220398,221.229996,220.904999,221.149994,26479
2026-07-08 18:30:00+00:00,221.145004,221.249893,221.059998,221.179993,17416
2026-07-08 18:35:00+00:00,221.190002,221.570007,221.110001,221.570007,24913
2026-07-08 18:40:00+00:00,221.529999,221.529999,221.149994,221.255005,19098
2026-07-08 18:45:00+00:00,221.279999,221.330002,220.929993,221.139999,27154
2026-07-08 18:50:00+00:00,221.149994,221.229996,220.945007,221.190002,25119
2026-07-08 18:55:00+00:00,221.195007,221.199997,220.994995,221.070007,22453
2026-07-08 19:00:00+00:00,221.059998,221.059998,220.380005,220.460007,48474
2026-07-08 19:05:00+00:00,220.505005,220.695007,220.240005,220.664993,26645
2026-07-08 19:10:00+00:00,220.664993,220.720001,220.360001,220.509995,28680
2026-07-08 19:15:00+00:00,220.509995,220.889999,220.384995,220.740005,26205
2026-07-08 19:20:00+00:00,220.714996,220.969894,220.660004,220.925003,34601
2026-07-08 19:25:00+00:00,220.970001,221.229996,220.970001,221.039993,40651
2026-07-08 19:30:00+00:00,221.080002,221.610001,220.982407,221.600006,66042
2026-07-08 19:35:00+00:00,221.610001,221.880005,221.539993,221.660004,43162
2026-07-08 19:40:00+00:00,221.669998,221.830002,221.649994,221.744995,29350
2026-07-08 19:45:00+00:00,221.720001,221.720001,221.195007,221.195007,37488
2026-07-08 19:50:00+00:00,221.195007,221.195007,220.589996,220.720001,82208
2026-07-08 19:55:00+00:00,220.770004,221.190002,220.471298,220.940002,254882
2026-07-09 13:30:00+00:00,214.089996,217.289993,213.089996,216.779999,382071
2026-07-09 13:35:00+00:00,216.759995,218.399994,215.820007,217.899994,139896
2026-07-09 13:40:00+00:00,218.020004,219.669998,217.770004,219.389999,48975
2026-07-09 13:45:00+00:00,219.375000,220.304993,219.029999,220.199997,51373
2026-07-09 13:50:00+00:00,220.300003,220.429993,219.639999,219.759995,49671
2026-07-09 13:55:00+00:00,219.770096,220.750000,219.630005,220.279999,57792
2026-07-09 14:00:00+00:00,220.225006,220.489899,219.555496,219.684998,33342
2026-07-09 14:05:00+00:00,219.695007,220.129196,219.149994,219.350006,46639
2026-07-09 14:10:00+00:00,219.350006,219.979996,219.009995,219.304993,38420
2026-07-09 14:15:00+00:00,219.110001,219.179993,218.095001,218.348297,66089
2026-07-09 14:20:00+00:00,218.289993,219.629501,218.259995,219.100006,58730
2026-07-09 14:25:00+00:00,219.100006,219.259995,218.670105,218.949997,49140
2026-07-09 14:30:00+00:00,219.014999,219.300003,218.779999,219.054993,34159
2026-07-09 14:35:00+00:00,219.054993,219.529999,219.009995,219.529999,39653
2026-07-09 14:40:00+00:00,219.505005,219.960007,219.410004,219.649994,30549
2026-07-09 14:45:00+00:00,219.675003,219.860504,219.460007,219.524994,26476
2026-07-09 14:50:00+00:00,219.470001,219.720001,218.960007,219.619995,53260
2026-07-09 14:55:00+00:00,219.619995,220.490005,219.270996,220.445007,27784
2026-07-09 15:00:00+00:00,220.470001,221.089996,220.270004,220.770004,55508
2026-07-09 15:05:00+00:00,220.720001,220.789993,220.411606,220.649994,33402
2026-07-09 15:10:00+00:00,220.669998,220.770004,220.205002,220.205002,24897
2026-07-09 15:15:00+00:00,220.210007,220.690002,220.210007,220.360001,27636
2026-07-09 15:20:00+00:00,220.360001,220.649994,220.119995,220.570007,28463
2026-07-09 15:25:00+00:00,220.539993,220.699997,220.419998,220.679993,29445
2026-07-09 15:30:00+00:00,220.690002,220.839996,220.410004,220.589996,34510
2026-07-09 15:35:00+00:00,220.589996,221.039993,220.544998,220.990005,24113
2026-07-09 15:40:00+00:00,220.910004,221.429993,220.840897,221.350006,24570
2026-07-09 15:45:00+00:00,221.419998,221.539993,221.011597,221.160004,32234
2026-07-09 15:50:00+00:00,221.134995,221.210007,220.820496,220.910095,21092
2026-07-09 15:55:00+00:00,220.949997,221.240005,220.589996,220.964996,48222
2026-07-09 16:00:00+00:00,221.000000,221.229996,220.904495,221.179993,22996
2026-07-09 16:05:00+00:00,221.195007,221.229996,220.589996,220.590103,19680
2026-07-09 16:10:00+00:00,220.645004,220.714996,220.410095,220.714996,27316
2026-07-09 16:15:00+00:00,220.714996,220.970001,220.675003,220.729996,20559
2026-07-09 16:20:00+00:00,220.716995,221.050003,220.630005,220.869995,25322
2026-07-09 16:25:00+00:00,220.880005,220.979904,220.779999,220.804993,20819
2026-07-09 16:30:00+00:00,220.800003,221.190002,220.679993,221.119995,16923
2026-07-09 16:35:00+00:00,221.169998,221.384995,221.110001,221.309998,20400
2026-07-09 16:40:00+00:00,221.350006,221.360001,221.175003,221.184998,17641
2026-07-09 16:45:00+00:00,221.220001,221.320007,221.070099,221.179993,33016
2026-07-09 16:50:00+00:00,221.179993,221.179993,220.914993,220.914993,22345
2026-07-09 16:55:00+00:00,220.880005,221.179993,220.838593,221.100006,28199
2026-07-09 17:00:00+00:00,221.085007,221.130005,220.742004,220.785004,19577
2026-07-09 17:05:00+00:00,220.785004,220.820007,220.630005,220.750000,19554
2026-07-09 17:10:00+00:00,220.820007,221.299896,220.820007,220.949997,30272
2026-07-09 17:15:00+00:00,220.976807,221.080002,220.830002,220.880005,28666
2026-07-09 17:20:00+00:00,220.880005,221.160004,220.839996,220.895004,22042
2026-07-09 17:25:00+00:00,220.889999,221.309998,220.860001,221.240005,31411
2026-07-09 17:30:00+00:00,221.255005,221.289993,221.065002,221.169998,18338
2026-07-09 17:35:00+00:00,221.210007,221.210007,220.949997,220.949997,17039
2026-07-09 17:40:00+00:00,221.009995,221.125000,220.764999,221.125000,29156
2026-07-09 17:45:00+00:00,221.125000,221.169998,221.020004,221.169998,24486
2026-07-09 17:50:00+00:00,221.179993,221.339996,221.169998,221.339996,19229
2026-07-09 17:55:00+00:00,221.300003,221.449997,221.250000,221.335007,26435
2026-07-09 18:00:00+00:00,221.320007,221.350006,221.020004,221.190704,25604
2026-07-09 18:05:00+00:00,221.160004,221.164993,220.679993,220.679993,34756
2026-07-09 18:10:00+00:00,220.639999,220.929993,220.539993,220.845001,27711
2026-07-09 18:15:00+00:00,220.845001,220.960007,220.544998,220.619995,34320
2026-07-09 18:20:00+00:00,220.585007,220.839996,220.539703,220.669998,22339
2026-07-09 18:25:00+00:00,220.669998,220.929901,220.643600,220.789993,37445
2026-07-09 18:30:00+00:00,220.850006,220.880005,220.509995,220.880005,38310
2026-07-09 18:35:00+00:00,220.880005,221.020004,220.820007,220.850098,28177
2026-07-09 18:40:00+00:00,220.929993,221.059998,220.839996,220.990005,31537
2026-07-09 18:45:00+00:00,220.990005,220.994995,220.649994,220.675003,24602
2026-07-09 18:50:00+00:00,220.699997,220.889999,220.699997,220.779999,29819
2026-07-09 18:55:00+00:00,220.789993,221.089996,220.740005,221.035004,25631
2026-07-09 19:00:00+00:00,221.029999,221.490005,221.009995,221.479996,27616
2026-07-09 19:05:00+00:00,221.479996,221.500000,221.210007,221.320007,35751
2026-07-09 19:10:00+00:00,221.320007,221.580002,221.289993,221.485001,29725
2026-07-09 19:15:00+00:00,221.485001,221.740005,221.475006,221.479996,34589
2026-07-09 19:20:00+00:00,221.520004,221.669998,221.479996,221.550003,40338
2026-07-09 19:25:00+00:00,221.539993,221.699997,221.354996,221.354996,33681
2026-07-09 19:30:00+00:00,221.380005,221.880005,221.380005,221.839996,35417
2026-07-09 19:35:00+00:00,221.860001,222.179993,221.824997,222.020004,45318
2026-07-09 19:40:00+00:00,222.039993,222.330002,222.029999,222.179993,44142
2026-07-09 19:45:00+00:00,222.169998,222.399994,222.020004,222.250000,68887
2026-07-09 19:50:00+00:00,222.250000,222.649994,222.160004,222.559998,98701
2026-07-09 19:55:00+00:00,222.535004,222.669998,222.149994,222.649994,242990
2026-07-10 13:30:00+00:00,226.500000,227.339996,225.009995,225.759995,188174
2026-07-10 13:35:00+00:00,225.619995,227.699997,225.589996,227.490005,92960
2026-07-10 13:40:00+00:00,227.494995,228.399994,226.589996,227.279999,105709
2026-07-10 13:45:00+00:00,227.100006,227.160004,224.789993,225.259995,60737
2026-07-10 13:50:00+00:00,225.259995,225.850006,224.565002,225.414993,70096
2026-07-10 13:55:00+00:00,225.399994,226.662994,225.143204,225.300003,35278
2026-07-10 14:00:00+00:00,225.250000,225.250000,224.259995,224.789993,30078
2026-07-10 14:05:00+00:00,224.880005,225.719894,224.642807,225.339996,28539
2026-07-10 14:10:00+00:00,225.130005,225.669998,224.759995,224.860001,44782
2026-07-10 14:15:00+00:00,224.779999,225.755005,224.429993,225.201004,29470
2026-07-10 14:20:00+00:00,225.199997,225.539993,224.740005,224.929993,29362
2026-07-10 14:25:00+00:00,224.929993,224.990005,224.399994,224.779999,29658
2026-07-10 14:30:00+00:00,224.695007,225.059998,223.190002,223.940002,80795
2026-07-10 14:35:00+00:00,223.949997,224.940002,223.339996,224.065002,41634
2026-07-10 14:40:00+00:00,223.959595,224.469894,223.660004,224.315002,31650
2026-07-10 14:45:00+00:00,224.330002,224.729996,224.167892,224.520004,27217
2026-07-10 14:50:00+00:00,224.494995,225.029999,224.369995,224.755005,36037
2026-07-10 14:55:00+00:00,224.755005,224.899994,224.240005,224.600006,28287
2026-07-10 15:00:00+00:00,224.550003,224.690002,224.169998,224.274994,25267
2026-07-10 15:05:00+00:00,224.190002,224.589996,224.020004,224.350006,39542
2026-07-10 15:10:00+00:00,224.350006,224.774994,224.205002,224.559998,20613
2026-07-10 15:15:00+00:00,224.585007,224.789993,224.300003,224.630005,34347
2026-07-10 15:20:00+00:00,224.690002,224.899994,224.410004,224.820007,25677
2026-07-10 15:25:00+00:00,224.830002,224.860001,224.149994,224.485001,20994
2026-07-10 15:30:00+00:00,224.559998,224.789993,224.398193,224.595001,24893
2026-07-10 15:35:00+00:00,224.559998,224.970001,224.410004,224.539993,27185
2026-07-10 15:40:00+00:00,224.500000,224.889999,224.320496,224.770004,15637
2026-07-10 15:45:00+00:00,224.770004,224.979996,224.350006,224.839996,11503
2026-07-10 15:50:00+00:00,224.839996,224.940002,224.699997,224.774994,13764
2026-07-10 15:55:00+00:00,224.839996,225.000000,224.565002,224.565002,16771
2026-07-10 16:00:00+00:00,224.679993,224.774994,224.279999,224.279999,33911
2026-07-10 16:05:00+00:00,224.309998,224.462402,224.000000,224.429993,29407
2026-07-10 16:10:00+00:00,224.479996,224.960007,224.369995,224.955002,28376
2026-07-10 16:15:00+00:00,224.970001,225.020004,224.490005,224.550003,28493
2026-07-10 16:20:00+00:00,224.600006,224.699997,224.190002,224.440002,45614
2026-07-10 16:25:00+00:00,224.440002,224.460007,224.160004,224.350006,22856
2026-07-10 16:30:00+00:00,224.369995,224.645004,224.259995,224.414993,21257
2026-07-10 16:35:00+00:00,224.399994,224.509995,224.139999,224.389999,17563
2026-07-10 16:40:00+00:00,224.429993,224.501999,224.230103,224.294998,17887
2026-07-10 16:45:00+00:00,224.294998,224.360001,224.110001,224.179993,19424
2026-07-10 16:50:00+00:00,224.240005,224.580002,224.039993,224.580002,14061
2026-07-10 16:55:00+00:00,224.619995,224.880005,224.615005,224.789993,25070
2026-07-10 17:00:00+00:00,224.880005,224.880005,224.460007,224.529999,18113
2026-07-10 17:05:00+00:00,224.529999,224.570007,224.179993,224.225006,14024
2026-07-10 17:10:00+00:00,224.279999,224.294998,224.050003,224.220001,21845
2026-07-10 17:15:00+00:00,224.149994,224.250000,223.619995,223.720001,19155
2026-07-10 17:20:00+00:00,223.699997,223.699997,223.240005,223.289993,29700
2026-07-10 17:25:00+00:00,223.279999,223.490005,223.154999,223.289993,17026
2026-07-10 17:30:00+00:00,223.210007,223.460007,223.190002,223.460007,15208
2026-07-10 17:35:00+00:00,223.500000,223.710007,223.320007,223.455002,21854
2026-07-10 17:40:00+00:00,223.500000,223.514999,223.000000,223.020004,14402
2026-07-10 17:45:00+00:00,223.020004,223.225006,222.820007,223.100006,18010
2026-07-10 17:50:00+00:00,223.050003,223.279999,223.029999,223.259995,15064
2026-07-10 17:55:00+00:00,223.259995,223.395004,223.199997,223.330002,13509
2026-07-10 18:00:00+00:00,223.259995,223.315002,223.089996,223.240005,16458
2026-07-10 18:05:00+00:00,223.240005,223.490005,223.164993,223.369995,20822
2026-07-10 18:10:00+00:00,223.375305,223.520004,223.345001,223.391006,16988
2026-07-10 18:15:00+00:00,223.390106,223.447495,223.070007,223.210007,17074
2026-07-10 18:20:00+00:00,223.190002,223.464996,223.065002,223.449997,17689
2026-07-10 18:25:00+00:00,223.475006,223.619995,223.380005,223.505005,17756
2026-07-10 18:30:00+00:00,223.505005,223.750000,223.457199,223.600006,17136
2026-07-10 18:35:00+00:00,223.600006,223.714996,223.509995,223.627899,14129
2026-07-10 18:40:00+00:00,223.625000,223.669998,223.539993,223.600006,11429
2026-07-10 18:45:00+00:00,223.595001,223.679993,223.529999,223.529999,20210
2026-07-10 18:50:00+00:00,223.610001,223.740005,223.505005,223.679993,23121
2026-07-10 18:55:00+00:00,223.710007,223.820007,223.570007,223.729996,16252
2026-07-10 19:00:00+00:00,223.729996,223.759995,223.500000,223.529999,47258
2026-07-10 19:05:00+00:00,223.520004,223.910004,223.479996,223.850006,19084
2026-07-10 19:10:00+00:00,223.880005,224.149994,223.869995,224.119995,15545
2026-07-10 19:15:00+00:00,224.190002,224.199997,223.830002,223.899994,28688
2026-07-10 19:20:00+00:00,223.880005,223.960007,223.649994,223.850006,20334
2026-07-10 19:25:00+00:00,223.809998,223.929993,223.580002,223.580002,28486
2026-07-10 19:30:00+00:00,223.630005,223.645004,223.244995,223.490005,34584
2026-07-10 19:35:00+00:00,223.509995,223.610001,223.339996,223.565002,33476
2026-07-10 19:40:00+00:00,223.570007,223.619995,223.320007,223.330002,26577
2026-07-10 19:45:00+00:00,223.300003,223.539993,223.145798,223.500000,37861
2026-07-10 19:50:00+00:00,223.509995,223.669998,223.131195,223.131195,47865
2026-07-10 19:55:00+00:00,223.339996,223.809998,223.169998,223.630005,147489
2026-07-13 13:30:00+00:00,226.750000,229.000000,226.750000,227.679993,218855
2026-07-13 13:35:00+00:00,228.500000,229.500000,227.835007,228.339996,111730
2026-07-13 13:40:00+00:00,228.389999,229.500000,228.309998,229.000000,69443
2026-07-13 13:45:00+00:00,228.839996,228.940002,225.960007,226.089996,67211
2026-07-13 13:50:00+00:00,225.940002,227.089996,225.000000,227.089996,65959
2026-07-13 13:55:00+00:00,227.130005,228.104996,226.589996,226.664993,136639
2026-07-13 14:00:00+00:00,226.664993,227.600006,226.639999,226.990005,39297
2026-07-13 14:05:00+00:00,227.279999,227.630005,226.750000,227.320007,55035
2026-07-13 14:10:00+00:00,227.315002,227.559998,226.899994,227.220001,47584
2026-07-13 14:15:00+00:00,227.220001,227.589996,226.210007,227.029999,71111
2026-07-13 14:20:00+00:00,227.039993,227.149994,226.580002,226.889999,46430
2026-07-13 14:25:00+00:00,226.970001,227.220001,226.690994,226.865005,20318
2026-07-13 14:30:00+00:00,226.860001,227.899994,226.550003,227.475006,32803
2026-07-13 14:35:00+00:00,227.320007,227.940002,227.210007,227.372894,22912
2026-07-13 14:40:00+00:00,227.300003,228.059998,227.300003,227.565002,35229
2026-07-13 14:45:00+00:00,227.572205,229.130005,227.350006,229.130005,43920
2026-07-13 14:50:00+00:00,229.210007,230.100006,228.790100,230.039993,102627
2026-07-13 14:55:00+00:00,230.000000,230.300003,229.669998,229.979996,51041
2026-07-13 15:00:00+00:00,230.039993,230.619995,229.509995,229.509995,45176
2026-07-13 15:05:00+00:00,229.589996,230.699997,229.479996,230.539505,40877
2026-07-13 15:10:00+00:00,230.479996,230.588196,230.050003,230.255005,35465
2026-07-13 15:15:00+00:00,230.175003,230.690002,230.050095,230.464996,29920
2026-07-13 15:20:00+00:00,230.464996,230.850006,230.399994,230.580002,44348
2026-07-13 15:25:00+00:00,230.570007,230.619995,230.160004,230.475006,50368
2026-07-13 15:30:00+00:00,230.470001,230.600006,230.179993,230.419998,28974
2026-07-13 15:35:00+00:00,230.470001,230.880005,230.300003,230.660004,39564
2026-07-13 15:40:00+00:00,230.679993,231.660004,230.679993,231.625000,47346
2026-07-13 15:45:00+00:00,231.630005,231.880005,231.449997,231.550003,45037
2026-07-13 15:50:00+00:00,231.544998,231.675003,231.190094,231.550003,40932
2026-07-13 15:55:00+00:00,231.539993,231.690002,231.000000,231.070007,31428
2026-07-13 16:00:00+00:00,231.074997,231.429993,230.789993,231.202499,27063
2026-07-13 16:05:00+00:00,231.154999,231.154999,230.610001,230.843002,37774
2026-07-13 16:10:00+00:00,230.889999,231.499893,230.669998,231.369995,41512
2026-07-13 16:15:00+00:00,231.300003,231.335007,230.920105,231.050003,37367
2026-07-13 16:20:00+00:00,231.024994,231.529999,230.990005,231.529999,89677
2026-07-13 16:25:00+00:00,231.550003,231.660004,231.130005,231.240005,26253
2026-07-13 16:30:00+00:00,231.195007,231.537994,231.100006,231.455002,25450
2026-07-13 16:35:00+00:00,231.449997,231.960007,231.429993,231.639999,34802
2026-07-13 16:40:00+00:00,231.654999,231.949997,231.300003,231.389999,32586
2026-07-13 16:45:00+00:00,231.375000,231.720001,231.070007,231.470001,33507
2026-07-13 16:50:00+00:00,231.477493,231.550003,230.759995,231.009995,57288
2026-07-13 16:55:00+00:00,230.985001,231.270004,230.910004,231.059998,29657
2026-07-13 17:00:00+00:00,231.059998,231.509995,231.039993,231.360001,21154
2026-07-13 17:05:00+00:00,231.399994,231.570007,231.130005,231.175003,22701
2026-07-13 17:10:00+00:00,231.110001,231.470001,230.854996,230.949997,45345
2026-07-13 17:15:00+00:00,230.990005,231.440002,230.990005,231.205002,17421
2026-07-13 17:20:00+00:00,231.205002,231.675003,231.169998,231.464996,35560
2026-07-13 17:25:00+00:00,231.425003,231.600006,231.119995,231.399994,34657
2026-07-13 17:30:00+00:00,231.399994,231.500000,231.070007,231.169998,18843
2026-07-13 17:35:00+00:00,231.199997,231.789993,231.070007,231.789993,83340
2026-07-13 17:40:00+00:00,231.789993,231.949997,231.639999,231.860001,31330
2026-07-13 17:45:00+00:00,231.860001,232.080002,231.800003,231.919998,32575
2026-07-13 17:50:00+00:00,231.919998,231.919998,231.425003,231.619995,56059
2026-07-13 17:55:00+00:00,231.649994,231.660004,231.059998,231.074997,26302
2026-07-13 18:00:00+00:00,231.039993,231.294998,230.919998,231.169998,21860
2026-07-13 18:05:00+00:00,231.192001,231.259995,230.940002,231.054993,17818
2026-07-13 18:10:00+00:00,231.070007,231.119995,230.770004,230.779999,21433
2026-07-13 18:15:00+00:00,230.720001,230.809906,230.600006,230.755005,20599
2026-07-13 18:20:00+00:00,230.755096,230.789993,230.557495,230.720001,20194
2026-07-13 18:25:00+00:00,230.720001,230.720001,230.361206,230.449997,30990
2026-07-13 18:30:00+00:00,230.460007,230.619995,230.279999,230.395599,32150
2026-07-13 18:35:00+00:00,230.447495,230.550003,230.309998,230.389999,30299
2026-07-13 18:40:00+00:00,230.380005,230.639999,230.279999,230.559998,27049
2026-07-13 18:45:00+00:00,230.574997,230.729996,230.460007,230.535004,20769
2026-07-13 18:50:00+00:00,230.559998,230.770004,230.500000,230.535004,19355
2026-07-13 18:55:00+00:00,230.544495,230.699997,230.460007,230.509995,21828
2026-07-13 19:00:00+00:00,230.449997,230.490005,230.199997,230.365005,28323
2026-07-13 19:05:00+00:00,230.365005,230.429993,229.720505,229.929993,25188
2026-07-13 19:10:00+00:00,229.970001,230.044998,229.695007,229.699997,20812
2026-07-13 19:15:00+00:00,229.750000,229.904999,229.300003,229.389999,28297
2026-07-13 19:20:00+00:00,229.395004,229.529999,229.134995,229.345001,30742
2026-07-13 19:25:00+00:00,229.320007,229.339996,228.839996,228.839996,30984
2026-07-13 19:30:00+00:00,228.839996,229.020004,228.699997,228.740005,40342
2026-07-13 19:35:00+00:00,228.744995,228.949005,228.699997,228.939697,45418
2026-07-13 19:40:00+00:00,228.899994,229.470001,228.899994,229.214996,68155
2026-07-13 19:45:00+00:00,229.214996,230.070007,229.211807,229.990005,83130
2026-07-13 19:50:00+00:00,229.940002,230.869995,229.756897,230.289993,232246
2026-07-13 19:55:00+00:00,230.134995,230.869995,230.134995,230.690002,229075
2026-07-14 13:30:00+00:00,221.160004,222.500000,219.970001,220.199997,561201
2026-07-14 13:35:00+00:00,220.199997,220.470001,218.000000,219.860001,270460
2026-07-14 13:40:00+00:00,219.759995,221.699997,218.949997,220.339996,149981
2026-07-14 13:45:00+00:00,220.419998,220.990005,219.760101,220.339996,113739
2026-07-14 13:50:00+00:00,220.360001,220.970001,219.759995,220.679993,105574
2026-07-14 13:55:00+00:00,220.649994,222.630005,220.289993,222.550003,67155
2026-07-14 14:00:00+00:00,222.550003,223.240005,221.259995,221.369995,75558
2026-07-14 14:05:00+00:00,221.320007,222.164993,220.580002,222.134995,55144
2026-07-14 14:10:00+00:00,222.050003,222.050003,221.065002,221.559998,76219
2026-07-14 14:15:00+00:00,221.470001,221.550003,220.621002,220.779999,44456
2026-07-14 14:20:00+00:00,220.619995,221.500000,220.179993,221.500000,81475
2026-07-14 14:25:00+00:00,221.653397,222.500000,221.000000,222.190002,59917
2026-07-14 14:30:00+00:00,222.190002,223.050003,221.860001,222.345001,48047
2026-07-14 14:35:00+00:00,222.345001,223.059998,221.960007,223.059998,35070
2026-07-14 14:40:00+00:00,223.100006,223.429993,222.370102,222.610001,36543
2026-07-14 14:45:00+00:00,222.509995,223.500000,222.460007,223.289993,33762
2026-07-14 14:50:00+00:00,223.289993,223.289993,222.520004,223.184998,26768
2026-07-14 14:55:00+00:00,223.160004,223.300003,222.699997,222.960007,28110
2026-07-14 15:00:00+00:00,222.917801,222.960007,222.270004,222.449997,37677
2026-07-14 15:05:00+00:00,222.410004,222.875000,222.320007,222.320007,22366
2026-07-14 15:10:00+00:00,222.320007,222.600006,221.880005,221.880096,33427
2026-07-14 15:15:00+00:00,221.880005,222.539902,221.800003,222.289993,43041
2026-07-14 15:20:00+00:00,222.087494,222.179993,221.533997,221.720001,24273
2026-07-14 15:25:00+00:00,221.714996,221.866592,221.440002,221.690002,30422
2026-07-14 15:30:00+00:00,221.750000,222.309998,221.580002,222.169998,25686
2026-07-14 15:35:00+00:00,222.179993,222.350006,221.809998,221.975006,23913
2026-07-14 15:40:00+00:00,222.050003,222.059998,221.310104,221.429993,34714
2026-07-14 15:45:00+00:00,221.429993,221.899994,221.251694,221.727493,25423
2026-07-14 15:50:00+00:00,221.774994,222.009995,221.529999,221.830002,20355
2026-07-14 15:55:00+00:00,221.809998,221.820007,221.460007,221.494995,61881
2026-07-14 16:00:00+00:00,221.490005,221.612503,220.940002,221.470001,61751
2026-07-14 16:05:00+00:00,221.449997,222.550003,221.440002,222.479996,36224
2026-07-14 16:10:00+00:00,222.550003,223.000000,222.220093,222.919998,24741
2026-07-14 16:15:00+00:00,222.899994,223.718994,222.860001,223.369995,90169
2026-07-14 16:20:00+00:00,223.410004,223.764999,222.820007,223.350006,92423
2026-07-14 16:25:00+00:00,223.360001,223.764999,223.119995,223.764999,27225
2026-07-14 16:30:00+00:00,223.759995,223.979904,223.539993,223.714996,38491
2026-07-14 16:35:00+00:00,223.725006,224.119995,223.725006,224.050003,31947
2026-07-14 16:40:00+00:00,223.899994,224.199997,223.450104,223.800003,36575
2026-07-14 16:45:00+00:00,223.800003,223.910004,223.664993,223.729996,18038
2026-07-14 16:50:00+00:00,223.714996,223.979996,223.460007,223.899994,26263
2026-07-14 16:55:00+00:00,223.884995,223.966003,223.625000,223.914993,21486
2026-07-14 17:00:00+00:00,223.914993,224.039993,223.042297,223.360001,70780
2026-07-14 17:05:00+00:00,223.360001,223.559998,223.070007,223.259995,40657
2026-07-14 17:10:00+00:00,223.410004,223.419998,222.660004,222.820007,40665
2026-07-14 17:15:00+00:00,222.789993,222.875000,222.509995,222.600006,73215
2026-07-14 17:20:00+00:00,222.610001,222.949997,222.520004,222.800003,23518
2026-07-14 17:25:00+00:00,222.720001,223.100006,222.720001,222.979996,18406
2026-07-14 17:30:00+00:00,222.949997,223.380005,222.789993,222.789993,35719
2026-07-14 17:35:00+00:00,222.729996,222.729996,222.373505,222.470001,15438
2026-07-14 17:40:00+00:00,222.470001,222.509995,222.210007,222.350006,15292
2026-07-14 17:45:00+00:00,222.250107,222.449997,221.839996,221.895004,32202
2026-07-14 17:50:00+00:00,221.820007,221.899902,221.330002,221.449997,30475
2026-07-14 17:55:00+00:00,221.429993,221.460007,221.149994,221.348007,19379
2026-07-14 18:00:00+00:00,221.339996,221.619995,221.240005,221.529999,20403
2026-07-14 18:05:00+00:00,221.530106,221.904999,221.490005,221.550003,33421
2026-07-14 18:10:00+00:00,221.514999,221.550003,221.229996,221.229996,24914
2026-07-14 18:15:00+00:00,221.264999,221.380005,221.059998,221.205002,20969
2026-07-14 18:20:00+00:00,221.199997,221.755005,221.060104,221.664993,19799
2026-07-14 18:25:00+00:00,221.615005,221.759995,221.550003,221.559998,13193
2026-07-14 18:30:00+00:00,221.554993,221.690002,221.429993,221.610001,18296
2026-07-14 18:35:00+00:00,221.570007,221.705002,221.119995,221.309998,25006
2026-07-14 18:40:00+00:00,221.350006,221.350006,221.020004,221.190002,21124
2026-07-14 18:45:00+00:00,221.220001,221.460007,221.050003,221.134995,23234
2026-07-14 18:50:00+00:00,221.130005,221.130005,220.509995,220.510101,54136
2026-07-14 18:55:00+00:00,220.520004,220.729904,220.440002,220.669998,45961
2026-07-14 19:00:00+00:00,220.675003,221.160004,220.600006,220.869995,37876
2026-07-14 19:05:00+00:00,220.929504,221.104996,220.860001,220.885101,24251
2026-07-14 19:10:00+00:00,220.869995,221.164993,220.479996,221.164993,40556
2026-07-14 19:15:00+00:00,221.130005,221.169998,220.600006,220.880005,31043
2026-07-14 19:20:00+00:00,220.839996,221.044998,220.720001,220.990005,40670
2026-07-14 19:25:00+00:00,221.000000,221.169998,220.899994,221.039993,29426
2026-07-14 19:30:00+00:00,220.970001,220.970001,220.490005,220.490005,40758
2026-07-14 19:35:00+00:00,220.520004,220.554993,220.110001,220.169998,637696
2026-07-14 19:40:00+00:00,220.160004,220.240005,219.770004,220.160004,111631
2026-07-14 19:45:00+00:00,220.160004,220.160004,219.690002,219.807495,46441
2026-07-14 19:50:00+00:00,219.869995,220.350006,219.820007,220.035004,157651
2026-07-14 19:55:00+00:00,220.035004,221.110001,220.035004,220.729996,291503
2026-07-15 13:30:00+00:00,223.160004,225.990005,222.910004,225.889999,255277
2026-07-15 13:35:00+00:00,225.949997,227.692001,225.880005,226.679993,77910
2026-07-15 13:40:00+00:00,226.570007,227.149994,225.600006,225.600006,60613
2026-07-15 13:45:00+00:00,225.600006,226.259995,224.880005,225.460007,42665
2026-07-15 13:50:00+00:00,225.460007,227.550003,225.429993,227.020004,57382
2026-07-15 13:55:00+00:00,227.119995,227.804993,226.559998,226.735001,62818
2026-07-15 14:00:00+00:00,226.735001,229.050003,226.727493,228.955002,67541
2026-07-15 14:05:00+00:00,229.089996,229.595001,228.369995,228.820007,90828
2026-07-15 14:10:00+00:00,228.820007,228.904999,228.330994,228.750000,41598
2026-07-15 14:15:00+00:00,228.789993,229.800003,228.789993,229.529999,65836
2026-07-15 14:20:00+00:00,229.625000,231.449997,229.460007,231.169998,92473
2026-07-15 14:25:00+00:00,231.139999,231.524994,229.500107,229.539993,68392
2026-07-15 14:30:00+00:00,229.669998,230.455002,228.919998,229.259995,42674
2026-07-15 14:35:00+00:00,229.100006,229.800003,228.930099,229.800003,30227
2026-07-15 14:40:00+00:00,229.654999,229.880005,228.259995,228.259995,35055
2026-07-15 14:45:00+00:00,228.339996,228.429993,227.199997,227.279999,39468
2026-07-15 14:50:00+00:00,227.279999,227.772507,227.199997,227.210007,29483
2026-07-15 14:55:00+00:00,227.199997,228.100006,227.100006,227.464996,27221
2026-07-15 15:00:00+00:00,227.490005,227.960007,227.050003,227.199997,28455
2026-07-15 15:05:00+00:00,227.199997,227.460007,226.501007,226.649994,63313
2026-07-15 15:10:00+00:00,226.619995,226.934998,226.375000,226.904999,59462
2026-07-15 15:15:00+00:00,226.914993,227.320007,226.679993,226.899994,35309
2026-07-15 15:20:00+00:00,226.899994,227.389999,226.740005,226.800003,32824
2026-07-15 15:25:00+00:00,226.800003,227.220001,226.354996,226.354996,26866
2026-07-15 15:30:00+00:00,226.369995,226.419998,225.600006,225.600006,58090
2026-07-15 15:35:00+00:00,225.600006,226.000000,225.509995,225.759995,40678
2026-07-15 15:40:00+00:00,225.759995,225.990005,225.690002,225.898804,26984
2026-07-15 15:45:00+00:00,225.910004,226.339996,225.770004,225.824997,22491
2026-07-15 15:50:00+00:00,225.824997,226.500000,225.759995,226.414993,31205
2026-07-15 15:55:00+00:00,226.410004,226.500000,225.789993,225.899994,24069
2026-07-15 16:00:00+00:00,225.990005,226.259995,225.830002,226.184998,27661
2026-07-15 16:05:00+00:00,226.179993,226.919998,226.095001,226.789993,27360
2026-07-15 16:10:00+00:00,226.830002,226.919998,226.561005,226.561005,30631
2026-07-15 16:15:00+00:00,226.554993,226.684998,226.149994,226.205002,28693
2026-07-15 16:20:00+00:00,226.160095,226.395004,225.899994,226.244995,34011
2026-07-15 16:25:00+00:00,226.244995,226.309998,225.960007,226.080002,19845
2026-07-15 16:30:00+00:00,226.104996,226.570007,225.990005,226.020004,26522
2026-07-15 16:35:00+00:00,226.059998,226.070007,225.809998,225.899994,36433
2026-07-15 16:40:00+00:00,225.800003,225.889999,225.300003,225.570007,34696
2026-07-15 16:45:00+00:00,225.580002,225.759995,225.110001,225.320007,45302
2026-07-15 16:50:00+00:00,225.429993,225.660004,225.199997,225.300003,22386
2026-07-15 16:55:00+00:00,225.259995,225.429993,224.830002,225.138000,23949
2026-07-15 17:00:00+00:00,225.210007,225.274994,224.679993,224.850006,19509
2026-07-15 17:05:00+00:00,224.860001,224.929993,224.070007,224.235001,28883
2026-07-15 17:10:00+00:00,224.235001,224.429993,223.919998,224.259995,29216
2026-07-15 17:15:00+00:00,224.199997,224.309998,223.845001,223.904999,29189
2026-07-15 17:20:00+00:00,223.839996,223.979996,223.559998,223.559998,32819
2026-07-15 17:25:00+00:00,223.709900,223.949997,223.414993,223.865005,26953
2026-07-15 17:30:00+00:00,223.904999,224.179993,223.860001,223.990005,39516
2026-07-15 17:35:00+00:00,223.994995,224.410004,223.860001,224.324997,29275
2026-07-15 17:40:00+00:00,224.324997,224.464996,223.759995,223.875000,20923
2026-07-15 17:45:00+00:00,223.899994,223.919998,223.509995,223.570007,20235
2026-07-15 17:50:00+00:00,223.570007,223.750000,223.110001,223.690002,42406
2026-07-15 17:55:00+00:00,223.690002,223.789993,223.369995,223.699997,22015
2026-07-15 18:00:00+00:00,223.679993,223.729996,223.389999,223.559998,23791
2026-07-15 18:05:00+00:00,223.559998,223.850006,223.389999,223.645004,25012
2026-07-15 18:10:00+00:00,223.654999,224.259995,223.610001,224.250000,26822
2026-07-15 18:15:00+00:00,224.270004,224.699997,224.270004,224.384995,30075
2026-07-15 18:20:00+00:00,224.404999,224.669998,224.404999,224.559998,25569
2026-07-15 18:25:00+00:00,224.554993,224.759995,224.335007,224.750000,26836
2026-07-15 18:30:00+00:00,224.720001,225.000000,224.679993,224.940002,27536
2026-07-15 18:35:00+00:00,224.914993,225.000000,224.770004,224.794998,29234
2026-07-15 18:40:00+00:00,224.789993,224.889893,224.360001,224.360992,25835
2026-07-15 18:45:00+00:00,224.360001,224.369995,223.927505,223.934998,38199
2026-07-15 18:50:00+00:00,223.934998,224.339996,223.910004,224.164993,22714
2026-07-15 18:55:00+00:00,224.164993,224.369995,224.164993,224.259995,26912
2026-07-15 19:00:00+00:00,224.250000,224.570007,224.154999,224.179993,27635
2026-07-15 19:05:00+00:00,224.169998,224.439896,223.949997,224.389999,42621
2026-07-15 19:10:00+00:00,224.404999,224.539993,224.230103,224.429993,30676
2026-07-15 19:15:00+00:00,224.419998,224.639999,224.369995,224.589996,30132
2026-07-15 19:20:00+00:00,224.610001,225.000000,224.520996,224.809906,55775
2026-07-15 19:25:00+00:00,224.740005,224.910004,224.264999,224.264999,35282
2026-07-15 19:30:00+00:00,224.240005,224.440002,224.115005,224.294998,45556
2026-07-15 19:35:00+00:00,224.289993,224.399994,224.210007,224.259995,40000
2026-07-15 19:40:00+00:00,224.264999,224.339996,223.789993,223.904999,43576
2026-07-15 19:45:00+00:00,223.904999,224.089996,223.770004,223.800003,37416
2026-07-15 19:50:00+00:00,223.770004,224.350006,223.580002,224.250000,82045
2026-07-15 19:55:00+00:00,224.289993,224.600006,224.039993,224.570007,225537
2026-07-16 13:30:00+00:00,228.705002,229.350006,225.759995,226.054993,198508
2026-07-16 13:35:00+00:00,226.139999,227.954697,226.080002,226.960007,54277
2026-07-16 13:40:00+00:00,226.820007,226.940002,225.429993,225.479996,68272
2026-07-16 13:45:00+00:00,225.399994,226.740005,225.000000,225.559006,56825
2026-07-16 13:50:00+00:00,225.559998,225.610001,224.550003,224.639999,44091
2026-07-16 13:55:00+00:00,224.600006,225.270004,224.399994,224.522507,46392
2026-07-16 14:00:00+00:00,224.522507,225.029999,224.100006,224.470001,28440
2026-07-16 14:05:00+00:00,224.619995,224.750000,222.559998,222.830002,38092
2026-07-16 14:10:00+00:00,222.899994,223.289703,222.139999,222.994995,57203
2026-07-16 14:15:00+00:00,222.985001,223.119904,222.229996,222.985001,29966
2026-07-16 14:20:00+00:00,222.889999,224.419998,222.889999,224.350006,38807
2026-07-16 14:25:00+00:00,224.309998,224.600006,223.970001,224.184998,31455
2026-07-16 14:30:00+00:00,224.089996,224.570007,224.000000,224.399994,23866
2026-07-16 14:35:00+00:00,224.335007,225.070007,224.335007,225.070007,36345
2026-07-16 14:40:00+00:00,225.035004,226.100006,224.880096,225.929993,37106
2026-07-16 14:45:00+00:00,226.017502,226.419998,225.830002,226.309998,27657
2026-07-16 14:50:00+00:00,226.220001,226.494995,225.990097,226.395004,26454
2026-07-16 14:55:00+00:00,226.519897,227.050003,226.389999,226.570099,53989
2026-07-16 15:00:00+00:00,226.654999,226.684998,225.729996,225.729996,31947
2026-07-16 15:05:00+00:00,225.785004,226.529999,225.785004,226.214996,26678
2026-07-16 15:10:00+00:00,226.214996,226.875000,226.210007,226.720001,47316
2026-07-16 15:15:00+00:00,226.639999,226.940002,226.514999,226.514999,18425
2026-07-16 15:20:00+00:00,226.500000,226.990005,226.500000,226.630005,25060
2026-07-16 15:25:00+00:00,226.619995,227.164993,226.490997,227.139999,24294
2026-07-16 15:30:00+00:00,227.220001,227.395004,227.080002,227.199997,38382
2026-07-16 15:35:00+00:00,227.229996,227.757507,227.184998,227.669998,37303
2026-07-16 15:40:00+00:00,227.684998,227.850006,227.425003,227.479996,25945
2026-07-16 15:45:00+00:00,227.604996,227.839996,227.270004,227.440002,24937
2026-07-16 15:50:00+00:00,227.475006,227.889999,227.430099,227.585007,28091
2026-07-16 15:55:00+00:00,227.639999,227.869995,227.539993,227.831604,18883
2026-07-16 16:00:00+00:00,227.830002,228.020004,227.699997,227.815002,26631
2026-07-16 16:05:00+00:00,227.759995,228.904999,227.729996,228.869705,27610
2026-07-16 16:10:00+00:00,228.815002,229.059998,228.642197,228.920700,52916
2026-07-16 16:15:00+00:00,228.904999,229.179993,228.720001,229.116501,79989
2026-07-16 16:20:00+00:00,229.199997,230.100006,229.070007,229.651199,73971
2026-07-16 16:25:00+00:00,229.740005,230.250000,224.559998,230.000000,36711
2026-07-16 16:30:00+00:00,229.861694,230.880005,229.861694,230.845001,35642
2026-07-16 16:35:00+00:00,230.845001,231.293900,230.729996,231.000000,63821
2026-07-16 16:40:00+00:00,230.925003,231.589996,230.914993,231.229996,65305
2026-07-16 16:45:00+00:00,231.300003,232.679993,231.249603,232.679993,94596
2026-07-16 16:50:00+00:00,232.630005,232.705002,232.169998,232.529999,72617
2026-07-16 16:55:00+00:00,232.570007,232.839996,232.059998,232.350006,97191
2026-07-16 17:00:00+00:00,232.350006,232.679993,232.169998,232.419998,54585
2026-07-16 17:05:00+00:00,232.419998,232.619995,232.125000,232.315002,59036
2026-07-16 17:10:00+00:00,232.315002,232.600006,232.139999,232.225006,34896
2026-07-16 17:15:00+00:00,232.240005,232.300003,231.835007,232.014999,54591
2026-07-16 17:20:00+00:00,232.100006,232.149994,231.239899,231.404999,52740
2026-07-16 17:25:00+00:00,231.369995,232.880005,231.369995,232.835007,70714
2026-07-16 17:30:00+00:00,232.854706,233.550003,232.835007,233.160004,88087
2026-07-16 17:35:00+00:00,233.160004,233.429993,232.770004,233.320007,66007
2026-07-16 17:40:00+00:00,233.339996,233.500000,233.080093,233.380005,58536
2026-07-16 17:45:00+00:00,233.490005,233.744995,233.425598,233.729996,60748
2026-07-16 17:50:00+00:00,233.750000,234.309998,233.679993,234.270004,60191
2026-07-16 17:55:00+00:00,234.250000,234.289993,233.610107,233.899994,57829
2026-07-16 18:00:00+00:00,233.949997,234.529999,233.902695,234.429993,59010
2026-07-16 18:05:00+00:00,234.449997,234.899994,234.188995,234.850006,60008
2026-07-16 18:10:00+00:00,234.850006,235.279999,234.440094,235.279999,108589
2026-07-16 18:15:00+00:00,235.179993,235.369995,234.479996,234.669998,78867
2026-07-16 18:20:00+00:00,234.675003,235.229996,234.619995,234.789993,53721
2026-07-16 18:25:00+00:00,234.839996,235.239899,234.729996,235.000000,55502
2026-07-16 18:30:00+00:00,235.035004,235.469803,235.035004,235.289993,81518
2026-07-16 18:35:00+00:00,235.279999,235.479004,235.229996,235.380005,42152
2026-07-16 18:40:00+00:00,235.350006,235.399994,234.639999,234.690002,54507
2026-07-16 18:45:00+00:00,234.755005,235.240005,234.699997,235.130005,57262
2026-07-16 18:50:00+00:00,235.080002,235.240005,234.520004,234.520493,52083
2026-07-16 18:55:00+00:00,234.585007,235.179901,234.520004,235.160004,47067
2026-07-16 19:00:00+00:00,235.119995,235.389999,234.830002,234.964996,56675
2026-07-16 19:05:00+00:00,234.929993,234.990005,234.479996,234.505005,54210
2026-07-16 19:10:00+00:00,234.505005,234.800003,234.460007,234.570007,72572
2026-07-16 19:15:00+00:00,234.570007,234.910004,234.350006,234.559998,70136
2026-07-16 19:20:00+00:00,234.574997,235.050003,234.365005,234.979996,72953
2026-07-16 19:25:00+00:00,234.990005,235.100006,234.250000,234.250000,88746
2026-07-16 19:30:00+00:00,234.270004,234.570007,234.160004,234.520004,94711
2026-07-16 19:35:00+00:00,234.514999,234.990005,234.460007,234.544998,94644
2026-07-16 19:40:00+00:00,234.544998,234.789993,234.520004,234.589996,100706
2026-07-16 19:45:00+00:00,234.559998,234.860001,234.389999,234.759995,128032
2026-07-16 19:50:00+00:00,234.759995,235.300003,234.720001,235.089996,213840
2026-07-16 19:55:00+00:00,235.119995,235.429993,234.850006,235.320007,396605
2026-07-17 13:30:00+00:00,235.979996,237.580002,235.360001,236.255005,382130
2026-07-17 13:35:00+00:00,236.255005,238.399994,235.470001,238.250000,263833
2026-07-17 13:40:00+00:00,238.369995,238.369995,236.100006,237.979996,100270
2026-07-17 13:45:00+00:00,237.835007,237.835007,235.750000,236.214996,85150
2026-07-17 13:50:00+00:00,236.000000,237.309998,236.000000,236.669998,73536
2026-07-17 13:55:00+00:00,236.479996,236.539993,235.429993,235.612503,59319
2026-07-17 14:00:00+00:00,235.610001,235.610001,233.440002,234.619995,70776
2026-07-17 14:05:00+00:00,234.770004,235.110001,233.389999,233.610001,63436
2026-07-17 14:10:00+00:00,233.820007,233.860001,232.801697,233.539993,60215
2026-07-17 14:15:00+00:00,233.690002,234.190002,233.210007,233.755005,27456
2026-07-17 14:20:00+00:00,233.839996,234.710007,233.750107,234.169998,33859
2026-07-17 14:25:00+00:00,234.104996,234.979904,233.850494,234.794998,34597
2026-07-17 14:30:00+00:00,234.815002,235.318298,234.369995,234.500000,43146
2026-07-17 14:35:00+00:00,234.500000,234.529999,233.389999,233.729996,44112
2026-07-17 14:40:00+00:00,233.729996,233.815002,232.889999,233.074997,92032
2026-07-17 14:45:00+00:00,233.080002,233.440002,232.789993,232.990005,36662
2026-07-17 14:50:00+00:00,232.990005,235.490005,232.500000,233.975006,202376
2026-07-17 14:55:00+00:00,233.830002,234.059998,233.300003,234.000000,65155
2026-07-17 15:00:00+00:00,234.110001,235.669998,233.730103,235.414993,600234
2026-07-17 15:05:00+00:00,235.410004,235.910004,234.214996,234.214996,68821
2026-07-17 15:10:00+00:00,234.179993,234.429993,233.699997,233.794998,54722
2026-07-17 15:15:00+00:00,233.794998,233.830002,233.149994,233.250000,50858
2026-07-17 15:20:00+00:00,233.089996,233.399994,232.425003,233.309998,37373
2026-07-17 15:25:00+00:00,233.399994,233.399994,232.899994,233.110001,30607
2026-07-17 15:30:00+00:00,233.149994,233.289993,232.699997,232.919998,35014
2026-07-17 15:35:00+00:00,233.029999,233.270004,232.410004,233.149994,39008
2026-07-17 15:40:00+00:00,233.270004,234.520004,233.149994,234.160004,74908
2026-07-17 15:45:00+00:00,234.089996,234.089996,233.160004,233.364594,37583
2026-07-17 15:50:00+00:00,233.389893,234.029999,233.300003,233.815002,33077
2026-07-17 15:55:00+00:00,233.740005,234.169998,233.410004,234.130005,51126
2026-07-17 16:00:00+00:00,234.220001,234.710007,233.925003,234.309998,80731
2026-07-17 16:05:00+00:00,234.304993,234.324997,233.955002,234.250000,38964
2026-07-17 16:10:00+00:00,234.250000,234.359894,233.919998,234.235001,48987
2026-07-17 16:15:00+00:00,234.229996,234.410004,233.740005,234.210007,73121
2026-07-17 16:20:00+00:00,234.210007,234.580002,233.850006,234.330002,59898
2026-07-17 16:25:00+00:00,234.389999,236.000000,234.339996,235.244995,272155
2026-07-17 16:30:00+00:00,235.244995,236.199997,234.919998,235.699997,143917
2026-07-17 16:35:00+00:00,235.699997,238.210007,235.460007,236.479996,225353
2026-07-17 16:40:00+00:00,236.479996,236.960007,236.050003,236.110001,94756
2026-07-17 16:45:00+00:00,236.190002,237.889999,236.080002,237.599899,83362
2026-07-17 16:50:00+00:00,237.600006,239.710007,237.585007,238.500000,211169
2026-07-17 16:55:00+00:00,238.380005,238.639999,237.490005,238.556000,110523
2026-07-17 17:00:00+00:00,238.639999,238.940002,237.315002,237.559998,61409
2026-07-17 17:05:00+00:00,237.509995,238.000000,237.250000,237.500000,65487
2026-07-17 17:10:00+00:00,237.494995,238.440002,237.494995,238.330002,78517
2026-07-17 17:15:00+00:00,238.330002,238.649994,238.035004,238.177505,72890
2026-07-17 17:20:00+00:00,238.149994,239.059998,238.121399,238.929993,46611
2026-07-17 17:25:00+00:00,239.086807,239.089996,238.470001,238.585007,56710
2026-07-17 17:30:00+00:00,238.585007,239.320007,238.544998,239.320007,41106
2026-07-17 17:35:00+00:00,239.304993,239.800003,239.166000,239.800003,76879
2026-07-17 17:40:00+00:00,239.800003,239.880005,239.279999,239.289993,58678
2026-07-17 17:45:00+00:00,239.274994,239.539993,239.110001,239.539993,46668
2026-07-17 17:50:00+00:00,239.580002,239.804993,239.350006,239.759995,57726
2026-07-17 17:55:00+00:00,239.720001,239.779999,239.110306,239.220001,38814
2026-07-17 18:00:00+00:00,239.229996,239.289993,238.664993,238.740005,41391
2026-07-17 18:05:00+00:00,238.759995,239.830002,238.759995,239.764999,75286
2026-07-17 18:10:00+00:00,239.720001,240.149994,239.429993,239.610001,109056
2026-07-17 18:15:00+00:00,239.669998,239.669998,239.250000,239.389999,43291
2026-07-17 18:20:00+00:00,239.389999,239.389999,238.679993,238.699997,39457
2026-07-17 18:25:00+00:00,238.735001,238.929901,238.600006,238.789993,41172
2026-07-17 18:30:00+00:00,238.710007,239.070007,238.570007,239.050003,36903
2026-07-17 18:35:00+00:00,239.000000,239.000000,238.115005,238.264999,51661
2026-07-17 18:40:00+00:00,238.259995,238.470001,237.934998,238.080002,36984
2026-07-17 18:45:00+00:00,238.080002,238.270004,237.919998,238.154999,68763
2026-07-17 18:50:00+00:00,238.100006,238.154999,237.520004,237.574997,40510
2026-07-17 18:55:00+00:00,237.565002,237.889999,237.449997,237.850006,35595
2026-07-17 19:00:00+00:00,237.794998,237.839996,237.570007,237.600006,37011
2026-07-17 19:05:00+00:00,237.610001,237.939606,237.440002,237.550003,33352
2026-07-17 19:10:00+00:00,237.550003,237.619995,237.380005,237.559998,37691
2026-07-17 19:15:00+00:00,237.539993,237.799896,237.479996,237.630005,35772
2026-07-17 19:20:00+00:00,237.585007,237.759995,237.520004,237.630005,30850
2026-07-17 19:25:00+00:00,237.639999,237.979996,237.339996,237.345001,38353
2026-07-17 19:30:00+00:00,237.335007,237.660004,237.190002,237.650604,52723
2026-07-17 19:35:00+00:00,237.679993,237.755005,237.139999,237.184998,52411
2026-07-17 19:40:00+00:00,237.184998,237.429993,236.940002,237.354996,59846
2026-07-17 19:45:00+00:00,237.354996,237.850006,237.339996,237.630005,66323
2026-07-17 19:50:00+00:00,237.660004,237.914993,237.210007,237.839996,94427
2026-07-17 19:55:00+00:00,237.770004,237.824997,237.139999,237.289993,266591
2026-07-20 13:30:00+00:00,234.949997,234.990005,228.679993,229.410004,298567
2026-07-20 13:35:00+00:00,229.339996,230.970001,228.645004,230.610001,120416
2026-07-20 13:40:00+00:00,230.619995,231.059998,229.630005,229.720001,92585
2026-07-20 13:45:00+00:00,229.720001,230.360001,228.759995,229.250000,79720
2026-07-20 13:50:00+00:00,229.214996,229.910004,228.620300,228.639999,60675
2026-07-20 13:55:00+00:00,228.735001,229.779999,228.500000,228.770004,59750
2026-07-20 14:00:00+00:00,228.559998,228.990005,228.039993,228.919998,78548
2026-07-20 14:05:00+00:00,228.830002,229.389999,228.117493,228.559998,40645
2026-07-20 14:10:00+00:00,228.600006,228.924301,227.880005,228.630005,77518
2026-07-20 14:15:00+00:00,228.559998,229.074997,228.039993,228.460007,71700
2026-07-20 14:20:00+00:00,228.389999,228.520004,227.500000,227.839996,41648
2026-07-20 14:25:00+00:00,227.949997,228.000000,227.660004,227.864807,29433
2026-07-20 14:30:00+00:00,227.865005,228.729996,227.815002,228.339996,65178
2026-07-20 14:35:00+00:00,228.455002,228.940002,228.199997,228.800003,55445
2026-07-20 14:40:00+00:00,228.770004,229.225006,228.000000,228.190002,38378
2026-07-20 14:45:00+00:00,228.259995,228.880005,228.050003,228.634995,39200
2026-07-20 14:50:00+00:00,228.699997,228.829895,228.270004,228.690094,24933
2026-07-20 14:55:00+00:00,228.690002,229.032593,228.449997,228.695007,32430
2026-07-20 15:00:00+00:00,228.740005,230.369995,228.690002,230.000000,90947
2026-07-20 15:05:00+00:00,230.050003,230.399902,229.945007,230.039993,33872
2026-07-20 15:10:00+00:00,230.039993,230.589905,229.839996,230.550003,46383
2026-07-20 15:15:00+00:00,230.615005,231.070007,230.270004,230.919998,69952
2026-07-20 15:20:00+00:00,230.860001,231.449997,230.690002,231.270004,49078
2026-07-20 15:25:00+00:00,231.300003,231.570007,230.735001,230.955002,48466
2026-07-20 15:30:00+00:00,230.910004,232.070007,230.490005,231.410004,109994
2026-07-20 15:35:00+00:00,231.485001,232.100006,231.039993,231.800003,65238
2026-07-20 15:40:00+00:00,231.630005,231.809998,231.419998,231.600098,35123
2026-07-20 15:45:00+00:00,231.645004,232.147598,231.645004,232.067993,42736
2026-07-20 15:50:00+00:00,232.059998,232.239899,231.789993,232.029999,51875
2026-07-20 15:55:00+00:00,232.089996,232.139999,231.520004,231.627106,117420
2026-07-20 16:00:00+00:00,231.589996,232.809998,231.589996,232.809998,52405
2026-07-20 16:05:00+00:00,232.770004,233.210007,232.725006,233.210007,37120
2026-07-20 16:10:00+00:00,233.229996,233.500000,232.949997,233.270004,37034
2026-07-20 16:15:00+00:00,233.303894,233.490005,233.149994,233.294998,36621
2026-07-20 16:20:00+00:00,233.369995,233.824997,233.369995,233.804993,45170
2026-07-20 16:25:00+00:00,233.800003,234.320007,233.690002,234.199997,38512
2026-07-20 16:30:00+00:00,234.199997,234.959900,234.130005,234.625000,48433
2026-07-20 16:35:00+00:00,234.565002,235.339996,234.440002,234.929993,78337
2026-07-20 16:40:00+00:00,234.929993,235.100006,234.384995,234.464996,44202
2026-07-20 16:45:00+00:00,234.464996,234.479996,234.130005,234.279999,42745
2026-07-20 16:50:00+00:00,234.302399,234.320007,234.030106,234.235001,32664
2026-07-20 16:55:00+00:00,234.225006,234.439896,233.757004,233.809998,43581
2026-07-20 17:00:00+00:00,233.800003,234.220001,233.770004,234.169998,34758
2026-07-20 17:05:00+00:00,234.220001,234.440002,234.009995,234.335007,43344
2026-07-20 17:10:00+00:00,234.330002,234.808304,234.270004,234.759995,27929
2026-07-20 17:15:00+00:00,234.735001,234.869995,234.509995,234.699997,29564
2026-07-20 17:20:00+00:00,234.755096,234.940002,234.578995,234.720001,36698
2026-07-20 17:25:00+00:00,234.720001,235.179993,234.679993,235.159500,39994
2026-07-20 17:30:00+00:00,235.250000,235.300003,234.945007,235.149994,31171
2026-07-20 17:35:00+00:00,235.149994,235.270004,234.960007,235.044998,32901
2026-07-20 17:40:00+00:00,235.044998,235.047501,234.479996,234.550003,47823
2026-07-20 17:45:00+00:00,234.570007,234.740005,234.479996,234.639999,42006
2026-07-20 17:50:00+00:00,234.600006,234.830002,234.520004,234.699997,38506
2026-07-20 17:55:00+00:00,234.690002,234.880005,234.500000,234.791397,28306
2026-07-20 18:00:00+00:00,234.839996,235.179993,234.710007,235.000000,24423
2026-07-20 18:05:00+00:00,234.994995,235.279999,234.940002,235.229996,24005
2026-07-20 18:10:00+00:00,235.264999,235.910004,235.230103,235.669998,24501
2026-07-20 18:15:00+00:00,235.669998,236.219894,235.610001,236.160004,27810
2026-07-20 18:20:00+00:00,236.154999,236.159897,235.830002,235.884995,28081
2026-07-20 18:25:00+00:00,235.860001,236.099503,235.820007,236.009995,21891
2026-07-20 18:30:00+00:00,235.990005,236.199997,235.839996,236.009995,33470
2026-07-20 18:35:00+00:00,236.029999,236.660004,235.990402,236.100006,33059
2026-07-20 18:40:00+00:00,236.110001,236.119995,235.199997,235.369995,50948
2026-07-20 18:45:00+00:00,235.279999,235.279999,234.760498,235.009995,41706
2026-07-20 18:50:00+00:00,234.975006,235.240005,234.919998,235.190002,30320
2026-07-20 18:55:00+00:00,235.190002,235.264999,234.894196,235.190002,48113
2026-07-20 19:00:00+00:00,235.169998,235.330002,234.830002,235.250107,42990
2026-07-20 19:05:00+00:00,235.259995,235.279999,234.675003,234.899994,75521
2026-07-20 19:10:00+00:00,234.920105,235.410004,234.920105,235.210007,36617
2026-07-20 19:15:00+00:00,235.220001,235.304993,235.009995,235.199997,34505
2026-07-20 19:20:00+00:00,235.250000,235.580002,235.149994,235.540405,30677
2026-07-20 19:25:00+00:00,235.559998,235.660004,235.110001,235.220001,41323
2026-07-20 19:30:00+00:00,235.240005,235.529999,234.800003,234.880005,58392
2026-07-20 19:35:00+00:00,234.940002,235.639999,234.919998,235.630005,39723
2026-07-20 19:40:00+00:00,235.634995,235.830002,235.360001,235.410004,51146
2026-07-20 19:45:00+00:00,235.399994,235.550003,235.100006,235.419998,58061
2026-07-20 19:50:00+00:00,235.369995,235.529999,234.630005,235.160004,126888
2026-07-20 19:55:00+00:00,235.195007,235.285004,234.660004,234.679993,265537
2026-07-21 13:30:00+00:00,222.839996,230.190002,222.300003,229.979996,638278
2026-07-21 13:35:00+00:00,229.884995,230.000000,228.059998,229.440002,143308
2026-07-21 13:40:00+00:00,229.438004,230.380005,228.850998,229.324997,130268
2026-07-21 13:45:00+00:00,229.160004,230.100006,228.500000,228.589996,119209
2026-07-21 13:50:00+00:00,228.725006,229.789993,228.080002,229.660004,90973
2026-07-21 13:55:00+00:00,229.494003,229.910004,228.050003,228.531204,126938
2026-07-21 14:00:00+00:00,228.690002,229.979996,228.160004,229.684998,79784
2026-07-21 14:05:00+00:00,229.860001,229.949997,229.009995,229.289993,88760
2026-07-21 14:10:00+00:00,229.380005,229.774994,229.179993,229.279999,58706
2026-07-21 14:15:00+00:00,229.220001,229.369995,228.320007,229.160004,52605
2026-07-21 14:20:00+00:00,229.130005,229.475006,229.000000,229.369995,37325
2026-07-21 14:25:00+00:00,229.369995,230.770004,229.335007,230.500000,89557
2026-07-21 14:30:00+00:00,230.535599,230.985001,230.240005,230.684998,59310
2026-07-21 14:35:00+00:00,230.830002,231.250000,230.455002,230.830002,50154
2026-07-21 14:40:00+00:00,230.820007,231.130005,230.520004,230.979996,36497
2026-07-21 14:45:00+00:00,230.940002,231.500000,230.869995,230.990005,37776
2026-07-21 14:50:00+00:00,231.009995,231.179993,230.419998,230.573196,43307
2026-07-21 14:55:00+00:00,230.660004,230.889999,230.520004,230.639999,37856
2026-07-21 15:00:00+00:00,230.630005,230.739899,229.919998,230.195007,51927
2026-07-21 15:05:00+00:00,230.149994,230.339996,229.850494,230.070007,36079
2026-07-21 15:10:00+00:00,229.960007,230.580002,228.440002,228.449997,67594
2026-07-21 15:15:00+00:00,228.399994,228.753098,227.779999,228.753098,48253
2026-07-21 15:20:00+00:00,228.779999,229.199997,227.600006,227.970001,56152
2026-07-21 15:25:00+00:00,227.865005,228.199905,227.660004,227.985001,35517
2026-07-21 15:30:00+00:00,227.990005,228.740005,227.990005,228.380005,30501
2026-07-21 15:35:00+00:00,228.429993,228.809998,227.779999,228.649994,49053
2026-07-21 15:40:00+00:00,228.639999,228.649994,228.072495,228.490005,24338
2026-07-21 15:45:00+00:00,228.399994,228.439896,227.800003,227.964996,28493
2026-07-21 15:50:00+00:00,227.919998,227.990005,227.360001,227.589996,54654
2026-07-21 15:55:00+00:00,227.600006,228.079895,227.559998,228.059998,21767
2026-07-21 16:00:00+00:00,228.020004,228.160004,227.550003,228.029999,33443
2026-07-21 16:05:00+00:00,228.070007,228.139999,227.399994,227.455002,29675
2026-07-21 16:10:00+00:00,227.419998,227.429993,227.080002,227.419998,35659
2026-07-21 16:15:00+00:00,227.419998,227.490005,226.970001,227.425003,33304
2026-07-21 16:20:00+00:00,227.419998,227.479996,227.029999,227.175003,24886
2026-07-21 16:25:00+00:00,227.110001,227.220001,226.860001,227.035004,26780
2026-07-21 16:30:00+00:00,227.130005,227.160004,226.794998,226.910004,29222
2026-07-21 16:35:00+00:00,226.850006,226.895004,226.600006,226.759995,36762
2026-07-21 16:40:00+00:00,226.770004,226.960007,226.500000,226.559998,34055
2026-07-21 16:45:00+00:00,226.619995,226.835007,226.369995,226.380005,38866
2026-07-21 16:50:00+00:00,226.419998,226.580002,226.369995,226.490005,32091
2026-07-21 16:55:00+00:00,226.470001,226.557205,226.009995,226.039993,34241
2026-07-21 17:00:00+00:00,226.020004,226.369995,226.009995,226.100006,31684
2026-07-21 17:05:00+00:00,226.100006,226.490005,226.009995,226.179993,35228
2026-07-21 17:10:00+00:00,226.190002,226.190002,225.850006,225.910004,30782
2026-07-21 17:15:00+00:00,225.979996,225.979996,225.350006,225.889999,52786
2026-07-21 17:20:00+00:00,225.914993,226.599503,225.910004,226.529999,39666
2026-07-21 17:25:00+00:00,226.589996,226.615005,226.330093,226.445007,39318
2026-07-21 17:30:00+00:00,226.445007,226.520004,226.029999,226.175003,25643
2026-07-21 17:35:00+00:00,226.169998,226.350006,225.940002,226.210007,29355
2026-07-21 17:40:00+00:00,226.231598,226.349899,226.044998,226.309998,25760
2026-07-21 17:45:00+00:00,226.279999,226.429993,226.029999,226.304993,31528
2026-07-21 17:50:00+00:00,226.304993,226.845001,226.300095,226.661407,27207
2026-07-21 17:55:00+00:00,226.679993,226.699997,226.384995,226.600006,25766
2026-07-21 18:00:00+00:00,226.589996,226.599899,226.380005,226.460007,22938
2026-07-21 18:05:00+00:00,226.449997,226.764999,226.399994,226.419998,23197
2026-07-21 18:10:00+00:00,226.446106,226.809998,226.360001,226.800003,26747
2026-07-21 18:15:00+00:00,226.800003,226.820007,226.500000,226.634995,43618
2026-07-21 18:20:00+00:00,226.570007,226.919998,226.539993,226.600006,34878
2026-07-21 18:25:00+00:00,226.550003,227.054993,226.399994,227.029999,26619
2026-07-21 18:30:00+00:00,227.059998,227.309998,226.875000,226.964996,47861
2026-07-21 18:35:00+00:00,226.929993,227.039307,226.809998,226.895004,22537
2026-07-21 18:40:00+00:00,226.880005,227.419998,226.815002,227.354996,26305
2026-07-21 18:45:00+00:00,227.384995,227.669998,227.110001,227.300003,79228
2026-07-21 18:50:00+00:00,227.199997,227.250000,226.994995,227.100006,35204
2026-07-21 18:55:00+00:00,227.130005,227.190002,226.949097,227.089996,25482
2026-07-21 19:00:00+00:00,227.059998,227.460007,226.949997,227.419998,29580
2026-07-21 19:05:00+00:00,227.425003,227.589996,227.330002,227.539993,28710
2026-07-21 19:10:00+00:00,227.539993,227.759903,227.360001,227.597504,30522
2026-07-21 19:15:00+00:00,227.589996,227.763000,227.250000,227.300003,30845
2026-07-21 19:20:00+00:00,227.300003,227.550003,227.229996,227.524994,32756
2026-07-21 19:25:00+00:00,227.550003,227.589996,227.410004,227.539993,33459
2026-07-21 19:30:00+00:00,227.539993,227.634995,227.270004,227.315002,46967
2026-07-21 19:35:00+00:00,227.315002,227.520004,227.080307,227.095001,40637
2026-07-21 19:40:00+00:00,227.110001,227.190002,226.880005,227.059998,50791
2026-07-21 19:45:00+00:00,227.044998,227.044998,226.699997,226.740005,86998
2026-07-21 19:50:00+00:00,226.720001,227.059998,226.520004,226.949997,100725
2026-07-21 19:55:00+00:00,226.895004,227.529999,226.779999,227.160004,371188
2026-07-22 13:30:00+00:00,229.660004,229.660004,225.820007,226.259995,144560
2026-07-22 13:35:00+00:00,226.259995,226.309998,224.940002,225.000000,69166
2026-07-22 13:40:00+00:00,225.010101,226.000000,224.529999,225.190002,47405
2026-07-22 13:45:00+00:00,225.110001,226.109894,224.419998,225.074997,48169
2026-07-22 13:50:00+00:00,225.000000,225.070007,223.820007,224.149994,45821
2026-07-22 13:55:00+00:00,224.050003,225.000000,223.755005,224.580002,36199
2026-07-22 14:00:00+00:00,224.559998,225.919998,224.539993,225.309998,39285
2026-07-22 14:05:00+00:00,225.354996,225.970001,224.610001,224.800003,29157
2026-07-22 14:10:00+00:00,224.789993,225.000000,224.000000,224.100006,42516
2026-07-22 14:15:00+00:00,224.130005,224.440002,222.600296,222.699997,46295
2026-07-22 14:20:00+00:00,222.705002,223.334106,221.750000,222.820007,64411
2026-07-22 14:25:00+00:00,222.720001,222.759995,221.800003,221.880005,59270
2026-07-22 14:30:00+00:00,221.880096,222.789993,221.880005,222.369995,70225
2026-07-22 14:35:00+00:00,222.250000,222.259995,221.830002,221.919998,44163
2026-07-22 14:40:00+00:00,221.839996,222.159897,220.880005,222.080002,35185
2026-07-22 14:45:00+00:00,222.020004,222.249893,221.550003,221.839996,25424
2026-07-22 14:50:00+00:00,221.990005,222.740005,221.744995,222.429993,21416
2026-07-22 14:55:00+00:00,222.479996,222.759995,222.119995,222.559998,36474
2026-07-22 15:00:00+00:00,222.559998,222.690002,221.983795,222.205002,52512
2026-07-22 15:05:00+00:00,222.205002,222.259995,221.815002,221.875000,25778
2026-07-22 15:10:00+00:00,221.875000,221.960007,221.520004,221.720001,34545
2026-07-22 15:15:00+00:00,221.654999,221.899994,221.330002,221.630005,18022
2026-07-22 15:20:00+00:00,221.610001,222.399994,221.539993,222.195007,51318
2026-07-22 15:25:00+00:00,222.235001,222.279999,221.985001,222.130005,28794
2026-07-22 15:30:00+00:00,222.130005,222.240005,221.539993,221.589996,33985
2026-07-22 15:35:00+00:00,221.509995,221.619995,221.270004,221.464996,43277
2026-07-22 15:40:00+00:00,221.464996,221.690002,221.270004,221.570007,19385
2026-07-22 15:45:00+00:00,221.570007,221.689896,221.289993,221.380096,17478
2026-07-22 15:50:00+00:00,221.449997,221.820007,221.214996,221.369995,36904
2026-07-22 15:55:00+00:00,221.330002,221.550003,220.979996,221.259995,30156
2026-07-22 16:00:00+00:00,221.229996,221.570007,221.065002,221.449997,26059
2026-07-22 16:05:00+00:00,221.509995,221.679993,221.389999,221.570007,15585
2026-07-22 16:10:00+00:00,221.570007,221.699997,221.360001,221.490005,20436
2026-07-22 16:15:00+00:00,221.479996,221.490005,221.119995,221.195007,21458
2026-07-22 16:20:00+00:00,221.149994,221.559906,221.050003,221.524994,19403
2026-07-22 16:25:00+00:00,221.524994,221.729904,221.330002,221.630005,22212
2026-07-22 16:30:00+00:00,221.630005,222.210007,221.619995,221.884995,34602
2026-07-22 16:35:00+00:00,221.884995,222.039993,221.785004,221.929993,21631
2026-07-22 16:40:00+00:00,222.059998,222.059998,221.500000,221.679993,24605
2026-07-22 16:45:00+00:00,221.714996,222.100006,221.699997,221.800003,21662
2026-07-22 16:50:00+00:00,221.869995,222.070007,221.610001,221.779999,18490
2026-07-22 16:55:00+00:00,221.804993,222.050003,221.711594,221.945007,17078
2026-07-22 17:00:00+00:00,222.000000,222.050003,221.479996,221.494995,21041
2026-07-22 17:05:00+00:00,221.455002,221.549896,221.259995,221.369995,16421
2026-07-22 17:10:00+00:00,221.369995,221.520004,221.250000,221.429993,22646
2026-07-22 17:15:00+00:00,221.429993,221.470001,220.970001,221.000000,30910
2026-07-22 17:20:00+00:00,221.039993,221.335007,220.750000,220.929993,34899
2026-07-22 17:25:00+00:00,220.919998,221.000000,220.610001,220.660004,24265
2026-07-22 17:30:00+00:00,220.660004,220.830002,220.320007,220.600006,27633
2026-07-22 17:35:00+00:00,220.585007,221.089996,220.585007,221.059998,15205
2026-07-22 17:40:00+00:00,221.059998,221.179001,220.949997,220.975006,22565
2026-07-22 17:45:00+00:00,220.994995,221.000000,220.600006,220.770004,17599
2026-07-22 17:50:00+00:00,220.820007,220.865005,220.320007,220.369995,18824
2026-07-22 17:55:00+00:00,220.365005,220.365005,219.669998,219.744995,48121
2026-07-22 18:00:00+00:00,219.740005,220.250000,219.600006,220.250000,29422
2026-07-22 18:05:00+00:00,220.250000,220.350006,220.009995,220.149994,32570
2026-07-22 18:10:00+00:00,220.130005,220.294998,220.009995,220.059998,25555
2026-07-22 18:15:00+00:00,220.000000,220.259903,219.794998,220.250000,22861
2026-07-22 18:20:00+00:00,220.179993,220.210007,219.914993,219.940002,44671
2026-07-22 18:25:00+00:00,219.970001,220.440002,219.964996,220.416199,36844
2026-07-22 18:30:00+00:00,220.419998,220.589996,220.139999,220.270004,34625
2026-07-22 18:35:00+00:00,220.270004,220.328796,219.820007,219.820007,62623
2026-07-22 18:40:00+00:00,219.800003,219.800003,219.500000,219.634995,32804
2026-07-22 18:45:00+00:00,219.600006,219.720001,219.279999,219.279999,26906
2026-07-22 18:50:00+00:00,219.279999,219.410004,219.169998,219.369995,38660
2026-07-22 18:55:00+00:00,219.360001,219.729996,219.320007,219.729996,46317
2026-07-22 19:00:00+00:00,219.690002,219.899994,219.404999,219.789993,29673
2026-07-22 19:05:00+00:00,219.800003,220.330002,219.779999,220.095001,44372
2026-07-22 19:10:00+00:00,220.009995,220.229996,219.589996,220.229996,71142
2026-07-22 19:15:00+00:00,220.229996,220.395004,219.399994,219.520004,47039
2026-07-22 19:20:00+00:00,219.550003,219.649902,219.250000,219.330002,35159
2026-07-22 19:25:00+00:00,219.350006,219.350006,218.910004,218.979996,53598
2026-07-22 19:30:00+00:00,218.949997,219.029999,218.399994,218.440002,97663
2026-07-22 19:35:00+00:00,218.360001,218.570007,218.139999,218.270004,63376
2026-07-22 19:40:00+00:00,218.210007,218.440002,218.089996,218.279999,71578
2026-07-22 19:45:00+00:00,218.250000,218.699997,218.000000,218.634995,100142
2026-07-22 19:50:00+00:00,218.679993,218.839996,218.320007,218.589996,162272
2026-07-22 19:55:00+00:00,218.595001,218.949997,218.339996,218.360001,389957
2026-07-23 13:30:00+00:00,222.298004,222.750000,218.000000,218.735001,221982
2026-07-23 13:35:00+00:00,218.735001,218.904999,215.699997,216.142899,100615
2026-07-23 13:40:00+00:00,216.095001,217.309998,215.760101,216.720001,50979
2026-07-23 13:45:00+00:00,216.820007,217.604996,216.645004,217.259995,51455
2026-07-23 13:50:00+00:00,217.270004,218.639999,217.270004,217.854996,53880
2026-07-23 13:55:00+00:00,217.845001,218.160004,217.300003,217.300003,25166
2026-07-23 14:00:00+00:00,217.250000,217.759995,217.020004,217.365005,36717
2026-07-23 14:05:00+00:00,217.429993,217.440002,216.039993,216.449997,32533
2026-07-23 14:10:00+00:00,216.509995,216.800003,215.890106,216.020004,47238
2026-07-23 14:15:00+00:00,215.932495,216.169998,215.509995,215.889999,62987
2026-07-23 14:20:00+00:00,215.839996,216.119995,215.505005,215.910004,34147
2026-07-23 14:25:00+00:00,215.839996,216.089996,215.429993,216.000000,36097
2026-07-23 14:30:00+00:00,215.970001,216.429993,215.110001,215.149994,55331
2026-07-23 14:35:00+00:00,215.110001,215.410004,214.770004,215.119995,47276
2026-07-23 14:40:00+00:00,215.205002,215.205002,213.839996,214.250000,59910
2026-07-23 14:45:00+00:00,214.205002,214.559998,213.940002,213.979996,38064
2026-07-23 14:50:00+00:00,213.929993,214.539993,213.830002,214.539993,23549
2026-07-23 14:55:00+00:00,214.535004,214.690002,213.970001,214.154999,33574
2026-07-23 15:00:00+00:00,214.199997,214.429993,213.843704,214.130005,30581
2026-07-23 15:05:00+00:00,214.110001,214.285004,213.856705,214.029999,24721
2026-07-23 15:10:00+00:00,214.029999,214.199997,213.830002,213.949997,44741
2026-07-23 15:15:00+00:00,214.000000,214.014999,213.660004,213.740005,31884
2026-07-23 15:20:00+00:00,213.690002,213.949997,213.580002,213.645004,27973
2026-07-23 15:25:00+00:00,213.639999,214.119995,213.600006,213.904999,53018
2026-07-23 15:30:00+00:00,213.949997,214.059998,213.425003,214.009995,40994
2026-07-23 15:35:00+00:00,213.929993,213.960007,213.285004,213.369995,41626
2026-07-23 15:40:00+00:00,213.369995,213.369995,212.710007,213.169998,68970
2026-07-23 15:45:00+00:00,213.115005,213.250000,212.574997,212.660004,37345
2026-07-23 15:50:00+00:00,212.660004,213.059998,212.589996,213.035004,37577
2026-07-23 15:55:00+00:00,213.070007,213.220001,212.929993,213.080002,25882
2026-07-23 16:00:00+00:00,213.080002,213.660004,213.029999,213.570007,30652
2026-07-23 16:05:00+00:00,213.570007,213.740005,213.229996,213.490005,41716
2026-07-23 16:10:00+00:00,213.425003,213.550003,213.115005,213.289993,18675
2026-07-23 16:15:00+00:00,213.266693,213.490005,213.130005,213.490005,19896
2026-07-23 16:20:00+00:00,213.565002,213.690002,213.399994,213.580002,39219
2026-07-23 16:25:00+00:00,213.580002,213.589996,212.899994,213.024994,31762
2026-07-23 16:30:00+00:00,213.000000,213.279999,212.899994,212.979996,35994
2026-07-23 16:35:00+00:00,212.979996,213.104996,212.750000,213.050003,23627
2026-07-23 16:40:00+00:00,212.979996,213.085007,212.809998,212.990005,33379
2026-07-23 16:45:00+00:00,212.990005,213.190002,212.699997,212.699997,25421
2026-07-23 16:50:00+00:00,212.699997,213.100006,212.664993,213.030106,31449
2026-07-23 16:55:00+00:00,213.119995,213.403198,212.710098,213.119995,17235
2026-07-23 17:00:00+00:00,213.089996,213.580002,213.009995,213.539993,22630
2026-07-23 17:05:00+00:00,213.479996,213.740005,213.130005,213.270004,19224
2026-07-23 17:10:00+00:00,213.259995,213.320007,212.809998,212.979996,23413
2026-07-23 17:15:00+00:00,212.990005,212.990005,212.445007,212.679993,27987
2026-07-23 17:20:00+00:00,212.679993,212.699997,212.500000,212.639999,16717
2026-07-23 17:25:00+00:00,212.664993,212.664993,212.440002,212.485001,17157
2026-07-23 17:30:00+00:00,212.485001,212.940002,212.429993,212.750000,30081
2026-07-23 17:35:00+00:00,212.800003,212.860001,212.440002,212.809998,25389
2026-07-23 17:40:00+00:00,212.785004,212.970001,212.500000,212.899994,27959
2026-07-23 17:45:00+00:00,212.940002,213.104996,212.809998,213.059998,32236
2026-07-23 17:50:00+00:00,213.050003,213.285004,212.970001,213.259995,23449
2026-07-23 17:55:00+00:00,213.220001,213.279999,213.070007,213.179993,29085
2026-07-23 18:00:00+00:00,213.160004,213.279999,212.830093,212.830093,38007
2026-07-23 18:05:00+00:00,212.875000,213.119995,212.800003,212.957504,23922
2026-07-23 18:10:00+00:00,213.020004,213.059998,212.800003,212.809998,17489
2026-07-23 18:15:00+00:00,212.899902,212.960007,212.645004,212.645004,28605
2026-07-23 18:20:00+00:00,212.679993,212.800003,212.529999,212.755005,35826
2026-07-23 18:25:00+00:00,212.750000,212.789993,212.539993,212.550003,23914
2026-07-23 18:30:00+00:00,212.568298,212.774994,212.550003,212.610001,45572
2026-07-23 18:35:00+00:00,212.610001,212.850006,212.610001,212.740005,31605
2026-07-23 18:40:00+00:00,212.740005,212.990005,212.600006,212.949997,28440
2026-07-23 18:45:00+00:00,212.945007,213.160004,212.919998,213.160004,30911
2026-07-23 18:50:00+00:00,213.164993,213.199997,212.830002,213.065002,22309
2026-07-23 18:55:00+00:00,213.065002,213.110001,212.809998,213.050003,26970
2026-07-23 19:00:00+00:00,213.050003,213.259995,212.970001,213.160004,24243
2026-07-23 19:05:00+00:00,213.154999,213.199997,212.789993,212.919998,28199
2026-07-23 19:10:00+00:00,212.919998,212.990601,212.220001,212.255005,29094
2026-07-23 19:15:00+00:00,212.255005,212.610001,212.255005,212.375000,27128
2026-07-23 19:20:00+00:00,212.375000,212.520004,212.149994,212.274994,52324
2026-07-23 19:25:00+00:00,212.270004,212.429993,212.080002,212.214996,56312
2026-07-23 19:30:00+00:00,212.214996,212.380005,212.070007,212.085007,61653
2026-07-23 19:35:00+00:00,212.080002,212.080002,211.270004,211.294998,122897
2026-07-23 19:40:00+00:00,211.320007,211.500000,211.110001,211.365005,147295
2026-07-23 19:45:00+00:00,211.330002,211.479996,211.070007,211.130005,90935
2026-07-23 19:50:00+00:00,211.100006,212.050003,210.880005,211.979996,140438
2026-07-23 19:55:00+00:00,211.979996,212.520004,211.919998,212.100006,302323
2026-07-24 13:30:00+00:00,216.490005,219.190002,216.149994,216.774994,178154
2026-07-24 13:35:00+00:00,216.779999,219.399994,216.779999,218.570007,72879
2026-07-24 13:40:00+00:00,218.615005,219.699997,217.910004,217.985992,72763
2026-07-24 13:45:00+00:00,217.660004,219.440002,217.169998,218.724503,65779
2026-07-24 13:50:00+00:00,218.919998,219.389999,218.595001,218.934998,60713
2026-07-24 13:55:00+00:00,218.884995,219.339996,218.000000,218.000000,39274
2026-07-24 14:00:00+00:00,218.029999,219.570007,217.800003,219.365005,62763
2026-07-24 14:05:00+00:00,219.324997,219.669998,218.770004,219.247498,49981
2026-07-24 14:10:00+00:00,219.119995,219.500000,217.860001,218.710007,54151
2026-07-24 14:15:00+00:00,218.800003,219.460007,218.580002,219.300003,44923
2026-07-24 14:20:00+00:00,219.250000,220.179993,219.169998,219.809998,54311
2026-07-24 14:25:00+00:00,219.815002,220.000000,219.309998,219.570007,36203
2026-07-24 14:30:00+00:00,219.425003,220.849899,219.257004,220.705002,61554
2026-07-24 14:35:00+00:00,220.695007,221.479904,220.529999,221.100006,45125
2026-07-24 14:40:00+00:00,221.169998,221.399994,220.789993,220.797806,57693
2026-07-24 14:45:00+00:00,220.970001,221.425003,220.820007,221.304993,57262
2026-07-24 14:50:00+00:00,221.389999,221.789993,221.300003,221.300003,48286
2026-07-24 14:55:00+00:00,221.259995,221.729996,221.139999,221.449997,40080
2026-07-24 15:00:00+00:00,221.399994,221.889999,221.399994,221.654999,36610
2026-07-24 15:05:00+00:00,221.779999,222.520004,221.710007,222.190002,59800
2026-07-24 15:10:00+00:00,222.190002,223.719894,222.190002,223.649994,56919
2026-07-24 15:15:00+00:00,223.649994,223.949997,223.169998,223.585007,43523
2026-07-24 15:20:00+00:00,223.580002,224.389999,223.580002,224.070007,58519
2026-07-24 15:25:00+00:00,224.100006,224.434998,223.929993,224.000000,40677
2026-07-24 15:30:00+00:00,224.029999,224.490005,223.339996,223.490005,40933
2026-07-24 15:35:00+00:00,223.589996,223.839996,223.315002,223.440002,28746
2026-07-24 15:40:00+00:00,223.384995,223.389999,222.496994,222.679993,31689
2026-07-24 15:45:00+00:00,222.630005,222.630005,221.860001,222.110001,29379
2026-07-24 15:50:00+00:00,222.214996,222.610001,221.839996,221.964996,33835
2026-07-24 15:55:00+00:00,222.005905,222.195007,221.440002,221.460007,48831
2026-07-24 16:00:00+00:00,221.460007,222.229996,221.304993,221.994995,36306
2026-07-24 16:05:00+00:00,222.020004,222.414993,221.990005,222.179993,38716
2026-07-24 16:10:00+00:00,222.179993,222.595001,222.119995,222.484299,39222
2026-07-24 16:15:00+00:00,222.389999,222.899994,222.360001,222.639999,30706
2026-07-24 16:20:00+00:00,222.639999,222.829895,222.514999,222.699295,21229
2026-07-24 16:25:00+00:00,222.720001,223.324997,222.720001,223.279999,25878
2026-07-24 16:30:00+00:00,223.320007,223.434998,222.860001,222.860001,25539
2026-07-24 16:35:00+00:00,222.889999,223.339996,222.860107,222.979996,19609
2026-07-24 16:40:00+00:00,222.970001,223.190002,222.860703,222.962494,21871
2026-07-24 16:45:00+00:00,222.979996,223.160004,222.774994,222.979996,33471
2026-07-24 16:50:00+00:00,223.020004,223.149994,222.739197,222.759995,29077
2026-07-24 16:55:00+00:00,222.759995,222.839996,222.539993,222.550003,24639
2026-07-24 17:00:00+00:00,222.529999,222.960007,222.509995,222.880005,30709
2026-07-24 17:05:00+00:00,222.910004,223.085007,222.520004,222.820007,26946
2026-07-24 17:10:00+00:00,222.744995,223.080002,222.613098,222.990005,18105
2026-07-24 17:15:00+00:00,222.880005,223.190002,222.869995,222.945007,21345
2026-07-24 17:20:00+00:00,222.945007,222.945007,222.580002,222.830002,23343
2026-07-24 17:25:00+00:00,222.830002,223.199997,222.789993,223.063599,21430
2026-07-24 17:30:00+00:00,223.130005,223.600006,222.990005,223.559998,46731
2026-07-24 17:35:00+00:00,223.621994,223.899994,223.570007,223.679993,32794
2026-07-24 17:40:00+00:00,223.750000,223.809998,223.490005,223.750000,22824
2026-07-24 17:45:00+00:00,223.690002,223.889999,223.595001,223.639999,35464
2026-07-24 17:50:00+00:00,223.610001,223.835007,223.589996,223.669998,25454
2026-07-24 17:55:00+00:00,223.679993,224.118698,223.600006,224.089996,29829
2026-07-24 18:00:00+00:00,224.089996,224.330002,223.811005,223.940002,38270
2026-07-24 18:05:00+00:00,223.964996,224.460007,223.792099,224.360001,47025
2026-07-24 18:10:00+00:00,224.360001,224.565002,224.250000,224.550003,60519
2026-07-24 18:15:00+00:00,224.600006,224.770004,224.300003,224.615005,35509
2026-07-24 18:20:00+00:00,224.669998,224.880005,224.520004,224.860001,46572
2026-07-24 18:25:00+00:00,224.860001,224.910004,224.625900,224.680099,33079
2026-07-24 18:30:00+00:00,224.729904,225.270004,224.690002,225.175003,46288
2026-07-24 18:35:00+00:00,225.205002,225.449997,225.000000,225.330002,36592
2026-07-24 18:40:00+00:00,225.304993,225.860001,225.270004,225.690094,41361
2026-07-24 18:45:00+00:00,225.744995,225.880005,225.440002,225.615005,37267
2026-07-24 18:50:00+00:00,225.615005,225.880005,225.160004,225.380005,39097
2026-07-24 18:55:00+00:00,225.369995,225.998993,225.289993,225.919998,38988
2026-07-24 19:00:00+00:00,225.910004,226.119995,225.609802,225.809998,41059
2026-07-24 19:05:00+00:00,225.809998,226.460007,225.794998,226.460007,44554
2026-07-24 19:10:00+00:00,226.434998,226.800003,226.210007,226.589996,41997
2026-07-24 19:15:00+00:00,226.589996,226.779999,226.475006,226.714996,47299
2026-07-24 19:20:00+00:00,226.735001,226.919998,226.190002,226.410004,54130
2026-07-24 19:25:00+00:00,226.419998,226.630005,226.009995,226.210007,56739
2026-07-24 19:30:00+00:00,226.157501,226.460007,226.050003,226.460007,47177
2026-07-24 19:35:00+00:00,226.399994,226.600006,225.710007,225.880005,58140
2026-07-24 19:40:00+00:00,225.880005,226.410004,225.880005,226.270004,61934
2026-07-24 19:45:00+00:00,226.240005,226.520004,225.714996,225.809998,60440
2026-07-24 19:50:00+00:00,225.869995,225.929993,225.169998,225.309998,186327
2026-07-24 19:55:00+00:00,225.179993,225.274994,224.619995,225.110001,404776
2026-07-27 13:30:00+00:00,230.395004,233.134995,229.789993,230.820007,334901
2026-07-27 13:35:00+00:00,230.820007,232.630005,230.589996,231.634995,74542
2026-07-27 13:40:00+00:00,231.746094,233.479996,231.535095,233.320007,63510
2026-07-27 13:45:00+00:00,233.259995,234.695007,233.169998,234.509995,97397
2026-07-27 13:50:00+00:00,234.580002,235.270004,234.320007,234.770004,135254
2026-07-27 13:55:00+00:00,234.770004,235.330002,233.940002,234.074997,92008
2026-07-27 14:00:00+00:00,233.919998,235.164993,233.710007,234.929993,63996
2026-07-27 14:05:00+00:00,234.970001,235.740005,234.820007,235.009995,60711
2026-07-27 14:10:00+00:00,234.970001,235.440002,234.940002,235.330002,55707
2026-07-27 14:15:00+00:00,235.330002,236.050003,235.220093,235.649994,77218
2026-07-27 14:20:00+00:00,235.649994,236.419998,235.630005,236.360001,79993
2026-07-27 14:25:00+00:00,236.289993,236.600006,236.210007,236.389999,83495
2026-07-27 14:30:00+00:00,236.350006,237.649994,236.264999,237.639999,88048
2026-07-27 14:35:00+00:00,237.729996,238.600006,237.339996,238.089996,110649
2026-07-27 14:40:00+00:00,238.149994,238.350006,237.119995,237.220093,70927
2026-07-27 14:45:00+00:00,237.289993,237.369995,235.625000,235.714996,75760
2026-07-27 14:50:00+00:00,235.669998,236.109497,235.070007,236.014999,64530
2026-07-27 14:55:00+00:00,236.020004,236.589996,235.740005,236.440002,49688
2026-07-27 15:00:00+00:00,236.375000,237.130005,236.139999,237.130005,58454
2026-07-27 15:05:00+00:00,237.020004,237.660004,236.619995,237.195007,73927
2026-07-27 15:10:00+00:00,237.169998,238.070007,237.169998,238.009995,88761
2026-07-27 15:15:00+00:00,237.994995,238.119995,237.260101,237.429993,44926
2026-07-27 15:20:00+00:00,237.434998,238.199997,237.434998,237.979996,51737
2026-07-27 15:25:00+00:00,237.910004,238.500000,237.910004,238.359894,51205
2026-07-27 15:30:00+00:00,238.289993,238.880005,238.285004,238.449997,63578
2026-07-27 15:35:00+00:00,238.360001,238.699997,237.830002,238.359802,55753
2026-07-27 15:40:00+00:00,238.294998,238.559998,237.639999,237.770004,49078
2026-07-27 15:45:00+00:00,237.809998,237.940002,237.377304,237.800003,34933
2026-07-27 15:50:00+00:00,237.740005,238.119995,237.649994,237.929993,35824
2026-07-27 15:55:00+00:00,237.910004,238.000000,237.615005,237.759995,29595
2026-07-27 16:00:00+00:00,237.600098,238.460007,237.600098,238.300003,47260
2026-07-27 16:05:00+00:00,238.199997,238.500000,238.070007,238.449997,39061
2026-07-27 16:10:00+00:00,238.449997,238.449997,237.983002,238.070007,34073
2026-07-27 16:15:00+00:00,238.074997,238.250000,237.820007,237.990005,38815
2026-07-27 16:20:00+00:00,238.110001,238.380005,237.979996,238.380005,49793
2026-07-27 16:25:00+00:00,238.289993,238.750000,238.210098,238.729996,52869
2026-07-27 16:30:00+00:00,238.729996,239.050003,238.460007,238.990005,44915
2026-07-27 16:35:00+00:00,239.074997,239.179993,238.650101,239.000000,32314
2026-07-27 16:40:00+00:00,239.020004,239.050003,238.630005,238.940002,41435
2026-07-27 16:45:00+00:00,238.934998,239.100006,238.332596,238.539993,39679
2026-07-27 16:50:00+00:00,238.600006,239.039993,238.480103,238.929993,34898
2026-07-27 16:55:00+00:00,238.934998,239.399994,238.934998,239.229996,47034
2026-07-27 17:00:00+00:00,239.229996,239.380005,239.154999,239.259995,43115
2026-07-27 17:05:00+00:00,239.330002,239.419998,239.130005,239.169998,35627
2026-07-27 17:10:00+00:00,239.169998,239.710007,239.070206,239.705002,48198
2026-07-27 17:15:00+00:00,239.684998,239.789993,239.509995,239.789993,32361
2026-07-27 17:20:00+00:00,239.789993,240.350006,239.789993,240.145004,70824
2026-07-27 17:25:00+00:00,240.149994,240.210007,239.940002,240.100006,44144
2026-07-27 17:30:00+00:00,240.115005,240.429993,240.000000,240.360001,33153
2026-07-27 17:35:00+00:00,240.429993,241.709900,240.340103,241.679993,88040
2026-07-27 17:40:00+00:00,241.729996,241.729996,241.134995,241.400101,70489
2026-07-27 17:45:00+00:00,241.470001,241.550003,241.039993,241.220001,49379
2026-07-27 17:50:00+00:00,241.220001,241.660004,241.007004,241.619995,44283
2026-07-27 17:55:00+00:00,241.585007,242.050003,241.477005,241.979996,79095
2026-07-27 18:00:00+00:00,242.029999,242.029999,241.285004,241.410004,69313
2026-07-27 18:05:00+00:00,241.354996,241.460007,241.130707,241.339996,44230
2026-07-27 18:10:00+00:00,241.410004,241.679993,241.320007,241.369995,52926
2026-07-27 18:15:00+00:00,241.339996,241.440002,240.429993,240.690002,62748
2026-07-27 18:20:00+00:00,240.690002,240.820007,240.479996,240.580002,34207
2026-07-27 18:25:00+00:00,240.559998,240.669998,240.391602,240.625000,37859
2026-07-27 18:30:00+00:00,240.625000,240.660004,240.350006,240.580002,29525
2026-07-27 18:35:00+00:00,240.505005,240.889999,240.479996,240.850006,32897
2026-07-27 18:40:00+00:00,240.875000,241.339996,240.800003,241.339996,45722
2026-07-27 18:45:00+00:00,241.339996,241.750000,241.229996,241.600006,54595
2026-07-27 18:50:00+00:00,241.600006,241.729996,241.464996,241.520004,35460
2026-07-27 18:55:00+00:00,241.440002,241.574997,240.949997,241.250000,45006
2026-07-27 19:00:00+00:00,241.264999,241.264999,240.565002,240.580002,46779
2026-07-27 19:05:00+00:00,240.550003,240.830002,240.235001,240.402496,42141
2026-07-27 19:10:00+00:00,240.395004,240.419998,239.169998,239.255005,98157
2026-07-27 19:15:00+00:00,239.300003,239.410004,238.910004,239.264999,47636
2026-07-27 19:20:00+00:00,239.179993,239.330002,238.750000,238.875000,53290
2026-07-27 19:25:00+00:00,238.850006,239.070007,238.219696,238.429993,74425
2026-07-27 19:30:00+00:00,238.380005,238.479996,237.749802,238.285004,69316
2026-07-27 19:35:00+00:00,238.320007,238.570007,238.089996,238.389999,48758
2026-07-27 19:40:00+00:00,238.410004,238.589996,238.199997,238.389999,59258
2026-07-27 19:45:00+00:00,238.440002,238.669998,238.199997,238.500000,54874
2026-07-27 19:50:00+00:00,238.440002,238.500000,237.550003,237.820007,159062
2026-07-27 19:55:00+00:00,237.830002,237.860001,237.490005,237.750000,286147
2026-07-28 13:30:00+00:00,242.850006,246.119995,241.919998,245.479996,493250
2026-07-28 13:35:00+00:00,245.513794,248.059998,245.500000,247.339996,250348
2026-07-28 13:40:00+00:00,247.399994,247.559998,246.000000,246.479996,152876
2026-07-28 13:45:00+00:00,246.509995,247.205002,245.550003,245.839996,112770
2026-07-28 13:50:00+00:00,245.750000,246.690002,245.750000,246.119995,81443
2026-07-28 13:55:00+00:00,246.199997,247.369995,245.804703,247.100006,89349
2026-07-28 14:00:00+00:00,247.059998,248.440002,247.009995,247.785004,116019
2026-07-28 14:05:00+00:00,247.755005,248.440002,247.610001,248.100006,93488
2026-07-28 14:10:00+00:00,248.139999,248.799896,247.889999,248.630005,127174
2026-07-28 14:15:00+00:00,248.669998,249.779999,248.380005,249.645004,119598
2026-07-28 14:20:00+00:00,249.619995,250.250000,249.134506,250.175003,237837
2026-07-28 14:25:00+00:00,250.175003,250.759995,249.970505,250.254593,107906
2026-07-28 14:30:00+00:00,250.270004,250.389893,249.669998,249.860001,92667
2026-07-28 14:35:00+00:00,249.789993,250.570007,249.744995,250.119995,68081
2026-07-28 14:40:00+00:00,250.149994,250.580002,250.080002,250.580002,56105
2026-07-28 14:45:00+00:00,250.509995,250.949493,249.789993,249.850006,100350
2026-07-28 14:50:00+00:00,249.794998,250.169998,248.830002,249.220001,119125
2026-07-28 14:55:00+00:00,249.175003,249.456100,248.490005,248.740005,84723
2026-07-28 15:00:00+00:00,248.690002,249.779999,248.500000,249.570007,102026
2026-07-28 15:05:00+00:00,249.440002,250.649994,249.320007,250.610001,67615
2026-07-28 15:10:00+00:00,250.699997,251.269501,250.649994,251.074997,77305
2026-07-28 15:15:00+00:00,251.074997,251.904999,250.350006,251.585007,132769
2026-07-28 15:20:00+00:00,251.660004,252.289993,251.550095,251.580002,114860
2026-07-28 15:25:00+00:00,251.649994,252.889893,251.500000,252.800003,108539
2026-07-28 15:30:00+00:00,252.800003,253.330002,252.520004,252.889999,115294
2026-07-28 15:35:00+00:00,252.880005,253.289993,252.669998,252.889999,69555
2026-07-28 15:40:00+00:00,252.949997,253.000000,251.940002,252.009995,52710
2026-07-28 15:45:00+00:00,252.009995,252.199997,251.059998,251.285004,72330
2026-07-28 15:50:00+00:00,251.380005,251.410004,250.600006,251.169998,78081
2026-07-28 15:55:00+00:00,251.080002,251.279999,250.557007,250.919998,43963
2026-07-28 16:00:00+00:00,250.919998,251.559998,250.610001,251.380005,45171
2026-07-28 16:05:00+00:00,251.410004,252.139999,251.285004,252.089996,78598
2026-07-28 16:10:00+00:00,252.130005,252.250000,251.839996,252.199997,49951
2026-07-28 16:15:00+00:00,252.149994,252.729996,252.059998,252.699997,60344
2026-07-28 16:20:00+00:00,252.740005,253.350006,252.690002,253.080002,62385
2026-07-28 16:25:00+00:00,253.119995,253.179993,252.802505,252.949997,48257
2026-07-28 16:30:00+00:00,253.000000,253.429993,252.970001,253.240005,57511
2026-07-28 16:35:00+00:00,253.190002,253.800003,253.070007,253.429993,90590
2026-07-28 16:40:00+00:00,253.384995,253.699997,253.179993,253.570007,68976
2026-07-28 16:45:00+00:00,253.570007,253.880005,253.300003,253.869995,71799
2026-07-28 16:50:00+00:00,253.860001,253.990005,253.369995,253.389999,59848
2026-07-28 16:55:00+00:00,253.360001,253.600006,253.199997,253.289993,42624
2026-07-28 17:00:00+00:00,253.350006,254.059998,253.285004,253.710007,89870
2026-07-28 17:05:00+00:00,253.729996,253.960007,253.570007,253.770004,44216
2026-07-28 17:10:00+00:00,253.809906,253.809906,253.380005,253.399994,36737
2026-07-28 17:15:00+00:00,253.440002,253.455002,252.910004,253.070007,48205
2026-07-28 17:20:00+00:00,253.070007,253.330002,252.835007,252.919998,44033
2026-07-28 17:25:00+00:00,252.975006,253.039993,252.699997,252.860001,41948
2026-07-28 17:30:00+00:00,252.880005,253.080002,252.649994,253.009995,45546
2026-07-28 17:35:00+00:00,253.044998,253.210007,252.890106,253.029999,53529
2026-07-28 17:40:00+00:00,253.070007,253.630005,253.020004,253.630005,52304
2026-07-28 17:45:00+00:00,253.645004,253.779999,253.449997,253.500000,41762
2026-07-28 17:50:00+00:00,253.524994,253.580002,253.059998,253.119995,43236
2026-07-28 17:55:00+00:00,253.157898,253.475006,253.119995,253.429993,43249
2026-07-28 18:00:00+00:00,253.429993,253.440002,252.320007,252.529999,239131
2026-07-28 18:05:00+00:00,252.620102,253.119995,252.419998,252.800003,83540
2026-07-28 18:10:00+00:00,252.660004,253.309998,252.625000,252.800201,72085
2026-07-28 18:15:00+00:00,252.949997,253.164993,252.580002,252.619995,67981
2026-07-28 18:20:00+00:00,252.619995,252.880005,252.339996,252.339996,43653
2026-07-28 18:25:00+00:00,252.350006,252.589996,252.190002,252.570007,34321
2026-07-28 18:30:00+00:00,252.570007,252.660004,252.294998,252.509995,62789
2026-07-28 18:35:00+00:00,252.490005,252.514999,251.790100,251.860001,56474
2026-07-28 18:40:00+00:00,251.860001,251.879593,251.229996,251.264999,76457
2026-07-28 18:45:00+00:00,251.264999,251.919998,251.264999,251.460007,50526
2026-07-28 18:50:00+00:00,251.460007,251.959900,251.410004,251.729996,48899
2026-07-28 18:55:00+00:00,251.729996,251.970001,251.630005,251.860001,42604
2026-07-28 19:00:00+00:00,251.869995,251.940002,250.990005,251.359894,90895
2026-07-28 19:05:00+00:00,251.360001,251.475006,250.399994,250.509903,55199
2026-07-28 19:10:00+00:00,250.490005,250.649994,249.675003,249.725006,65050
2026-07-28 19:15:00+00:00,249.710007,249.789993,248.889999,249.000000,77601
2026-07-28 19:20:00+00:00,248.910004,248.910004,248.191605,248.350006,110951
2026-07-28 19:25:00+00:00,248.330704,248.759995,247.990005,248.345001,104439
2026-07-28 19:30:00+00:00,248.300003,248.679993,247.910004,248.070007,101769
2026-07-28 19:35:00+00:00,248.050003,248.259995,247.710007,247.979996,89285
2026-07-28 19:40:00+00:00,247.960007,248.529999,247.960007,248.380005,84644
2026-07-28 19:45:00+00:00,248.389999,249.085007,248.350006,248.600006,92582
2026-07-28 19:50:00+00:00,248.600006,248.929993,247.880005,248.889999,167297
2026-07-28 19:55:00+00:00,248.850006,249.479996,248.639999,249.220001,431529
2026-07-29 13:30:00+00:00,249.990005,252.369995,249.179993,249.369995,297040
2026-07-29 13:35:00+00:00,249.550003,252.740005,248.539993,252.419998,87122
2026-07-29 13:40:00+00:00,252.587097,254.309998,251.985001,253.869995,138671
2026-07-29 13:45:00+00:00,253.830002,255.770004,253.750000,255.470001,152123
2026-07-29 13:50:00+00:00,255.470001,257.929993,255.304993,257.619995,202693
2026-07-29 13:55:00+00:00,257.600006,259.489990,257.600006,258.540009,184436
2026-07-29 14:00:00+00:00,258.714996,260.500000,258.351990,260.250000,301864
2026-07-29 14:05:00+00:00,260.269989,260.609985,259.070007,259.714996,187824
2026-07-29 14:10:00+00:00,259.480011,259.570007,257.950012,258.529999,146999
2026-07-29 14:15:00+00:00,258.500000,259.329987,257.739990,258.524994,114215
2026-07-29 14:20:00+00:00,258.524994,259.500000,257.649994,258.640015,125469
2026-07-29 14:25:00+00:00,258.640015,259.049988,258.140015,258.799988,105132
2026-07-29 14:30:00+00:00,258.739990,259.440002,258.200012,259.410004,92248
2026-07-29 14:35:00+00:00,259.315002,261.089996,259.119995,260.760010,211985
2026-07-29 14:40:00+00:00,260.734985,261.769989,260.429993,261.750000,144867
2026-07-29 14:45:00+00:00,261.750000,262.303101,260.000000,261.380005,278083
2026-07-29 14:50:00+00:00,261.420013,262.070007,260.910004,261.765015,129838
2026-07-29 14:55:00+00:00,261.720001,262.670013,261.500000,261.769989,126816
2026-07-29 15:00:00+00:00,261.890015,262.459991,261.609985,261.929993,109823
2026-07-29 15:05:00+00:00,261.929993,262.829987,261.779999,262.559998,109980
2026-07-29 15:10:00+00:00,262.549988,263.260010,262.529999,262.829987,117947
2026-07-29 15:15:00+00:00,262.829987,263.399994,262.579987,263.265015,116740
2026-07-29 15:20:00+00:00,263.265106,263.852905,262.359985,262.670013,97021
2026-07-29 15:25:00+00:00,262.649994,262.799988,262.140015,262.670013,71409
2026-07-29 15:30:00+00:00,262.670013,263.190002,262.329987,262.630005,73003
2026-07-29 15:35:00+00:00,262.660004,263.489990,262.609985,263.019989,64217
2026-07-29 15:40:00+00:00,263.010010,263.600006,262.920013,263.549988,87377
2026-07-29 15:45:00+00:00,263.549988,263.950012,263.329987,263.755005,72249
2026-07-29 15:50:00+00:00,263.790009,264.130005,263.274902,263.375000,74823
2026-07-29 15:55:00+00:00,263.279999,263.575012,263.040009,263.420013,50568
2026-07-29 16:00:00+00:00,263.410004,263.799896,263.239990,263.494995,86452
2026-07-29 16:05:00+00:00,263.445007,264.000000,263.130005,263.570007,80749
2026-07-29 16:10:00+00:00,263.630005,263.790009,263.040009,263.260010,58841
2026-07-29 16:15:00+00:00,263.100006,263.739990,262.790009,263.079987,95021
2026-07-29 16:20:00+00:00,262.989990,263.630005,262.660004,263.394989,68628
2026-07-29 16:25:00+00:00,263.390015,263.450012,262.720093,263.095490,78374
2026-07-29 16:30:00+00:00,263.100006,263.440002,262.540009,262.540009,64712
2026-07-29 16:35:00+00:00,262.540009,262.660004,261.720001,261.743195,86153
2026-07-29 16:40:00+00:00,261.892487,262.299988,261.559998,262.269989,59394
2026-07-29 16:45:00+00:00,262.260010,262.809998,261.900085,262.700012,89972
2026-07-29 16:50:00+00:00,262.799988,263.269989,262.619995,263.089996,100385
2026-07-29 16:55:00+00:00,263.125000,263.399994,262.890015,263.160004,85083
2026-07-29 17:00:00+00:00,263.160004,264.149994,263.160004,263.750000,89148
2026-07-29 17:05:00+00:00,263.755005,263.999512,262.820007,262.894989,63727
2026-07-29 17:10:00+00:00,262.894989,263.170013,262.480011,262.850006,65685
2026-07-29 17:15:00+00:00,262.779999,262.950012,261.970703,262.410004,55201
2026-07-29 17:20:00+00:00,262.440002,262.750000,262.269989,262.720001,56249
2026-07-29 17:25:00+00:00,262.665009,263.000000,262.480011,262.980011,39588
2026-07-29 17:30:00+00:00,263.019989,263.260010,262.751587,263.170013,53105
2026-07-29 17:35:00+00:00,263.184998,263.309998,262.959991,263.309998,56546
2026-07-29 17:40:00+00:00,263.174988,263.500000,263.010010,263.404999,48640
2026-07-29 17:45:00+00:00,263.410004,263.779999,263.381012,263.695007,42407
2026-07-29 17:50:00+00:00,263.704987,264.429993,263.704987,264.390015,68934
2026-07-29 17:55:00+00:00,264.394989,264.989990,264.220001,264.880005,93048
2026-07-29 18:00:00+00:00,264.950012,266.239990,264.815002,264.815002,185187
2026-07-29 18:05:00+00:00,264.815002,265.029907,264.010010,264.290009,75235
2026-07-29 18:10:00+00:00,264.350006,264.950012,263.867004,264.099915,71620
2026-07-29 18:15:00+00:00,263.994995,264.994995,263.910004,264.559998,70627
2026-07-29 18:20:00+00:00,264.549988,264.640015,264.119995,264.190002,48340
2026-07-29 18:25:00+00:00,264.184998,264.799988,264.119995,264.795013,70175
2026-07-29 18:30:00+00:00,264.660095,265.260010,264.459991,264.839996,64770
2026-07-29 18:35:00+00:00,264.839996,265.739990,264.750000,265.000092,69980
2026-07-29 18:40:00+00:00,265.049988,265.375000,264.359985,265.375000,105102
2026-07-29 18:45:00+00:00,265.470001,265.839905,265.119995,265.269989,105000
2026-07-29 18:50:00+00:00,265.225006,265.609985,264.059998,264.209991,81635
2026-07-29 18:55:00+00:00,264.209991,264.609985,262.679993,262.829987,93369
2026-07-29 19:00:00+00:00,262.829987,262.869995,261.843292,262.359985,93084
2026-07-29 19:05:00+00:00,262.450012,262.450012,261.149994,261.369995,125616
2026-07-29 19:10:00+00:00,261.359985,262.410004,261.290009,262.410004,77821
2026-07-29 19:15:00+00:00,262.410004,263.179993,262.320099,262.890015,96377
2026-07-29 19:20:00+00:00,262.908997,263.359985,262.799988,263.045013,98914
2026-07-29 19:25:00+00:00,263.049988,263.299988,262.750000,263.140015,76355
2026-07-29 19:30:00+00:00,263.140015,264.220001,263.109985,264.049988,127130
2026-07-29 19:35:00+00:00,264.089996,264.399994,263.331512,263.549988,99851
2026-07-29 19:40:00+00:00,263.430115,264.089996,263.399994,263.859985,101497
2026-07-29 19:45:00+00:00,263.799988,264.299988,262.829987,263.529999,119300
2026-07-29 19:50:00+00:00,263.440002,263.980011,262.730011,263.839996,530757
2026-07-29 19:55:00+00:00,263.920013,263.984985,262.829987,263.350006,623429
2026-07-30 13:30:00+00:00,251.550003,255.300003,249.009995,249.860001,604033
2026-07-30 13:35:00+00:00,249.755005,250.630005,248.279999,249.750000,250797
2026-07-30 13:40:00+00:00,249.606796,249.740005,247.619995,248.899994,186694
2026-07-30 13:45:00+00:00,249.014999,249.824997,247.380005,247.960007,190188
2026-07-30 13:50:00+00:00,247.930099,248.000000,246.369995,246.440002,164019
2026-07-30 13:55:00+00:00,246.520004,247.437897,246.110001,246.669998,154109
2026-07-30 14:00:00+00:00,246.649994,246.919998,245.820007,246.369995,138655
2026-07-30 14:05:00+00:00,246.315002,246.970001,245.369995,245.979996,123638
2026-07-30 14:10:00+00:00,246.132507,246.139999,244.699997,245.660004,125773
2026-07-30 14:15:00+00:00,245.610001,246.000000,244.830002,245.070007,81453
2026-07-30 14:20:00+00:00,245.020004,245.218597,243.779999,243.960007,97613
2026-07-30 14:25:00+00:00,243.960007,244.100006,242.925003,242.929993,86855
2026-07-30 14:30:00+00:00,242.979996,243.722305,242.419998,243.050003,99432
2026-07-30 14:35:00+00:00,242.964996,243.470001,242.559998,242.800003,79383
2026-07-30 14:40:00+00:00,242.820007,243.309998,242.669998,243.089996,77828
2026-07-30 14:45:00+00:00,243.070007,243.770004,242.733093,242.839996,85074
2026-07-30 14:50:00+00:00,242.875000,244.250000,242.830002,243.830002,103026
2026-07-30 14:55:00+00:00,243.909897,245.210007,243.785004,244.860001,74536
2026-07-30 15:00:00+00:00,244.929993,244.929993,243.750000,244.000000,61943
2026-07-30 15:05:00+00:00,243.949997,245.119995,243.880005,244.669998,198990
2026-07-30 15:10:00+00:00,244.630005,245.110001,244.110001,244.310104,56534
2026-07-30 15:15:00+00:00,244.326904,245.054993,244.050003,245.054993,59162
2026-07-30 15:20:00+00:00,245.095001,245.470001,244.895004,245.195007,47136
2026-07-30 15:25:00+00:00,245.279999,246.139099,245.000000,246.085007,56919
2026-07-30 15:30:00+00:00,246.054993,246.559998,245.710007,246.434998,76382
2026-07-30 15:35:00+00:00,246.429993,246.496399,245.809998,245.839996,40453
2026-07-30 15:40:00+00:00,245.811600,247.199997,245.811600,247.020004,43692
2026-07-30 15:45:00+00:00,246.970001,247.209396,246.699997,247.024994,50744
2026-07-30 15:50:00+00:00,246.990005,247.250000,246.541000,247.129898,38367
2026-07-30 15:55:00+00:00,247.119995,247.339996,246.759995,246.800003,39509
2026-07-30 16:00:00+00:00,246.800003,246.839996,245.789993,246.324997,37032
2026-07-30 16:05:00+00:00,246.309998,246.414993,245.220093,245.755005,42722
2026-07-30 16:10:00+00:00,245.710007,245.970001,245.600006,245.960007,24347
2026-07-30 16:15:00+00:00,245.919998,246.210007,245.577896,246.029999,40185
2026-07-30 16:20:00+00:00,246.029999,246.550003,245.949997,246.550003,31209
2026-07-30 16:25:00+00:00,246.470001,246.570007,246.153595,246.285004,32871
2026-07-30 16:30:00+00:00,246.279999,247.130005,246.279999,246.990005,36229
2026-07-30 16:35:00+00:00,246.899994,247.350006,246.619995,246.720001,58037
2026-07-30 16:40:00+00:00,246.750000,247.740005,246.720001,247.330002,48743
2026-07-30 16:45:00+00:00,247.389999,247.779999,247.171402,247.384995,26443
2026-07-30 16:50:00+00:00,247.418900,247.889999,247.350006,247.410004,42000
2026-07-30 16:55:00+00:00,247.414993,247.539993,247.029999,247.229996,28934
2026-07-30 17:00:00+00:00,247.270004,247.604996,247.000000,247.330002,30070
2026-07-30 17:05:00+00:00,247.330002,247.910004,247.139999,247.889999,28173
2026-07-30 17:10:00+00:00,247.910004,247.940002,247.460007,247.699997,31906
2026-07-30 17:15:00+00:00,247.649994,247.749695,247.309998,247.389999,27076
2026-07-30 17:20:00+00:00,247.404999,247.919998,247.320007,247.600006,31367
2026-07-30 17:25:00+00:00,247.600006,248.039993,247.539993,247.960007,33187
2026-07-30 17:30:00+00:00,247.960007,248.320007,247.824997,247.958298,54234
2026-07-30 17:35:00+00:00,247.940002,247.985001,246.919998,247.289993,34084
2026-07-30 17:40:00+00:00,247.289993,247.729996,247.225006,247.550003,28568
2026-07-30 17:45:00+00:00,247.600006,248.024994,247.559998,247.899994,30189
2026-07-30 17:50:00+00:00,247.895004,248.109894,247.869995,247.869995,21886
2026-07-30 17:55:00+00:00,247.820007,248.580002,247.809998,248.419998,37247
2026-07-30 18:00:00+00:00,248.414993,248.800003,248.320007,248.529999,30641
2026-07-30 18:05:00+00:00,248.529999,248.770004,248.270004,248.425003,45637
2026-07-30 18:10:00+00:00,248.389999,248.979996,248.330002,248.799500,39403
2026-07-30 18:15:00+00:00,248.774994,249.000000,248.684998,248.979996,30523
2026-07-30 18:20:00+00:00,248.970001,249.000000,248.610001,248.630005,29263
2026-07-30 18:25:00+00:00,248.649994,248.860001,248.410004,248.789993,32261
2026-07-30 18:30:00+00:00,248.830002,249.029999,248.669998,248.899994,32320
2026-07-30 18:35:00+00:00,248.860001,248.949997,248.529999,248.589996,26685
2026-07-30 18:40:00+00:00,248.610001,248.729996,248.250000,248.324005,30501
2026-07-30 18:45:00+00:00,248.309998,248.529999,248.100006,248.164993,48681
2026-07-30 18:50:00+00:00,248.164993,248.679993,248.160004,248.274994,31129
2026-07-30 18:55:00+00:00,248.250000,248.520004,248.210007,248.445007,30433
2026-07-30 19:00:00+00:00,248.434998,248.434998,247.880005,248.074997,45750
2026-07-30 19:05:00+00:00,248.059998,248.065506,247.169998,247.315002,46842
2026-07-30 19:10:00+00:00,247.360001,247.619995,247.290100,247.520004,46333
2026-07-30 19:15:00+00:00,247.544998,247.729996,246.820099,247.080002,62281
2026-07-30 19:20:00+00:00,247.080002,247.714203,247.074997,247.539398,66605
2026-07-30 19:25:00+00:00,247.505005,248.039597,247.505005,247.695007,62192
2026-07-30 19:30:00+00:00,247.695007,247.759995,247.149994,247.259995,79734
2026-07-30 19:35:00+00:00,247.240005,247.369995,246.949997,247.059998,56072
2026-07-30 19:40:00+00:00,247.110001,247.259995,246.880005,247.100693,64363
2026-07-30 19:45:00+00:00,247.070007,247.300003,246.610001,247.259995,85738
2026-07-30 19:50:00+00:00,247.320007,247.770004,246.669998,247.735001,139983
2026-07-30 19:55:00+00:00,247.690002,248.225006,247.360001,247.910004,339117
2026-07-31 13:30:00+00:00,244.914993,245.000000,241.309998,242.475006,269159
2026-07-31 13:35:00+00:00,242.470001,245.154999,241.509995,245.059998,157221
2026-07-31 13:40:00+00:00,244.963699,245.490005,242.580002,243.184998,105869
2026-07-31 13:45:00+00:00,243.244995,244.000000,241.860107,243.630005,418108
2026-07-31 13:50:00+00:00,243.839996,246.000000,243.800003,245.945007,111375
2026-07-31 13:55:00+00:00,245.949997,247.289993,245.820007,246.434998,117591
2026-07-31 14:00:00+00:00,246.320496,246.919998,245.940002,246.544998,87170
2026-07-31 14:05:00+00:00,246.550003,247.770004,246.360001,247.339905,94936
2026-07-31 14:10:00+00:00,247.190002,247.479996,245.570007,246.009995,64159
2026-07-31 14:15:00+00:00,245.899994,246.050003,243.784103,244.100006,71601
2026-07-31 14:20:00+00:00,244.009995,244.779999,243.404999,244.229996,48480
2026-07-31 14:25:00+00:00,243.960007,244.460007,243.610001,243.815002,41062
2026-07-31 14:30:00+00:00,243.815002,244.404999,243.089996,243.690002,55591
2026-07-31 14:35:00+00:00,243.690002,244.740005,243.649994,244.565002,41986
2026-07-31 14:40:00+00:00,244.565002,246.000000,244.554993,245.910004,36317
2026-07-31 14:45:00+00:00,245.940002,246.440094,244.820099,245.070007,41037
2026-07-31 14:50:00+00:00,244.970001,245.009995,244.520004,245.009995,38728
2026-07-31 14:55:00+00:00,244.979996,245.229996,244.149994,244.149994,38771
2026-07-31 15:00:00+00:00,243.945007,244.639999,243.789993,244.466995,44438
2026-07-31 15:05:00+00:00,244.460007,244.630005,243.639999,243.899994,32960
2026-07-31 15:10:00+00:00,243.850006,245.389999,243.850006,245.285004,33102
2026-07-31 15:15:00+00:00,245.210007,245.210007,244.240005,244.770004,38489
2026-07-31 15:20:00+00:00,244.804993,245.509995,244.619995,245.429993,30110
2026-07-31 15:25:00+00:00,245.399994,246.399994,245.399994,246.026993,55552
2026-07-31 15:30:00+00:00,245.925003,246.320007,245.570007,246.074997,29563
2026-07-31 15:35:00+00:00,246.130005,246.529999,245.800095,246.449997,31193
2026-07-31 15:40:00+00:00,246.479996,247.412003,246.380005,247.279999,49056
2026-07-31 15:45:00+00:00,247.279999,247.830002,247.229996,247.235001,44697
2026-07-31 15:50:00+00:00,247.199997,247.800003,247.195007,247.639999,33059
2026-07-31 15:55:00+00:00,247.619995,247.889999,247.250000,247.729996,25057
2026-07-31 16:00:00+00:00,247.565002,248.309998,247.510101,248.229996,65144
2026-07-31 16:05:00+00:00,248.300003,248.490005,247.656998,247.800003,23597
2026-07-31 16:10:00+00:00,247.755005,248.149902,247.679993,247.830002,19996
2026-07-31 16:15:00+00:00,247.830002,248.179993,247.740601,247.910004,18284
2026-07-31 16:20:00+00:00,247.899994,248.190002,247.580002,247.744995,30189
2026-07-31 16:25:00+00:00,247.744995,248.279999,247.340103,247.410004,34195
2026-07-31 16:30:00+00:00,247.410004,248.044998,247.410004,247.875000,27975
2026-07-31 16:35:00+00:00,247.839996,248.240005,247.610001,248.110001,28011
2026-07-31 16:40:00+00:00,248.210007,248.639999,248.199997,248.449997,34229
2026-07-31 16:45:00+00:00,248.449997,248.649902,247.947403,248.039993,29168
2026-07-31 16:50:00+00:00,248.014999,248.014999,247.500000,247.845001,18626
2026-07-31 16:55:00+00:00,247.839996,248.264999,247.705002,248.039993,26398
2026-07-31 17:00:00+00:00,248.009995,248.600006,248.009995,248.400101,27670
2026-07-31 17:05:00+00:00,248.649994,249.020004,248.535095,249.020004,35109
2026-07-31 17:10:00+00:00,249.024994,249.471603,248.899994,249.440002,39697
2026-07-31 17:15:00+00:00,249.369995,249.419998,248.785004,249.035004,33911
2026-07-31 17:20:00+00:00,249.035004,249.800003,249.029999,249.714996,27989
2026-07-31 17:25:00+00:00,249.720001,249.940002,249.570007,249.750000,42247
2026-07-31 17:30:00+00:00,249.764999,249.970001,249.410095,249.880005,33492
2026-07-31 17:35:00+00:00,249.809998,249.949997,249.309998,249.550003,30362
2026-07-31 17:40:00+00:00,249.559998,249.600006,248.850006,248.880005,39033
2026-07-31 17:45:00+00:00,248.880005,249.020004,248.710007,248.994995,23951
2026-07-31 17:50:00+00:00,248.994995,249.125000,248.800003,249.059998,21094
2026-07-31 17:55:00+00:00,249.065002,249.309906,248.889999,248.940002,18071
2026-07-31 18:00:00+00:00,248.990005,249.250000,248.820007,249.250000,27829
2026-07-31 18:05:00+00:00,249.225006,249.300003,248.830002,248.880005,20785
2026-07-31 18:10:00+00:00,248.919998,249.279999,248.919998,249.220001,28027
2026-07-31 18:15:00+00:00,249.259995,249.429993,249.020004,249.309998,32133
2026-07-31 18:20:00+00:00,249.309998,249.880005,249.294998,249.880005,23045
2026-07-31 18:25:00+00:00,249.835007,250.169907,249.779999,249.779999,38689
2026-07-31 18:30:00+00:00,249.729996,250.080002,249.679993,250.059998,25382
2026-07-31 18:35:00+00:00,250.054993,250.149994,249.740005,249.740005,25164
2026-07-31 18:40:00+00:00,249.669998,250.080002,249.669998,250.080002,32754
2026-07-31 18:45:00+00:00,250.027496,250.059998,249.714005,249.949997,30423
2026-07-31 18:50:00+00:00,249.979996,250.039993,249.690094,249.800003,24684
2026-07-31 18:55:00+00:00,249.839996,250.009995,249.740005,249.910004,38262
2026-07-31 19:00:00+00:00,249.910004,250.250000,249.789993,249.940002,36456
2026-07-31 19:05:00+00:00,249.960007,250.000000,249.530106,249.869995,30879
2026-07-31 19:10:00+00:00,249.850006,250.190002,249.759995,249.820007,35527
2026-07-31 19:15:00+00:00,249.869995,250.490005,249.820007,250.350006,58693
2026-07-31 19:20:00+00:00,250.330002,250.375000,250.119995,250.139999,43333
2026-07-31 19:25:00+00:00,250.134995,250.375000,249.895004,250.104996,99090
2026-07-31 19:30:00+00:00,250.100006,250.229996,249.565002,249.785004,57203
2026-07-31 19:35:00+00:00,249.735001,250.320007,249.735001,250.248505,93622
2026-07-31 19:40:00+00:00,250.210007,250.389999,249.710007,249.815002,64994
2026-07-31 19:45:00+00:00,249.850006,249.919998,249.539993,249.850006,69485
2026-07-31 19:50:00+00:00,249.910004,250.210007,249.639999,250.119995,135099
2026-07-31 19:55:00+00:00,250.119995,250.699997,250.059998,250.410004,312972
2026-08-03 13:30:00+00:00,258.244995,259.899994,256.119995,259.820007,263785
2026-08-03 13:35:00+00:00,259.713593,260.589996,257.140015,259.320007,108146
2026-08-03 13:40:00+00:00,259.350006,262.149994,259.315002,260.190002,115457
2026-08-03 13:45:00+00:00,260.019989,261.329987,260.019989,260.265106,90876
2026-08-03 13:50:00+00:00,260.269989,261.160004,260.029999,260.690002,70083
2026-08-03 13:55:00+00:00,260.665009,260.929993,258.769989,258.799988,76725
2026-08-03 14:00:00+00:00,258.660004,259.000000,257.799988,258.480988,68161
2026-08-03 14:05:00+00:00,258.592987,258.640015,255.610001,256.010010,92338
2026-08-03 14:10:00+00:00,255.964996,256.089996,255.139999,255.725006,85494
2026-08-03 14:15:00+00:00,255.735001,255.979904,255.067902,255.139999,40409
2026-08-03 14:20:00+00:00,255.350006,255.479996,253.679993,253.690002,44087
2026-08-03 14:25:00+00:00,253.770004,254.119995,253.352493,253.634995,48241
2026-08-03 14:30:00+00:00,253.729996,254.320007,252.610001,252.714996,45226
2026-08-03 14:35:00+00:00,252.714996,253.750000,252.009995,253.240005,52916
2026-08-03 14:40:00+00:00,253.410004,254.500000,253.164993,253.880005,46244
2026-08-03 14:45:00+00:00,253.970001,254.490005,252.000107,252.100006,46016
2026-08-03 14:50:00+00:00,252.145004,252.740005,252.050003,252.740005,59142
2026-08-03 14:55:00+00:00,252.664993,252.979996,252.059998,252.160004,40096
2026-08-03 15:00:00+00:00,252.220001,252.889999,251.729996,251.729996,51562
2026-08-03 15:05:00+00:00,251.770004,252.490005,251.679993,252.425003,32460
2026-08-03 15:10:00+00:00,252.570007,253.244995,252.179993,253.000000,36610
2026-08-03 15:15:00+00:00,253.000000,253.270004,252.590103,253.139999,27319
2026-08-03 15:20:00+00:00,253.205002,253.959900,252.720001,253.660004,33968
2026-08-03 15:25:00+00:00,253.907196,254.139999,253.410004,254.019897,35922
2026-08-03 15:30:00+00:00,254.000000,254.610001,253.800003,254.449997,59763
2026-08-03 15:35:00+00:00,254.449997,254.809998,254.130005,254.480499,37363
2026-08-03 15:40:00+00:00,254.630005,254.630005,253.789993,254.050003,35276
2026-08-03 15:45:00+00:00,254.000000,254.160004,253.190002,253.369995,34935
2026-08-03 15:50:00+00:00,253.384003,253.500000,253.000000,253.429993,28551
2026-08-03 15:55:00+00:00,253.479996,253.910004,253.280106,253.789993,18543
2026-08-03 16:00:00+00:00,253.800003,253.815002,253.270004,253.429993,24291
2026-08-03 16:05:00+00:00,253.440002,254.104996,253.259995,253.970001,18273
2026-08-03 16:10:00+00:00,253.919998,254.125000,253.549606,254.014999,29232
2026-08-03 16:15:00+00:00,253.979996,254.100006,253.490005,253.559998,24170
2026-08-03 16:20:00+00:00,253.509995,254.320007,253.395004,254.300003,33677
2026-08-03 16:25:00+00:00,254.309998,254.570099,254.160004,254.570099,28303
2026-08-03 16:30:00+00:00,254.654999,254.809906,254.070007,254.195007,32556
2026-08-03 16:35:00+00:00,254.130005,254.289902,253.490005,253.889999,21298
2026-08-03 16:40:00+00:00,253.860001,254.279999,253.811203,254.169998,22719
2026-08-03 16:45:00+00:00,254.210007,254.289902,253.820007,254.000107,22224
2026-08-03 16:50:00+00:00,254.059998,254.219894,253.800003,254.154999,15799
2026-08-03 16:55:00+00:00,254.149994,254.419998,254.149994,254.320007,18516
2026-08-03 17:00:00+00:00,254.339996,254.570007,254.139999,254.404999,26206
2026-08-03 17:05:00+00:00,254.399994,254.399994,253.809998,254.042496,20199
2026-08-03 17:10:00+00:00,254.024994,254.500000,254.000000,254.247498,29646
2026-08-03 17:15:00+00:00,254.285004,254.324997,253.919998,254.029999,36802
2026-08-03 17:20:00+00:00,254.029999,254.500000,254.029999,254.330002,22508
2026-08-03 17:25:00+00:00,254.419998,254.419998,254.119995,254.169998,25972
2026-08-03 17:30:00+00:00,254.169998,254.190002,253.639999,253.679993,34505
2026-08-03 17:35:00+00:00,253.679993,253.770004,253.259995,253.505005,39069
2026-08-03 17:40:00+00:00,253.470001,253.470001,252.740005,252.740005,29879
2026-08-03 17:45:00+00:00,252.729996,253.119995,252.559998,252.649994,35374
2026-08-03 17:50:00+00:00,252.649994,252.770004,252.490005,252.490005,27175
2026-08-03 17:55:00+00:00,252.490005,252.500000,251.889999,251.889999,31831
2026-08-03 18:00:00+00:00,251.839996,252.649994,251.839996,252.529999,30898
2026-08-03 18:05:00+00:00,252.529999,252.639999,252.250000,252.330002,21197
2026-08-03 18:10:00+00:00,252.259995,252.839996,252.009995,252.589996,34480
2026-08-03 18:15:00+00:00,252.639999,252.770004,252.279999,252.685104,24171
2026-08-03 18:20:00+00:00,252.695007,252.850006,252.509995,252.669998,16694
2026-08-03 18:25:00+00:00,252.669998,253.300003,252.619995,253.179993,27308
2026-08-03 18:30:00+00:00,253.214996,253.500000,253.130005,253.270004,24307
2026-08-03 18:35:00+00:00,253.335007,253.699997,253.110001,253.699997,21143
2026-08-03 18:40:00+00:00,253.630005,253.750000,253.321503,253.350006,20945
2026-08-03 18:45:00+00:00,253.414993,253.500000,253.199997,253.214996,25832
2026-08-03 18:50:00+00:00,253.210007,253.270004,252.962402,253.054993,19542
2026-08-03 18:55:00+00:00,253.054993,253.110001,252.810501,252.889999,27854
2026-08-03 19:00:00+00:00,252.880005,253.220001,252.669998,252.869995,32139
2026-08-03 19:05:00+00:00,252.770004,252.949997,252.550003,252.679993,27131
2026-08-03 19:10:00+00:00,252.729996,253.039200,252.699997,253.009995,27897
2026-08-03 19:15:00+00:00,252.970001,253.190002,252.750000,252.824997,25818
2026-08-03 19:20:00+00:00,252.869995,253.235001,252.820007,253.235001,32042
2026-08-03 19:25:00+00:00,253.179993,253.289993,253.009995,253.080002,33435
2026-08-03 19:30:00+00:00,253.065002,253.270004,252.910004,252.910995,35328
2026-08-03 19:35:00+00:00,252.889999,253.229996,252.690002,253.095001,66816
2026-08-03 19:40:00+00:00,253.089996,253.240005,252.809998,252.820007,41055
2026-08-03 19:45:00+00:00,252.860001,253.229996,252.815002,252.949997,39311
2026-08-03 19:50:00+00:00,252.970001,252.979996,251.699997,251.699997,84129
2026-08-03 19:55:00+00:00,251.699997,251.899994,251.169998,251.320007,189117
2026-08-04 13:30:00+00:00,247.811996,251.320007,245.460007,250.630005,300346
2026-08-04 13:35:00+00:00,250.839996,251.860001,250.270096,251.720093,69903
2026-08-04 13:40:00+00:00,251.779999,253.149994,251.500000,252.399994,62631
2026-08-04 13:45:00+00:00,252.250000,253.300003,252.000000,252.625000,55658
2026-08-04 13:50:00+00:00,252.350006,253.000000,251.869995,252.399994,59505
2026-08-04 13:55:00+00:00,252.250000,252.669998,251.539993,252.649994,43683
2026-08-04 14:00:00+00:00,252.589996,252.729996,250.840897,250.840897,46678
2026-08-04 14:05:00+00:00,250.990005,251.619995,250.449997,251.153107,45313
2026-08-04 14:10:00+00:00,251.149994,251.669998,250.720001,251.031998,36897
2026-08-04 14:15:00+00:00,250.869995,252.399994,250.869995,252.175003,57569
2026-08-04 14:20:00+00:00,252.320007,252.574997,251.520004,252.011795,44126
2026-08-04 14:25:00+00:00,252.095001,252.389999,251.229996,251.315002,25558
2026-08-04 14:30:00+00:00,251.392807,252.940002,251.392807,252.509995,46497
2026-08-04 14:35:00+00:00,252.550003,252.690002,251.660004,251.889999,37771
2026-08-04 14:40:00+00:00,251.929993,253.100006,251.889999,252.820007,34496
2026-08-04 14:45:00+00:00,252.940002,253.229996,251.500000,251.669998,32230
2026-08-04 14:50:00+00:00,251.677505,252.160004,251.449997,251.940002,35365
2026-08-04 14:55:00+00:00,251.949997,252.330002,251.550003,251.684998,30953
2026-08-04 15:00:00+00:00,251.770004,252.100006,251.520004,252.100006,27805
2026-08-04 15:05:00+00:00,252.089996,252.300003,251.419998,252.080002,34772
2026-08-04 15:10:00+00:00,252.240005,253.100006,252.139999,252.139999,59215
2026-08-04 15:15:00+00:00,252.164993,252.839996,252.134995,252.500000,30665
2026-08-04 15:20:00+00:00,252.470001,252.600006,252.100006,252.259995,36625
2026-08-04 15:25:00+00:00,252.350006,252.520004,251.699997,252.039993,34565
2026-08-04 15:30:00+00:00,252.210007,252.679901,252.210007,252.559998,30677
2026-08-04 15:35:00+00:00,252.539993,253.440002,252.434998,253.440002,44371
2026-08-04 15:40:00+00:00,253.449997,253.929901,253.210007,253.279999,30839
2026-08-04 15:45:00+00:00,253.199997,253.559998,253.199997,253.315002,21355
2026-08-04 15:50:00+00:00,253.300003,253.520004,252.880005,253.139999,23553
2026-08-04 15:55:00+00:00,253.149994,253.750000,252.960007,253.729996,25525
2026-08-04 16:00:00+00:00,253.750000,253.990005,253.557999,253.610001,31342
2026-08-04 16:05:00+00:00,253.690002,253.875000,253.100006,253.199997,24751
2026-08-04 16:10:00+00:00,253.220001,253.505005,253.220001,253.505005,21015
2026-08-04 16:15:00+00:00,253.519897,253.720001,253.330002,253.455002,21906
2026-08-04 16:20:00+00:00,253.419998,253.735001,253.274994,253.735001,18927
2026-08-04 16:25:00+00:00,253.764999,253.819901,253.460007,253.559998,15073
2026-08-04 16:30:00+00:00,253.595001,253.979996,253.570007,253.700394,19989
2026-08-04 16:35:00+00:00,253.770004,254.274994,253.729996,253.940002,31505
2026-08-04 16:40:00+00:00,253.940002,254.035004,253.330002,253.610001,31907
2026-08-04 16:45:00+00:00,253.630005,253.820007,253.419998,253.645004,32006
2026-08-04 16:50:00+00:00,253.645004,253.710007,253.250000,253.369995,28283
2026-08-04 16:55:00+00:00,253.445007,253.770004,253.445007,253.750000,38070
2026-08-04 17:00:00+00:00,253.710007,254.220001,253.710007,254.139999,20231
2026-08-04 17:05:00+00:00,254.190002,254.309998,254.009995,254.089996,28205
2026-08-04 17:10:00+00:00,254.119995,254.509995,253.970001,254.035004,20815
2026-08-04 17:15:00+00:00,254.009995,254.169998,253.875000,253.899994,17324
2026-08-04 17:20:00+00:00,253.940002,254.139999,253.750000,253.880005,21264
2026-08-04 17:25:00+00:00,253.949997,253.970001,253.639999,253.770004,41788
2026-08-04 17:30:00+00:00,253.774994,253.940002,253.759995,253.919998,26980
2026-08-04 17:35:00+00:00,253.910004,254.210007,253.899994,254.179993,21212
2026-08-04 17:40:00+00:00,254.149994,254.419998,254.110001,254.389999,20141
2026-08-04 17:45:00+00:00,254.419998,254.529999,254.149994,254.279999,33602
2026-08-04 17:50:00+00:00,254.279999,254.740005,254.250000,254.419998,18001
2026-08-04 17:55:00+00:00,254.399994,254.729996,254.380005,254.649994,22342
2026-08-04 18:00:00+00:00,254.630005,255.419998,254.630005,255.419998,24091
2026-08-04 18:05:00+00:00,255.404999,255.879898,255.404999,255.470001,34766
2026-08-04 18:10:00+00:00,255.539993,255.899994,255.449997,255.729996,21775
2026-08-04 18:15:00+00:00,255.725006,255.759995,255.429993,255.679993,24253
2026-08-04 18:20:00+00:00,255.660004,255.735001,255.449997,255.615005,30127
2026-08-04 18:25:00+00:00,255.639999,255.794998,255.554993,255.690002,15894
2026-08-04 18:30:00+00:00,255.690002,255.755005,255.232498,255.604996,33790
2026-08-04 18:35:00+00:00,255.589996,255.830002,255.580002,255.750000,25646
2026-08-04 18:40:00+00:00,255.770004,256.140015,255.699997,256.140015,27473
2026-08-04 18:45:00+00:00,256.140015,256.350006,256.040009,256.180115,31774
2026-08-04 18:50:00+00:00,256.179993,256.359985,256.019989,256.260010,36564
2026-08-04 18:55:00+00:00,256.260010,256.339996,255.990005,256.149994,48966
2026-08-04 19:00:00+00:00,256.125000,256.209991,256.049988,256.059998,38668
2026-08-04 19:05:00+00:00,256.119995,256.369995,256.049988,256.279999,35926
2026-08-04 19:10:00+00:00,256.279999,256.880005,256.279999,256.825012,43183
2026-08-04 19:15:00+00:00,256.880005,257.165009,256.850006,257.000000,33599
2026-08-04 19:20:00+00:00,257.003998,257.329987,256.760010,257.105011,42488
2026-08-04 19:25:00+00:00,257.100006,257.450012,257.100006,257.410004,56055
2026-08-04 19:30:00+00:00,257.410004,257.809998,257.359985,257.630005,52798
2026-08-04 19:35:00+00:00,257.640015,258.029999,257.619995,258.015015,45711
2026-08-04 19:40:00+00:00,258.015015,258.540009,257.989990,258.320007,118996
2026-08-04 19:45:00+00:00,258.350006,258.350006,257.517487,258.149994,70459
2026-08-04 19:50:00+00:00,258.100006,258.161987,257.635010,258.079987,91389
2026-08-04 19:55:00+00:00,258.019989,258.019989,257.000000,257.489990,224212
2026-08-05 13:30:00+00:00,260.070007,260.630005,257.720001,258.429993,224411
2026-08-05 13:35:00+00:00,258.375000,260.700012,258.209991,259.829987,76955
2026-08-05 13:40:00+00:00,259.877594,260.799988,259.191589,260.730011,60794
2026-08-05 13:45:00+00:00,260.920013,261.005005,257.500000,257.750000,73401
2026-08-05 13:50:00+00:00,257.640015,258.089996,256.609985,257.274994,64164
2026-08-05 13:55:00+00:00,257.380005,257.589996,256.820007,257.140015,40997
2026-08-05 14:00:00+00:00,257.000000,258.975006,256.700012,258.605011,48524
2026-08-05 14:05:00+00:00,258.609985,259.079987,257.309998,257.990112,46688
2026-08-05 14:10:00+00:00,258.130005,258.929993,258.024994,258.755005,36460
2026-08-05 14:15:00+00:00,258.755005,258.929993,257.829987,258.320007,33348
2026-08-05 14:20:00+00:00,258.459991,259.959900,258.440002,259.350006,45630
2026-08-05 14:25:00+00:00,259.230011,259.820007,259.079987,259.820007,49503
2026-08-05 14:30:00+00:00,259.839996,261.000000,258.899994,260.589996,66006
2026-08-05 14:35:00+00:00,260.510010,260.779999,259.854004,260.730011,54777
2026-08-05 14:40:00+00:00,260.769989,260.774994,259.059998,259.355011,88707
2026-08-05 14:45:00+00:00,259.429993,259.864990,257.284790,257.579987,31443
2026-08-05 14:50:00+00:00,257.670013,258.570007,257.589996,258.510010,27352
2026-08-05 14:55:00+00:00,258.390015,258.649994,257.484985,257.765015,31241
2026-08-05 15:00:00+00:00,257.859985,258.144989,256.769989,257.549988,32029
2026-08-05 15:05:00+00:00,257.630005,257.630005,256.720001,256.785095,24759
2026-08-05 15:10:00+00:00,256.779999,257.059998,256.350006,257.049988,23316
2026-08-05 15:15:00+00:00,256.929993,257.589996,256.684998,257.221710,18769
2026-08-05 15:20:00+00:00,257.140015,257.584991,256.990112,257.520111,16832
2026-08-05 15:25:00+00:00,257.579987,257.649994,257.109985,257.200012,33657
2026-08-05 15:30:00+00:00,257.200012,257.369995,256.594299,257.000000,21313
2026-08-05 15:35:00+00:00,257.005005,257.250000,256.799988,257.059998,16763
2026-08-05 15:40:00+00:00,257.059998,257.089905,256.679993,256.964996,18134
2026-08-05 15:45:00+00:00,256.880005,257.079987,256.010101,256.040009,27780
2026-08-05 15:50:00+00:00,256.040009,256.125000,255.750000,255.750000,29642
2026-08-05 15:55:00+00:00,255.830002,255.960007,255.554993,255.610001,28749
2026-08-05 16:00:00+00:00,255.669998,256.730011,255.630005,256.674988,27154
2026-08-05 16:05:00+00:00,256.670013,256.790009,256.220001,256.570007,22307
2026-08-05 16:10:00+00:00,256.665009,257.049988,256.489990,256.989990,23540
2026-08-05 16:15:00+00:00,257.010010,257.049896,256.119995,256.450012,21222
2026-08-05 16:20:00+00:00,256.500000,257.059998,256.200012,256.887512,17180
2026-08-05 16:25:00+00:00,256.875000,256.875000,256.325012,256.459991,16099
2026-08-05 16:30:00+00:00,256.420013,257.125000,256.410004,256.765015,19084
2026-08-05 16:35:00+00:00,256.755005,256.920013,256.470001,256.470001,12760
2026-08-05 16:40:00+00:00,256.510010,256.880005,256.510010,256.880005,13312
2026-08-05 16:45:00+00:00,256.899994,257.024994,256.700012,257.024994,13693
2026-08-05 16:50:00+00:00,257.049988,257.209991,256.934998,256.950012,13113
2026-08-05 16:55:00+00:00,256.994995,256.994995,256.600006,256.880005,12797
2026-08-05 17:00:00+00:00,256.829987,256.880005,256.489990,256.670013,14968
2026-08-05 17:05:00+00:00,256.670013,257.127899,256.670013,256.970001,20046
2026-08-05 17:10:00+00:00,256.989990,257.427307,256.880005,257.427307,18797
2026-08-05 17:15:00+00:00,257.399994,257.429993,257.000092,257.010315,12621
2026-08-05 17:20:00+00:00,257.095001,257.410004,257.010101,257.295013,22434
2026-08-05 17:25:00+00:00,257.359985,257.880005,257.320007,257.799988,13799
2026-08-05 17:30:00+00:00,257.799988,257.959991,257.420013,257.910004,14234
2026-08-05 17:35:00+00:00,257.880005,258.100006,257.880005,258.083008,14986
2026-08-05 17:40:00+00:00,258.070007,258.369995,258.010010,258.279999,16080
2026-08-05 17:45:00+00:00,258.320007,258.320007,258.160004,258.252502,14259
2026-08-05 17:50:00+00:00,258.220093,258.404999,258.144989,258.329987,26788
2026-08-05 17:55:00+00:00,258.410004,258.450012,258.000092,258.119995,16833
2026-08-05 18:00:00+00:00,258.119995,258.160004,257.730011,258.059998,17829
2026-08-05 18:05:00+00:00,258.040009,258.190002,257.850006,257.970001,14626
2026-08-05 18:10:00+00:00,257.989990,258.369995,257.940002,258.359985,21199
2026-08-05 18:15:00+00:00,258.380005,258.440002,257.000000,258.070007,38566
2026-08-05 18:20:00+00:00,258.000000,258.170013,257.839996,257.839996,9691
2026-08-05 18:25:00+00:00,257.839996,258.029999,257.779999,257.915009,14401
2026-08-05 18:30:00+00:00,257.910004,258.000000,257.720001,257.980011,14273
2026-08-05 18:35:00+00:00,257.989990,258.070007,257.529999,257.829987,26731
2026-08-05 18:40:00+00:00,257.859985,258.019989,257.799988,258.005005,15256
2026-08-05 18:45:00+00:00,258.029999,258.059998,257.670013,257.765015,20359
2026-08-05 18:50:00+00:00,257.774994,257.970001,257.765015,257.945007,14429
2026-08-05 18:55:00+00:00,257.945007,258.144989,257.852509,257.920013,12975
2026-08-05 19:00:00+00:00,257.920013,258.179993,257.690094,258.179993,18621
2026-08-05 19:05:00+00:00,258.190002,258.279999,258.029999,258.119995,16706
2026-08-05 19:10:00+00:00,258.140015,258.329987,258.049988,258.179993,20812
2026-08-05 19:15:00+00:00,258.209991,258.209991,257.890015,257.954987,16316
2026-08-05 19:20:00+00:00,257.984985,258.019989,257.660004,257.880005,15170
2026-08-05 19:25:00+00:00,257.850006,258.149902,257.619995,257.630005,24429
2026-08-05 19:30:00+00:00,257.679993,258.059998,257.679993,257.945007,26141
2026-08-05 19:35:00+00:00,257.920502,258.450012,257.869995,258.299988,1033233
2026-08-05 19:40:00+00:00,258.339996,259.149994,258.309998,259.119995,36233
2026-08-05 19:45:00+00:00,259.119995,259.640015,258.954987,258.970001,60206
2026-08-05 19:50:00+00:00,258.984985,259.570007,258.825012,259.339996,90505
2026-08-05 19:55:00+00:00,259.299988,259.829987,259.209991,259.329987,248405
2026-08-06 13:30:00+00:00,251.011993,255.399902,251.011993,251.789993,225699
2026-08-06 13:35:00+00:00,251.740005,253.880005,251.309998,253.580002,77231
2026-08-06 13:40:00+00:00,253.649994,254.399994,253.100006,253.440002,51767
2026-08-06 13:45:00+00:00,253.539993,254.399994,253.154999,253.815002,60137
2026-08-06 13:50:00+00:00,253.979996,255.130005,253.929993,254.934998,73682
2026-08-06 13:55:00+00:00,254.934998,255.320007,252.809998,253.139999,40140
2026-08-06 14:00:00+00:00,253.389999,253.869995,252.820007,252.914993,33418
2026-08-06 14:05:00+00:00,252.869995,252.929993,251.320007,251.380005,45080
2026-08-06 14:10:00+00:00,251.380005,251.630005,250.839996,251.630005,50651
2026-08-06 14:15:00+00:00,251.649994,253.000000,251.429993,253.000000,59457
2026-08-06 14:20:00+00:00,253.020004,253.610001,252.710007,253.149994,70769
2026-08-06 14:25:00+00:00,253.059998,253.740005,252.509995,253.520004,81704
2026-08-06 14:30:00+00:00,253.520004,253.830002,252.070007,252.610001,88029
2026-08-06 14:35:00+00:00,252.779999,254.269897,252.539993,253.735001,63608
2026-08-06 14:40:00+00:00,253.735001,255.059998,253.729996,255.059998,30137
2026-08-06 14:45:00+00:00,255.130005,255.789993,254.296799,254.940002,62019
2026-08-06 14:50:00+00:00,255.080002,255.139999,254.600006,254.910004,21398
2026-08-06 14:55:00+00:00,254.800003,255.197495,254.640106,254.800003,17854
2026-08-06 15:00:00+00:00,254.649994,255.619995,254.649994,255.619995,43682
2026-08-06 15:05:00+00:00,255.770004,255.990005,255.389999,255.865005,28075
2026-08-06 15:10:00+00:00,255.889999,255.889999,255.110001,255.270004,30730
2026-08-06 15:15:00+00:00,255.309998,255.940002,255.130005,255.210007,24931
2026-08-06 15:20:00+00:00,255.149994,255.449997,255.063004,255.250000,26033
2026-08-06 15:25:00+00:00,255.250000,255.750000,254.884995,255.750000,31791
2026-08-06 15:30:00+00:00,255.750000,256.290009,255.604996,256.144989,43530
2026-08-06 15:35:00+00:00,256.250000,257.239990,256.079987,257.100006,43623
2026-08-06 15:40:00+00:00,257.095001,257.209991,256.190002,256.809998,43886
2026-08-06 15:45:00+00:00,256.940002,256.940002,256.089996,256.524994,20818
2026-08-06 15:50:00+00:00,256.450012,256.929993,256.380005,256.750000,17392
2026-08-06 15:55:00+00:00,256.730011,257.209991,256.609985,257.005005,41687
2026-08-06 16:00:00+00:00,257.079987,257.720001,256.994995,257.720001,36808
2026-08-06 16:05:00+00:00,257.697388,257.879913,257.059998,257.178192,38027
2026-08-06 16:10:00+00:00,257.260010,257.489990,257.010010,257.394989,16537
2026-08-06 16:15:00+00:00,257.359985,257.640015,257.230011,257.549988,19396
2026-08-06 16:20:00+00:00,257.480011,257.769989,257.170013,257.320007,33895
2026-08-06 16:25:00+00:00,257.410004,257.679993,257.375000,257.519989,22138
2026-08-06 16:30:00+00:00,257.549988,257.829987,257.380005,257.440002,20467
2026-08-06 16:35:00+00:00,257.470001,257.630005,256.989990,257.010010,20553
2026-08-06 16:40:00+00:00,256.989990,256.989990,256.489990,256.549988,191321
2026-08-06 16:45:00+00:00,256.565002,257.119995,256.500000,257.049896,33855
2026-08-06 16:50:00+00:00,257.040009,257.364990,256.704987,257.364990,23473
2026-08-06 16:55:00+00:00,257.364990,257.500000,257.075012,257.420013,12172
2026-08-06 17:00:00+00:00,257.420013,257.480011,256.869995,257.190002,27802
2026-08-06 17:05:00+00:00,257.244995,257.385010,257.119995,257.279999,20147
2026-08-06 17:10:00+00:00,257.279999,257.424988,257.149994,257.380005,10488
2026-08-06 17:15:00+00:00,257.459991,257.649994,257.380005,257.484985,26730
2026-08-06 17:20:00+00:00,257.484985,258.260010,257.454895,258.260010,24780
2026-08-06 17:25:00+00:00,258.160004,258.255005,257.869995,258.200012,20222
2026-08-06 17:30:00+00:00,258.250000,258.299988,257.660004,257.767609,43802
2026-08-06 17:35:00+00:00,257.790009,257.850006,257.388000,257.480011,20170
2026-08-06 17:40:00+00:00,257.410004,257.915894,257.309998,257.630005,15941
2026-08-06 17:45:00+00:00,257.640015,257.725006,257.410004,257.410004,17378
2026-08-06 17:50:00+00:00,257.420013,257.540009,257.239990,257.239990,22682
2026-08-06 17:55:00+00:00,257.279999,257.459991,257.165009,257.410004,12601
2026-08-06 18:00:00+00:00,257.399994,258.510010,257.399994,258.464996,31969
2026-08-06 18:05:00+00:00,258.489990,258.489990,257.855011,258.160004,40116
2026-08-06 18:10:00+00:00,258.220001,258.480011,258.064911,258.290009,17086
2026-08-06 18:15:00+00:00,258.200012,258.265015,257.320007,257.470001,30365
2026-08-06 18:20:00+00:00,257.494995,257.679993,257.079987,257.304993,21371
2026-08-06 18:25:00+00:00,257.299988,257.760010,257.299988,257.640015,16599
2026-08-06 18:30:00+00:00,257.549988,257.864990,257.545013,257.864990,18220
2026-08-06 18:35:00+00:00,257.839996,257.839996,257.429993,257.440002,13467
2026-08-06 18:40:00+00:00,257.489990,257.579987,257.140015,257.195007,609511
2026-08-06 18:45:00+00:00,257.239990,257.440002,257.119995,257.299988,21808
2026-08-06 18:50:00+00:00,257.299988,257.420013,257.119995,257.119995,14518
2026-08-06 18:55:00+00:00,257.100006,257.204987,256.880005,256.929993,21259
2026-08-06 19:00:00+00:00,256.934998,256.959991,256.591003,256.799988,27393
2026-08-06 19:05:00+00:00,256.790009,257.179993,256.630005,257.179993,38596
2026-08-06 19:10:00+00:00,257.130005,258.100006,257.082794,257.929993,27824
2026-08-06 19:15:00+00:00,257.940002,258.334991,257.760010,258.237000,27813
2026-08-06 19:20:00+00:00,258.380005,258.500000,258.282013,258.429993,41209
2026-08-06 19:25:00+00:00,258.410004,258.429993,257.820099,258.079987,41590
2026-08-06 19:30:00+00:00,258.070007,258.329987,257.649994,258.109985,62487
2026-08-06 19:35:00+00:00,258.000000,258.179993,257.679993,258.119995,45442
2026-08-06 19:40:00+00:00,258.119995,258.329987,258.010010,258.174988,48044
2026-08-06 19:45:00+00:00,258.239990,258.429993,258.049988,258.329987,46831
2026-08-06 19:50:00+00:00,258.309998,259.665009,258.290009,259.630005,143263
2026-08-06 19:55:00+00:00,259.549988,260.640015,259.429993,260.250000,297987
2026-08-07 13:30:00+00:00,262.720001,265.480011,261.649994,262.769989,320910
2026-08-07 13:35:00+00:00,262.859985,263.839996,262.529999,263.119995,74747
2026-08-07 13:40:00+00:00,263.040009,263.160004,261.339996,261.850006,72019
2026-08-07 13:45:00+00:00,261.850006,263.959991,261.850006,263.820007,57182
2026-08-07 13:50:00+00:00,263.855011,264.019989,262.600006,262.850006,54598
2026-08-07 13:55:00+00:00,263.119995,264.420013,263.029999,264.230011,52410
2026-08-07 14:00:00+00:00,264.230011,266.089508,264.190002,265.963013,111409
2026-08-07 14:05:00+00:00,265.959991,266.970001,265.640015,266.804993,83454
2026-08-07 14:10:00+00:00,266.779999,267.600006,266.647186,266.774994,155955
2026-08-07 14:15:00+00:00,266.774994,267.570007,266.329987,267.320099,73532
2026-08-07 14:20:00+00:00,267.399994,268.500000,267.339996,268.350006,76899
2026-08-07 14:25:00+00:00,268.350006,268.769989,266.779999,268.679993,83419
2026-08-07 14:30:00+00:00,268.730011,270.059998,268.654388,270.010010,119794
2026-08-07 14:35:00+00:00,270.059998,270.160004,269.079987,269.174988,62235
2026-08-07 14:40:00+00:00,269.290009,270.149994,269.109985,269.429993,116512
2026-08-07 14:45:00+00:00,269.579987,269.700012,267.529999,267.619385,41000
2026-08-07 14:50:00+00:00,267.730011,268.959991,267.540009,268.540009,33933
2026-08-07 14:55:00+00:00,268.470001,269.380005,268.369995,269.339996,39820
2026-08-07 15:00:00+00:00,269.329987,269.350006,268.080109,268.337494,41807
2026-08-07 15:05:00+00:00,268.329987,268.565002,266.910004,267.464996,100726
2026-08-07 15:10:00+00:00,267.435913,267.589996,266.700012,267.290009,39172
2026-08-07 15:15:00+00:00,267.339996,267.589996,267.010010,267.149994,30956
2026-08-07 15:20:00+00:00,267.140015,267.369995,266.117493,266.369995,36674
2026-08-07 15:25:00+00:00,266.364990,266.489990,265.809998,266.489990,28132
2026-08-07 15:30:00+00:00,266.489990,266.619904,265.350006,265.399994,45092
2026-08-07 15:35:00+00:00,265.464386,265.809998,265.019989,265.500000,94366
2026-08-07 15:40:00+00:00,265.429993,266.450012,265.339996,266.230011,30488
2026-08-07 15:45:00+00:00,266.220001,266.299988,265.279999,265.381012,22045
2026-08-07 15:50:00+00:00,265.290009,266.027802,265.220001,265.875000,21044
2026-08-07 15:55:00+00:00,265.820007,265.940002,265.059998,265.100006,18713
2026-08-07 16:00:00+00:00,265.125000,265.422211,264.589996,264.589996,33192
2026-08-07 16:05:00+00:00,264.570007,264.929993,264.459991,264.845001,32046
2026-08-07 16:10:00+00:00,264.845001,265.309906,264.660004,265.095001,21326
2026-08-07 16:15:00+00:00,265.095001,265.442505,265.029999,265.350006,19129
2026-08-07 16:20:00+00:00,265.420013,265.774994,265.170013,265.774994,25676
2026-08-07 16:25:00+00:00,265.760010,265.779999,265.089996,265.529999,19285
2026-08-07 16:30:00+00:00,265.600006,265.815002,265.339996,265.510010,17505
2026-08-07 16:35:00+00:00,265.670013,265.850006,265.549988,265.769989,18711
2026-08-07 16:40:00+00:00,265.769989,265.839996,265.320007,265.815002,21935
2026-08-07 16:45:00+00:00,265.799988,266.040009,265.730011,265.769989,21113
2026-08-07 16:50:00+00:00,265.845001,265.964996,265.600006,265.690002,20989
2026-08-07 16:55:00+00:00,265.690002,265.804993,264.890106,265.059998,26179
2026-08-07 17:00:00+00:00,264.989990,265.170013,264.940002,264.940002,17958
2026-08-07 17:05:00+00:00,264.980011,265.209991,264.899200,265.165009,13525
2026-08-07 17:10:00+00:00,265.179993,265.454987,265.000000,265.440002,20859
2026-08-07 17:15:00+00:00,265.519989,265.549988,265.220001,265.290009,12320
2026-08-07 17:20:00+00:00,265.255005,265.670013,265.160004,265.565002,203336
2026-08-07 17:25:00+00:00,265.649994,265.649994,265.320099,265.369995,17313
2026-08-07 17:30:00+00:00,265.360107,265.579895,265.239990,265.350006,17445
2026-08-07 17:35:00+00:00,265.359985,265.890015,265.320007,265.890015,14421
2026-08-07 17:40:00+00:00,265.920013,266.005005,265.630707,265.980011,12975
2026-08-07 17:45:00+00:00,265.964996,265.984985,265.505005,265.589996,11249
2026-08-07 17:50:00+00:00,265.515015,265.929993,265.515015,265.809998,16451
2026-08-07 17:55:00+00:00,265.798004,265.850006,265.351501,265.510010,19411
2026-08-07 18:00:00+00:00,265.510010,266.345001,265.445007,266.154999,45265
2026-08-07 18:05:00+00:00,266.165009,266.279999,265.434998,265.434998,18046
2026-08-07 18:10:00+00:00,265.429993,265.765015,265.380005,265.625000,24623
2026-08-07 18:15:00+00:00,265.709900,265.739990,265.429993,265.549988,28859
2026-08-07 18:20:00+00:00,265.559998,265.720001,265.440002,265.549988,29846
2026-08-07 18:25:00+00:00,265.554993,265.679993,265.279999,265.670013,20122
2026-08-07 18:30:00+00:00,265.640015,265.670013,265.280090,265.410004,18593
2026-08-07 18:35:00+00:00,265.454987,265.454987,264.899994,265.049988,13249
2026-08-07 18:40:00+00:00,265.049988,265.220001,264.700012,264.829987,19381
2026-08-07 18:45:00+00:00,264.829987,264.829987,264.100006,264.190002,54079
2026-08-07 18:50:00+00:00,264.149994,264.279999,263.880005,263.950012,26902
2026-08-07 18:55:00+00:00,263.920013,264.695007,263.920013,264.459991,19880
2026-08-07 19:00:00+00:00,264.489990,264.704987,264.290009,264.660004,21824
2026-08-07 19:05:00+00:00,264.739990,264.859985,264.420013,264.519989,24322
2026-08-07 19:10:00+00:00,264.519989,264.709991,264.440002,264.640015,27097
2026-08-07 19:15:00+00:00,264.610107,264.640015,264.070007,264.260010,25165
2026-08-07 19:20:00+00:00,264.260010,264.640015,264.225006,264.640015,64253
2026-08-07 19:25:00+00:00,264.720001,264.829895,264.290009,264.665009,29247
2026-08-07 19:30:00+00:00,264.660004,265.424988,264.660004,265.130005,38690
2026-08-07 19:35:00+00:00,265.140015,265.579895,264.964996,265.540009,77934
2026-08-07 19:40:00+00:00,265.579987,265.614990,265.170013,265.459991,289228
2026-08-07 19:45:00+00:00,265.420013,265.700012,265.329987,265.420013,59843
2026-08-07 19:50:00+00:00,265.399994,265.679993,264.920013,265.119995,98226
2026-08-07 19:55:00+00:00,265.140015,265.519989,264.924988,265.149994,271985
2026-08-10 13:30:00+00:00,263.054993,264.940002,262.636993,264.054993,143687
2026-08-10 13:35:00+00:00,264.049988,266.339996,263.600006,265.644989,52937
2026-08-10 13:40:00+00:00,265.658203,266.869995,265.501587,266.529999,48931
2026-08-10 13:45:00+00:00,266.670013,266.950012,265.149994,265.424988,36273
2026-08-10 13:50:00+00:00,265.369995,266.429596,265.299988,266.260010,33698
2026-08-10 13:55:00+00:00,266.200012,266.320007,265.390015,265.760010,37291
2026-08-10 14:00:00+00:00,265.892487,267.880005,265.892487,266.990112,73627
2026-08-10 14:05:00+00:00,267.420013,267.594208,266.010010,266.040009,49965
2026-08-10 14:10:00+00:00,266.154999,266.779999,265.603210,266.665009,37510
2026-08-10 14:15:00+00:00,266.744995,267.660004,266.304993,267.350494,60658
2026-08-10 14:20:00+00:00,267.355011,267.559998,266.434998,267.149994,46490
2026-08-10 14:25:00+00:00,267.024109,268.200012,266.920013,268.190002,41226
2026-08-10 14:30:00+00:00,268.200012,268.880005,268.109985,268.704987,41346
2026-08-10 14:35:00+00:00,268.819885,269.500000,267.929993,269.375000,43725
2026-08-10 14:40:00+00:00,269.375000,270.679993,269.000092,270.100006,92310
2026-08-10 14:45:00+00:00,270.100006,270.500000,269.579987,269.820007,38924
2026-08-10 14:50:00+00:00,269.600006,270.299988,269.600006,270.010010,27753
2026-08-10 14:55:00+00:00,270.154999,270.269989,269.589996,269.769989,27412
2026-08-10 15:00:00+00:00,269.679993,270.399994,269.359985,269.555786,29302
2026-08-10 15:05:00+00:00,269.500000,270.000000,269.394989,270.000000,29385
2026-08-10 15:10:00+00:00,269.915009,270.040009,269.420013,270.010010,29692
2026-08-10 15:15:00+00:00,270.059998,270.334991,269.660095,269.660095,26321
2026-08-10 15:20:00+00:00,269.920013,270.339996,269.540009,269.750000,25517
2026-08-10 15:25:00+00:00,269.775085,269.884399,269.220001,269.790009,28347
2026-08-10 15:30:00+00:00,269.869995,270.220001,269.869995,269.980011,55258
2026-08-10 15:35:00+00:00,269.920013,270.759003,269.910004,270.709991,31635
2026-08-10 15:40:00+00:00,270.700012,270.924988,270.575012,270.649994,28755
2026-08-10 15:45:00+00:00,270.589996,270.760010,270.299988,270.529999,18118
2026-08-10 15:50:00+00:00,270.559998,270.769989,270.287292,270.769989,22331
2026-08-10 15:55:00+00:00,270.700012,271.140015,270.410095,271.100006,42804
2026-08-10 16:00:00+00:00,271.100006,271.734985,270.890015,271.720001,38319
2026-08-10 16:05:00+00:00,271.674988,271.924988,271.440094,271.845001,28312
2026-08-10 16:10:00+00:00,271.890015,272.309998,271.880005,272.309998,42452
2026-08-10 16:15:00+00:00,272.309998,272.309998,271.769989,272.024994,27824
2026-08-10 16:20:00+00:00,272.049988,272.084991,271.549988,271.630005,19898
2026-08-10 16:25:00+00:00,271.450012,271.850006,271.230011,271.825012,21904
2026-08-10 16:30:00+00:00,271.799988,271.934998,271.095001,271.429993,32720
2026-08-10 16:35:00+00:00,271.440002,271.670013,271.260010,271.379913,20376
2026-08-10 16:40:00+00:00,271.369995,271.390015,271.066803,271.230011,19423
2026-08-10 16:45:00+00:00,271.070496,271.250000,270.880005,270.984985,19860
2026-08-10 16:50:00+00:00,270.989990,271.470001,270.989990,271.459991,22035
2026-08-10 16:55:00+00:00,271.420013,272.019989,271.380005,272.019989,48740
2026-08-10 17:00:00+00:00,272.040009,272.369904,271.920990,272.260010,24297
2026-08-10 17:05:00+00:00,272.260010,272.470001,272.089996,272.404999,23488
2026-08-10 17:10:00+00:00,272.410095,272.470001,272.200012,272.410004,38963
2026-08-10 17:15:00+00:00,272.420013,272.699890,272.174988,272.519989,53246
2026-08-10 17:20:00+00:00,272.480011,272.660004,272.339996,272.660004,17162
2026-08-10 17:25:00+00:00,272.660004,273.100006,272.458710,273.085114,54357
2026-08-10 17:30:00+00:00,273.130005,273.130005,272.679993,272.890015,27682
2026-08-10 17:35:00+00:00,272.890015,272.932190,272.679993,272.709991,20124
2026-08-10 17:40:00+00:00,272.680115,272.769989,272.390015,272.440002,18818
2026-08-10 17:45:00+00:00,272.404999,272.625000,272.282013,272.600006,19816
2026-08-10 17:50:00+00:00,272.640015,272.765015,272.489990,272.720001,23620
2026-08-10 17:55:00+00:00,272.720001,272.825012,272.600098,272.700012,23245
2026-08-10 18:00:00+00:00,272.727509,272.804993,272.484985,272.679993,33959
2026-08-10 18:05:00+00:00,272.679993,272.679993,272.309998,272.369995,18390
2026-08-10 18:10:00+00:00,272.380005,272.480011,272.269989,272.390015,22447
2026-08-10 18:15:00+00:00,272.434998,272.529999,272.264008,272.279999,19994
2026-08-10 18:20:00+00:00,272.269989,272.359985,272.000000,272.049988,36695
2026-08-10 18:25:00+00:00,272.049988,272.214996,271.910004,272.024994,24592
2026-08-10 18:30:00+00:00,272.010010,272.155090,271.869995,272.105011,21927
2026-08-10 18:35:00+00:00,272.130005,272.220001,271.970001,272.010010,24057
2026-08-10 18:40:00+00:00,271.980011,272.410004,271.950012,272.200012,24687
2026-08-10 18:45:00+00:00,272.160004,272.160004,271.170105,271.334991,41392
2026-08-10 18:50:00+00:00,271.334991,271.605011,271.260010,271.575012,30800
2026-08-10 18:55:00+00:00,271.570007,271.799988,271.369995,271.760010,32390
2026-08-10 19:00:00+00:00,271.779999,271.910004,271.730011,271.850006,24913
2026-08-10 19:05:00+00:00,271.869995,272.234985,271.588501,272.130005,29392
2026-08-10 19:10:00+00:00,272.130005,272.369995,272.040100,272.265015,22925
2026-08-10 19:15:00+00:00,272.269989,272.290009,271.850006,272.250000,33335
2026-08-10 19:20:00+00:00,272.250000,272.250000,271.829987,271.929993,26509
2026-08-10 19:25:00+00:00,271.929993,271.929993,271.230011,271.339996,28378
2026-08-10 19:30:00+00:00,271.380005,272.390015,271.380005,272.389496,41067
2026-08-10 19:35:00+00:00,272.380005,272.399994,271.929993,272.299988,49796
2026-08-10 19:40:00+00:00,272.309998,272.690002,272.239990,272.589996,41280
2026-08-10 19:45:00+00:00,272.549988,272.690002,271.820007,272.000000,58749
2026-08-10 19:50:00+00:00,271.920013,272.489990,271.920013,272.390015,105576
2026-08-10 19:55:00+00:00,272.390015,273.019989,272.390015,272.989990,297037
2026-08-11 13:30:00+00:00,270.489990,272.225006,269.010010,269.630005,154150
2026-08-11 13:35:00+00:00,269.600006,270.840088,269.250000,269.500000,54777
2026-08-11 13:40:00+00:00,269.364990,269.950012,268.299988,268.299988,47334
2026-08-11 13:45:00+00:00,268.829987,269.149994,267.010101,268.375000,53297
2026-08-11 13:50:00+00:00,268.260010,269.779999,268.179993,269.709991,34186
2026-08-11 13:55:00+00:00,269.640015,271.000000,269.204987,269.899994,63649
2026-08-11 14:00:00+00:00,270.010010,270.630005,269.100006,270.510010,56515
2026-08-11 14:05:00+00:00,270.510010,270.670013,268.804993,269.505005,39719
2026-08-11 14:10:00+00:00,269.507507,270.429993,269.380005,270.429993,33025
2026-08-11 14:15:00+00:00,270.470001,270.700012,269.250000,270.410004,35962
2026-08-11 14:20:00+00:00,270.369995,270.589996,269.399994,269.399994,36787
2026-08-11 14:25:00+00:00,269.399994,269.640015,269.000000,269.640015,40245
2026-08-11 14:30:00+00:00,269.665009,270.190002,269.510010,269.994995,40333
2026-08-11 14:35:00+00:00,269.989990,271.179993,269.890015,270.809998,35591
2026-08-11 14:40:00+00:00,270.975006,270.975006,270.130005,270.739990,35052
2026-08-11 14:45:00+00:00,270.779999,270.890015,269.709991,270.079987,36278
2026-08-11 14:50:00+00:00,270.089996,270.200012,269.600006,269.859985,533420
2026-08-11 14:55:00+00:00,269.859985,269.859985,268.549988,268.929993,35520
2026-08-11 15:00:00+00:00,268.989990,269.239990,267.410004,267.719910,50135
2026-08-11 15:05:00+00:00,267.720001,268.584991,267.720001,268.179993,31628
2026-08-11 15:10:00+00:00,268.170013,268.290009,267.440002,267.959991,48581
2026-08-11 15:15:00+00:00,267.890015,268.140015,267.660004,268.049988,26236
2026-08-11 15:20:00+00:00,268.119995,268.211487,267.795013,267.910004,20474
2026-08-11 15:25:00+00:00,267.910004,268.019897,266.680786,266.785004,43926
2026-08-11 15:30:00+00:00,266.804993,266.890015,266.160004,266.269989,36510
2026-08-11 15:35:00+00:00,266.299988,266.429993,266.049988,266.119995,34225
2026-08-11 15:40:00+00:00,266.070007,266.279999,265.739990,265.799988,24259
2026-08-11 15:45:00+00:00,265.859985,266.040009,265.359985,265.440002,36112
2026-08-11 15:50:00+00:00,265.510010,265.730011,265.100006,265.660004,29476
2026-08-11 15:55:00+00:00,265.600006,265.690002,265.130005,265.130005,23834
2026-08-11 16:00:00+00:00,265.255005,265.969910,265.130005,265.815002,26472
2026-08-11 16:05:00+00:00,265.809998,266.469513,265.674988,266.359985,23543
2026-08-11 16:10:00+00:00,266.250000,266.346008,265.739990,266.160004,116805
2026-08-11 16:15:00+00:00,266.170013,266.260010,265.355011,265.380005,19732
2026-08-11 16:20:00+00:00,265.410004,265.489990,265.059998,265.375000,32509
2026-08-11 16:25:00+00:00,265.339996,265.589905,265.214996,265.589905,25067
2026-08-11 16:30:00+00:00,265.619995,265.769989,265.480103,265.765015,18708
2026-08-11 16:35:00+00:00,265.760010,265.799988,265.359985,265.500000,27243
2026-08-11 16:40:00+00:00,265.250000,265.450012,265.100006,265.410004,20937
2026-08-11 16:45:00+00:00,265.397491,265.690002,265.380005,265.630005,22024
2026-08-11 16:50:00+00:00,265.519989,265.649994,265.250000,265.420807,17061
2026-08-11 16:55:00+00:00,265.380005,265.689514,265.269989,265.630005,21090
2026-08-11 17:00:00+00:00,265.679993,265.769989,265.359985,265.600006,23025
2026-08-11 17:05:00+00:00,265.630005,265.630005,265.109985,265.410004,13751
2026-08-11 17:10:00+00:00,265.399994,265.619995,265.070007,265.070007,16167
2026-08-11 17:15:00+00:00,265.059998,265.190002,264.779999,264.970001,35805
2026-08-11 17:20:00+00:00,264.954987,265.019989,264.500000,264.880005,27820
2026-08-11 17:25:00+00:00,264.940002,265.040009,264.730011,264.829987,21816
2026-08-11 17:30:00+00:00,264.850006,264.890015,264.179993,264.299988,26074
2026-08-11 17:35:00+00:00,264.255005,264.500000,264.160004,264.459991,28495
2026-08-11 17:40:00+00:00,264.440002,264.670013,264.339996,264.670013,21167
2026-08-11 17:45:00+00:00,264.579987,264.679993,264.369995,264.640015,46411
2026-08-11 17:50:00+00:00,264.679993,264.969513,264.619995,264.799988,22504
2026-08-11 17:55:00+00:00,264.839996,264.890015,264.489990,264.524994,21002
2026-08-11 18:00:00+00:00,264.519989,264.679993,264.269989,264.454987,20645
2026-08-11 18:05:00+00:00,264.410004,264.470001,264.119995,264.230011,16916
2026-08-11 18:10:00+00:00,264.250000,264.570007,264.119995,264.153992,18578
2026-08-11 18:15:00+00:00,264.209991,264.309998,263.980011,264.200012,39361
2026-08-11 18:20:00+00:00,264.200012,264.499908,264.040009,264.440002,20259
2026-08-11 18:25:00+00:00,264.440002,264.570007,264.019989,264.019989,20131
2026-08-11 18:30:00+00:00,264.024994,264.200012,263.809998,263.809998,18299
2026-08-11 18:35:00+00:00,263.799988,264.170013,263.799988,263.940002,21002
2026-08-11 18:40:00+00:00,263.910004,264.089996,263.769989,263.834991,22152
2026-08-11 18:45:00+00:00,263.829987,264.070007,263.825012,263.869995,25184
2026-08-11 18:50:00+00:00,263.920013,263.920013,263.559998,263.720001,24805
2026-08-11 18:55:00+00:00,263.670013,263.850006,263.399994,263.440094,28478
2026-08-11 19:00:00+00:00,263.500000,263.517487,263.149994,263.252502,48599
2026-08-11 19:05:00+00:00,263.234985,263.269989,262.799988,262.980011,45784
2026-08-11 19:10:00+00:00,262.989990,263.260010,262.890015,263.079987,49308
2026-08-11 19:15:00+00:00,263.114990,263.250000,262.679993,263.170013,52197
2026-08-11 19:20:00+00:00,263.179993,263.369995,263.059998,263.290009,34098
2026-08-11 19:25:00+00:00,263.290009,263.410004,263.059998,263.250000,47587
2026-08-11 19:30:00+00:00,263.209991,263.910004,263.089996,263.730011,59215
2026-08-11 19:35:00+00:00,263.709991,263.920013,263.440002,263.679993,57676
2026-08-11 19:40:00+00:00,263.679993,264.209991,263.609985,264.209991,81743
2026-08-11 19:45:00+00:00,264.200012,264.200012,263.154999,263.809998,144606
2026-08-11 19:50:00+00:00,263.660004,263.670013,262.950012,263.625000,158952
2026-08-11 19:55:00+00:00,263.570007,263.790009,263.244995,263.619995,278392
2026-08-12 13:30:00+00:00,258.450012,262.700012,257.600006,262.575012,311985
2026-08-12 13:35:00+00:00,262.570007,263.260010,262.200012,262.975006,56023
2026-08-12 13:40:00+00:00,262.915588,263.079987,259.809998,260.209991,62171
2026-08-12 13:45:00+00:00,260.239990,260.584991,258.429993,259.299988,46046
2026-08-12 13:50:00+00:00,259.130005,259.350006,258.510010,259.279999,45984
2026-08-12 13:55:00+00:00,259.174988,259.174988,257.109985,257.404999,46363
2026-08-12 14:00:00+00:00,257.399994,257.549988,255.970001,256.670013,77931
2026-08-12 14:05:00+00:00,256.859985,258.290009,256.579987,257.660004,37117
2026-08-12 14:10:00+00:00,257.739990,258.169006,257.279999,257.369995,41038
2026-08-12 14:15:00+00:00,257.269989,257.609985,256.779999,256.929993,49228
2026-08-12 14:20:00+00:00,256.920013,257.529999,256.720001,256.769989,63078
2026-08-12 14:25:00+00:00,256.695007,257.040009,256.000000,256.243988,50220
2026-08-12 14:30:00+00:00,256.339996,257.079987,256.019989,256.290009,51857
2026-08-12 14:35:00+00:00,256.255005,257.190002,256.250000,256.820007,40736
2026-08-12 14:40:00+00:00,256.845001,256.845001,256.375000,256.600006,32873
2026-08-12 14:45:00+00:00,256.500000,256.910004,256.179993,256.390015,40404
2026-08-12 14:50:00+00:00,256.269989,257.000000,256.140015,256.899994,34278
2026-08-12 14:55:00+00:00,256.970001,257.170013,256.720001,257.000000,38701
2026-08-12 15:00:00+00:00,256.894989,257.140015,256.200012,256.200012,33197
2026-08-12 15:05:00+00:00,256.119995,256.630005,256.001007,256.571686,34487
2026-08-12 15:10:00+00:00,256.489990,256.600006,255.899994,255.949997,21981
2026-08-12 15:15:00+00:00,256.029999,256.170013,255.827499,256.079987,34334
2026-08-12 15:20:00+00:00,256.179993,256.450012,255.964996,255.970001,29987
2026-08-12 15:25:00+00:00,256.079895,256.079895,255.202606,255.789993,52150
2026-08-12 15:30:00+00:00,255.755005,255.960007,255.100204,255.360001,27879
2026-08-12 15:35:00+00:00,255.410004,255.835007,255.164993,255.725998,30841
2026-08-12 15:40:00+00:00,255.750000,256.190002,255.220001,256.079987,43341
2026-08-12 15:45:00+00:00,256.029999,256.350006,256.029999,256.339996,28024
2026-08-12 15:50:00+00:00,256.369995,256.670013,256.130005,256.500000,31530
2026-08-12 15:55:00+00:00,256.505005,256.519989,255.645004,255.645004,17638
2026-08-12 16:00:00+00:00,255.764999,256.489990,255.759995,256.239990,24329
2026-08-12 16:05:00+00:00,256.170013,256.470001,256.000000,256.470001,19117
2026-08-12 16:10:00+00:00,256.420013,256.809998,256.355011,256.709991,23843
2026-08-12 16:15:00+00:00,256.630005,257.019989,256.609985,256.842010,19818
2026-08-12 16:20:00+00:00,256.779999,257.049988,256.679993,256.679993,25078
2026-08-12 16:25:00+00:00,256.709991,257.109894,256.640015,257.000000,14150
2026-08-12 16:30:00+00:00,257.054993,257.140015,256.600006,256.609985,15584
2026-08-12 16:35:00+00:00,256.708801,256.709991,256.399994,256.399994,14867
2026-08-12 16:40:00+00:00,256.399994,256.839996,256.399994,256.660004,19449
2026-08-12 16:45:00+00:00,256.660004,257.059998,256.660004,257.019989,24464
2026-08-12 16:50:00+00:00,257.019989,257.369995,256.929993,257.000000,21927
2026-08-12 16:55:00+00:00,256.959991,256.969910,256.679993,256.850006,12890
2026-08-12 17:00:00+00:00,256.739990,256.820007,256.220001,256.220001,16515
2026-08-12 17:05:00+00:00,256.209991,256.760010,256.209991,256.750000,17085
2026-08-12 17:10:00+00:00,256.760010,256.760010,256.359985,256.394989,10894
2026-08-12 17:15:00+00:00,256.369995,256.700012,256.320007,256.690002,18902
2026-08-12 17:20:00+00:00,256.609985,256.654999,256.255005,256.429993,24163
2026-08-12 17:25:00+00:00,256.429993,256.459991,256.000000,256.125000,22849
2026-08-12 17:30:00+00:00,256.119995,256.420013,256.010010,256.279999,16399
2026-08-12 17:35:00+00:00,256.260010,256.480011,256.019989,256.250000,26037
2026-08-12 17:40:00+00:00,256.250000,256.429993,255.600006,255.649994,38630
2026-08-12 17:45:00+00:00,255.649994,255.990005,255.520004,255.520706,19165
2026-08-12 17:50:00+00:00,255.585007,255.619995,255.399994,255.589996,21464
2026-08-12 17:55:00+00:00,255.554993,255.750000,255.550003,255.669998,22560
2026-08-12 18:00:00+00:00,255.669998,255.899994,255.529999,255.789993,15809
2026-08-12 18:05:00+00:00,255.820007,256.204987,255.789993,256.149994,16989
2026-08-12 18:10:00+00:00,256.149994,256.279999,255.779999,256.010010,21079
2026-08-12 18:15:00+00:00,256.000000,256.186005,255.899994,256.019989,117204
2026-08-12 18:20:00+00:00,255.994995,256.260010,255.994995,256.160004,12942
2026-08-12 18:25:00+00:00,256.059998,256.059998,255.792404,255.979996,17428
2026-08-12 18:30:00+00:00,255.990005,256.574005,255.960007,256.574005,20910
2026-08-12 18:35:00+00:00,256.595001,256.614990,256.250000,256.399994,18851
2026-08-12 18:40:00+00:00,256.334991,256.390015,256.019989,256.079987,34866
2026-08-12 18:45:00+00:00,256.109985,256.209991,255.600006,255.869995,34330
2026-08-12 18:50:00+00:00,255.889999,256.299988,255.789993,256.285004,30717
2026-08-12 18:55:00+00:00,256.339996,256.600006,256.325012,256.404999,27279
2026-08-12 19:00:00+00:00,256.369995,256.500000,256.214996,256.470001,24199
2026-08-12 19:05:00+00:00,256.470001,257.329987,256.470001,257.160004,39123
2026-08-12 19:10:00+00:00,257.170013,257.489990,257.000092,257.429993,23194
2026-08-12 19:15:00+00:00,257.364990,257.714996,257.269989,257.649994,25774
2026-08-12 19:20:00+00:00,257.700012,257.880005,257.529999,257.809998,26312
2026-08-12 19:25:00+00:00,257.795013,258.000000,257.795013,257.980011,41458
2026-08-12 19:30:00+00:00,257.970001,258.684113,257.970001,258.114990,46884
2026-08-12 19:35:00+00:00,258.109985,258.250000,257.410004,258.010010,125191
2026-08-12 19:40:00+00:00,258.024994,258.420013,258.007202,258.260010,47074
2026-08-12 19:45:00+00:00,258.250000,258.500000,257.779999,257.859985,60832
2026-08-12 19:50:00+00:00,257.890015,258.720001,257.589996,258.640015,181460
2026-08-12 19:55:00+00:00,258.709991,258.929993,258.380005,258.820007,255147
2026-08-13 13:30:00+00:00,261.605011,262.160004,259.839996,260.600006,124360
2026-08-13 13:35:00+00:00,260.809998,261.309998,259.230011,260.200012,43469
2026-08-13 13:40:00+00:00,260.089996,260.649994,259.299988,260.359985,41279
2026-08-13 13:45:00+00:00,260.000000,261.350006,259.450012,261.350006,35091
2026-08-13 13:50:00+00:00,261.470001,263.114990,261.049988,262.795013,57855
2026-08-13 13:55:00+00:00,262.799988,263.100006,261.339996,261.339996,36137
2026-08-13 14:00:00+00:00,261.130005,262.690002,261.122986,262.540009,37602
2026-08-13 14:05:00+00:00,262.595001,263.019989,262.200012,262.859985,34644
2026-08-13 14:10:00+00:00,263.000000,263.359985,262.619995,262.750000,33971
2026-08-13 14:15:00+00:00,262.649994,263.839996,262.649994,263.839996,37747
2026-08-13 14:20:00+00:00,263.829987,264.070007,262.429993,262.429993,28184
2026-08-13 14:25:00+00:00,262.390015,262.579987,260.739990,261.095001,36537
2026-08-13 14:30:00+00:00,260.950104,261.619995,260.679993,261.350006,40653
2026-08-13 14:35:00+00:00,261.279999,261.404999,260.350006,260.350006,21742
2026-08-13 14:40:00+00:00,260.350006,260.649994,260.029999,260.450012,40626
2026-08-13 14:45:00+00:00,260.434998,260.625000,259.709991,259.929993,27151
2026-08-13 14:50:00+00:00,260.010010,260.450012,259.709991,260.144989,19824
2026-08-13 14:55:00+00:00,260.190002,260.694885,260.109985,260.500000,31671
2026-08-13 15:00:00+00:00,260.500000,260.660004,259.840088,260.100006,17382
2026-08-13 15:05:00+00:00,260.250000,260.255005,258.600006,258.835114,69182
2026-08-13 15:10:00+00:00,258.869995,259.100006,257.795013,258.105011,47832
2026-08-13 15:15:00+00:00,258.073792,258.359985,257.619995,258.359985,31635
2026-08-13 15:20:00+00:00,258.240112,258.399994,256.899994,257.100006,30553
2026-08-13 15:25:00+00:00,257.065002,257.269989,256.350006,256.526001,36260
2026-08-13 15:30:00+00:00,256.549988,257.587402,256.510010,257.500000,27818
2026-08-13 15:35:00+00:00,257.535095,257.839996,257.070007,257.415009,32110
2026-08-13 15:40:00+00:00,257.279999,257.429993,256.950012,256.994995,24564
2026-08-13 15:45:00+00:00,256.989990,257.019989,256.191803,256.369995,20650
2026-08-13 15:50:00+00:00,256.375000,256.769989,256.239990,256.510010,30414
2026-08-13 15:55:00+00:00,256.540009,256.540009,255.850006,255.940002,22352
2026-08-13 16:00:00+00:00,255.889999,256.420013,255.889999,256.420013,18300
2026-08-13 16:05:00+00:00,256.440002,256.450012,255.960007,256.209991,16171
2026-08-13 16:10:00+00:00,256.250000,256.753510,256.140015,256.700012,23740
2026-08-13 16:15:00+00:00,256.700012,256.700012,256.375000,256.410004,16042
2026-08-13 16:20:00+00:00,256.434998,256.584991,255.940094,255.979996,20274
2026-08-13 16:25:00+00:00,255.940002,256.510010,255.850006,256.510010,47817
2026-08-13 16:30:00+00:00,256.600006,256.600006,256.239990,256.480011,22337
2026-08-13 16:35:00+00:00,256.480011,256.609985,256.220001,256.440002,24241
2026-08-13 16:40:00+00:00,256.429993,256.589996,256.279999,256.584991,20264
2026-08-13 16:45:00+00:00,256.589996,256.809998,256.529999,256.619995,20796
2026-08-13 16:50:00+00:00,256.630005,257.295013,256.630005,257.269989,23544
2026-08-13 16:55:00+00:00,257.279999,257.349915,256.890015,257.029999,15078
2026-08-13 17:00:00+00:00,257.029999,257.239990,256.739990,256.799988,15872
2026-08-13 17:05:00+00:00,256.829987,257.250000,256.750000,257.149994,18952
2026-08-13 17:10:00+00:00,257.179993,257.394989,257.170013,257.260010,14332
2026-08-13 17:15:00+00:00,257.309998,257.452393,256.829987,256.899994,25364
2026-08-13 17:20:00+00:00,256.885010,257.375000,256.859985,257.000000,18919
2026-08-13 17:25:00+00:00,256.989990,257.239990,256.989990,257.165009,18898
2026-08-13 17:30:00+00:00,257.190002,257.320007,257.080109,257.149994,18753
2026-08-13 17:35:00+00:00,257.195007,257.524994,256.929993,257.329987,38337
2026-08-13 17:40:00+00:00,257.325012,257.390015,257.160004,257.332489,10414
2026-08-13 17:45:00+00:00,257.339996,257.790009,257.290009,257.790009,27319
2026-08-13 17:50:00+00:00,257.825012,258.269989,257.630005,258.035004,23084
2026-08-13 17:55:00+00:00,258.070007,258.145599,257.649994,257.720093,20669
2026-08-13 18:00:00+00:00,257.795013,258.049988,257.774994,257.779999,15589
2026-08-13 18:05:00+00:00,257.750000,258.140015,257.720001,257.940002,14234
2026-08-13 18:10:00+00:00,257.940002,258.179993,257.825012,257.945007,15221
2026-08-13 18:15:00+00:00,257.899994,258.020813,257.820007,257.940002,13611
2026-08-13 18:20:00+00:00,257.989990,258.149994,257.945007,258.019989,14010
2026-08-13 18:25:00+00:00,258.054993,258.209991,257.730011,257.750000,21418
2026-08-13 18:30:00+00:00,257.750000,260.450012,257.559998,260.450012,137721
2026-08-13 18:35:00+00:00,260.269989,266.999908,259.804993,266.999908,439503
2026-08-13 18:40:00+00:00,266.720001,268.980011,265.350006,268.595001,187398
2026-08-13 18:45:00+00:00,268.595001,268.980011,266.554993,267.350006,173503
2026-08-13 18:50:00+00:00,267.649994,267.989899,266.174988,267.119995,155150
2026-08-13 18:55:00+00:00,266.929993,267.589996,266.410004,267.589996,91929
2026-08-13 19:00:00+00:00,267.364990,268.100006,266.500000,268.029999,70173
2026-08-13 19:05:00+00:00,268.089996,268.200012,267.170013,267.989990,64452
2026-08-13 19:10:00+00:00,268.179993,268.679901,267.321014,268.244995,59543
2026-08-13 19:15:00+00:00,268.369995,269.190002,267.510010,267.779999,73465
2026-08-13 19:20:00+00:00,267.815002,269.399994,267.804993,269.399994,62761
2026-08-13 19:25:00+00:00,269.500000,270.079987,268.950012,269.959991,83712
2026-08-13 19:30:00+00:00,270.100006,271.239990,269.440002,271.184998,148068
2026-08-13 19:35:00+00:00,271.130005,271.510010,269.720001,271.424988,129981
2026-08-13 19:40:00+00:00,271.509888,271.815002,271.000000,271.696014,109009
2026-08-13 19:45:00+00:00,271.720001,271.880005,270.890015,270.975006,117109
2026-08-13 19:50:00+00:00,270.869995,271.380005,269.770111,270.200012,194870
2026-08-13 19:55:00+00:00,270.250000,270.850006,270.220001,270.480011,286770
2026-08-14 13:30:00+00:00,273.220001,273.399994,265.000000,266.790009,229971
2026-08-14 13:35:00+00:00,266.640015,266.829987,263.790009,264.260010,88962
2026-08-14 13:40:00+00:00,264.265015,264.579987,262.899994,263.059998,73511
2026-08-14 13:45:00+00:00,263.045013,263.899994,262.489990,262.500000,97901
2026-08-14 13:50:00+00:00,262.329987,263.209991,261.920013,262.095001,66207
2026-08-14 13:55:00+00:00,262.089996,263.589996,261.869995,263.589996,68813
2026-08-14 14:00:00+00:00,263.890015,263.959991,262.709991,262.934998,60700
2026-08-14 14:05:00+00:00,263.059998,263.579987,261.809998,262.174896,47978
2026-08-14 14:10:00+00:00,262.089996,262.869995,261.910004,262.578308,38753
2026-08-14 14:15:00+00:00,262.619995,263.299988,262.140015,262.970001,32944
2026-08-14 14:20:00+00:00,263.160004,263.649994,262.709991,263.609985,31238
2026-08-14 14:25:00+00:00,263.609985,263.699890,262.709991,262.709991,34487
2026-08-14 14:30:00+00:00,263.019989,263.700012,262.799988,262.799988,32830
2026-08-14 14:35:00+00:00,262.799988,263.290009,262.709991,262.945007,16687
2026-08-14 14:40:00+00:00,263.015015,263.015015,262.250000,262.450012,20067
2026-08-14 14:45:00+00:00,262.450012,262.899994,261.760010,261.760010,28592
2026-08-14 14:50:00+00:00,261.963013,262.159912,261.670013,261.820007,39232
2026-08-14 14:55:00+00:00,261.845001,262.519989,261.845001,262.459991,28193
2026-08-14 15:00:00+00:00,262.519989,262.849915,262.440002,262.570007,19934
2026-08-14 15:05:00+00:00,262.630005,262.919891,262.420013,262.730011,22995
2026-08-14 15:10:00+00:00,262.730011,263.720001,262.730011,263.635010,21520
2026-08-14 15:15:00+00:00,263.549988,263.993011,263.299988,263.970306,38666
2026-08-14 15:20:00+00:00,263.989990,264.380310,263.878510,264.329987,30533
2026-08-14 15:25:00+00:00,264.220001,264.329987,263.880005,264.135010,25956
2026-08-14 15:30:00+00:00,264.130005,264.609985,263.970001,264.244995,63120
2026-08-14 15:35:00+00:00,264.244995,265.250000,264.209991,265.200104,21985
2026-08-14 15:40:00+00:00,265.239990,265.399994,264.950104,265.140015,20124
2026-08-14 15:45:00+00:00,265.204010,265.707001,265.200012,265.640015,19682
2026-08-14 15:50:00+00:00,265.630005,266.140015,265.549988,266.040497,27418
2026-08-14 15:55:00+00:00,266.040009,266.130005,265.779999,265.904999,15144
2026-08-14 16:00:00+00:00,266.049988,266.049988,265.390015,265.390015,13038
2026-08-14 16:05:00+00:00,265.399994,265.660004,265.089996,265.214996,12042
2026-08-14 16:10:00+00:00,265.404999,265.600006,264.940002,265.109985,18647
2026-08-14 16:15:00+00:00,265.109985,265.109985,264.350098,264.429993,12741
2026-08-14 16:20:00+00:00,264.381989,264.769989,264.070007,264.119995,11926
2026-08-14 16:25:00+00:00,264.070007,264.804993,264.040009,264.695007,13854
2026-08-14 16:30:00+00:00,264.690002,265.219910,264.630005,264.910004,12489
2026-08-14 16:35:00+00:00,264.975006,265.010712,264.325012,264.380005,10358
2026-08-14 16:40:00+00:00,264.385010,264.579987,264.279999,264.410004,10102
2026-08-14 16:45:00+00:00,264.380005,264.419891,264.170013,264.170013,9904
2026-08-14 16:50:00+00:00,264.054993,264.341797,264.054993,264.190002,17734
2026-08-14 16:55:00+00:00,264.190002,264.339996,263.924988,264.130005,17528
2026-08-14 17:00:00+00:00,264.075012,264.380005,263.940002,264.045807,11820
2026-08-14 17:05:00+00:00,264.070007,264.290009,264.040009,264.195007,13268
2026-08-14 17:10:00+00:00,264.190002,264.380005,264.190002,264.380005,6713
2026-08-14 17:15:00+00:00,264.359985,264.420013,264.190002,264.364990,8257
2026-08-14 17:20:00+00:00,264.369995,264.500000,264.179993,264.429993,9151
2026-08-14 17:25:00+00:00,264.430115,264.750000,264.430115,264.640015,13498
2026-08-14 17:30:00+00:00,264.640015,264.760010,264.220001,264.510010,12119
2026-08-14 17:35:00+00:00,264.450012,264.535004,264.256989,264.510010,8741
2026-08-14 17:40:00+00:00,264.489990,264.899994,264.459991,264.829987,10392
2026-08-14 17:45:00+00:00,264.850006,264.880005,264.500000,264.559998,9001
2026-08-14 17:50:00+00:00,264.565002,264.872406,264.565002,264.834808,9978
2026-08-14 17:55:00+00:00,264.799988,265.100006,264.709991,265.049988,10167
2026-08-14 18:00:00+00:00,265.054993,265.429993,264.970001,265.299988,17522
2026-08-14 18:05:00+00:00,265.290009,265.329987,264.660004,264.690002,15184
2026-08-14 18:10:00+00:00,264.670013,265.190002,264.649994,265.190002,12323
2026-08-14 18:15:00+00:00,265.190002,265.339996,265.010010,265.290009,15775
2026-08-14 18:20:00+00:00,265.369995,265.660004,265.250000,265.559998,15504
2026-08-14 18:25:00+00:00,265.619995,265.619995,264.970001,264.970001,27413
2026-08-14 18:30:00+00:00,265.000000,265.119995,264.835907,265.019897,23518
2026-08-14 18:35:00+00:00,264.984985,265.198395,264.760010,264.804993,29281
2026-08-14 18:40:00+00:00,264.750000,265.350006,264.739990,265.149994,13631
2026-08-14 18:45:00+00:00,265.269989,265.339996,265.054993,265.239990,21714
2026-08-14 18:50:00+00:00,265.265015,265.589996,265.220001,265.260010,14197
2026-08-14 18:55:00+00:00,265.309998,265.350006,265.170013,265.209991,15476
2026-08-14 19:00:00+00:00,265.204987,265.421692,265.089996,265.334991,16088
2026-08-14 19:05:00+00:00,265.279999,265.359985,265.010010,265.017487,16820
2026-08-14 19:10:00+00:00,265.000000,265.140015,264.809998,265.049988,19971
2026-08-14 19:15:00+00:00,265.029999,265.130005,264.829987,264.920013,21454
2026-08-14 19:20:00+00:00,264.975006,264.975006,264.670013,264.709991,24975
2026-08-14 19:25:00+00:00,264.747986,264.839996,264.579987,264.690002,29687
2026-08-14 19:30:00+00:00,264.788696,264.809998,264.250885,264.480011,29483
2026-08-14 19:35:00+00:00,264.480011,264.559998,263.929993,264.049988,27216
2026-08-14 19:40:00+00:00,264.000000,264.309998,263.750000,264.309998,33025
2026-08-14 19:45:00+00:00,264.355011,264.362488,263.619995,264.239990,34880
2026-08-14 19:50:00+00:00,264.140015,264.570007,264.000000,264.385010,66500
2026-08-14 19:55:00+00:00,264.385010,264.454987,263.829987,264.029999,194493
2026-08-17 13:30:00+00:00,259.899994,260.880005,258.580109,260.329987,153153
2026-08-17 13:35:00+00:00,260.605011,261.649994,259.361115,259.380005,50255
2026-08-17 13:40:00+00:00,259.380188,259.609894,257.200012,257.315002,43083
2026-08-17 13:45:00+00:00,257.200012,257.579987,255.630005,256.209991,82914
2026-08-17 13:50:00+00:00,255.949997,256.779999,255.399994,256.154999,70010
2026-08-17 13:55:00+00:00,256.154999,256.260010,255.199997,255.485001,43984
2026-08-17 14:00:00+00:00,255.809998,256.253204,255.031403,256.049988,37847
2026-08-17 14:05:00+00:00,256.170013,256.399902,255.610001,256.309998,33042
2026-08-17 14:10:00+00:00,256.329987,256.600006,255.979996,256.299988,52704
2026-08-17 14:15:00+00:00,256.299988,256.890015,255.910004,256.279999,68303
2026-08-17 14:20:00+00:00,256.279999,256.790009,255.889999,256.024994,51671
2026-08-17 14:25:00+00:00,256.143005,256.212097,255.699997,255.860001,25399
2026-08-17 14:30:00+00:00,255.794998,256.470001,255.770004,255.949997,30390
2026-08-17 14:35:00+00:00,255.945007,256.339996,255.440002,255.500000,54711
2026-08-17 14:40:00+00:00,255.610001,256.309998,255.479996,256.125000,27641
2026-08-17 14:45:00+00:00,256.161011,256.199890,254.889999,255.304993,52812
2026-08-17 14:50:00+00:00,255.389999,255.470001,254.847000,254.861801,31605
2026-08-17 14:55:00+00:00,254.860001,254.949997,254.509995,254.809998,31139
2026-08-17 15:00:00+00:00,254.759995,254.919998,254.389999,254.445007,32073
2026-08-17 15:05:00+00:00,254.449997,254.679993,254.139999,254.395004,24159
2026-08-17 15:10:00+00:00,254.380005,254.574997,254.229996,254.264999,28432
2026-08-17 15:15:00+00:00,254.255005,254.365005,253.350098,253.729996,61616
2026-08-17 15:20:00+00:00,253.750000,253.889999,253.410004,253.740005,63133
2026-08-17 15:25:00+00:00,253.725006,254.050003,253.679993,253.740005,33257
2026-08-17 15:30:00+00:00,253.740005,253.979996,253.380005,253.440002,38591
2026-08-17 15:35:00+00:00,253.399994,253.720001,253.259995,253.600006,51439
2026-08-17 15:40:00+00:00,253.600006,253.654999,252.919998,253.139999,53834
2026-08-17 15:45:00+00:00,253.179993,253.330002,252.899994,252.985001,33803
2026-08-17 15:50:00+00:00,252.929993,253.220001,252.500107,252.699997,40650
2026-08-17 15:55:00+00:00,252.714996,252.779999,252.339996,252.375000,38224
2026-08-17 16:00:00+00:00,252.369995,252.589996,252.070007,252.139999,48023
2026-08-17 16:05:00+00:00,252.169907,252.250000,251.621994,251.632004,43149
2026-08-17 16:10:00+00:00,251.649994,251.809998,251.404999,251.600006,35636
2026-08-17 16:15:00+00:00,251.589996,251.740005,251.400101,251.588699,28980
2026-08-17 16:20:00+00:00,251.580002,251.800003,251.339996,251.410004,36378
2026-08-17 16:25:00+00:00,251.410004,251.649994,251.200104,251.649994,26646
2026-08-17 16:30:00+00:00,251.615005,252.250000,251.600204,251.979996,42839
2026-08-17 16:35:00+00:00,251.964996,252.350006,251.865005,252.285095,17403
2026-08-17 16:40:00+00:00,252.220001,252.279999,251.710007,251.845001,19472
2026-08-17 16:45:00+00:00,251.845001,252.149994,251.815002,251.990005,21759
2026-08-17 16:50:00+00:00,251.975006,252.035004,251.639999,251.705002,21325
2026-08-17 16:55:00+00:00,251.695007,251.869995,251.560104,251.820007,18392
2026-08-17 17:00:00+00:00,251.789993,251.850006,251.590103,251.705002,17292
2026-08-17 17:05:00+00:00,251.729996,251.910004,251.550003,251.899994,18303
2026-08-17 17:10:00+00:00,251.830002,252.100006,251.789993,251.794998,25609
2026-08-17 17:15:00+00:00,251.800003,252.350006,251.630005,252.289993,27097
2026-08-17 17:20:00+00:00,252.270004,252.449997,252.020004,252.309998,29246
2026-08-17 17:25:00+00:00,252.279999,252.419998,252.070007,252.419998,25304
2026-08-17 17:30:00+00:00,252.330002,253.270004,252.330002,253.190002,55487
2026-08-17 17:35:00+00:00,253.175003,253.554993,253.085007,253.474106,27259
2026-08-17 17:40:00+00:00,253.470001,253.550003,253.095001,253.259995,26121
2026-08-17 17:45:00+00:00,253.321198,253.365005,253.029999,253.210007,22501
2026-08-17 17:50:00+00:00,253.169998,253.429901,253.059998,253.089996,17412
2026-08-17 17:55:00+00:00,253.089996,253.220001,253.029999,253.179993,19878
2026-08-17 18:00:00+00:00,253.179993,253.619995,253.130005,253.130005,22974
2026-08-17 18:05:00+00:00,253.190094,253.515198,252.919998,253.369995,22941
2026-08-17 18:10:00+00:00,253.384995,253.449997,253.119995,253.149994,24136
2026-08-17 18:15:00+00:00,253.115005,253.214996,252.929993,253.024994,28195
2026-08-17 18:20:00+00:00,252.979996,253.070007,252.595001,253.035004,41249
2026-08-17 18:25:00+00:00,253.070007,253.190002,252.899994,253.070007,26559
2026-08-17 18:30:00+00:00,253.070007,253.490005,252.940002,253.479996,22331
2026-08-17 18:35:00+00:00,253.464996,253.520004,253.059998,253.330002,18450
2026-08-17 18:40:00+00:00,253.330002,253.729996,253.240097,253.679993,24496
2026-08-17 18:45:00+00:00,253.679993,254.000000,253.610001,253.720001,44296
2026-08-17 18:50:00+00:00,253.720001,253.940002,253.660004,253.850006,29524
2026-08-17 18:55:00+00:00,253.880005,253.979996,253.759995,253.979996,27447
2026-08-17 19:00:00+00:00,253.960007,254.154999,253.899994,254.139999,25554
2026-08-17 19:05:00+00:00,254.160004,254.399994,254.100006,254.369995,26409
2026-08-17 19:10:00+00:00,254.324997,254.899994,254.199997,254.800003,38377
2026-08-17 19:15:00+00:00,254.815002,254.990005,254.529999,254.929993,52524
2026-08-17 19:20:00+00:00,255.000000,255.315002,254.990005,255.195007,54777
2026-08-17 19:25:00+00:00,255.210007,255.210007,254.529999,254.740005,57464
2026-08-17 19:30:00+00:00,254.759995,254.779999,254.229996,254.240005,50752
2026-08-17 19:35:00+00:00,254.190002,254.274994,254.009995,254.089996,42452
2026-08-17 19:40:00+00:00,254.089996,254.764999,254.089996,254.399994,48644
2026-08-17 19:45:00+00:00,254.399994,254.690002,254.169998,254.684998,54115
2026-08-17 19:50:00+00:00,254.679993,254.679993,254.100006,254.190002,101762
2026-08-17 19:55:00+00:00,254.184998,254.279999,253.770004,254.044998,205790
2026-08-18 13:30:00+00:00,259.929993,260.989990,258.190002,259.299988,267714
2026-08-18 13:35:00+00:00,259.279999,260.839996,259.005188,260.670013,86269
2026-08-18 13:40:00+00:00,260.532593,261.980011,260.209991,261.859985,54510
2026-08-18 13:45:00+00:00,261.809998,263.429993,261.287109,263.029999,106755
2026-08-18 13:50:00+00:00,263.079987,265.107910,262.950104,264.549988,95476
2026-08-18 13:55:00+00:00,264.820007,265.039886,262.665314,262.954987,81149
2026-08-18 14:00:00+00:00,262.964996,264.989990,262.940002,264.640015,97569
2026-08-18 14:05:00+00:00,264.640015,265.399994,264.440094,265.170013,94066
2026-08-18 14:10:00+00:00,265.200012,265.709991,264.769989,265.510010,84347
2026-08-18 14:15:00+00:00,265.700012,265.799988,264.541901,264.809998,63303
2026-08-18 14:20:00+00:00,264.910004,265.399994,264.390015,264.950012,74492
2026-08-18 14:25:00+00:00,264.940002,265.010010,263.010101,263.029999,45974
2026-08-18 14:30:00+00:00,263.040009,263.440002,262.500000,262.750092,47154
2026-08-18 14:35:00+00:00,262.769989,263.149994,261.890015,262.323914,82377
2026-08-18 14:40:00+00:00,262.230011,262.589996,261.779999,262.588898,38126
2026-08-18 14:45:00+00:00,262.630005,263.339996,262.630005,263.299988,40296
2026-08-18 14:50:00+00:00,263.340210,263.829987,262.619995,262.640015,32088
2026-08-18 14:55:00+00:00,262.640015,264.225006,262.529999,264.084991,54377
2026-08-18 15:00:00+00:00,264.089905,264.390015,263.744995,263.744995,38592
2026-08-18 15:05:00+00:00,263.744995,264.250000,263.405396,264.059998,30438
2026-08-18 15:10:00+00:00,264.100006,264.449890,263.850006,264.320007,35517
2026-08-18 15:15:00+00:00,264.190002,264.349915,263.890015,264.190002,36561
2026-08-18 15:20:00+00:00,264.195007,264.420013,263.450104,263.660004,48943
2026-08-18 15:25:00+00:00,263.579987,264.084991,263.500000,263.790009,29289
2026-08-18 15:30:00+00:00,263.850006,263.894989,263.399994,263.584991,46399
2026-08-18 15:35:00+00:00,263.529999,264.420013,263.529999,264.339996,30808
2026-08-18 15:40:00+00:00,264.404999,264.510010,263.920013,264.105011,38125
2026-08-18 15:45:00+00:00,264.105011,264.600006,263.980011,264.040009,18298
2026-08-18 15:50:00+00:00,264.130005,264.429993,263.890015,264.070007,20177
2026-08-18 15:55:00+00:00,264.070007,264.570007,264.000000,264.390015,22410
2026-08-18 16:00:00+00:00,264.410004,264.690002,264.000000,264.475006,18871
2026-08-18 16:05:00+00:00,264.519989,265.410004,264.429993,265.390015,38589
2026-08-18 16:10:00+00:00,265.390015,266.089996,265.290009,265.945007,52669
2026-08-18 16:15:00+00:00,265.945007,266.000000,265.370087,265.570007,24390
2026-08-18 16:20:00+00:00,265.540009,265.589996,265.239990,265.345001,23589
2026-08-18 16:25:00+00:00,265.339996,265.524994,265.000000,265.429993,20427
2026-08-18 16:30:00+00:00,265.500000,265.549988,265.100006,265.239990,24651
2026-08-18 16:35:00+00:00,265.019989,265.649994,265.010010,265.464996,27106
2026-08-18 16:40:00+00:00,265.459991,265.989990,265.459991,265.950012,22344
2026-08-18 16:45:00+00:00,265.855011,266.079987,265.730011,265.850006,17960
2026-08-18 16:50:00+00:00,265.809998,265.970001,265.535004,265.864990,21794
2026-08-18 16:55:00+00:00,265.899994,265.998993,265.630005,265.630005,19660
2026-08-18 17:00:00+00:00,265.700012,265.709991,265.505005,265.619995,21386
2026-08-18 17:05:00+00:00,265.640015,266.313202,265.612793,266.230011,36010
2026-08-18 17:10:00+00:00,266.398987,266.398987,266.019989,266.053009,22777
2026-08-18 17:15:00+00:00,266.130005,266.379913,265.940002,266.325012,25515
2026-08-18 17:20:00+00:00,266.325012,266.688293,266.269989,266.679993,32116
2026-08-18 17:25:00+00:00,266.679993,266.679993,266.247009,266.454987,20085
2026-08-18 17:30:00+00:00,266.494995,266.679993,266.220001,266.459991,19143
2026-08-18 17:35:00+00:00,266.480011,266.599915,266.410004,266.599915,28267
2026-08-18 17:40:00+00:00,266.600006,266.600006,265.899994,266.239990,39589
2026-08-18 17:45:00+00:00,266.274994,266.429993,266.209991,266.339996,36083
2026-08-18 17:50:00+00:00,266.355011,266.410004,266.209991,266.385010,16552
2026-08-18 17:55:00+00:00,266.380005,266.839996,266.299011,266.640015,37429
2026-08-18 18:00:00+00:00,266.665009,266.924988,266.410004,266.779999,35571
2026-08-18 18:05:00+00:00,266.790009,267.239197,266.459991,267.125000,32269
2026-08-18 18:10:00+00:00,267.126007,267.390015,267.109985,267.140015,24121
2026-08-18 18:15:00+00:00,267.209991,267.279999,266.720001,267.119995,24141
2026-08-18 18:20:00+00:00,267.000000,267.380005,266.989990,267.320007,27465
2026-08-18 18:25:00+00:00,267.269989,267.269989,267.100006,267.170013,17463
2026-08-18 18:30:00+00:00,267.220001,267.299988,266.679993,266.679993,21577
2026-08-18 18:35:00+00:00,266.709991,266.709991,266.045013,266.045013,28493
2026-08-18 18:40:00+00:00,266.052490,266.170013,265.367004,265.367004,33762
2026-08-18 18:45:00+00:00,265.386902,265.489990,264.829987,265.320007,60353
2026-08-18 18:50:00+00:00,265.290009,265.579987,265.165009,265.559998,33560
2026-08-18 18:55:00+00:00,265.588989,265.679993,265.250000,265.420013,23415
2026-08-18 19:00:00+00:00,265.429993,265.722992,265.315002,265.565002,23841
2026-08-18 19:05:00+00:00,265.554993,265.890015,265.334991,265.589996,24477
2026-08-18 19:10:00+00:00,265.565002,265.950012,265.529999,265.640015,30808
2026-08-18 19:15:00+00:00,265.610107,265.760010,265.380005,265.570007,32330
2026-08-18 19:20:00+00:00,265.554993,265.839996,265.285797,265.839996,44756
2026-08-18 19:25:00+00:00,265.820007,265.970001,265.089996,265.339996,41649
2026-08-18 19:30:00+00:00,265.359985,265.890015,265.250000,265.464996,56643
2026-08-18 19:35:00+00:00,265.459991,265.489990,264.630005,264.989990,46788
2026-08-18 19:40:00+00:00,265.029999,265.079987,263.619995,263.859985,42153
2026-08-18 19:45:00+00:00,263.769989,264.200012,263.739990,264.119995,50486
2026-08-18 19:50:00+00:00,264.049988,264.089996,263.170013,263.529999,125154
2026-08-18 19:55:00+00:00,263.489990,263.489990,262.640015,263.119995,278485
2026-08-19 13:30:00+00:00,262.190002,268.380005,261.670013,267.799988,174564
2026-08-19 13:35:00+00:00,267.760010,269.779999,267.720001,269.700012,73850
2026-08-19 13:40:00+00:00,269.595001,270.439911,267.910004,268.274994,70854
2026-08-19 13:45:00+00:00,268.089996,269.427490,266.885010,269.380005,55032
2026-08-19 13:50:00+00:00,269.380005,269.690002,268.660004,269.579987,79345
2026-08-19 13:55:00+00:00,269.674988,270.399994,268.600006,270.369904,79418
2026-08-19 14:00:00+00:00,270.200012,271.299988,269.989990,270.260010,85096
2026-08-19 14:05:00+00:00,270.505005,270.899994,269.709991,270.640015,76593
2026-08-19 14:10:00+00:00,270.515015,270.934998,270.220001,270.256989,57514
2026-08-19 14:15:00+00:00,270.399994,271.820007,270.239990,271.355011,54793
2026-08-19 14:20:00+00:00,271.410004,271.739502,270.420013,271.035004,58921
2026-08-19 14:25:00+00:00,271.040009,271.799988,270.570007,270.850006,60377
2026-08-19 14:30:00+00:00,270.820007,272.200012,270.785004,272.130493,53160
2026-08-19 14:35:00+00:00,272.220001,272.880005,271.740112,271.994995,80632
2026-08-19 14:40:00+00:00,271.899994,272.649994,271.850006,272.380005,61964
2026-08-19 14:45:00+00:00,272.375000,273.440002,272.370087,272.810089,143276
2026-08-19 14:50:00+00:00,272.904999,274.311890,272.904999,274.195007,76802
2026-08-19 14:55:00+00:00,274.255005,275.510010,274.226990,274.829987,151608
2026-08-19 15:00:00+00:00,274.820007,275.799896,274.700012,274.934998,58086
2026-08-19 15:05:00+00:00,274.945007,275.070007,273.119995,273.511108,50411
2026-08-19 15:10:00+00:00,273.494995,273.989990,273.149994,273.415009,63424
2026-08-19 15:15:00+00:00,273.424988,273.779999,273.310486,273.779999,34635
2026-08-19 15:20:00+00:00,273.779999,273.934998,273.239990,273.790009,33169
2026-08-19 15:25:00+00:00,273.815002,274.225006,273.045990,273.190002,57938
2026-08-19 15:30:00+00:00,273.190002,273.734985,273.089996,273.500000,24161
2026-08-19 15:35:00+00:00,273.500000,273.649994,273.000000,273.200012,138700
2026-08-19 15:40:00+00:00,273.160004,273.630005,272.869995,273.630005,53032
2026-08-19 15:45:00+00:00,273.609985,273.790009,273.315002,273.754303,67199
2026-08-19 15:50:00+00:00,273.829987,274.000000,273.510010,273.785004,36156
2026-08-19 15:55:00+00:00,273.779999,274.440002,273.720093,274.079987,30956
2026-08-19 16:00:00+00:00,274.209991,274.209991,273.769989,274.000000,24219
2026-08-19 16:05:00+00:00,274.019989,274.279999,273.380005,273.475006,20846
2026-08-19 16:10:00+00:00,273.437012,273.899994,273.170013,273.899994,17320
2026-08-19 16:15:00+00:00,273.999908,274.369995,273.969788,274.269989,20147
2026-08-19 16:20:00+00:00,274.380005,274.380005,273.420013,273.635010,21304
2026-08-19 16:25:00+00:00,273.779999,273.899994,273.269989,273.369995,18378
2026-08-19 16:30:00+00:00,273.369995,273.570007,273.160004,273.309998,28301
2026-08-19 16:35:00+00:00,273.290009,273.470001,272.954987,272.954987,33159
2026-08-19 16:40:00+00:00,272.980011,273.100006,272.500000,273.010010,24752
2026-08-19 16:45:00+00:00,272.954987,272.954987,272.510010,272.630005,32674
2026-08-19 16:50:00+00:00,272.640015,272.670013,272.079987,272.105011,22135
2026-08-19 16:55:00+00:00,272.109985,272.690002,272.029999,272.679993,19341
2026-08-19 17:00:00+00:00,272.640015,272.859985,272.480011,272.660004,19260
2026-08-19 17:05:00+00:00,272.619995,273.200012,272.459991,273.140015,25862
2026-08-19 17:10:00+00:00,273.179993,273.190002,272.859985,272.885010,30110
2026-08-19 17:15:00+00:00,272.885010,272.885010,271.859985,271.940002,22089
2026-08-19 17:20:00+00:00,272.109985,272.109985,271.296814,271.630005,35977
2026-08-19 17:25:00+00:00,271.660004,272.190002,271.614990,272.170013,26208
2026-08-19 17:30:00+00:00,272.130005,272.269989,271.820007,272.069885,26259
2026-08-19 17:35:00+00:00,272.059998,272.190002,271.609985,272.005005,23003
2026-08-19 17:40:00+00:00,272.000000,272.500000,271.975006,272.454987,29135
2026-08-19 17:45:00+00:00,272.480011,272.649994,272.269989,272.475006,20751
2026-08-19 17:50:00+00:00,272.510010,272.970001,272.500000,272.769989,22867
2026-08-19 17:55:00+00:00,272.709991,273.179993,272.670013,273.029999,61832
2026-08-19 18:00:00+00:00,272.869995,273.040009,272.579987,272.649994,43453
2026-08-19 18:05:00+00:00,272.679993,273.049988,272.640015,273.019989,38810
2026-08-19 18:10:00+00:00,273.019989,273.535004,272.899994,273.500000,56160
2026-08-19 18:15:00+00:00,273.640015,273.640015,273.100006,273.100006,29203
2026-08-19 18:20:00+00:00,272.989990,273.339996,272.809998,273.220001,40936
2026-08-19 18:25:00+00:00,273.309998,273.720001,273.179993,273.700012,27221
2026-08-19 18:30:00+00:00,273.700012,273.790009,273.170013,273.260010,25510
2026-08-19 18:35:00+00:00,273.250000,274.070007,273.250000,274.070007,21884
2026-08-19 18:40:00+00:00,274.059998,274.308411,273.000000,273.160004,33512
2026-08-19 18:45:00+00:00,273.160004,273.304993,272.980011,273.304993,22610
2026-08-19 18:50:00+00:00,273.304993,273.304993,273.049988,273.049988,21546
2026-08-19 18:55:00+00:00,273.049988,273.730011,273.000000,273.380005,24556
2026-08-19 19:00:00+00:00,273.394989,273.989990,273.339996,273.950012,19320
2026-08-19 19:05:00+00:00,273.940002,274.100006,273.750000,273.940002,30761
2026-08-19 19:10:00+00:00,273.945007,274.299988,273.820007,273.869995,34308
2026-08-19 19:15:00+00:00,273.869995,274.320007,273.820007,273.830994,36355
2026-08-19 19:20:00+00:00,273.769989,273.790009,272.929993,273.023010,31259
2026-08-19 19:25:00+00:00,273.100006,273.640015,272.989990,273.640015,37869
2026-08-19 19:30:00+00:00,273.559998,273.940002,273.269989,273.299988,48734
2026-08-19 19:35:00+00:00,273.399994,273.912811,273.399994,273.630005,40296
2026-08-19 19:40:00+00:00,273.579987,273.635010,273.220001,273.589996,44031
2026-08-19 19:45:00+00:00,273.600006,273.910004,272.750000,273.105011,75573
2026-08-19 19:50:00+00:00,273.105011,273.105011,272.297485,272.489990,144766
2026-08-19 19:55:00+00:00,272.540009,272.809998,272.369995,272.500000,1049508
2026-08-20 13:30:00+00:00,272.320007,273.771088,271.380005,272.489990,165415
2026-08-20 13:35:00+00:00,272.494995,272.630005,270.179993,270.864990,58736
2026-08-20 13:40:00+00:00,270.859985,272.799988,270.682800,272.760010,58082
2026-08-20 13:45:00+00:00,273.000000,274.250000,273.000000,274.024994,55649
2026-08-20 13:50:00+00:00,274.170013,274.230011,272.269989,272.526093,41548
2026-08-20 13:55:00+00:00,272.679993,273.470001,271.660004,272.829987,66202
2026-08-20 14:00:00+00:00,272.704987,273.059998,271.440002,271.790009,39602
2026-08-20 14:05:00+00:00,271.769989,271.885010,270.690002,271.029999,31819
2026-08-20 14:10:00+00:00,270.950012,271.140015,270.079987,270.554993,46545
2026-08-20 14:15:00+00:00,270.500000,271.149994,270.265991,271.040009,30399
2026-08-20 14:20:00+00:00,271.079987,271.309998,269.750000,270.040009,32923
2026-08-20 14:25:00+00:00,270.204987,270.750000,270.149994,270.529999,19918
2026-08-20 14:30:00+00:00,270.559998,271.000000,270.095001,270.149994,23438
2026-08-20 14:35:00+00:00,270.339996,270.799988,270.149994,270.339996,20911
2026-08-20 14:40:00+00:00,270.399994,270.649994,269.660004,269.980011,25487
2026-08-20 14:45:00+00:00,270.089996,270.869995,269.910004,270.519989,16563
2026-08-20 14:50:00+00:00,270.750000,271.799988,270.710114,271.660004,21225
2026-08-20 14:55:00+00:00,271.644989,272.329987,271.510010,272.265015,20048
2026-08-20 15:00:00+00:00,272.279999,272.500000,271.700012,272.399994,23352
2026-08-20 15:05:00+00:00,272.390015,272.589996,272.140015,272.489990,38035
2026-08-20 15:10:00+00:00,272.489990,273.579987,272.489990,273.531097,31231
2026-08-20 15:15:00+00:00,273.600006,273.679993,272.570007,273.279999,36287
2026-08-20 15:20:00+00:00,273.279999,273.540009,272.529999,272.959991,27293
2026-08-20 15:25:00+00:00,272.894989,272.959991,272.549988,272.720001,21489
2026-08-20 15:30:00+00:00,272.804993,272.923798,271.850006,272.630005,18143
2026-08-20 15:35:00+00:00,272.630005,272.929993,272.420013,272.739990,19955
2026-08-20 15:40:00+00:00,272.790009,273.120392,272.475006,272.975006,29277
2026-08-20 15:45:00+00:00,272.890015,273.130005,272.660004,272.825012,26297
2026-08-20 15:50:00+00:00,272.820007,273.260010,272.820007,273.070007,23923
2026-08-20 15:55:00+00:00,273.209991,273.429993,273.070007,273.119995,10599
2026-08-20 16:00:00+00:00,273.130005,273.500000,272.890015,273.269989,38223
2026-08-20 16:05:00+00:00,273.269989,273.489990,273.109985,273.299988,18876
2026-08-20 16:10:00+00:00,273.309998,273.769989,273.299988,273.450012,28518
2026-08-20 16:15:00+00:00,273.269989,273.385010,272.959991,273.045013,11002
2026-08-20 16:20:00+00:00,273.045013,273.100006,272.579987,272.730011,15064
2026-08-20 16:25:00+00:00,272.779999,272.920013,272.550110,272.869995,10672
2026-08-20 16:30:00+00:00,272.934998,272.940002,272.730011,272.785004,11119
2026-08-20 16:35:00+00:00,272.785004,272.809998,272.510010,272.529999,10736
2026-08-20 16:40:00+00:00,272.470001,272.855011,272.135010,272.855011,14110
2026-08-20 16:45:00+00:00,272.850006,272.890015,272.670013,272.670013,12891
2026-08-20 16:50:00+00:00,272.630005,273.000000,272.545013,272.940002,14414
2026-08-20 16:55:00+00:00,272.989990,273.119995,272.770111,272.960999,13760
2026-08-20 17:00:00+00:00,273.015015,273.049988,272.570007,272.589996,13864
2026-08-20 17:05:00+00:00,272.529999,272.589996,272.274994,272.440002,11718
2026-08-20 17:10:00+00:00,272.470001,272.549988,272.135010,272.260010,14468
2026-08-20 17:15:00+00:00,272.345001,272.760010,272.339996,272.500000,16273
2026-08-20 17:20:00+00:00,272.445007,272.549896,272.190094,272.329987,11917
2026-08-20 17:25:00+00:00,272.250000,272.250000,272.000000,272.230011,13214
2026-08-20 17:30:00+00:00,272.144989,272.420013,271.869995,272.410004,16208
2026-08-20 17:35:00+00:00,272.350006,272.350006,272.140015,272.160004,11230
2026-08-20 17:40:00+00:00,272.190002,272.209991,271.700104,272.059998,11418
2026-08-20 17:45:00+00:00,272.130096,272.130096,271.790009,271.900696,10179
2026-08-20 17:50:00+00:00,271.899994,272.290009,271.869995,272.149994,17017
2026-08-20 17:55:00+00:00,272.149994,272.500000,271.950012,272.309998,12160
2026-08-20 18:00:00+00:00,272.299988,272.320007,271.753906,271.753906,13061
2026-08-20 18:05:00+00:00,271.744995,272.674988,271.744995,272.570007,20093
2026-08-20 18:10:00+00:00,272.575012,272.804993,272.445007,272.554993,15294
2026-08-20 18:15:00+00:00,272.554993,272.785004,272.470001,272.575012,15024
2026-08-20 18:20:00+00:00,272.570007,272.619385,272.160004,272.160004,19867
2026-08-20 18:25:00+00:00,272.130005,272.584991,272.070007,272.500000,14767
2026-08-20 18:30:00+00:00,272.489990,272.524994,272.119995,272.195007,14712
2026-08-20 18:35:00+00:00,272.140106,272.279999,271.760010,271.820007,16628
2026-08-20 18:40:00+00:00,271.760010,272.144989,271.700012,272.130615,19176
2026-08-20 18:45:00+00:00,272.130005,272.549988,272.130005,272.480011,13553
2026-08-20 18:50:00+00:00,272.519989,272.720001,272.480011,272.670013,15493
2026-08-20 18:55:00+00:00,272.670013,272.700012,272.429993,272.589996,13715
2026-08-20 19:00:00+00:00,272.529999,272.790009,272.500000,272.570007,19492
2026-08-20 19:05:00+00:00,272.559998,272.665009,272.226013,272.329987,17719
2026-08-20 19:10:00+00:00,272.329987,272.489990,272.231995,272.399994,14877
2026-08-20 19:15:00+00:00,272.480011,272.720001,272.350006,272.364990,19314
2026-08-20 19:20:00+00:00,272.399994,272.730011,272.179993,272.720001,21319
2026-08-20 19:25:00+00:00,272.720001,273.109985,272.450012,273.109985,25889
2026-08-20 19:30:00+00:00,273.119995,273.339996,272.915009,273.250000,35275
2026-08-20 19:35:00+00:00,273.250000,273.690002,273.140015,273.529999,27618
2026-08-20 19:40:00+00:00,273.579987,273.589996,272.875000,273.250000,27630
2026-08-20 19:45:00+00:00,273.220001,273.250000,272.929993,272.984985,37606
2026-08-20 19:50:00+00:00,273.040009,273.239990,272.600006,272.855011,68763
2026-08-20 19:55:00+00:00,272.799988,272.899994,271.799988,272.200012,188322
2026-08-21 13:30:00+00:00,272.369995,274.500000,271.699005,273.260010,239638
2026-08-21 13:35:00+00:00,273.149994,275.459991,272.579987,274.230011,69371
2026-08-21 13:40:00+00:00,274.429901,274.450012,272.010010,273.247498,45384
2026-08-21 13:45:00+00:00,273.049988,273.239990,269.920013,270.397491,48897
2026-08-21 13:50:00+00:00,270.399994,272.350006,270.299988,271.820007,31551
2026-08-21 13:55:00+00:00,271.510010,272.915802,271.470001,272.345093,37026
2026-08-21 14:00:00+00:00,272.220001,273.750000,272.019989,273.750000,48726
2026-08-21 14:05:00+00:00,273.714996,274.290009,273.002014,273.035004,46844
2026-08-21 14:10:00+00:00,273.042511,274.339996,272.660004,274.339996,88497
2026-08-21 14:15:00+00:00,274.489990,274.795013,273.760010,274.165009,58232
2026-08-21 14:20:00+00:00,274.089996,274.269989,272.549988,273.520203,30962
2026-08-21 14:25:00+00:00,273.500000,273.630005,273.060089,273.519989,24617
2026-08-21 14:30:00+00:00,273.500000,273.850006,273.420013,273.600006,41312
2026-08-21 14:35:00+00:00,273.600006,274.899994,273.450012,274.765015,116816
2026-08-21 14:40:00+00:00,274.760010,275.970001,274.510010,275.920013,44387
2026-08-21 14:45:00+00:00,275.989990,276.265015,274.839996,274.839996,94051
2026-08-21 14:50:00+00:00,274.929993,275.970001,274.850006,275.890015,73034
2026-08-21 14:55:00+00:00,275.549988,276.660004,275.480011,276.570007,49018
2026-08-21 15:00:00+00:00,276.505005,276.809998,276.010010,276.385010,33505
2026-08-21 15:05:00+00:00,276.489990,276.760010,275.220001,275.329987,65385
2026-08-21 15:10:00+00:00,275.394989,275.459991,274.920013,275.234985,24820
2026-08-21 15:15:00+00:00,275.230011,275.800415,274.829987,275.299988,46427
2026-08-21 15:20:00+00:00,275.329987,276.130005,275.295013,276.010010,27142
2026-08-21 15:25:00+00:00,276.017700,276.489990,275.890015,276.295013,44526
2026-08-21 15:30:00+00:00,276.299988,276.359985,275.959991,276.045013,47339
2026-08-21 15:35:00+00:00,276.015015,277.099487,275.809998,276.660004,86740
2026-08-21 15:40:00+00:00,276.649994,276.739990,276.260010,276.450012,30662
2026-08-21 15:45:00+00:00,276.609985,276.989990,275.890015,276.140015,58669
2026-08-21 15:50:00+00:00,275.970001,276.679993,275.890015,276.399994,30844
2026-08-21 15:55:00+00:00,276.350006,276.500000,275.815002,276.500000,33267
2026-08-21 16:00:00+00:00,276.400085,276.500000,276.029999,276.079987,22277
2026-08-21 16:05:00+00:00,276.100006,276.489990,275.910004,276.429993,20737
2026-08-21 16:10:00+00:00,276.500000,276.540009,276.119995,276.184998,17174
2026-08-21 16:15:00+00:00,276.184998,276.510010,275.785004,275.829987,16106
2026-08-21 16:20:00+00:00,275.760010,275.829987,275.144989,275.510010,25360
2026-08-21 16:25:00+00:00,275.529999,275.635010,274.895996,274.980011,25669
2026-08-21 16:30:00+00:00,275.049988,275.309998,274.869995,275.015015,17483
2026-08-21 16:35:00+00:00,275.010010,275.184998,274.709991,274.809998,25337
2026-08-21 16:40:00+00:00,274.665009,274.665009,273.915100,274.269989,38431
2026-08-21 16:45:00+00:00,274.269989,274.524994,273.959991,274.410004,29465
2026-08-21 16:50:00+00:00,274.489990,275.089996,274.370087,275.084991,43789
2026-08-21 16:55:00+00:00,275.109985,276.670013,275.095001,276.510010,46159
2026-08-21 17:00:00+00:00,276.535004,276.720001,276.122986,276.220001,24933
2026-08-21 17:05:00+00:00,276.225006,276.329987,275.980011,276.290009,24538
2026-08-21 17:10:00+00:00,276.290009,276.299988,275.353210,275.440002,21579
2026-08-21 17:15:00+00:00,275.480011,275.709991,275.140015,275.299988,29044
2026-08-21 17:20:00+00:00,275.399994,275.529999,275.053009,275.130005,25401
2026-08-21 17:25:00+00:00,275.190002,275.230011,274.950012,274.980011,27724
2026-08-21 17:30:00+00:00,274.959991,274.984985,274.429993,274.554993,22856
2026-08-21 17:35:00+00:00,274.501007,274.600006,274.019989,274.097992,23168
2026-08-21 17:40:00+00:00,274.140015,274.140015,273.790100,273.839996,15923
2026-08-21 17:45:00+00:00,273.730011,273.959991,273.445007,273.609985,26664
2026-08-21 17:50:00+00:00,273.579987,273.695007,273.180695,273.359985,17812
2026-08-21 17:55:00+00:00,273.359985,273.420013,273.075012,273.119995,22883
2026-08-21 18:00:00+00:00,273.059998,273.089996,272.494995,272.635010,31144
2026-08-21 18:05:00+00:00,272.619995,272.679993,272.000000,272.170013,25794
2026-08-21 18:10:00+00:00,272.170013,272.540009,272.140015,272.459991,28781
2026-08-21 18:15:00+00:00,272.524994,272.524994,271.839996,272.304993,36191
2026-08-21 18:20:00+00:00,272.299988,272.409912,272.100006,272.239990,27220
2026-08-21 18:25:00+00:00,272.209991,272.864410,272.200012,272.650085,69776
2026-08-21 18:30:00+00:00,272.730011,273.040009,272.672485,272.994995,29964
2026-08-21 18:35:00+00:00,273.019989,273.420013,272.785004,273.325012,38663
2026-08-21 18:40:00+00:00,273.269989,273.394989,273.130005,273.390015,39794
2026-08-21 18:45:00+00:00,273.380005,273.709991,273.234985,273.640015,35472
2026-08-21 18:50:00+00:00,273.589996,274.149994,273.549988,274.005005,38948
2026-08-21 18:55:00+00:00,274.005005,274.089996,273.820007,273.839996,21465
2026-08-21 19:00:00+00:00,273.890015,274.109985,273.779999,273.884888,17538
2026-08-21 19:05:00+00:00,273.859985,274.079987,273.850006,273.989990,20868
2026-08-21 19:10:00+00:00,274.019989,274.290009,274.019989,274.204987,21885
2026-08-21 19:15:00+00:00,274.200012,274.230011,273.429993,273.619995,30747
2026-08-21 19:20:00+00:00,273.665009,274.010010,273.665009,273.800598,26570
2026-08-21 19:25:00+00:00,273.850006,273.950012,273.779999,273.790009,23375
2026-08-21 19:30:00+00:00,273.785004,273.785004,273.369995,273.739990,30343
2026-08-21 19:35:00+00:00,273.829987,275.390015,273.820099,275.390015,70997
2026-08-21 19:40:00+00:00,275.310089,275.809998,275.310089,275.665009,44228
2026-08-21 19:45:00+00:00,275.730011,276.149994,275.609985,276.029999,68111
2026-08-21 19:50:00+00:00,275.799988,275.950012,274.920013,275.765015,142245
2026-08-21 19:55:00+00:00,275.839996,275.890015,275.179993,275.309998,288986
2026-08-24 13:30:00+00:00,275.000000,276.700012,274.000000,275.489990,121450
2026-08-24 13:35:00+00:00,275.619995,276.200012,273.244995,275.959991,172566
2026-08-24 13:40:00+00:00,275.995697,277.589996,275.000000,275.000000,64941
2026-08-24 13:45:00+00:00,274.964996,276.279999,274.200104,275.440002,44044
2026-08-24 13:50:00+00:00,275.679993,277.579987,275.679993,277.045013,32140
2026-08-24 13:55:00+00:00,276.769989,277.839996,276.113495,276.801697,46844
2026-08-24 14:00:00+00:00,277.125000,278.385010,276.760010,278.184998,34505
2026-08-24 14:05:00+00:00,278.049988,278.269989,276.150085,276.394989,30578
2026-08-24 14:10:00+00:00,276.475006,276.619995,275.815002,275.959991,37569
2026-08-24 14:15:00+00:00,275.994995,276.574005,275.709991,275.940002,40892
2026-08-24 14:20:00+00:00,276.005005,276.850006,275.640015,276.109985,43870
2026-08-24 14:25:00+00:00,276.019989,277.200012,276.019989,276.799988,33318
2026-08-24 14:30:00+00:00,276.619995,276.619995,275.799988,276.292694,36622
2026-08-24 14:35:00+00:00,276.339996,277.399994,276.239990,276.750092,36342
2026-08-24 14:40:00+00:00,276.940002,278.000000,276.929993,277.760010,31439
2026-08-24 14:45:00+00:00,277.369995,277.739990,276.570007,276.730011,23670
2026-08-24 14:50:00+00:00,276.734985,276.734985,276.095001,276.429993,24268
2026-08-24 14:55:00+00:00,276.369995,278.429993,276.000000,278.269989,60189
2026-08-24 15:00:00+00:00,278.309998,278.720001,277.619995,278.489990,53390
2026-08-24 15:05:00+00:00,278.730011,279.000000,278.130005,278.350006,107178
2026-08-24 15:10:00+00:00,278.220001,278.220001,277.265015,277.750000,24446
2026-08-24 15:15:00+00:00,277.589996,278.010010,277.399994,277.809998,50938
2026-08-24 15:20:00+00:00,277.720001,278.029999,277.250000,277.364990,28035
2026-08-24 15:25:00+00:00,277.450012,277.744995,276.850006,277.640015,49760
2026-08-24 15:30:00+00:00,277.559998,277.572510,276.480011,276.480011,42535
2026-08-24 15:35:00+00:00,276.570007,276.730011,276.019989,276.359985,33666
2026-08-24 15:40:00+00:00,276.295013,277.359985,276.290009,277.075012,50088
2026-08-24 15:45:00+00:00,277.070007,277.070007,275.693298,275.750000,33355
2026-08-24 15:50:00+00:00,275.850006,276.489990,275.850006,276.190002,31373
2026-08-24 15:55:00+00:00,276.269989,276.654999,276.095001,276.609985,21298
2026-08-24 16:00:00+00:00,276.519989,277.915009,276.500092,277.609985,59515
2026-08-24 16:05:00+00:00,277.609985,277.681000,276.299988,276.424988,24406
2026-08-24 16:10:00+00:00,276.434998,276.454987,275.500000,275.559998,21861
2026-08-24 16:15:00+00:00,275.559998,275.720001,275.260010,275.589996,32825
2026-08-24 16:20:00+00:00,275.649994,275.750000,275.019989,275.285004,32366
2026-08-24 16:25:00+00:00,275.170013,275.994995,275.059998,275.950012,24343
2026-08-24 16:30:00+00:00,275.950012,276.190002,275.420013,275.545013,40014
2026-08-24 16:35:00+00:00,275.545013,275.579987,274.959991,275.045013,31206
2026-08-24 16:40:00+00:00,274.940002,275.470001,274.910004,275.420013,18416
2026-08-24 16:45:00+00:00,275.510010,275.600006,275.100006,275.100006,15156
2026-08-24 16:50:00+00:00,275.109985,275.744995,275.089996,275.339996,19854
2026-08-24 16:55:00+00:00,275.339996,275.899994,275.329987,275.869995,16967
2026-08-24 17:00:00+00:00,275.825012,275.940002,275.345490,275.454987,17154
2026-08-24 17:05:00+00:00,275.429993,275.744995,275.269989,275.549988,17309
2026-08-24 17:10:00+00:00,275.515015,275.858093,275.515015,275.654999,30479
2026-08-24 17:15:00+00:00,275.609985,276.119995,275.589996,276.029999,27733
2026-08-24 17:20:00+00:00,276.089996,276.290009,275.929993,275.929993,22007
2026-08-24 17:25:00+00:00,275.920013,276.165009,275.869995,275.929993,15515
2026-08-24 17:30:00+00:00,275.929993,276.355011,275.850006,276.274994,18764
2026-08-24 17:35:00+00:00,276.369995,276.369995,275.875000,275.890015,13586
2026-08-24 17:40:00+00:00,275.975006,276.274994,275.940002,276.023590,11491
2026-08-24 17:45:00+00:00,276.095001,276.260010,275.765015,275.765015,20336
2026-08-24 17:50:00+00:00,275.799988,275.980011,275.740906,275.820007,18111
2026-08-24 17:55:00+00:00,275.822113,276.089996,275.649994,275.989990,14019
2026-08-24 18:00:00+00:00,276.095001,276.230011,275.820007,275.920105,15167
2026-08-24 18:05:00+00:00,275.959991,276.019989,275.589996,275.910004,18415
2026-08-24 18:10:00+00:00,275.820007,276.029999,275.720001,275.834991,15607
2026-08-24 18:15:00+00:00,275.834991,276.059998,275.649994,275.869995,14971
2026-08-24 18:20:00+00:00,275.839996,276.070007,275.536987,275.970001,29216
2026-08-24 18:25:00+00:00,276.049988,276.420013,276.010010,276.265015,29805
2026-08-24 18:30:00+00:00,276.309998,276.394989,275.829987,275.899994,19306
2026-08-24 18:35:00+00:00,275.929993,276.259491,275.869995,276.095001,19555
2026-08-24 18:40:00+00:00,276.095001,276.299988,275.954987,276.265015,26145
2026-08-24 18:45:00+00:00,276.265015,276.839996,276.260010,276.829987,31498
2026-08-24 18:50:00+00:00,276.834991,276.875000,276.429993,276.739990,27618
2026-08-24 18:55:00+00:00,276.739990,276.789886,276.470001,276.660004,29221
2026-08-24 19:00:00+00:00,276.684998,277.092987,276.619995,276.950012,51623
2026-08-24 19:05:00+00:00,277.000000,277.355011,276.984985,277.220001,28609
2026-08-24 19:10:00+00:00,277.250000,277.630005,277.140015,277.380005,28118
2026-08-24 19:15:00+00:00,277.350006,277.600006,276.934998,276.959991,23387
2026-08-24 19:20:00+00:00,276.880005,277.200012,276.750000,277.070007,27519
2026-08-24 19:25:00+00:00,276.899994,277.329987,276.899994,277.209991,24296
2026-08-24 19:30:00+00:00,277.279999,277.399994,276.720001,277.390015,35761
2026-08-24 19:35:00+00:00,277.359985,277.769989,277.310089,277.649994,34986
2026-08-24 19:40:00+00:00,277.609985,277.709991,277.029999,277.095093,40289
2026-08-24 19:45:00+00:00,277.149994,277.260010,276.600006,276.880005,38541
2026-08-24 19:50:00+00:00,276.890015,277.470001,276.779999,277.390015,74918
2026-08-24 19:55:00+00:00,277.500000,277.609985,276.190002,276.190002,195240
2026-08-25 13:30:00+00:00,270.755005,273.279999,269.279999,271.045013,178160
2026-08-25 13:35:00+00:00,270.825012,275.079987,270.825012,274.714996,47475
2026-08-25 13:40:00+00:00,274.744690,275.910004,274.119995,274.785004,28083
2026-08-25 13:45:00+00:00,274.970001,275.670013,272.833710,272.833710,37121
2026-08-25 13:50:00+00:00,273.029999,273.135010,270.459991,271.540009,56434
2026-08-25 13:55:00+00:00,271.440002,271.540009,270.140015,271.049988,39487
2026-08-25 14:00:00+00:00,270.890015,271.665009,270.320801,271.420013,54252
2026-08-25 14:05:00+00:00,271.420013,271.424988,270.119995,270.209991,34551
2026-08-25 14:10:00+00:00,270.640015,271.635010,270.241608,271.170013,31821
2026-08-25 14:15:00+00:00,271.260010,271.459991,270.799988,271.220001,32156
2026-08-25 14:20:00+00:00,271.329987,271.850006,270.720001,271.214996,23356
2026-08-25 14:25:00+00:00,271.339996,271.755005,271.000000,271.320007,26938
2026-08-25 14:30:00+00:00,271.320007,272.480011,271.240112,271.440002,98514
2026-08-25 14:35:00+00:00,271.329987,271.640015,271.000000,271.040009,63190
2026-08-25 14:40:00+00:00,271.359985,271.679993,271.260010,271.570007,23093
2026-08-25 14:45:00+00:00,271.609985,271.909912,271.380005,271.790009,48842
2026-08-25 14:50:00+00:00,271.809998,272.160004,271.589996,271.769989,29363
2026-08-25 14:55:00+00:00,271.769989,272.260010,271.649994,272.170013,25757
2026-08-25 15:00:00+00:00,272.170013,272.279999,271.140015,271.220001,28677
2026-08-25 15:05:00+00:00,271.220001,271.519989,270.825012,271.450012,23651
2026-08-25 15:10:00+00:00,271.450012,271.920013,271.450012,271.820007,35024
2026-08-25 15:15:00+00:00,271.820007,272.500000,271.549988,272.225006,36201
2026-08-25 15:20:00+00:00,272.160004,272.399994,272.010101,272.230011,44128
2026-08-25 15:25:00+00:00,272.140015,272.269989,271.679993,272.269989,19636
2026-08-25 15:30:00+00:00,272.250000,272.609985,272.179993,272.454987,25987
2026-08-25 15:35:00+00:00,272.535004,272.970001,272.459991,272.704987,49056
2026-08-25 15:40:00+00:00,272.540009,272.829987,272.399994,272.720001,26260
2026-08-25 15:45:00+00:00,272.700012,272.924988,272.209991,272.549988,32176
2026-08-25 15:50:00+00:00,272.589996,273.649994,272.559998,273.350006,73049
2026-08-25 15:55:00+00:00,273.350006,273.459991,272.899994,273.015015,23229
2026-08-25 16:00:00+00:00,273.049988,273.660004,273.010010,273.470001,12637
2026-08-25 16:05:00+00:00,273.399994,273.695007,272.980011,273.109985,14168
2026-08-25 16:10:00+00:00,273.119995,273.600006,273.029999,273.529999,12223
2026-08-25 16:15:00+00:00,273.429993,273.545013,273.230011,273.230011,10938
2026-08-25 16:20:00+00:00,273.230011,273.859985,273.184998,273.859985,17843
2026-08-25 16:25:00+00:00,273.820007,274.109985,273.559998,273.559998,46743
2026-08-25 16:30:00+00:00,273.510010,274.250000,273.300110,273.529999,67836
2026-08-25 16:35:00+00:00,273.519989,273.964996,273.440002,273.760010,11074
2026-08-25 16:40:00+00:00,273.755005,273.825012,273.220001,273.429993,9809
2026-08-25 16:45:00+00:00,273.519989,273.760010,273.309998,273.369995,11801
2026-08-25 16:50:00+00:00,273.334991,273.450012,272.899994,273.049988,88582
2026-08-25 16:55:00+00:00,273.065002,273.084991,272.910004,272.980011,9003
2026-08-25 17:00:00+00:00,272.910004,272.975006,272.470093,272.880005,15270
2026-08-25 17:05:00+00:00,272.915009,273.230011,272.634308,273.049988,35046
2026-08-25 17:10:00+00:00,273.109985,273.135010,272.700012,272.765015,17145
2026-08-25 17:15:00+00:00,272.769989,272.815002,271.950012,272.369995,27358
2026-08-25 17:20:00+00:00,272.369995,272.399994,271.934998,272.214996,28566
2026-08-25 17:25:00+00:00,272.269989,272.575012,272.269989,272.429993,16937
2026-08-25 17:30:00+00:00,272.470001,272.785004,272.209991,272.320007,10483
2026-08-25 17:35:00+00:00,272.325012,272.679993,272.325012,272.510010,14875
2026-08-25 17:40:00+00:00,272.505005,272.855011,272.459991,272.730011,16214
2026-08-25 17:45:00+00:00,272.720001,272.850006,271.980011,271.989990,16119
2026-08-25 17:50:00+00:00,271.929993,272.299988,271.809998,272.029999,21611
2026-08-25 17:55:00+00:00,271.850006,271.970001,271.500092,271.630005,14022
2026-08-25 18:00:00+00:00,271.644989,272.149994,271.640015,271.992889,12544
2026-08-25 18:05:00+00:00,272.054993,272.200012,271.959991,272.070007,12104
2026-08-25 18:10:00+00:00,272.049988,276.269989,272.000000,272.119995,11614
2026-08-25 18:15:00+00:00,272.119995,272.149994,271.890015,272.079987,16894
2026-08-25 18:20:00+00:00,272.135010,272.339905,272.109985,272.109985,13049
2026-08-25 18:25:00+00:00,272.075012,272.260010,271.940002,272.260010,24293
2026-08-25 18:30:00+00:00,272.234985,272.320007,272.110107,272.309998,15687
2026-08-25 18:35:00+00:00,272.299988,272.320007,271.839996,272.279999,39314
2026-08-25 18:40:00+00:00,272.309998,272.500000,272.200012,272.244995,23352
2026-08-25 18:45:00+00:00,272.274994,272.769989,272.209991,272.704987,19633
2026-08-25 18:50:00+00:00,272.630005,273.320496,272.480011,273.320496,33844
2026-08-25 18:55:00+00:00,273.260010,273.364990,272.994995,273.179993,20252
2026-08-25 19:00:00+00:00,273.200012,273.285004,273.010010,273.035004,17290
2026-08-25 19:05:00+00:00,273.010010,273.654999,273.010010,273.545410,42672
2026-08-25 19:10:00+00:00,273.559998,273.700012,273.320007,273.345001,28989
2026-08-25 19:15:00+00:00,273.390015,273.519989,273.220001,273.299988,30871
2026-08-25 19:20:00+00:00,273.260010,273.380005,273.080109,273.290009,25807
2026-08-25 19:25:00+00:00,273.299988,273.411987,273.130005,273.149994,28090
2026-08-25 19:30:00+00:00,273.190002,273.540009,273.190002,273.369995,33473
2026-08-25 19:35:00+00:00,273.394989,273.859985,273.394989,273.674988,32656
2026-08-25 19:40:00+00:00,273.720001,273.720001,273.299988,273.440002,35380
2026-08-25 19:45:00+00:00,273.369995,273.850006,273.369995,273.684998,44263
2026-08-25 19:50:00+00:00,273.630005,274.170013,273.170013,274.170013,85951
2026-08-25 19:55:00+00:00,274.269989,274.415009,273.839996,273.885010,193250
2026-08-26 13:30:00+00:00,265.035004,270.299988,265.035004,270.119995,208130
2026-08-26 13:35:00+00:00,270.250000,271.750000,269.633911,271.154999,51395
2026-08-26 13:40:00+00:00,270.839996,272.859985,270.000000,272.200012,51948
2026-08-26 13:45:00+00:00,272.359985,273.890015,272.320007,273.625000,54510
2026-08-26 13:50:00+00:00,273.790009,273.975586,271.600006,271.920013,54052
2026-08-26 13:55:00+00:00,271.859985,272.399994,271.230011,272.399994,25412
2026-08-26 14:00:00+00:00,272.489990,272.581299,271.385010,271.619995,25188
2026-08-26 14:05:00+00:00,271.630005,272.350006,271.329987,272.089996,23713
2026-08-26 14:10:00+00:00,272.089996,272.209991,271.089996,271.589996,45735
2026-08-26 14:15:00+00:00,271.670013,273.059998,271.670013,272.670013,28444
2026-08-26 14:20:00+00:00,272.670013,273.359985,271.750000,271.750000,41634
2026-08-26 14:25:00+00:00,271.690002,271.769989,270.769989,271.045013,33607
2026-08-26 14:30:00+00:00,270.940002,271.279999,270.510010,270.835114,30073
2026-08-26 14:35:00+00:00,270.829987,271.609985,270.720001,271.220001,35434
2026-08-26 14:40:00+00:00,271.220001,271.239990,270.720001,271.030090,29197
2026-08-26 14:45:00+00:00,271.250000,271.250000,270.599396,270.755005,26540
2026-08-26 14:50:00+00:00,270.839996,271.839996,270.765015,271.609985,23195
2026-08-26 14:55:00+00:00,271.600006,272.100006,271.299988,271.369995,26042
2026-08-26 15:00:00+00:00,271.309998,271.350006,270.510010,270.579987,25512
2026-08-26 15:05:00+00:00,270.575012,270.989990,270.250000,270.320007,32445
2026-08-26 15:10:00+00:00,270.304993,270.714996,270.149994,270.609985,21437
2026-08-26 15:15:00+00:00,270.584991,270.799988,270.399994,270.484985,25647
2026-08-26 15:20:00+00:00,270.589996,271.019989,270.500000,270.734985,25731
2026-08-26 15:25:00+00:00,270.709991,270.869995,270.350006,270.385010,21718
2026-08-26 15:30:00+00:00,270.380005,270.744995,270.209991,270.315002,33182
2026-08-26 15:35:00+00:00,270.315002,270.489990,269.620087,270.375000,42018
2026-08-26 15:40:00+00:00,270.369995,271.320007,270.290009,271.239990,25149
2026-08-26 15:45:00+00:00,271.239990,271.359985,269.739990,270.329987,46384
2026-08-26 15:50:00+00:00,270.510010,270.540009,270.130005,270.130005,18754
2026-08-26 15:55:00+00:00,270.130005,270.369995,269.739990,269.739990,20752
2026-08-26 16:00:00+00:00,269.739990,270.130005,269.540100,269.989990,22754
2026-08-26 16:05:00+00:00,269.980011,270.380005,269.760010,270.170013,23627
2026-08-26 16:10:00+00:00,270.170013,270.529999,270.070007,270.299988,21244
2026-08-26 16:15:00+00:00,270.299988,270.679993,270.242493,270.369995,24510
2026-08-26 16:20:00+00:00,270.369995,270.470001,270.140015,270.380005,23104
2026-08-26 16:25:00+00:00,270.299988,270.579987,270.299988,270.500000,15762
2026-08-26 16:30:00+00:00,270.510010,270.920013,270.450012,270.855011,20102
2026-08-26 16:35:00+00:00,270.859985,271.089996,270.670013,270.769989,104127
2026-08-26 16:40:00+00:00,270.739990,271.290009,270.670013,271.200012,27011
2026-08-26 16:45:00+00:00,271.202515,271.510010,271.000000,271.390015,20383
2026-08-26 16:50:00+00:00,271.454987,271.464996,270.920105,271.005005,15535
2026-08-26 16:55:00+00:00,271.059998,271.130005,270.649994,270.750000,17359
2026-08-26 17:00:00+00:00,270.750000,270.959991,270.600006,270.869995,23063
2026-08-26 17:05:00+00:00,270.929993,271.160004,270.845001,271.105011,12888
2026-08-26 17:10:00+00:00,271.119995,271.260010,271.020111,271.140015,12049
2026-08-26 17:15:00+00:00,271.114990,271.375000,271.084991,271.290009,16535
2026-08-26 17:20:00+00:00,271.329987,271.475006,271.109985,271.250000,16538
2026-08-26 17:25:00+00:00,271.170013,271.290009,271.070007,271.269989,13541
2026-08-26 17:30:00+00:00,271.304993,271.609985,271.204987,271.589996,16656
2026-08-26 17:35:00+00:00,271.579987,271.734406,271.450012,271.609985,10209
2026-08-26 17:40:00+00:00,271.704987,271.845001,271.540009,271.845001,11101
2026-08-26 17:45:00+00:00,271.850006,271.850006,271.310089,271.489990,12828
2026-08-26 17:50:00+00:00,271.484985,272.010010,271.480011,271.989990,9255
2026-08-26 17:55:00+00:00,272.079987,272.079987,271.785004,271.915009,8179
2026-08-26 18:00:00+00:00,271.880005,272.500000,271.760010,272.399994,14019
2026-08-26 18:05:00+00:00,272.394989,272.459991,272.295013,272.355011,11239
2026-08-26 18:10:00+00:00,272.350006,272.595001,272.250000,272.595001,138763
2026-08-26 18:15:00+00:00,272.619995,272.799988,272.529999,272.619995,10164
2026-08-26 18:20:00+00:00,272.592987,272.959991,272.579987,272.890015,18231
2026-08-26 18:25:00+00:00,272.890015,273.100006,272.859985,272.980011,76031
2026-08-26 18:30:00+00:00,272.984985,273.339996,272.984985,273.079987,15442
2026-08-26 18:35:00+00:00,273.059998,273.130005,272.739990,272.790009,14946
2026-08-26 18:40:00+00:00,272.755005,272.844910,272.500000,272.790009,16727
2026-08-26 18:45:00+00:00,272.790009,273.024994,272.690002,272.859985,15171
2026-08-26 18:50:00+00:00,272.890015,272.950012,272.750000,272.760010,9841
2026-08-26 18:55:00+00:00,272.829987,272.999908,272.750000,272.869995,11450
2026-08-26 19:00:00+00:00,272.820007,273.089996,272.670013,272.790009,18554
2026-08-26 19:05:00+00:00,272.790009,273.429993,272.790009,273.315002,21871
2026-08-26 19:10:00+00:00,273.290009,273.739899,273.170013,273.720001,37768
2026-08-26 19:15:00+00:00,273.690002,274.350006,273.570007,273.970001,43844
2026-08-26 19:20:00+00:00,273.950012,274.309906,273.850006,274.019989,43185
2026-08-26 19:25:00+00:00,274.000000,274.140015,273.570007,273.570007,41136
2026-08-26 19:30:00+00:00,273.570007,273.730011,273.190002,273.500000,38148
2026-08-26 19:35:00+00:00,273.540009,273.820007,273.489990,273.554993,43084
2026-08-26 19:40:00+00:00,273.489990,273.660004,273.160004,273.635010,40771
2026-08-26 19:45:00+00:00,273.695007,274.204987,273.589996,274.190002,50588
2026-08-26 19:50:00+00:00,274.209991,274.600006,273.829987,273.829987,77706
2026-08-26 19:55:00+00:00,273.954987,274.019989,273.329987,273.369995,153505
2026-08-27 13:30:00+00:00,279.160004,282.350006,278.369995,281.769989,257390
2026-08-27 13:35:00+00:00,281.994995,284.100006,280.924988,283.119995,117285
2026-08-27 13:40:00+00:00,282.970001,284.674988,282.320007,284.440002,100419
2026-08-27 13:45:00+00:00,284.290009,284.670013,282.880005,284.165009,108664
2026-08-27 13:50:00+00:00,284.065002,285.839996,283.890015,284.789398,136846
2026-08-27 13:55:00+00:00,284.774994,287.070007,284.609985,286.760010,214534
2026-08-27 14:00:00+00:00,286.839996,287.329987,285.450104,286.029999,94761
2026-08-27 14:05:00+00:00,286.029999,287.809998,286.000000,286.765015,79371
2026-08-27 14:10:00+00:00,286.989990,287.739990,285.510010,286.075012,130130
2026-08-27 14:15:00+00:00,286.084991,286.418915,285.109985,285.399994,149159
2026-08-27 14:20:00+00:00,285.434998,286.480011,284.607513,286.299988,124626
2026-08-27 14:25:00+00:00,286.500000,286.500000,284.869995,285.429993,60546
2026-08-27 14:30:00+00:00,285.510010,286.909912,285.269989,286.013397,81230
2026-08-27 14:35:00+00:00,286.250000,288.670013,286.130005,287.725006,131160
2026-08-27 14:40:00+00:00,287.940002,289.390015,287.180115,289.040009,101198
2026-08-27 14:45:00+00:00,289.000000,289.059998,287.579987,288.380005,71482
2026-08-27 14:50:00+00:00,288.429993,289.565094,287.880005,288.873993,51280
2026-08-27 14:55:00+00:00,289.029999,290.200012,288.989990,290.149902,95465
2026-08-27 15:00:00+00:00,290.149994,291.174988,290.089996,290.829987,155282
2026-08-27 15:05:00+00:00,290.829987,291.140015,289.005005,289.290009,73555
2026-08-27 15:10:00+00:00,289.209991,289.739990,289.019989,289.250000,40368
2026-08-27 15:15:00+00:00,289.339996,290.199005,289.089996,289.450012,59649
2026-08-27 15:20:00+00:00,289.454987,289.720001,288.589996,288.880005,65384
2026-08-27 15:25:00+00:00,288.880005,288.989990,288.329987,288.450012,64209
2026-08-27 15:30:00+00:00,288.545013,288.950012,288.060089,288.750000,62772
2026-08-27 15:35:00+00:00,288.765015,289.010010,288.494995,288.529999,128106
2026-08-27 15:40:00+00:00,288.529999,288.750000,287.200012,287.566010,102960
2026-08-27 15:45:00+00:00,287.609985,287.910004,286.869995,287.730011,74440
2026-08-27 15:50:00+00:00,287.649994,287.690002,286.630096,286.885010,38502
2026-08-27 15:55:00+00:00,286.799988,287.109985,286.739990,287.059998,45657
2026-08-27 16:00:00+00:00,287.019989,287.410004,286.910004,287.100006,46542
2026-08-27 16:05:00+00:00,287.100006,287.500000,286.610107,287.329987,56880
2026-08-27 16:10:00+00:00,287.500000,287.945007,287.489990,287.839996,20512
2026-08-27 16:15:00+00:00,287.799988,288.500000,287.790009,288.302490,39044
2026-08-27 16:20:00+00:00,288.320007,288.570007,288.019989,288.494995,44652
2026-08-27 16:25:00+00:00,288.500000,288.589996,288.209991,288.540009,28006
2026-08-27 16:30:00+00:00,288.519989,289.000000,288.359985,288.875000,100244
2026-08-27 16:35:00+00:00,288.920013,288.934998,288.529999,288.589996,30676
2026-08-27 16:40:00+00:00,288.744995,288.910004,288.540009,288.720001,58474
2026-08-27 16:45:00+00:00,288.725006,289.019989,288.606995,288.929993,74347
2026-08-27 16:50:00+00:00,288.920013,289.149994,288.660004,288.959991,59421
2026-08-27 16:55:00+00:00,288.839996,289.480011,288.774994,289.339996,36852
2026-08-27 17:00:00+00:00,289.500000,289.869995,289.364990,289.364990,30026
2026-08-27 17:05:00+00:00,289.282501,289.630005,289.220093,289.600006,19432
2026-08-27 17:10:00+00:00,289.510010,289.570007,289.149994,289.269989,30317
2026-08-27 17:15:00+00:00,289.179993,289.600006,289.179993,289.500000,29328
2026-08-27 17:20:00+00:00,289.519989,289.627899,289.299988,289.320007,22177
2026-08-27 17:25:00+00:00,289.279999,289.500000,288.540009,289.174988,42206
2026-08-27 17:30:00+00:00,289.183411,289.464996,289.109985,289.390015,23792
2026-08-27 17:35:00+00:00,289.279999,289.559998,289.260010,289.545013,22894
2026-08-27 17:40:00+00:00,289.470001,290.450012,289.450012,290.399994,104050
2026-08-27 17:45:00+00:00,290.399994,290.499908,289.850006,289.850006,32904
2026-08-27 17:50:00+00:00,289.765015,290.250000,289.765015,289.771301,37901
2026-08-27 17:55:00+00:00,289.730011,289.730011,289.420013,289.559998,24764
2026-08-27 18:00:00+00:00,289.510010,290.130005,289.410004,289.964996,40416
2026-08-27 18:05:00+00:00,290.000000,290.119995,289.184998,289.320007,36660
2026-08-27 18:10:00+00:00,289.191315,289.929993,289.191315,289.630005,37939
2026-08-27 18:15:00+00:00,289.605011,289.730011,289.339996,289.454987,28742
2026-08-27 18:20:00+00:00,289.549988,290.320007,289.540100,290.299988,34278
2026-08-27 18:25:00+00:00,290.299988,290.299988,289.779999,290.000000,30755
2026-08-27 18:30:00+00:00,290.010010,290.375000,289.790100,290.109985,30493
2026-08-27 18:35:00+00:00,290.070007,290.070007,289.829987,289.894989,24451
2026-08-27 18:40:00+00:00,289.894989,289.970001,289.429993,289.459991,33522
2026-08-27 18:45:00+00:00,289.429993,289.850006,289.390015,289.668793,29579
2026-08-27 18:50:00+00:00,289.644989,290.019989,289.489990,289.829987,35106
2026-08-27 18:55:00+00:00,289.850006,290.149994,289.790009,290.059998,26967
2026-08-27 19:00:00+00:00,290.019989,290.250000,289.630005,290.239990,40309
2026-08-27 19:05:00+00:00,290.214996,290.489990,290.100006,290.290009,35602
2026-08-27 19:10:00+00:00,290.290009,290.669708,290.250000,290.450012,37355
2026-08-27 19:15:00+00:00,290.339996,290.614990,290.119995,290.309998,42933
2026-08-27 19:20:00+00:00,290.290009,290.545013,290.149994,290.160004,36091
2026-08-27 19:25:00+00:00,290.100006,290.179993,289.845001,290.130005,41495
2026-08-27 19:30:00+00:00,290.109985,290.640015,289.899994,290.390015,58522
2026-08-27 19:35:00+00:00,290.385010,290.570007,290.000000,290.440002,64814
2026-08-27 19:40:00+00:00,290.440002,290.489990,289.859985,290.040009,51248
2026-08-27 19:45:00+00:00,290.079987,290.390015,289.420105,289.540009,79016
2026-08-27 19:50:00+00:00,289.489990,289.609985,288.920013,289.429993,145157
2026-08-27 19:55:00+00:00,289.424988,289.640015,288.880005,289.140015,373464
2026-08-28 13:30:00+00:00,288.375000,290.570007,286.769989,290.165009,187842
2026-08-28 13:35:00+00:00,290.000000,291.609985,289.183899,290.000000,56455
2026-08-28 13:40:00+00:00,290.089996,290.760010,288.529999,289.829987,37312
2026-08-28 13:45:00+00:00,289.769989,291.735291,289.630005,291.735291,48383
2026-08-28 13:50:00+00:00,291.730011,291.899902,290.579987,291.559998,62353
2026-08-28 13:55:00+00:00,291.704987,292.399994,291.184998,291.785004,47385
2026-08-28 14:00:00+00:00,291.619995,292.010010,291.091492,291.260010,59920
2026-08-28 14:05:00+00:00,291.359985,291.515015,290.329987,290.589996,34667
2026-08-28 14:10:00+00:00,290.584991,290.939911,289.420013,290.320007,30349
2026-08-28 14:15:00+00:00,290.279999,292.749786,290.279999,292.749786,61863
2026-08-28 14:20:00+00:00,292.670013,292.899994,291.730011,291.829987,52638
2026-08-28 14:25:00+00:00,291.864990,292.170013,291.290009,291.799988,33515
2026-08-28 14:30:00+00:00,291.989990,293.450012,291.989990,293.450012,86095
2026-08-28 14:35:00+00:00,293.340088,293.429993,292.750000,293.214996,53099
2026-08-28 14:40:00+00:00,293.214996,293.679993,292.975006,293.600006,46591
2026-08-28 14:45:00+00:00,293.679993,293.839996,292.829987,293.010010,41636
2026-08-28 14:50:00+00:00,293.049988,293.750000,292.760010,293.670013,39771
2026-08-28 14:55:00+00:00,293.700012,294.086487,292.910004,293.239990,55533
2026-08-28 15:00:00+00:00,293.239990,293.579987,292.619995,293.489990,43785
2026-08-28 15:05:00+00:00,293.434998,293.739990,292.920013,292.992493,50200
2026-08-28 15:10:00+00:00,292.934998,293.019989,292.190002,292.359985,47822
2026-08-28 15:15:00+00:00,292.459991,293.303101,292.369995,292.660004,59265
2026-08-28 15:20:00+00:00,292.679993,293.540009,292.679993,293.239990,74640
2026-08-28 15:25:00+00:00,293.299988,293.470001,292.750000,293.075012,40362
2026-08-28 15:30:00+00:00,293.075012,293.239899,292.679993,292.890015,37624
2026-08-28 15:35:00+00:00,292.899994,292.970001,292.510010,292.700012,26786
2026-08-28 15:40:00+00:00,292.630005,292.734985,292.160797,292.160797,24867
2026-08-28 15:45:00+00:00,292.239990,292.970001,291.959991,292.660004,38568
2026-08-28 15:50:00+00:00,292.660004,293.000000,292.500000,292.703796,25780
2026-08-28 15:55:00+00:00,292.750000,292.899994,292.489990,292.500000,27344
2026-08-28 16:00:00+00:00,292.600006,293.359985,292.600006,292.690002,48230
2026-08-28 16:05:00+00:00,292.690002,293.095001,292.429993,292.679993,26649
2026-08-28 16:10:00+00:00,292.765015,293.440002,292.730103,293.095001,47540
2026-08-28 16:15:00+00:00,293.079987,293.589996,292.114990,292.179993,69940
2026-08-28 16:20:00+00:00,292.290009,292.885010,291.950012,292.489990,27453
2026-08-28 16:25:00+00:00,292.359985,292.750000,291.600006,291.670013,95970
2026-08-28 16:30:00+00:00,291.899994,292.709991,291.875000,292.364990,33639
2026-08-28 16:35:00+00:00,292.399994,292.839996,292.209991,292.529999,25232
2026-08-28 16:40:00+00:00,292.529999,292.570007,291.872986,292.089996,22231
2026-08-28 16:45:00+00:00,292.040009,292.079987,291.779999,291.980011,23083
2026-08-28 16:50:00+00:00,291.970001,292.339996,291.649994,291.820007,23323
2026-08-28 16:55:00+00:00,291.820007,292.089996,291.790100,292.010010,17185
2026-08-28 17:00:00+00:00,292.010010,292.172485,291.790009,291.790009,17633
2026-08-28 17:05:00+00:00,291.839996,292.149994,291.679993,291.679993,14309
2026-08-28 17:10:00+00:00,291.720001,292.250000,291.630005,292.149994,20987
2026-08-28 17:15:00+00:00,292.204987,292.209991,291.880005,292.140015,13793
2026-08-28 17:20:00+00:00,292.100006,292.184998,291.910004,292.105011,12079
2026-08-28 17:25:00+00:00,292.070007,292.209991,291.880005,291.915009,14285
2026-08-28 17:30:00+00:00,291.915009,292.469910,291.820007,292.440002,16781
2026-08-28 17:35:00+00:00,292.329987,292.450012,291.920013,291.920013,19185
2026-08-28 17:40:00+00:00,291.929993,292.290009,291.859985,292.070007,16677
2026-08-28 17:45:00+00:00,292.145111,292.364990,291.850006,291.850006,17449
2026-08-28 17:50:00+00:00,291.779999,291.880005,291.450104,291.774994,22539
2026-08-28 17:55:00+00:00,291.774994,291.980011,291.690002,291.929993,18979
2026-08-28 18:00:00+00:00,291.934998,292.670013,291.929993,292.559998,17481
2026-08-28 18:05:00+00:00,292.290009,292.290009,291.660004,292.135010,17634
2026-08-28 18:10:00+00:00,292.247711,292.429993,291.959991,292.130005,13413
2026-08-28 18:15:00+00:00,292.190002,292.269989,292.040009,292.179993,12564
2026-08-28 18:20:00+00:00,292.200012,292.200012,291.644989,291.760010,14947
2026-08-28 18:25:00+00:00,291.765015,291.934998,291.500000,291.630005,50011
2026-08-28 18:30:00+00:00,291.635406,291.859985,291.390015,291.859985,24431
2026-08-28 18:35:00+00:00,291.839996,291.879913,291.609985,291.859985,24818
2026-08-28 18:40:00+00:00,291.859985,292.170013,291.829987,291.859985,22745
2026-08-28 18:45:00+00:00,291.910004,291.929993,291.529999,291.649689,19815
2026-08-28 18:50:00+00:00,291.709991,291.799988,291.459991,291.714996,25582
2026-08-28 18:55:00+00:00,291.714996,292.024994,291.399994,291.799988,31176
2026-08-28 19:00:00+00:00,291.859985,292.200012,291.559998,292.200012,34303
2026-08-28 19:05:00+00:00,292.119995,292.390198,291.910004,292.230011,31143
2026-08-28 19:10:00+00:00,292.225006,292.635010,292.220001,292.519989,40847
2026-08-28 19:15:00+00:00,292.570007,292.690002,292.239990,292.540009,29570
2026-08-28 19:20:00+00:00,292.545013,292.619995,291.359985,291.619995,47159
2026-08-28 19:25:00+00:00,291.570007,292.119995,291.220001,291.545013,77823
2026-08-28 19:30:00+00:00,291.540009,292.119995,291.529999,291.829987,55615
2026-08-28 19:35:00+00:00,291.850006,292.329987,291.559998,292.285004,47190
2026-08-28 19:40:00+00:00,292.269989,292.505005,291.920013,292.019989,40429
2026-08-28 19:45:00+00:00,292.029999,292.100006,291.338593,291.609985,56849
2026-08-28 19:50:00+00:00,291.619995,292.035004,291.265015,291.464996,86201
2026-08-28 19:55:00+00:00,291.454987,291.829987,291.170013,291.579987,204275
2026-08-31 13:30:00+00:00,287.649994,290.647491,286.260010,287.541412,141622
2026-08-31 13:35:00+00:00,287.649994,290.570007,287.380005,290.260010,50477
2026-08-31 13:40:00+00:00,290.261597,291.029999,288.696991,290.640015,39978
2026-08-31 13:45:00+00:00,290.480011,291.070007,289.343201,290.880005,39272
2026-08-31 13:50:00+00:00,290.630493,290.779999,288.709991,288.945007,27365
2026-08-31 13:55:00+00:00,288.945007,290.410004,288.945007,289.059998,28699
2026-08-31 14:00:00+00:00,289.220001,290.040009,288.679993,289.510010,32917
2026-08-31 14:05:00+00:00,289.079987,289.975006,288.880005,289.429993,30466
2026-08-31 14:10:00+00:00,289.549988,289.799988,289.079987,289.730011,23871
2026-08-31 14:15:00+00:00,289.760010,290.609985,289.519989,290.559998,25247
2026-08-31 14:20:00+00:00,290.429993,290.779999,290.190002,290.390594,22601
2026-08-31 14:25:00+00:00,290.519989,290.799988,290.054993,290.600006,20540
2026-08-31 14:30:00+00:00,290.575012,291.299988,290.470001,290.470001,23092
2026-08-31 14:35:00+00:00,290.510010,291.149994,290.410004,290.880005,17703
2026-08-31 14:40:00+00:00,290.950012,291.239990,290.396088,290.459991,17454
2026-08-31 14:45:00+00:00,290.559998,290.750000,290.320099,290.400085,15690
2026-08-31 14:50:00+00:00,290.489990,291.114990,290.450012,291.114990,18506
2026-08-31 14:55:00+00:00,291.109985,291.339996,290.890015,291.250000,20430
2026-08-31 15:00:00+00:00,291.160004,291.899994,290.980011,291.015991,24885
2026-08-31 15:05:00+00:00,290.929993,291.214996,290.649994,291.209991,15267
2026-08-31 15:10:00+00:00,291.190002,291.450012,291.029999,291.320007,67748
2026-08-31 15:15:00+00:00,291.339996,291.499390,291.109985,291.429993,18732
2026-08-31 15:20:00+00:00,291.429993,291.639893,291.190002,291.639893,12541
2026-08-31 15:25:00+00:00,291.510010,291.589996,291.260010,291.440002,15799
2026-08-31 15:30:00+00:00,291.440002,291.630005,291.309998,291.480011,22332
2026-08-31 15:35:00+00:00,291.450012,291.890015,291.440002,291.890015,16760
2026-08-31 15:40:00+00:00,291.839996,292.220001,291.720001,292.100006,32905
2026-08-31 15:45:00+00:00,292.100006,292.170013,291.829987,292.119995,370112
2026-08-31 15:50:00+00:00,292.130005,292.459991,292.049988,292.295013,15751
2026-08-31 15:55:00+00:00,292.209991,292.299988,291.930115,292.190002,14830
2026-08-31 16:00:00+00:00,292.154999,292.200012,291.875000,291.980011,17463
2026-08-31 16:05:00+00:00,292.059998,292.269989,291.820007,292.269989,14820
2026-08-31 16:10:00+00:00,292.269989,292.299988,291.980011,292.209991,17103
2026-08-31 16:15:00+00:00,292.154999,292.154999,291.600006,291.929993,17128
2026-08-31 16:20:00+00:00,291.929993,291.980011,291.467499,291.690002,16326
2026-08-31 16:25:00+00:00,291.679993,291.989990,291.559998,291.829987,18023
2026-08-31 16:30:00+00:00,291.790009,292.150604,291.510010,292.070007,25299
2026-08-31 16:35:00+00:00,292.109985,292.234985,291.654999,291.839996,31724
2026-08-31 16:40:00+00:00,291.760010,291.828491,291.529999,291.609985,11898
2026-08-31 16:45:00+00:00,291.600006,291.674988,291.500000,291.619995,8312
2026-08-31 16:50:00+00:00,291.619995,291.809998,291.589996,291.640015,10038
2026-08-31 16:55:00+00:00,291.690002,291.820007,291.570007,291.640015,12515
2026-08-31 17:00:00+00:00,291.640015,291.700012,291.320007,291.320007,22314
2026-08-31 17:05:00+00:00,291.369995,291.369995,290.970001,290.970001,15703
2026-08-31 17:10:00+00:00,290.910004,291.239990,290.899994,291.239990,12660
2026-08-31 17:15:00+00:00,291.209991,291.290009,290.851013,291.010010,9832
2026-08-31 17:20:00+00:00,291.010010,291.130005,290.820099,291.130005,11388
2026-08-31 17:25:00+00:00,291.130005,291.190002,290.951691,291.035004,13458
2026-08-31 17:30:00+00:00,291.029999,291.399994,290.980011,291.339996,13259
2026-08-31 17:35:00+00:00,291.385010,291.529999,291.260010,291.434998,11618
2026-08-31 17:40:00+00:00,291.399994,291.750000,291.360107,291.480011,24442
2026-08-31 17:45:00+00:00,291.529999,291.709991,291.299988,291.709991,18686
2026-08-31 17:50:00+00:00,291.684998,292.239990,291.670013,292.160004,34742
2026-08-31 17:55:00+00:00,292.160004,292.399994,292.059998,292.279999,20937
2026-08-31 18:00:00+00:00,292.220001,292.739990,292.151215,292.640015,22911
2026-08-31 18:05:00+00:00,292.600006,292.730011,292.100006,292.429993,17351
2026-08-31 18:10:00+00:00,292.429993,292.609985,292.334991,292.549988,13375
2026-08-31 18:15:00+00:00,292.529999,292.920013,292.529999,292.779999,23864
2026-08-31 18:20:00+00:00,292.774994,292.890015,292.720001,292.769989,15421
2026-08-31 18:25:00+00:00,292.700012,292.970001,292.700012,292.959106,20690
2026-08-31 18:30:00+00:00,292.945007,293.247986,292.820007,292.929993,39837
2026-08-31 18:35:00+00:00,292.929993,292.929993,292.399994,292.565002,18176
2026-08-31 18:40:00+00:00,292.559998,292.679993,292.459991,292.609985,16044
2026-08-31 18:45:00+00:00,292.614990,292.739990,292.420013,292.720001,17763
2026-08-31 18:50:00+00:00,292.720001,293.135010,292.700012,293.084991,24407
2026-08-31 18:55:00+00:00,293.059998,293.579987,293.040009,293.540009,23963
2026-08-31 19:00:00+00:00,293.540009,293.769989,293.519989,293.744995,30263
2026-08-31 19:05:00+00:00,293.720001,293.730011,293.234985,293.450012,29485
2026-08-31 19:10:00+00:00,293.470001,293.589996,293.369995,293.554993,23593
2026-08-31 19:15:00+00:00,293.519989,293.630005,293.350006,293.350006,40073
2026-08-31 19:20:00+00:00,293.334991,293.459991,293.190002,293.359985,26845
2026-08-31 19:25:00+00:00,293.380005,293.649994,293.239990,293.565002,33272
2026-08-31 19:30:00+00:00,293.619995,293.709991,293.250000,293.674988,39752
2026-08-31 19:35:00+00:00,293.679993,293.790009,293.299988,293.420013,46675
2026-08-31 19:40:00+00:00,293.399994,293.912506,293.019989,293.875000,121084
2026-08-31 19:45:00+00:00,293.820007,293.958191,293.709991,293.919495,48229
2026-08-31 19:50:00+00:00,293.920013,294.130005,292.790009,293.500000,149164
2026-08-31 19:55:00+00:00,293.600006,293.739990,292.660004,292.750000,279416
2026-09-01 13:30:00+00:00,288.260010,291.989990,287.880005,291.299988,202302
2026-09-01 13:35:00+00:00,291.220001,292.029999,290.649994,291.260010,52799
2026-09-01 13:40:00+00:00,291.500000,294.179993,291.500000,293.200012,45613
2026-09-01 13:45:00+00:00,293.160004,294.299988,292.242401,292.450012,59231
2026-09-01 13:50:00+00:00,292.440002,292.799988,290.178009,290.304993,49135
2026-09-01 13:55:00+00:00,290.212311,290.489990,289.290009,290.160004,54410
2026-09-01 14:00:00+00:00,290.309998,290.850006,289.739990,290.429993,60975
2026-09-01 14:05:00+00:00,290.429993,291.679993,290.164307,291.624908,47111
2026-09-01 14:10:00+00:00,291.430115,292.059998,291.329987,292.049988,38657
2026-09-01 14:15:00+00:00,292.140015,292.380005,291.010010,291.454987,29076
2026-09-01 14:20:00+00:00,291.529999,292.790405,291.529999,292.765015,31698
2026-09-01 14:25:00+00:00,292.880005,293.679993,292.720001,293.649994,27615
2026-09-01 14:30:00+00:00,293.670013,294.000000,293.220001,293.445007,37563
2026-09-01 14:35:00+00:00,293.609985,294.095001,293.355011,293.980011,33144
2026-09-01 14:40:00+00:00,294.049988,294.100006,293.440002,293.834991,40482
2026-09-01 14:45:00+00:00,293.885010,294.529999,293.429993,293.515015,39739
2026-09-01 14:50:00+00:00,293.399994,293.399994,292.410004,292.725006,26119
2026-09-01 14:55:00+00:00,292.720001,292.769989,290.614990,290.654999,39956
2026-09-01 15:00:00+00:00,290.730011,290.750000,288.880005,288.880005,101501
2026-09-01 15:05:00+00:00,288.890106,289.230011,287.471008,287.471008,45345
2026-09-01 15:10:00+00:00,287.510010,288.130005,287.269989,287.320312,39950
2026-09-01 15:15:00+00:00,287.480011,288.515015,287.415009,288.450012,35158
2026-09-01 15:20:00+00:00,288.440002,288.910004,288.230011,288.769989,38329
2026-09-01 15:25:00+00:00,288.730011,289.459991,288.450012,288.619995,54927
2026-09-01 15:30:00+00:00,288.739990,289.850006,288.690002,289.570007,224948
2026-09-01 15:35:00+00:00,289.540009,289.540009,288.549988,288.957001,130970
2026-09-01 15:40:00+00:00,289.054993,289.730011,289.000000,289.595093,21650
2026-09-01 15:45:00+00:00,289.515015,289.829987,289.450012,289.744995,21735
2026-09-01 15:50:00+00:00,289.679993,289.769989,289.450104,289.709991,21103
2026-09-01 15:55:00+00:00,289.690002,289.769989,289.220093,289.500000,62763
2026-09-01 16:00:00+00:00,289.410004,289.519989,288.399994,289.019989,64242
2026-09-01 16:05:00+00:00,288.989990,289.309998,288.160004,288.160004,22125
2026-09-01 16:10:00+00:00,288.190002,288.890015,288.190002,288.625000,24983
2026-09-01 16:15:00+00:00,288.549988,288.700012,288.399994,288.489990,23319
2026-09-01 16:20:00+00:00,288.450012,288.634003,287.850006,287.980011,29375
2026-09-01 16:25:00+00:00,288.019989,288.420013,288.019989,288.130005,23143
2026-09-01 16:30:00+00:00,288.109985,288.109985,287.670013,287.679993,33350
2026-09-01 16:35:00+00:00,287.829987,288.410004,287.459991,288.059998,40635
2026-09-01 16:40:00+00:00,288.109985,288.424988,288.049988,288.339996,24417
2026-09-01 16:45:00+00:00,288.339996,288.570007,287.920013,288.059998,31262
2026-09-01 16:50:00+00:00,288.065002,288.500000,288.000000,288.339996,25001
2026-09-01 16:55:00+00:00,288.299988,288.765015,288.230011,288.500000,18609
2026-09-01 17:00:00+00:00,288.510010,288.679993,288.299988,288.589996,18885
2026-09-01 17:05:00+00:00,288.559998,288.559998,288.040009,288.200012,36050
2026-09-01 17:10:00+00:00,288.200012,288.440002,287.690002,288.030487,163064
2026-09-01 17:15:00+00:00,288.029999,288.609985,287.799988,288.540009,49228
2026-09-01 17:20:00+00:00,288.619995,288.799988,288.500000,288.619995,18497
2026-09-01 17:25:00+00:00,288.619995,288.799988,288.285004,288.500000,24393
2026-09-01 17:30:00+00:00,288.489990,288.910004,288.190002,288.362488,23175
2026-09-01 17:35:00+00:00,288.399994,288.730011,287.670013,287.955109,26676
2026-09-01 17:40:00+00:00,287.970001,288.170013,287.850006,287.920013,22085
2026-09-01 17:45:00+00:00,287.915009,288.119995,287.625000,287.739990,12588
2026-09-01 17:50:00+00:00,287.684998,287.920013,287.489990,287.489990,15655
2026-09-01 17:55:00+00:00,287.570007,287.809906,287.350006,287.730011,26102
2026-09-01 18:00:00+00:00,287.730011,288.220001,287.609985,288.070007,15212
2026-09-01 18:05:00+00:00,288.000000,288.089996,287.401001,287.470001,15971
2026-09-01 18:10:00+00:00,287.529999,288.075012,287.410004,287.829987,49598
2026-09-01 18:15:00+00:00,287.829987,288.083008,287.440002,288.040009,26969
2026-09-01 18:20:00+00:00,288.079987,288.279999,287.940094,288.089996,28806
2026-09-01 18:25:00+00:00,288.089996,288.130005,287.570007,287.609985,23314
2026-09-01 18:30:00+00:00,287.640015,287.670013,287.119995,287.190002,21885
2026-09-01 18:35:00+00:00,287.190002,287.200012,286.579987,286.790009,196404
2026-09-01 18:40:00+00:00,286.839996,286.970001,286.519989,286.605011,46321
2026-09-01 18:45:00+00:00,286.605011,287.011993,286.429993,286.954987,49200
2026-09-01 18:50:00+00:00,287.019989,287.089905,286.609985,286.674988,37427
2026-09-01 18:55:00+00:00,286.679993,286.834991,286.490112,286.524994,21547
2026-09-01 19:00:00+00:00,286.519989,286.910004,286.519989,286.769989,21790
2026-09-01 19:05:00+00:00,286.795013,286.795013,286.420105,286.750000,36695
2026-09-01 19:10:00+00:00,286.750000,286.779999,286.224487,286.339996,36722
2026-09-01 19:15:00+00:00,286.339996,286.590088,286.260010,286.570007,31780
2026-09-01 19:20:00+00:00,286.630005,286.630005,286.000000,286.000000,31499
2026-09-01 19:25:00+00:00,286.040009,286.089996,285.839996,285.940002,38644
2026-09-01 19:30:00+00:00,285.910004,286.140015,285.589996,286.079987,44656
2026-09-01 19:35:00+00:00,286.079987,286.290009,285.869995,286.290009,64164
2026-09-01 19:40:00+00:00,286.298004,286.364990,285.614990,285.619995,31397
2026-09-01 19:45:00+00:00,285.589996,286.035004,285.480011,285.630005,34017
2026-09-01 19:50:00+00:00,285.579987,286.700012,285.579987,286.540009,105353
2026-09-01 19:55:00+00:00,286.619995,286.619995,285.769989,286.079987,212042
2026-09-02 13:30:00+00:00,283.500000,287.095001,282.010010,286.910004,230330
2026-09-02 13:35:00+00:00,286.700012,287.399994,283.329987,283.709991,100526
2026-09-02 13:40:00+00:00,283.658295,285.000000,283.190002,283.371002,45697
2026-09-02 13:45:00+00:00,283.505005,285.279907,283.505005,285.179993,47228
2026-09-02 13:50:00+00:00,285.200012,287.250000,284.859985,287.070007,42203
2026-09-02 13:55:00+00:00,287.070007,287.489990,285.750000,285.839996,49233
2026-09-02 14:00:00+00:00,286.010010,286.209991,284.190002,284.359985,30088
2026-09-02 14:05:00+00:00,284.420013,285.420013,283.220001,283.309998,39859
2026-09-02 14:10:00+00:00,283.299988,283.709991,282.390015,282.424988,35745
2026-09-02 14:15:00+00:00,282.320007,282.779999,281.649994,281.700012,57080
2026-09-02 14:20:00+00:00,281.640015,282.509888,281.579987,282.509888,48695
2026-09-02 14:25:00+00:00,282.359985,282.760010,282.000000,282.130005,34474
2026-09-02 14:30:00+00:00,282.010010,282.450012,281.510010,281.785004,33722
2026-09-02 14:35:00+00:00,281.855011,283.320007,281.820007,283.320007,34207
2026-09-02 14:40:00+00:00,283.279999,283.859985,283.019989,283.500000,24889
2026-09-02 14:45:00+00:00,283.489990,284.000000,283.225006,283.825012,30509
2026-09-02 14:50:00+00:00,283.910004,284.019989,283.239990,283.649994,55087
2026-09-02 14:55:00+00:00,283.640015,283.670013,282.524994,282.679993,24911
2026-09-02 15:00:00+00:00,282.679993,283.140015,282.679993,282.834991,21841
2026-09-02 15:05:00+00:00,282.880005,282.929993,282.119995,282.190002,22499
2026-09-02 15:10:00+00:00,282.160004,282.597198,282.150085,282.579987,23968
2026-09-02 15:15:00+00:00,282.580109,282.709991,282.070007,282.320007,23282
2026-09-02 15:20:00+00:00,282.329987,282.919891,282.320007,282.760010,20018
2026-09-02 15:25:00+00:00,282.795013,282.890015,281.929993,281.980011,20654
2026-09-02 15:30:00+00:00,282.040009,282.279999,281.264709,281.329987,29826
2026-09-02 15:35:00+00:00,281.329987,281.864990,281.325012,281.730011,17311
2026-09-02 15:40:00+00:00,281.720001,281.899994,281.522491,281.779999,16612
2026-09-02 15:45:00+00:00,281.779999,281.880005,281.130005,281.359985,23760
2026-09-02 15:50:00+00:00,281.260010,281.559998,280.899994,280.994995,24089
2026-09-02 15:55:00+00:00,281.010010,281.489990,280.820007,281.470001,21421
2026-09-02 16:00:00+00:00,281.459991,281.510010,281.000000,281.010010,22190
2026-09-02 16:05:00+00:00,281.105011,281.549988,280.975006,281.220001,31515
2026-09-02 16:10:00+00:00,281.149994,281.290009,280.640015,280.660004,77633
2026-09-02 16:15:00+00:00,280.765015,280.970001,280.339996,280.570007,312836
2026-09-02 16:20:00+00:00,280.570007,281.320007,280.570007,281.149994,51292
2026-09-02 16:25:00+00:00,281.149994,281.200012,280.654999,280.809998,25702
2026-09-02 16:30:00+00:00,280.799988,281.390015,280.799988,281.329987,18675
2026-09-02 16:35:00+00:00,281.320007,282.170013,281.309998,282.095001,28134
2026-09-02 16:40:00+00:00,282.095001,282.279999,281.859985,281.940002,28653
2026-09-02 16:45:00+00:00,282.045502,282.329407,281.941315,282.255005,20333
2026-09-02 16:50:00+00:00,282.279999,283.278198,282.250000,282.940002,27323
2026-09-02 16:55:00+00:00,282.795013,282.890015,282.100006,282.100006,16855
2026-09-02 17:00:00+00:00,282.105011,282.309998,282.049988,282.109985,15342
2026-09-02 17:05:00+00:00,282.109985,282.279999,281.779999,282.130005,75021
2026-09-02 17:10:00+00:00,282.109985,282.230011,281.810089,281.950012,11463
2026-09-02 17:15:00+00:00,282.015015,282.079712,281.119995,281.150085,29915
2026-09-02 17:20:00+00:00,281.149994,281.829987,280.834991,281.779999,53824
2026-09-02 17:25:00+00:00,281.779999,282.100006,281.720001,281.920013,13764
2026-09-02 17:30:00+00:00,281.839996,282.109985,281.640015,282.029999,18056
2026-09-02 17:35:00+00:00,282.029999,282.084991,281.899994,282.005005,12991
2026-09-02 17:40:00+00:00,282.045013,282.049988,281.579987,281.899994,14364
2026-09-02 17:45:00+00:00,282.000000,282.079987,281.714996,281.720001,16194
2026-09-02 17:50:00+00:00,281.750000,281.989990,281.620514,281.989990,17701
2026-09-02 17:55:00+00:00,281.934998,282.239899,281.820007,282.200012,12514
2026-09-02 18:00:00+00:00,282.239990,282.579987,281.980011,282.470001,13950
2026-09-02 18:05:00+00:00,282.659698,282.749908,282.239990,282.524994,16408
2026-09-02 18:10:00+00:00,282.480011,282.630005,282.410004,282.429993,10967
2026-09-02 18:15:00+00:00,282.540009,282.785004,282.450012,282.779999,13169
2026-09-02 18:20:00+00:00,282.834991,282.940002,282.369995,282.537506,23957
2026-09-02 18:25:00+00:00,282.540009,282.540009,282.000000,282.040009,20252
2026-09-02 18:30:00+00:00,282.040009,282.197510,281.690002,281.739990,15056
2026-09-02 18:35:00+00:00,281.709991,281.945007,281.589996,281.630005,13967
2026-09-02 18:40:00+00:00,281.670013,281.670013,280.559998,280.559998,17993
2026-09-02 18:45:00+00:00,280.595001,280.769989,280.410004,280.552490,22661
2026-09-02 18:50:00+00:00,280.549988,280.769989,280.500000,280.704987,28229
2026-09-02 18:55:00+00:00,280.709991,280.880005,280.609985,280.869995,27763
2026-09-02 19:00:00+00:00,280.850006,281.399994,280.829987,281.109985,30786
2026-09-02 19:05:00+00:00,281.144989,281.320007,280.910004,281.260010,32895
2026-09-02 19:10:00+00:00,281.320007,281.364990,281.040009,281.140015,20312
2026-09-02 19:15:00+00:00,281.390015,281.390015,280.790009,280.920013,24850
2026-09-02 19:20:00+00:00,280.980011,281.089996,280.649994,280.850006,21097
2026-09-02 19:25:00+00:00,280.929993,281.069885,280.720001,280.845001,24243
2026-09-02 19:30:00+00:00,280.820007,280.842499,280.399994,280.510010,34890
2026-09-02 19:35:00+00:00,280.515015,280.670013,280.170013,280.559998,39047
2026-09-02 19:40:00+00:00,280.540009,280.869995,280.540009,280.665009,39548
2026-09-02 19:45:00+00:00,280.640015,280.825012,280.500000,280.649994,45361
2026-09-02 19:50:00+00:00,280.589996,280.589996,279.660004,279.869995,101915
2026-09-02 19:55:00+00:00,279.934998,280.250000,279.424988,279.790009,238686
