Datetime,Open,High,Low,Close,Volume
2026-04-08 13:30:00+00:00,218.934998,220.850006,218.009995,219.085007,589996
2026-04-08 13:35:00+00:00,219.100006,219.589996,218.100006,218.669998,195952
2026-04-08 13:40:00+00:00,218.759995,218.850006,218.100006,218.344696,162582
2026-04-08 13:45:00+00:00,218.309998,219.369995,218.246994,218.839996,150177
2026-04-08 13:50:00+00:00,218.889999,219.190002,217.899994,218.179993,162051
2026-04-08 13:55:00+00:00,218.139999,218.809998,217.869995,218.320007,155514
2026-04-08 14:00:00+00:00,218.250000,218.697006,217.910004,218.392197,126116
2026-04-08 14:05:00+00:00,218.370102,219.080002,218.190002,218.500000,133358
2026-04-08 14:10:00+00:00,218.554993,218.554993,218.001007,218.100006,130394
2026-04-08 14:15:00+00:00,218.195007,218.500000,217.779999,218.039993,136077
2026-04-08 14:20:00+00:00,218.020004,218.720001,217.934998,218.610001,87035
2026-04-08 14:25:00+00:00,218.570007,218.809998,218.179993,218.330002,46863
2026-04-08 14:30:00+00:00,218.330002,218.410797,217.699997,218.119995,83728
2026-04-08 14:35:00+00:00,218.104996,218.179993,217.250000,217.309998,123587
2026-04-08 14:40:00+00:00,217.330002,217.800003,217.270004,217.559998,72682
2026-04-08 14:45:00+00:00,217.505005,217.789993,217.149994,217.229996,75089
2026-04-08 14:50:00+00:00,217.259995,217.434998,217.035004,217.149994,92074
2026-04-08 14:55:00+00:00,217.130005,217.139999,216.000107,216.639999,111455
2026-04-08 15:00:00+00:00,216.539993,217.050003,216.520004,216.839996,45046
2026-04-08 15:05:00+00:00,216.779999,217.130005,216.539993,216.615005,42797
2026-04-08 15:10:00+00:00,216.610001,216.610001,216.179993,216.550003,49372
2026-04-08 15:15:00+00:00,216.460007,216.990005,216.460007,216.990005,51023
2026-04-08 15:20:00+00:00,217.000000,217.130005,216.779999,217.009995,48448
2026-04-08 15:25:00+00:00,216.990005,217.080002,216.699997,216.820007,50736
2026-04-08 15:30:00+00:00,216.880005,217.119995,216.790802,217.024994,41387
2026-04-08 15:35:00+00:00,217.089996,217.440002,217.000000,217.360001,43624
2026-04-08 15:40:00+00:00,217.250000,217.690002,217.175003,217.600006,42946
2026-04-08 15:45:00+00:00,217.529999,217.970001,217.529999,217.860001,40440
2026-04-08 15:50:00+00:00,217.869995,218.119995,217.780106,217.960007,31665
2026-04-08 15:55:00+00:00,217.977005,218.309998,217.977005,218.130005,37107
2026-04-08 16:00:00+00:00,218.130005,218.130005,217.875000,217.940002,26012
2026-04-08 16:05:00+00:00,217.960007,217.990005,217.789993,217.970001,77682
2026-04-08 16:10:00+00:00,217.929993,218.130005,217.899994,218.070007,36019
2026-04-08 16:15:00+00:00,218.035004,218.035004,217.585007,217.705002,52275
2026-04-08 16:20:00+00:00,217.720001,217.785004,217.479996,217.528595,27251
2026-04-08 16:25:00+00:00,217.550003,217.850006,217.550003,217.649994,44306
2026-04-08 16:30:00+00:00,217.649994,218.000000,217.449997,217.960007,52271
2026-04-08 16:35:00+00:00,217.929993,218.009995,217.869995,218.000000,25618
2026-04-08 16:40:00+00:00,218.020004,218.190002,217.884995,218.140106,50043
2026-04-08 16:45:00+00:00,218.164993,218.195007,218.020004,218.134995,56714
2026-04-08 16:50:00+00:00,218.179993,218.479996,218.039993,218.199997,50063
2026-04-08 16:55:00+00:00,218.270004,218.294998,218.059998,218.100006,31643
2026-04-08 17:00:00+00:00,218.100006,218.199997,217.922699,218.160004,37708
2026-04-08 17:05:00+00:00,218.179993,218.229996,217.949997,218.059998,25042
2026-04-08 17:10:00+00:00,218.070007,218.369995,217.979996,218.364502,33814
2026-04-08 17:15:00+00:00,218.350006,218.570007,218.150101,218.235001,44050
2026-04-08 17:20:00+00:00,218.235001,218.490005,218.000000,218.035004,29690
2026-04-08 17:25:00+00:00,218.020004,218.179993,217.889999,218.059998,30164
2026-04-08 17:30:00+00:00,218.000000,218.199997,217.949997,218.059998,25987
2026-04-08 17:35:00+00:00,218.190002,218.304199,218.020004,218.229996,37680
2026-04-08 17:40:00+00:00,218.195007,218.539993,218.195007,218.479996,34841
2026-04-08 17:45:00+00:00,218.488342,218.669998,218.320007,218.335007,43341
2026-04-08 17:50:00+00:00,218.360001,218.649994,218.360001,218.504471,32331
2026-04-08 17:55:00+00:00,218.509995,218.610001,218.460007,218.460007,32111
2026-04-08 18:00:00+00:00,218.539993,218.649994,218.449997,218.572495,38504
2026-04-08 18:05:00+00:00,218.589996,218.770004,218.589996,218.729996,56388
2026-04-08 18:10:00+00:00,218.740005,218.800003,218.639999,218.669998,31070
2026-04-08 18:15:00+00:00,218.669998,218.899994,218.000000,218.169998,71467
2026-04-08 18:20:00+00:00,218.169998,218.419998,218.100006,218.330002,35279
2026-04-08 18:25:00+00:00,218.294998,218.410004,218.154999,218.235001,34841
2026-04-08 18:30:00+00:00,218.235001,218.339996,217.920105,218.009995,40855
2026-04-08 18:35:00+00:00,218.029999,218.029999,217.919998,217.925003,36324
2026-04-08 18:40:00+00:00,217.925003,217.925003,217.479996,217.479996,42193
2026-04-08 18:45:00+00:00,217.485001,217.690002,217.389999,217.399994,29239
2026-04-08 18:50:00+00:00,217.369995,217.440002,217.010406,217.100006,38971
2026-04-08 18:55:00+00:00,217.100006,217.100006,216.690002,216.779999,39494
2026-04-08 19:00:00+00:00,216.797607,217.059998,216.649994,216.695007,30956
2026-04-08 19:05:00+00:00,216.720001,217.050003,216.710007,217.050003,27110
2026-04-08 19:10:00+00:00,217.089996,217.410004,217.009995,217.220001,42218
2026-04-08 19:15:00+00:00,217.255005,217.369995,216.930099,217.104996,44474
2026-04-08 19:20:00+00:00,217.110001,217.179901,216.929993,217.039993,29412
2026-04-08 19:25:00+00:00,217.080002,217.179993,216.789993,216.839996,44227
2026-04-08 19:30:00+00:00,216.880005,217.279999,216.880005,217.279999,40130
2026-04-08 19:35:00+00:00,217.279999,217.559998,217.270004,217.520004,70743
2026-04-08 19:40:00+00:00,217.460007,217.524994,217.339996,217.419998,67304
2026-04-08 19:45:00+00:00,217.419998,217.839996,217.419998,217.735001,110899
2026-04-08 19:50:00+00:00,217.750000,218.154999,217.630005,218.100006,114683
2026-04-08 19:55:00+00:00,218.070007,218.250000,217.789993,217.860001,325225
2026-04-09 13:30:00+00:00,216.000000,218.240005,216.000000,218.059998,147587
2026-04-09 13:35:00+00:00,218.080002,218.139999,216.720001,217.214996,53916
2026-04-09 13:40:00+00:00,217.080002,217.769897,217.000000,217.419998,50499
2026-04-09 13:45:00+00:00,217.309998,217.899994,217.160004,217.485001,41812
2026-04-09 13:50:00+00:00,217.485001,217.869995,217.350006,217.449997,47000
2026-04-09 13:55:00+00:00,217.350006,217.859894,217.289993,217.630005,35170
2026-04-09 14:00:00+00:00,217.672501,217.779999,217.100006,217.705002,52473
2026-04-09 14:05:00+00:00,217.705002,217.705002,217.315002,217.315002,31030
2026-04-09 14:10:00+00:00,217.199997,217.419998,216.979996,217.160004,64775
2026-04-09 14:15:00+00:00,217.130005,217.149994,216.649994,216.860001,34077
2026-04-09 14:20:00+00:00,216.899994,217.050003,216.630005,216.869995,28727
2026-04-09 14:25:00+00:00,216.919998,216.964996,216.570007,216.779999,30133
2026-04-09 14:30:00+00:00,216.720001,216.919998,216.399994,216.570007,34461
2026-04-09 14:35:00+00:00,216.600006,217.000000,216.520096,216.990005,45345
2026-04-09 14:40:00+00:00,216.949997,217.020004,216.699997,216.804993,42810
2026-04-09 14:45:00+00:00,216.804993,217.580002,216.804993,217.580002,67287
2026-04-09 14:50:00+00:00,217.554993,217.865005,217.440002,217.854996,35439
2026-04-09 14:55:00+00:00,217.880005,218.029999,217.735001,217.800003,37165
2026-04-09 15:00:00+00:00,217.800003,217.884995,217.440002,217.490005,33254
2026-04-09 15:05:00+00:00,217.539993,217.630005,217.419998,217.550003,25285
2026-04-09 15:10:00+00:00,217.565002,217.750000,217.550003,217.705002,51538
2026-04-09 15:15:00+00:00,217.705002,218.059998,217.630005,218.014999,41829
2026-04-09 15:20:00+00:00,218.070007,218.070007,217.929993,218.035004,16997
2026-04-09 15:25:00+00:00,218.035004,218.039993,217.680099,217.755005,19492
2026-04-09 15:30:00+00:00,217.779999,218.949997,217.710007,218.744995,89927
2026-04-09 15:35:00+00:00,218.820007,219.199997,218.750000,219.149994,47765
2026-04-09 15:40:00+00:00,219.199997,219.440002,219.000000,219.089996,35542
2026-04-09 15:45:00+00:00,219.110001,219.679993,219.059998,219.652496,51213
2026-04-09 15:50:00+00:00,219.589996,220.100006,219.490005,219.774994,107778
2026-04-09 15:55:00+00:00,219.774994,219.889999,219.540100,219.820007,34186
2026-04-09 16:00:00+00:00,219.889999,220.759995,219.740097,220.375000,63872
2026-04-09 16:05:00+00:00,220.369995,220.899994,220.289993,220.789993,78343
2026-04-09 16:10:00+00:00,220.759995,221.289993,220.660004,220.735001,126843
2026-04-09 16:15:00+00:00,220.744995,221.000000,220.550003,220.949997,71034
2026-04-09 16:20:00+00:00,221.000000,221.035004,220.839203,220.904999,37026
2026-04-09 16:25:00+00:00,220.940002,221.070007,220.770096,220.929993,34813
2026-04-09 16:30:00+00:00,220.929993,221.050003,220.600098,220.774994,34015
2026-04-09 16:35:00+00:00,220.774994,220.880005,220.600006,220.699997,27860
2026-04-09 16:40:00+00:00,220.669998,220.740005,220.370102,220.470001,39776
2026-04-09 16:45:00+00:00,220.460007,220.460007,220.300003,220.380005,23934
2026-04-09 16:50:00+00:00,220.365005,220.600006,220.365005,220.464996,29318
2026-04-09 16:55:00+00:00,220.475006,220.690002,220.449997,220.600006,50836
2026-04-09 17:00:00+00:00,220.639999,220.699997,220.509995,220.634995,18270
2026-04-09 17:05:00+00:00,220.625000,220.848099,220.490005,220.800003,31597
2026-04-09 17:10:00+00:00,220.800003,220.850006,220.600006,220.649994,37148
2026-04-09 17:15:00+00:00,220.615005,220.800003,220.494995,220.735001,25047
2026-04-09 17:20:00+00:00,220.779999,220.809998,220.580002,220.580002,24880
2026-04-09 17:25:00+00:00,220.539993,220.710007,220.500000,220.585007,29778
2026-04-09 17:30:00+00:00,220.585007,220.660004,220.360107,220.490005,42411
2026-04-09 17:35:00+00:00,220.475006,220.740005,220.419998,220.679993,28653
2026-04-09 17:40:00+00:00,220.720001,220.720001,220.382996,220.464996,24936
2026-04-09 17:45:00+00:00,220.470001,220.720001,220.470001,220.720001,27876
2026-04-09 17:50:00+00:00,220.710007,220.710007,220.449997,220.600006,27225
2026-04-09 17:55:00+00:00,220.600006,220.770004,220.521606,220.714996,23277
2026-04-09 18:00:00+00:00,220.710007,220.735001,219.705002,219.897507,50699
2026-04-09 18:05:00+00:00,219.904999,220.229996,219.592499,219.679993,29312
2026-04-09 18:10:00+00:00,219.679993,219.869995,219.500000,219.625000,35358
2026-04-09 18:15:00+00:00,219.639999,219.830002,219.500107,219.540100,28280
2026-04-09 18:20:00+00:00,219.604996,219.744003,219.500000,219.529999,32995
2026-04-09 18:25:00+00:00,219.529999,219.660004,219.300003,219.654999,33417
2026-04-09 18:30:00+00:00,219.649994,219.699997,219.429993,219.429993,25777
2026-04-09 18:35:00+00:00,219.470001,219.770004,219.410004,219.770004,30205
2026-04-09 18:40:00+00:00,219.770004,219.869995,219.600006,219.645493,31858
2026-04-09 18:45:00+00:00,219.750000,219.815002,219.460007,219.485001,24470
2026-04-09 18:50:00+00:00,219.485001,219.485001,219.205002,219.395004,38506
2026-04-09 18:55:00+00:00,219.485001,219.539993,219.399994,219.492599,24111
2026-04-09 19:00:00+00:00,219.550003,219.714996,219.259995,219.259995,88202
2026-04-09 19:05:00+00:00,219.252502,219.654999,219.220001,219.649994,21361
2026-04-09 19:10:00+00:00,219.654999,219.725006,219.580002,219.625000,36142
2026-04-09 19:15:00+00:00,219.634399,219.710007,219.419998,219.449997,29524
2026-04-09 19:20:00+00:00,219.449997,219.490005,219.199997,219.330002,33838
2026-04-09 19:25:00+00:00,219.330002,219.369995,219.102005,219.199997,28846
2026-04-09 19:30:00+00:00,219.175003,219.469894,219.150101,219.375000,54112
2026-04-09 19:35:00+00:00,219.375000,219.570007,219.240005,219.479996,98625
2026-04-09 19:40:00+00:00,219.475006,219.850006,219.389999,219.794998,57561
2026-04-09 19:45:00+00:00,219.789993,220.080002,219.660004,219.867493,88438
2026-04-09 19:50:00+00:00,219.850006,220.244995,219.770004,220.214996,104677
2026-04-09 19:55:00+00:00,220.179993,220.250000,219.994995,220.000000,239128
2026-04-10 13:30:00+00:00,220.169998,220.369995,218.509995,218.699997,104524
2026-04-10 13:35:00+00:00,218.750000,219.479996,218.309998,218.350006,60630
2026-04-10 13:40:00+00:00,218.449997,218.570007,218.000000,218.240005,51189
2026-04-10 13:45:00+00:00,218.449997,218.645004,217.220001,218.020004,82200
2026-04-10 13:50:00+00:00,218.059998,218.350006,218.000107,218.345001,23425
2026-04-10 13:55:00+00:00,218.260101,218.860001,218.169998,218.679993,34502
2026-04-10 14:00:00+00:00,218.660004,218.750000,218.270004,218.669998,42461
2026-04-10 14:05:00+00:00,218.649994,218.800003,218.529999,218.740005,41869
2026-04-10 14:10:00+00:00,218.740005,218.789993,218.289993,218.550003,56271
2026-04-10 14:15:00+00:00,218.559998,218.645004,218.210007,218.389999,26262
2026-04-10 14:20:00+00:00,218.389999,218.479996,218.280106,218.460007,20798
2026-04-10 14:25:00+00:00,218.410004,219.050003,218.409500,219.050003,45382
2026-04-10 14:30:00+00:00,219.050003,219.289993,218.570007,218.615005,47941
2026-04-10 14:35:00+00:00,218.690002,218.889999,218.469498,218.469498,45240
2026-04-10 14:40:00+00:00,218.460007,218.550003,217.839996,217.929993,30528
2026-04-10 14:45:00+00:00,217.895004,218.119995,217.839996,217.839996,26797
2026-04-10 14:50:00+00:00,217.919998,218.219894,217.690002,217.735001,22230
2026-04-10 14:55:00+00:00,217.735001,218.059998,217.679993,218.014999,29301
2026-04-10 15:00:00+00:00,218.039993,218.149994,217.975006,217.990005,30430
2026-04-10 15:05:00+00:00,217.934998,218.099899,217.669998,218.044495,38927
2026-04-10 15:10:00+00:00,218.065002,218.250000,218.054993,218.220001,23885
2026-04-10 15:15:00+00:00,218.240005,218.250000,218.059998,218.149994,17159
2026-04-10 15:20:00+00:00,218.082199,218.470001,218.082199,218.470001,43147
2026-04-10 15:25:00+00:00,218.399994,218.408997,218.195007,218.244995,37341
2026-04-10 15:30:00+00:00,218.244995,218.460007,218.190002,218.304993,65192
2026-04-10 15:35:00+00:00,218.309998,218.389999,217.970001,218.052505,82789
2026-04-10 15:40:00+00:00,218.000000,218.199997,217.850098,218.070007,66615
2026-04-10 15:45:00+00:00,218.069901,218.169998,217.930099,218.100006,24707
2026-04-10 15:50:00+00:00,218.115005,218.350006,217.600006,217.649994,101100
2026-04-10 15:55:00+00:00,217.660004,217.929993,217.649994,217.740005,33882
2026-04-10 16:00:00+00:00,217.800003,217.830002,217.399994,217.419998,80821
2026-04-10 16:05:00+00:00,217.414993,217.509995,217.000000,217.149994,39515
2026-04-10 16:10:00+00:00,217.119995,217.309998,217.039993,217.119995,29940
2026-04-10 16:15:00+00:00,217.179993,217.279999,217.119995,217.250000,22898
2026-04-10 16:20:00+00:00,217.255005,217.330002,216.909805,217.149994,79676
2026-04-10 16:25:00+00:00,217.074997,217.369995,216.860001,217.324997,52916
2026-04-10 16:30:00+00:00,217.324997,217.470001,217.149994,217.440002,24097
2026-04-10 16:35:00+00:00,217.434998,217.485794,217.259995,217.410004,32070
2026-04-10 16:40:00+00:00,217.330002,217.380005,217.100006,217.235001,20032
2026-04-10 16:45:00+00:00,217.250000,217.600006,217.250000,217.559998,27371
2026-04-10 16:50:00+00:00,217.610001,218.059998,217.559998,217.949997,49023
2026-04-10 16:55:00+00:00,217.949997,218.029999,217.755005,217.755005,26222
2026-04-10 17:00:00+00:00,217.759995,217.770004,217.399994,217.399994,29620
2026-04-10 17:05:00+00:00,217.350006,217.429993,217.177200,217.339996,28463
2026-04-10 17:10:00+00:00,217.294998,217.690002,217.167007,217.615005,25049
2026-04-10 17:15:00+00:00,217.615005,217.669998,217.540100,217.619995,17742
2026-04-10 17:20:00+00:00,217.619995,217.660004,217.520004,217.529999,24635
2026-04-10 17:25:00+00:00,217.529999,217.550003,217.259995,217.320007,45691
2026-04-10 17:30:00+00:00,217.324997,217.520004,217.279999,217.320007,40283
2026-04-10 17:35:00+00:00,217.350006,217.350006,216.860001,217.149994,102771
2026-04-10 17:40:00+00:00,217.160004,217.160004,216.869995,216.934998,19298
2026-04-10 17:45:00+00:00,216.940002,217.009995,216.809998,216.985001,48151
2026-04-10 17:50:00+00:00,217.020004,217.080002,216.679993,216.699997,34029
2026-04-10 17:55:00+00:00,216.660004,216.910004,216.660004,216.800003,24497
2026-04-10 18:00:00+00:00,216.789993,216.899994,216.720001,216.899994,38166
2026-04-10 18:05:00+00:00,216.854996,217.080002,216.750000,216.919998,134578
2026-04-10 18:10:00+00:00,216.910004,216.990005,216.800003,216.910004,21004
2026-04-10 18:15:00+00:00,216.884995,217.125595,216.800003,217.039993,21940
2026-04-10 18:20:00+00:00,217.000000,217.179993,217.000000,217.070007,22272
2026-04-10 18:25:00+00:00,217.039993,217.139999,217.029999,217.080002,15759
2026-04-10 18:30:00+00:00,217.085007,217.089996,216.720001,217.035004,31490
2026-04-10 18:35:00+00:00,217.070007,217.100006,216.820007,216.940002,128686
2026-04-10 18:40:00+00:00,216.979996,216.979996,216.800003,216.845001,40020
2026-04-10 18:45:00+00:00,216.820007,216.960007,216.789993,216.869995,18043
2026-04-10 18:50:00+00:00,216.865005,217.029999,216.839996,216.960007,19575
2026-04-10 18:55:00+00:00,216.970001,217.029999,216.839996,216.909302,27968
2026-04-10 19:00:00+00:00,216.910004,217.029999,216.789993,216.865005,23795
2026-04-10 19:05:00+00:00,216.899994,216.955002,216.789993,216.949997,18918
2026-04-10 19:10:00+00:00,217.070007,217.229996,217.070007,217.130005,25134
2026-04-10 19:15:00+00:00,217.104996,217.320007,217.039993,217.259995,49197
2026-04-10 19:20:00+00:00,217.274994,217.539993,217.170074,217.500000,40112
2026-04-10 19:25:00+00:00,217.470001,217.800003,217.425003,217.789993,85547
2026-04-10 19:30:00+00:00,217.735001,217.740005,217.460007,217.529999,37824
2026-04-10 19:35:00+00:00,217.580002,217.720001,217.440002,217.520004,46151
2026-04-10 19:40:00+00:00,217.539993,217.684998,217.460007,217.660004,51201
2026-04-10 19:45:00+00:00,217.664993,217.744995,217.381393,217.449997,62699
2026-04-10 19:50:00+00:00,217.419998,217.759995,217.369995,217.639008,78817
2026-04-10 19:55:00+00:00,217.610001,217.705002,217.440002,217.589996,220886
2026-04-13 13:30:00+00:00,216.250000,216.990005,215.759995,215.929993,166792
2026-04-13 13:35:00+00:00,215.929993,216.880005,215.460007,216.360001,94439
2026-04-13 13:40:00+00:00,216.330002,216.479996,216.000000,216.070007,56008
2026-04-13 13:45:00+00:00,216.070007,216.619995,215.720001,216.615005,67611
2026-04-13 13:50:00+00:00,216.679993,217.119995,216.510101,216.710007,45680
2026-04-13 13:55:00+00:00,216.710007,217.600006,216.570007,217.589996,53887
2026-04-13 14:00:00+00:00,217.529999,217.899994,217.199997,217.485001,45395
2026-04-13 14:05:00+00:00,217.457703,217.679993,217.429993,217.475006,38038
2026-04-13 14:10:00+00:00,217.598999,217.630005,217.200104,217.320007,28778
2026-04-13 14:15:00+00:00,217.250000,217.399994,217.070007,217.169998,23329
2026-04-13 14:20:00+00:00,217.179993,217.740005,217.160004,217.479996,25263
2026-04-13 14:25:00+00:00,217.595001,217.880005,217.339996,217.820007,33127
2026-04-13 14:30:00+00:00,217.880005,218.100006,217.580002,217.824997,28618
2026-04-13 14:35:00+00:00,217.910004,217.960007,217.753006,217.904999,22365
2026-04-13 14:40:00+00:00,217.850006,218.149994,217.820007,218.149994,33932
2026-04-13 14:45:00+00:00,218.160004,218.210007,217.669998,217.759995,35331
2026-04-13 14:50:00+00:00,217.829895,218.050003,217.650101,217.990005,34164
2026-04-13 14:55:00+00:00,217.910004,218.210007,217.869995,218.110001,18324
2026-04-13 15:00:00+00:00,218.059998,218.119995,217.600006,217.600006,27708
2026-04-13 15:05:00+00:00,217.585007,217.869995,217.585007,217.750000,15489
2026-04-13 15:10:00+00:00,217.619995,218.039993,217.619995,218.020004,18676
2026-04-13 15:15:00+00:00,218.059998,218.072098,217.759995,217.800003,22740
2026-04-13 15:20:00+00:00,217.820007,217.820007,217.589996,217.710007,17026
2026-04-13 15:25:00+00:00,217.720001,217.970001,217.550003,217.860001,24824
2026-04-13 15:30:00+00:00,217.880005,217.880005,217.529999,217.764999,37024
2026-04-13 15:35:00+00:00,217.789993,218.350006,217.720001,218.350006,29311
2026-04-13 15:40:00+00:00,218.389999,218.479904,218.119995,218.149994,17261
2026-04-13 15:45:00+00:00,218.145004,218.190002,217.827194,217.860001,16067
2026-04-13 15:50:00+00:00,217.910004,218.119995,217.910004,218.070007,13232
2026-04-13 15:55:00+00:00,218.110001,218.130005,217.899994,218.050003,16462
2026-04-13 16:00:00+00:00,218.179993,218.347397,217.809998,218.347397,22848
2026-04-13 16:05:00+00:00,218.244995,218.779999,218.139999,218.585007,20413
2026-04-13 16:10:00+00:00,218.595001,218.882095,218.595001,218.744995,19893
2026-04-13 16:15:00+00:00,218.800003,218.919998,218.580093,218.789993,20618
2026-04-13 16:20:00+00:00,218.800003,219.000000,218.669998,218.960007,41327
2026-04-13 16:25:00+00:00,218.994995,219.690002,218.994995,219.630005,33370
2026-04-13 16:30:00+00:00,219.570007,219.850006,219.410004,219.449997,24788
2026-04-13 16:35:00+00:00,219.449997,219.949997,219.419998,219.839996,31860
2026-04-13 16:40:00+00:00,219.880005,220.339905,219.800003,220.085007,55767
2026-04-13 16:45:00+00:00,220.009995,220.720001,219.940002,220.595093,54928
2026-04-13 16:50:00+00:00,220.600006,221.095001,220.550003,220.820007,51104
2026-04-13 16:55:00+00:00,220.830002,220.949997,220.559998,220.869995,30600
2026-04-13 17:00:00+00:00,220.880005,221.210007,220.800003,221.190002,58252
2026-04-13 17:05:00+00:00,221.199997,221.529999,221.179993,221.279999,175737
2026-04-13 17:10:00+00:00,221.389999,221.389999,221.190002,221.300003,27803
2026-04-13 17:15:00+00:00,221.339996,221.630005,221.330002,221.460007,53403
2026-04-13 17:20:00+00:00,221.429993,221.460007,221.210007,221.210007,28873
2026-04-13 17:25:00+00:00,221.250000,221.389999,221.199997,221.389999,26492
2026-04-13 17:30:00+00:00,221.429703,221.690002,221.323395,221.451599,28847
2026-04-13 17:35:00+00:00,221.440002,221.440002,221.134995,221.240005,47917
2026-04-13 17:40:00+00:00,221.294998,221.539993,221.229996,221.479996,46107
2026-04-13 17:45:00+00:00,221.460007,221.539993,221.360001,221.520004,31737
2026-04-13 17:50:00+00:00,221.550003,221.648102,221.395004,221.648102,26000
2026-04-13 17:55:00+00:00,221.600006,221.649994,221.520004,221.559998,26711
2026-04-13 18:00:00+00:00,221.610001,221.710007,221.539993,221.630005,112649
2026-04-13 18:05:00+00:00,221.634995,221.710007,221.510498,221.649994,32449
2026-04-13 18:10:00+00:00,221.649994,221.770004,221.580002,221.759995,32966
2026-04-13 18:15:00+00:00,221.750000,221.800003,221.645004,221.759995,24703
2026-04-13 18:20:00+00:00,221.725006,221.779999,221.669998,221.679993,32140
2026-04-13 18:25:00+00:00,221.695007,221.729401,221.490005,221.660004,53723
2026-04-13 18:30:00+00:00,221.639999,221.690002,221.360107,221.509995,50579
2026-04-13 18:35:00+00:00,221.509995,221.539993,221.389999,221.470001,30782
2026-04-13 18:40:00+00:00,221.470001,221.710007,221.437500,221.690002,33646
2026-04-13 18:45:00+00:00,221.699997,221.809998,221.546005,221.758408,56484
2026-04-13 18:50:00+00:00,221.770004,221.979996,221.710007,221.824997,62903
2026-04-13 18:55:00+00:00,221.860001,221.979996,221.500000,221.630005,34084
2026-04-13 19:00:00+00:00,221.660004,221.759995,221.535004,221.630005,62536
2026-04-13 19:05:00+00:00,221.565002,221.630005,221.108200,221.324997,29720
2026-04-13 19:10:00+00:00,221.279999,221.410004,221.250000,221.304993,35587
2026-04-13 19:15:00+00:00,221.300003,221.410004,221.229996,221.410004,29378
2026-04-13 19:20:00+00:00,221.384995,221.600006,221.360107,221.479996,29521
2026-04-13 19:25:00+00:00,221.470001,221.600006,221.410004,221.509995,55732
2026-04-13 19:30:00+00:00,221.500000,221.520004,221.250000,221.330002,33521
2026-04-13 19:35:00+00:00,221.350006,221.514999,221.250000,221.304993,39125
2026-04-13 19:40:00+00:00,221.330002,221.470001,221.080002,221.240005,50583
2026-04-13 19:45:00+00:00,221.270004,221.350006,220.940002,221.029999,75552
2026-04-13 19:50:00+00:00,221.050003,222.039993,221.005005,222.039993,132544
2026-04-13 19:55:00+00:00,222.050003,222.210007,221.949997,222.110001,337882
2026-04-14 13:30:00+00:00,221.690002,222.419998,221.320099,221.830002,153294
2026-04-14 13:35:00+00:00,221.699997,223.229904,221.639999,222.968002,99111
2026-04-14 13:40:00+00:00,222.919998,223.500000,222.809998,223.289993,77123
2026-04-14 13:45:00+00:00,223.244995,223.619995,223.000000,223.240005,64962
2026-04-14 13:50:00+00:00,223.240005,223.824997,222.970001,223.634995,54275
2026-04-14 13:55:00+00:00,223.660004,224.320007,223.580002,224.239899,59760
2026-04-14 14:00:00+00:00,224.229996,224.521698,224.059998,224.294998,67014
2026-04-14 14:05:00+00:00,224.279999,224.300003,223.729996,223.860001,91936
2026-04-14 14:10:00+00:00,223.750000,224.129898,223.685303,224.039993,84279
2026-04-14 14:15:00+00:00,224.039993,224.039993,223.779999,223.970001,74985
2026-04-14 14:20:00+00:00,224.070007,224.179993,223.949997,224.005005,69481
2026-04-14 14:25:00+00:00,223.940002,224.055405,223.789993,223.860001,46399
2026-04-14 14:30:00+00:00,223.835007,223.929993,223.610001,223.929993,60852
2026-04-14 14:35:00+00:00,223.869995,224.179993,223.589996,223.630005,41935
2026-04-14 14:40:00+00:00,223.610001,223.720001,223.263901,223.559998,40313
2026-04-14 14:45:00+00:00,223.619995,223.729996,223.130005,223.320007,56135
2026-04-14 14:50:00+00:00,223.350006,223.580002,223.149994,223.455002,42476
2026-04-14 14:55:00+00:00,223.429993,223.824997,223.330002,223.824997,38793
2026-04-14 15:00:00+00:00,223.850006,224.720001,223.649994,224.574997,183024
2026-04-14 15:05:00+00:00,224.570007,224.570007,223.649994,223.789993,58295
2026-04-14 15:10:00+00:00,223.729996,223.917206,223.270096,223.910004,34633
2026-04-14 15:15:00+00:00,223.910004,224.300003,223.554993,224.294998,43364
2026-04-14 15:20:00+00:00,224.380005,224.729996,224.149994,224.149994,118875
2026-04-14 15:25:00+00:00,224.160004,224.639999,224.110001,224.535004,30701
2026-04-14 15:30:00+00:00,224.535004,224.789993,224.449997,224.550003,48581
2026-04-14 15:35:00+00:00,224.550003,224.720001,224.399994,224.619995,22276
2026-04-14 15:40:00+00:00,224.679993,224.739899,224.440002,224.639999,25579
2026-04-14 15:45:00+00:00,224.639999,224.789993,224.522598,224.559998,35072
2026-04-14 15:50:00+00:00,224.563095,224.949997,224.500000,224.869995,43838
2026-04-14 15:55:00+00:00,224.919998,225.050003,224.720093,224.774994,70639
2026-04-14 16:00:00+00:00,224.774994,224.940506,224.754593,224.899994,20049
2026-04-14 16:05:00+00:00,224.899994,225.100006,224.809998,225.039993,40004
2026-04-14 16:10:00+00:00,225.024994,225.070007,224.764999,224.809998,30356
2026-04-14 16:15:00+00:00,224.869995,224.869995,224.639999,224.660004,30031
2026-04-14 16:20:00+00:00,224.705002,224.839905,224.600006,224.839905,39338
2026-04-14 16:25:00+00:00,224.770004,224.830002,224.479996,224.500000,28739
2026-04-14 16:30:00+00:00,224.500000,224.539902,223.820007,223.929993,60080
2026-04-14 16:35:00+00:00,223.979996,224.139999,223.860001,223.869995,26433
2026-04-14 16:40:00+00:00,223.869995,224.089996,223.270096,223.559998,109776
2026-04-14 16:45:00+00:00,223.559998,223.559998,222.130005,223.559998,312454
2026-04-14 16:50:00+00:00,223.350006,223.500000,222.820007,222.970001,87837
2026-04-14 16:55:00+00:00,223.000000,223.250000,222.895004,223.080002,30474
2026-04-14 17:00:00+00:00,223.058395,223.339996,222.979996,223.210007,37795
2026-04-14 17:05:00+00:00,223.199997,223.639893,223.199997,223.339996,68720
2026-04-14 17:10:00+00:00,223.375000,223.470001,223.100006,223.297302,24694
2026-04-14 17:15:00+00:00,223.264999,223.436096,223.210007,223.279999,21803
2026-04-14 17:20:00+00:00,223.350006,223.439896,223.229996,223.339996,42223
2026-04-14 17:25:00+00:00,223.250000,223.259903,223.050095,223.074997,35420
2026-04-14 17:30:00+00:00,223.074997,223.457794,223.029999,223.424103,89523
2026-04-14 17:35:00+00:00,223.460007,223.649994,223.375000,223.544998,53638
2026-04-14 17:40:00+00:00,223.500000,223.578995,223.300003,223.354996,26810
2026-04-14 17:45:00+00:00,223.369995,223.429993,223.199997,223.380005,36865
2026-04-14 17:50:00+00:00,223.289993,223.429901,223.199997,223.244995,44035
2026-04-14 17:55:00+00:00,223.210007,223.432098,223.149994,223.220001,21460
2026-04-14 18:00:00+00:00,223.205002,223.339905,223.149994,223.279999,16283
2026-04-14 18:05:00+00:00,223.279999,223.649994,223.279999,223.595001,24499
2026-04-14 18:10:00+00:00,223.639999,223.639999,223.320007,223.320007,37836
2026-04-14 18:15:00+00:00,223.309998,223.399994,223.139999,223.225006,49706
2026-04-14 18:20:00+00:00,223.255005,223.255005,222.735001,222.735001,68153
2026-04-14 18:25:00+00:00,222.729996,223.110001,222.720001,223.000000,21707
2026-04-14 18:30:00+00:00,223.009995,223.330002,222.990005,223.220001,16931
2026-04-14 18:35:00+00:00,223.250000,223.375000,223.139999,223.300003,17667
2026-04-14 18:40:00+00:00,223.240005,223.369995,223.199997,223.300003,41815
2026-04-14 18:45:00+00:00,223.270004,223.349899,222.899994,222.899994,58397
2026-04-14 18:50:00+00:00,222.899994,223.199997,222.899994,223.060104,27685
2026-04-14 18:55:00+00:00,223.149994,223.169998,223.009995,223.119995,19914
2026-04-14 19:00:00+00:00,223.070007,223.350006,223.070007,223.350006,17281
2026-04-14 19:05:00+00:00,223.380005,223.589996,223.339996,223.589996,22674
2026-04-14 19:10:00+00:00,223.589996,223.730804,223.559998,223.619995,18663
2026-04-14 19:15:00+00:00,223.589996,223.626007,223.479996,223.494995,17935
2026-04-14 19:20:00+00:00,223.479996,223.550003,223.479996,223.509995,30758
2026-04-14 19:25:00+00:00,223.490005,223.589996,223.479996,223.570007,19314
2026-04-14 19:30:00+00:00,223.559998,223.735001,223.509995,223.729996,35042
2026-04-14 19:35:00+00:00,223.639999,223.910004,223.639999,223.884995,34403
2026-04-14 19:40:00+00:00,223.919998,223.940002,223.690002,223.829895,38125
2026-04-14 19:45:00+00:00,223.830002,223.869995,223.610001,223.610001,37270
2026-04-14 19:50:00+00:00,223.660004,223.824997,223.610001,223.720001,107577
2026-04-14 19:55:00+00:00,223.759995,223.875000,223.610001,223.779999,200950
2026-04-15 13:30:00+00:00,224.179993,224.720001,222.750000,223.868393,261478
2026-04-15 13:35:00+00:00,223.880005,224.134995,223.420105,223.940002,43445
2026-04-15 13:40:00+00:00,223.940002,224.479996,222.881699,223.000000,51281
2026-04-15 13:45:00+00:00,222.880005,223.604996,222.850006,223.500000,37414
2026-04-15 13:50:00+00:00,223.309998,223.440002,222.669998,222.669998,56921
2026-04-15 13:55:00+00:00,222.800003,223.029999,222.587006,222.990005,28663
2026-04-15 14:00:00+00:00,222.990005,222.994995,221.964996,222.240005,66289
2026-04-15 14:05:00+00:00,222.289993,222.300003,221.949997,222.119995,25496
2026-04-15 14:10:00+00:00,222.119995,222.426895,222.040100,222.269394,35384
2026-04-15 14:15:00+00:00,222.440002,222.550003,222.300003,222.312195,20020
2026-04-15 14:20:00+00:00,222.389999,222.649994,222.371902,222.520004,33568
2026-04-15 14:25:00+00:00,222.619995,222.770004,222.402603,222.615005,31006
2026-04-15 14:30:00+00:00,222.589996,222.600006,221.929993,221.934998,44902
2026-04-15 14:35:00+00:00,221.929993,222.210007,221.822998,221.964996,31312
2026-04-15 14:40:00+00:00,221.964996,222.460007,221.964996,222.294998,23401
2026-04-15 14:45:00+00:00,222.304993,222.740005,222.304993,222.740005,34287
2026-04-15 14:50:00+00:00,222.654999,222.720001,222.199997,222.414993,44212
2026-04-15 14:55:00+00:00,222.350006,222.599899,222.339996,222.464996,16663
2026-04-15 15:00:00+00:00,222.475006,222.585007,222.160095,222.464996,37136
2026-04-15 15:05:00+00:00,222.410004,222.740005,222.410004,222.669998,19672
2026-04-15 15:10:00+00:00,222.619995,223.100006,222.619995,223.039993,30177
2026-04-15 15:15:00+00:00,223.130005,223.279999,222.979996,223.279999,32150
2026-04-15 15:20:00+00:00,223.279999,223.410004,223.119995,223.339996,67235
2026-04-15 15:25:00+00:00,223.330002,223.419998,223.125000,223.195007,26932
2026-04-15 15:30:00+00:00,223.199997,223.199997,222.710007,222.779999,24129
2026-04-15 15:35:00+00:00,222.839996,222.899994,222.570007,222.750000,33298
2026-04-15 15:40:00+00:00,222.759995,222.865005,222.600098,222.779999,28450
2026-04-15 15:45:00+00:00,222.729996,223.070007,222.729996,223.070007,33864
2026-04-15 15:50:00+00:00,223.070007,223.139999,222.770004,222.809998,20614
2026-04-15 15:55:00+00:00,222.794998,223.000000,222.600006,222.934998,23365
2026-04-15 16:00:00+00:00,222.869995,222.994995,222.754807,222.889999,14267
2026-04-15 16:05:00+00:00,222.884995,223.000000,222.750107,223.000000,34230
2026-04-15 16:10:00+00:00,222.994995,222.994995,222.860001,222.949997,25255
2026-04-15 16:15:00+00:00,222.960007,222.990005,222.779999,222.914993,16260
2026-04-15 16:20:00+00:00,222.865005,223.100006,222.865005,222.990005,24387
2026-04-15 16:25:00+00:00,223.035004,223.039993,222.850006,222.854996,22623
2026-04-15 16:30:00+00:00,222.854996,222.975006,222.520004,222.520004,24838
2026-04-15 16:35:00+00:00,222.574997,222.729996,222.531006,222.596497,32948
2026-04-15 16:40:00+00:00,222.580002,222.580002,222.149994,222.149994,48868
2026-04-15 16:45:00+00:00,222.100006,222.320007,221.940002,222.320007,45429
2026-04-15 16:50:00+00:00,222.389999,222.389999,221.910004,221.955002,28848
2026-04-15 16:55:00+00:00,221.960007,221.990005,221.645004,221.960007,48655
2026-04-15 17:00:00+00:00,222.024994,222.695007,221.990005,222.639999,21943
2026-04-15 17:05:00+00:00,222.649994,222.750000,222.380005,222.380096,21746
2026-04-15 17:10:00+00:00,222.395004,222.440002,222.000000,222.199997,79836
2026-04-15 17:15:00+00:00,222.220001,222.460007,222.210007,222.389999,28081
2026-04-15 17:20:00+00:00,222.399994,222.520004,222.384995,222.460007,22266
2026-04-15 17:25:00+00:00,222.432007,222.500000,222.369995,222.449997,9864
2026-04-15 17:30:00+00:00,222.449997,222.600006,222.370102,222.600006,63535
2026-04-15 17:35:00+00:00,222.600006,222.740005,222.529999,222.699997,28329
2026-04-15 17:40:00+00:00,222.669998,222.990005,222.619995,222.889999,26181
2026-04-15 17:45:00+00:00,222.889999,223.050003,222.854996,222.875000,26809
2026-04-15 17:50:00+00:00,222.899994,223.050003,222.899994,222.970001,25829
2026-04-15 17:55:00+00:00,222.970001,223.000000,222.770004,222.809998,18174
2026-04-15 18:00:00+00:00,222.809998,223.330002,222.774994,222.960098,33583
2026-04-15 18:05:00+00:00,223.039993,223.279999,223.039993,223.110001,17637
2026-04-15 18:10:00+00:00,223.089996,223.149994,223.000000,223.149994,13951
2026-04-15 18:15:00+00:00,223.149994,223.229996,223.029999,223.199997,24386
2026-04-15 18:20:00+00:00,223.199997,223.339996,223.100006,223.250000,25234
2026-04-15 18:25:00+00:00,223.244995,223.283005,223.149994,223.220001,18502
2026-04-15 18:30:00+00:00,223.279999,223.460007,223.279999,223.460007,20964
2026-04-15 18:35:00+00:00,223.440002,223.490005,223.339996,223.419998,21784
2026-04-15 18:40:00+00:00,223.419998,223.419998,223.244995,223.320007,19139
2026-04-15 18:45:00+00:00,223.293793,223.539993,223.280594,223.485001,21403
2026-04-15 18:50:00+00:00,223.520004,223.699997,223.520004,223.637497,52766
2026-04-15 18:55:00+00:00,223.643204,223.770004,223.589996,223.759995,20314
2026-04-15 19:00:00+00:00,223.740005,223.779999,223.630005,223.735001,27486
2026-04-15 19:05:00+00:00,223.779999,223.929993,223.750000,223.789993,24487
2026-04-15 19:10:00+00:00,223.800003,223.895004,223.589996,223.664993,72977
2026-04-15 19:15:00+00:00,223.649994,223.720001,223.475006,223.669998,26518
2026-04-15 19:20:00+00:00,223.669998,223.750000,223.619995,223.699997,29653
2026-04-15 19:25:00+00:00,223.699997,223.759995,223.619995,223.759995,69768
2026-04-15 19:30:00+00:00,223.764999,223.880005,223.630005,223.804993,143649
2026-04-15 19:35:00+00:00,223.839996,224.099899,223.740005,223.994995,69285
2026-04-15 19:40:00+00:00,223.910004,224.115005,223.820007,224.054993,104868
2026-04-15 19:45:00+00:00,224.050003,224.360001,223.950104,224.089996,59379
2026-04-15 19:50:00+00:00,224.100006,224.440002,224.059998,224.324997,249452
2026-04-15 19:55:00+00:00,224.410004,224.518005,223.940002,224.029999,334457
2026-04-16 13:30:00+00:00,225.000000,225.100006,223.539993,224.139999,138421
2026-04-16 13:35:00+00:00,224.169998,224.490005,223.000000,223.195007,39135
2026-04-16 13:40:00+00:00,223.172806,223.289993,222.278503,222.350006,65133
2026-04-16 13:45:00+00:00,222.309998,222.360001,221.015793,221.419998,88241
2026-04-16 13:50:00+00:00,221.419998,221.489899,219.100006,219.100006,150190
2026-04-16 13:55:00+00:00,219.179993,219.589996,218.800003,219.449997,99243
2026-04-16 14:00:00+00:00,219.350006,219.395004,216.949997,217.121307,310073
2026-04-16 14:05:00+00:00,217.070007,218.080002,216.699997,217.972107,167004
2026-04-16 14:10:00+00:00,217.970001,218.250000,217.649994,217.820007,127445
2026-04-16 14:15:00+00:00,217.899994,217.985001,217.369995,217.490005,101813
2026-04-16 14:20:00+00:00,217.460007,217.520004,217.000000,217.070007,107339
2026-04-16 14:25:00+00:00,217.110001,217.139999,216.500000,216.550003,94248
2026-04-16 14:30:00+00:00,216.520004,216.520004,215.399994,215.914993,172900
2026-04-16 14:35:00+00:00,215.875000,216.240005,215.479996,216.190002,119249
2026-04-16 14:40:00+00:00,216.190002,216.519897,216.190002,216.395004,101324
2026-04-16 14:45:00+00:00,216.395004,216.794998,216.339996,216.639999,96049
2026-04-16 14:50:00+00:00,216.570007,216.669998,216.199997,216.289993,96350
2026-04-16 14:55:00+00:00,216.270004,216.320007,216.039993,216.100006,70380
2026-04-16 15:00:00+00:00,216.039993,216.274994,215.850006,216.220001,99332
2026-04-16 15:05:00+00:00,216.100006,216.800003,216.085007,216.737503,92345
2026-04-16 15:10:00+00:00,216.710007,217.149902,216.619995,217.100006,115320
2026-04-16 15:15:00+00:00,217.080002,217.149994,216.510101,216.630005,60157
2026-04-16 15:20:00+00:00,216.675003,217.399994,216.610001,217.130203,66982
2026-04-16 15:25:00+00:00,217.149994,217.259995,216.869995,216.899994,88899
2026-04-16 15:30:00+00:00,216.830002,216.970001,216.639999,216.744995,58720
2026-04-16 15:35:00+00:00,216.720001,217.589996,216.690002,217.429993,51945
2026-04-16 15:40:00+00:00,217.309998,217.689896,217.280106,217.455002,61822
2026-04-16 15:45:00+00:00,217.529999,217.869995,217.449997,217.460007,68173
2026-04-16 15:50:00+00:00,217.460007,218.000000,217.380005,217.989899,68516
2026-04-16 15:55:00+00:00,217.960007,218.039993,217.710007,217.860107,88487
2026-04-16 16:00:00+00:00,217.910004,217.949997,217.574997,217.759995,69196
2026-04-16 16:05:00+00:00,217.757507,217.934998,217.649994,217.839996,81103
2026-04-16 16:10:00+00:00,217.869995,218.039993,217.720093,218.039993,39287
2026-04-16 16:15:00+00:00,218.100006,218.220001,217.899994,218.219894,55262
2026-04-16 16:20:00+00:00,218.145004,218.339996,218.000000,218.129898,64714
2026-04-16 16:25:00+00:00,218.065002,218.199997,218.014999,218.014999,56499
2026-04-16 16:30:00+00:00,218.014999,218.119995,217.608307,217.820007,137120
2026-04-16 16:35:00+00:00,217.785004,218.199905,217.559998,218.115005,54752
2026-04-16 16:40:00+00:00,218.130005,218.199997,217.725006,217.910004,109611
2026-04-16 16:45:00+00:00,217.910004,218.039993,217.429993,217.649994,114023
2026-04-16 16:50:00+00:00,217.660004,217.759995,217.139999,217.190002,30679
2026-04-16 16:55:00+00:00,217.190094,217.365005,217.134995,217.164993,38002
2026-04-16 17:00:00+00:00,217.169998,217.244995,216.990005,217.195007,58645
2026-04-16 17:05:00+00:00,217.210007,217.389999,216.860001,217.369995,36033
2026-04-16 17:10:00+00:00,217.380005,217.410004,217.110001,217.205002,40269
2026-04-16 17:15:00+00:00,217.190002,217.500000,217.044998,217.460007,57539
2026-04-16 17:20:00+00:00,217.500000,217.595001,217.289993,217.565094,51950
2026-04-16 17:25:00+00:00,217.610001,217.669998,217.509995,217.600800,25445
2026-04-16 17:30:00+00:00,217.589996,217.929993,217.589996,217.889999,31323
2026-04-16 17:35:00+00:00,217.839996,217.850006,217.509995,217.770004,32814
2026-04-16 17:40:00+00:00,217.789993,217.929993,217.699997,217.860001,38190
2026-04-16 17:45:00+00:00,217.880005,217.929993,217.710007,217.919998,27854
2026-04-16 17:50:00+00:00,217.919998,218.020004,217.869995,217.934998,35758
2026-04-16 17:55:00+00:00,217.919998,217.929993,217.350006,217.559998,52857
2026-04-16 18:00:00+00:00,217.619995,217.899994,217.610001,217.660095,37970
2026-04-16 18:05:00+00:00,217.660004,217.875198,217.595001,217.770004,32977
2026-04-16 18:10:00+00:00,217.764999,217.929993,217.720001,217.899994,45036
2026-04-16 18:15:00+00:00,217.860001,218.264999,217.789993,218.210007,52177
2026-04-16 18:20:00+00:00,218.210098,218.470001,218.130005,218.369995,71596
2026-04-16 18:25:00+00:00,218.369995,218.395004,218.059998,218.169907,49568
2026-04-16 18:30:00+00:00,218.100006,218.289993,218.050003,218.149994,31958
2026-04-16 18:35:00+00:00,218.145004,218.199997,217.949997,217.949997,57308
2026-04-16 18:40:00+00:00,217.960007,218.000000,217.643005,217.699005,47378
2026-04-16 18:45:00+00:00,217.630005,217.779999,217.554993,217.554993,67251
2026-04-16 18:50:00+00:00,217.554993,217.554993,217.339996,217.399994,29221
2026-04-16 18:55:00+00:00,217.369995,217.509995,217.154999,217.367004,59326
2026-04-16 19:00:00+00:00,217.399994,217.854996,217.399994,217.669998,40275
2026-04-16 19:05:00+00:00,217.570007,217.960007,217.539993,217.860001,139766
2026-04-16 19:10:00+00:00,217.880005,217.919998,217.770004,217.835007,59376
2026-04-16 19:15:00+00:00,217.820007,218.709900,217.820007,218.589996,68751
2026-04-16 19:20:00+00:00,218.554993,218.554993,218.279999,218.429993,35316
2026-04-16 19:25:00+00:00,218.399994,218.549896,218.360107,218.429901,47242
2026-04-16 19:30:00+00:00,218.419998,218.630005,218.410004,218.449997,56774
2026-04-16 19:35:00+00:00,218.429993,218.550003,218.279999,218.425003,55254
2026-04-16 19:40:00+00:00,218.419998,218.684998,218.339996,218.399994,102902
2026-04-16 19:45:00+00:00,218.350006,218.919998,218.339996,218.919998,83299
2026-04-16 19:50:00+00:00,218.929993,219.324997,218.669998,219.324997,199490
2026-04-16 19:55:00+00:00,219.300003,219.789993,218.820007,218.830002,489182
2026-04-17 13:30:00+00:00,223.070007,226.727997,222.500000,226.529999,1126333
2026-04-17 13:35:00+00:00,226.535004,227.800003,226.025208,226.300003,443181
2026-04-17 13:40:00+00:00,226.368057,226.410004,224.639999,225.490005,157634
2026-04-17 13:45:00+00:00,225.500000,226.962997,225.300003,226.600006,178547
2026-04-17 13:50:00+00:00,226.610001,228.789902,226.434998,228.695007,352247
2026-04-17 13:55:00+00:00,228.669998,228.759995,227.940002,227.970001,155186
2026-04-17 14:00:00+00:00,228.000000,229.451004,227.779999,229.289993,243590
2026-04-17 14:05:00+00:00,229.330002,229.690002,229.229996,229.419998,175676
2026-04-17 14:10:00+00:00,229.419998,229.710007,229.279999,229.604996,162159
2026-04-17 14:15:00+00:00,229.607498,229.729996,229.145004,229.384995,139085
2026-04-17 14:20:00+00:00,229.460007,230.044998,229.320099,229.940002,219161
2026-04-17 14:25:00+00:00,229.919998,230.240005,229.820007,229.975006,134933
2026-04-17 14:30:00+00:00,229.970001,230.035004,229.419998,229.714996,114274
2026-04-17 14:35:00+00:00,229.725006,229.725006,228.910004,229.074997,97843
2026-04-17 14:40:00+00:00,229.160004,229.479904,228.580002,228.810303,87144
2026-04-17 14:45:00+00:00,228.750000,229.130005,228.223999,228.610001,77170
2026-04-17 14:50:00+00:00,228.610001,228.965897,228.320007,228.330002,79550
2026-04-17 14:55:00+00:00,228.330002,228.330002,227.360001,227.544998,89619
2026-04-17 15:00:00+00:00,227.544998,227.820999,227.059998,227.304993,89382
2026-04-17 15:05:00+00:00,227.220001,227.679993,227.039993,227.264999,69235
2026-04-17 15:10:00+00:00,227.210007,227.240005,226.500000,226.669998,80400
2026-04-17 15:15:00+00:00,226.649994,226.815002,226.170105,226.509995,91676
2026-04-17 15:20:00+00:00,226.440002,227.000000,226.199997,226.339996,93476
2026-04-17 15:25:00+00:00,226.339996,226.339996,225.779999,226.000000,65915
2026-04-17 15:30:00+00:00,226.039993,226.059998,225.610107,225.809998,48568
2026-04-17 15:35:00+00:00,225.830002,226.080002,225.630005,225.889999,73375
2026-04-17 15:40:00+00:00,225.889999,226.227600,225.830002,226.039993,70860
2026-04-17 15:45:00+00:00,226.100006,226.389999,226.059998,226.210098,49808
2026-04-17 15:50:00+00:00,226.240005,226.779297,226.210007,226.589996,38547
2026-04-17 15:55:00+00:00,226.602402,226.934601,226.479996,226.871002,29674
2026-04-17 16:00:00+00:00,226.835007,226.929993,226.570099,226.750000,41054
2026-04-17 16:05:00+00:00,226.809998,226.878799,226.669998,226.750000,35371
2026-04-17 16:10:00+00:00,226.720001,227.009995,226.589996,226.679993,75157
2026-04-17 16:15:00+00:00,226.699997,226.869995,226.570007,226.774994,25725
2026-04-17 16:20:00+00:00,226.774994,226.774994,226.429993,226.559998,35194
2026-04-17 16:25:00+00:00,226.554993,226.860001,226.410004,226.619995,36965
2026-04-17 16:30:00+00:00,226.615005,226.820007,226.570099,226.729996,30078
2026-04-17 16:35:00+00:00,226.735001,226.820007,226.479996,226.479996,28571
2026-04-17 16:40:00+00:00,226.470001,226.710007,226.319107,226.330093,80943
2026-04-17 16:45:00+00:00,226.399994,226.479996,226.279999,226.389999,22002
2026-04-17 16:50:00+00:00,226.429993,226.429993,226.199997,226.289993,31672
2026-04-17 16:55:00+00:00,226.320007,226.429993,226.139999,226.140106,32916
2026-04-17 17:00:00+00:00,226.270004,226.500000,226.190094,226.365005,33336
2026-04-17 17:05:00+00:00,226.369995,226.419998,225.761093,226.085007,96408
2026-04-17 17:10:00+00:00,226.169998,226.179993,225.559998,225.919998,157686
2026-04-17 17:15:00+00:00,225.880005,226.149994,225.789993,225.789993,87655
2026-04-17 17:20:00+00:00,225.699997,226.330002,225.369995,225.600006,120580
2026-04-17 17:25:00+00:00,225.654999,225.910004,225.479996,225.570007,39099
2026-04-17 17:30:00+00:00,225.574997,225.710007,225.365005,225.604996,43065
2026-04-17 17:35:00+00:00,225.559998,226.229996,225.470001,225.820007,47612
2026-04-17 17:40:00+00:00,225.804993,226.025696,225.750000,225.940002,21570
2026-04-17 17:45:00+00:00,225.869995,226.689896,225.869995,226.360001,39929
2026-04-17 17:50:00+00:00,226.320007,226.550003,226.289993,226.389999,24432
2026-04-17 17:55:00+00:00,226.380005,226.429993,225.779999,225.835007,63992
2026-04-17 18:00:00+00:00,225.789993,225.809998,225.400101,225.400101,43523
2026-04-17 18:05:00+00:00,225.485001,225.485001,225.240005,225.384995,29085
2026-04-17 18:10:00+00:00,225.440002,225.559998,225.294998,225.389999,28813
2026-04-17 18:15:00+00:00,225.389999,225.520004,225.380005,225.489899,25628
2026-04-17 18:20:00+00:00,225.509995,225.720001,225.360001,225.604996,33798
2026-04-17 18:25:00+00:00,225.669907,225.809998,225.449997,225.460007,19558
2026-04-17 18:30:00+00:00,225.490005,225.720001,225.449997,225.654999,28145
2026-04-17 18:35:00+00:00,225.570007,225.649994,225.179901,225.214996,22473
2026-04-17 18:40:00+00:00,225.214996,225.449997,225.214996,225.279999,24835
2026-04-17 18:45:00+00:00,225.259995,225.279999,225.020004,225.050003,23323
2026-04-17 18:50:00+00:00,225.057495,225.229996,224.990005,225.065002,56811
2026-04-17 18:55:00+00:00,225.119995,225.309998,225.119995,225.220001,20289
2026-04-17 19:00:00+00:00,225.229996,225.449997,225.229996,225.309998,22980
2026-04-17 19:05:00+00:00,225.294998,225.369995,225.220001,225.250000,21971
2026-04-17 19:10:00+00:00,225.250000,225.309906,224.660004,224.710007,39814
2026-04-17 19:15:00+00:00,224.699997,224.759995,224.440002,224.529999,75722
2026-04-17 19:20:00+00:00,224.539993,224.578995,223.625000,223.839996,88417
2026-04-17 19:25:00+00:00,223.843994,223.960007,223.660004,223.770004,75672
2026-04-17 19:30:00+00:00,223.804993,224.119995,223.695007,223.695007,86930
2026-04-17 19:35:00+00:00,223.649994,223.880005,223.600006,223.820007,94659
2026-04-17 19:40:00+00:00,223.880005,224.369995,223.789993,223.860001,100700
2026-04-17 19:45:00+00:00,223.830002,223.889999,223.259995,223.259995,114915
2026-04-17 19:50:00+00:00,223.350006,223.750000,223.035004,223.039993,246302
2026-04-17 19:55:00+00:00,223.050003,223.429993,222.880005,223.410004,424450
2026-04-20 13:30:00+00:00,222.229996,223.149994,221.250000,221.705002,251556
2026-04-20 13:35:00+00:00,221.589996,222.270004,220.881393,221.190002,102528
2026-04-20 13:40:00+00:00,221.195663,221.439896,220.449997,221.399994,108880
2026-04-20 13:45:00+00:00,221.345001,221.930893,221.100006,221.199997,77001
2026-04-20 13:50:00+00:00,221.175323,221.449905,220.789993,221.250000,63146
2026-04-20 13:55:00+00:00,221.210007,221.539993,221.059998,221.210007,75328
2026-04-20 14:00:00+00:00,221.190002,221.309906,220.735001,221.104996,92889
2026-04-20 14:05:00+00:00,221.104996,221.320007,221.030106,221.110001,48551
2026-04-20 14:10:00+00:00,221.160004,221.320007,220.352097,220.835007,65607
2026-04-20 14:15:00+00:00,220.835007,222.000000,220.750107,222.000000,87998
2026-04-20 14:20:00+00:00,222.059998,222.369995,221.830093,221.869995,93992
2026-04-20 14:25:00+00:00,221.850006,222.059906,221.750000,222.059906,70560
2026-04-20 14:30:00+00:00,222.049896,222.149994,221.839996,221.960007,55786
2026-04-20 14:35:00+00:00,221.940002,222.080002,221.699997,222.000000,39862
2026-04-20 14:40:00+00:00,222.000000,222.115005,221.800003,222.020004,41889
2026-04-20 14:45:00+00:00,222.016602,222.669907,222.016602,222.669907,47927
2026-04-20 14:50:00+00:00,222.619995,222.619995,221.363297,221.889999,83578
2026-04-20 14:55:00+00:00,221.889999,222.250000,221.620102,222.250000,26449
2026-04-20 15:00:00+00:00,222.309998,222.479996,222.100006,222.160004,50603
2026-04-20 15:05:00+00:00,222.153198,222.529999,222.153198,222.500000,46537
2026-04-20 15:10:00+00:00,222.550003,222.919998,222.360001,222.520004,49800
2026-04-20 15:15:00+00:00,222.460007,222.509995,221.759995,222.429993,60382
2026-04-20 15:20:00+00:00,222.490005,223.250000,222.440002,223.119995,51816
2026-04-20 15:25:00+00:00,223.104996,223.279999,222.899994,223.160095,31337
2026-04-20 15:30:00+00:00,223.160004,223.264999,222.891602,223.044998,29328
2026-04-20 15:35:00+00:00,223.039993,223.039993,222.449997,222.789993,89085
2026-04-20 15:40:00+00:00,222.759995,223.149994,222.679993,222.940002,28763
2026-04-20 15:45:00+00:00,222.820099,222.910004,222.479996,222.565002,56249
2026-04-20 15:50:00+00:00,222.529999,222.699905,222.479996,222.604996,39784
2026-04-20 15:55:00+00:00,222.610001,222.969894,222.610001,222.759995,25005
2026-04-20 16:00:00+00:00,222.729996,222.759995,222.330002,222.339996,41566
2026-04-20 16:05:00+00:00,222.380005,222.589996,222.380005,222.380005,18040
2026-04-20 16:10:00+00:00,222.419998,222.636597,222.380005,222.479996,20042
2026-04-20 16:15:00+00:00,222.479996,222.509995,222.080002,222.488205,36111
2026-04-20 16:20:00+00:00,222.434998,222.770004,222.434998,222.770004,27242
2026-04-20 16:25:00+00:00,222.800003,222.809906,222.619995,222.695007,31769
2026-04-20 16:30:00+00:00,222.639999,222.889999,222.639999,222.690002,30699
2026-04-20 16:35:00+00:00,222.690002,222.710007,222.470001,222.559998,31395
2026-04-20 16:40:00+00:00,222.460007,222.869995,222.460007,222.600006,35914
2026-04-20 16:45:00+00:00,222.595001,222.889999,222.595001,222.750000,11441
2026-04-20 16:50:00+00:00,222.794998,222.830002,222.679993,222.820007,22325
2026-04-20 16:55:00+00:00,222.820007,222.940002,222.729996,222.895004,15915
2026-04-20 17:00:00+00:00,222.940002,223.009995,222.667496,222.675003,36441
2026-04-20 17:05:00+00:00,222.699997,223.000000,222.600006,222.740005,84116
2026-04-20 17:10:00+00:00,222.729996,222.869507,222.630005,222.830002,16928
2026-04-20 17:15:00+00:00,222.839996,223.049896,222.789993,222.904999,34388
2026-04-20 17:20:00+00:00,222.899994,223.020004,222.820007,222.994995,34125
2026-04-20 17:25:00+00:00,222.994995,223.029999,222.650101,222.710007,31759
2026-04-20 17:30:00+00:00,222.710007,222.985001,222.679993,222.985001,27411
2026-04-20 17:35:00+00:00,222.979996,223.059906,222.919998,222.964996,20028
2026-04-20 17:40:00+00:00,223.000000,223.089996,222.880005,223.044998,19747
2026-04-20 17:45:00+00:00,223.089905,223.279999,223.000000,223.250000,27949
2026-04-20 17:50:00+00:00,223.235001,223.289993,223.093796,223.134995,13405
2026-04-20 17:55:00+00:00,223.169907,223.169907,223.000000,223.085007,20753
2026-04-20 18:00:00+00:00,223.119995,223.229996,223.010101,223.229996,19333
2026-04-20 18:05:00+00:00,223.240005,223.445007,223.179993,223.350006,30821
2026-04-20 18:10:00+00:00,223.335007,223.490005,223.100006,223.460007,24760
2026-04-20 18:15:00+00:00,223.404999,223.658600,223.404999,223.639999,21617
2026-04-20 18:20:00+00:00,223.643906,223.789993,223.599106,223.778305,30807
2026-04-20 18:25:00+00:00,223.750000,223.779007,223.429993,223.530106,33088
2026-04-20 18:30:00+00:00,223.660004,223.770004,223.550003,223.757507,16700
2026-04-20 18:35:00+00:00,223.800003,223.830002,223.550095,223.675003,25338
2026-04-20 18:40:00+00:00,223.630005,223.850006,223.610001,223.839996,20567
2026-04-20 18:45:00+00:00,223.850006,224.119995,223.850006,224.044998,37056
2026-04-20 18:50:00+00:00,224.039993,224.279999,224.039993,224.270004,24387
2026-04-20 18:55:00+00:00,224.309998,224.309998,224.164993,224.220001,24697
2026-04-20 19:00:00+00:00,224.240005,224.309998,224.139999,224.300003,31564
2026-04-20 19:05:00+00:00,224.309998,224.440002,224.270096,224.360001,53611
2026-04-20 19:10:00+00:00,224.399994,224.414993,224.279999,224.410004,24975
2026-04-20 19:15:00+00:00,224.410004,224.410004,224.149994,224.199997,36641
2026-04-20 19:20:00+00:00,224.190002,224.320007,224.110001,224.210007,38817
2026-04-20 19:25:00+00:00,224.259995,224.479996,224.170105,224.445007,35643
2026-04-20 19:30:00+00:00,224.445007,225.190002,224.445007,224.990005,120931
2026-04-20 19:35:00+00:00,224.929993,225.220001,224.869995,224.899994,107122
2026-04-20 19:40:00+00:00,224.975006,225.089996,224.869995,224.979996,87937
2026-04-20 19:45:00+00:00,224.970001,224.979996,224.660004,224.770004,113049
2026-04-20 19:50:00+00:00,224.764999,225.009995,224.600006,224.985001,163290
2026-04-20 19:55:00+00:00,224.977493,225.369995,224.830002,225.110001,432802
2026-04-21 13:30:00+00:00,223.289993,224.100006,222.350006,223.750000,264376
2026-04-21 13:35:00+00:00,223.570099,225.210007,223.570099,225.100006,116884
2026-04-21 13:40:00+00:00,225.179993,225.649994,224.339996,224.820007,93509
2026-04-21 13:45:00+00:00,224.710007,225.660004,224.630096,225.520004,76429
2026-04-21 13:50:00+00:00,225.520004,225.591599,224.590103,224.679993,61267
2026-04-21 13:55:00+00:00,224.630005,224.990005,223.779999,223.809998,76564
2026-04-21 14:00:00+00:00,223.809998,224.079895,223.389999,223.699997,114611
2026-04-21 14:05:00+00:00,223.729996,224.160004,223.630005,224.119995,66247
2026-04-21 14:10:00+00:00,224.095001,224.490005,223.897400,224.369995,76572
2026-04-21 14:15:00+00:00,224.429993,224.649994,223.199997,223.270004,125751
2026-04-21 14:20:00+00:00,223.250000,223.365005,222.315002,222.509995,195408
2026-04-21 14:25:00+00:00,222.524994,222.889999,222.350006,222.720001,71680
2026-04-21 14:30:00+00:00,222.720001,223.000000,222.199997,222.505005,146519
2026-04-21 14:35:00+00:00,222.479996,222.890793,222.199997,222.425003,86516
2026-04-21 14:40:00+00:00,222.410004,222.735001,222.080002,222.160004,57957
2026-04-21 14:45:00+00:00,222.139999,222.179993,221.410004,221.690002,98148
2026-04-21 14:50:00+00:00,221.755005,221.889999,221.311401,221.884995,49120
2026-04-21 14:55:00+00:00,221.880005,222.070007,221.514999,221.654999,62773
2026-04-21 15:00:00+00:00,221.654999,221.669998,220.380096,220.779999,221085
2026-04-21 15:05:00+00:00,220.690002,221.629593,220.304993,221.470001,65083
2026-04-21 15:10:00+00:00,221.529999,221.940002,221.360001,221.714996,76079
2026-04-21 15:15:00+00:00,221.574997,222.050003,221.300003,221.509995,71416
2026-04-21 15:20:00+00:00,221.479996,221.940002,221.455002,221.520004,56266
2026-04-21 15:25:00+00:00,221.589996,221.600006,221.115494,221.464996,57150
2026-04-21 15:30:00+00:00,221.470001,222.179901,221.440002,221.735001,81972
2026-04-21 15:35:00+00:00,221.604996,221.619995,220.990005,221.449997,52352
2026-04-21 15:40:00+00:00,221.479996,221.660004,221.264999,221.360001,63088
2026-04-21 15:45:00+00:00,221.389999,221.850006,221.300003,221.675003,42353
2026-04-21 15:50:00+00:00,221.649994,221.649994,221.100006,221.100006,46254
2026-04-21 15:55:00+00:00,221.149902,221.520004,220.985001,221.365005,54525
2026-04-21 16:00:00+00:00,221.399994,221.880005,221.399994,221.675003,76097
2026-04-21 16:05:00+00:00,221.675003,222.059998,221.630096,221.850006,63564
2026-04-21 16:10:00+00:00,221.850006,221.869995,221.600006,221.654999,24110
2026-04-21 16:15:00+00:00,221.679993,221.750000,221.229996,221.345001,52739
2026-04-21 16:20:00+00:00,221.345001,221.345001,220.785904,221.029999,61132
2026-04-21 16:25:00+00:00,221.029999,221.080002,220.910004,221.000000,48008
2026-04-21 16:30:00+00:00,221.000000,221.309998,220.990005,221.024994,88505
2026-04-21 16:35:00+00:00,221.039993,221.070007,220.654999,220.789993,66517
2026-04-21 16:40:00+00:00,220.789993,220.800003,220.520004,220.580002,39113
2026-04-21 16:45:00+00:00,220.589996,220.880005,220.589996,220.869995,32433
2026-04-21 16:50:00+00:00,220.830002,220.919998,220.579498,220.679993,86914
2026-04-21 16:55:00+00:00,220.694794,220.694794,220.559998,220.559998,40229
2026-04-21 17:00:00+00:00,220.589996,221.139893,220.580002,221.054993,68618
2026-04-21 17:05:00+00:00,221.054993,221.054993,220.399994,220.679993,69669
2026-04-21 17:10:00+00:00,220.679993,220.684998,219.649994,219.880005,138968
2026-04-21 17:15:00+00:00,219.880005,220.149902,219.639999,219.824997,60986
2026-04-21 17:20:00+00:00,219.824997,219.999405,219.600006,219.929993,49192
2026-04-21 17:25:00+00:00,219.979996,220.205002,219.750000,219.800003,42339
2026-04-21 17:30:00+00:00,219.800003,220.070007,219.794998,220.050003,37583
2026-04-21 17:35:00+00:00,220.020004,220.839905,219.880005,220.619995,72525
2026-04-21 17:40:00+00:00,220.574997,220.964996,220.509995,220.604996,51083
2026-04-21 17:45:00+00:00,220.604996,220.604996,220.250107,220.384995,38805
2026-04-21 17:50:00+00:00,220.375000,220.479996,220.020004,220.070007,54543
2026-04-21 17:55:00+00:00,220.039993,220.099396,219.850006,220.029999,50855
2026-04-21 18:00:00+00:00,220.044998,220.339996,220.000107,220.100006,53445
2026-04-21 18:05:00+00:00,220.095001,220.289993,220.050003,220.250000,43812
2026-04-21 18:10:00+00:00,220.264999,220.309906,219.929993,220.029999,49361
2026-04-21 18:15:00+00:00,220.050003,220.164993,219.630005,219.639999,87943
2026-04-21 18:20:00+00:00,219.675003,219.699402,219.541199,219.541199,48923
2026-04-21 18:25:00+00:00,219.600006,219.979996,219.595001,219.779999,67419
2026-04-21 18:30:00+00:00,219.789993,220.380005,219.783493,220.335007,78853
2026-04-21 18:35:00+00:00,220.330002,220.399994,220.089996,220.149994,162450
2026-04-21 18:40:00+00:00,220.119995,220.320007,220.119995,220.210007,31963
2026-04-21 18:45:00+00:00,220.169998,220.387100,220.110001,220.259995,38510
2026-04-21 18:50:00+00:00,220.250000,220.850006,220.020004,220.789993,60450
2026-04-21 18:55:00+00:00,220.720001,221.000000,220.477997,220.970001,78911
2026-04-21 19:00:00+00:00,220.970001,221.229996,220.899994,221.229996,79073
2026-04-21 19:05:00+00:00,221.214996,221.499893,221.169998,221.445007,48750
2026-04-21 19:10:00+00:00,221.449997,221.710007,221.279999,221.434998,66617
2026-04-21 19:15:00+00:00,221.529999,221.679993,221.309998,221.554993,111970
2026-04-21 19:20:00+00:00,221.565002,222.160004,221.554993,222.125000,88610
2026-04-21 19:25:00+00:00,222.160004,222.300003,221.923492,221.970001,78669
2026-04-21 19:30:00+00:00,221.940002,221.992493,221.130005,221.285004,82154
2026-04-21 19:35:00+00:00,221.210007,221.240005,220.720093,220.899994,124208
2026-04-21 19:40:00+00:00,220.960007,220.960007,219.380005,219.570007,161353
2026-04-21 19:45:00+00:00,219.539993,219.869995,219.490005,219.705002,126566
2026-04-21 19:50:00+00:00,219.750000,219.965805,219.440002,219.455002,278873
2026-04-21 19:55:00+00:00,219.500000,219.745193,218.899994,219.270004,546159
2026-04-22 13:30:00+00:00,227.050003,229.160004,226.500000,228.649994,1695101
2026-04-22 13:35:00+00:00,228.669998,230.199905,225.179993,225.425003,690151
2026-04-22 13:40:00+00:00,225.270004,226.000000,222.330002,222.729996,484517
2026-04-22 13:45:00+00:00,222.559998,224.630005,221.669998,221.970001,453147
2026-04-22 13:50:00+00:00,221.911804,223.259995,221.220001,223.259995,309379
2026-04-22 13:55:00+00:00,223.080002,224.139999,222.770004,223.770004,266066
2026-04-22 14:00:00+00:00,223.770004,225.470001,223.690002,223.869995,280411
2026-04-22 14:05:00+00:00,223.750000,224.360001,223.110001,224.360001,132917
2026-04-22 14:10:00+00:00,224.309998,226.229996,224.139999,226.059998,315596
2026-04-22 14:15:00+00:00,225.990005,226.899994,225.960007,226.710007,275663
2026-04-22 14:20:00+00:00,226.649994,227.070496,225.800095,225.990005,185944
2026-04-22 14:25:00+00:00,226.089996,226.970001,225.990005,226.830002,145749
2026-04-22 14:30:00+00:00,226.940002,226.971695,225.120102,225.460007,136289
2026-04-22 14:35:00+00:00,225.449997,226.300003,224.669998,226.199997,127220
2026-04-22 14:40:00+00:00,226.100006,226.329895,224.270096,224.470001,155286
2026-04-22 14:45:00+00:00,224.669998,225.729996,224.309998,225.429993,114816
2026-04-22 14:50:00+00:00,225.442505,225.475006,224.349503,224.684998,85791
2026-04-22 14:55:00+00:00,224.770004,225.649994,224.500000,225.529999,103990
2026-04-22 15:00:00+00:00,225.500000,226.899994,225.075806,226.080002,219751
2026-04-22 15:05:00+00:00,225.820007,226.539993,225.250000,225.330002,99783
2026-04-22 15:10:00+00:00,225.350006,225.824997,224.764999,225.300003,90836
2026-04-22 15:15:00+00:00,225.250000,226.550003,225.039993,226.240005,142416
2026-04-22 15:20:00+00:00,226.410004,228.029999,226.074997,227.699997,247291
2026-04-22 15:25:00+00:00,227.589996,229.289993,227.050003,229.190002,264512
2026-04-22 15:30:00+00:00,229.190002,229.679993,229.030106,229.645004,223875
2026-04-22 15:35:00+00:00,229.645004,229.940002,229.270096,229.774994,182836
2026-04-22 15:40:00+00:00,229.820007,231.199997,229.750000,230.205002,421344
2026-04-22 15:45:00+00:00,230.070007,231.410004,229.940002,231.389999,197505
2026-04-22 15:50:00+00:00,231.430099,231.720001,229.774994,230.000000,354508
2026-04-22 15:55:00+00:00,230.000000,230.460007,229.771393,230.320007,264030
2026-04-22 16:00:00+00:00,230.320007,230.589996,229.070099,229.786194,140900
2026-04-22 16:05:00+00:00,229.869995,230.679901,229.680099,230.216599,123554
2026-04-22 16:10:00+00:00,230.149994,230.149994,229.559998,229.705002,104686
2026-04-22 16:15:00+00:00,229.759995,229.830002,228.240005,228.240005,143875
2026-04-22 16:20:00+00:00,228.274994,229.679993,228.129303,229.619995,125779
2026-04-22 16:25:00+00:00,229.619995,229.889999,229.320007,229.410004,79833
2026-04-22 16:30:00+00:00,229.345001,230.065002,229.095001,230.065002,93084
2026-04-22 16:35:00+00:00,230.065002,230.740005,230.065002,230.649994,81041
2026-04-22 16:40:00+00:00,230.720001,231.190002,230.539993,230.740005,118413
2026-04-22 16:45:00+00:00,230.740005,232.600006,230.485001,232.239899,285430
2026-04-22 16:50:00+00:00,232.095001,232.289993,231.630096,232.044998,116745
2026-04-22 16:55:00+00:00,232.020004,232.179993,231.260101,231.679993,89333
2026-04-22 17:00:00+00:00,231.630005,231.952194,231.449997,231.532303,97842
2026-04-22 17:05:00+00:00,231.550003,231.654999,230.880005,231.059998,106196
2026-04-22 17:10:00+00:00,231.160004,231.389999,230.949997,231.089996,56318
2026-04-22 17:15:00+00:00,231.059998,231.789993,230.580093,231.440002,133055
2026-04-22 17:20:00+00:00,231.350006,231.690002,231.000107,231.240005,85423
2026-04-22 17:25:00+00:00,231.149994,231.309998,230.700104,231.100006,83547
2026-04-22 17:30:00+00:00,231.158997,231.158997,229.550003,230.285004,132746
2026-04-22 17:35:00+00:00,230.389999,230.389999,229.830002,230.119995,48181
2026-04-22 17:40:00+00:00,230.149994,230.380005,229.667496,230.039993,46792
2026-04-22 17:45:00+00:00,230.139999,231.000000,229.899994,230.720001,60068
2026-04-22 17:50:00+00:00,230.941498,231.169998,230.440002,230.520004,64154
2026-04-22 17:55:00+00:00,230.570007,231.369995,230.410004,231.369995,137233
2026-04-22 18:00:00+00:00,231.350006,231.779999,231.100006,231.363297,90159
2026-04-22 18:05:00+00:00,231.279999,231.800003,231.089996,231.630005,75047
2026-04-22 18:10:00+00:00,231.589996,231.889999,231.434998,231.794998,85782
2026-04-22 18:15:00+00:00,231.740005,232.080002,231.380005,231.455002,134464
2026-04-22 18:20:00+00:00,231.500000,231.679993,231.279999,231.600006,51302
2026-04-22 18:25:00+00:00,231.600006,232.479996,231.490097,232.208206,118824
2026-04-22 18:30:00+00:00,232.199997,232.389999,231.949997,232.014999,83626
2026-04-22 18:35:00+00:00,232.014999,232.139999,231.210007,231.210007,127142
2026-04-22 18:40:00+00:00,231.244995,231.244995,229.800003,230.214996,143784
2026-04-22 18:45:00+00:00,230.229996,230.949997,230.160004,230.820007,83725
2026-04-22 18:50:00+00:00,230.789993,231.229996,230.789993,231.050003,75192
2026-04-22 18:55:00+00:00,231.050003,231.300003,230.619995,230.809998,89189
2026-04-22 19:00:00+00:00,230.830002,231.005005,229.710007,229.865005,140547
2026-04-22 19:05:00+00:00,229.740005,229.759995,228.830002,229.110001,188046
2026-04-22 19:10:00+00:00,229.110001,229.820007,229.030106,229.225006,101034
2026-04-22 19:15:00+00:00,229.199997,229.925003,229.009995,229.720001,74804
2026-04-22 19:20:00+00:00,229.679993,229.979996,228.910004,228.990005,123465
2026-04-22 19:25:00+00:00,228.919998,229.319901,228.789993,229.110001,144188
2026-04-22 19:30:00+00:00,229.089996,229.750000,229.050003,229.080002,134576
2026-04-22 19:35:00+00:00,229.020004,230.400711,228.899994,230.380005,218677
2026-04-22 19:40:00+00:00,230.375000,230.770004,229.820007,230.750000,164556
2026-04-22 19:45:00+00:00,230.690002,230.690002,230.130005,230.149994,176268
2026-04-22 19:50:00+00:00,230.115005,230.880005,229.770004,230.639999,246675
2026-04-22 19:55:00+00:00,230.570007,231.550003,230.240005,231.240005,578488
2026-04-23 13:30:00+00:00,231.509995,234.309998,231.509995,231.559998,343465
2026-04-23 13:35:00+00:00,231.485001,234.669998,231.360107,233.345001,164577
2026-04-23 13:40:00+00:00,233.479813,235.279999,233.100006,235.279999,239827
2026-04-23 13:45:00+00:00,235.139999,235.910004,233.500107,233.925003,215048
2026-04-23 13:50:00+00:00,233.759995,234.529999,233.309998,233.500000,87397
2026-04-23 13:55:00+00:00,233.460007,233.669907,232.162292,232.205002,111675
2026-04-23 14:00:00+00:00,232.110001,232.869904,231.500000,232.740005,96235
2026-04-23 14:05:00+00:00,232.630005,232.910004,231.860001,232.199997,99265
2026-04-23 14:10:00+00:00,232.199997,233.250000,231.809998,232.212494,96587
2026-04-23 14:15:00+00:00,232.104996,232.330002,231.399994,232.179993,108575
2026-04-23 14:20:00+00:00,232.669998,232.949997,231.110001,231.679993,79776
2026-04-23 14:25:00+00:00,231.600006,232.029999,231.494995,231.740005,60358
2026-04-23 14:30:00+00:00,231.835434,232.570007,231.570007,231.889999,52577
2026-04-23 14:35:00+00:00,231.949997,232.259995,231.449997,231.649994,64044
2026-04-23 14:40:00+00:00,231.645004,231.970306,230.779999,231.830002,116012
2026-04-23 14:45:00+00:00,231.830002,232.350006,231.695007,232.350006,60187
2026-04-23 14:50:00+00:00,232.285004,233.089996,232.169998,232.759995,61400
2026-04-23 14:55:00+00:00,232.929901,233.119995,232.690002,233.089996,57836
2026-04-23 15:00:00+00:00,233.089996,233.679993,232.899994,233.490997,121638
2026-04-23 15:05:00+00:00,233.610001,233.975006,233.100006,233.820007,56820
2026-04-23 15:10:00+00:00,233.949997,234.470001,233.789993,234.009995,68346
2026-04-23 15:15:00+00:00,234.000000,234.839996,233.899994,234.520004,105362
2026-04-23 15:20:00+00:00,234.514999,234.654999,233.710007,234.050003,91159
2026-04-23 15:25:00+00:00,234.050003,234.490005,233.895004,234.054993,52722
2026-04-23 15:30:00+00:00,234.229904,234.300003,233.759995,234.119995,45927
2026-04-23 15:35:00+00:00,234.119995,234.300003,233.979996,234.125000,73540
2026-04-23 15:40:00+00:00,234.179993,234.330002,233.520096,234.070007,42676
2026-04-23 15:45:00+00:00,234.119995,234.119995,233.018997,233.794998,78924
2026-04-23 15:50:00+00:00,233.899994,234.139999,233.429993,233.985001,77678
2026-04-23 15:55:00+00:00,233.940002,234.550003,233.782196,234.279999,71020
2026-04-23 16:00:00+00:00,234.169998,234.440002,234.059998,234.119995,39827
2026-04-23 16:05:00+00:00,234.189896,234.250000,233.544998,233.830002,49477
2026-04-23 16:10:00+00:00,233.830002,233.839996,233.460007,233.789993,72745
2026-04-23 16:15:00+00:00,233.750000,234.229996,233.679993,233.889999,48706
2026-04-23 16:20:00+00:00,233.910004,233.919998,233.252197,233.669998,26331
2026-04-23 16:25:00+00:00,233.699997,233.710007,233.259995,233.259995,63291
2026-04-23 16:30:00+00:00,233.300003,233.479996,233.000000,233.350006,47844
2026-04-23 16:35:00+00:00,233.380005,233.500000,232.399994,232.475006,48053
2026-04-23 16:40:00+00:00,232.470001,232.750000,232.214996,232.485001,56444
2026-04-23 16:45:00+00:00,232.535004,232.880005,232.470001,232.690002,38128
2026-04-23 16:50:00+00:00,232.684998,233.059998,232.639999,232.720001,31302
2026-04-23 16:55:00+00:00,232.889999,233.399994,232.809998,233.330002,33592
2026-04-23 17:00:00+00:00,233.266693,233.794998,232.500107,232.899994,81548
2026-04-23 17:05:00+00:00,232.840103,233.000000,232.500000,232.649994,50938
2026-04-23 17:10:00+00:00,232.550003,232.639999,231.660004,231.755096,64384
2026-04-23 17:15:00+00:00,231.661301,232.009995,231.250000,231.820007,116150
2026-04-23 17:20:00+00:00,231.929993,232.509995,231.669998,231.759995,101555
2026-04-23 17:25:00+00:00,231.794998,232.330002,231.559998,232.279999,95224
2026-04-23 17:30:00+00:00,232.100006,232.639999,231.199997,232.460007,107224
2026-04-23 17:35:00+00:00,232.285004,232.830002,231.610001,231.740005,88819
2026-04-23 17:40:00+00:00,231.889999,231.889999,229.201004,229.639999,186410
2026-04-23 17:45:00+00:00,229.539993,229.830002,228.770004,229.639999,233007
2026-04-23 17:50:00+00:00,229.800003,231.899994,229.339996,231.449997,205158
2026-04-23 17:55:00+00:00,231.320007,231.779999,231.150101,231.649994,67943
2026-04-23 18:00:00+00:00,231.610001,232.179993,231.149994,232.179993,57718
2026-04-23 18:05:00+00:00,231.800003,232.419998,231.574997,231.759903,46077
2026-04-23 18:10:00+00:00,231.710007,232.110001,231.440002,231.860001,38576
2026-04-23 18:15:00+00:00,231.860001,232.440002,231.770004,232.410004,34341
2026-04-23 18:20:00+00:00,232.365005,232.410004,231.910004,232.154999,197303
2026-04-23 18:25:00+00:00,232.210007,232.889999,232.095200,232.869995,56925
2026-04-23 18:30:00+00:00,232.970001,233.389999,232.705002,233.289993,58282
2026-04-23 18:35:00+00:00,233.250000,233.339996,232.830002,233.020004,92332
2026-04-23 18:40:00+00:00,232.955002,233.190002,232.585007,232.699997,53691
2026-04-23 18:45:00+00:00,232.654999,232.740005,232.199997,232.350006,35115
2026-04-23 18:50:00+00:00,232.350006,232.494995,232.229996,232.270004,34108
2026-04-23 18:55:00+00:00,232.270004,232.919998,231.630005,231.990005,86931
2026-04-23 19:00:00+00:00,231.960007,232.214996,231.764999,232.014999,39421
2026-04-23 19:05:00+00:00,232.039993,232.619995,232.039993,232.610001,92142
2026-04-23 19:10:00+00:00,232.460007,232.639999,232.175003,232.285004,67698
2026-04-23 19:15:00+00:00,232.274994,232.350006,231.990005,232.289993,40736
2026-04-23 19:20:00+00:00,232.264999,232.500000,232.107498,232.199997,49352
2026-04-23 19:25:00+00:00,232.240005,232.559998,232.119995,232.559998,66434
2026-04-23 19:30:00+00:00,232.585007,232.759903,232.350006,232.410904,65863
2026-04-23 19:35:00+00:00,232.399994,232.869995,232.389999,232.869995,99486
2026-04-23 19:40:00+00:00,232.839996,233.419998,232.794998,233.225006,116387
2026-04-23 19:45:00+00:00,233.169998,233.580002,233.160004,233.339996,126288
2026-04-23 19:50:00+00:00,233.270004,233.509995,232.750000,233.410004,209163
2026-04-23 19:55:00+00:00,233.479996,234.309998,233.479996,234.104996,386298
2026-04-24 13:30:00+00:00,234.990005,235.750000,234.149994,235.309906,222560
2026-04-24 13:35:00+00:00,235.449997,236.250000,234.780106,234.889999,134057
2026-04-24 13:40:00+00:00,235.270050,235.270050,234.300003,234.419998,54871
2026-04-24 13:45:00+00:00,234.365005,234.789993,233.720001,233.949997,71878
2026-04-24 13:50:00+00:00,233.919998,234.119995,233.380005,233.410004,53177
2026-04-24 13:55:00+00:00,233.410004,233.960007,233.000000,233.779999,53381
2026-04-24 14:00:00+00:00,233.735001,233.970001,232.570007,232.830002,61969
2026-04-24 14:05:00+00:00,232.839996,234.500000,232.660095,233.994995,78667
2026-04-24 14:10:00+00:00,233.830002,234.490005,233.550095,234.235001,68621
2026-04-24 14:15:00+00:00,234.110001,234.839996,234.110001,234.809998,48050
2026-04-24 14:20:00+00:00,234.679993,235.500000,234.679993,235.500000,84724
2026-04-24 14:25:00+00:00,235.500000,235.500000,234.100006,234.375000,46234
2026-04-24 14:30:00+00:00,234.589996,235.750000,234.265701,235.720001,61745
2026-04-24 14:35:00+00:00,235.779999,236.000000,235.500000,235.580002,79945
2026-04-24 14:40:00+00:00,235.580002,236.449997,235.339996,236.104996,95016
2026-04-24 14:45:00+00:00,236.145004,236.429993,235.786102,235.899994,39308
2026-04-24 14:50:00+00:00,235.735992,235.839996,235.479996,235.509995,31157
2026-04-24 14:55:00+00:00,235.449997,235.550003,235.013504,235.100006,71329
2026-04-24 15:00:00+00:00,235.100006,235.119995,234.669998,234.800003,64208
2026-04-24 15:05:00+00:00,234.820007,234.979996,233.830093,234.195007,51330
2026-04-24 15:10:00+00:00,234.195007,234.270004,233.500000,234.059998,103466
2026-04-24 15:15:00+00:00,233.940002,234.089996,233.539993,233.710007,51351
2026-04-24 15:20:00+00:00,233.699997,234.339905,233.650101,234.210007,35927
2026-04-24 15:25:00+00:00,234.199997,234.279999,233.600006,233.820007,66969
2026-04-24 15:30:00+00:00,233.830002,234.500000,233.700104,234.389999,41732
2026-04-24 15:35:00+00:00,234.270004,234.419998,233.720093,233.889999,44987
2026-04-24 15:40:00+00:00,233.884995,234.455002,233.380005,234.389999,74648
2026-04-24 15:45:00+00:00,234.479996,235.240005,234.460007,235.089996,76630
2026-04-24 15:50:00+00:00,235.059998,235.520004,234.990005,235.520004,59778
2026-04-24 15:55:00+00:00,235.509995,235.509995,235.210098,235.304993,27528
2026-04-24 16:00:00+00:00,235.294998,235.824997,235.294998,235.589996,47350
2026-04-24 16:05:00+00:00,235.440094,235.630005,235.059998,235.104996,68821
2026-04-24 16:10:00+00:00,235.190002,235.320007,234.860001,235.070007,73754
2026-04-24 16:15:00+00:00,235.039993,235.149902,234.250000,234.380005,492770
2026-04-24 16:20:00+00:00,234.399994,234.399994,233.389999,233.610001,34807
2026-04-24 16:25:00+00:00,233.500000,233.609894,233.029999,233.229904,43308
2026-04-24 16:30:00+00:00,233.190002,233.449905,233.050003,233.235001,57714
2026-04-24 16:35:00+00:00,233.297501,233.380005,232.250000,232.350006,76617
2026-04-24 16:40:00+00:00,232.419998,232.889999,232.169998,232.720001,61639
2026-04-24 16:45:00+00:00,232.827499,233.089996,232.490005,232.929993,73900
2026-04-24 16:50:00+00:00,232.987900,233.099899,232.789993,232.919998,17982
2026-04-24 16:55:00+00:00,232.990005,233.190002,232.839996,232.949997,33704
2026-04-24 17:00:00+00:00,233.020004,233.199997,232.945007,233.085007,42986
2026-04-24 17:05:00+00:00,233.085007,233.110001,232.910004,233.074997,26167
2026-04-24 17:10:00+00:00,233.050003,233.399994,233.039993,233.235001,222400
2026-04-24 17:15:00+00:00,233.110001,233.369995,233.059998,233.179993,26731
2026-04-24 17:20:00+00:00,233.149994,233.529999,233.139999,233.460007,32442
2026-04-24 17:25:00+00:00,233.509995,233.619995,233.419998,233.479996,22444
2026-04-24 17:30:00+00:00,233.550003,233.679993,233.399994,233.399994,32423
2026-04-24 17:35:00+00:00,233.360001,233.649994,233.287506,233.619995,27996
2026-04-24 17:40:00+00:00,233.690002,233.750000,233.559998,233.634995,24450
2026-04-24 17:45:00+00:00,233.630005,233.705002,233.529999,233.619995,17796
2026-04-24 17:50:00+00:00,233.580002,233.830002,233.300003,233.710007,54414
2026-04-24 17:55:00+00:00,233.669998,233.669998,233.080002,233.080002,24629
2026-04-24 18:00:00+00:00,233.002396,233.199997,232.800003,232.949997,56869
2026-04-24 18:05:00+00:00,232.919998,233.320007,232.750000,232.839996,82411
2026-04-24 18:10:00+00:00,232.841400,233.024994,232.759995,232.860001,19772
2026-04-24 18:15:00+00:00,232.929993,232.975006,232.250000,232.339996,67326
2026-04-24 18:20:00+00:00,232.330002,232.690002,232.145004,232.580002,40644
2026-04-24 18:25:00+00:00,232.649994,232.750000,232.550003,232.598999,25171
2026-04-24 18:30:00+00:00,232.600006,233.169998,232.470001,233.080002,56518
2026-04-24 18:35:00+00:00,233.089996,233.119995,232.779999,232.880005,32158
2026-04-24 18:40:00+00:00,232.990005,232.990005,232.779999,232.820007,31695
2026-04-24 18:45:00+00:00,232.820007,233.020004,232.679993,232.679993,42980
2026-04-24 18:50:00+00:00,232.690002,232.820007,232.634995,232.634995,10132
2026-04-24 18:55:00+00:00,232.631393,232.710007,232.369995,232.679993,23255
2026-04-24 19:00:00+00:00,232.699905,232.869904,232.600006,232.600006,21727
2026-04-24 19:05:00+00:00,232.580002,233.070007,232.559998,232.929993,54685
2026-04-24 19:10:00+00:00,233.039993,233.130005,232.884995,233.020004,27751
2026-04-24 19:15:00+00:00,232.899994,233.190002,232.899994,233.085007,31572
2026-04-24 19:20:00+00:00,233.104996,233.149994,232.889999,232.889999,43763
2026-04-24 19:25:00+00:00,232.889999,232.925003,232.500107,232.800003,69126
2026-04-24 19:30:00+00:00,232.779999,233.250000,232.630005,233.125000,50827
2026-04-24 19:35:00+00:00,233.070007,233.139999,232.899994,233.125000,51278
2026-04-24 19:40:00+00:00,233.139999,233.449997,233.020096,233.410004,49118
2026-04-24 19:45:00+00:00,233.360001,233.429993,233.130005,233.169998,55732
2026-04-24 19:50:00+00:00,233.220001,233.279999,232.509995,232.559998,164308
2026-04-24 19:55:00+00:00,232.550003,232.750000,232.065002,232.440002,372514
2026-04-27 13:30:00+00:00,233.000000,234.255707,231.850006,233.509995,154558
2026-04-27 13:35:00+00:00,233.509995,234.320007,233.153000,233.970001,76934
2026-04-27 13:40:00+00:00,233.818985,234.970001,233.509995,234.839996,112881
2026-04-27 13:45:00+00:00,234.710007,234.820007,233.020096,233.134995,69846
2026-04-27 13:50:00+00:00,233.020004,235.279999,232.679993,234.419998,131813
2026-04-27 13:55:00+00:00,234.419998,235.449997,234.272598,235.309998,81420
2026-04-27 14:00:00+00:00,235.285004,235.300003,234.270004,234.570007,64057
2026-04-27 14:05:00+00:00,234.660004,234.809998,234.190002,234.190002,26589
2026-04-27 14:10:00+00:00,234.205002,234.205002,233.460007,233.619995,43295
2026-04-27 14:15:00+00:00,233.580002,233.637497,232.639999,232.764008,53897
2026-04-27 14:20:00+00:00,232.779999,233.179993,232.770004,232.934998,55190
2026-04-27 14:25:00+00:00,232.925003,232.979996,231.835007,231.988998,100848
2026-04-27 14:30:00+00:00,232.069901,232.069901,231.059998,231.139999,74050
2026-04-27 14:35:00+00:00,231.160004,231.595001,230.770004,231.539993,72872
2026-04-27 14:40:00+00:00,231.479996,231.589996,231.130005,231.455002,46981
2026-04-27 14:45:00+00:00,231.370102,231.839996,231.255005,231.589996,34598
2026-04-27 14:50:00+00:00,231.669998,231.740005,231.199997,231.425003,38053
2026-04-27 14:55:00+00:00,231.399994,231.600006,230.949997,231.100006,44129
2026-04-27 15:00:00+00:00,231.085007,231.146301,229.649994,229.759995,111752
2026-04-27 15:05:00+00:00,229.770004,230.160004,229.539993,229.820007,87668
2026-04-27 15:10:00+00:00,229.830002,230.300003,229.830002,229.949997,36920
2026-04-27 15:15:00+00:00,229.910004,230.399994,229.759995,230.070007,59371
2026-04-27 15:20:00+00:00,230.139999,230.259995,229.639999,230.000000,52747
2026-04-27 15:25:00+00:00,230.000000,230.440002,229.804993,230.164993,55799
2026-04-27 15:30:00+00:00,230.089996,230.089996,229.570007,229.660004,21556
2026-04-27 15:35:00+00:00,229.729996,230.145004,229.610001,230.089996,39560
2026-04-27 15:40:00+00:00,230.070007,230.179993,229.389999,229.860001,66449
2026-04-27 15:45:00+00:00,229.889999,230.019897,229.750107,229.770004,27148
2026-04-27 15:50:00+00:00,229.770004,230.429993,229.770004,230.330002,35123
2026-04-27 15:55:00+00:00,230.330002,230.949997,230.118500,230.809998,52006
2026-04-27 16:00:00+00:00,230.835999,231.009995,230.585007,230.960007,31097
2026-04-27 16:05:00+00:00,231.009995,231.130005,230.889999,230.940002,16385
2026-04-27 16:10:00+00:00,230.940002,231.149994,230.869995,231.059998,30850
2026-04-27 16:15:00+00:00,231.050003,231.379898,231.050003,231.169998,48464
2026-04-27 16:20:00+00:00,231.125107,231.395004,231.029999,231.384995,23547
2026-04-27 16:25:00+00:00,231.369797,231.479996,231.104996,231.139999,28790
2026-04-27 16:30:00+00:00,231.175003,231.250000,230.979996,230.979996,27537
2026-04-27 16:35:00+00:00,231.050003,231.059998,230.860001,230.979996,27015
2026-04-27 16:40:00+00:00,230.990005,231.089996,230.990005,231.059998,20364
2026-04-27 16:45:00+00:00,231.009995,231.050003,230.880096,231.029999,19467
2026-04-27 16:50:00+00:00,230.990005,231.149994,230.940002,230.949997,26776
2026-04-27 16:55:00+00:00,230.949997,230.960007,230.770004,230.785004,17443
2026-04-27 17:00:00+00:00,230.800003,230.860001,230.714996,230.740005,22140
2026-04-27 17:05:00+00:00,230.720001,231.138504,230.654999,231.095001,43570
2026-04-27 17:10:00+00:00,231.089996,231.109894,230.811005,230.894501,22547
2026-04-27 17:15:00+00:00,230.975006,231.029999,230.835007,231.009995,15265
2026-04-27 17:20:00+00:00,231.000000,231.449997,230.940002,231.089996,44618
2026-04-27 17:25:00+00:00,231.149902,231.229996,231.110001,231.229996,14134
2026-04-27 17:30:00+00:00,231.270004,231.460007,231.270004,231.419998,22714
2026-04-27 17:35:00+00:00,231.360001,231.410004,230.975006,230.975006,21864
2026-04-27 17:40:00+00:00,230.964996,231.139999,230.964996,231.109894,14867
2026-04-27 17:45:00+00:00,231.059998,231.065002,230.789993,230.899994,16304
2026-04-27 17:50:00+00:00,230.929993,230.940002,230.820099,230.869995,12919
2026-04-27 17:55:00+00:00,230.845001,230.940002,230.779999,230.860001,19000
2026-04-27 18:00:00+00:00,230.865005,231.070007,230.850006,230.955002,24786
2026-04-27 18:05:00+00:00,231.029907,231.195999,230.955002,231.164993,26605
2026-04-27 18:10:00+00:00,231.190002,231.380005,231.139999,231.330002,29002
2026-04-27 18:15:00+00:00,231.324997,231.330002,231.160004,231.255005,28742
2026-04-27 18:20:00+00:00,231.210007,231.229996,231.072495,231.190002,22722
2026-04-27 18:25:00+00:00,231.239899,231.389999,231.235001,231.350006,27256
2026-04-27 18:30:00+00:00,231.309998,231.399994,231.229996,231.300003,30668
2026-04-27 18:35:00+00:00,231.279999,231.440002,231.279999,231.357697,30670
2026-04-27 18:40:00+00:00,231.360001,231.479996,231.110001,231.179993,24650
2026-04-27 18:45:00+00:00,231.145004,231.259995,231.040100,231.210007,21247
2026-04-27 18:50:00+00:00,231.250000,231.250000,231.020004,231.020004,18970
2026-04-27 18:55:00+00:00,231.020004,231.039993,230.820007,230.865005,21012
2026-04-27 19:00:00+00:00,230.869995,231.050003,230.869995,231.048706,28421
2026-04-27 19:05:00+00:00,230.949997,231.110001,230.910004,230.940002,21842
2026-04-27 19:10:00+00:00,230.899994,231.250000,230.830002,231.250000,29222
2026-04-27 19:15:00+00:00,231.262802,231.580002,231.173294,231.544998,37414
2026-04-27 19:20:00+00:00,231.580002,231.750000,231.529999,231.740005,56061
2026-04-27 19:25:00+00:00,231.720001,232.100006,231.679993,232.050003,56952
2026-04-27 19:30:00+00:00,231.925003,232.089996,231.720001,231.735001,46134
2026-04-27 19:35:00+00:00,231.729996,231.899994,231.729996,231.779999,34318
2026-04-27 19:40:00+00:00,231.789993,231.799896,231.440002,231.630005,54015
2026-04-27 19:45:00+00:00,231.610001,231.610001,231.294998,231.380005,61240
2026-04-27 19:50:00+00:00,231.410004,231.410004,230.535004,230.559998,124941
2026-04-27 19:55:00+00:00,230.570007,231.360001,230.570007,231.320007,310912
2026-04-28 13:30:00+00:00,231.050003,231.330002,229.100098,229.965897,111111
2026-04-28 13:35:00+00:00,229.770004,231.250000,229.770004,231.229996,54953
2026-04-28 13:40:00+00:00,231.050003,231.289993,230.123703,230.210007,30762
2026-04-28 13:45:00+00:00,230.110001,230.175003,229.410004,229.514999,68205
2026-04-28 13:50:00+00:00,229.320007,229.580002,228.770004,229.410004,95068
2026-04-28 13:55:00+00:00,229.449905,229.449997,228.960007,229.101700,36557
2026-04-28 14:00:00+00:00,229.100006,229.699997,228.919998,229.130005,43261
2026-04-28 14:05:00+00:00,229.164993,229.513596,229.039993,229.339996,45867
2026-04-28 14:10:00+00:00,229.220001,229.401001,228.960007,228.960007,32252
2026-04-28 14:15:00+00:00,228.949997,229.160004,228.410004,228.750000,69190
2026-04-28 14:20:00+00:00,228.710007,229.210007,228.570007,228.889893,32987
2026-04-28 14:25:00+00:00,228.880005,228.880005,228.399994,228.399994,41830
2026-04-28 14:30:00+00:00,228.429993,228.750000,228.339996,228.544998,32934
2026-04-28 14:35:00+00:00,228.532501,228.880005,228.410004,228.479996,38881
2026-04-28 14:40:00+00:00,228.479996,228.779999,228.389999,228.600006,31227
2026-04-28 14:45:00+00:00,228.570007,229.070007,228.229996,228.986115,39272
2026-04-28 14:50:00+00:00,229.029999,229.029999,228.434998,228.660004,43140
2026-04-28 14:55:00+00:00,228.550003,228.770004,228.270004,228.770004,64775
2026-04-28 15:00:00+00:00,228.860001,229.039993,228.580002,228.740005,23851
2026-04-28 15:05:00+00:00,228.679993,228.690002,228.110001,228.440002,36992
2026-04-28 15:10:00+00:00,228.487503,228.690002,228.360107,228.610001,26097
2026-04-28 15:15:00+00:00,228.559998,228.779999,228.320007,228.404999,28811
2026-04-28 15:20:00+00:00,228.410004,228.509995,228.190002,228.330002,22523
2026-04-28 15:25:00+00:00,228.399994,228.440002,228.160004,228.210007,31760
2026-04-28 15:30:00+00:00,228.229996,228.324997,228.010101,228.164993,39390
2026-04-28 15:35:00+00:00,228.205002,228.679993,228.050003,228.490005,39365
2026-04-28 15:40:00+00:00,228.490005,228.630005,228.300095,228.455002,58597
2026-04-28 15:45:00+00:00,228.449997,228.460007,227.070007,227.759995,109864
2026-04-28 15:50:00+00:00,227.779999,228.350006,227.779999,228.257507,46358
2026-04-28 15:55:00+00:00,228.279999,228.559998,228.190002,228.274994,55796
2026-04-28 16:00:00+00:00,228.360001,228.800003,228.190002,228.559998,55976
2026-04-28 16:05:00+00:00,228.559998,228.917496,228.399994,228.917496,87224
2026-04-28 16:10:00+00:00,228.910004,229.169998,228.600098,228.990005,41558
2026-04-28 16:15:00+00:00,229.029999,229.029999,228.540100,228.750000,23835
2026-04-28 16:20:00+00:00,228.628006,228.660004,228.250107,228.449997,31053
2026-04-28 16:25:00+00:00,228.470001,228.679993,228.440002,228.580002,23638
2026-04-28 16:30:00+00:00,228.585007,228.755005,228.270004,228.300003,34100
2026-04-28 16:35:00+00:00,228.294998,228.339996,227.779999,227.839996,46657
2026-04-28 16:40:00+00:00,227.835007,227.949997,227.610001,227.759995,35452
2026-04-28 16:45:00+00:00,227.794998,227.919998,227.630005,227.850006,22786
2026-04-28 16:50:00+00:00,227.794998,228.195007,227.794998,227.960007,40071
2026-04-28 16:55:00+00:00,227.919998,228.199997,227.830002,228.199997,16386
2026-04-28 17:00:00+00:00,228.199997,228.339996,228.149994,228.214996,21616
2026-04-28 17:05:00+00:00,228.289993,228.380005,228.115005,228.365005,27945
2026-04-28 17:10:00+00:00,228.377609,228.619995,228.350006,228.399994,21888
2026-04-28 17:15:00+00:00,228.429993,228.509995,228.184998,228.184998,19882
2026-04-28 17:20:00+00:00,228.179993,228.330002,228.179993,228.289993,19706
2026-04-28 17:25:00+00:00,228.289993,228.520004,228.259995,228.520004,23353
2026-04-28 17:30:00+00:00,228.580002,228.891495,228.529999,228.770004,27961
2026-04-28 17:35:00+00:00,228.770004,228.850006,228.589996,228.660004,20628
2026-04-28 17:40:00+00:00,228.630005,228.729996,228.529999,228.630005,21034
2026-04-28 17:45:00+00:00,228.639999,228.669998,228.500000,228.649994,14376
2026-04-28 17:50:00+00:00,228.619995,228.750000,228.510101,228.649994,20697
2026-04-28 17:55:00+00:00,228.639999,228.720001,228.580002,228.600006,10166
2026-04-28 18:00:00+00:00,228.570007,229.100006,228.550003,229.050003,43335
2026-04-28 18:05:00+00:00,229.054993,229.460007,229.054993,229.270004,27916
2026-04-28 18:10:00+00:00,229.259995,229.369995,229.210007,229.210007,17181
2026-04-28 18:15:00+00:00,229.205002,229.416306,229.139999,229.294998,15327
2026-04-28 18:20:00+00:00,229.369995,229.500000,229.270004,229.462799,35584
2026-04-28 18:25:00+00:00,229.449997,229.524994,229.399994,229.494995,20808
2026-04-28 18:30:00+00:00,229.550003,229.679993,229.494995,229.539993,38526
2026-04-28 18:35:00+00:00,229.340103,229.550003,229.253296,229.440002,16985
2026-04-28 18:40:00+00:00,229.440002,229.679993,229.240097,229.679993,20841
2026-04-28 18:45:00+00:00,229.640106,229.830002,229.589996,229.800003,25310
2026-04-28 18:50:00+00:00,229.830002,229.880005,229.679993,229.824997,23604
2026-04-28 18:55:00+00:00,229.824997,229.880005,229.649994,229.785004,27571
2026-04-28 19:00:00+00:00,229.779999,230.209900,229.720001,230.039993,81903
2026-04-28 19:05:00+00:00,230.039993,230.169998,229.770004,229.770004,34764
2026-04-28 19:10:00+00:00,229.759995,230.283905,229.710007,230.100006,45511
2026-04-28 19:15:00+00:00,230.029999,230.169998,229.869995,230.110001,26640
2026-04-28 19:20:00+00:00,230.130005,230.142502,229.846298,229.860001,37413
2026-04-28 19:25:00+00:00,229.835007,230.039993,229.789993,229.789993,32865
2026-04-28 19:30:00+00:00,229.781906,229.850006,229.509995,229.585007,45906
2026-04-28 19:35:00+00:00,229.589996,229.794998,229.589996,229.794998,37029
2026-04-28 19:40:00+00:00,229.794998,230.000000,229.750000,229.884995,34501
2026-04-28 19:45:00+00:00,229.850006,230.000000,229.794998,230.000000,42300
2026-04-28 19:50:00+00:00,230.009995,230.309998,229.985001,230.199997,87239
2026-04-28 19:55:00+00:00,230.229996,230.779999,230.139999,230.729904,251559
2026-04-29 13:30:00+00:00,230.220001,230.255005,228.112900,228.660004,87675
2026-04-29 13:35:00+00:00,228.559998,228.660004,227.350098,227.789993,82398
2026-04-29 13:40:00+00:00,227.839706,228.065002,227.380005,227.419998,45756
2026-04-29 13:45:00+00:00,227.389999,227.419998,225.979996,226.115005,90246
2026-04-29 13:50:00+00:00,226.115005,227.214996,226.115005,226.876007,71088
2026-04-29 13:55:00+00:00,226.809998,227.199905,226.119995,226.235001,63416
2026-04-29 14:00:00+00:00,226.100006,226.149994,225.410004,225.729996,104132
2026-04-29 14:05:00+00:00,225.794998,226.049896,225.410004,225.809998,68747
2026-04-29 14:10:00+00:00,225.809998,225.850006,225.250000,225.645004,53589
2026-04-29 14:15:00+00:00,225.600006,225.839905,225.199997,225.309998,77734
2026-04-29 14:20:00+00:00,225.309998,225.880005,225.240005,225.350006,70435
2026-04-29 14:25:00+00:00,225.375000,225.375000,224.035004,224.057495,177375
2026-04-29 14:30:00+00:00,224.039993,224.509995,223.600006,224.266296,131722
2026-04-29 14:35:00+00:00,224.460007,224.509903,224.010101,224.161697,99457
2026-04-29 14:40:00+00:00,224.100006,224.259995,223.800003,223.809998,77959
2026-04-29 14:45:00+00:00,223.869995,224.059998,222.775604,222.860001,161699
2026-04-29 14:50:00+00:00,222.860001,222.960007,222.615005,222.919998,106150
2026-04-29 14:55:00+00:00,222.919998,223.080002,222.660004,223.070007,79070
2026-04-29 15:00:00+00:00,223.080002,223.100204,222.431503,222.460007,95297
2026-04-29 15:05:00+00:00,222.470001,222.800003,222.160004,222.169998,93644
2026-04-29 15:10:00+00:00,222.220001,222.899902,222.110001,222.899902,104576
2026-04-29 15:15:00+00:00,222.809998,223.100006,222.650101,222.990005,98091
2026-04-29 15:20:00+00:00,222.990005,223.100006,222.535004,222.904999,95963
2026-04-29 15:25:00+00:00,222.970001,223.169907,222.750000,222.880005,78207
2026-04-29 15:30:00+00:00,222.904999,222.999893,222.500000,222.710007,51788
2026-04-29 15:35:00+00:00,222.740005,222.889999,222.600006,222.740005,34309
2026-04-29 15:40:00+00:00,222.729996,222.929993,222.509003,222.770004,49227
2026-04-29 15:45:00+00:00,222.729996,222.990005,222.550003,222.604996,44263
2026-04-29 15:50:00+00:00,222.595001,222.889999,222.369995,222.419998,73567
2026-04-29 15:55:00+00:00,222.330093,222.699997,222.259995,222.589996,41712
2026-04-29 16:00:00+00:00,222.554993,222.645004,222.210007,222.210007,73777
2026-04-29 16:05:00+00:00,222.240005,222.619995,222.119995,222.600006,63063
2026-04-29 16:10:00+00:00,222.589996,222.600006,222.039993,222.134995,74279
2026-04-29 16:15:00+00:00,222.119995,222.199997,221.899994,222.070007,73523
2026-04-29 16:20:00+00:00,222.125000,222.399994,221.990005,222.330002,55958
2026-04-29 16:25:00+00:00,222.289993,222.330002,222.029999,222.100006,22552
2026-04-29 16:30:00+00:00,222.000000,222.020004,221.300003,221.460007,62460
2026-04-29 16:35:00+00:00,221.440002,221.610001,221.149994,221.509903,38930
2026-04-29 16:40:00+00:00,221.380005,222.050003,221.315002,221.925003,38358
2026-04-29 16:45:00+00:00,221.925003,222.589996,221.925003,222.539993,43153
2026-04-29 16:50:00+00:00,222.539993,222.684998,222.419998,222.660004,27016
2026-04-29 16:55:00+00:00,222.679306,222.699997,222.447006,222.699997,25241
2026-04-29 17:00:00+00:00,222.740005,223.149994,222.619995,223.044998,41374
2026-04-29 17:05:00+00:00,223.044998,223.139999,222.680099,222.789993,33714
2026-04-29 17:10:00+00:00,222.789993,222.979996,222.500000,222.580002,45026
2026-04-29 17:15:00+00:00,222.669998,222.750000,222.449997,222.479996,35215
2026-04-29 17:20:00+00:00,222.570007,222.689301,222.419998,222.565002,39824
2026-04-29 17:25:00+00:00,222.600006,222.690002,222.460007,222.565002,22440
2026-04-29 17:30:00+00:00,222.630005,222.919998,222.595001,222.595001,64644
2026-04-29 17:35:00+00:00,222.690002,222.789993,222.380005,222.425003,51159
2026-04-29 17:40:00+00:00,222.468994,222.520004,222.169998,222.220001,37592
2026-04-29 17:45:00+00:00,222.220001,222.669998,222.220001,222.570007,45492
2026-04-29 17:50:00+00:00,222.500000,222.850006,222.195007,222.205002,74086
2026-04-29 17:55:00+00:00,222.214996,222.490005,222.095001,222.399994,57144
2026-04-29 18:00:00+00:00,222.449997,222.449997,221.949997,222.009995,71434
2026-04-29 18:05:00+00:00,222.044998,222.080002,221.330002,221.369995,62337
2026-04-29 18:10:00+00:00,221.369995,221.539993,221.235001,221.470001,59120
2026-04-29 18:15:00+00:00,221.470001,221.889999,221.419998,221.580002,42612
2026-04-29 18:20:00+00:00,221.550003,221.869995,221.539993,221.679901,37961
2026-04-29 18:25:00+00:00,221.619995,221.740005,221.550003,221.699997,39841
2026-04-29 18:30:00+00:00,221.699997,222.104996,221.669998,221.824997,101340
2026-04-29 18:35:00+00:00,221.824997,222.389999,221.824997,221.975006,154650
2026-04-29 18:40:00+00:00,221.967499,222.080002,221.220001,221.529999,73776
2026-04-29 18:45:00+00:00,221.570007,222.050003,221.490005,222.020004,52136
2026-04-29 18:50:00+00:00,221.960007,222.679993,221.960007,222.259995,91434
2026-04-29 18:55:00+00:00,222.259995,222.610001,222.214996,222.509995,45207
2026-04-29 19:00:00+00:00,222.600006,222.669998,222.320007,222.330002,33762
2026-04-29 19:05:00+00:00,222.330002,222.389999,222.130005,222.304993,40805
2026-04-29 19:10:00+00:00,222.309998,222.538101,222.229996,222.380005,34214
2026-04-29 19:15:00+00:00,222.539993,222.759995,222.304993,222.710007,49930
2026-04-29 19:20:00+00:00,222.690002,223.119995,222.419998,223.119995,79793
2026-04-29 19:25:00+00:00,223.119995,223.539993,223.020004,223.119995,158184
2026-04-29 19:30:00+00:00,223.169998,223.199997,222.669998,222.880005,65394
2026-04-29 19:35:00+00:00,222.884995,223.220001,222.884995,223.139999,47406
2026-04-29 19:40:00+00:00,223.125000,223.289993,223.070007,223.235001,68563
2026-04-29 19:45:00+00:00,223.214996,223.419998,223.149994,223.179993,76245
2026-04-29 19:50:00+00:00,223.210007,223.854996,223.210007,223.720001,149977
2026-04-29 19:55:00+00:00,223.679993,224.220001,223.550003,224.130005,469152
2026-04-30 13:30:00+00:00,226.110001,226.740005,224.770004,224.839996,221545
2026-04-30 13:35:00+00:00,224.839996,225.779999,224.612030,225.699997,60488
2026-04-30 13:40:00+00:00,225.600006,226.300003,225.600006,226.210007,73024
2026-04-30 13:45:00+00:00,226.160004,226.350006,225.789993,225.960007,61190
2026-04-30 13:50:00+00:00,225.895004,226.199997,225.729996,226.020004,40210
2026-04-30 13:55:00+00:00,226.020004,227.259995,225.899994,227.190002,121244
2026-04-30 14:00:00+00:00,227.259995,227.399994,226.160095,226.220001,76565
2026-04-30 14:05:00+00:00,226.285004,226.470001,225.419998,225.554993,51945
2026-04-30 14:10:00+00:00,225.544998,226.219894,225.514999,225.660004,40852
2026-04-30 14:15:00+00:00,225.990005,226.889999,225.960007,226.889999,68771
2026-04-30 14:20:00+00:00,227.000000,227.250000,226.440094,226.975006,68278
2026-04-30 14:25:00+00:00,226.955002,227.380005,226.899994,227.350006,74299
2026-04-30 14:30:00+00:00,227.309998,227.770004,227.121506,227.320007,67543
2026-04-30 14:35:00+00:00,227.324997,227.343994,227.000000,227.085007,27062
2026-04-30 14:40:00+00:00,227.169998,227.270004,226.384995,226.550003,95771
2026-04-30 14:45:00+00:00,226.494995,226.660004,226.300003,226.615005,50289
2026-04-30 14:50:00+00:00,226.509995,226.710007,226.360001,226.505005,20360
2026-04-30 14:55:00+00:00,226.559998,226.699997,226.350006,226.350006,24172
2026-04-30 15:00:00+00:00,226.375000,226.410004,226.070007,226.070007,34685
2026-04-30 15:05:00+00:00,226.130005,226.460007,225.940002,226.100006,36123
2026-04-30 15:10:00+00:00,226.220093,226.339996,225.889999,225.985001,25485
2026-04-30 15:15:00+00:00,225.975006,226.130005,225.550003,225.660004,47309
2026-04-30 15:20:00+00:00,225.660004,226.209900,225.550003,226.209900,40282
2026-04-30 15:25:00+00:00,226.104996,226.639999,226.104996,226.500000,31606
2026-04-30 15:30:00+00:00,226.539993,226.880005,226.446503,226.845001,33959
2026-04-30 15:35:00+00:00,226.845001,227.229996,226.675003,227.100006,34359
2026-04-30 15:40:00+00:00,227.160095,227.309998,226.920105,227.250000,35497
2026-04-30 15:45:00+00:00,227.252502,227.719894,227.080002,227.634995,29405
2026-04-30 15:50:00+00:00,227.719894,228.300003,227.550095,228.300003,115823
2026-04-30 15:55:00+00:00,228.309998,228.690002,228.250000,228.589996,58816
2026-04-30 16:00:00+00:00,228.580002,228.990005,228.580002,228.779999,40908
2026-04-30 16:05:00+00:00,228.800003,229.059998,228.750000,229.035004,39642
2026-04-30 16:10:00+00:00,229.039993,229.429993,228.990005,229.000000,50240
2026-04-30 16:15:00+00:00,229.000000,229.119995,228.789993,229.029999,28544
2026-04-30 16:20:00+00:00,228.929993,229.050003,228.869995,229.020004,52361
2026-04-30 16:25:00+00:00,228.990005,229.274994,228.919998,229.244995,33915
2026-04-30 16:30:00+00:00,229.169998,229.220001,229.020004,229.059998,20368
2026-04-30 16:35:00+00:00,229.054993,229.101593,228.789993,228.985001,36271
2026-04-30 16:40:00+00:00,228.970001,229.190002,228.929993,229.065002,23299
2026-04-30 16:45:00+00:00,229.054993,229.149902,228.649994,228.865005,37173
2026-04-30 16:50:00+00:00,228.824997,228.888199,228.559998,228.595001,18458
2026-04-30 16:55:00+00:00,228.595001,228.629898,228.429993,228.540100,19915
2026-04-30 17:00:00+00:00,228.561203,228.619995,228.315002,228.449997,18145
2026-04-30 17:05:00+00:00,228.500000,228.690002,228.410004,228.479996,19474
2026-04-30 17:10:00+00:00,228.514999,228.632706,228.419006,228.559906,16680
2026-04-30 17:15:00+00:00,228.483994,228.630005,228.340103,228.570007,27459
2026-04-30 17:20:00+00:00,228.539993,228.869995,228.494995,228.820007,31807
2026-04-30 17:25:00+00:00,228.789993,229.039993,228.680099,228.990005,19629
2026-04-30 17:30:00+00:00,229.059998,229.399994,229.029999,229.250000,49525
2026-04-30 17:35:00+00:00,229.350006,229.429993,229.080093,229.164993,18919
2026-04-30 17:40:00+00:00,229.060104,229.330002,229.060104,229.303406,17324
2026-04-30 17:45:00+00:00,229.315002,229.429993,229.260101,229.399994,16917
2026-04-30 17:50:00+00:00,229.389999,229.419998,229.169998,229.190002,15001
2026-04-30 17:55:00+00:00,229.199997,229.389893,229.139999,229.279999,14889
2026-04-30 18:00:00+00:00,229.294998,229.550003,229.220001,229.220001,34818
2026-04-30 18:05:00+00:00,229.179993,229.410004,229.149994,229.279999,36585
2026-04-30 18:10:00+00:00,229.360001,229.539902,229.339996,229.410004,17605
2026-04-30 18:15:00+00:00,229.399994,229.539993,229.270004,229.309998,33174
2026-04-30 18:20:00+00:00,229.320007,229.410004,229.139999,229.179993,33264
2026-04-30 18:25:00+00:00,229.189896,229.199997,228.929993,228.999893,36962
2026-04-30 18:30:00+00:00,228.990005,229.100006,228.669998,228.710007,28669
2026-04-30 18:35:00+00:00,228.684998,228.830002,228.649994,228.800003,33002
2026-04-30 18:40:00+00:00,228.860001,228.889999,228.639999,228.835007,31338
2026-04-30 18:45:00+00:00,228.850006,228.990005,228.809998,228.940002,21063
2026-04-30 18:50:00+00:00,228.940002,229.050003,228.500000,228.729996,33368
2026-04-30 18:55:00+00:00,228.729996,228.789993,228.570007,228.675003,21132
2026-04-30 19:00:00+00:00,228.539902,228.619904,228.285004,228.375107,36492
2026-04-30 19:05:00+00:00,228.276398,228.410004,227.979996,228.210007,45189
2026-04-30 19:10:00+00:00,228.270004,228.449997,228.145004,228.410004,46491
2026-04-30 19:15:00+00:00,228.440002,228.869995,228.360001,228.789993,35734
2026-04-30 19:20:00+00:00,228.860001,229.100006,228.790100,229.049896,32175
2026-04-30 19:25:00+00:00,228.970001,229.149994,228.880005,228.931000,46833
2026-04-30 19:30:00+00:00,229.029999,229.229996,228.869995,229.100006,36239
2026-04-30 19:35:00+00:00,229.149994,229.179993,228.839996,229.119995,71196
2026-04-30 19:40:00+00:00,229.159897,229.159897,228.899994,228.975006,44055
2026-04-30 19:45:00+00:00,228.975006,228.975006,228.639999,228.949997,61196
2026-04-30 19:50:00+00:00,228.979996,229.070007,228.673004,229.070007,142717
2026-04-30 19:55:00+00:00,229.039993,229.410004,228.889999,228.979996,408440
2026-05-01 13:30:00+00:00,230.399994,231.500000,229.695007,230.514999,230366
2026-05-01 13:35:00+00:00,230.645004,231.509995,230.164993,230.164993,119706
2026-05-01 13:40:00+00:00,230.174957,230.880005,230.039993,230.684998,45053
2026-05-01 13:45:00+00:00,230.860001,231.000000,229.410004,229.735001,63022
2026-05-01 13:50:00+00:00,229.740005,230.649994,229.740005,230.395004,44502
2026-05-01 13:55:00+00:00,230.255005,231.250000,230.255005,231.250000,64266
2026-05-01 14:00:00+00:00,231.139999,231.330002,230.720001,230.970001,47319
2026-05-01 14:05:00+00:00,230.770004,230.970001,229.509995,229.705002,48801
2026-05-01 14:10:00+00:00,229.554993,229.839996,229.350006,229.565002,51286
2026-05-01 14:15:00+00:00,229.559998,230.289993,229.419998,230.100006,41148
2026-05-01 14:20:00+00:00,230.190002,231.029999,229.970001,230.945007,79926
2026-05-01 14:25:00+00:00,230.945007,231.029999,230.570007,230.649994,25748
2026-05-01 14:30:00+00:00,230.610001,230.850006,230.270004,230.490005,38011
2026-05-01 14:35:00+00:00,230.360001,230.664993,230.105911,230.354996,21185
2026-05-01 14:40:00+00:00,230.440002,230.770004,230.330093,230.449997,33375
2026-05-01 14:45:00+00:00,230.449997,230.839996,230.369995,230.557495,22813
2026-05-01 14:50:00+00:00,230.524994,230.559998,230.130096,230.259995,16939
2026-05-01 14:55:00+00:00,230.300003,230.809998,230.160004,230.440002,30262
2026-05-01 15:00:00+00:00,230.434998,230.710007,230.429993,230.440002,17719
2026-05-01 15:05:00+00:00,230.490005,231.119995,230.479996,231.029999,31596
2026-05-01 15:10:00+00:00,231.000000,231.080002,230.850006,231.029999,22754
2026-05-01 15:15:00+00:00,231.324997,231.380005,230.929993,231.029999,51066
2026-05-01 15:20:00+00:00,231.059998,231.179993,230.839996,231.059998,24197
2026-05-01 15:25:00+00:00,231.190002,231.339996,230.860001,230.979996,18648
2026-05-01 15:30:00+00:00,230.960007,230.960007,230.639999,230.800003,38306
2026-05-01 15:35:00+00:00,230.800003,231.389999,230.800003,230.899994,52073
2026-05-01 15:40:00+00:00,230.839996,231.020004,230.750000,230.880005,16820
2026-05-01 15:45:00+00:00,230.979996,231.119995,230.910004,231.014999,20758
2026-05-01 15:50:00+00:00,231.020004,231.110001,230.160004,230.289993,40033
2026-05-01 15:55:00+00:00,230.257004,230.270004,230.000000,230.091797,18402
2026-05-01 16:00:00+00:00,230.050003,230.080002,229.690002,229.807495,22241
2026-05-01 16:05:00+00:00,229.804993,229.940002,229.690002,229.699997,17125
2026-05-01 16:10:00+00:00,229.690002,229.835007,229.530106,229.720001,23913
2026-05-01 16:15:00+00:00,229.800003,230.190002,229.740005,230.020004,22035
2026-05-01 16:20:00+00:00,230.089996,230.089996,229.309998,229.399994,23852
2026-05-01 16:25:00+00:00,229.320007,229.610001,229.160004,229.332108,18067
2026-05-01 16:30:00+00:00,229.335007,229.418304,229.000000,229.100006,32188
2026-05-01 16:35:00+00:00,229.139999,229.350006,228.789993,229.320007,34065
2026-05-01 16:40:00+00:00,229.449997,229.500000,229.130096,229.369995,34678
2026-05-01 16:45:00+00:00,229.199997,229.500000,229.160004,229.304993,18110
2026-05-01 16:50:00+00:00,229.304993,229.580002,229.259995,229.580002,27396
2026-05-01 16:55:00+00:00,229.510696,229.634995,229.410004,229.539993,17687
2026-05-01 17:00:00+00:00,229.539993,229.770004,229.486496,229.595001,18842
2026-05-01 17:05:00+00:00,229.535004,229.535004,229.149994,229.250000,15836
2026-05-01 17:10:00+00:00,229.279999,229.500000,229.029999,229.179993,30661
2026-05-01 17:15:00+00:00,229.169998,229.210007,228.800003,229.179993,28341
2026-05-01 17:20:00+00:00,229.130005,229.139999,228.800003,228.830002,27986
2026-05-01 17:25:00+00:00,228.850006,229.250000,228.750000,229.169998,37292
2026-05-01 17:30:00+00:00,229.199997,229.517105,229.070007,229.070007,37407
2026-05-01 17:35:00+00:00,229.059998,229.259995,228.860001,229.195007,15968
2026-05-01 17:40:00+00:00,229.240005,229.467499,229.208206,229.324997,16478
2026-05-01 17:45:00+00:00,229.324997,229.610001,229.300003,229.580002,24008
2026-05-01 17:50:00+00:00,229.649994,229.860001,229.597504,229.800003,21889
2026-05-01 17:55:00+00:00,229.729996,229.740005,229.574997,229.589996,15248
2026-05-01 18:00:00+00:00,229.610001,229.750000,229.479996,229.544998,19826
2026-05-01 18:05:00+00:00,229.479996,229.630005,229.369995,229.559998,20861
2026-05-01 18:10:00+00:00,229.610001,229.610001,228.945007,228.945007,37987
2026-05-01 18:15:00+00:00,228.940002,228.940002,228.500000,228.755005,32116
2026-05-01 18:20:00+00:00,228.675003,228.759995,228.500107,228.740005,17976
2026-05-01 18:25:00+00:00,228.710007,228.910004,228.620102,228.824997,27146
2026-05-01 18:30:00+00:00,228.770004,228.869995,228.199997,228.270004,34005
2026-05-01 18:35:00+00:00,228.179993,228.289993,228.100006,228.100006,22597
2026-05-01 18:40:00+00:00,228.250000,228.327499,228.125000,228.324997,19073
2026-05-01 18:45:00+00:00,228.330002,228.420105,228.237000,228.350006,21476
2026-05-01 18:50:00+00:00,228.464996,228.654999,228.425003,228.580002,22056
2026-05-01 18:55:00+00:00,228.580002,228.610001,228.460098,228.554993,23686
2026-05-01 19:00:00+00:00,228.470001,228.800003,228.389999,228.514999,32342
2026-05-01 19:05:00+00:00,228.625000,228.720001,228.470093,228.710007,19346
2026-05-01 19:10:00+00:00,228.610001,228.750000,228.399994,228.464996,29838
2026-05-01 19:15:00+00:00,228.440002,228.740005,228.339996,228.645004,38398
2026-05-01 19:20:00+00:00,228.664993,228.719894,228.500000,228.574997,16983
2026-05-01 19:25:00+00:00,228.520004,228.636993,228.399994,228.399994,27541
2026-05-01 19:30:00+00:00,228.380005,228.610001,228.320099,228.539993,33942
2026-05-01 19:35:00+00:00,228.460007,228.550003,228.250000,228.250000,42560
2026-05-01 19:40:00+00:00,228.259995,228.309998,227.809998,227.994995,69736
2026-05-01 19:45:00+00:00,227.899994,228.139999,227.669998,227.725006,56456
2026-05-01 19:50:00+00:00,227.820007,227.949997,227.259995,227.570007,128914
2026-05-01 19:55:00+00:00,227.500000,227.789993,227.389999,227.429993,241614
2026-05-04 13:30:00+00:00,226.490005,227.000000,225.500000,226.884995,130098
2026-05-04 13:35:00+00:00,226.839996,227.800003,226.000000,227.615005,77975
2026-05-04 13:40:00+00:00,227.567581,227.697800,225.839996,225.975998,61987
2026-05-04 13:45:00+00:00,225.990005,226.000000,224.679993,224.759995,62335
2026-05-04 13:50:00+00:00,224.839996,225.949905,224.839996,225.520004,55163
2026-05-04 13:55:00+00:00,225.699997,226.050003,225.362198,225.410004,43272
2026-05-04 14:00:00+00:00,225.550003,225.554993,225.000000,225.309998,38368
2026-05-04 14:05:00+00:00,225.050003,225.490005,224.750000,225.004303,48196
2026-05-04 14:10:00+00:00,225.205994,226.829895,225.039993,226.740005,60788
2026-05-04 14:15:00+00:00,226.431107,226.899994,226.431107,226.736893,29094
2026-05-04 14:20:00+00:00,226.830002,227.029999,226.714996,226.929993,35478
2026-05-04 14:25:00+00:00,226.929993,227.860001,226.929993,227.535004,73155
2026-05-04 14:30:00+00:00,227.509995,227.869995,227.289993,227.475006,51653
2026-05-04 14:35:00+00:00,227.509995,227.699997,226.929993,227.029999,38879
2026-05-04 14:40:00+00:00,227.000000,227.000000,226.199997,226.389999,36273
2026-05-04 14:45:00+00:00,226.285004,226.440002,225.869995,225.970001,45079
2026-05-04 14:50:00+00:00,225.919998,225.968597,225.690002,225.875000,36269
2026-05-04 14:55:00+00:00,225.949997,226.000000,224.919998,224.919998,44918
2026-05-04 15:00:00+00:00,224.970001,225.089294,224.589996,224.990005,44280
2026-05-04 15:05:00+00:00,224.889999,225.270004,224.881500,225.154999,60544
2026-05-04 15:10:00+00:00,225.160004,225.309998,224.850006,224.990005,33203
2026-05-04 15:15:00+00:00,224.910004,225.119995,223.809998,223.880005,64393
2026-05-04 15:20:00+00:00,223.770004,223.910004,222.880005,223.309998,91713
2026-05-04 15:25:00+00:00,223.220001,223.268799,222.860001,223.160004,104175
2026-05-04 15:30:00+00:00,223.240005,223.389999,222.800003,223.339996,82274
2026-05-04 15:35:00+00:00,223.282593,223.330002,223.000000,223.080002,31892
2026-05-04 15:40:00+00:00,223.100006,223.160004,222.750000,223.159897,55519
2026-05-04 15:45:00+00:00,223.082504,223.082504,222.500000,222.699997,69357
2026-05-04 15:50:00+00:00,222.529999,223.440002,222.369995,223.279999,53967
2026-05-04 15:55:00+00:00,223.279999,223.849899,223.122696,223.589996,36782
2026-05-04 16:00:00+00:00,223.596695,223.750000,223.309998,223.625000,24751
2026-05-04 16:05:00+00:00,223.639999,223.740005,222.809998,223.000000,37382
2026-05-04 16:10:00+00:00,222.979996,223.309998,222.910004,223.089996,319822
2026-05-04 16:15:00+00:00,223.089996,223.839996,222.860001,223.679993,30614
2026-05-04 16:20:00+00:00,223.500107,224.000000,223.500107,223.612793,32429
2026-05-04 16:25:00+00:00,223.589996,223.748306,223.330002,223.460007,36398
2026-05-04 16:30:00+00:00,223.520004,223.660004,223.309998,223.645004,19021
2026-05-04 16:35:00+00:00,223.660004,223.660004,223.309998,223.434998,18326
2026-05-04 16:40:00+00:00,223.330002,223.470001,223.149994,223.235001,39989
2026-05-04 16:45:00+00:00,223.220001,223.289993,223.030106,223.070007,34006
2026-05-04 16:50:00+00:00,223.100006,223.330002,223.029999,223.330002,39245
2026-05-04 16:55:00+00:00,223.330002,223.500000,223.330002,223.455002,15979
2026-05-04 17:00:00+00:00,223.460007,223.629898,223.259995,223.384995,25797
2026-05-04 17:05:00+00:00,223.389999,223.649994,223.315002,223.570007,18942
2026-05-04 17:10:00+00:00,223.690002,223.960007,223.570007,223.889999,26322
2026-05-04 17:15:00+00:00,223.880005,224.199997,223.690002,223.699997,46988
2026-05-04 17:20:00+00:00,223.750000,223.999893,223.634995,223.845001,37178
2026-05-04 17:25:00+00:00,223.740005,223.929993,223.740005,223.929993,17682
2026-05-04 17:30:00+00:00,223.960007,224.039993,223.720001,223.720001,34937
2026-05-04 17:35:00+00:00,223.714996,223.750000,223.500000,223.729996,30396
2026-05-04 17:40:00+00:00,223.729996,223.770004,223.604996,223.649994,16024
2026-05-04 17:45:00+00:00,223.679993,223.779999,223.595001,223.595001,25715
2026-05-04 17:50:00+00:00,223.600006,223.699997,223.500000,223.690002,24907
2026-05-04 17:55:00+00:00,223.634995,223.989899,223.619995,223.740005,32027
2026-05-04 18:00:00+00:00,223.830002,223.940002,223.740005,223.899994,14813
2026-05-04 18:05:00+00:00,223.940002,223.949997,223.699997,223.764999,26470
2026-05-04 18:10:00+00:00,223.820007,223.868393,223.399994,223.399994,18663
2026-05-04 18:15:00+00:00,223.354996,223.470001,223.179993,223.190002,19667
2026-05-04 18:20:00+00:00,223.150604,223.239899,222.900101,222.900101,49086
2026-05-04 18:25:00+00:00,223.009995,223.020004,222.740005,222.960007,46390
2026-05-04 18:30:00+00:00,222.860001,222.960007,222.684998,222.830002,13918
2026-05-04 18:35:00+00:00,222.845001,222.860001,222.589996,222.720001,28510
2026-05-04 18:40:00+00:00,222.770004,222.800003,222.500000,222.500000,31135
2026-05-04 18:45:00+00:00,222.535004,222.535004,222.259995,222.509995,48251
2026-05-04 18:50:00+00:00,222.389999,222.490005,221.675003,221.710007,75491
2026-05-04 18:55:00+00:00,221.699997,221.970001,221.679993,221.755005,50760
2026-05-04 19:00:00+00:00,221.699997,222.240005,221.580002,222.179993,55466
2026-05-04 19:05:00+00:00,222.149994,222.819901,222.149994,222.580002,50792
2026-05-04 19:10:00+00:00,222.589996,222.850006,222.500000,222.570099,47597
2026-05-04 19:15:00+00:00,222.630005,222.630005,222.235001,222.289993,31941
2026-05-04 19:20:00+00:00,222.289993,222.604996,222.190002,222.509995,47241
2026-05-04 19:25:00+00:00,222.520004,222.589996,222.000000,222.000000,56336
2026-05-04 19:30:00+00:00,221.999893,222.300003,221.970001,222.289993,58217
2026-05-04 19:35:00+00:00,222.309998,222.659897,222.285004,222.404999,37380
2026-05-04 19:40:00+00:00,222.470001,222.669998,222.100006,222.210007,76333
2026-05-04 19:45:00+00:00,222.190002,222.190002,221.800003,221.869995,95609
2026-05-04 19:50:00+00:00,221.880005,221.884995,221.399994,221.759995,171082
2026-05-04 19:55:00+00:00,221.800003,221.820007,221.039993,221.350006,394213
2026-05-05 13:30:00+00:00,223.100006,223.820007,221.740005,222.990005,139934
2026-05-05 13:35:00+00:00,222.820007,223.029999,222.077301,222.570007,49345
2026-05-05 13:40:00+00:00,222.391617,222.654007,222.154999,222.470001,54048
2026-05-05 13:45:00+00:00,222.600006,223.470001,222.479996,222.750107,75495
2026-05-05 13:50:00+00:00,222.975006,223.600006,222.759995,222.809998,48170
2026-05-05 13:55:00+00:00,222.889999,223.550003,222.759995,223.350006,45212
2026-05-05 14:00:00+00:00,223.419998,224.162796,223.330093,223.919998,69436
2026-05-05 14:05:00+00:00,223.854996,224.380005,223.839996,224.235001,60416
2026-05-05 14:10:00+00:00,224.360001,224.679901,223.485001,223.485001,63589
2026-05-05 14:15:00+00:00,223.440002,223.750000,223.339996,223.598007,55161
2026-05-05 14:20:00+00:00,223.779907,224.195007,223.619995,224.020004,38496
2026-05-05 14:25:00+00:00,224.139999,224.270004,223.865005,223.919998,23586
2026-05-05 14:30:00+00:00,223.929993,224.070007,223.250000,223.414993,35120
2026-05-05 14:35:00+00:00,223.470001,223.499893,223.039993,223.369995,30948
2026-05-05 14:40:00+00:00,223.345001,223.929993,223.139999,223.929993,52355
2026-05-05 14:45:00+00:00,223.835007,224.500000,223.789993,224.175003,62717
2026-05-05 14:50:00+00:00,224.130005,224.350006,223.729996,223.910004,43758
2026-05-05 14:55:00+00:00,223.914993,224.129898,223.764999,224.085007,34399
2026-05-05 15:00:00+00:00,224.085007,224.320007,223.619995,223.919998,54497
2026-05-05 15:05:00+00:00,223.970001,224.449997,223.940002,224.309998,107486
2026-05-05 15:10:00+00:00,224.399994,224.509995,223.990005,224.039993,67520
2026-05-05 15:15:00+00:00,224.039993,224.380005,223.960007,224.050003,31260
2026-05-05 15:20:00+00:00,224.164993,224.164993,223.929993,223.949997,49938
2026-05-05 15:25:00+00:00,224.035004,224.309998,223.820007,224.000000,44625
2026-05-05 15:30:00+00:00,223.940002,224.024994,223.509995,223.509995,34250
2026-05-05 15:35:00+00:00,223.559998,223.740005,223.259995,223.300003,36445
2026-05-05 15:40:00+00:00,223.354996,223.690002,223.320007,223.615005,26897
2026-05-05 15:45:00+00:00,223.615005,224.350006,223.520004,224.220001,30902
2026-05-05 15:50:00+00:00,224.169998,224.270004,223.580002,223.684998,29582
2026-05-05 15:55:00+00:00,223.684998,223.970001,223.649994,223.970001,34673
2026-05-05 16:00:00+00:00,223.865005,224.600006,223.865005,224.425003,71899
2026-05-05 16:05:00+00:00,224.570007,224.970001,224.309006,224.740005,55182
2026-05-05 16:10:00+00:00,224.660004,224.710007,224.360001,224.365005,30474
2026-05-05 16:15:00+00:00,224.399994,224.479996,224.160599,224.339905,20825
2026-05-05 16:20:00+00:00,224.309998,224.729996,224.250000,224.729996,17350
2026-05-05 16:25:00+00:00,224.699997,224.770004,224.529999,224.764999,22550
2026-05-05 16:30:00+00:00,224.764999,224.940002,224.630005,224.750000,34612
2026-05-05 16:35:00+00:00,224.710007,225.149994,224.699997,224.949997,56265
2026-05-05 16:40:00+00:00,224.850006,225.139999,224.810104,225.050003,19484
2026-05-05 16:45:00+00:00,225.110001,225.139999,224.589996,224.690002,30011
2026-05-05 16:50:00+00:00,224.699997,224.850006,224.470001,224.679993,20734
2026-05-05 16:55:00+00:00,224.759995,224.800003,224.610001,224.759995,17312
2026-05-05 17:00:00+00:00,224.690002,225.080002,224.690002,224.990005,24011
2026-05-05 17:05:00+00:00,224.990005,225.559998,224.899994,224.985001,51490
2026-05-05 17:10:00+00:00,224.899994,225.070007,224.779999,224.990005,27083
2026-05-05 17:15:00+00:00,224.860001,225.320007,224.860001,224.940002,22402
2026-05-05 17:20:00+00:00,224.990005,225.059998,224.899994,225.039993,17011
2026-05-05 17:25:00+00:00,225.000000,225.145004,224.720093,224.815002,28872
2026-05-05 17:30:00+00:00,224.759995,225.210007,224.759995,225.130005,17505
2026-05-05 17:35:00+00:00,225.130005,225.179993,224.639999,224.710007,25635
2026-05-05 17:40:00+00:00,224.705002,224.770004,224.360001,224.360001,19094
2026-05-05 17:45:00+00:00,224.429993,224.429993,224.199997,224.389999,23567
2026-05-05 17:50:00+00:00,224.399994,224.529999,224.279999,224.279999,21214
2026-05-05 17:55:00+00:00,224.365005,224.365005,224.059998,224.059998,18014
2026-05-05 18:00:00+00:00,224.059998,224.294998,223.929199,223.979996,32422
2026-05-05 18:05:00+00:00,223.975006,223.975006,223.660004,223.899994,27422
2026-05-05 18:10:00+00:00,223.839996,224.360001,223.789993,224.330002,23357
2026-05-05 18:15:00+00:00,224.419998,224.610001,224.410095,224.440002,17418
2026-05-05 18:20:00+00:00,224.475006,224.740005,224.400101,224.539993,20123
2026-05-05 18:25:00+00:00,224.485001,224.630005,224.460098,224.574997,15194
2026-05-05 18:30:00+00:00,224.574997,224.629898,224.100006,224.257294,23434
2026-05-05 18:35:00+00:00,224.250000,224.250000,223.945007,224.002502,16484
2026-05-05 18:40:00+00:00,223.919998,224.020004,223.714996,223.769897,18415
2026-05-05 18:45:00+00:00,223.710007,224.115005,223.710007,224.115005,17916
2026-05-05 18:50:00+00:00,224.099594,224.149994,223.964294,223.985001,18347
2026-05-05 18:55:00+00:00,224.050003,224.100006,223.960007,223.960007,21058
2026-05-05 19:00:00+00:00,223.964996,224.149994,223.820007,224.119995,29671
2026-05-05 19:05:00+00:00,224.134995,224.189896,223.910004,223.964996,24595
2026-05-05 19:10:00+00:00,223.951401,224.229996,223.929993,224.149994,26056
2026-05-05 19:15:00+00:00,224.139999,224.570007,224.139999,224.479996,32808
2026-05-05 19:20:00+00:00,224.479996,224.699997,224.470001,224.654999,41079
2026-05-05 19:25:00+00:00,224.660004,224.989899,224.649994,224.770004,47580
2026-05-05 19:30:00+00:00,224.710007,224.940002,224.639999,224.740005,36715
2026-05-05 19:35:00+00:00,224.684998,225.020004,224.684998,224.889999,42646
2026-05-05 19:40:00+00:00,224.925003,224.945007,224.649994,224.710007,51823
2026-05-05 19:45:00+00:00,224.720001,225.190002,224.559998,225.000000,75890
2026-05-05 19:50:00+00:00,224.949997,225.279999,224.770004,224.979996,96732
2026-05-05 19:55:00+00:00,224.960007,225.020004,224.190002,224.449997,226616
2026-05-06 13:30:00+00:00,230.929993,231.940002,229.000000,230.720001,552471
2026-05-06 13:35:00+00:00,230.839996,232.080002,230.320496,231.500000,221606
2026-05-06 13:40:00+00:00,231.419998,231.889999,229.750107,229.955002,102687
2026-05-06 13:45:00+00:00,229.906799,230.179993,229.139999,229.994995,74681
2026-05-06 13:50:00+00:00,229.690002,230.000000,229.050003,229.214996,75868
2026-05-06 13:55:00+00:00,229.320007,229.610001,228.889999,229.610001,86823
2026-05-06 14:00:00+00:00,229.664993,229.664993,229.010498,229.470001,43591
2026-05-06 14:05:00+00:00,229.470001,229.520004,228.399994,228.470001,62356
2026-05-06 14:10:00+00:00,228.514999,228.979996,228.100006,228.910004,48507
2026-05-06 14:15:00+00:00,229.000000,229.729996,228.639999,229.690002,63337
2026-05-06 14:20:00+00:00,229.690002,229.750000,229.279999,229.475006,68305
2026-05-06 14:25:00+00:00,229.449997,229.500000,228.789993,228.875000,54102
2026-05-06 14:30:00+00:00,228.880005,230.109894,228.880005,229.580002,55687
2026-05-06 14:35:00+00:00,229.669998,230.160004,229.610001,229.800003,43107
2026-05-06 14:40:00+00:00,229.820007,230.750000,229.710007,230.649994,103086
2026-05-06 14:45:00+00:00,230.679993,230.679993,230.300003,230.425003,38066
2026-05-06 14:50:00+00:00,230.500000,230.550003,230.250000,230.429993,44545
2026-05-06 14:55:00+00:00,230.500000,231.039993,230.354996,230.800003,80452
2026-05-06 15:00:00+00:00,230.960007,231.250000,230.710007,230.710007,198271
2026-05-06 15:05:00+00:00,230.649994,230.649994,229.809998,229.899994,62624
2026-05-06 15:10:00+00:00,229.899994,230.035095,229.639999,229.940002,59310
2026-05-06 15:15:00+00:00,229.940002,230.050003,229.710007,229.945007,40601
2026-05-06 15:20:00+00:00,230.179993,230.630005,229.960007,230.089996,48037
2026-05-06 15:25:00+00:00,230.334000,230.334000,229.730103,229.990005,67761
2026-05-06 15:30:00+00:00,230.119995,230.770004,229.929993,230.309998,76043
2026-05-06 15:35:00+00:00,230.357498,230.589996,229.100006,229.244995,36762
2026-05-06 15:40:00+00:00,229.110001,229.830002,229.070007,229.315002,85845
2026-05-06 15:45:00+00:00,229.250000,229.600006,229.100098,229.490005,47200
2026-05-06 15:50:00+00:00,229.365005,230.419998,229.365005,230.300003,85537
2026-05-06 15:55:00+00:00,230.179993,230.416000,229.740005,229.759674,33906
2026-05-06 16:00:00+00:00,229.785004,230.100006,229.619995,229.970001,26665
2026-05-06 16:05:00+00:00,229.940002,229.970001,229.610001,229.679993,26920
2026-05-06 16:10:00+00:00,229.625000,229.929993,229.539993,229.779999,26874
2026-05-06 16:15:00+00:00,229.770004,230.082596,229.705002,229.904999,39125
2026-05-06 16:20:00+00:00,229.895004,229.979996,229.731094,229.804993,32129
2026-05-06 16:25:00+00:00,229.839996,229.889893,229.604996,229.729996,26971
2026-05-06 16:30:00+00:00,229.720001,230.100006,229.639999,229.740005,44409
2026-05-06 16:35:00+00:00,229.785004,230.000000,229.720001,229.914993,17471
2026-05-06 16:40:00+00:00,229.830002,229.850006,229.675003,229.720001,14540
2026-05-06 16:45:00+00:00,229.589996,229.679993,229.350006,229.360001,30327
2026-05-06 16:50:00+00:00,229.399994,229.909897,229.309998,229.808395,17383
2026-05-06 16:55:00+00:00,229.679993,229.909897,229.539993,229.740005,28866
2026-05-06 17:00:00+00:00,229.660004,229.899994,229.389999,229.850006,40947
2026-05-06 17:05:00+00:00,229.820007,229.940002,229.570007,229.679993,35038
2026-05-06 17:10:00+00:00,229.610001,229.789902,229.360001,229.419998,22377
2026-05-06 17:15:00+00:00,229.399994,229.410004,229.125000,229.214996,35712
2026-05-06 17:20:00+00:00,229.214996,229.360001,229.089996,229.270004,329812
2026-05-06 17:25:00+00:00,229.294998,229.399994,229.149994,229.399994,22128
2026-05-06 17:30:00+00:00,229.419998,229.589905,229.410004,229.550003,40497
2026-05-06 17:35:00+00:00,229.520004,229.520004,229.130005,229.164993,35869
2026-05-06 17:40:00+00:00,229.169998,229.309998,229.000000,229.264999,21141
2026-05-06 17:45:00+00:00,229.240005,229.380005,229.160004,229.195007,17330
2026-05-06 17:50:00+00:00,229.240005,229.419998,229.140106,229.229996,18323
2026-05-06 17:55:00+00:00,229.259995,229.264999,228.640106,228.660004,32507
2026-05-06 18:00:00+00:00,228.755005,228.820007,228.554092,228.770004,30093
2026-05-06 18:05:00+00:00,228.820007,228.895004,228.470001,228.839996,71787
2026-05-06 18:10:00+00:00,228.860001,229.169998,228.809998,229.020004,37488
2026-05-06 18:15:00+00:00,229.039993,229.610001,229.030106,229.449997,38735
2026-05-06 18:20:00+00:00,229.419998,229.630005,229.410004,229.437302,18659
2026-05-06 18:25:00+00:00,229.470001,229.929993,229.455002,229.929993,36699
2026-05-06 18:30:00+00:00,229.979996,230.229996,229.869995,230.164993,53754
2026-05-06 18:35:00+00:00,230.164993,230.600006,230.133102,230.531403,41893
2026-05-06 18:40:00+00:00,230.600006,230.695007,230.440002,230.464996,34547
2026-05-06 18:45:00+00:00,230.470001,230.479996,229.970001,230.146393,39572
2026-05-06 18:50:00+00:00,230.074997,230.695007,230.074997,230.660004,30846
2026-05-06 18:55:00+00:00,230.684998,230.699997,230.350098,230.520004,55717
2026-05-06 19:00:00+00:00,230.500000,230.649994,230.289993,230.580002,42268
2026-05-06 19:05:00+00:00,230.619003,230.869904,230.414993,230.460007,52838
2026-05-06 19:10:00+00:00,230.490005,230.880005,230.399994,230.679993,51013
2026-05-06 19:15:00+00:00,230.679993,230.699997,230.509995,230.679993,44930
2026-05-06 19:20:00+00:00,230.679993,230.720001,230.240005,230.574997,41147
2026-05-06 19:25:00+00:00,230.559998,230.567993,230.220001,230.259995,39474
2026-05-06 19:30:00+00:00,230.244995,230.359894,229.950104,230.054993,51650
2026-05-06 19:35:00+00:00,230.029999,230.440002,229.980499,230.080002,74604
2026-05-06 19:40:00+00:00,230.080002,230.119995,229.759995,229.794998,52991
2026-05-06 19:45:00+00:00,229.750000,230.029999,229.600006,229.639999,70161
2026-05-06 19:50:00+00:00,229.645004,230.300003,229.645004,230.199997,128118
2026-05-06 19:55:00+00:00,230.229996,230.250000,229.830002,229.899994,303537
2026-05-07 13:30:00+00:00,231.449997,232.119995,230.619995,231.384995,153063
2026-05-07 13:35:00+00:00,231.479996,232.000000,231.080093,231.970001,99407
2026-05-07 13:40:00+00:00,231.805328,232.440002,231.660004,232.309998,83017
2026-05-07 13:45:00+00:00,232.259995,232.580002,230.559998,230.904999,117128
2026-05-07 13:50:00+00:00,230.904999,231.720001,230.104996,230.766998,95569
2026-05-07 13:55:00+00:00,230.592499,231.490005,230.500000,231.490005,57933
2026-05-07 14:00:00+00:00,231.389999,231.395004,229.899994,230.100006,99295
2026-05-07 14:05:00+00:00,230.154999,230.369995,230.000000,230.080002,73343
2026-05-07 14:10:00+00:00,230.139999,230.630005,230.035004,230.520004,93728
2026-05-07 14:15:00+00:00,230.369995,231.149994,230.369995,231.054993,59221
2026-05-07 14:20:00+00:00,231.070007,231.300003,230.679993,231.110001,79149
2026-05-07 14:25:00+00:00,231.080002,231.910004,231.050003,231.740005,61018
2026-05-07 14:30:00+00:00,231.714523,232.449905,231.714523,232.000000,93607
2026-05-07 14:35:00+00:00,231.934998,232.449997,231.494995,232.339996,64374
2026-05-07 14:40:00+00:00,232.320007,232.509995,232.050095,232.270004,53976
2026-05-07 14:45:00+00:00,232.279999,232.889999,232.250000,232.774994,62319
2026-05-07 14:50:00+00:00,232.779999,232.940002,232.300003,232.399994,36155
2026-05-07 14:55:00+00:00,232.384995,232.479996,231.830002,231.875000,61876
2026-05-07 15:00:00+00:00,231.875000,232.189896,231.199997,231.414993,52037
2026-05-07 15:05:00+00:00,231.414993,235.490005,231.089996,235.369995,590499
2026-05-07 15:10:00+00:00,235.410004,236.630005,234.830093,235.199997,626897
2026-05-07 15:15:00+00:00,235.274994,236.598999,234.500000,236.330002,385954
2026-05-07 15:20:00+00:00,236.320007,236.399994,234.679993,235.649994,233407
2026-05-07 15:25:00+00:00,235.649994,235.899994,234.800003,235.320007,153214
2026-05-07 15:30:00+00:00,235.229996,235.910004,235.050095,235.544998,105146
2026-05-07 15:35:00+00:00,235.520004,235.559998,234.309998,234.419998,95154
2026-05-07 15:40:00+00:00,234.399994,234.979904,234.139999,234.460007,60823
2026-05-07 15:45:00+00:00,234.360001,234.574997,233.580093,233.710007,90216
2026-05-07 15:50:00+00:00,233.710007,234.669495,233.630005,234.470001,68324
2026-05-07 15:55:00+00:00,234.570007,234.585007,233.350006,233.570007,95718
2026-05-07 16:00:00+00:00,233.529999,235.199997,233.479996,234.399994,130669
2026-05-07 16:05:00+00:00,234.070007,234.149994,232.990005,233.449997,87110
2026-05-07 16:10:00+00:00,233.449997,233.880005,233.179993,233.710007,45059
2026-05-07 16:15:00+00:00,233.710007,233.720001,231.199997,231.459900,166960
2026-05-07 16:20:00+00:00,231.289993,231.500000,230.220001,231.134995,194082
2026-05-07 16:25:00+00:00,231.130005,231.970993,231.130005,231.500000,63968
2026-05-07 16:30:00+00:00,231.651993,231.651993,230.900101,231.070007,50959
2026-05-07 16:35:00+00:00,231.070007,231.179993,230.679993,230.809998,49196
2026-05-07 16:40:00+00:00,230.867493,231.479996,230.830002,231.479996,39869
2026-05-07 16:45:00+00:00,231.449997,231.839996,231.300003,231.410004,68924
2026-05-07 16:50:00+00:00,231.520004,231.589996,231.000000,231.220001,49786
2026-05-07 16:55:00+00:00,231.250000,231.539993,230.679993,231.429993,82040
2026-05-07 17:00:00+00:00,231.429993,231.449997,231.110001,231.285004,40471
2026-05-07 17:05:00+00:00,231.285004,232.160004,231.285004,231.649994,58628
2026-05-07 17:10:00+00:00,231.740005,231.789902,231.100006,231.195007,30239
2026-05-07 17:15:00+00:00,231.195007,231.279999,230.729996,231.149994,56272
2026-05-07 17:20:00+00:00,230.949997,231.889999,230.919998,231.809998,38524
2026-05-07 17:25:00+00:00,231.815002,231.979996,230.669998,231.014999,45399
2026-05-07 17:30:00+00:00,231.009995,231.384995,230.660004,231.199997,53710
2026-05-07 17:35:00+00:00,231.149994,231.708099,230.964996,231.552002,49317
2026-05-07 17:40:00+00:00,231.470001,232.000000,231.089996,231.110001,53823
2026-05-07 17:45:00+00:00,231.110001,231.205002,230.840103,231.050003,20135
2026-05-07 17:50:00+00:00,231.029999,231.240005,230.570007,230.820007,33666
2026-05-07 17:55:00+00:00,230.929993,231.529907,230.872498,231.399994,26985
2026-05-07 18:00:00+00:00,231.479996,231.669998,230.929993,231.500000,28117
2026-05-07 18:05:00+00:00,231.630005,231.630005,231.115005,231.207001,39368
2026-05-07 18:10:00+00:00,231.115005,231.789993,230.600006,231.649994,67366
2026-05-07 18:15:00+00:00,231.565002,232.160004,231.535004,231.990005,49934
2026-05-07 18:20:00+00:00,232.059998,232.130005,230.809998,230.809998,47273
2026-05-07 18:25:00+00:00,230.720001,230.975006,230.460007,230.639999,44962
2026-05-07 18:30:00+00:00,230.679993,230.895004,230.470001,230.529999,36801
2026-05-07 18:35:00+00:00,230.570007,230.764999,230.190002,230.455002,45199
2026-05-07 18:40:00+00:00,230.421097,230.720001,230.149994,230.240005,54778
2026-05-07 18:45:00+00:00,230.300003,230.300003,229.600006,230.149994,86221
2026-05-07 18:50:00+00:00,230.100006,230.380005,229.750000,230.289993,30584
2026-05-07 18:55:00+00:00,230.220001,230.699997,230.169998,230.520096,35524
2026-05-07 19:00:00+00:00,230.699997,230.929993,230.559998,230.669998,32027
2026-05-07 19:05:00+00:00,230.619995,230.619995,230.089996,230.270004,47431
2026-05-07 19:10:00+00:00,230.270004,230.830002,230.169998,230.330002,39756
2026-05-07 19:15:00+00:00,230.244995,230.399994,230.110001,230.300003,34614
2026-05-07 19:20:00+00:00,230.270004,230.467896,230.119995,230.119995,38930
2026-05-07 19:25:00+00:00,230.149994,230.360001,229.899994,230.035004,259251
2026-05-07 19:30:00+00:00,229.990005,230.429993,229.770004,230.080002,99342
2026-05-07 19:35:00+00:00,230.080002,230.410004,229.960007,230.169998,47318
2026-05-07 19:40:00+00:00,230.220001,230.350006,230.033798,230.095001,37464
2026-05-07 19:45:00+00:00,230.095001,230.460007,229.979996,230.309296,212631
2026-05-07 19:50:00+00:00,230.309998,230.789993,230.210007,230.634995,0
2026-05-07 19:55:00+00:00,230.600006,231.190002,230.580002,231.039993,303807
2026-05-08 13:30:00+00:00,233.800003,235.869995,232.759995,233.309998,306942
2026-05-08 13:35:00+00:00,233.330002,233.850006,231.750000,232.289902,100126
2026-05-08 13:40:00+00:00,231.998413,232.845001,231.809998,232.380005,100852
2026-05-08 13:45:00+00:00,232.470001,232.944305,232.139999,232.944305,50586
2026-05-08 13:50:00+00:00,232.960007,233.899994,232.789993,232.800003,123385
2026-05-08 13:55:00+00:00,232.820099,233.080002,232.395004,232.914993,65683
2026-05-08 14:00:00+00:00,232.990005,233.490005,232.250000,233.175003,57920
2026-05-08 14:05:00+00:00,233.020004,234.100006,233.020004,233.869995,64692
2026-05-08 14:10:00+00:00,233.865005,234.610001,233.649994,234.610001,75403
2026-05-08 14:15:00+00:00,234.660004,235.565002,234.520004,235.330002,159657
2026-05-08 14:20:00+00:00,235.330002,236.440002,234.830002,236.235001,225821
2026-05-08 14:25:00+00:00,236.225006,236.500000,235.540298,235.561493,168784
2026-05-08 14:30:00+00:00,235.604996,237.149994,235.250000,237.000000,221402
2026-05-08 14:35:00+00:00,237.020004,238.050003,236.839996,237.690002,230570
2026-05-08 14:40:00+00:00,237.809998,237.949997,237.190002,237.880005,99343
2026-05-08 14:45:00+00:00,237.854996,238.380005,237.282196,237.830002,135017
2026-05-08 14:50:00+00:00,237.830002,238.535004,237.589996,238.149994,226906
2026-05-08 14:55:00+00:00,238.160004,238.225403,237.529999,238.100006,65285
2026-05-08 15:00:00+00:00,238.130005,238.270004,237.370102,237.800003,64409
2026-05-08 15:05:00+00:00,237.789993,237.960007,236.990005,236.990005,52649
2026-05-08 15:10:00+00:00,237.044998,237.044998,236.030807,236.110001,137571
2026-05-08 15:15:00+00:00,236.177505,236.315002,235.923004,236.141006,53079
2026-05-08 15:20:00+00:00,236.225006,236.809998,236.024704,236.085007,154626
2026-05-08 15:25:00+00:00,236.032898,236.419998,235.899994,236.100006,37067
2026-05-08 15:30:00+00:00,236.039703,236.610001,235.679993,236.494995,65083
2026-05-08 15:35:00+00:00,236.494995,236.809906,236.115005,236.528595,51606
2026-05-08 15:40:00+00:00,236.600006,236.600006,235.699997,235.764999,37038
2026-05-08 15:45:00+00:00,235.802994,236.669998,235.750000,236.410004,28927
2026-05-08 15:50:00+00:00,236.535004,236.699997,236.320007,236.550003,33641
2026-05-08 15:55:00+00:00,236.550003,237.161697,236.470001,237.149902,55418
2026-05-08 16:00:00+00:00,237.179993,237.410004,237.160004,237.160004,46269
2026-05-08 16:05:00+00:00,237.169998,237.410004,237.119995,237.300003,28514
2026-05-08 16:10:00+00:00,237.410004,237.410004,236.729996,236.910004,34407
2026-05-08 16:15:00+00:00,236.934998,237.270004,236.934998,237.095001,67263
2026-05-08 16:20:00+00:00,237.095001,237.210007,236.740005,236.800003,35106
2026-05-08 16:25:00+00:00,236.800003,237.179993,236.800003,236.940002,27767
2026-05-08 16:30:00+00:00,236.940002,237.134995,236.740005,237.134995,26697
2026-05-08 16:35:00+00:00,237.074997,237.470001,236.990005,237.000000,36961
2026-05-08 16:40:00+00:00,237.029999,237.304993,236.679993,236.720001,151699
2026-05-08 16:45:00+00:00,236.679993,237.580002,236.679993,237.360001,151153
2026-05-08 16:50:00+00:00,237.369995,237.710007,237.369598,237.516602,41226
2026-05-08 16:55:00+00:00,237.539993,237.699997,237.240005,237.380005,55467
2026-05-08 17:00:00+00:00,237.399994,237.595001,237.148804,237.550003,74124
2026-05-08 17:05:00+00:00,237.550003,237.899994,237.179993,237.179993,43182
2026-05-08 17:10:00+00:00,237.030106,237.429993,236.759995,236.820007,40898
2026-05-08 17:15:00+00:00,236.820007,237.300003,236.820007,237.244995,28022
2026-05-08 17:20:00+00:00,237.299896,237.389999,237.110001,237.199402,36254
2026-05-08 17:25:00+00:00,237.330002,237.389999,237.070007,237.125000,27730
2026-05-08 17:30:00+00:00,237.179901,237.179901,236.770004,236.865005,35491
2026-05-08 17:35:00+00:00,236.869995,236.893997,236.410004,236.410004,34105
2026-05-08 17:40:00+00:00,236.509995,236.679993,236.350006,236.554993,25325
2026-05-08 17:45:00+00:00,236.610001,236.625000,236.179993,236.455002,28068
2026-05-08 17:50:00+00:00,236.455002,236.485001,236.224503,236.279999,22444
2026-05-08 17:55:00+00:00,236.279999,236.460007,236.248001,236.460007,24275
2026-05-08 18:00:00+00:00,236.389999,236.649994,236.190002,236.449997,35289
2026-05-08 18:05:00+00:00,236.449997,236.485001,236.300003,236.360001,19486
2026-05-08 18:10:00+00:00,236.399994,236.410004,236.160004,236.324997,28819
2026-05-08 18:15:00+00:00,236.324997,236.470001,236.210007,236.279999,25623
2026-05-08 18:20:00+00:00,236.279999,236.349899,235.800003,235.884995,34318
2026-05-08 18:25:00+00:00,235.845001,236.585007,235.845001,236.330002,40894
2026-05-08 18:30:00+00:00,236.270096,236.449997,236.169998,236.190002,31555
2026-05-08 18:35:00+00:00,236.229996,236.389999,236.070007,236.259995,21061
2026-05-08 18:40:00+00:00,236.229996,236.630005,236.080002,236.080002,61466
2026-05-08 18:45:00+00:00,236.020004,236.199997,235.699997,235.794998,53584
2026-05-08 18:50:00+00:00,235.789993,235.945007,235.679993,235.789993,47905
2026-05-08 18:55:00+00:00,235.785004,236.270004,235.679993,236.240005,64086
2026-05-08 19:00:00+00:00,236.289993,236.509995,236.100006,236.350403,26003
2026-05-08 19:05:00+00:00,236.210007,236.619995,236.145004,236.619995,42900
2026-05-08 19:10:00+00:00,236.550003,236.899994,236.490005,236.550003,54441
2026-05-08 19:15:00+00:00,236.544998,236.740005,236.450104,236.679993,42605
2026-05-08 19:20:00+00:00,236.630005,236.949997,236.540100,236.809998,55194
2026-05-08 19:25:00+00:00,236.804993,236.990005,236.679993,236.735001,70724
2026-05-08 19:30:00+00:00,236.677002,237.009995,236.619995,236.669998,76165
2026-05-08 19:35:00+00:00,236.589996,236.729904,236.294998,236.304993,65555
2026-05-08 19:40:00+00:00,236.199997,236.770004,235.899994,236.770004,66251
2026-05-08 19:45:00+00:00,236.669998,237.300003,236.610001,237.220001,159338
2026-05-08 19:50:00+00:00,237.279999,237.899994,237.050003,237.899994,245638
2026-05-08 19:55:00+00:00,237.850006,237.949997,237.330002,237.389999,548620
2026-05-11 13:30:00+00:00,239.440002,239.889999,238.240005,238.985001,405377
2026-05-11 13:35:00+00:00,239.169907,239.440002,238.380005,238.642502,139172
2026-05-11 13:40:00+00:00,238.563690,238.589996,236.725006,236.820007,114468
2026-05-11 13:45:00+00:00,236.820007,237.710007,236.720001,237.399994,118666
2026-05-11 13:50:00+00:00,237.399994,238.239899,237.255005,237.639999,85198
2026-05-11 13:55:00+00:00,237.639999,237.699997,236.660095,237.210007,79883
2026-05-11 14:00:00+00:00,237.199997,237.460007,236.660004,236.830002,90498
2026-05-11 14:05:00+00:00,236.820007,237.065002,236.520004,236.854996,115219
2026-05-11 14:10:00+00:00,236.770004,237.369995,236.699997,237.050003,63241
2026-05-11 14:15:00+00:00,237.220001,238.679993,237.110001,238.300003,75461
2026-05-11 14:20:00+00:00,238.360001,239.565002,237.970001,239.100006,208483
2026-05-11 14:25:00+00:00,239.000000,239.500000,238.149994,238.427994,89020
2026-05-11 14:30:00+00:00,238.289993,238.869995,237.979996,238.514999,53740
2026-05-11 14:35:00+00:00,238.514999,238.839996,238.370102,238.509995,55902
2026-05-11 14:40:00+00:00,238.970001,239.449997,238.520004,239.214996,60849
2026-05-11 14:45:00+00:00,239.214996,240.235001,238.630005,238.699997,185757
2026-05-11 14:50:00+00:00,238.710007,239.729904,238.645493,239.089996,94657
2026-05-11 14:55:00+00:00,239.130005,239.250000,238.539993,239.070007,62617
2026-05-11 15:00:00+00:00,239.110001,239.750000,239.104996,239.384995,77338
2026-05-11 15:05:00+00:00,239.384995,239.880005,239.340103,239.580002,52798
2026-05-11 15:10:00+00:00,239.509995,239.735001,239.419998,239.475006,63562
2026-05-11 15:15:00+00:00,239.419998,240.990005,239.380005,240.759995,116121
2026-05-11 15:20:00+00:00,240.750000,241.169998,240.300003,240.335007,333903
2026-05-11 15:25:00+00:00,240.229996,240.429993,239.870102,240.239502,128553
2026-05-11 15:30:00+00:00,240.229996,240.740005,240.179993,240.500000,44797
2026-05-11 15:35:00+00:00,240.529999,240.882599,240.349106,240.610001,42961
2026-05-11 15:40:00+00:00,240.554993,240.949997,240.300003,240.699997,69512
2026-05-11 15:45:00+00:00,240.699997,240.710007,240.500000,240.619995,49023
2026-05-11 15:50:00+00:00,240.470001,240.800003,240.290100,240.509995,35588
2026-05-11 15:55:00+00:00,240.509995,240.809998,240.410004,240.759995,32941
2026-05-11 16:00:00+00:00,240.690002,241.210007,240.625000,240.764999,64148
2026-05-11 16:05:00+00:00,240.789993,241.000000,240.526993,240.755005,56073
2026-05-11 16:10:00+00:00,240.690002,240.759903,240.440002,240.470093,31044
2026-05-11 16:15:00+00:00,240.464996,240.619995,240.339996,240.440094,34114
2026-05-11 16:20:00+00:00,240.520004,240.589996,240.179993,240.270004,35905
2026-05-11 16:25:00+00:00,240.399994,240.399994,240.070007,240.070007,37197
2026-05-11 16:30:00+00:00,240.029999,240.485001,240.000000,240.375000,39560
2026-05-11 16:35:00+00:00,240.384995,240.500000,240.220001,240.350006,39882
2026-05-11 16:40:00+00:00,240.350006,240.419998,239.440002,239.669998,87334
2026-05-11 16:45:00+00:00,239.679993,240.160004,239.419998,240.115005,53123
2026-05-11 16:50:00+00:00,240.229996,240.279999,239.389999,240.070007,40626
2026-05-11 16:55:00+00:00,240.070007,240.202606,239.869995,240.125000,22331
2026-05-11 17:00:00+00:00,240.190002,240.360001,239.782104,239.990005,42692
2026-05-11 17:05:00+00:00,239.990005,240.070007,239.779999,239.800003,20923
2026-05-11 17:10:00+00:00,239.880005,240.079803,239.809998,239.979996,32982
2026-05-11 17:15:00+00:00,239.874207,239.990005,239.660004,239.690002,44848
2026-05-11 17:20:00+00:00,239.649994,239.800003,239.440002,239.729996,34440
2026-05-11 17:25:00+00:00,239.740005,240.009995,239.649994,240.000000,14401
2026-05-11 17:30:00+00:00,240.100006,240.149994,239.660004,239.750000,59178
2026-05-11 17:35:00+00:00,239.725006,239.904999,239.710007,239.785995,32708
2026-05-11 17:40:00+00:00,239.794998,239.964996,239.720001,239.914993,30217
2026-05-11 17:45:00+00:00,239.860001,240.149994,239.720001,240.100006,40305
2026-05-11 17:50:00+00:00,240.100006,240.149994,239.300003,239.369995,75004
2026-05-11 17:55:00+00:00,239.369995,239.740005,239.289993,239.727493,22778
2026-05-11 18:00:00+00:00,239.750000,239.759995,239.509995,239.570007,23530
2026-05-11 18:05:00+00:00,239.535004,239.535004,239.251007,239.449997,30823
2026-05-11 18:10:00+00:00,239.253296,239.449997,239.201004,239.404999,22554
2026-05-11 18:15:00+00:00,239.440002,239.679993,239.410004,239.535004,27455
2026-05-11 18:20:00+00:00,239.500000,239.800003,239.350098,239.585007,30030
2026-05-11 18:25:00+00:00,239.520004,239.619995,239.320007,239.354996,39359
2026-05-11 18:30:00+00:00,239.354996,239.550003,239.309998,239.550003,21435
2026-05-11 18:35:00+00:00,239.440002,239.589996,239.330002,239.429993,32071
2026-05-11 18:40:00+00:00,239.509995,239.699997,239.479996,239.681396,42438
2026-05-11 18:45:00+00:00,239.699997,239.979996,239.479996,239.479996,45767
2026-05-11 18:50:00+00:00,239.490005,239.569901,239.300003,239.410004,23868
2026-05-11 18:55:00+00:00,239.499893,239.499893,239.110199,239.255005,33594
2026-05-11 19:00:00+00:00,239.320007,239.500000,239.160095,239.250000,40151
2026-05-11 19:05:00+00:00,239.250000,239.649994,239.204498,239.610001,22815
2026-05-11 19:10:00+00:00,239.649994,239.990005,239.619995,239.850006,36214
2026-05-11 19:15:00+00:00,239.850006,239.979996,239.824997,239.860001,31262
2026-05-11 19:20:00+00:00,239.880005,240.000000,239.789993,239.955002,28958
2026-05-11 19:25:00+00:00,239.955002,239.955002,239.169998,239.169998,56219
2026-05-11 19:30:00+00:00,239.220001,239.270004,238.955002,239.032272,51852
2026-05-11 19:35:00+00:00,239.050003,239.050003,238.690002,238.800003,36671
2026-05-11 19:40:00+00:00,238.774994,238.774994,238.190002,238.190002,58396
2026-05-11 19:45:00+00:00,238.240005,238.365005,237.839996,238.000000,105321
2026-05-11 19:50:00+00:00,238.000000,238.029999,237.785004,237.884995,110937
2026-05-11 19:55:00+00:00,237.910004,238.529999,237.872498,238.309998,266558
2026-05-12 13:30:00+00:00,239.000000,239.020004,235.600006,236.199997,459981
2026-05-12 13:35:00+00:00,236.225006,236.789902,235.949997,236.309998,114689
2026-05-12 13:40:00+00:00,236.315231,236.360001,234.710007,234.774994,255543
2026-05-12 13:45:00+00:00,234.774994,235.259995,234.110001,234.619995,116364
2026-05-12 13:50:00+00:00,234.699997,235.050003,234.000000,234.220001,112445
2026-05-12 13:55:00+00:00,234.270004,234.339996,233.649994,233.789993,95368
2026-05-12 14:00:00+00:00,233.860001,234.029999,233.184799,233.358093,87946
2026-05-12 14:05:00+00:00,233.470001,234.695694,233.399994,234.580002,81211
2026-05-12 14:10:00+00:00,234.600006,234.740005,234.059998,234.214996,75126
2026-05-12 14:15:00+00:00,234.279999,234.279999,233.270004,233.434998,87912
2026-05-12 14:20:00+00:00,233.440002,233.440002,232.000397,232.210007,179494
2026-05-12 14:25:00+00:00,232.160004,232.619995,231.955002,232.440094,80955
2026-05-12 14:30:00+00:00,232.524994,232.580002,231.419998,231.990005,115764
2026-05-12 14:35:00+00:00,231.949997,232.690002,231.584503,232.690002,89149
2026-05-12 14:40:00+00:00,232.824997,233.029999,232.619995,232.845001,85653
2026-05-12 14:45:00+00:00,232.839996,232.919998,232.335007,232.800003,65938
2026-05-12 14:50:00+00:00,232.800003,232.800003,232.115005,232.669998,84368
2026-05-12 14:55:00+00:00,232.589996,233.039993,232.339996,232.585007,111736
2026-05-12 15:00:00+00:00,232.585007,232.690002,232.190002,232.520004,84360
2026-05-12 15:05:00+00:00,232.520004,233.835007,232.419998,232.960007,211847
2026-05-12 15:10:00+00:00,233.000000,233.000000,232.145004,232.259995,118793
2026-05-12 15:15:00+00:00,232.250000,232.459900,231.110001,231.445007,173099
2026-05-12 15:20:00+00:00,231.440002,231.639999,231.279999,231.309998,70863
2026-05-12 15:25:00+00:00,231.360001,231.710007,231.250000,231.630005,49533
2026-05-12 15:30:00+00:00,231.789993,232.449997,231.779999,231.949997,66487
2026-05-12 15:35:00+00:00,232.014999,232.639999,231.830994,232.440002,101852
2026-05-12 15:40:00+00:00,232.470001,233.225006,232.360001,233.169998,89835
2026-05-12 15:45:00+00:00,233.250000,233.250000,232.500000,232.559998,38609
2026-05-12 15:50:00+00:00,232.550003,232.699997,232.399994,232.570007,39658
2026-05-12 15:55:00+00:00,232.570007,232.570007,232.250000,232.440002,49906
2026-05-12 16:00:00+00:00,232.440002,233.470001,232.289993,233.380005,116904
2026-05-12 16:05:00+00:00,233.309998,233.649994,233.179993,233.190002,56185
2026-05-12 16:10:00+00:00,233.250000,234.009995,233.250000,234.009995,64016
2026-05-12 16:15:00+00:00,234.005005,234.229996,233.580002,233.880005,53233
2026-05-12 16:20:00+00:00,233.830002,234.089996,233.434998,233.529999,95398
2026-05-12 16:25:00+00:00,233.539993,233.669998,233.419998,233.639999,30151
2026-05-12 16:30:00+00:00,233.514206,233.729996,233.360107,233.500000,98191
2026-05-12 16:35:00+00:00,233.639008,233.859894,233.410004,233.625000,44778
2026-05-12 16:40:00+00:00,233.639999,233.809998,233.339996,233.389999,46731
2026-05-12 16:45:00+00:00,233.470001,233.479996,233.000107,233.300003,51905
2026-05-12 16:50:00+00:00,233.210007,233.570007,233.210007,233.490005,28798
2026-05-12 16:55:00+00:00,233.455002,233.639999,233.389999,233.600006,24062
2026-05-12 17:00:00+00:00,233.544998,234.179993,233.544998,233.879593,40726
2026-05-12 17:05:00+00:00,234.000000,234.089996,233.240005,233.309998,72868
2026-05-12 17:10:00+00:00,233.380005,233.479904,233.149994,233.205994,34312
2026-05-12 17:15:00+00:00,233.220001,234.100006,233.149994,233.835007,55777
2026-05-12 17:20:00+00:00,233.835007,234.130005,233.729996,234.050003,34137
2026-05-12 17:25:00+00:00,234.029999,234.229996,233.899994,234.220001,59807
2026-05-12 17:30:00+00:00,234.160004,234.604996,234.160004,234.274994,73837
2026-05-12 17:35:00+00:00,234.274994,234.639999,234.192505,234.380005,40820
2026-05-12 17:40:00+00:00,234.320007,234.470001,234.119995,234.380005,31930
2026-05-12 17:45:00+00:00,234.335007,234.449997,233.850006,233.970001,45655
2026-05-12 17:50:00+00:00,233.899994,234.059998,233.850006,234.029999,27852
2026-05-12 17:55:00+00:00,234.009995,234.050003,233.779999,233.919998,40487
2026-05-12 18:00:00+00:00,233.919998,234.179993,233.914993,233.990005,33204
2026-05-12 18:05:00+00:00,233.985001,234.199905,233.750000,233.820007,77218
2026-05-12 18:10:00+00:00,233.857803,234.189102,233.770004,234.000000,21302
2026-05-12 18:15:00+00:00,234.059998,234.809998,233.975006,234.759995,39688
2026-05-12 18:20:00+00:00,234.766098,234.929901,234.639999,234.845001,50182
2026-05-12 18:25:00+00:00,234.830002,235.039993,234.699997,234.699997,50875
2026-05-12 18:30:00+00:00,234.789993,235.350006,234.699997,235.240005,74465
2026-05-12 18:35:00+00:00,235.179993,235.299896,235.000107,235.070007,34084
2026-05-12 18:40:00+00:00,235.000000,235.160004,234.889999,235.065002,47164
2026-05-12 18:45:00+00:00,235.000000,235.550003,234.949997,235.425003,36518
2026-05-12 18:50:00+00:00,235.425003,236.945007,235.309998,236.630005,106837
2026-05-12 18:55:00+00:00,236.678207,236.949997,236.570007,236.649994,72981
2026-05-12 19:00:00+00:00,236.649994,237.048996,236.645004,237.009995,64594
2026-05-12 19:05:00+00:00,237.014999,237.119995,236.779114,237.014999,56906
2026-05-12 19:10:00+00:00,236.945007,237.270004,236.649994,236.750000,60100
2026-05-12 19:15:00+00:00,236.714996,236.969894,236.449997,236.535004,37883
2026-05-12 19:20:00+00:00,236.535004,236.759995,236.330002,236.494995,57399
2026-05-12 19:25:00+00:00,236.539993,236.699997,236.490005,236.649994,34634
2026-05-12 19:30:00+00:00,236.615005,236.919998,236.600006,236.779999,68440
2026-05-12 19:35:00+00:00,236.835007,236.910004,236.710007,236.899994,40306
2026-05-12 19:40:00+00:00,236.880005,237.089996,236.809998,237.054993,39129
2026-05-12 19:45:00+00:00,237.089005,237.320007,237.050003,237.256531,63770
2026-05-12 19:50:00+00:00,237.244995,237.360001,236.875000,237.199997,91729
2026-05-12 19:55:00+00:00,237.210007,237.500000,236.860001,236.869995,256416
2026-05-13 13:30:00+00:00,237.229996,238.500000,236.600006,236.679993,418414
2026-05-13 13:35:00+00:00,236.690002,236.979996,234.429993,234.449997,128470
2026-05-13 13:40:00+00:00,234.446777,235.039993,234.399994,234.695007,130290
2026-05-13 13:45:00+00:00,234.669998,235.029999,234.500000,234.630005,90939
2026-05-13 13:50:00+00:00,234.630005,235.559998,234.550003,235.259995,95323
2026-05-13 13:55:00+00:00,235.240005,235.679993,235.070007,235.350006,76905
2026-05-13 14:00:00+00:00,235.524994,236.179993,235.350006,235.800003,87811
2026-05-13 14:05:00+00:00,235.710007,236.946793,235.621994,236.820007,65089
2026-05-13 14:10:00+00:00,236.800003,237.600006,236.800003,237.450104,73804
2026-05-13 14:15:00+00:00,237.660004,237.720001,237.199997,237.580002,56501
2026-05-13 14:20:00+00:00,237.535004,238.479996,237.535004,238.309998,89456
2026-05-13 14:25:00+00:00,238.459900,238.880005,238.169998,238.410004,99220
2026-05-13 14:30:00+00:00,238.309998,239.350006,238.009995,238.742004,79946
2026-05-13 14:35:00+00:00,238.829895,238.970001,238.050003,238.119995,48477
2026-05-13 14:40:00+00:00,238.169998,238.589996,238.169998,238.414993,39767
2026-05-13 14:45:00+00:00,238.459900,238.459900,238.050095,238.119995,36273
2026-05-13 14:50:00+00:00,238.104996,238.419998,238.100006,238.321991,41675
2026-05-13 14:55:00+00:00,238.264496,238.500000,237.850006,237.910004,104839
2026-05-13 15:00:00+00:00,237.950104,238.669998,237.950104,238.089996,43545
2026-05-13 15:05:00+00:00,238.089996,238.220001,237.639999,238.009995,43731
2026-05-13 15:10:00+00:00,238.035004,239.500000,238.035004,239.095001,95625
2026-05-13 15:15:00+00:00,239.229904,240.154999,239.000107,240.009995,164629
2026-05-13 15:20:00+00:00,240.070007,240.570007,239.899994,240.339996,73288
2026-05-13 15:25:00+00:00,240.315002,240.979904,240.210098,240.899994,69630
2026-05-13 15:30:00+00:00,240.929993,241.429993,240.929993,241.375000,128631
2026-05-13 15:35:00+00:00,241.354996,242.250000,241.330002,241.899994,165486
2026-05-13 15:40:00+00:00,241.970001,242.270004,241.670105,241.910004,109926
2026-05-13 15:45:00+00:00,241.904999,242.000000,241.191406,241.539993,76659
2026-05-13 15:50:00+00:00,241.522797,242.000000,240.919998,241.940002,93038
2026-05-13 15:55:00+00:00,241.940002,242.250000,240.410004,240.470001,148518
2026-05-13 16:00:00+00:00,240.410004,240.550003,239.949997,239.955002,115897
2026-05-13 16:05:00+00:00,239.934998,240.029999,239.610001,240.009995,47060
2026-05-13 16:10:00+00:00,239.889999,240.499893,239.869995,240.389999,46959
2026-05-13 16:15:00+00:00,240.345001,240.929993,240.345001,240.714996,47176
2026-05-13 16:20:00+00:00,240.714996,241.221802,240.690002,241.059998,37035
2026-05-13 16:25:00+00:00,240.990005,241.100006,240.500000,240.580002,31943
2026-05-13 16:30:00+00:00,240.556091,240.979996,240.550003,240.770004,40860
2026-05-13 16:35:00+00:00,240.735001,241.604996,240.729996,241.520004,73199
2026-05-13 16:40:00+00:00,241.460007,241.889999,241.380005,241.695007,39033
2026-05-13 16:45:00+00:00,241.707962,241.744095,241.010101,241.190002,42998
2026-05-13 16:50:00+00:00,241.125000,241.389999,240.910004,241.009003,33550
2026-05-13 16:55:00+00:00,241.009995,241.210007,240.750000,240.979996,26341
2026-05-13 17:00:00+00:00,240.959900,241.559998,240.759995,241.300003,68311
2026-05-13 17:05:00+00:00,241.289993,241.449997,241.095001,241.205002,38368
2026-05-13 17:10:00+00:00,241.162201,241.250000,240.520004,240.767502,56718
2026-05-13 17:15:00+00:00,240.699997,240.729996,240.120102,240.175003,47614
2026-05-13 17:20:00+00:00,240.169998,240.419998,240.089996,240.119995,34863
2026-05-13 17:25:00+00:00,240.160004,240.529999,240.059998,240.074997,58306
2026-05-13 17:30:00+00:00,240.080002,240.080002,239.800003,239.889999,105192
2026-05-13 17:35:00+00:00,239.850006,240.470001,239.850006,240.354996,58341
2026-05-13 17:40:00+00:00,240.320007,241.050003,240.274994,240.559998,118224
2026-05-13 17:45:00+00:00,240.500000,241.000000,240.210007,240.315002,78847
2026-05-13 17:50:00+00:00,240.315002,241.199997,240.309998,241.089996,66540
2026-05-13 17:55:00+00:00,241.190994,241.500000,240.190002,240.190002,78107
2026-05-13 18:00:00+00:00,240.190002,240.259995,239.639999,239.799896,149910
2026-05-13 18:05:00+00:00,239.729996,240.529999,239.550003,240.491501,56965
2026-05-13 18:10:00+00:00,240.485001,240.559998,239.865005,240.425003,39114
2026-05-13 18:15:00+00:00,240.429153,240.550003,240.149994,240.389999,54808
2026-05-13 18:20:00+00:00,240.300003,241.179993,240.300003,240.940002,147743
2026-05-13 18:25:00+00:00,240.990005,241.360001,240.945007,240.945007,67894
2026-05-13 18:30:00+00:00,240.945007,241.070007,240.315002,240.335007,64862
2026-05-13 18:35:00+00:00,240.300003,240.539993,240.115005,240.115005,47384
2026-05-13 18:40:00+00:00,240.050003,240.470001,239.979996,239.990005,157201
2026-05-13 18:45:00+00:00,239.889999,240.279999,239.776306,240.041504,56240
2026-05-13 18:50:00+00:00,240.100006,240.280930,239.949997,240.050003,43999
2026-05-13 18:55:00+00:00,240.139999,240.404999,239.865005,240.166901,55066
2026-05-13 19:00:00+00:00,240.229996,240.835007,240.229996,240.750000,42825
2026-05-13 19:05:00+00:00,240.839996,241.000000,240.628998,240.919998,48417
2026-05-13 19:10:00+00:00,240.824997,240.940002,240.751007,240.830002,35697
2026-05-13 19:15:00+00:00,240.779999,241.000000,240.480103,240.955002,61297
2026-05-13 19:20:00+00:00,240.970001,241.000000,240.580002,240.649994,49524
2026-05-13 19:25:00+00:00,240.649994,240.979996,240.625000,240.710007,105786
2026-05-13 19:30:00+00:00,240.639999,240.979996,240.639999,240.690002,65888
2026-05-13 19:35:00+00:00,240.740005,241.257996,240.649994,241.220001,89044
2026-05-13 19:40:00+00:00,241.244995,241.269897,241.050003,241.210007,81378
2026-05-13 19:45:00+00:00,241.220001,241.360001,240.880005,241.044998,106482
2026-05-13 19:50:00+00:00,241.042496,241.044998,240.589996,240.759995,116674
2026-05-13 19:55:00+00:00,240.729996,240.755005,240.259995,240.639999,319213
2026-05-14 13:30:00+00:00,243.520004,244.070007,239.169998,239.169998,667130
2026-05-14 13:35:00+00:00,239.250000,239.845901,238.130005,239.289993,247412
2026-05-14 13:40:00+00:00,239.179993,239.550003,236.070007,236.779907,311508
2026-05-14 13:45:00+00:00,236.675003,236.749893,233.630005,234.000000,560301
2026-05-14 13:50:00+00:00,233.869995,234.149994,232.089996,233.119995,537116
2026-05-14 13:55:00+00:00,233.035004,233.369995,232.029999,232.334503,316918
2026-05-14 14:00:00+00:00,232.425003,234.294998,232.089996,233.951797,319723
2026-05-14 14:05:00+00:00,234.029999,234.410004,233.330994,234.020004,190076
2026-05-14 14:10:00+00:00,234.009995,234.289001,232.410004,232.669998,254919
2026-05-14 14:15:00+00:00,232.660004,232.944107,232.119995,232.649994,243459
2026-05-14 14:20:00+00:00,232.660004,233.365005,231.560104,231.610001,259484
2026-05-14 14:25:00+00:00,231.664993,232.029999,231.080002,231.990005,182334
2026-05-14 14:30:00+00:00,232.000000,232.699905,231.660004,232.425003,156468
2026-05-14 14:35:00+00:00,232.425003,233.360001,232.259995,232.580002,195234
2026-05-14 14:40:00+00:00,232.580002,232.878799,232.250000,232.440002,103814
2026-05-14 14:45:00+00:00,232.460007,232.850006,232.184998,232.690002,112517
2026-05-14 14:50:00+00:00,232.800003,234.460007,232.760101,234.429993,177283
2026-05-14 14:55:00+00:00,234.395004,235.179993,234.080093,234.960007,175540
2026-05-14 15:00:00+00:00,234.960007,235.580002,234.710007,235.354004,190880
2026-05-14 15:05:00+00:00,235.315002,236.270004,235.250107,235.479996,153803
2026-05-14 15:10:00+00:00,235.524994,235.570007,235.050003,235.509995,87135
2026-05-14 15:15:00+00:00,235.529999,236.190002,235.320007,235.570007,91911
2026-05-14 15:20:00+00:00,235.623001,235.789993,232.550003,232.699997,186645
2026-05-14 15:25:00+00:00,232.570007,232.789993,229.860001,230.655106,449460
2026-05-14 15:30:00+00:00,230.600006,231.849899,230.190002,230.889999,226528
2026-05-14 15:35:00+00:00,230.895004,231.690002,230.710007,231.294998,145308
2026-05-14 15:40:00+00:00,231.250000,231.869904,231.149994,231.645004,130883
2026-05-14 15:45:00+00:00,231.649994,231.839996,231.009995,231.255005,114782
2026-05-14 15:50:00+00:00,231.255005,231.339996,227.500000,228.949997,627009
2026-05-14 15:55:00+00:00,228.979996,231.789902,228.410004,229.270004,928329
2026-05-14 16:00:00+00:00,229.279999,231.440002,229.220001,230.229996,461256
2026-05-14 16:05:00+00:00,230.229996,230.695007,229.580002,230.039993,244912
2026-05-14 16:10:00+00:00,229.975006,230.000000,228.250000,228.508804,350365
2026-05-14 16:15:00+00:00,228.509995,229.509995,228.289993,228.720001,248795
2026-05-14 16:20:00+00:00,228.720001,231.839996,228.595001,229.910004,846372
2026-05-14 16:25:00+00:00,229.919998,230.409897,229.330002,229.399994,352787
2026-05-14 16:30:00+00:00,229.455002,231.479996,229.350006,230.259995,322273
2026-05-14 16:35:00+00:00,230.070007,231.599396,230.070007,231.279205,226634
2026-05-14 16:40:00+00:00,231.259995,231.740005,230.890106,231.619904,228386
2026-05-14 16:45:00+00:00,231.535004,232.470001,231.139999,232.429901,296134
2026-05-14 16:50:00+00:00,232.354996,232.429993,231.000000,231.059998,178297
2026-05-14 16:55:00+00:00,231.059998,231.399994,230.536301,231.164993,140465
2026-05-14 17:00:00+00:00,231.250000,232.199997,231.220001,231.859894,119394
2026-05-14 17:05:00+00:00,231.755005,231.869995,230.679993,231.250000,115493
2026-05-14 17:10:00+00:00,231.259995,231.389999,231.000000,231.210007,176423
2026-05-14 17:15:00+00:00,231.210007,231.240005,230.740005,230.910004,115811
2026-05-14 17:20:00+00:00,230.910004,231.089905,230.309998,231.050003,90595
2026-05-14 17:25:00+00:00,231.059998,231.460007,230.919998,231.360001,67079
2026-05-14 17:30:00+00:00,231.279999,231.699997,231.169998,231.380005,0
2026-05-14 17:35:00+00:00,231.380005,232.289993,231.190002,231.615005,124860
2026-05-14 17:40:00+00:00,231.809906,231.979996,231.199997,231.774994,108017
2026-05-14 17:45:00+00:00,231.770004,232.190002,231.509995,231.550003,95632
2026-05-14 17:50:00+00:00,231.600006,231.710007,231.240005,231.369995,95435
2026-05-14 17:55:00+00:00,231.380005,231.750000,231.149994,231.294998,130539
2026-05-14 18:00:00+00:00,231.270004,231.759995,231.070007,231.649994,193365
2026-05-14 18:05:00+00:00,231.690002,231.750000,231.350006,231.600006,59984
2026-05-14 18:10:00+00:00,231.589996,232.490005,231.589996,232.440002,127728
2026-05-14 18:15:00+00:00,232.389999,232.690002,232.080002,232.505005,104779
2026-05-14 18:20:00+00:00,232.505005,232.880005,232.309998,232.669998,79427
2026-05-14 18:25:00+00:00,232.710007,233.250000,232.679993,233.005005,138047
2026-05-14 18:30:00+00:00,233.005005,233.330002,232.699997,232.714996,108714
2026-05-14 18:35:00+00:00,232.720001,233.000000,232.250000,232.250107,94951
2026-05-14 18:40:00+00:00,232.350006,232.360001,231.500000,232.085007,109995
2026-05-14 18:45:00+00:00,232.029999,232.300003,231.899994,231.925003,74915
2026-05-14 18:50:00+00:00,231.925003,232.130005,231.199997,231.304993,82097
2026-05-14 18:55:00+00:00,231.250000,231.369995,230.529999,230.679993,98437
2026-05-14 19:00:00+00:00,230.729996,230.850006,230.389999,230.574997,77660
2026-05-14 19:05:00+00:00,230.570007,230.979996,230.429993,230.669998,75914
2026-05-14 19:10:00+00:00,230.684998,231.250000,230.684998,231.214996,101710
2026-05-14 19:15:00+00:00,231.300003,231.399994,230.889999,230.929993,62196
2026-05-14 19:20:00+00:00,230.929993,230.940002,230.460007,230.600098,71685
2026-05-14 19:25:00+00:00,230.679993,230.750000,228.360001,230.373398,145991
2026-05-14 19:30:00+00:00,230.440002,230.880005,230.389999,230.554993,93600
2026-05-14 19:35:00+00:00,230.539993,230.573105,230.100006,230.136002,106208
2026-05-14 19:40:00+00:00,230.080002,230.350006,229.750000,230.314499,193272
2026-05-14 19:45:00+00:00,230.339996,230.460007,230.089996,230.149094,144818
2026-05-14 19:50:00+00:00,230.089996,230.179001,229.470001,229.490005,262318
2026-05-14 19:55:00+00:00,229.505005,229.514999,229.000000,229.259995,577785
2026-05-15 13:30:00+00:00,225.520004,225.918594,222.929993,223.940002,1144450
2026-05-15 13:35:00+00:00,223.914993,224.449905,222.570007,222.672501,197215
2026-05-15 13:40:00+00:00,222.735001,223.999893,222.580002,222.960007,212912
2026-05-15 13:45:00+00:00,223.039993,223.298706,222.039993,222.910004,213026
2026-05-15 13:50:00+00:00,222.940002,223.279999,222.264999,222.679993,173947
2026-05-15 13:55:00+00:00,222.695007,223.029907,222.150101,222.529999,189710
2026-05-15 14:00:00+00:00,222.529999,223.360001,222.210098,222.889999,118414
2026-05-15 14:05:00+00:00,222.895004,223.399994,222.300003,222.369995,138380
2026-05-15 14:10:00+00:00,222.439896,223.849899,222.429993,223.729996,147639
2026-05-15 14:15:00+00:00,223.720001,224.392502,223.550003,223.970001,109708
2026-05-15 14:20:00+00:00,223.990005,224.130005,223.600006,223.634995,64221
2026-05-15 14:25:00+00:00,223.589996,223.739899,223.059998,223.345001,59703
2026-05-15 14:30:00+00:00,223.350006,224.179993,223.350006,223.940002,89572
2026-05-15 14:35:00+00:00,223.970001,224.639999,223.815002,224.639999,81742
2026-05-15 14:40:00+00:00,224.585007,224.600006,223.750107,224.009995,53250
2026-05-15 14:45:00+00:00,223.770096,223.960007,222.510101,222.699997,104687
2026-05-15 14:50:00+00:00,222.714996,222.854996,222.050003,222.830002,114126
2026-05-15 14:55:00+00:00,222.880005,223.179901,222.764999,223.058701,71244
2026-05-15 15:00:00+00:00,223.035004,223.179993,222.710098,222.940002,69896
2026-05-15 15:05:00+00:00,222.884995,223.250000,222.735001,223.220001,64969
2026-05-15 15:10:00+00:00,223.279999,223.710007,223.160095,223.649994,58468
2026-05-15 15:15:00+00:00,223.649994,223.899994,223.500000,223.570007,64617
2026-05-15 15:20:00+00:00,223.565002,223.800003,222.800003,222.900101,85644
2026-05-15 15:25:00+00:00,222.994995,223.080002,222.039993,222.451294,110744
2026-05-15 15:30:00+00:00,222.460007,222.619995,222.279999,222.445007,94918
2026-05-15 15:35:00+00:00,222.399994,222.529999,222.279999,222.378403,78908
2026-05-15 15:40:00+00:00,222.300003,222.490005,222.050003,222.210007,68076
2026-05-15 15:45:00+00:00,222.125000,222.460007,222.039993,222.399994,45082
2026-05-15 15:50:00+00:00,222.369995,222.699997,222.199997,222.294998,55812
2026-05-15 15:55:00+00:00,222.294998,222.770004,222.130005,222.600006,82642
2026-05-15 16:00:00+00:00,222.595001,222.889999,222.285004,222.389999,48733
2026-05-15 16:05:00+00:00,222.371094,222.569901,222.250000,222.500000,37235
2026-05-15 16:10:00+00:00,222.520004,222.660004,222.080002,222.190002,74598
2026-05-15 16:15:00+00:00,222.059998,222.505005,222.059998,222.500000,61292
2026-05-15 16:20:00+00:00,222.500000,222.979996,222.429993,222.929993,61383
2026-05-15 16:25:00+00:00,222.880005,222.927704,222.600006,222.729996,36619
2026-05-15 16:30:00+00:00,222.789993,222.979996,222.730698,222.800003,52055
2026-05-15 16:35:00+00:00,222.800003,222.979996,222.520004,222.759995,61411
2026-05-15 16:40:00+00:00,222.759995,223.330002,222.630005,223.264999,41003
2026-05-15 16:45:00+00:00,223.300003,223.570007,223.080002,223.389999,94451
2026-05-15 16:50:00+00:00,223.389999,223.449905,222.669998,222.669998,44190
2026-05-15 16:55:00+00:00,222.865005,222.949905,222.669998,222.789993,65188
2026-05-15 17:00:00+00:00,222.789993,222.845001,222.600006,222.744995,76857
2026-05-15 17:05:00+00:00,222.750000,222.800003,222.320007,222.559998,50614
2026-05-15 17:10:00+00:00,222.559998,222.710007,222.399994,222.649994,27162
2026-05-15 17:15:00+00:00,222.619995,223.029999,222.580002,222.934998,53399
2026-05-15 17:20:00+00:00,222.910004,223.020004,222.750000,222.860001,296391
2026-05-15 17:25:00+00:00,222.860001,223.199997,222.699997,222.845001,48781
2026-05-15 17:30:00+00:00,222.820007,222.949997,222.630005,222.669998,39282
2026-05-15 17:35:00+00:00,222.649994,222.740005,222.259995,222.440002,63095
2026-05-15 17:40:00+00:00,222.460007,222.699997,222.300003,222.649994,35009
2026-05-15 17:45:00+00:00,222.649994,222.729996,222.110001,222.139999,66996
2026-05-15 17:50:00+00:00,222.179993,222.391403,222.149994,222.259995,51798
2026-05-15 17:55:00+00:00,222.309906,222.579895,222.279999,222.559998,37627
2026-05-15 18:00:00+00:00,222.509995,222.699997,222.414993,222.570007,56497
2026-05-15 18:05:00+00:00,222.639999,222.720001,222.414993,222.440002,56885
2026-05-15 18:10:00+00:00,222.429993,222.720001,222.370102,222.690002,50397
2026-05-15 18:15:00+00:00,222.660004,222.949905,222.520004,222.535004,47359
2026-05-15 18:20:00+00:00,222.520004,222.649994,222.059998,222.207993,90855
2026-05-15 18:25:00+00:00,222.130005,222.330002,222.000000,222.199997,108581
2026-05-15 18:30:00+00:00,222.229996,222.229996,221.750000,222.029999,162395
2026-05-15 18:35:00+00:00,222.080002,222.300003,221.930099,222.250000,0
2026-05-15 18:40:00+00:00,222.279999,222.330002,221.800095,221.880005,6353106
2026-05-15 18:45:00+00:00,221.850006,222.029999,221.710007,221.940002,56381
2026-05-15 18:50:00+00:00,221.990005,222.279999,221.910095,222.240005,54052
2026-05-15 18:55:00+00:00,221.964996,222.240005,221.889999,222.210007,48777
2026-05-15 19:00:00+00:00,222.240005,222.429993,222.061600,222.149994,44156
2026-05-15 19:05:00+00:00,222.100006,222.550003,222.100006,222.304993,60306
2026-05-15 19:10:00+00:00,222.259995,222.360001,222.009995,222.149994,48546
2026-05-15 19:15:00+00:00,222.110001,222.125000,221.500000,221.750000,89635
2026-05-15 19:20:00+00:00,221.744995,222.009995,221.713303,221.850204,84377
2026-05-15 19:25:00+00:00,221.899002,221.960007,221.550003,221.675003,81430
2026-05-15 19:30:00+00:00,221.699997,221.949997,221.610001,221.779999,118600
2026-05-15 19:35:00+00:00,221.750000,222.059998,221.699997,221.850006,138008
2026-05-15 19:40:00+00:00,221.845001,221.940002,221.619995,221.690002,93575
2026-05-15 19:45:00+00:00,221.699997,222.119995,221.699997,221.850006,121671
2026-05-15 19:50:00+00:00,221.830002,222.080002,221.050003,221.059998,437302
2026-05-15 19:55:00+00:00,221.089996,221.089996,220.449997,220.559998,486974
2026-05-18 13:30:00+00:00,220.479996,220.979904,219.785004,219.865005,382287
2026-05-18 13:35:00+00:00,219.804993,220.139999,218.199997,218.610001,163105
2026-05-18 13:40:00+00:00,218.595001,219.550003,218.240005,219.000000,82722
2026-05-18 13:45:00+00:00,219.100006,220.070007,219.009995,219.908203,94896
2026-05-18 13:50:00+00:00,219.990005,220.990005,219.875000,220.639999,192335
2026-05-18 13:55:00+00:00,220.500000,221.169998,219.759995,220.119995,99278
2026-05-18 14:00:00+00:00,220.134995,220.149994,217.720001,217.720001,145508
2026-05-18 14:05:00+00:00,217.800003,218.479996,217.800003,218.479996,156807
2026-05-18 14:10:00+00:00,218.410004,218.559998,217.199997,217.300003,101395
2026-05-18 14:15:00+00:00,217.360001,218.130005,217.360001,217.820007,63860
2026-05-18 14:20:00+00:00,217.889999,218.369995,217.839996,218.279999,62632
2026-05-18 14:25:00+00:00,218.249496,218.619995,218.200104,218.568207,68180
2026-05-18 14:30:00+00:00,218.509995,218.850006,217.900101,217.960007,71194
2026-05-18 14:35:00+00:00,217.990005,218.270004,217.729996,218.220001,69570
2026-05-18 14:40:00+00:00,218.220001,218.220001,217.820099,217.905594,30862
2026-05-18 14:45:00+00:00,217.925003,217.960007,217.415298,217.785004,79618
2026-05-18 14:50:00+00:00,217.750000,218.309998,217.750000,218.130005,53824
2026-05-18 14:55:00+00:00,218.085007,218.500000,218.050095,218.330002,34861
2026-05-18 15:00:00+00:00,218.399994,218.759995,217.878906,217.890106,62732
2026-05-18 15:05:00+00:00,218.014999,218.240005,217.320007,217.339996,51648
2026-05-18 15:10:00+00:00,217.330002,217.639999,217.210007,217.384995,86000
2026-05-18 15:15:00+00:00,217.320007,217.429993,216.860001,216.869995,110647
2026-05-18 15:20:00+00:00,216.869995,217.289993,216.809998,217.259995,62251
2026-05-18 15:25:00+00:00,217.235001,217.529907,216.899994,216.937805,38144
2026-05-18 15:30:00+00:00,217.000000,217.268997,216.830002,217.062103,253433
2026-05-18 15:35:00+00:00,217.160004,217.550003,217.130005,217.500000,44929
2026-05-18 15:40:00+00:00,217.480103,217.740005,216.975006,217.139999,70347
2026-05-18 15:45:00+00:00,217.139999,217.889999,216.990005,217.839996,73187
2026-05-18 15:50:00+00:00,217.839996,218.149994,217.690002,218.119995,71298
2026-05-18 15:55:00+00:00,218.074997,218.500000,217.869995,218.029999,92555
2026-05-18 16:00:00+00:00,218.039993,218.099899,217.785004,217.929993,26213
2026-05-18 16:05:00+00:00,217.800003,217.880005,217.415207,217.490005,26147
2026-05-18 16:10:00+00:00,217.470001,217.684998,217.449997,217.660004,25265
2026-05-18 16:15:00+00:00,217.600006,217.830002,217.589996,217.619995,23908
2026-05-18 16:20:00+00:00,217.679993,217.960007,217.390106,217.507996,40903
2026-05-18 16:25:00+00:00,217.570007,217.589996,216.990005,217.080002,41590
2026-05-18 16:30:00+00:00,217.009995,217.360001,216.960007,217.240005,66463
2026-05-18 16:35:00+00:00,217.220001,217.695801,217.139999,217.399994,35968
2026-05-18 16:40:00+00:00,217.399994,217.419998,217.065994,217.119995,18248
2026-05-18 16:45:00+00:00,217.130005,217.333496,217.097504,217.279999,23231
2026-05-18 16:50:00+00:00,217.330002,217.819305,217.330002,217.819305,23783
2026-05-18 16:55:00+00:00,217.759995,218.279999,217.750000,218.050003,62228
2026-05-18 17:00:00+00:00,217.949997,218.199997,217.809998,218.179993,26346
2026-05-18 17:05:00+00:00,218.179993,218.748505,218.149994,218.729996,35589
2026-05-18 17:10:00+00:00,218.740005,218.779999,218.554993,218.607498,30771
2026-05-18 17:15:00+00:00,218.621002,218.880005,218.590607,218.789993,27377
2026-05-18 17:20:00+00:00,218.710007,218.779999,218.470001,218.470001,20463
2026-05-18 17:25:00+00:00,218.479996,218.699997,218.470001,218.544998,27978
2026-05-18 17:30:00+00:00,218.509995,218.619995,218.335007,218.369995,26103
2026-05-18 17:35:00+00:00,218.339996,218.339996,218.000000,218.070007,20834
2026-05-18 17:40:00+00:00,218.080002,218.279999,218.000000,218.154999,42565
2026-05-18 17:45:00+00:00,218.164993,218.289993,218.080002,218.139999,17628
2026-05-18 17:50:00+00:00,218.125000,218.410004,218.089996,218.279999,27036
2026-05-18 17:55:00+00:00,218.279999,218.460007,218.190002,218.395004,25536
2026-05-18 18:00:00+00:00,218.395004,218.395004,218.029999,218.029999,22922
2026-05-18 18:05:00+00:00,218.029999,218.100006,217.664993,217.910004,28745
2026-05-18 18:10:00+00:00,217.919998,218.050003,217.759995,217.869995,20946
2026-05-18 18:15:00+00:00,217.809998,217.869995,217.570007,217.649994,24404
2026-05-18 18:20:00+00:00,217.625000,217.649994,217.399994,217.460007,29171
2026-05-18 18:25:00+00:00,217.509903,217.550003,217.000107,217.310104,36306
2026-05-18 18:30:00+00:00,217.380005,217.460007,217.240005,217.330002,25623
2026-05-18 18:35:00+00:00,217.320007,217.440002,217.149994,217.164993,28609
2026-05-18 18:40:00+00:00,217.164993,217.440002,217.070007,217.440002,101468
2026-05-18 18:45:00+00:00,217.449997,217.529999,217.179993,217.272903,32170
2026-05-18 18:50:00+00:00,217.179993,217.440002,217.029999,217.380005,39551
2026-05-18 18:55:00+00:00,217.359894,217.727707,216.789993,216.964996,148619
2026-05-18 19:00:00+00:00,216.943069,218.820007,216.840607,218.479996,109883
2026-05-18 19:05:00+00:00,218.399994,218.649994,217.770004,218.024994,45884
2026-05-18 19:10:00+00:00,218.024994,218.190002,217.830002,217.940002,59140
2026-05-18 19:15:00+00:00,217.990005,218.240005,217.910004,218.000000,37622
2026-05-18 19:20:00+00:00,217.985001,218.350006,217.949997,218.149994,57962
2026-05-18 19:25:00+00:00,218.110001,218.220001,217.971802,218.210007,34915
2026-05-18 19:30:00+00:00,218.199997,219.100006,218.119995,219.074997,101921
2026-05-18 19:35:00+00:00,219.130005,220.009995,219.130005,219.970001,111763
2026-05-18 19:40:00+00:00,219.979996,220.190002,219.979996,220.059998,103636
2026-05-18 19:45:00+00:00,220.059998,220.399994,220.050003,220.354996,91274
2026-05-18 19:50:00+00:00,220.320007,220.404999,219.929993,220.365005,193005
2026-05-18 19:55:00+00:00,220.365005,221.039993,220.210007,220.630005,363069
2026-05-19 13:30:00+00:00,218.839996,218.839996,217.660004,218.009995,188013
2026-05-19 13:35:00+00:00,217.899994,219.479996,217.899994,219.339996,49213
2026-05-19 13:40:00+00:00,219.210007,219.330002,218.270004,218.380005,52882
2026-05-19 13:45:00+00:00,218.449905,219.210007,218.309998,219.149994,117857
2026-05-19 13:50:00+00:00,218.850006,219.610001,218.850006,219.225006,59604
2026-05-19 13:55:00+00:00,219.320007,219.740005,219.130005,219.244995,39318
2026-05-19 14:00:00+00:00,219.059998,219.550003,218.500000,219.455002,51677
2026-05-19 14:05:00+00:00,219.520004,219.770004,218.980103,219.178101,65857
2026-05-19 14:10:00+00:00,219.289993,219.509995,218.990005,219.020004,40514
2026-05-19 14:15:00+00:00,219.070007,219.138306,218.509995,219.029999,50542
2026-05-19 14:20:00+00:00,219.100006,219.119995,218.570099,218.649994,38961
2026-05-19 14:25:00+00:00,218.639999,218.817001,218.449997,218.584000,45148
2026-05-19 14:30:00+00:00,218.699997,219.119995,218.550095,218.720001,33083
2026-05-19 14:35:00+00:00,218.720001,219.240005,218.710007,219.229996,28651
2026-05-19 14:40:00+00:00,219.190002,219.270004,218.759995,218.929993,28877
2026-05-19 14:45:00+00:00,219.070007,219.100006,218.779999,218.815002,19829
2026-05-19 14:50:00+00:00,218.809998,218.940002,218.429993,218.869995,28394
2026-05-19 14:55:00+00:00,218.869995,219.190002,218.869995,219.020004,25025
2026-05-19 15:00:00+00:00,219.014999,219.250000,218.854996,219.225006,25836
2026-05-19 15:05:00+00:00,219.225006,219.395004,219.020004,219.179993,23513
2026-05-19 15:10:00+00:00,219.210007,219.404999,219.059998,219.270004,24914
2026-05-19 15:15:00+00:00,219.350006,219.369995,219.000000,219.085007,19710
2026-05-19 15:20:00+00:00,219.110001,219.110001,218.520004,218.520004,23983
2026-05-19 15:25:00+00:00,218.580002,218.630005,218.279999,218.509995,26641
2026-05-19 15:30:00+00:00,218.485001,218.970001,218.429993,218.770004,26301
2026-05-19 15:35:00+00:00,218.759995,219.164993,218.673172,219.080002,22502
2026-05-19 15:40:00+00:00,219.089996,219.330002,218.800095,218.895004,28758
2026-05-19 15:45:00+00:00,218.880005,219.240005,218.735001,219.184998,21533
2026-05-19 15:50:00+00:00,219.184998,219.210007,218.650101,218.755005,23583
2026-05-19 15:55:00+00:00,218.740005,218.800003,218.490005,218.729996,19605
2026-05-19 16:00:00+00:00,218.759995,219.149902,218.710007,218.770004,24418
2026-05-19 16:05:00+00:00,218.899994,219.179993,218.720001,219.029495,43010
2026-05-19 16:10:00+00:00,218.979996,219.059998,218.889999,219.039993,18845
2026-05-19 16:15:00+00:00,219.089996,219.199997,218.949997,218.975006,19860
2026-05-19 16:20:00+00:00,218.975006,218.990005,218.210007,218.729996,43709
2026-05-19 16:25:00+00:00,218.809998,219.190002,218.809998,219.085007,31811
2026-05-19 16:30:00+00:00,219.029999,219.199997,218.850006,219.130005,22829
2026-05-19 16:35:00+00:00,219.210007,219.240005,218.865005,219.024994,23061
2026-05-19 16:40:00+00:00,219.089996,219.199997,218.919998,219.070007,18046
2026-05-19 16:45:00+00:00,219.029999,219.044998,218.789993,218.824997,41003
2026-05-19 16:50:00+00:00,218.860001,218.970001,218.729996,218.970001,18909
2026-05-19 16:55:00+00:00,218.979996,219.199997,218.835007,219.100006,89848
2026-05-19 17:00:00+00:00,219.190002,219.259995,218.990005,219.240005,28588
2026-05-19 17:05:00+00:00,219.240005,219.369995,219.035004,219.369995,22845
2026-05-19 17:10:00+00:00,219.330002,219.455002,219.244995,219.360001,22612
2026-05-19 17:15:00+00:00,219.449997,219.679993,219.350006,219.584503,32222
2026-05-19 17:20:00+00:00,219.570007,219.710007,219.539505,219.559998,19103
2026-05-19 17:25:00+00:00,219.639999,219.860001,219.509995,219.770004,39962
2026-05-19 17:30:00+00:00,219.774994,220.050003,218.960007,219.047394,34134
2026-05-19 17:35:00+00:00,219.039993,219.479996,219.000000,219.429993,29610
2026-05-19 17:40:00+00:00,219.414993,219.449997,219.000000,219.324997,79619
2026-05-19 17:45:00+00:00,219.440002,219.440002,219.244995,219.350006,27324
2026-05-19 17:50:00+00:00,219.320007,219.429993,219.070007,219.070007,33644
2026-05-19 17:55:00+00:00,219.179993,219.210007,218.770004,219.009995,22661
2026-05-19 18:00:00+00:00,219.029999,219.300003,218.979996,219.235001,27232
2026-05-19 18:05:00+00:00,219.235001,219.304993,219.095001,219.304993,19924
2026-05-19 18:10:00+00:00,219.300003,219.389999,219.149994,219.270004,32189
2026-05-19 18:15:00+00:00,219.250397,219.259995,218.949997,219.119995,17259
2026-05-19 18:20:00+00:00,219.050003,219.050003,218.430099,218.479996,39799
2026-05-19 18:25:00+00:00,218.440002,218.750000,218.179993,218.179993,41356
2026-05-19 18:30:00+00:00,218.149994,218.179993,217.699997,217.798904,84629
2026-05-19 18:35:00+00:00,217.779999,217.830002,217.420105,217.455002,45989
2026-05-19 18:40:00+00:00,217.399994,217.550003,217.339996,217.460007,64808
2026-05-19 18:45:00+00:00,217.429993,217.449997,217.050003,217.059998,52589
2026-05-19 18:50:00+00:00,217.115005,217.119995,216.500000,216.500000,109683
2026-05-19 18:55:00+00:00,216.479996,216.500000,216.179993,216.220001,97841
2026-05-19 19:00:00+00:00,216.220001,216.255005,216.029999,216.050003,73196
2026-05-19 19:05:00+00:00,216.050003,216.169998,215.630005,216.089996,212529
2026-05-19 19:10:00+00:00,216.110001,216.380005,216.000000,216.074997,65118
2026-05-19 19:15:00+00:00,216.074997,216.100006,215.574997,215.589996,72712
2026-05-19 19:20:00+00:00,215.615005,215.619904,215.029999,215.039993,137332
2026-05-19 19:25:00+00:00,215.009995,215.320007,214.889999,215.169998,180937
2026-05-19 19:30:00+00:00,215.145004,215.179993,214.408005,214.440002,165062
2026-05-19 19:35:00+00:00,214.434998,214.489899,214.009995,214.264999,186164
2026-05-19 19:40:00+00:00,214.289993,214.479996,214.149994,214.320007,108067
2026-05-19 19:45:00+00:00,214.309998,214.970001,214.229996,214.945007,141782
2026-05-19 19:50:00+00:00,214.945007,215.059998,214.000000,214.619995,190296
2026-05-19 19:55:00+00:00,214.669998,215.119995,214.500000,215.039993,368522
2026-05-20 13:30:00+00:00,217.300003,218.104996,216.500000,218.059998,384672
2026-05-20 13:35:00+00:00,218.059998,219.404999,217.589996,219.309998,185324
2026-05-20 13:40:00+00:00,219.270004,219.869995,218.894196,219.530106,180826
2026-05-20 13:45:00+00:00,219.869904,220.399994,219.559998,219.634995,119517
2026-05-20 13:50:00+00:00,219.710007,220.250000,219.304993,220.121002,86912
2026-05-20 13:55:00+00:00,220.059998,220.500000,219.210007,219.399994,110571
2026-05-20 14:00:00+00:00,219.589996,219.710007,219.100006,219.289993,63436
2026-05-20 14:05:00+00:00,219.399994,219.399994,218.520004,218.750000,73730
2026-05-20 14:10:00+00:00,218.732498,219.649994,218.399994,219.369995,61592
2026-05-20 14:15:00+00:00,219.190094,221.489899,219.190094,220.759995,166978
2026-05-20 14:20:00+00:00,220.679993,221.300003,220.649994,221.000000,94420
2026-05-20 14:25:00+00:00,221.009995,221.449997,220.947006,221.289993,69989
2026-05-20 14:30:00+00:00,221.324997,221.960007,221.324997,221.585007,80301
2026-05-20 14:35:00+00:00,221.610001,221.964996,221.220001,221.320007,91512
2026-05-20 14:40:00+00:00,221.389999,221.759995,221.279999,221.654999,70358
2026-05-20 14:45:00+00:00,221.654999,221.979996,221.400101,221.490005,70870
2026-05-20 14:50:00+00:00,221.514999,221.869995,221.514999,221.824997,37040
2026-05-20 14:55:00+00:00,221.824997,222.089996,221.500000,221.766098,89913
2026-05-20 15:00:00+00:00,221.789993,221.970001,221.509995,221.645004,56427
2026-05-20 15:05:00+00:00,221.645004,221.645004,220.889999,220.979996,66263
2026-05-20 15:10:00+00:00,220.869995,221.080002,220.600006,220.860001,46353
2026-05-20 15:15:00+00:00,220.835007,222.800003,220.699997,222.384995,204795
2026-05-20 15:20:00+00:00,222.279999,222.550003,222.110001,222.279999,82209
2026-05-20 15:25:00+00:00,222.369995,222.449997,221.789993,221.985001,72253
2026-05-20 15:30:00+00:00,221.934998,222.800003,221.869995,222.660004,91801
2026-05-20 15:35:00+00:00,222.725006,222.789993,222.289993,222.289993,63325
2026-05-20 15:40:00+00:00,222.259995,222.630005,222.259995,222.335007,49812
2026-05-20 15:45:00+00:00,222.380005,222.899994,222.160004,222.779999,160666
2026-05-20 15:50:00+00:00,222.785004,223.020004,222.250000,222.505005,74169
2026-05-20 15:55:00+00:00,222.535004,222.800003,222.210007,222.292496,92619
2026-05-20 16:00:00+00:00,222.190002,222.639999,222.190002,222.595505,44173
2026-05-20 16:05:00+00:00,222.509995,222.599899,222.000000,222.000000,41046
2026-05-20 16:10:00+00:00,222.119995,222.240005,221.910004,222.020004,53008
2026-05-20 16:15:00+00:00,222.020004,222.269897,221.520004,221.550003,40583
2026-05-20 16:20:00+00:00,221.490005,221.529999,221.080002,221.145004,75718
2026-05-20 16:25:00+00:00,221.050003,221.209900,220.570007,220.774994,36994
2026-05-20 16:30:00+00:00,220.800003,221.086395,220.625900,220.809998,35099
2026-05-20 16:35:00+00:00,220.770996,220.994095,220.639999,220.985001,27890
2026-05-20 16:40:00+00:00,220.929993,221.830002,220.871796,221.830002,63423
2026-05-20 16:45:00+00:00,221.750000,221.940002,221.270004,221.320007,66759
2026-05-20 16:50:00+00:00,221.380005,221.625000,221.300003,221.539993,31242
2026-05-20 16:55:00+00:00,221.595001,221.720001,221.440002,221.720001,24760
2026-05-20 17:00:00+00:00,221.759995,221.759995,221.419998,221.419998,23678
2026-05-20 17:05:00+00:00,221.470001,221.529999,221.270004,221.494995,22455
2026-05-20 17:10:00+00:00,221.544998,221.800003,221.440002,221.550003,49968
2026-05-20 17:15:00+00:00,221.550095,222.169998,221.550095,222.020004,41259
2026-05-20 17:20:00+00:00,222.070007,222.309998,221.830002,221.934601,37250
2026-05-20 17:25:00+00:00,221.884995,222.117844,221.810104,222.089996,22143
2026-05-20 17:30:00+00:00,222.160004,222.210007,221.875000,222.184998,43037
2026-05-20 17:35:00+00:00,222.175003,222.830002,222.160004,222.550003,108047
2026-05-20 17:40:00+00:00,222.529999,222.740005,222.445007,222.660004,42193
2026-05-20 17:45:00+00:00,222.729996,222.729996,222.350006,222.404999,52475
2026-05-20 17:50:00+00:00,222.446899,222.446899,222.080002,222.080002,33940
2026-05-20 17:55:00+00:00,222.020096,222.149994,221.929993,221.979996,30421
2026-05-20 18:00:00+00:00,222.059998,222.250000,221.839996,221.940002,39414
2026-05-20 18:05:00+00:00,221.940002,222.009995,221.660004,221.755096,34583
2026-05-20 18:10:00+00:00,221.820007,222.000000,221.585007,221.910004,25295
2026-05-20 18:15:00+00:00,222.000000,222.179901,221.839996,222.179901,29871
2026-05-20 18:20:00+00:00,221.929993,221.960007,221.437500,221.675003,31980
2026-05-20 18:25:00+00:00,221.667496,221.904999,221.589996,221.830002,22129
2026-05-20 18:30:00+00:00,221.929993,222.175003,221.830002,222.095001,21954
2026-05-20 18:35:00+00:00,222.095001,222.300003,221.910004,222.220001,33569
2026-05-20 18:40:00+00:00,222.160004,222.160004,221.750000,221.750000,33510
2026-05-20 18:45:00+00:00,221.729996,221.899994,221.580002,221.850006,38246
2026-05-20 18:50:00+00:00,221.869995,222.899994,221.809998,222.289993,137397
2026-05-20 18:55:00+00:00,222.229996,222.399994,221.949997,222.100006,48950
2026-05-20 19:00:00+00:00,222.059998,222.475006,222.059998,222.199997,57690
2026-05-20 19:05:00+00:00,222.179993,222.399994,222.089996,222.089996,226739
2026-05-20 19:10:00+00:00,222.139999,222.410004,221.889999,221.889999,50711
2026-05-20 19:15:00+00:00,222.005005,222.085007,221.570007,222.009995,61134
2026-05-20 19:20:00+00:00,221.970001,222.129501,221.830002,221.979996,522027
2026-05-20 19:25:00+00:00,221.990005,222.279999,221.789993,222.229996,193982
2026-05-20 19:30:00+00:00,222.264999,222.600006,221.860001,222.250000,98174
2026-05-20 19:35:00+00:00,222.190002,222.384995,222.104996,222.384995,53606
2026-05-20 19:40:00+00:00,222.350006,222.350006,221.789993,221.979996,73543
2026-05-20 19:45:00+00:00,222.014999,222.160004,221.880005,222.014999,94087
2026-05-20 19:50:00+00:00,221.979996,222.029999,221.589996,221.901001,137137
2026-05-20 19:55:00+00:00,221.820007,222.470001,221.550003,222.119995,463070
2026-05-21 13:30:00+00:00,219.389999,219.800003,217.750000,217.785004,194747
2026-05-21 13:35:00+00:00,217.869995,217.999893,217.279999,217.800003,92241
2026-05-21 13:40:00+00:00,217.809906,218.419998,217.500000,217.889893,87888
2026-05-21 13:45:00+00:00,217.809998,218.490005,217.750000,218.199997,76961
2026-05-21 13:50:00+00:00,218.300003,218.619995,218.080002,218.250000,64782
2026-05-21 13:55:00+00:00,218.279907,218.470001,217.630005,217.839996,74579
2026-05-21 14:00:00+00:00,217.830002,218.429993,217.750000,218.059998,94384
2026-05-21 14:05:00+00:00,218.000000,218.239899,216.830002,217.720001,102580
2026-05-21 14:10:00+00:00,217.729996,217.845001,217.229996,217.460007,96838
2026-05-21 14:15:00+00:00,217.404999,217.449997,216.610001,216.880005,93123
2026-05-21 14:20:00+00:00,216.889999,217.065094,216.259995,216.460007,104064
2026-05-21 14:25:00+00:00,216.460007,216.699997,216.360001,216.559998,59583
2026-05-21 14:30:00+00:00,216.699997,217.089905,216.410004,216.869995,64270
2026-05-21 14:35:00+00:00,216.899994,217.184998,216.820007,216.955002,41476
2026-05-21 14:40:00+00:00,217.080002,217.080002,216.445007,216.729996,53823
2026-05-21 14:45:00+00:00,216.660004,216.919998,216.520004,216.809998,67577
2026-05-21 14:50:00+00:00,216.770004,216.782501,216.259995,216.549896,70898
2026-05-21 14:55:00+00:00,216.455002,216.710007,216.410004,216.500000,43322
2026-05-21 15:00:00+00:00,216.619995,216.690002,216.419998,216.649994,40625
2026-05-21 15:05:00+00:00,216.630005,216.669998,216.160004,216.315002,71143
2026-05-21 15:10:00+00:00,216.300003,216.889999,216.229996,216.580002,60841
2026-05-21 15:15:00+00:00,216.529999,216.619995,216.279999,216.460007,78775
2026-05-21 15:20:00+00:00,216.309998,216.419998,216.039993,216.039993,65820
2026-05-21 15:25:00+00:00,216.085007,216.269897,215.949997,216.190002,86259
2026-05-21 15:30:00+00:00,216.210007,216.259903,215.800003,215.934998,64340
2026-05-21 15:35:00+00:00,215.869995,216.000000,215.720001,215.880005,54165
2026-05-21 15:40:00+00:00,215.929993,216.199997,215.839996,216.199997,39157
2026-05-21 15:45:00+00:00,216.199997,216.539993,216.110001,216.360001,40932
2026-05-21 15:50:00+00:00,216.389999,216.550003,216.199997,216.539993,33145
2026-05-21 15:55:00+00:00,216.529999,216.539993,216.199997,216.220001,41795
2026-05-21 16:00:00+00:00,216.289993,216.740005,216.282303,216.709000,36221
2026-05-21 16:05:00+00:00,216.611099,217.089996,216.559998,217.070007,41690
2026-05-21 16:10:00+00:00,217.059998,217.129898,216.770004,216.869995,38360
2026-05-21 16:15:00+00:00,216.854996,216.969696,216.774994,216.865005,33659
2026-05-21 16:20:00+00:00,216.919998,216.990005,216.500000,216.789993,28205
2026-05-21 16:25:00+00:00,216.750000,216.904999,216.639999,216.735001,87602
2026-05-21 16:30:00+00:00,216.735001,217.020004,216.735001,216.839996,28091
2026-05-21 16:35:00+00:00,216.839996,216.869995,216.429993,216.550003,43355
2026-05-21 16:40:00+00:00,216.544998,216.809998,216.539993,216.740005,26454
2026-05-21 16:45:00+00:00,216.725006,216.819397,216.449997,216.520004,27364
2026-05-21 16:50:00+00:00,216.429993,216.520004,216.320007,216.449997,31885
2026-05-21 16:55:00+00:00,216.455002,216.610001,216.429993,216.460007,21836
2026-05-21 17:00:00+00:00,216.470001,216.845001,216.429993,216.490005,46042
2026-05-21 17:05:00+00:00,216.529999,216.839996,216.490005,216.589996,36166
2026-05-21 17:10:00+00:00,216.500000,217.410004,216.500000,217.190002,104059
2026-05-21 17:15:00+00:00,217.199997,218.649994,217.184998,218.399994,154105
2026-05-21 17:20:00+00:00,218.410004,218.899994,217.850006,218.304993,85958
2026-05-21 17:25:00+00:00,218.440002,218.719894,218.259995,218.654999,48830
2026-05-21 17:30:00+00:00,218.600006,218.880005,218.235001,218.259995,72351
2026-05-21 17:35:00+00:00,218.220001,218.860001,218.154999,218.725006,68295
2026-05-21 17:40:00+00:00,218.779999,219.360001,218.725006,219.134796,97622
2026-05-21 17:45:00+00:00,219.205002,219.960007,219.205002,219.949905,90927
2026-05-21 17:50:00+00:00,219.869995,220.250000,219.779999,220.149994,54924
2026-05-21 17:55:00+00:00,220.250000,220.369995,219.873093,220.255096,76495
2026-05-21 18:00:00+00:00,220.199997,220.449997,220.059998,220.115005,120915
2026-05-21 18:05:00+00:00,220.119995,220.699997,219.949997,220.610001,68941
2026-05-21 18:10:00+00:00,220.625000,220.889999,220.509995,220.509995,57319
2026-05-21 18:15:00+00:00,220.514999,220.770004,220.339996,220.729996,44048
2026-05-21 18:20:00+00:00,220.550003,221.020004,220.550003,221.000000,50374
2026-05-21 18:25:00+00:00,220.970001,221.169998,220.645004,221.119995,51834
2026-05-21 18:30:00+00:00,221.110001,221.110001,220.559998,220.615005,34773
2026-05-21 18:35:00+00:00,220.630096,220.729996,220.380005,220.380005,31598
2026-05-21 18:40:00+00:00,220.419998,220.639999,220.389999,220.610001,30108
2026-05-21 18:45:00+00:00,220.570007,220.889999,220.309998,220.369995,86717
2026-05-21 18:50:00+00:00,220.365005,220.490005,219.320007,219.470001,64076
2026-05-21 18:55:00+00:00,219.330002,219.639999,219.000107,219.259995,100022
2026-05-21 19:00:00+00:00,219.335007,219.889999,219.335007,219.740005,38683
2026-05-21 19:05:00+00:00,219.740005,219.869995,219.270004,219.869995,36253
2026-05-21 19:10:00+00:00,219.899994,219.960007,219.679993,219.820007,37526
2026-05-21 19:15:00+00:00,219.820007,219.880005,219.630005,219.774994,25100
2026-05-21 19:20:00+00:00,219.809998,219.860001,219.320007,219.365005,37210
2026-05-21 19:25:00+00:00,219.309998,219.419998,219.089996,219.250000,49642
2026-05-21 19:30:00+00:00,219.270004,219.664993,219.250000,219.639999,66986
2026-05-21 19:35:00+00:00,219.740005,220.089996,219.630005,219.630005,59823
2026-05-21 19:40:00+00:00,219.560104,219.820007,219.500000,219.550003,44613
2026-05-21 19:45:00+00:00,219.500000,219.940002,219.350006,219.875000,64157
2026-05-21 19:50:00+00:00,219.860001,219.960007,219.479996,219.779999,125287
2026-05-21 19:55:00+00:00,219.779999,220.580002,219.500000,219.630005,422742
2026-05-22 13:30:00+00:00,220.850006,221.070007,218.529999,218.529999,191350
2026-05-22 13:35:00+00:00,218.500000,218.740707,217.600006,218.240005,113401
2026-05-22 13:40:00+00:00,218.235001,218.399994,217.570007,218.399994,108665
2026-05-22 13:45:00+00:00,218.399994,218.895004,217.630005,217.899994,129065
2026-05-22 13:50:00+00:00,217.929993,218.139999,217.649994,218.059998,59668
2026-05-22 13:55:00+00:00,218.000000,218.330002,217.929993,218.139999,45764
2026-05-22 14:00:00+00:00,218.009995,218.089996,217.449997,217.990005,68483
2026-05-22 14:05:00+00:00,217.955002,218.320007,217.639999,218.190002,62811
2026-05-22 14:10:00+00:00,218.195007,218.229996,217.720001,217.740005,51667
2026-05-22 14:15:00+00:00,217.660004,217.989899,217.649994,217.649994,36912
2026-05-22 14:20:00+00:00,217.663498,217.789993,217.164993,217.324997,50489
2026-05-22 14:25:00+00:00,217.339996,217.699997,217.250000,217.699997,31610
2026-05-22 14:30:00+00:00,217.710007,217.809998,217.354996,217.509995,30351
2026-05-22 14:35:00+00:00,217.554993,217.860001,217.520004,217.809998,31139
2026-05-22 14:40:00+00:00,217.794998,217.889999,217.630005,217.714996,24892
2026-05-22 14:45:00+00:00,217.744995,218.070007,217.619995,218.009995,42176
2026-05-22 14:50:00+00:00,218.009995,218.089996,217.889999,218.020004,28624
2026-05-22 14:55:00+00:00,217.970001,218.220001,217.835007,218.080002,33206
2026-05-22 15:00:00+00:00,217.990005,218.080002,217.795700,217.880005,28274
2026-05-22 15:05:00+00:00,217.919998,218.169998,217.910004,218.169998,26450
2026-05-22 15:10:00+00:00,218.089996,218.119995,217.924698,218.119995,20561
2026-05-22 15:15:00+00:00,218.070007,218.299896,217.919998,218.279999,43139
2026-05-22 15:20:00+00:00,218.279999,218.509995,218.169998,218.315002,55215
2026-05-22 15:25:00+00:00,218.279999,218.869995,218.220001,218.804993,35329
2026-05-22 15:30:00+00:00,218.830002,218.979996,218.660004,218.729202,39328
2026-05-22 15:35:00+00:00,218.699997,219.419998,218.699997,219.175003,46095
2026-05-22 15:40:00+00:00,219.179993,219.250000,218.603302,218.809998,40206
2026-05-22 15:45:00+00:00,218.759995,218.929993,218.649994,218.649994,24277
2026-05-22 15:50:00+00:00,218.770004,218.940002,218.740005,218.865005,22356
2026-05-22 15:55:00+00:00,218.899994,218.899994,218.649994,218.699997,16404
2026-05-22 16:00:00+00:00,218.684998,218.839996,218.600006,218.750000,22476
2026-05-22 16:05:00+00:00,218.764999,218.776093,218.625000,218.664993,9654
2026-05-22 16:10:00+00:00,218.669998,218.839996,218.600006,218.779999,16242
2026-05-22 16:15:00+00:00,218.764999,218.869995,218.720001,218.729996,19992
2026-05-22 16:20:00+00:00,218.740005,218.779999,218.620102,218.620102,25012
2026-05-22 16:25:00+00:00,218.619995,219.000000,218.589996,218.919998,35624
2026-05-22 16:30:00+00:00,218.910004,218.990005,218.800003,218.839996,15406
2026-05-22 16:35:00+00:00,218.849899,219.240005,218.789993,219.154999,34773
2026-05-22 16:40:00+00:00,219.197800,219.410004,219.154999,219.354996,25422
2026-05-22 16:45:00+00:00,219.339996,219.750000,219.339996,219.634995,32407
2026-05-22 16:50:00+00:00,219.600006,219.729996,219.292297,219.470001,19176
2026-05-22 16:55:00+00:00,219.460007,219.619003,219.384995,219.410599,27120
2026-05-22 17:00:00+00:00,219.410004,220.179993,219.399994,220.070007,73792
2026-05-22 17:05:00+00:00,219.981506,220.169998,219.960999,220.100006,30453
2026-05-22 17:10:00+00:00,220.169998,220.169998,219.809998,219.970093,39312
2026-05-22 17:15:00+00:00,220.059998,220.190002,219.630005,219.710007,34672
2026-05-22 17:20:00+00:00,219.669998,220.000000,219.600006,219.850006,38397
2026-05-22 17:25:00+00:00,219.729996,221.050003,219.649994,220.770004,84394
2026-05-22 17:30:00+00:00,221.070007,221.110001,220.300003,220.300095,48478
2026-05-22 17:35:00+00:00,220.479996,220.679993,220.399994,220.679993,39433
2026-05-22 17:40:00+00:00,220.660004,220.660004,220.505005,220.505005,21907
2026-05-22 17:45:00+00:00,220.529999,220.610001,220.399994,220.589996,22527
2026-05-22 17:50:00+00:00,220.550003,220.750000,220.457504,220.509995,17318
2026-05-22 17:55:00+00:00,220.479996,220.539993,220.195007,220.229996,27468
2026-05-22 18:00:00+00:00,220.309998,220.320007,219.550003,219.645004,35201
2026-05-22 18:05:00+00:00,219.662399,219.779907,219.350006,219.350006,24827
2026-05-22 18:10:00+00:00,219.339996,219.539993,219.199997,219.326096,29617
2026-05-22 18:15:00+00:00,219.399994,219.512497,218.725006,218.759995,61356
2026-05-22 18:20:00+00:00,218.705002,218.869995,218.279999,218.828003,82973
2026-05-22 18:25:00+00:00,218.744995,219.250000,218.699997,219.250000,33121
2026-05-22 18:30:00+00:00,219.190094,219.440002,219.169998,219.216904,38306
2026-05-22 18:35:00+00:00,219.179993,219.589996,219.179993,219.494995,34282
2026-05-22 18:40:00+00:00,219.490005,219.505005,219.139999,219.205002,12267
2026-05-22 18:45:00+00:00,219.139999,219.320007,219.000000,219.169998,17324
2026-05-22 18:50:00+00:00,219.169998,219.429993,219.042496,219.360001,14075
2026-05-22 18:55:00+00:00,219.419998,219.550003,219.179993,219.179993,27552
2026-05-22 19:00:00+00:00,219.115005,219.289993,218.820099,219.110001,39282
2026-05-22 19:05:00+00:00,219.154999,219.419998,219.149994,219.320007,33488
2026-05-22 19:10:00+00:00,219.294998,219.490005,219.257294,219.389999,29572
2026-05-22 19:15:00+00:00,219.460007,219.600006,219.339996,219.429993,30354
2026-05-22 19:20:00+00:00,219.425003,219.479904,219.169998,219.369995,186846
2026-05-22 19:25:00+00:00,219.384995,219.391602,218.780106,218.839996,40917
2026-05-22 19:30:00+00:00,218.860001,218.990005,218.479996,218.838104,130871
2026-05-22 19:35:00+00:00,218.779999,219.250000,218.660004,219.100006,61654
2026-05-22 19:40:00+00:00,219.039993,219.065002,218.568405,218.654999,55096
2026-05-22 19:45:00+00:00,218.619995,218.720001,218.369995,218.699997,67000
2026-05-22 19:50:00+00:00,218.699997,218.800003,218.490005,218.630096,86295
2026-05-22 19:55:00+00:00,218.669998,219.330002,218.669998,219.029999,372398
2026-05-26 13:30:00+00:00,221.300003,222.410004,221.250000,221.839996,325722
2026-05-26 13:35:00+00:00,221.865005,221.960007,219.715897,219.940002,77388
2026-05-26 13:40:00+00:00,220.000000,220.300003,219.300095,219.380005,43674
2026-05-26 13:45:00+00:00,219.639999,220.127502,219.220001,219.550003,69328
2026-05-26 13:50:00+00:00,219.600006,220.547897,219.300003,219.460007,64231
2026-05-26 13:55:00+00:00,219.369995,220.580002,219.360001,220.199997,52764
2026-05-26 14:00:00+00:00,220.110001,220.899994,219.975006,220.710007,74442
2026-05-26 14:05:00+00:00,220.720001,221.710007,220.720001,221.469894,78689
2026-05-26 14:10:00+00:00,221.457993,221.726303,221.029999,221.029999,42552
2026-05-26 14:15:00+00:00,221.070007,221.498001,220.779999,221.140106,84310
2026-05-26 14:20:00+00:00,221.270004,221.809998,221.149994,221.649994,54486
2026-05-26 14:25:00+00:00,221.550003,221.830002,221.289993,221.475006,40608
2026-05-26 14:30:00+00:00,221.639999,222.000000,221.320099,221.570007,115344
2026-05-26 14:35:00+00:00,221.570007,222.289993,221.449997,221.449997,48623
2026-05-26 14:40:00+00:00,221.585007,221.800003,221.440094,221.639999,36819
2026-05-26 14:45:00+00:00,221.710007,222.000000,221.589996,221.764999,37028
2026-05-26 14:50:00+00:00,221.770004,221.860001,221.535004,221.550003,33507
2026-05-26 14:55:00+00:00,221.664993,221.664993,221.029999,221.315002,52181
2026-05-26 15:00:00+00:00,221.315002,221.479904,220.669998,220.750107,44939
2026-05-26 15:05:00+00:00,220.839996,221.190002,220.750000,220.940002,32454
2026-05-26 15:10:00+00:00,220.934998,221.149994,220.639999,220.804993,30028
2026-05-26 15:15:00+00:00,220.850006,221.115005,220.740005,221.074997,22990
2026-05-26 15:20:00+00:00,221.149994,221.149994,220.759995,220.850006,25982
2026-05-26 15:25:00+00:00,220.770004,221.050247,220.589996,220.639999,28140
2026-05-26 15:30:00+00:00,220.649994,220.785004,220.369995,220.399994,24937
2026-05-26 15:35:00+00:00,220.429993,220.610001,220.169998,220.309998,20578
2026-05-26 15:40:00+00:00,220.404999,220.440002,220.160004,220.309998,30510
2026-05-26 15:45:00+00:00,220.250000,220.309998,219.929993,219.929993,29668
2026-05-26 15:50:00+00:00,219.914993,220.070007,219.710007,219.755005,44854
2026-05-26 15:55:00+00:00,219.720001,220.179993,219.699997,220.154999,28080
2026-05-26 16:00:00+00:00,220.154999,220.154999,219.770004,219.820007,23018
2026-05-26 16:05:00+00:00,219.759995,219.889999,219.620193,219.845001,23752
2026-05-26 16:10:00+00:00,219.850006,219.979996,219.729996,219.809998,37490
2026-05-26 16:15:00+00:00,219.779999,220.125000,219.779999,220.070007,35293
2026-05-26 16:20:00+00:00,220.009995,220.070007,219.789993,220.029999,110317
2026-05-26 16:25:00+00:00,219.985001,220.137207,219.779999,219.820007,25498
2026-05-26 16:30:00+00:00,219.809998,219.880295,219.699997,219.699997,25237
2026-05-26 16:35:00+00:00,219.669998,219.789993,219.580002,219.625000,20751
2026-05-26 16:40:00+00:00,219.630005,219.630005,219.210007,219.300003,48870
2026-05-26 16:45:00+00:00,219.304993,219.439301,218.899994,219.000000,51634
2026-05-26 16:50:00+00:00,218.960007,219.119995,218.740005,218.899994,44176
2026-05-26 16:55:00+00:00,218.899994,218.899994,218.589996,218.589996,21672
2026-05-26 17:00:00+00:00,218.669998,218.850006,218.479996,218.774994,47448
2026-05-26 17:05:00+00:00,218.774994,219.100006,218.700104,218.899994,36495
2026-05-26 17:10:00+00:00,218.910004,219.337997,218.850006,219.130005,24640
2026-05-26 17:15:00+00:00,219.259995,219.259995,218.979996,219.050003,29291
2026-05-26 17:20:00+00:00,219.000000,219.369995,218.979996,219.279999,44371
2026-05-26 17:25:00+00:00,219.339996,219.600006,219.270004,219.544998,32959
2026-05-26 17:30:00+00:00,219.598206,219.690002,219.350098,219.559998,36334
2026-05-26 17:35:00+00:00,219.625000,219.670105,219.410995,219.434998,33807
2026-05-26 17:40:00+00:00,219.410004,219.434998,219.119995,219.259995,49328
2026-05-26 17:45:00+00:00,219.259995,219.490005,219.229996,219.289993,25903
2026-05-26 17:50:00+00:00,219.250000,219.460007,218.850006,218.934998,61531
2026-05-26 17:55:00+00:00,218.934998,219.255005,218.850006,219.255005,26309
2026-05-26 18:00:00+00:00,219.259995,219.330002,219.121002,219.229996,207341
2026-05-26 18:05:00+00:00,219.199997,219.369995,219.020004,219.255005,63520
2026-05-26 18:10:00+00:00,219.255005,219.470001,219.110001,219.449997,23632
2026-05-26 18:15:00+00:00,219.419998,219.610001,219.400101,219.550003,32226
2026-05-26 18:20:00+00:00,219.490005,219.679993,219.470001,219.619995,34426
2026-05-26 18:25:00+00:00,219.660004,219.699997,219.160004,219.410004,45150
2026-05-26 18:30:00+00:00,219.399994,219.490005,219.169998,219.285004,22072
2026-05-26 18:35:00+00:00,219.240005,219.550003,219.110001,219.550003,31881
2026-05-26 18:40:00+00:00,219.490005,219.490005,219.199997,219.210007,28102
2026-05-26 18:45:00+00:00,219.270004,219.320007,218.390106,218.497498,62152
2026-05-26 18:50:00+00:00,218.500000,218.839996,218.389999,218.565002,59014
2026-05-26 18:55:00+00:00,218.500000,218.535004,218.000000,218.080002,109036
2026-05-26 19:00:00+00:00,218.080002,218.300003,217.910004,218.235001,72718
2026-05-26 19:05:00+00:00,218.190598,218.500000,218.190598,218.255005,57037
2026-05-26 19:10:00+00:00,218.255005,218.380005,218.139999,218.270004,62572
2026-05-26 19:15:00+00:00,218.300003,218.360001,218.240005,218.279999,47325
2026-05-26 19:20:00+00:00,218.309998,218.809998,218.259995,218.690002,54042
2026-05-26 19:25:00+00:00,218.729996,218.729996,218.630005,218.669998,40306
2026-05-26 19:30:00+00:00,218.669998,219.139999,218.669998,218.809998,66307
2026-05-26 19:35:00+00:00,218.850006,218.880005,218.425003,218.619995,81958
2026-05-26 19:40:00+00:00,218.600006,218.820007,218.440002,218.809998,51531
2026-05-26 19:45:00+00:00,218.835007,219.074997,218.690094,219.014999,100490
2026-05-26 19:50:00+00:00,218.949997,219.570007,218.848007,219.559998,160179
2026-05-26 19:55:00+00:00,219.580002,219.710007,218.899994,218.940002,376434
2026-05-27 13:30:00+00:00,221.500000,223.619995,220.697495,222.815002,439179
2026-05-27 13:35:00+00:00,222.710007,224.050003,221.190002,221.419998,188607
2026-05-27 13:40:00+00:00,221.445007,222.500000,221.179993,222.500000,75740
2026-05-27 13:45:00+00:00,222.580002,223.369904,220.979996,221.175003,201781
2026-05-27 13:50:00+00:00,221.199997,222.880005,221.050003,222.220001,143688
2026-05-27 13:55:00+00:00,222.190002,222.550003,221.506302,221.929993,68199
2026-05-27 14:00:00+00:00,222.270004,224.100006,222.139999,223.335007,231067
2026-05-27 14:05:00+00:00,223.335007,225.800003,222.759995,225.360001,395689
2026-05-27 14:10:00+00:00,225.320007,226.800003,224.630005,226.130005,511611
2026-05-27 14:15:00+00:00,226.014999,226.899994,225.600006,226.514999,321984
2026-05-27 14:20:00+00:00,226.479996,226.654999,225.000000,225.619995,270039
2026-05-27 14:25:00+00:00,225.720001,226.089996,224.559998,225.789993,348239
2026-05-27 14:30:00+00:00,225.830002,226.729996,224.259995,224.539993,168502
2026-05-27 14:35:00+00:00,224.539993,224.800003,222.860001,223.289993,157119
2026-05-27 14:40:00+00:00,223.199997,223.199997,221.960007,222.179993,136417
2026-05-27 14:45:00+00:00,222.179993,223.239899,222.179993,222.783798,119967
2026-05-27 14:50:00+00:00,222.570007,222.772003,221.779999,221.979996,89179
2026-05-27 14:55:00+00:00,222.050003,222.999893,222.050003,222.585007,79406
2026-05-27 15:00:00+00:00,222.729996,223.550003,222.500000,223.479996,75927
2026-05-27 15:05:00+00:00,223.550003,223.800003,222.750000,222.880005,79459
2026-05-27 15:10:00+00:00,222.899994,223.529999,222.604996,223.395004,69496
2026-05-27 15:15:00+00:00,223.330002,223.360001,222.669998,222.820007,62008
2026-05-27 15:20:00+00:00,222.759995,222.929993,222.100006,222.815002,63995
2026-05-27 15:25:00+00:00,222.815002,223.049896,222.110001,222.550003,104984
2026-05-27 15:30:00+00:00,222.479996,223.339996,222.479996,223.149994,63263
2026-05-27 15:35:00+00:00,223.130005,223.179993,222.770004,222.809998,50205
2026-05-27 15:40:00+00:00,222.860001,222.919998,222.080002,222.169998,70529
2026-05-27 15:45:00+00:00,222.169998,222.639999,221.149994,221.149994,110844
2026-05-27 15:50:00+00:00,221.160004,221.440002,220.850006,221.169998,91577
2026-05-27 15:55:00+00:00,221.119995,221.440002,221.000000,221.360001,58373
2026-05-27 16:00:00+00:00,221.345001,221.429993,221.029999,221.259995,40469
2026-05-27 16:05:00+00:00,221.264999,221.505005,220.820007,221.505005,40874
2026-05-27 16:10:00+00:00,221.520004,221.719894,220.900497,220.900497,54241
2026-05-27 16:15:00+00:00,221.009995,221.820007,220.910004,221.354996,98062
2026-05-27 16:20:00+00:00,221.315002,222.300003,221.315002,221.664993,63085
2026-05-27 16:25:00+00:00,221.664993,222.300003,221.664993,222.279999,103976
2026-05-27 16:30:00+00:00,222.270004,223.130005,222.240097,223.000000,136408
2026-05-27 16:35:00+00:00,223.039993,223.399994,222.880005,223.309998,80632
2026-05-27 16:40:00+00:00,223.300003,223.839996,223.130096,223.169998,50455
2026-05-27 16:45:00+00:00,223.429901,223.440002,222.899994,223.070007,34179
2026-05-27 16:50:00+00:00,223.059998,223.179993,222.880005,223.005096,63832
2026-05-27 16:55:00+00:00,222.949997,223.199997,222.780106,223.160004,78126
2026-05-27 17:00:00+00:00,223.160004,223.210007,222.330093,222.475006,34225
2026-05-27 17:05:00+00:00,222.475006,222.475006,221.699997,222.009995,39919
2026-05-27 17:10:00+00:00,221.979996,222.250000,221.699997,221.925003,104425
2026-05-27 17:15:00+00:00,221.800003,222.449997,221.669998,222.369995,42678
2026-05-27 17:20:00+00:00,222.375000,222.979996,222.369995,222.490005,44259
2026-05-27 17:25:00+00:00,222.485001,222.689896,222.330002,222.574997,55354
2026-05-27 17:30:00+00:00,222.529999,222.839996,222.529999,222.744400,53234
2026-05-27 17:35:00+00:00,222.740005,223.399994,222.725006,223.179993,97914
2026-05-27 17:40:00+00:00,223.169998,223.250000,222.800003,222.800003,25422
2026-05-27 17:45:00+00:00,222.779999,222.989899,222.710007,222.830002,27019
2026-05-27 17:50:00+00:00,222.869995,222.979996,222.559998,222.804993,39044
2026-05-27 17:55:00+00:00,222.869995,222.979996,222.389999,222.479996,90307
2026-05-27 18:00:00+00:00,222.330093,222.559998,222.250000,222.255005,30013
2026-05-27 18:05:00+00:00,222.339996,222.565002,222.119995,222.565002,59874
2026-05-27 18:10:00+00:00,222.669998,222.837906,222.300003,222.345001,25814
2026-05-27 18:15:00+00:00,222.345001,222.720001,222.229996,222.690002,117723
2026-05-27 18:20:00+00:00,222.710007,223.139999,222.600098,223.089996,40605
2026-05-27 18:25:00+00:00,223.220001,223.479996,223.085007,223.369995,35160
2026-05-27 18:30:00+00:00,223.380005,223.740005,223.285004,223.535004,49769
2026-05-27 18:35:00+00:00,223.440002,224.360001,223.440002,224.240005,548506
2026-05-27 18:40:00+00:00,224.360001,224.589996,224.121109,224.485001,149242
2026-05-27 18:45:00+00:00,224.485001,224.660004,224.320007,224.570007,48773
2026-05-27 18:50:00+00:00,224.574997,224.759903,224.149994,224.639999,45404
2026-05-27 18:55:00+00:00,224.679993,224.699997,224.160004,224.205002,43563
2026-05-27 19:00:00+00:00,224.195007,224.470001,224.139999,224.300003,44103
2026-05-27 19:05:00+00:00,224.240005,224.439896,224.039993,224.274994,47641
2026-05-27 19:10:00+00:00,224.279999,224.669998,224.149994,224.660004,66337
2026-05-27 19:15:00+00:00,224.759995,225.345001,224.639999,225.100006,87180
2026-05-27 19:20:00+00:00,225.095001,225.550003,225.059998,225.164993,70486
2026-05-27 19:25:00+00:00,225.164993,225.570007,225.085007,225.544998,72080
2026-05-27 19:30:00+00:00,225.559998,226.059998,225.559998,225.690002,147515
2026-05-27 19:35:00+00:00,225.720001,226.160004,225.690002,225.979996,108888
2026-05-27 19:40:00+00:00,225.979996,226.149994,225.250397,225.339996,93226
2026-05-27 19:45:00+00:00,225.389999,225.582199,224.070007,224.179993,163383
2026-05-27 19:50:00+00:00,224.059998,224.990005,223.899994,224.710007,126837
2026-05-27 19:55:00+00:00,224.750000,224.884995,224.199997,224.399994,370579
2026-05-28 13:30:00+00:00,224.000000,225.600006,222.845001,225.490005,188750
2026-05-28 13:35:00+00:00,225.057999,225.770004,223.623993,223.623993,58347
2026-05-28 13:40:00+00:00,223.720001,224.830002,223.399994,224.630005,81992
2026-05-28 13:45:00+00:00,224.639999,226.300003,224.559998,226.125000,99901
2026-05-28 13:50:00+00:00,226.000000,226.699997,225.595001,226.399994,111441
2026-05-28 13:55:00+00:00,226.419998,226.570007,225.729996,225.820007,86508
2026-05-28 14:00:00+00:00,225.815002,227.020004,225.779999,226.304993,108636
2026-05-28 14:05:00+00:00,226.304993,227.250000,226.050003,227.119995,93798
2026-05-28 14:10:00+00:00,227.134995,229.389999,226.800003,229.289993,278553
2026-05-28 14:15:00+00:00,229.274994,229.440002,228.470001,229.149994,182314
2026-05-28 14:20:00+00:00,229.110001,229.250000,228.259995,229.250000,81181
2026-05-28 14:25:00+00:00,229.070007,229.149994,227.750000,228.350006,74036
2026-05-28 14:30:00+00:00,228.410004,228.999893,227.929993,228.029999,55646
2026-05-28 14:35:00+00:00,228.029999,228.255005,227.029999,227.100006,107550
2026-05-28 14:40:00+00:00,227.229904,227.342194,226.902496,226.949997,91659
2026-05-28 14:45:00+00:00,226.899994,227.330002,226.550095,227.031403,130941
2026-05-28 14:50:00+00:00,226.994995,227.925003,226.919998,227.714996,74962
2026-05-28 14:55:00+00:00,227.714996,228.229996,227.550003,228.212799,84365
2026-05-28 15:00:00+00:00,228.179993,229.350006,228.130005,229.309998,97656
2026-05-28 15:05:00+00:00,229.279999,229.440002,228.660004,228.835007,75934
2026-05-28 15:10:00+00:00,228.835007,228.866104,228.360001,228.860001,37429
2026-05-28 15:15:00+00:00,228.690002,229.080002,228.649994,229.039993,40865
2026-05-28 15:20:00+00:00,229.009995,229.139999,228.529999,228.580002,45441
2026-05-28 15:25:00+00:00,228.610001,229.020004,228.520096,229.000000,41548
2026-05-28 15:30:00+00:00,228.940002,229.009995,228.440094,228.809998,37093
2026-05-28 15:35:00+00:00,228.800003,229.000000,228.600006,228.740005,38352
2026-05-28 15:40:00+00:00,228.699997,228.824997,228.630005,228.630005,24946
2026-05-28 15:45:00+00:00,228.630005,228.679993,228.380096,228.490005,27980
2026-05-28 15:50:00+00:00,228.490005,228.750000,228.397995,228.675003,28795
2026-05-28 15:55:00+00:00,228.710007,228.869995,228.419998,228.550003,29289
2026-05-28 16:00:00+00:00,228.485001,228.690002,228.485001,228.634995,34945
2026-05-28 16:05:00+00:00,228.634995,228.880005,228.470001,228.639999,46764
2026-05-28 16:10:00+00:00,228.634995,228.840698,228.479996,228.779999,33084
2026-05-28 16:15:00+00:00,228.774994,228.899994,228.520004,228.850006,39447
2026-05-28 16:20:00+00:00,228.860001,229.139999,228.710098,228.710098,47475
2026-05-28 16:25:00+00:00,228.785004,228.820007,228.410004,228.410004,19810
2026-05-28 16:30:00+00:00,228.445007,228.539993,228.010101,228.539993,39262
2026-05-28 16:35:00+00:00,228.595001,228.595001,228.220001,228.259995,25358
2026-05-28 16:40:00+00:00,228.270004,228.630005,228.270004,228.610001,41084
2026-05-28 16:45:00+00:00,228.649994,228.800003,228.589996,228.714996,28885
2026-05-28 16:50:00+00:00,228.720001,229.109894,228.699997,229.070099,36872
2026-05-28 16:55:00+00:00,229.059998,229.649994,229.059998,229.592499,57229
2026-05-28 17:00:00+00:00,229.630005,229.880005,229.339996,229.770004,75081
2026-05-28 17:05:00+00:00,229.770004,229.910004,229.419998,229.544998,49796
2026-05-28 17:10:00+00:00,229.630005,229.649994,229.104996,229.104996,33822
2026-05-28 17:15:00+00:00,229.104996,229.304993,229.021698,229.110001,31338
2026-05-28 17:20:00+00:00,229.100006,229.160004,228.839996,228.869995,70484
2026-05-28 17:25:00+00:00,228.850006,228.884995,228.509995,228.880005,857196
2026-05-28 17:30:00+00:00,228.820007,228.820007,228.550003,228.619995,28907
2026-05-28 17:35:00+00:00,228.660004,228.744995,228.190002,228.274994,88704
2026-05-28 17:40:00+00:00,228.229996,228.539993,228.000000,228.539993,62562
2026-05-28 17:45:00+00:00,228.539993,228.679993,228.360001,228.619995,40635
2026-05-28 17:50:00+00:00,228.589996,228.938004,228.500000,228.649994,30737
2026-05-28 17:55:00+00:00,228.610001,228.699997,228.449997,228.485001,23494
2026-05-28 18:00:00+00:00,228.485001,228.664993,228.420105,228.615005,25145
2026-05-28 18:05:00+00:00,228.660004,228.895004,228.552002,228.661407,42239
2026-05-28 18:10:00+00:00,228.610001,228.789993,228.389999,228.679993,31708
2026-05-28 18:15:00+00:00,228.669998,228.889999,228.649994,228.740005,36194
2026-05-28 18:20:00+00:00,228.785004,228.899902,228.649994,228.824997,35478
2026-05-28 18:25:00+00:00,228.824997,228.925003,228.449997,228.479996,33070
2026-05-28 18:30:00+00:00,228.485001,228.699997,228.360992,228.445007,31250
2026-05-28 18:35:00+00:00,228.360107,228.469894,228.250000,228.285004,33844
2026-05-28 18:40:00+00:00,228.285004,228.375000,228.229996,228.270004,25476
2026-05-28 18:45:00+00:00,228.274994,228.350006,228.199997,228.309998,40103
2026-05-28 18:50:00+00:00,228.369995,228.740005,228.350006,228.669998,40360
2026-05-28 18:55:00+00:00,228.679993,228.970001,228.649994,228.860001,41959
2026-05-28 19:00:00+00:00,228.869995,229.149994,228.679993,228.699997,58950
2026-05-28 19:05:00+00:00,228.660004,228.744995,228.570007,228.735001,31513
2026-05-28 19:10:00+00:00,228.779999,228.899994,228.399994,228.529999,69505
2026-05-28 19:15:00+00:00,228.494995,228.850006,228.449997,228.774994,41887
2026-05-28 19:20:00+00:00,228.744995,229.039993,228.660004,229.039001,47198
2026-05-28 19:25:00+00:00,229.050003,229.149994,228.904999,229.100006,49647
2026-05-28 19:30:00+00:00,229.139999,229.172104,228.570007,228.595001,63276
2026-05-28 19:35:00+00:00,228.570007,228.830002,228.460007,228.815002,71786
2026-05-28 19:40:00+00:00,228.809998,229.110001,228.580002,229.100006,69130
2026-05-28 19:45:00+00:00,229.074997,229.270004,229.016495,229.259995,65955
2026-05-28 19:50:00+00:00,229.214996,229.369995,229.119995,229.137497,130834
2026-05-28 19:55:00+00:00,229.137497,229.336395,228.720001,228.789902,282626
2026-05-29 13:30:00+00:00,228.440002,228.690002,226.664993,226.669998,187296
2026-05-29 13:35:00+00:00,226.929993,227.499893,226.250000,226.990005,109527
2026-05-29 13:40:00+00:00,226.826828,227.699997,226.350098,227.679993,60651
2026-05-29 13:45:00+00:00,227.684998,229.179993,227.610001,228.354996,97224
2026-05-29 13:50:00+00:00,228.354996,228.639893,228.149994,228.494995,63911
2026-05-29 13:55:00+00:00,228.539993,229.470001,228.500000,229.059998,61824
2026-05-29 14:00:00+00:00,229.229904,229.229904,228.399994,228.789993,54674
2026-05-29 14:05:00+00:00,228.820007,229.229996,228.570007,229.229996,33948
2026-05-29 14:10:00+00:00,229.255005,229.369995,228.800003,228.845001,36745
2026-05-29 14:15:00+00:00,228.789993,229.360001,228.419998,229.074997,63075
2026-05-29 14:20:00+00:00,229.023605,229.250000,228.860001,229.130005,39408
2026-05-29 14:25:00+00:00,229.125000,229.300003,228.679993,229.300003,47970
2026-05-29 14:30:00+00:00,229.259995,229.359100,228.589996,228.830002,58883
2026-05-29 14:35:00+00:00,228.710007,228.899994,228.365005,228.470001,92920
2026-05-29 14:40:00+00:00,228.470001,228.789993,228.070999,228.789993,47920
2026-05-29 14:45:00+00:00,228.669998,228.789993,228.479996,228.634995,28180
2026-05-29 14:50:00+00:00,228.649994,230.250000,228.455002,230.119995,158815
2026-05-29 14:55:00+00:00,230.215103,230.389999,229.615005,229.675003,59782
2026-05-29 15:00:00+00:00,229.675003,230.580002,229.675003,230.529999,64641
2026-05-29 15:05:00+00:00,230.529999,230.979996,230.419998,230.695007,71314
2026-05-29 15:10:00+00:00,230.695007,231.699997,230.629303,231.649994,103778
2026-05-29 15:15:00+00:00,231.649994,232.020004,231.610107,231.794998,76062
2026-05-29 15:20:00+00:00,231.794998,231.850006,231.449997,231.684998,39156
2026-05-29 15:25:00+00:00,231.684998,231.759995,231.460007,231.610001,41591
2026-05-29 15:30:00+00:00,231.600006,231.759995,231.399994,231.679993,39039
2026-05-29 15:35:00+00:00,231.699997,231.710007,231.320099,231.330002,31822
2026-05-29 15:40:00+00:00,231.380005,231.539993,231.085007,231.250000,69119
2026-05-29 15:45:00+00:00,231.274994,231.304993,230.779999,231.014999,50711
2026-05-29 15:50:00+00:00,230.979996,231.240005,230.910599,231.179993,57787
2026-05-29 15:55:00+00:00,231.210007,231.500000,231.139999,231.479996,35789
2026-05-29 16:00:00+00:00,231.479996,231.629898,231.020004,231.104996,26738
2026-05-29 16:05:00+00:00,231.100006,231.649994,231.050095,231.410004,55433
2026-05-29 16:10:00+00:00,231.460007,231.464996,231.184998,231.341797,24006
2026-05-29 16:15:00+00:00,231.300003,231.389999,231.000000,231.149994,23015
2026-05-29 16:20:00+00:00,231.119995,231.485001,231.061493,231.425003,29903
2026-05-29 16:25:00+00:00,231.425003,231.750000,231.395004,231.479996,48587
2026-05-29 16:30:00+00:00,231.470001,231.720001,231.350006,231.699097,34723
2026-05-29 16:35:00+00:00,231.750000,232.130005,231.740295,232.095001,63883
2026-05-29 16:40:00+00:00,232.119995,232.300003,232.000000,232.270004,34716
2026-05-29 16:45:00+00:00,232.285995,232.285995,231.789993,231.809998,40791
2026-05-29 16:50:00+00:00,231.759995,231.779907,231.509995,231.600006,27656
2026-05-29 16:55:00+00:00,231.660004,231.699997,231.199997,231.330002,37753
2026-05-29 17:00:00+00:00,231.304993,231.360001,230.860001,230.934998,21740
2026-05-29 17:05:00+00:00,230.934998,231.177902,230.919998,231.054993,29070
2026-05-29 17:10:00+00:00,231.115005,231.315002,231.070007,231.300003,19627
2026-05-29 17:15:00+00:00,231.229996,231.229996,230.949997,231.100006,640306
2026-05-29 17:20:00+00:00,231.085007,231.139999,230.850006,231.029999,36856
2026-05-29 17:25:00+00:00,231.044998,231.044998,230.649994,230.789993,32819
2026-05-29 17:30:00+00:00,230.789993,231.035004,230.789993,230.945007,20474
2026-05-29 17:35:00+00:00,230.990005,231.050003,230.910004,230.979996,13389
2026-05-29 17:40:00+00:00,230.964996,231.028793,230.699997,230.699997,22481
2026-05-29 17:45:00+00:00,230.640198,230.789993,230.610001,230.710007,25923
2026-05-29 17:50:00+00:00,230.705002,231.110001,230.630096,231.100006,25099
2026-05-29 17:55:00+00:00,231.100006,231.100006,230.850006,230.910095,29221
2026-05-29 18:00:00+00:00,230.899994,231.029999,230.820007,230.850006,27648
2026-05-29 18:05:00+00:00,230.850006,230.985001,230.809998,230.914993,17467
2026-05-29 18:10:00+00:00,230.960007,231.024994,230.899994,230.955002,19111
2026-05-29 18:15:00+00:00,231.000000,231.149002,230.870102,230.925003,18062
2026-05-29 18:20:00+00:00,230.925003,231.070007,230.880005,231.024994,18566
2026-05-29 18:25:00+00:00,231.000000,231.089996,230.970001,231.080002,13753
2026-05-29 18:30:00+00:00,231.044998,231.149994,230.729996,230.929993,47799
2026-05-29 18:35:00+00:00,230.910004,230.925003,230.675003,230.824997,25789
2026-05-29 18:40:00+00:00,230.824997,230.940002,230.750000,230.759995,25992
2026-05-29 18:45:00+00:00,230.759995,230.759995,230.054993,230.460007,37538
2026-05-29 18:50:00+00:00,230.470001,230.630005,230.399994,230.559998,24414
2026-05-29 18:55:00+00:00,230.520004,230.664993,230.440002,230.514999,27277
2026-05-29 19:00:00+00:00,230.559998,230.750000,230.369995,230.750000,26943
2026-05-29 19:05:00+00:00,230.729996,231.149994,230.714996,231.100006,48488
2026-05-29 19:10:00+00:00,231.089996,231.190002,230.699997,231.110001,45573
2026-05-29 19:15:00+00:00,231.139999,231.225006,231.000000,231.020004,30765
2026-05-29 19:20:00+00:00,231.039993,231.199997,231.000000,231.149994,26359
2026-05-29 19:25:00+00:00,231.154999,231.259995,231.029999,231.220001,28551
2026-05-29 19:30:00+00:00,231.259995,231.539993,231.229996,231.505005,59273
2026-05-29 19:35:00+00:00,231.500000,231.550003,231.320007,231.464996,65029
2026-05-29 19:40:00+00:00,231.410004,231.479996,231.095001,231.104996,66850
2026-05-29 19:45:00+00:00,231.080002,231.110001,230.529999,230.654999,100444
2026-05-29 19:50:00+00:00,230.699997,231.029999,230.410004,230.720001,119567
2026-05-29 19:55:00+00:00,230.770004,231.240005,230.720001,231.070007,319034
2026-06-01 13:30:00+00:00,228.360001,228.800003,223.729996,224.350006,391901
2026-06-01 13:35:00+00:00,224.470001,225.410095,224.100006,224.679993,298897
2026-06-01 13:40:00+00:00,224.619995,225.690002,224.500000,225.240005,145883
2026-06-01 13:45:00+00:00,225.164993,225.729996,224.949997,225.195007,104067
2026-06-01 13:50:00+00:00,225.199997,225.339996,224.479996,225.044998,207642
2026-06-01 13:55:00+00:00,225.029999,225.085007,224.360001,224.389999,153563
2026-06-01 14:00:00+00:00,224.449997,225.414993,224.360001,224.839996,120413
2026-06-01 14:05:00+00:00,224.824997,224.955002,224.100006,224.494385,96140
2026-06-01 14:10:00+00:00,224.580002,224.619995,223.520004,223.639893,104362
2026-06-01 14:15:00+00:00,223.630005,223.824997,222.820007,222.880005,115574
2026-06-01 14:20:00+00:00,222.899902,222.955002,222.369995,222.695007,107137
2026-06-01 14:25:00+00:00,222.699997,222.865005,222.210007,222.710098,114309
2026-06-01 14:30:00+00:00,222.779999,223.500000,222.330002,223.339996,105473
2026-06-01 14:35:00+00:00,223.339996,223.919998,223.270004,223.499893,124024
2026-06-01 14:40:00+00:00,223.470001,224.380005,223.455002,224.380005,101950
2026-06-01 14:45:00+00:00,224.350006,224.369995,223.781006,224.154999,58567
2026-06-01 14:50:00+00:00,224.074707,224.509995,223.690002,223.869995,100979
2026-06-01 14:55:00+00:00,223.794998,224.059998,223.550095,224.059998,66192
2026-06-01 15:00:00+00:00,224.050003,224.315002,223.753006,224.240005,40223
2026-06-01 15:05:00+00:00,224.255005,224.704300,224.149994,224.470093,73122
2026-06-01 15:10:00+00:00,224.360001,224.500000,224.250000,224.250000,41904
2026-06-01 15:15:00+00:00,224.250000,224.279999,223.940002,224.100006,35617
2026-06-01 15:20:00+00:00,224.100006,224.580002,224.100006,224.500000,51765
2026-06-01 15:25:00+00:00,224.470001,224.500000,224.195007,224.195007,40826
2026-06-01 15:30:00+00:00,224.199997,224.750000,224.164597,224.436813,90988
2026-06-01 15:35:00+00:00,224.464996,224.710007,224.330002,224.449997,96256
2026-06-01 15:40:00+00:00,224.449997,224.669998,224.300003,224.559998,47755
2026-06-01 15:45:00+00:00,224.619995,224.620102,224.300003,224.505005,32258
2026-06-01 15:50:00+00:00,224.559998,224.789993,224.380005,224.470093,36841
2026-06-01 15:55:00+00:00,224.420105,224.869995,224.410004,224.860001,45959
2026-06-01 16:00:00+00:00,224.925003,225.440002,224.920105,225.335007,69599
2026-06-01 16:05:00+00:00,225.330002,225.860001,225.190002,225.289993,112976
2026-06-01 16:10:00+00:00,225.399994,225.399994,225.000000,225.054993,52956
2026-06-01 16:15:00+00:00,225.021973,225.054993,224.449005,224.600098,61275
2026-06-01 16:20:00+00:00,224.695007,224.789993,224.557495,224.679993,45488
2026-06-01 16:25:00+00:00,224.779999,224.800003,224.479996,224.585007,42947
2026-06-01 16:30:00+00:00,224.619995,224.660004,224.500000,224.649994,29052
2026-06-01 16:35:00+00:00,224.649994,224.710007,224.410004,224.509995,24912
2026-06-01 16:40:00+00:00,224.531647,224.600006,224.470001,224.550003,33273
2026-06-01 16:45:00+00:00,224.585007,224.729996,224.500000,224.645004,22679
2026-06-01 16:50:00+00:00,224.645004,225.100006,224.300003,225.074997,75198
2026-06-01 16:55:00+00:00,225.042801,225.042801,224.770004,224.785004,28127
2026-06-01 17:00:00+00:00,224.785004,224.940002,224.250000,224.279999,56659
2026-06-01 17:05:00+00:00,224.360001,224.360001,224.039993,224.209900,30529
2026-06-01 17:10:00+00:00,224.179993,224.339905,224.050095,224.059998,26014
2026-06-01 17:15:00+00:00,224.050095,224.309998,224.039993,224.250000,42773
2026-06-01 17:20:00+00:00,224.309998,224.544998,224.229996,224.410004,22247
2026-06-01 17:25:00+00:00,224.389999,225.020004,224.339996,224.882507,57680
2026-06-01 17:30:00+00:00,225.029999,225.199997,224.539993,224.539993,55832
2026-06-01 17:35:00+00:00,224.520004,224.649994,224.380005,224.544998,41496
2026-06-01 17:40:00+00:00,224.550003,225.014999,224.369995,224.610001,57236
2026-06-01 17:45:00+00:00,224.757996,224.939896,224.600006,224.634995,28609
2026-06-01 17:50:00+00:00,224.634995,224.719894,224.460007,224.460007,24817
2026-06-01 17:55:00+00:00,224.500000,224.550003,224.460007,224.494995,20201
2026-06-01 18:00:00+00:00,224.494995,224.649994,224.250000,224.410004,30757
2026-06-01 18:05:00+00:00,224.412292,224.559998,224.350006,224.550003,26088
2026-06-01 18:10:00+00:00,224.554993,224.759995,224.550003,224.660004,32841
2026-06-01 18:15:00+00:00,224.619995,224.755005,224.510101,224.744995,33548
2026-06-01 18:20:00+00:00,224.740005,224.800003,224.639999,224.710007,37906
2026-06-01 18:25:00+00:00,224.710007,224.850006,224.660004,224.714996,26025
2026-06-01 18:30:00+00:00,224.679993,224.735001,224.440002,224.490005,29232
2026-06-01 18:35:00+00:00,224.500000,224.539993,224.410004,224.460007,30770
2026-06-01 18:40:00+00:00,224.485001,224.524994,224.183197,224.183197,43444
2026-06-01 18:45:00+00:00,224.220001,224.300003,224.119995,224.259995,43284
2026-06-01 18:50:00+00:00,224.294998,224.447006,224.260101,224.309998,24989
2026-06-01 18:55:00+00:00,224.365005,224.520004,224.250000,224.399994,47613
2026-06-01 19:00:00+00:00,224.404999,224.500000,224.260101,224.279999,27444
2026-06-01 19:05:00+00:00,224.320007,224.369995,224.250000,224.324997,28862
2026-06-01 19:10:00+00:00,224.350006,224.589996,224.345001,224.529999,44324
2026-06-01 19:15:00+00:00,224.529999,224.880005,224.389999,224.869995,66389
2026-06-01 19:20:00+00:00,224.820007,225.024994,224.779999,225.009995,60046
2026-06-01 19:25:00+00:00,225.009903,225.009995,224.785004,225.000000,58415
2026-06-01 19:30:00+00:00,224.994995,225.375000,224.910095,225.190002,105776
2026-06-01 19:35:00+00:00,225.279999,225.279999,224.500000,224.500000,51326
2026-06-01 19:40:00+00:00,224.520004,224.520004,224.250000,224.294998,56135
2026-06-01 19:45:00+00:00,224.304993,224.559998,224.300003,224.514999,75031
2026-06-01 19:50:00+00:00,224.509995,224.695007,224.050003,224.080002,115697
2026-06-01 19:55:00+00:00,224.059998,224.529999,224.009995,224.354996,270742
2026-06-02 13:30:00+00:00,222.520004,224.690002,221.690002,223.309998,204576
2026-06-02 13:35:00+00:00,223.240005,223.315002,222.130005,222.375000,97257
2026-06-02 13:40:00+00:00,222.360001,222.817993,221.500000,221.520004,117437
2026-06-02 13:45:00+00:00,221.639999,222.239899,220.430893,220.690002,96782
2026-06-02 13:50:00+00:00,220.690002,221.000000,220.369995,220.509995,80082
2026-06-02 13:55:00+00:00,220.544998,220.740005,219.619995,219.940002,154717
2026-06-02 14:00:00+00:00,220.000000,220.759995,219.520004,220.130005,98162
2026-06-02 14:05:00+00:00,220.220001,220.529999,219.889999,220.449997,63999
2026-06-02 14:10:00+00:00,220.445007,220.970001,220.380005,220.764999,74603
2026-06-02 14:15:00+00:00,220.720001,220.979996,220.600006,220.695007,67338
2026-06-02 14:20:00+00:00,220.789993,220.869995,220.070007,220.404999,53191
2026-06-02 14:25:00+00:00,220.404999,220.600006,220.259995,220.479996,46829
2026-06-02 14:30:00+00:00,220.490005,220.690002,220.009995,220.445007,70156
2026-06-02 14:35:00+00:00,220.440002,220.727493,220.100006,220.529999,44576
2026-06-02 14:40:00+00:00,220.600006,221.300003,220.520004,221.009995,82985
2026-06-02 14:45:00+00:00,221.009995,221.199203,220.539993,220.604996,53679
2026-06-02 14:50:00+00:00,220.709900,221.380005,220.330002,221.154999,100208
2026-06-02 14:55:00+00:00,221.145004,221.240005,220.380005,220.494995,56216
2026-06-02 15:00:00+00:00,220.437195,220.749893,220.350006,220.380005,67786
2026-06-02 15:05:00+00:00,220.380005,220.949997,220.350006,220.940002,33576
2026-06-02 15:10:00+00:00,220.904999,221.100006,220.449997,220.449997,51147
2026-06-02 15:15:00+00:00,220.369995,220.505005,220.220001,220.354996,33742
2026-06-02 15:20:00+00:00,220.300003,220.369995,219.800003,219.904999,78570
2026-06-02 15:25:00+00:00,219.929993,220.070007,219.070007,219.179993,109336
2026-06-02 15:30:00+00:00,219.149994,219.169998,218.570007,218.570007,109412
2026-06-02 15:35:00+00:00,218.559998,218.639999,218.110001,218.429993,99843
2026-06-02 15:40:00+00:00,218.399994,218.690002,218.179993,218.479996,125256
2026-06-02 15:45:00+00:00,218.479996,218.899994,218.100006,218.134995,99382
2026-06-02 15:50:00+00:00,218.169907,218.229996,217.429993,217.585007,154749
2026-06-02 15:55:00+00:00,217.600006,217.649994,216.720001,217.279999,134207
2026-06-02 16:00:00+00:00,217.259995,217.460007,217.000000,217.130005,108687
2026-06-02 16:05:00+00:00,217.016693,217.157898,216.860001,217.020004,114975
2026-06-02 16:10:00+00:00,216.985001,217.229996,216.889999,216.929993,67537
2026-06-02 16:15:00+00:00,216.949997,216.979996,216.369995,216.455002,112014
2026-06-02 16:20:00+00:00,216.455002,216.539993,215.589996,215.725006,198071
2026-06-02 16:25:00+00:00,215.710007,216.100006,215.320007,215.335007,146896
2026-06-02 16:30:00+00:00,215.339996,215.610001,215.009995,215.544998,169546
2026-06-02 16:35:00+00:00,215.570007,215.909897,215.448807,215.669998,114772
2026-06-02 16:40:00+00:00,215.739899,216.389999,215.649994,216.369995,149079
2026-06-02 16:45:00+00:00,216.380005,216.449997,215.660004,215.854996,84332
2026-06-02 16:50:00+00:00,215.858902,215.880005,215.300003,215.315002,88332
2026-06-02 16:55:00+00:00,215.359894,215.970001,215.270004,215.810104,70306
2026-06-02 17:00:00+00:00,215.845001,216.440002,215.809998,216.330002,84181
2026-06-02 17:05:00+00:00,216.240005,216.470001,215.938095,216.350006,108509
2026-06-02 17:10:00+00:00,216.429901,216.500000,216.009995,216.479996,63727
2026-06-02 17:15:00+00:00,216.530396,216.530396,216.105896,216.429993,58721
2026-06-02 17:20:00+00:00,216.500000,216.580002,216.050003,216.229996,49976
2026-06-02 17:25:00+00:00,216.255005,216.389893,216.130005,216.300003,32560
2026-06-02 17:30:00+00:00,216.266907,216.770004,216.266907,216.750000,68427
2026-06-02 17:35:00+00:00,216.748993,216.827896,216.533401,216.744995,56466
2026-06-02 17:40:00+00:00,216.669998,217.149994,216.619995,216.720001,105381
2026-06-02 17:45:00+00:00,216.684998,217.554993,216.684998,217.149994,86186
2026-06-02 17:50:00+00:00,217.108505,217.274994,216.809998,216.809998,44453
2026-06-02 17:55:00+00:00,216.889999,216.889999,216.600098,216.740005,49915
2026-06-02 18:00:00+00:00,216.740005,216.860001,216.339996,216.399994,45400
2026-06-02 18:05:00+00:00,216.399994,217.059998,216.399994,216.895004,40892
2026-06-02 18:10:00+00:00,216.895004,217.080002,216.850006,217.059906,38937
2026-06-02 18:15:00+00:00,217.009995,217.149994,216.884995,217.000000,42281
2026-06-02 18:20:00+00:00,216.975006,217.199997,216.975006,217.085007,39346
2026-06-02 18:25:00+00:00,217.039993,217.240005,216.970001,216.979996,36741
2026-06-02 18:30:00+00:00,216.960007,216.960007,216.660004,216.824997,48434
2026-06-02 18:35:00+00:00,216.889694,217.039902,216.850006,216.860001,39647
2026-06-02 18:40:00+00:00,216.869995,217.149994,216.850006,217.149994,35010
2026-06-02 18:45:00+00:00,217.119995,217.149994,216.699997,216.800003,43288
2026-06-02 18:50:00+00:00,216.819901,216.889999,216.725006,216.800003,56999
2026-06-02 18:55:00+00:00,216.783096,216.899994,216.679993,216.679993,54401
2026-06-02 19:00:00+00:00,216.684998,216.770004,216.550003,216.720001,71219
2026-06-02 19:05:00+00:00,216.740005,216.789993,216.660004,216.785004,46202
2026-06-02 19:10:00+00:00,216.785004,216.824997,216.490005,216.690002,66168
2026-06-02 19:15:00+00:00,216.679993,216.789200,216.544998,216.625000,63546
2026-06-02 19:20:00+00:00,216.580002,216.695007,216.460007,216.604996,52432
2026-06-02 19:25:00+00:00,216.604996,216.743698,216.399994,216.434998,87641
2026-06-02 19:30:00+00:00,216.470001,216.729996,216.429993,216.639999,94414
2026-06-02 19:35:00+00:00,216.645004,216.750000,216.429993,216.729996,86317
2026-06-02 19:40:00+00:00,216.740005,217.050003,216.720001,217.000000,97044
2026-06-02 19:45:00+00:00,216.990005,217.009995,216.789993,216.929993,112421
2026-06-02 19:50:00+00:00,216.949997,217.419998,216.929993,217.360001,223291
2026-06-02 19:55:00+00:00,217.369003,217.860001,217.270096,217.720001,471698
2026-06-03 13:30:00+00:00,216.100006,216.299896,214.850006,214.949997,267886
2026-06-03 13:35:00+00:00,214.820007,215.639999,214.660004,215.522095,78064
2026-06-03 13:40:00+00:00,215.449997,215.939804,214.910004,214.990005,97816
2026-06-03 13:45:00+00:00,214.899994,215.059998,214.520096,214.764999,120046
2026-06-03 13:50:00+00:00,214.759995,216.000000,214.679993,215.720001,79479
2026-06-03 13:55:00+00:00,215.710007,216.350006,215.418503,215.524994,77222
2026-06-03 14:00:00+00:00,215.524994,216.050003,215.250000,215.669998,52052
2026-06-03 14:05:00+00:00,215.827606,216.184998,215.526001,215.770004,95205
2026-06-03 14:10:00+00:00,215.770004,215.910004,215.250000,215.345001,47402
2026-06-03 14:15:00+00:00,215.345001,215.345001,214.679993,214.735001,84824
2026-06-03 14:20:00+00:00,214.729996,215.574997,214.720001,215.330002,79582
2026-06-03 14:25:00+00:00,215.330002,215.520004,214.820007,214.899994,98855
2026-06-03 14:30:00+00:00,214.899994,215.330002,214.750000,214.940002,65825
2026-06-03 14:35:00+00:00,214.983505,215.209900,214.850006,214.970001,29128
2026-06-03 14:40:00+00:00,214.985001,215.000000,214.520004,214.964996,52073
2026-06-03 14:45:00+00:00,214.960007,215.199997,214.800003,214.880005,39796
2026-06-03 14:50:00+00:00,214.880005,214.929001,214.600006,214.908997,33084
2026-06-03 14:55:00+00:00,214.839996,214.929993,214.690002,214.740005,23691
2026-06-03 15:00:00+00:00,214.681198,214.829895,214.429993,214.500000,75593
2026-06-03 15:05:00+00:00,214.559998,214.639893,214.220093,214.380005,53587
2026-06-03 15:10:00+00:00,214.350006,214.550003,214.119995,214.240005,38156
2026-06-03 15:15:00+00:00,214.240005,214.379898,214.100006,214.154999,32006
2026-06-03 15:20:00+00:00,214.164993,214.190002,213.889999,214.139999,96808
2026-06-03 15:25:00+00:00,214.145004,214.399902,214.100006,214.320007,56406
2026-06-03 15:30:00+00:00,214.320007,214.589996,214.130005,214.399994,30918
2026-06-03 15:35:00+00:00,214.399994,214.580002,214.200104,214.520004,37409
2026-06-03 15:40:00+00:00,214.455002,214.630005,214.440002,214.550003,26684
2026-06-03 15:45:00+00:00,214.514999,214.570007,214.354996,214.509995,21419
2026-06-03 15:50:00+00:00,214.509995,214.539993,214.350006,214.404999,67612
2026-06-03 15:55:00+00:00,214.380005,214.589996,214.220001,214.550003,32085
2026-06-03 16:00:00+00:00,214.589996,214.729996,214.270004,214.270004,29385
2026-06-03 16:05:00+00:00,214.169998,214.380005,214.110107,214.270004,26245
2026-06-03 16:10:00+00:00,214.264999,214.600006,214.251999,214.399994,27035
2026-06-03 16:15:00+00:00,214.339996,214.389999,214.100006,214.160004,19170
2026-06-03 16:20:00+00:00,214.160004,214.259995,213.880005,214.100006,62518
2026-06-03 16:25:00+00:00,214.160004,214.160004,213.800003,213.904999,43522
2026-06-03 16:30:00+00:00,213.919998,214.189896,213.899994,214.089996,29155
2026-06-03 16:35:00+00:00,214.139999,214.160004,213.911407,214.000000,41478
2026-06-03 16:40:00+00:00,213.929993,213.970001,213.880005,213.945007,14378
2026-06-03 16:45:00+00:00,213.990005,214.050003,213.729996,213.865005,38614
2026-06-03 16:50:00+00:00,213.860001,213.899994,213.610001,213.669998,39494
2026-06-03 16:55:00+00:00,213.660004,213.779999,213.509995,213.529999,41702
2026-06-03 17:00:00+00:00,213.509995,213.869995,213.410004,213.759995,60307
2026-06-03 17:05:00+00:00,213.779999,214.009995,213.619995,213.960007,34747
2026-06-03 17:10:00+00:00,213.955002,214.149994,213.860001,213.860001,52617
2026-06-03 17:15:00+00:00,213.850006,213.910004,213.330002,213.500000,55199
2026-06-03 17:20:00+00:00,213.500000,213.610001,213.419998,213.475006,22215
2026-06-03 17:25:00+00:00,213.490005,213.509995,213.300003,213.369995,34030
2026-06-03 17:30:00+00:00,213.369995,213.720001,213.369995,213.720001,25538
2026-06-03 17:35:00+00:00,213.660995,213.792007,213.529999,213.720001,21029
2026-06-03 17:40:00+00:00,213.669998,213.875000,213.660004,213.850006,34892
2026-06-03 17:45:00+00:00,213.850006,213.919006,213.440002,213.440002,30103
2026-06-03 17:50:00+00:00,213.440002,213.710007,213.400101,213.710007,35063
2026-06-03 17:55:00+00:00,213.660004,213.779999,213.580002,213.699997,26954
2026-06-03 18:00:00+00:00,213.695007,213.725006,213.350006,213.440002,54331
2026-06-03 18:05:00+00:00,213.505005,213.505005,213.250000,213.309998,56530
2026-06-03 18:10:00+00:00,213.279999,213.929993,213.279999,213.785004,46476
2026-06-03 18:15:00+00:00,213.779999,213.779999,213.360001,213.445007,34663
2026-06-03 18:20:00+00:00,213.309998,213.600006,213.229996,213.419998,28829
2026-06-03 18:25:00+00:00,213.425003,213.567093,213.309998,213.339996,28359
2026-06-03 18:30:00+00:00,213.339996,213.389999,212.860001,212.895004,98548
2026-06-03 18:35:00+00:00,212.869995,212.970001,212.699997,212.910095,50660
2026-06-03 18:40:00+00:00,212.914993,212.914993,212.500000,212.500000,50803
2026-06-03 18:45:00+00:00,212.539993,212.570007,212.070007,212.110001,79251
2026-06-03 18:50:00+00:00,212.154999,212.210007,212.000000,212.149994,80315
2026-06-03 18:55:00+00:00,212.134995,212.410004,212.040100,212.110001,57552
2026-06-03 19:00:00+00:00,212.070007,212.104996,211.761002,211.845001,78932
2026-06-03 19:05:00+00:00,211.839996,211.985001,211.744995,211.934998,70986
2026-06-03 19:10:00+00:00,211.949997,212.169998,211.839996,212.059998,71864
2026-06-03 19:15:00+00:00,212.059998,212.110001,211.779999,211.839996,112021
2026-06-03 19:20:00+00:00,211.845001,211.860001,211.612106,211.679993,102385
2026-06-03 19:25:00+00:00,211.660004,211.725006,211.529999,211.600006,105149
2026-06-03 19:30:00+00:00,211.600006,211.649994,211.449997,211.550003,103389
2026-06-03 19:35:00+00:00,211.550003,211.660004,211.289993,211.490005,115520
2026-06-03 19:40:00+00:00,211.490005,211.610001,210.429993,210.479996,263668
2026-06-03 19:45:00+00:00,210.475006,210.654999,210.059998,210.119995,390601
2026-06-03 19:50:00+00:00,210.115005,210.360001,209.630005,210.119995,496737
2026-06-03 19:55:00+00:00,210.119995,211.110001,209.889999,210.610001,852396
2026-06-04 13:30:00+00:00,213.000000,215.820007,212.800003,214.779999,464251
2026-06-04 13:35:00+00:00,214.985001,215.220001,213.130005,213.389999,111659
2026-06-04 13:40:00+00:00,213.490005,214.499893,213.179993,214.160004,73799
2026-06-04 13:45:00+00:00,214.179993,215.309906,213.800003,215.149994,106655
2026-06-04 13:50:00+00:00,215.050003,216.080002,215.050003,215.759995,162675
2026-06-04 13:55:00+00:00,215.759995,216.500000,215.646194,216.470001,126809
2026-06-04 14:00:00+00:00,216.500000,216.850006,216.000000,216.229996,100670
2026-06-04 14:05:00+00:00,216.330002,216.500000,215.839996,216.410004,84700
2026-06-04 14:10:00+00:00,216.315002,216.669998,216.029999,216.164993,59532
2026-06-04 14:15:00+00:00,216.130005,216.270004,215.699997,215.934998,51022
2026-06-04 14:20:00+00:00,216.000000,216.320007,215.570007,216.134995,50077
2026-06-04 14:25:00+00:00,216.298798,216.889999,216.000000,216.559998,73851
2026-06-04 14:30:00+00:00,216.570007,216.740005,216.089996,216.110001,62248
2026-06-04 14:35:00+00:00,216.380005,216.550003,215.990005,216.100006,32373
2026-06-04 14:40:00+00:00,216.095001,216.095001,215.550003,215.634995,36523
2026-06-04 14:45:00+00:00,215.595001,215.899994,215.130005,215.369995,42247
2026-06-04 14:50:00+00:00,215.279999,215.690002,215.250000,215.655502,52507
2026-06-04 14:55:00+00:00,215.645004,215.750000,214.919998,215.259995,740511
2026-06-04 15:00:00+00:00,215.259995,215.315002,214.960007,215.195007,22256
2026-06-04 15:05:00+00:00,215.175003,215.949997,215.130096,215.759995,23009
2026-06-04 15:10:00+00:00,215.779999,216.149994,215.580002,216.119995,38847
2026-06-04 15:15:00+00:00,216.009995,216.369995,215.970001,216.020004,41498
2026-06-04 15:20:00+00:00,216.119995,216.244995,215.750000,216.190002,28030
2026-06-04 15:25:00+00:00,216.190002,216.250000,215.789993,215.975006,31507
2026-06-04 15:30:00+00:00,215.979996,216.085007,215.710007,215.800003,35807
2026-06-04 15:35:00+00:00,215.809998,216.000000,215.710007,215.789993,28224
2026-06-04 15:40:00+00:00,215.750000,215.869995,215.450104,215.720001,26774
2026-06-04 15:45:00+00:00,215.759995,215.903793,215.696198,215.770004,25851
2026-06-04 15:50:00+00:00,215.720001,216.309906,215.570007,216.139999,48545
2026-06-04 15:55:00+00:00,216.190002,216.190002,215.720001,215.759995,29932
2026-06-04 16:00:00+00:00,215.735001,216.000000,215.735001,215.850006,23846
2026-06-04 16:05:00+00:00,215.839996,216.319901,215.809998,216.225006,30543
2026-06-04 16:10:00+00:00,216.160004,216.195007,216.033997,216.139893,15901
2026-06-04 16:15:00+00:00,216.139999,216.396698,216.104996,216.160095,34773
2026-06-04 16:20:00+00:00,216.160004,216.210007,215.940002,216.070007,33311
2026-06-04 16:25:00+00:00,216.145004,216.410004,216.070007,216.380005,30541
2026-06-04 16:30:00+00:00,216.369995,216.759995,216.169998,216.629196,62800
2026-06-04 16:35:00+00:00,216.610001,216.750000,216.550095,216.699997,26138
2026-06-04 16:40:00+00:00,216.639999,216.690002,216.500000,216.610001,24711
2026-06-04 16:45:00+00:00,216.649994,216.660004,216.399994,216.399994,27843
2026-06-04 16:50:00+00:00,216.309998,216.520004,216.190002,216.335007,30132
2026-06-04 16:55:00+00:00,216.309998,216.379196,216.039993,216.225006,27756
2026-06-04 17:00:00+00:00,216.225006,216.500000,216.020996,216.500000,25619
2026-06-04 17:05:00+00:00,216.500000,216.899994,216.449997,216.869995,39637
2026-06-04 17:10:00+00:00,216.899994,217.139999,216.809998,217.000000,47521
2026-06-04 17:15:00+00:00,217.035004,217.179993,216.850006,217.160004,30830
2026-06-04 17:20:00+00:00,217.139999,217.164993,216.820007,216.889999,19248
2026-06-04 17:25:00+00:00,216.869995,217.449997,216.740005,217.399994,57541
2026-06-04 17:30:00+00:00,217.380005,217.589996,217.315002,217.360001,37071
2026-06-04 17:35:00+00:00,217.410004,217.470001,217.260101,217.425003,31706
2026-06-04 17:40:00+00:00,217.429993,217.699997,217.371704,217.675003,64909
2026-06-04 17:45:00+00:00,217.669998,217.970001,217.585007,217.925003,38449
2026-06-04 17:50:00+00:00,217.929993,218.160004,217.839996,217.880005,58788
2026-06-04 17:55:00+00:00,217.880005,218.410004,217.880005,218.410004,39156
2026-06-04 18:00:00+00:00,218.449997,218.550003,218.110001,218.179993,46105
2026-06-04 18:05:00+00:00,218.169998,218.419998,217.869995,217.945007,62759
2026-06-04 18:10:00+00:00,217.945007,218.239899,217.940002,218.100006,24111
2026-06-04 18:15:00+00:00,218.139999,218.300003,218.065002,218.300003,21495
2026-06-04 18:20:00+00:00,218.330002,218.639999,218.110001,218.610001,58334
2026-06-04 18:25:00+00:00,218.580704,218.799393,218.578995,218.720001,29080
2026-06-04 18:30:00+00:00,218.720001,218.720001,218.559998,218.589996,34410
2026-06-04 18:35:00+00:00,218.580002,218.699997,218.300003,218.699997,91043
2026-06-04 18:40:00+00:00,218.615005,218.699997,218.350006,218.350006,40926
2026-06-04 18:45:00+00:00,218.320007,218.399902,218.110001,218.250000,35286
2026-06-04 18:50:00+00:00,218.274994,218.529999,218.229996,218.449997,40164
2026-06-04 18:55:00+00:00,218.449997,218.600006,218.419998,218.485001,31300
2026-06-04 19:00:00+00:00,218.475006,218.600006,218.419998,218.589996,40629
2026-06-04 19:05:00+00:00,218.649994,218.770004,218.565002,218.660004,46726
2026-06-04 19:10:00+00:00,218.639999,218.919998,218.570007,218.789993,55353
2026-06-04 19:15:00+00:00,218.774994,219.050003,218.774994,218.979996,65257
2026-06-04 19:20:00+00:00,219.020004,221.600006,218.699997,220.375000,611859
2026-06-04 19:25:00+00:00,220.410004,220.470001,218.630005,219.190002,382003
2026-06-04 19:30:00+00:00,219.190002,219.380005,218.259995,218.440002,201364
2026-06-04 19:35:00+00:00,218.369995,218.547806,217.910004,218.419998,228194
2026-06-04 19:40:00+00:00,218.410004,218.449997,217.860001,218.240005,117358
2026-06-04 19:45:00+00:00,218.300003,218.520004,217.889999,217.889999,137395
2026-06-04 19:50:00+00:00,217.899994,218.300003,217.600006,217.610001,188089
2026-06-04 19:55:00+00:00,217.649994,217.740005,217.110001,217.429993,588335
2026-06-05 13:30:00+00:00,216.580002,216.999893,214.570007,216.289993,173029
2026-06-05 13:35:00+00:00,216.315002,217.399994,215.670105,217.380005,72040
2026-06-05 13:40:00+00:00,217.330002,217.630005,216.660004,216.945007,52511
2026-06-05 13:45:00+00:00,216.779999,217.179993,216.160004,216.345001,43512
2026-06-05 13:50:00+00:00,216.218002,216.869995,216.218002,216.679993,25686
2026-06-05 13:55:00+00:00,216.610001,217.059998,216.160004,216.179993,32394
2026-06-05 14:00:00+00:00,216.179993,217.199997,215.940002,216.759995,54767
2026-06-05 14:05:00+00:00,216.910004,217.000000,216.360001,216.649994,30966
2026-06-05 14:10:00+00:00,216.695007,217.259995,216.695007,216.899994,78067
2026-06-05 14:15:00+00:00,216.904999,217.100006,216.529999,216.675003,41426
2026-06-05 14:20:00+00:00,216.589996,216.684998,215.889999,215.889999,45077
2026-06-05 14:25:00+00:00,215.904999,216.009995,215.600006,215.836594,41136
2026-06-05 14:30:00+00:00,215.770004,216.369904,215.645996,215.854996,60849
2026-06-05 14:35:00+00:00,215.854996,216.369995,215.854996,216.244995,28442
2026-06-05 14:40:00+00:00,216.304993,216.529907,216.169998,216.205002,32733
2026-06-05 14:45:00+00:00,216.130005,216.205002,215.639999,216.085007,40254
2026-06-05 14:50:00+00:00,216.139999,217.179993,216.035004,217.080093,48690
2026-06-05 14:55:00+00:00,217.184998,218.050003,217.059998,217.945007,91729
2026-06-05 15:00:00+00:00,217.839996,218.369995,217.370102,217.419998,99491
2026-06-05 15:05:00+00:00,217.429993,217.699905,217.029999,217.139999,45714
2026-06-05 15:10:00+00:00,217.089996,217.300003,216.720001,217.240005,38702
2026-06-05 15:15:00+00:00,217.240005,217.690002,217.050003,217.490005,42619
2026-06-05 15:20:00+00:00,217.514999,217.679993,217.100098,217.600006,35153
2026-06-05 15:25:00+00:00,217.509995,217.899994,217.240005,217.395004,55481
2026-06-05 15:30:00+00:00,217.404999,217.679993,217.110001,217.309998,36512
2026-06-05 15:35:00+00:00,217.360001,217.839996,216.460007,216.884995,100737
2026-06-05 15:40:00+00:00,216.779999,216.830002,216.160004,216.429993,71716
2026-06-05 15:45:00+00:00,216.330002,216.910004,216.330002,216.854996,22630
2026-06-05 15:50:00+00:00,216.800003,217.315002,216.770004,217.154999,44591
2026-06-05 15:55:00+00:00,217.104996,217.104996,216.529999,216.811295,40484
2026-06-05 16:00:00+00:00,216.610001,216.699997,216.339996,216.460007,32105
2026-06-05 16:05:00+00:00,216.460007,216.460007,215.899994,216.029999,31340
2026-06-05 16:10:00+00:00,215.979996,216.259903,215.696899,216.125000,31233
2026-06-05 16:15:00+00:00,216.119995,216.190002,215.669998,215.835007,25517
2026-06-05 16:20:00+00:00,215.794998,216.080002,215.630005,215.880005,28581
2026-06-05 16:25:00+00:00,215.964996,216.279999,215.860001,215.860001,25335
2026-06-05 16:30:00+00:00,215.710007,215.839996,215.610107,215.839996,64958
2026-06-05 16:35:00+00:00,215.770004,216.324997,215.630005,216.190002,33488
2026-06-05 16:40:00+00:00,216.139999,216.229996,215.199997,215.324997,26510
2026-06-05 16:45:00+00:00,215.449997,215.669998,215.100006,215.649994,37304
2026-06-05 16:50:00+00:00,215.690002,216.115005,215.610001,216.115005,21777
2026-06-05 16:55:00+00:00,216.149994,216.250000,215.970001,216.184998,18408
2026-06-05 17:00:00+00:00,216.130005,216.410004,215.949997,216.410004,28759
2026-06-05 17:05:00+00:00,216.419998,216.500000,216.250000,216.464996,25000
2026-06-05 17:10:00+00:00,216.490005,216.544998,216.039993,216.080002,15590
2026-06-05 17:15:00+00:00,216.050003,216.129898,215.779999,215.880005,20381
2026-06-05 17:20:00+00:00,215.800003,216.419907,215.759995,216.220001,37085
2026-06-05 17:25:00+00:00,216.199997,216.419998,216.000000,216.315002,23470
2026-06-05 17:30:00+00:00,216.315002,216.554993,216.130005,216.554993,38578
2026-06-05 17:35:00+00:00,216.529999,216.600006,216.179993,216.304993,75776
2026-06-05 17:40:00+00:00,216.304993,216.304993,215.970001,216.000000,23678
2026-06-05 17:45:00+00:00,216.000000,216.570007,215.330002,216.350006,131661
2026-06-05 17:50:00+00:00,216.190094,217.050003,216.100006,216.889999,67790
2026-06-05 17:55:00+00:00,216.809998,216.809998,216.039993,216.229996,37394
2026-06-05 18:00:00+00:00,216.199997,216.350006,215.500107,215.500107,21824
2026-06-05 18:05:00+00:00,215.529999,215.929993,215.414993,215.899994,21697
2026-06-05 18:10:00+00:00,215.860001,216.000000,215.690002,215.774994,24657
2026-06-05 18:15:00+00:00,215.690002,215.714996,215.179993,215.179993,30288
2026-06-05 18:20:00+00:00,215.274994,215.531403,215.274994,215.350006,23972
2026-06-05 18:25:00+00:00,215.395004,215.395004,215.039993,215.130096,28986
2026-06-05 18:30:00+00:00,215.130005,215.289993,215.029999,215.220001,26514
2026-06-05 18:35:00+00:00,215.195007,215.350006,215.091293,215.190002,38858
2026-06-05 18:40:00+00:00,215.190002,215.210007,215.039993,215.125000,31211
2026-06-05 18:45:00+00:00,215.130096,215.279999,214.600006,214.895004,71481
2026-06-05 18:50:00+00:00,214.895004,215.009995,214.281204,214.414993,52398
2026-06-05 18:55:00+00:00,214.414993,214.794998,214.270004,214.475006,54456
2026-06-05 19:00:00+00:00,214.430603,214.500000,214.130005,214.283798,47995
2026-06-05 19:05:00+00:00,214.300003,214.460007,214.119995,214.199997,63101
2026-06-05 19:10:00+00:00,214.250000,214.369904,213.800003,213.869995,53900
2026-06-05 19:15:00+00:00,213.919998,213.979996,213.630005,213.764999,71565
2026-06-05 19:20:00+00:00,213.759995,214.039993,213.669998,213.845001,61521
2026-06-05 19:25:00+00:00,213.910004,214.070007,213.794998,213.860001,53201
2026-06-05 19:30:00+00:00,213.899994,214.250000,213.850601,214.235001,64977
2026-06-05 19:35:00+00:00,214.225006,214.690002,214.199997,214.675003,56383
2026-06-05 19:40:00+00:00,214.669998,214.850006,214.479996,214.770004,73883
2026-06-05 19:45:00+00:00,214.729996,215.199997,214.630005,215.199997,80668
2026-06-05 19:50:00+00:00,215.220001,215.557495,215.085007,215.350006,135290
2026-06-05 19:55:00+00:00,215.309998,215.789993,215.220093,215.460007,303386
2026-06-08 13:30:00+00:00,216.300003,217.789993,215.000000,217.000000,270169
2026-06-08 13:35:00+00:00,216.809998,216.854996,215.738998,215.839996,89634
2026-06-08 13:40:00+00:00,215.784637,216.044998,215.070007,215.440002,31707
2026-06-08 13:45:00+00:00,215.639999,216.119995,215.539993,215.639999,32573
2026-06-08 13:50:00+00:00,215.789993,216.259995,215.554993,216.190002,48526
2026-06-08 13:55:00+00:00,216.104996,216.419998,215.869995,216.100006,40125
2026-06-08 14:00:00+00:00,216.255005,217.270004,216.255005,216.684998,67320
2026-06-08 14:05:00+00:00,216.610001,216.979996,216.610001,216.919998,35804
2026-06-08 14:10:00+00:00,216.919998,217.000000,216.369995,216.580002,89561
2026-06-08 14:15:00+00:00,216.580002,216.800003,216.340698,216.410004,46784
2026-06-08 14:20:00+00:00,216.410004,216.949997,216.410004,216.824997,32257
2026-06-08 14:25:00+00:00,216.756104,217.419998,216.720001,217.255005,68541
2026-06-08 14:30:00+00:00,217.330002,217.789902,217.240005,217.460007,55711
2026-06-08 14:35:00+00:00,217.445007,217.699997,216.901001,216.919998,44212
2026-06-08 14:40:00+00:00,217.074997,217.179993,216.380005,216.919998,46935
2026-06-08 14:45:00+00:00,217.169998,217.190002,216.695007,216.740005,21950
2026-06-08 14:50:00+00:00,216.690002,216.690002,216.434998,216.464996,32108
2026-06-08 14:55:00+00:00,216.399994,216.660004,216.221695,216.610001,26281
2026-06-08 15:00:00+00:00,216.610001,216.750000,215.869995,215.869995,51295
2026-06-08 15:05:00+00:00,215.869995,216.250000,215.830002,215.949997,21422
2026-06-08 15:10:00+00:00,215.975006,216.440002,215.820007,216.345001,18612
2026-06-08 15:15:00+00:00,216.365005,216.559998,216.313507,216.462494,26848
2026-06-08 15:20:00+00:00,216.490005,216.759995,216.130096,216.759995,20739
2026-06-08 15:25:00+00:00,216.690002,216.869995,215.889999,215.889999,29076
2026-06-08 15:30:00+00:00,215.899994,215.994995,215.471802,215.585007,39222
2026-06-08 15:35:00+00:00,215.671005,216.199997,215.479996,216.190002,37554
2026-06-08 15:40:00+00:00,216.160004,216.300003,216.029999,216.059998,22402
2026-06-08 15:45:00+00:00,216.119995,216.259995,215.960007,216.050003,17117
2026-06-08 15:50:00+00:00,215.990005,216.300003,215.990005,216.220001,15471
2026-06-08 15:55:00+00:00,216.264999,216.264999,215.860001,215.875000,36587
2026-06-08 16:00:00+00:00,215.940002,216.130005,215.690002,216.130005,42948
2026-06-08 16:05:00+00:00,216.125000,216.410004,216.125000,216.240005,43731
2026-06-08 16:10:00+00:00,216.220001,216.419998,216.169998,216.399994,22641
2026-06-08 16:15:00+00:00,216.399994,217.100006,216.399994,217.024994,32536
2026-06-08 16:20:00+00:00,217.024994,217.244995,216.610001,216.639999,46198
2026-06-08 16:25:00+00:00,216.690002,216.899994,216.559998,216.610001,22049
2026-06-08 16:30:00+00:00,216.615005,216.690002,216.399994,216.490005,23174
2026-06-08 16:35:00+00:00,216.550003,216.690002,216.449997,216.610001,19838
2026-06-08 16:40:00+00:00,216.554993,216.589996,216.169998,216.570007,20082
2026-06-08 16:45:00+00:00,216.490005,216.690002,216.399994,216.690002,23013
2026-06-08 16:50:00+00:00,216.770004,216.866806,216.460007,216.470001,20889
2026-06-08 16:55:00+00:00,216.529999,216.544998,216.360001,216.399994,15068
2026-06-08 17:00:00+00:00,216.360001,216.399994,215.985001,216.115005,29684
2026-06-08 17:05:00+00:00,216.050003,216.404999,216.009995,216.160004,19346
2026-06-08 17:10:00+00:00,216.160004,216.244995,215.960098,216.151001,18103
2026-06-08 17:15:00+00:00,216.160004,216.238007,215.735001,215.750000,29592
2026-06-08 17:20:00+00:00,215.800003,215.839996,215.610001,215.679993,19564
2026-06-08 17:25:00+00:00,215.649994,215.940002,215.619995,215.880005,23785
2026-06-08 17:30:00+00:00,215.860001,215.959900,215.419998,215.460007,34576
2026-06-08 17:35:00+00:00,215.570007,215.899994,215.440002,215.880005,14214
2026-06-08 17:40:00+00:00,215.889999,215.960007,215.750000,215.854996,33390
2026-06-08 17:45:00+00:00,215.854996,216.179993,215.770004,216.095001,19989
2026-06-08 17:50:00+00:00,216.100006,216.119995,215.929993,215.929993,22116
2026-06-08 17:55:00+00:00,215.964996,216.035904,215.842194,215.914993,16872
2026-06-08 18:00:00+00:00,215.869995,216.130005,215.869995,216.009995,25567
2026-06-08 18:05:00+00:00,215.970001,216.134995,215.850006,215.949997,22521
2026-06-08 18:10:00+00:00,216.009995,216.009995,215.729996,215.875000,36272
2026-06-08 18:15:00+00:00,215.875000,216.000000,215.811096,215.869995,41206
2026-06-08 18:20:00+00:00,215.925003,216.149994,215.869995,216.059998,23520
2026-06-08 18:25:00+00:00,216.119995,216.219894,215.970001,215.994995,24869
2026-06-08 18:30:00+00:00,216.000000,216.220001,216.000000,216.039993,31095
2026-06-08 18:35:00+00:00,216.054306,216.059998,215.920105,215.990005,25930
2026-06-08 18:40:00+00:00,216.009995,216.359894,216.009995,216.309998,25453
2026-06-08 18:45:00+00:00,216.347504,216.483795,216.240005,216.250000,17627
2026-06-08 18:50:00+00:00,216.360001,216.360001,216.149994,216.309998,18741
2026-06-08 18:55:00+00:00,216.289993,216.330002,215.869995,215.869995,27057
2026-06-08 19:00:00+00:00,215.880005,216.195007,215.649994,216.195007,70847
2026-06-08 19:05:00+00:00,216.220001,216.382904,216.119995,216.119995,14361
2026-06-08 19:10:00+00:00,216.070007,216.070007,215.720001,215.729996,20625
2026-06-08 19:15:00+00:00,215.699997,215.710007,215.440002,215.479996,28701
2026-06-08 19:20:00+00:00,215.419998,215.759903,215.339996,215.350006,48806
2026-06-08 19:25:00+00:00,215.350006,215.690002,215.199997,215.669998,48235
2026-06-08 19:30:00+00:00,215.710007,215.869995,215.619995,215.839905,46776
2026-06-08 19:35:00+00:00,215.850006,215.899902,215.699997,215.764999,38624
2026-06-08 19:40:00+00:00,215.764999,215.830002,215.600006,215.600006,53865
2026-06-08 19:45:00+00:00,215.669998,215.929993,215.669998,215.770004,46583
2026-06-08 19:50:00+00:00,215.800003,215.899994,215.425003,215.537003,77393
2026-06-08 19:55:00+00:00,215.535004,215.940002,215.300003,215.929993,166529
2026-06-09 13:30:00+00:00,216.500000,218.337601,216.010101,217.759995,133514
2026-06-09 13:35:00+00:00,217.929993,218.820007,217.410004,218.720001,93330
2026-06-09 13:40:00+00:00,218.741486,218.857300,218.039993,218.570007,62732
2026-06-09 13:45:00+00:00,218.429993,218.899994,218.199997,218.714996,62639
2026-06-09 13:50:00+00:00,218.729996,219.740005,218.610001,219.585007,99598
2026-06-09 13:55:00+00:00,219.630005,219.800003,218.639999,219.199997,125774
2026-06-09 14:00:00+00:00,219.149994,219.750000,219.000107,219.440002,49551
2026-06-09 14:05:00+00:00,219.440094,220.009995,219.306000,219.687500,78649
2026-06-09 14:10:00+00:00,219.600006,219.699997,218.750000,218.759995,52476
2026-06-09 14:15:00+00:00,218.789993,218.815094,217.539993,217.710007,93922
2026-06-09 14:20:00+00:00,217.875000,218.565002,217.729996,218.524994,41889
2026-06-09 14:25:00+00:00,218.589996,218.649994,217.940002,218.029999,47962
2026-06-09 14:30:00+00:00,217.940002,218.500000,217.800003,218.009995,30200
2026-06-09 14:35:00+00:00,217.899994,217.960007,217.630096,217.949997,20202
2026-06-09 14:40:00+00:00,218.000000,218.039902,217.399994,217.509995,23037
2026-06-09 14:45:00+00:00,217.600006,217.600006,215.870102,215.970001,51731
2026-06-09 14:50:00+00:00,215.869995,216.789902,215.650101,216.289993,31812
2026-06-09 14:55:00+00:00,216.190002,216.754501,216.130005,216.585007,32844
2026-06-09 15:00:00+00:00,216.649994,216.794998,216.164993,216.300003,33148
2026-06-09 15:05:00+00:00,216.375000,216.610001,216.080002,216.610001,32667
2026-06-09 15:10:00+00:00,216.690002,216.960007,215.949997,216.134995,59665
2026-06-09 15:15:00+00:00,216.134995,216.250000,215.160004,215.164993,41412
2026-06-09 15:20:00+00:00,215.164993,215.248306,214.369995,214.574997,54279
2026-06-09 15:25:00+00:00,214.429993,214.455002,212.970001,213.039993,73381
2026-06-09 15:30:00+00:00,213.039993,213.740005,212.960007,213.500000,54631
2026-06-09 15:35:00+00:00,213.584305,213.929993,213.214996,213.789993,42570
2026-06-09 15:40:00+00:00,213.860001,214.250000,213.759995,213.990005,31008
2026-06-09 15:45:00+00:00,213.960007,214.134995,213.800003,213.899307,46142
2026-06-09 15:50:00+00:00,213.899902,214.129898,213.620102,213.860001,44149
2026-06-09 15:55:00+00:00,213.880005,213.880005,213.229996,213.380005,45846
2026-06-09 16:00:00+00:00,213.434998,214.009995,213.369995,213.869995,34634
2026-06-09 16:05:00+00:00,213.750000,214.029999,213.619995,213.740005,36383
2026-06-09 16:10:00+00:00,213.759995,213.774994,213.309998,213.309998,34717
2026-06-09 16:15:00+00:00,213.470001,213.490005,212.539993,212.720001,48728
2026-06-09 16:20:00+00:00,212.720001,213.619904,212.449997,213.619904,47112
2026-06-09 16:25:00+00:00,213.490005,213.990005,213.490005,213.854996,30839
2026-06-09 16:30:00+00:00,213.699997,214.789993,213.539993,214.559998,42387
2026-06-09 16:35:00+00:00,214.630005,215.110001,212.880005,213.059998,81615
2026-06-09 16:40:00+00:00,212.800003,213.199997,212.640106,212.889999,94832
2026-06-09 16:45:00+00:00,212.770004,213.300003,212.610001,212.914993,73978
2026-06-09 16:50:00+00:00,212.914993,213.130005,212.259995,212.279999,81950
2026-06-09 16:55:00+00:00,212.300003,213.250000,212.229996,213.035004,49477
2026-06-09 17:00:00+00:00,213.095001,213.529999,212.809998,213.419998,52814
2026-06-09 17:05:00+00:00,213.410004,213.634995,213.259995,213.520004,23442
2026-06-09 17:10:00+00:00,213.460007,213.690002,213.059998,213.470001,44201
2026-06-09 17:15:00+00:00,213.429993,213.940002,213.210007,213.850006,25494
2026-06-09 17:20:00+00:00,213.850006,214.279999,213.800003,214.190002,43741
2026-06-09 17:25:00+00:00,214.210007,214.350006,214.119995,214.304993,24562
2026-06-09 17:30:00+00:00,214.354996,214.472198,213.884995,214.380005,25286
2026-06-09 17:35:00+00:00,214.384995,214.869995,214.220001,214.640396,20644
2026-06-09 17:40:00+00:00,214.735001,215.500000,214.735001,215.360001,84256
2026-06-09 17:45:00+00:00,215.360001,215.490005,214.710007,214.779999,71738
2026-06-09 17:50:00+00:00,214.770004,215.410004,214.770004,215.220001,12522
2026-06-09 17:55:00+00:00,215.130005,215.279999,215.080002,215.139999,25200
2026-06-09 18:00:00+00:00,215.139999,215.460007,215.059998,215.179993,47710
2026-06-09 18:05:00+00:00,215.110001,215.244095,214.910004,215.060501,31092
2026-06-09 18:10:00+00:00,215.000000,215.149994,214.639999,214.860001,45045
2026-06-09 18:15:00+00:00,214.850006,214.880005,214.369995,214.789993,44201
2026-06-09 18:20:00+00:00,214.919998,214.919998,214.639999,214.899994,18783
2026-06-09 18:25:00+00:00,214.895004,214.979996,214.770004,214.919998,23273
2026-06-09 18:30:00+00:00,214.940002,215.380005,214.880005,215.229996,31794
2026-06-09 18:35:00+00:00,215.240005,215.600006,215.179993,215.529999,28645
2026-06-09 18:40:00+00:00,215.479996,215.520004,215.170105,215.225006,23263
2026-06-09 18:45:00+00:00,215.300003,215.610001,215.289993,215.554993,27676
2026-06-09 18:50:00+00:00,215.565002,215.770004,215.399994,215.634995,35824
2026-06-09 18:55:00+00:00,215.600006,215.880005,215.440002,215.570007,30445
2026-06-09 19:00:00+00:00,215.625000,215.625000,215.080002,215.130005,39345
2026-06-09 19:05:00+00:00,215.100006,215.203598,214.699997,214.939896,92684
2026-06-09 19:10:00+00:00,214.720001,214.804993,214.429993,214.520004,32619
2026-06-09 19:15:00+00:00,214.500000,214.607529,214.080002,214.449997,63924
2026-06-09 19:20:00+00:00,214.399994,214.740005,214.339996,214.600006,40983
2026-06-09 19:25:00+00:00,214.595001,214.744995,214.399994,214.645004,36180
2026-06-09 19:30:00+00:00,214.645004,214.729996,214.139999,214.170105,53569
2026-06-09 19:35:00+00:00,214.330002,214.589996,214.071899,214.080002,36413
2026-06-09 19:40:00+00:00,214.080002,214.190002,213.679993,213.684998,50137
2026-06-09 19:45:00+00:00,213.595001,214.199997,213.309998,214.184998,132357
2026-06-09 19:50:00+00:00,214.220001,214.550003,213.830002,214.350006,147961
2026-06-09 19:55:00+00:00,214.389999,215.199997,214.285004,214.520004,290676
2026-06-10 13:30:00+00:00,213.065002,213.065002,209.880005,210.404999,326470
2026-06-10 13:35:00+00:00,210.404999,212.148499,210.220001,212.041702,85316
2026-06-10 13:40:00+00:00,211.964996,213.380005,211.932495,213.380005,52216
2026-06-10 13:45:00+00:00,213.440002,213.500000,212.520004,212.940002,70358
2026-06-10 13:50:00+00:00,212.810104,213.240005,212.500000,213.059998,57398
2026-06-10 13:55:00+00:00,213.050003,213.699997,212.634995,212.746094,53758
2026-06-10 14:00:00+00:00,212.830002,212.925003,212.130005,212.544998,37214
2026-06-10 14:05:00+00:00,212.550003,212.785004,212.059998,212.419998,43942
2026-06-10 14:10:00+00:00,212.490005,212.719894,212.250000,212.250000,48161
2026-06-10 14:15:00+00:00,212.289993,212.289993,210.660095,210.699997,94901
2026-06-10 14:20:00+00:00,210.729996,211.039993,210.500000,210.610001,113723
2026-06-10 14:25:00+00:00,210.664993,210.895599,210.380005,210.500000,72239
2026-06-10 14:30:00+00:00,210.550003,210.688995,210.000000,210.500000,73311
2026-06-10 14:35:00+00:00,210.500000,210.550003,210.149994,210.195007,42800
2026-06-10 14:40:00+00:00,210.240005,210.639999,210.130005,210.220001,56298
2026-06-10 14:45:00+00:00,210.235001,210.378403,209.580002,209.740005,116828
2026-06-10 14:50:00+00:00,209.740005,209.798996,209.190002,209.475006,85443
2026-06-10 14:55:00+00:00,209.500000,209.769897,208.700104,209.059998,89485
2026-06-10 15:00:00+00:00,209.050003,209.759995,208.809998,209.130005,57761
2026-06-10 15:05:00+00:00,209.175003,209.175003,208.710007,208.884995,48976
2026-06-10 15:10:00+00:00,208.910004,208.910004,208.419998,208.570007,69005
2026-06-10 15:15:00+00:00,208.500000,208.500000,208.009995,208.225006,88241
2026-06-10 15:20:00+00:00,208.130005,208.897995,208.130005,208.604996,47223
2026-06-10 15:25:00+00:00,208.500000,209.000000,208.500000,208.830002,32665
2026-06-10 15:30:00+00:00,208.824997,209.059998,208.610001,208.729996,49823
2026-06-10 15:35:00+00:00,208.850006,209.139999,208.600006,208.779999,47085
2026-06-10 15:40:00+00:00,208.869995,209.279999,208.690002,209.195007,39675
2026-06-10 15:45:00+00:00,209.175003,209.449997,208.220001,208.639999,88277
2026-06-10 15:50:00+00:00,208.779999,208.969894,208.059998,208.449997,97967
2026-06-10 15:55:00+00:00,208.447495,208.909897,208.250000,208.860001,35152
2026-06-10 16:00:00+00:00,208.820007,208.899902,208.250000,208.544998,30571
2026-06-10 16:05:00+00:00,208.514999,208.729996,208.300003,208.524994,34694
2026-06-10 16:10:00+00:00,208.464996,208.580002,208.199997,208.419998,35861
2026-06-10 16:15:00+00:00,208.460007,209.009995,208.350098,208.964996,65587
2026-06-10 16:20:00+00:00,208.919998,209.070007,208.539993,208.539993,51396
2026-06-10 16:25:00+00:00,208.565002,208.649994,208.399994,208.449997,35437
2026-06-10 16:30:00+00:00,208.484207,208.580002,208.070007,208.580002,44555
2026-06-10 16:35:00+00:00,208.440002,208.889999,208.399994,208.669998,26173
2026-06-10 16:40:00+00:00,208.600006,208.759995,208.300003,208.595001,19100
2026-06-10 16:45:00+00:00,208.419998,208.506195,208.139999,208.404999,27728
2026-06-10 16:50:00+00:00,208.404999,208.759995,208.369995,208.429993,30648
2026-06-10 16:55:00+00:00,208.380005,208.500000,207.949997,208.350006,81888
2026-06-10 17:00:00+00:00,208.449997,208.679901,208.210007,208.669907,29128
2026-06-10 17:05:00+00:00,208.570007,208.669998,208.199997,208.554993,88035
2026-06-10 17:10:00+00:00,208.460007,208.720596,208.250000,208.559998,16452
2026-06-10 17:15:00+00:00,208.449997,208.729996,208.399994,208.729904,22646
2026-06-10 17:20:00+00:00,208.600006,208.869995,208.600006,208.759995,25509
2026-06-10 17:25:00+00:00,208.770004,208.889999,208.710007,208.889893,16512
2026-06-10 17:30:00+00:00,208.800003,208.860001,208.389999,208.509995,26510
2026-06-10 17:35:00+00:00,208.658997,208.669998,208.300003,208.330002,33604
2026-06-10 17:40:00+00:00,208.300003,208.589905,207.960007,208.014999,61500
2026-06-10 17:45:00+00:00,208.054993,208.770004,208.054993,208.606094,65925
2026-06-10 17:50:00+00:00,208.560104,208.660004,207.990005,208.259506,42528
2026-06-10 17:55:00+00:00,208.289993,208.850006,208.231995,208.669998,66790
2026-06-10 18:00:00+00:00,208.865005,208.970001,208.619995,208.880005,37829
2026-06-10 18:05:00+00:00,208.794998,208.800003,208.345001,208.580002,109670
2026-06-10 18:10:00+00:00,208.524994,208.880005,208.490005,208.779999,36308
2026-06-10 18:15:00+00:00,208.764999,209.099899,208.559998,208.625000,43581
2026-06-10 18:20:00+00:00,208.625000,208.960007,208.550003,208.854996,53552
2026-06-10 18:25:00+00:00,208.820007,208.824997,208.600006,208.750000,21736
2026-06-10 18:30:00+00:00,208.630005,208.740005,208.419998,208.660004,60072
2026-06-10 18:35:00+00:00,208.649994,208.750000,208.440002,208.449997,39929
2026-06-10 18:40:00+00:00,208.449997,208.675003,208.250000,208.410004,114757
2026-06-10 18:45:00+00:00,208.399994,208.770004,208.399994,208.675003,25909
2026-06-10 18:50:00+00:00,208.610001,209.050003,208.429993,209.000000,94004
2026-06-10 18:55:00+00:00,208.990005,209.070007,208.770004,208.970001,27253
2026-06-10 19:00:00+00:00,208.910004,208.999893,208.610001,208.695007,40188
2026-06-10 19:05:00+00:00,208.690002,208.889999,208.550003,208.550003,49562
2026-06-10 19:10:00+00:00,208.570007,208.690002,208.429993,208.550003,76538
2026-06-10 19:15:00+00:00,208.544998,208.699997,208.300003,208.509995,86773
2026-06-10 19:20:00+00:00,208.520004,208.649994,208.050003,208.500000,117459
2026-06-10 19:25:00+00:00,208.630005,208.770004,208.480103,208.705002,62468
2026-06-10 19:30:00+00:00,208.705002,208.720001,208.229996,208.229996,104705
2026-06-10 19:35:00+00:00,208.309998,208.759995,208.294998,208.617493,63890
2026-06-10 19:40:00+00:00,208.625000,208.910004,208.539993,208.835007,72679
2026-06-10 19:45:00+00:00,208.880005,209.000000,208.600006,208.889999,542392
2026-06-10 19:50:00+00:00,208.880005,209.369995,208.500000,208.985001,333347
2026-06-10 19:55:00+00:00,208.985001,209.529999,208.889999,209.000000,689399
2026-06-11 13:30:00+00:00,209.839996,211.913696,209.800095,211.350006,210184
2026-06-11 13:35:00+00:00,211.279999,211.610001,210.470001,210.600006,49487
2026-06-11 13:40:00+00:00,210.899994,211.619995,210.250000,211.164993,104735
2026-06-11 13:45:00+00:00,211.039993,212.639999,210.990005,212.460007,119335
2026-06-11 13:50:00+00:00,212.660004,213.649994,212.630096,213.520004,142988
2026-06-11 13:55:00+00:00,213.520004,213.699997,213.070007,213.175003,51013
2026-06-11 14:00:00+00:00,213.289993,213.570007,212.820007,213.240005,73269
2026-06-11 14:05:00+00:00,213.240005,213.819901,212.899994,213.343903,82192
2026-06-11 14:10:00+00:00,213.419998,213.429993,212.490005,212.589996,31910
2026-06-11 14:15:00+00:00,212.660004,212.860001,212.290100,212.535004,57505
2026-06-11 14:20:00+00:00,212.500000,213.749893,212.500000,213.407410,55952
2026-06-11 14:25:00+00:00,213.309998,213.970001,213.205002,213.859894,44760
2026-06-11 14:30:00+00:00,213.820007,214.300003,213.360001,214.039993,75331
2026-06-11 14:35:00+00:00,213.990005,215.005096,213.990005,214.559998,60697
2026-06-11 14:40:00+00:00,214.729996,215.020004,214.600098,214.695999,60322
2026-06-11 14:45:00+00:00,214.800003,214.910004,214.139999,214.440002,29661
2026-06-11 14:50:00+00:00,214.380096,214.660004,214.139999,214.395004,91114
2026-06-11 14:55:00+00:00,214.395004,214.410004,213.889999,214.020004,39287
2026-06-11 15:00:00+00:00,214.020004,214.500000,213.770096,214.220001,109253
2026-06-11 15:05:00+00:00,214.220093,214.789993,213.960007,214.490005,41739
2026-06-11 15:10:00+00:00,214.544998,214.979996,214.410004,214.759995,30350
2026-06-11 15:15:00+00:00,214.660004,214.809906,214.059998,214.199997,24288
2026-06-11 15:20:00+00:00,214.080093,214.809998,214.080093,214.580002,27052
2026-06-11 15:25:00+00:00,214.490005,214.600006,214.279999,214.294998,37213
2026-06-11 15:30:00+00:00,214.229996,214.339996,213.809998,214.089996,36702
2026-06-11 15:35:00+00:00,214.100006,214.500000,214.009995,214.330002,21022
2026-06-11 15:40:00+00:00,214.490005,214.630005,214.279999,214.610001,53228
2026-06-11 15:45:00+00:00,214.604996,214.660004,214.300003,214.520004,26685
2026-06-11 15:50:00+00:00,214.514999,214.660004,214.380005,214.539993,35071
2026-06-11 15:55:00+00:00,214.399994,214.789993,214.369995,214.699997,35049
2026-06-11 16:00:00+00:00,214.669998,215.440002,214.669998,215.365005,109573
2026-06-11 16:05:00+00:00,215.339493,215.750000,215.240005,215.483505,62370
2026-06-11 16:10:00+00:00,215.309998,215.419998,215.200104,215.315002,18067
2026-06-11 16:15:00+00:00,215.380005,215.699997,215.270004,215.669998,24925
2026-06-11 16:20:00+00:00,215.619995,215.699997,215.300003,215.339996,30367
2026-06-11 16:25:00+00:00,215.339996,215.449997,215.179993,215.300003,33016
2026-06-11 16:30:00+00:00,215.199997,215.610001,214.789993,215.475006,55142
2026-06-11 16:35:00+00:00,215.419998,215.509995,215.059998,215.190002,19456
2026-06-11 16:40:00+00:00,215.280899,215.280899,215.039993,215.175003,9801
2026-06-11 16:45:00+00:00,215.039993,215.429993,214.860001,215.320007,20127
2026-06-11 16:50:00+00:00,215.320007,215.320007,214.860001,215.039276,12817
2026-06-11 16:55:00+00:00,214.970001,215.179901,214.869995,214.990005,61370
2026-06-11 17:00:00+00:00,214.960007,215.460007,214.899994,215.035004,45122
2026-06-11 17:05:00+00:00,215.039993,215.440002,214.960007,215.190002,25960
2026-06-11 17:10:00+00:00,215.199997,215.440002,215.039993,215.229996,29496
2026-06-11 17:15:00+00:00,215.229996,215.270004,214.900101,214.940002,19349
2026-06-11 17:20:00+00:00,214.975006,215.109894,214.630005,215.109894,27986
2026-06-11 17:25:00+00:00,215.085007,217.419998,214.990005,217.380096,129048
2026-06-11 17:30:00+00:00,217.669998,218.160004,216.770004,217.880005,93011
2026-06-11 17:35:00+00:00,217.604996,218.000000,217.339996,217.889999,84481
2026-06-11 17:40:00+00:00,217.690002,218.710007,217.619995,218.544998,103332
2026-06-11 17:45:00+00:00,218.539993,218.869995,218.210007,218.505005,70342
2026-06-11 17:50:00+00:00,218.449997,218.889999,218.059998,218.340103,52213
2026-06-11 17:55:00+00:00,218.649994,219.210007,218.370102,219.160004,62689
2026-06-11 18:00:00+00:00,219.220001,219.500000,218.449997,218.630005,81686
2026-06-11 18:05:00+00:00,218.570007,218.710007,218.190002,218.457504,54379
2026-06-11 18:10:00+00:00,218.455002,219.657196,218.160004,219.574997,79011
2026-06-11 18:15:00+00:00,219.574997,220.350006,219.460007,220.089996,101613
2026-06-11 18:20:00+00:00,220.080002,220.080002,219.383499,219.649994,53875
2026-06-11 18:25:00+00:00,219.610001,219.860001,219.200104,219.210007,53840
2026-06-11 18:30:00+00:00,219.229996,219.509995,219.029999,219.199997,78936
2026-06-11 18:35:00+00:00,219.119995,219.509995,219.000000,219.335007,40938
2026-06-11 18:40:00+00:00,219.449997,219.770004,219.300003,219.634995,48351
2026-06-11 18:45:00+00:00,219.639999,219.747192,219.390106,219.419998,22605
2026-06-11 18:50:00+00:00,219.440002,219.820007,219.389999,219.579895,41008
2026-06-11 18:55:00+00:00,219.580002,219.820007,219.350006,219.399994,55159
2026-06-11 19:00:00+00:00,219.399994,219.470001,219.050003,219.160004,44890
2026-06-11 19:05:00+00:00,219.229996,219.360001,218.710007,219.119995,38754
2026-06-11 19:10:00+00:00,219.039993,219.419998,218.839996,219.289993,36608
2026-06-11 19:15:00+00:00,219.214996,219.705002,219.214996,219.705002,69331
2026-06-11 19:20:00+00:00,219.779999,220.029999,219.690002,219.846802,72262
2026-06-11 19:25:00+00:00,219.830002,220.250000,219.740005,220.100006,67342
2026-06-11 19:30:00+00:00,220.139999,221.220001,220.119995,221.080002,149589
2026-06-11 19:35:00+00:00,221.104996,221.220001,220.690002,220.789993,92190
2026-06-11 19:40:00+00:00,220.699997,221.449997,220.399994,221.440002,108519
2026-06-11 19:45:00+00:00,221.399994,221.720001,221.220001,221.604996,106725
2026-06-11 19:50:00+00:00,221.699997,221.770004,221.185303,221.360001,179686
2026-06-11 19:55:00+00:00,221.339996,221.639999,220.899994,221.539993,488875
2026-06-12 13:30:00+00:00,222.369995,223.505005,220.500000,220.940094,227301
2026-06-12 13:35:00+00:00,220.949997,221.687698,219.529999,220.020004,101037
2026-06-12 13:40:00+00:00,219.887573,220.059998,217.891006,218.770004,235406
2026-06-12 13:45:00+00:00,218.774994,219.309998,217.649994,218.020004,135540
2026-06-12 13:50:00+00:00,217.970001,218.300003,216.919998,217.000000,72619
2026-06-12 13:55:00+00:00,216.919998,217.399994,216.699997,217.220001,83146
2026-06-12 14:00:00+00:00,217.050003,218.440002,217.050003,217.820007,65919
2026-06-12 14:05:00+00:00,217.919998,219.080002,217.830002,218.709900,101634
2026-06-12 14:10:00+00:00,218.509995,218.615997,217.860001,218.029999,38737
2026-06-12 14:15:00+00:00,218.000000,218.899994,218.000000,218.414993,77180
2026-06-12 14:20:00+00:00,218.414993,218.494995,217.695007,218.309998,48088
2026-06-12 14:25:00+00:00,218.250000,218.740005,218.250000,218.324997,23562
2026-06-12 14:30:00+00:00,218.210007,218.389999,217.839996,218.100006,50973
2026-06-12 14:35:00+00:00,218.115005,218.729996,218.115005,218.475006,41650
2026-06-12 14:40:00+00:00,218.490005,218.490005,217.809998,217.845001,66919
2026-06-12 14:45:00+00:00,217.899994,218.110001,217.539993,217.735001,149792
2026-06-12 14:50:00+00:00,217.735001,219.279999,217.639999,219.279999,84771
2026-06-12 14:55:00+00:00,219.449997,219.720001,219.250000,219.539993,41794
2026-06-12 15:00:00+00:00,219.589996,219.660004,219.062698,219.240005,37441
2026-06-12 15:05:00+00:00,219.309998,219.699997,219.309998,219.550003,33336
2026-06-12 15:10:00+00:00,219.479996,219.949997,219.309998,219.669998,35378
2026-06-12 15:15:00+00:00,219.669998,219.880005,219.610001,219.815002,13261
2026-06-12 15:20:00+00:00,219.815002,220.080002,219.660004,220.080002,45830
2026-06-12 15:25:00+00:00,219.920395,220.169998,219.729996,219.970001,23013
2026-06-12 15:30:00+00:00,219.970001,219.970001,219.410004,219.580002,24889
2026-06-12 15:35:00+00:00,219.600006,219.899994,218.695007,219.229996,82183
2026-06-12 15:40:00+00:00,219.130005,219.559998,218.960007,219.139999,31662
2026-06-12 15:45:00+00:00,219.229996,219.604996,218.789993,218.960007,30344
2026-06-12 15:50:00+00:00,218.994995,219.179993,218.764999,218.970001,22021
2026-06-12 15:55:00+00:00,218.839996,219.050003,218.160004,218.550003,29564
2026-06-12 16:00:00+00:00,218.550003,218.550003,217.759995,218.300003,34117
2026-06-12 16:05:00+00:00,218.350006,218.964798,218.179993,218.955002,30975
2026-06-12 16:10:00+00:00,218.789993,220.089996,218.729996,219.690002,60236
2026-06-12 16:15:00+00:00,219.690002,220.220001,219.690002,220.000000,47921
2026-06-12 16:20:00+00:00,220.080002,220.279999,219.779205,220.244995,49026
2026-06-12 16:25:00+00:00,220.244995,220.440002,219.949005,220.145004,31963
2026-06-12 16:30:00+00:00,220.149994,220.529999,220.080002,220.479996,45219
2026-06-12 16:35:00+00:00,220.419998,220.565002,220.169998,220.274994,24150
2026-06-12 16:40:00+00:00,220.339996,220.419998,219.929993,219.929993,25674
2026-06-12 16:45:00+00:00,219.979904,220.366104,219.910095,220.360001,24767
2026-06-12 16:50:00+00:00,220.320007,220.570007,220.264999,220.339996,30724
2026-06-12 16:55:00+00:00,220.339996,220.429993,220.149994,220.360001,28976
2026-06-12 17:00:00+00:00,220.360001,220.664993,220.250000,220.539993,39442
2026-06-12 17:05:00+00:00,220.585007,221.279999,220.585007,221.179993,52895
2026-06-12 17:10:00+00:00,221.250000,221.250000,220.770096,221.210007,33863
2026-06-12 17:15:00+00:00,221.139999,221.419998,221.039993,221.225006,35207
2026-06-12 17:20:00+00:00,221.229996,221.229996,220.679993,220.884995,36374
2026-06-12 17:25:00+00:00,220.899994,221.179993,220.740005,220.830002,21395
2026-06-12 17:30:00+00:00,220.875000,220.875000,220.470001,220.619995,30832
2026-06-12 17:35:00+00:00,220.539993,220.845001,220.384995,220.429993,51467
2026-06-12 17:40:00+00:00,220.399994,220.740005,220.380005,220.729996,28699
2026-06-12 17:45:00+00:00,220.729996,221.009995,220.681702,220.960007,23723
2026-06-12 17:50:00+00:00,220.960007,221.169998,220.850098,221.005005,28762
2026-06-12 17:55:00+00:00,220.990005,220.990005,220.679993,220.789993,21678
2026-06-12 18:00:00+00:00,220.759995,220.919998,220.619995,220.860001,49672
2026-06-12 18:05:00+00:00,220.860001,220.860001,220.529999,220.684998,37933
2026-06-12 18:10:00+00:00,220.630005,221.054993,220.570007,220.664993,29100
2026-06-12 18:15:00+00:00,220.619995,220.764999,220.559998,220.610001,21550
2026-06-12 18:20:00+00:00,220.610001,220.710007,220.220001,220.270004,68521
2026-06-12 18:25:00+00:00,220.300003,220.300003,219.759995,220.000000,63830
2026-06-12 18:30:00+00:00,220.020004,220.440002,219.884995,220.434998,43244
2026-06-12 18:35:00+00:00,220.449997,220.589996,220.330093,220.589996,24458
2026-06-12 18:40:00+00:00,220.610001,220.889999,220.610001,220.660004,38863
2026-06-12 18:45:00+00:00,220.690002,220.839996,220.630005,220.820007,26688
2026-06-12 18:50:00+00:00,220.800003,220.880005,220.669998,220.669998,40757
2026-06-12 18:55:00+00:00,220.669998,220.669998,220.110001,220.110001,43518
2026-06-12 19:00:00+00:00,220.110001,220.539993,220.000000,220.445007,39949
2026-06-12 19:05:00+00:00,220.389999,220.389999,220.169998,220.360001,29863
2026-06-12 19:10:00+00:00,220.389999,220.467499,220.139999,220.330002,52872
2026-06-12 19:15:00+00:00,220.380005,220.429993,220.110001,220.309998,45526
2026-06-12 19:20:00+00:00,220.324997,220.410004,220.149994,220.220001,56633
2026-06-12 19:25:00+00:00,220.190002,220.270004,220.020004,220.130005,48981
2026-06-12 19:30:00+00:00,220.070007,220.095001,219.604996,219.604996,70114
2026-06-12 19:35:00+00:00,219.610001,220.250000,219.460007,219.990005,121360
2026-06-12 19:40:00+00:00,219.979996,220.345001,219.949997,220.005005,61018
2026-06-12 19:45:00+00:00,219.990005,220.089996,219.375000,219.550003,92265
2026-06-12 19:50:00+00:00,219.600006,219.619995,219.100006,219.470001,126155
2026-06-12 19:55:00+00:00,219.455002,219.580002,219.000000,219.059998,366124
2026-06-15 13:30:00+00:00,225.300003,228.949997,225.240005,227.714493,659972
2026-06-15 13:35:00+00:00,228.000000,228.080002,226.190094,227.535004,222587
2026-06-15 13:40:00+00:00,227.710007,227.710007,225.610001,226.050003,144136
2026-06-15 13:45:00+00:00,226.274994,227.134995,225.220001,226.509995,145054
2026-06-15 13:50:00+00:00,226.500000,227.800003,226.369995,227.779999,105523
2026-06-15 13:55:00+00:00,227.789993,229.199997,227.770004,229.089996,269026
2026-06-15 14:00:00+00:00,229.065002,229.074997,227.639999,227.759995,120744
2026-06-15 14:05:00+00:00,227.639999,228.229996,227.240005,227.904999,84200
2026-06-15 14:10:00+00:00,227.904999,228.839996,227.760300,228.090103,137458
2026-06-15 14:15:00+00:00,228.270004,229.600006,228.175003,229.460007,137277
2026-06-15 14:20:00+00:00,229.450104,229.660004,228.690094,228.919998,125565
2026-06-15 14:25:00+00:00,228.919998,229.740005,228.670105,229.455002,186180
2026-06-15 14:30:00+00:00,229.455002,229.516296,228.779999,229.354996,135067
2026-06-15 14:35:00+00:00,229.360001,230.149994,229.029999,229.979996,210809
2026-06-15 14:40:00+00:00,229.972198,230.059998,228.550003,229.404999,98937
2026-06-15 14:45:00+00:00,229.407501,229.520004,228.940094,229.074997,76351
2026-06-15 14:50:00+00:00,229.110001,229.449997,228.970001,229.294998,64890
2026-06-15 14:55:00+00:00,229.210007,229.339905,228.589996,228.770004,56449
2026-06-15 15:00:00+00:00,228.710007,229.065002,228.399994,228.610001,115222
2026-06-15 15:05:00+00:00,228.610001,228.699997,228.130005,228.391296,44785
2026-06-15 15:10:00+00:00,228.529999,229.070007,228.481003,228.979996,42468
2026-06-15 15:15:00+00:00,229.024994,229.399994,228.949997,229.000000,46059
2026-06-15 15:20:00+00:00,229.005005,229.850006,228.910095,229.110107,131560
2026-06-15 15:25:00+00:00,229.110001,229.259995,228.750000,228.975006,32786
2026-06-15 15:30:00+00:00,228.830002,229.610001,228.350006,229.384995,92888
2026-06-15 15:35:00+00:00,229.369995,229.550003,228.830002,229.020004,112363
2026-06-15 15:40:00+00:00,228.940002,229.199997,228.759995,229.070007,75930
2026-06-15 15:45:00+00:00,229.089996,229.899994,228.979996,229.535004,114134
2026-06-15 15:50:00+00:00,229.710007,229.940002,229.089996,229.220001,72520
2026-06-15 15:55:00+00:00,229.130005,229.345001,228.679993,228.690002,62858
2026-06-15 16:00:00+00:00,228.669998,229.149994,228.589996,228.759995,78317
2026-06-15 16:05:00+00:00,228.750107,228.845001,228.490005,228.610001,37029
2026-06-15 16:10:00+00:00,228.550003,228.830002,228.509995,228.729996,37338
2026-06-15 16:15:00+00:00,228.740005,229.009995,228.520004,229.009995,39065
2026-06-15 16:20:00+00:00,229.029999,229.550003,228.975006,229.210007,46702
2026-06-15 16:25:00+00:00,229.270004,229.270004,228.640106,228.830002,29835
2026-06-15 16:30:00+00:00,228.824997,229.360001,228.770004,229.029999,57154
2026-06-15 16:35:00+00:00,229.035004,229.285004,228.820007,229.020004,33898
2026-06-15 16:40:00+00:00,228.979996,229.000000,228.654999,228.759995,28682
2026-06-15 16:45:00+00:00,228.690002,228.729996,228.300003,228.592499,42640
2026-06-15 16:50:00+00:00,228.639999,229.235001,228.619995,229.235001,56669
2026-06-15 16:55:00+00:00,229.259995,229.429993,229.149994,229.250000,47982
2026-06-15 17:00:00+00:00,229.259995,229.434998,229.179993,229.350006,44329
2026-06-15 17:05:00+00:00,229.380005,229.529999,229.160004,229.354996,74596
2026-06-15 17:10:00+00:00,229.380005,229.529999,229.309998,229.410004,33757
2026-06-15 17:15:00+00:00,229.410004,229.500504,229.190002,229.419998,92881
2026-06-15 17:20:00+00:00,229.500000,230.300003,229.309998,230.259995,124142
2026-06-15 17:25:00+00:00,230.229996,230.539993,230.181198,230.289993,48453
2026-06-15 17:30:00+00:00,230.270004,230.460007,230.130005,230.195007,35237
2026-06-15 17:35:00+00:00,230.210007,230.509995,230.080002,230.509995,51756
2026-06-15 17:40:00+00:00,230.539993,230.820007,230.330093,230.585007,52437
2026-06-15 17:45:00+00:00,230.580002,230.660004,230.449997,230.649994,36992
2026-06-15 17:50:00+00:00,230.649994,230.835007,230.419998,230.714798,40191
2026-06-15 17:55:00+00:00,230.755005,230.899994,230.610001,230.735001,48262
2026-06-15 18:00:00+00:00,230.700607,231.190002,230.679993,231.149994,78581
2026-06-15 18:05:00+00:00,231.090103,231.339996,230.640106,230.880005,103490
2026-06-15 18:10:00+00:00,230.860001,231.000000,230.649994,230.899994,41471
2026-06-15 18:15:00+00:00,230.860001,231.149994,230.740005,230.809998,71816
2026-06-15 18:20:00+00:00,230.860001,230.889999,230.610001,230.779999,68922
2026-06-15 18:25:00+00:00,230.869995,230.889999,230.395004,230.559998,76524
2026-06-15 18:30:00+00:00,230.565002,230.865005,230.395004,230.755005,68697
2026-06-15 18:35:00+00:00,230.580002,230.690002,230.289993,230.350006,51626
2026-06-15 18:40:00+00:00,230.360001,230.500000,229.990005,230.100006,43497
2026-06-15 18:45:00+00:00,230.149994,230.574997,230.100006,230.475006,42568
2026-06-15 18:50:00+00:00,230.475006,231.080002,230.449997,230.884995,72200
2026-06-15 18:55:00+00:00,230.880005,231.000000,230.550003,230.699997,64127
2026-06-15 19:00:00+00:00,230.713562,230.910004,230.440094,230.800003,74693
2026-06-15 19:05:00+00:00,230.850006,230.880005,230.179993,230.399994,103848
2026-06-15 19:10:00+00:00,230.449997,230.600006,230.214996,230.535004,64842
2026-06-15 19:15:00+00:00,230.535004,230.690002,229.929993,229.994995,49308
2026-06-15 19:20:00+00:00,230.005005,230.139999,229.399994,229.809998,71086
2026-06-15 19:25:00+00:00,229.869995,229.879898,229.309998,229.360001,56547
2026-06-15 19:30:00+00:00,229.399994,229.529999,229.009995,229.195007,155554
2026-06-15 19:35:00+00:00,229.244995,229.660004,229.139999,229.509995,69577
2026-06-15 19:40:00+00:00,229.509995,229.914993,229.509995,229.869995,89974
2026-06-15 19:45:00+00:00,229.869995,229.889999,229.443497,229.610001,107471
2026-06-15 19:50:00+00:00,229.610001,229.664993,229.259995,229.460007,181905
2026-06-15 19:55:00+00:00,229.460007,229.490005,228.800003,229.009995,461101
2026-06-16 13:30:00+00:00,229.470001,230.300003,227.445007,228.550003,225334
2026-06-16 13:35:00+00:00,228.460007,229.119003,228.460007,228.964005,57877
2026-06-16 13:40:00+00:00,228.791016,229.677994,228.639999,229.110001,86238
2026-06-16 13:45:00+00:00,229.134995,229.600006,228.080002,228.089996,46541
2026-06-16 13:50:00+00:00,228.089996,228.110001,226.559998,226.647507,85587
2026-06-16 13:55:00+00:00,226.676102,226.779999,226.110001,226.770004,88287
2026-06-16 14:00:00+00:00,226.750000,226.910004,226.270004,226.270004,52881
2026-06-16 14:05:00+00:00,226.240005,226.860001,226.000000,226.779999,47989
2026-06-16 14:10:00+00:00,226.660004,226.660004,226.110001,226.475006,44845
2026-06-16 14:15:00+00:00,226.370102,226.800003,226.279999,226.320007,34850
2026-06-16 14:20:00+00:00,226.449493,226.470001,225.419998,225.434097,42157
2026-06-16 14:25:00+00:00,225.514999,225.959900,225.300003,225.770004,61171
2026-06-16 14:30:00+00:00,225.860001,226.539993,225.589996,226.455002,82211
2026-06-16 14:35:00+00:00,226.369995,227.539993,226.339996,227.445007,56472
2026-06-16 14:40:00+00:00,227.500000,227.660004,227.139999,227.266693,39047
2026-06-16 14:45:00+00:00,227.220001,227.419907,227.110001,227.350006,39310
2026-06-16 14:50:00+00:00,227.350006,227.539993,227.119995,227.400406,21400
2026-06-16 14:55:00+00:00,227.369995,227.369995,227.050003,227.240005,24804
2026-06-16 15:00:00+00:00,227.330002,227.520004,227.119995,227.119995,21873
2026-06-16 15:05:00+00:00,227.139999,227.250000,226.800003,226.863495,38817
2026-06-16 15:10:00+00:00,226.860001,226.949997,226.650101,226.725006,23491
2026-06-16 15:15:00+00:00,226.720001,227.190002,226.680099,226.850006,49598
2026-06-16 15:20:00+00:00,226.830002,226.875000,226.660004,226.735001,23385
2026-06-16 15:25:00+00:00,226.809998,226.940094,226.600006,226.615005,27296
2026-06-16 15:30:00+00:00,226.649994,226.779999,226.570007,226.660004,33500
2026-06-16 15:35:00+00:00,226.735001,226.869995,226.509995,226.863403,21639
2026-06-16 15:40:00+00:00,226.850006,227.039993,226.601303,226.630005,19264
2026-06-16 15:45:00+00:00,226.649994,226.690002,226.300003,226.389999,31830
2026-06-16 15:50:00+00:00,226.389999,226.746796,226.389999,226.684998,18015
2026-06-16 15:55:00+00:00,226.684998,226.910004,226.509995,226.779999,31914
2026-06-16 16:00:00+00:00,226.850006,227.580002,226.850006,227.479996,40033
2026-06-16 16:05:00+00:00,227.490005,227.865005,227.273102,227.820007,32629
2026-06-16 16:10:00+00:00,227.871307,227.889999,227.460007,227.460007,34608
2026-06-16 16:15:00+00:00,227.506119,227.506119,227.089996,227.350006,17136
2026-06-16 16:20:00+00:00,227.339996,227.539993,227.270004,227.529999,27669
2026-06-16 16:25:00+00:00,227.429993,227.690002,227.429993,227.690002,19458
2026-06-16 16:30:00+00:00,227.669998,227.929398,227.600006,227.830002,28563
2026-06-16 16:35:00+00:00,227.889999,228.739899,227.889999,228.619995,32033
2026-06-16 16:40:00+00:00,228.580002,228.589905,228.250000,228.380005,39826
2026-06-16 16:45:00+00:00,228.360001,228.860001,228.229996,228.820007,47929
2026-06-16 16:50:00+00:00,228.830002,228.830002,228.320007,228.509995,28611
2026-06-16 16:55:00+00:00,228.520004,228.884995,228.360107,228.360107,35420
2026-06-16 17:00:00+00:00,228.404999,228.425003,228.195007,228.339996,27884
2026-06-16 17:05:00+00:00,228.350006,228.554993,228.220001,228.445007,20192
2026-06-16 17:10:00+00:00,228.399994,228.690002,228.330002,228.339996,27097
2026-06-16 17:15:00+00:00,228.339996,228.539993,228.270004,228.270004,17376
2026-06-16 17:20:00+00:00,228.379898,228.429993,228.240005,228.360001,24581
2026-06-16 17:25:00+00:00,228.395004,228.449997,228.169998,228.259995,15446
2026-06-16 17:30:00+00:00,228.298492,228.425003,228.235001,228.259995,23467
2026-06-16 17:35:00+00:00,228.320007,228.699997,228.320007,228.554993,28821
2026-06-16 17:40:00+00:00,228.554993,228.710007,228.554993,228.610001,16140
2026-06-16 17:45:00+00:00,228.625000,228.625000,228.429993,228.440002,17008
2026-06-16 17:50:00+00:00,228.470001,228.649994,228.380005,228.490005,16807
2026-06-16 17:55:00+00:00,228.490005,228.559998,228.304993,228.389999,26175
2026-06-16 18:00:00+00:00,228.309998,228.460007,227.979996,227.990005,24482
2026-06-16 18:05:00+00:00,227.960007,228.195007,227.910004,228.175003,18702
2026-06-16 18:10:00+00:00,228.125000,228.279999,228.080505,228.089996,11489
2026-06-16 18:15:00+00:00,228.119995,228.119995,227.779999,227.895004,20905
2026-06-16 18:20:00+00:00,227.895004,228.005005,227.800003,227.909103,23647
2026-06-16 18:25:00+00:00,227.839996,228.110001,227.800003,228.029999,20182
2026-06-16 18:30:00+00:00,228.056503,228.350006,227.910004,228.050003,38194
2026-06-16 18:35:00+00:00,228.005005,228.039993,227.850006,227.850006,15377
2026-06-16 18:40:00+00:00,227.880005,227.880005,227.759995,227.839996,22130
2026-06-16 18:45:00+00:00,227.830002,227.899994,227.639999,227.824997,24837
2026-06-16 18:50:00+00:00,227.824997,227.999893,227.679993,227.740005,30226
2026-06-16 18:55:00+00:00,227.815002,227.815002,227.524994,227.524994,22198
2026-06-16 19:00:00+00:00,227.520004,227.520004,227.210007,227.389999,24661
2026-06-16 19:05:00+00:00,227.360001,227.460007,227.279999,227.389999,23970
2026-06-16 19:10:00+00:00,227.425003,227.479996,227.240005,227.399994,36867
2026-06-16 19:15:00+00:00,227.399994,227.529999,227.229996,227.445007,43084
2026-06-16 19:20:00+00:00,227.440002,227.710007,227.380005,227.610001,43046
2026-06-16 19:25:00+00:00,227.589996,227.660004,227.479996,227.580002,35032
2026-06-16 19:30:00+00:00,227.610001,227.968094,227.500000,227.927002,58598
2026-06-16 19:35:00+00:00,227.960007,228.095001,227.710007,227.710007,34928
2026-06-16 19:40:00+00:00,227.679993,227.750000,227.449997,227.610001,45289
2026-06-16 19:45:00+00:00,227.610001,227.649994,227.320007,227.562500,57924
2026-06-16 19:50:00+00:00,227.600006,227.809006,227.479996,227.740005,80454
2026-06-16 19:55:00+00:00,227.690002,227.960007,227.169998,227.500000,225170
2026-06-17 13:30:00+00:00,227.020004,228.160004,226.313995,227.309998,100544
2026-06-17 13:35:00+00:00,227.619003,229.300003,227.619003,229.050003,55439
2026-06-17 13:40:00+00:00,229.002884,229.729996,228.990005,229.520004,62407
2026-06-17 13:45:00+00:00,229.509995,229.899994,229.009995,229.550003,49137
2026-06-17 13:50:00+00:00,229.550003,229.729996,229.154999,229.279999,27773
2026-06-17 13:55:00+00:00,229.250000,229.434998,229.039993,229.160095,32330
2026-06-17 14:00:00+00:00,229.089996,229.300003,228.830002,229.149994,34803
2026-06-17 14:05:00+00:00,229.050003,230.089996,229.050003,230.065002,93961
2026-06-17 14:10:00+00:00,230.065002,230.320007,229.429993,229.470001,62797
2026-06-17 14:15:00+00:00,229.580002,229.774994,228.475006,228.609894,46587
2026-06-17 14:20:00+00:00,228.585007,228.585007,227.869995,228.145004,31563
2026-06-17 14:25:00+00:00,228.160004,228.181396,227.250000,227.649994,37777
2026-06-17 14:30:00+00:00,227.684998,228.000000,227.149994,227.910004,37760
2026-06-17 14:35:00+00:00,227.830002,228.380005,227.440002,227.720001,48035
2026-06-17 14:40:00+00:00,227.559998,227.559998,226.839996,227.360001,34622
2026-06-17 14:45:00+00:00,227.274994,227.330002,225.839996,226.955002,78390
2026-06-17 14:50:00+00:00,226.949997,227.470001,226.750000,227.404999,35807
2026-06-17 14:55:00+00:00,227.399994,227.429993,226.466995,226.690002,33303
2026-06-17 15:00:00+00:00,226.516205,227.240005,226.516205,227.100006,28907
2026-06-17 15:05:00+00:00,227.130005,227.130096,226.649994,226.699997,34772
2026-06-17 15:10:00+00:00,226.774994,227.130005,226.720001,226.970001,23832
2026-06-17 15:15:00+00:00,226.919998,227.240005,226.899994,227.119995,24731
2026-06-17 15:20:00+00:00,227.110001,227.500000,227.039993,227.330093,76947
2026-06-17 15:25:00+00:00,227.419998,228.179901,227.339996,228.179901,404675
2026-06-17 15:30:00+00:00,228.199997,229.250000,228.110001,229.214996,40222
2026-06-17 15:35:00+00:00,229.149994,229.750000,229.010101,229.610001,37203
2026-06-17 15:40:00+00:00,229.591797,229.591797,229.300003,229.440002,24165
2026-06-17 15:45:00+00:00,229.479996,229.500000,229.029999,229.363098,56031
2026-06-17 15:50:00+00:00,229.360001,229.389893,229.149994,229.315262,17830
2026-06-17 15:55:00+00:00,229.309998,229.309998,228.889999,229.039993,61464
2026-06-17 16:00:00+00:00,229.009995,229.440002,228.970001,229.320007,47551
2026-06-17 16:05:00+00:00,229.339996,229.470001,229.145004,229.425003,35150
2026-06-17 16:10:00+00:00,229.425003,229.429993,229.160095,229.419998,29254
2026-06-17 16:15:00+00:00,229.470001,229.470001,229.214996,229.429993,17948
2026-06-17 16:20:00+00:00,229.445007,229.500000,229.395004,229.500000,15522
2026-06-17 16:25:00+00:00,229.490005,230.364899,229.479996,230.250000,48437
2026-06-17 16:30:00+00:00,230.339996,230.339996,230.030106,230.059998,39319
2026-06-17 16:35:00+00:00,229.990005,230.020004,229.789993,229.865005,20348
2026-06-17 16:40:00+00:00,229.839996,230.289993,229.654999,230.149994,40546
2026-06-17 16:45:00+00:00,230.160004,230.375000,230.052597,230.235001,22337
2026-06-17 16:50:00+00:00,230.229996,230.470001,230.100098,230.360001,39986
2026-06-17 16:55:00+00:00,230.279999,230.539993,230.000000,230.149994,53111
2026-06-17 17:00:00+00:00,230.119995,230.360001,230.050003,230.210007,29357
2026-06-17 17:05:00+00:00,230.212494,230.320007,229.779999,230.285004,33537
2026-06-17 17:10:00+00:00,230.279999,230.399994,230.000000,230.050003,29914
2026-06-17 17:15:00+00:00,230.009995,230.029999,229.850006,229.925003,33817
2026-06-17 17:20:00+00:00,229.880005,230.065002,229.809998,229.904999,20935
2026-06-17 17:25:00+00:00,229.851807,230.110001,229.750000,229.914993,51696
2026-06-17 17:30:00+00:00,229.889999,229.895004,229.619995,229.684998,22112
2026-06-17 17:35:00+00:00,229.710007,230.000000,229.710007,229.934998,20663
2026-06-17 17:40:00+00:00,229.860001,230.059998,229.850006,229.949997,18003
2026-06-17 17:45:00+00:00,229.949997,230.059998,229.805099,229.854996,26635
2026-06-17 17:50:00+00:00,229.854996,230.000000,229.789993,229.970001,30813
2026-06-17 17:55:00+00:00,229.970001,230.029999,229.850098,230.029999,29815
2026-06-17 18:00:00+00:00,230.044998,230.089996,228.660004,228.660004,83977
2026-06-17 18:05:00+00:00,228.600006,229.494507,228.190002,229.414993,52296
2026-06-17 18:10:00+00:00,229.289993,229.879898,229.279999,229.660004,33268
2026-06-17 18:15:00+00:00,229.673004,230.089996,229.673004,229.835007,34094
2026-06-17 18:20:00+00:00,229.809998,229.809998,229.169998,229.175003,21029
2026-06-17 18:25:00+00:00,229.110001,229.199997,228.800003,229.089996,32850
2026-06-17 18:30:00+00:00,229.089996,229.979996,228.845001,228.913803,54932
2026-06-17 18:35:00+00:00,228.970001,229.841797,228.970001,229.589996,31838
2026-06-17 18:40:00+00:00,229.535004,229.899994,229.279999,229.729996,34330
2026-06-17 18:45:00+00:00,229.679993,229.750000,229.399994,229.464996,21880
2026-06-17 18:50:00+00:00,229.470001,229.520004,229.229996,229.330002,21028
2026-06-17 18:55:00+00:00,229.279999,229.279999,228.419998,228.604996,34212
2026-06-17 19:00:00+00:00,228.604996,228.940002,228.389999,228.389999,43723
2026-06-17 19:05:00+00:00,228.389999,228.699997,228.259995,228.304993,39386
2026-06-17 19:10:00+00:00,228.259995,228.679993,227.860001,228.619995,48189
2026-06-17 19:15:00+00:00,228.709900,228.709900,227.639999,227.699997,31457
2026-06-17 19:20:00+00:00,227.559998,227.619995,226.520004,226.520004,72489
2026-06-17 19:25:00+00:00,226.595001,227.169998,226.539993,226.982101,99294
2026-06-17 19:30:00+00:00,226.850006,226.880005,226.279999,226.309998,64600
2026-06-17 19:35:00+00:00,226.324997,226.630005,225.789993,225.940002,62068
2026-06-17 19:40:00+00:00,225.860001,226.169907,225.744995,225.880005,63858
2026-06-17 19:45:00+00:00,225.850006,226.639999,225.850006,226.065002,71282
2026-06-17 19:50:00+00:00,226.009995,226.399994,225.649994,225.860001,100643
2026-06-17 19:55:00+00:00,225.970001,226.000000,225.300003,225.600006,279514
2026-06-18 13:30:00+00:00,227.750000,228.990005,224.449997,225.195007,1457062
2026-06-18 13:35:00+00:00,225.130005,226.529999,225.130005,225.789993,160691
2026-06-18 13:40:00+00:00,225.800003,225.979904,223.676102,224.184998,310181
2026-06-18 13:45:00+00:00,224.179993,224.639999,221.617599,222.559998,217439
2026-06-18 13:50:00+00:00,222.679993,223.009995,221.970001,222.740005,112021
2026-06-18 13:55:00+00:00,222.649994,222.815002,222.020004,222.375000,97334
2026-06-18 14:00:00+00:00,222.260300,222.589996,221.759995,222.419998,72167
2026-06-18 14:05:00+00:00,222.250000,222.869995,222.050003,222.259995,346053
2026-06-18 14:10:00+00:00,222.119995,222.119995,220.119995,220.970001,135895
2026-06-18 14:15:00+00:00,220.960007,221.899994,220.529404,221.369995,82999
2026-06-18 14:20:00+00:00,221.460007,222.759995,221.348007,222.425003,68459
2026-06-18 14:25:00+00:00,222.320007,222.800003,221.880005,221.880005,103716
2026-06-18 14:30:00+00:00,221.820007,222.850006,221.720001,222.850006,59960
2026-06-18 14:35:00+00:00,222.889999,222.889999,222.354996,222.369995,40218
2026-06-18 14:40:00+00:00,222.300003,222.350006,221.710007,222.300003,100124
2026-06-18 14:45:00+00:00,222.360001,224.389999,222.260101,224.359894,61147
2026-06-18 14:50:00+00:00,224.309998,224.919998,223.899994,224.815002,45167
2026-06-18 14:55:00+00:00,224.824997,225.206406,224.440002,225.095001,49763
2026-06-18 15:00:00+00:00,224.970001,225.500000,224.440002,224.505096,39617
2026-06-18 15:05:00+00:00,224.399994,224.539993,223.639999,223.789993,62009
2026-06-18 15:10:00+00:00,223.789993,224.419098,223.600006,224.000000,41759
2026-06-18 15:15:00+00:00,223.929993,224.130005,223.679993,223.679993,20589
2026-06-18 15:20:00+00:00,223.770004,223.869995,222.975006,223.000000,39026
2026-06-18 15:25:00+00:00,223.059906,223.126602,222.594498,222.895004,27808
2026-06-18 15:30:00+00:00,223.020004,223.149597,222.729996,223.115005,35622
2026-06-18 15:35:00+00:00,223.029999,223.029999,222.300003,222.580002,33282
2026-06-18 15:40:00+00:00,222.759903,222.970001,222.490005,222.509995,23467
2026-06-18 15:45:00+00:00,222.505005,222.600006,222.259995,222.455002,45116
2026-06-18 15:50:00+00:00,222.460007,222.820007,222.410004,222.639999,18386
2026-06-18 15:55:00+00:00,222.669998,222.864090,222.529999,222.690002,32391
2026-06-18 16:00:00+00:00,222.699997,222.860001,222.470001,222.500000,38134
2026-06-18 16:05:00+00:00,222.479996,222.630005,222.160004,222.360001,28346
2026-06-18 16:10:00+00:00,222.440002,222.612305,222.330002,222.544998,33188
2026-06-18 16:15:00+00:00,222.520004,222.629898,222.259995,222.320007,14071
2026-06-18 16:20:00+00:00,222.320007,222.500000,222.139999,222.479996,36027
2026-06-18 16:25:00+00:00,222.495255,222.569901,222.229996,222.270096,8100
2026-06-18 16:30:00+00:00,222.315002,222.330002,222.080002,222.119995,104027
2026-06-18 16:35:00+00:00,222.205002,222.820007,222.050003,222.820007,23706
2026-06-18 16:40:00+00:00,222.759995,222.940002,222.580002,222.679993,14664
2026-06-18 16:45:00+00:00,222.800003,222.839996,222.100006,222.100006,20445
2026-06-18 16:50:00+00:00,222.240005,222.299896,221.910004,222.050003,33219
2026-06-18 16:55:00+00:00,222.009995,222.080002,221.619995,221.914993,30424
2026-06-18 17:00:00+00:00,221.910004,222.020004,221.770004,221.975006,31663
2026-06-18 17:05:00+00:00,221.979996,222.414993,221.975006,222.384995,26728
2026-06-18 17:10:00+00:00,222.380005,222.389999,222.160004,222.160004,18488
2026-06-18 17:15:00+00:00,222.179993,222.479996,222.169998,222.330002,27922
2026-06-18 17:20:00+00:00,222.410004,222.815002,222.175995,222.750000,38798
2026-06-18 17:25:00+00:00,222.690994,222.919907,222.660004,222.804993,25188
2026-06-18 17:30:00+00:00,222.845001,223.000000,222.500000,222.779999,24260
2026-06-18 17:35:00+00:00,222.779999,222.850006,222.419998,222.419998,24216
2026-06-18 17:40:00+00:00,222.380005,222.604996,222.330002,222.389999,34241
2026-06-18 17:45:00+00:00,222.360001,222.524994,222.139999,222.524994,27902
2026-06-18 17:50:00+00:00,222.569199,222.850006,222.475006,222.789993,18906
2026-06-18 17:55:00+00:00,222.789993,222.789993,222.380005,222.494995,14766
2026-06-18 18:00:00+00:00,222.419998,222.419998,221.910004,222.000000,22405
2026-06-18 18:05:00+00:00,222.005005,222.005005,221.729996,221.809998,21874
2026-06-18 18:10:00+00:00,221.880005,222.210007,221.699997,221.699997,26348
2026-06-18 18:15:00+00:00,221.669998,221.669998,221.419998,221.559998,24966
2026-06-18 18:20:00+00:00,221.509995,221.690002,221.479996,221.520004,13207
2026-06-18 18:25:00+00:00,221.580002,221.649796,221.149994,221.179993,30137
2026-06-18 18:30:00+00:00,221.199997,221.419998,221.110001,221.330002,23388
2026-06-18 18:35:00+00:00,221.380005,221.470001,221.210007,221.339996,21879
2026-06-18 18:40:00+00:00,221.365005,221.750000,221.365005,221.740005,22963
2026-06-18 18:45:00+00:00,221.770004,221.829895,221.539993,221.539993,20488
2026-06-18 18:50:00+00:00,221.563995,221.592499,221.440002,221.490005,27013
2026-06-18 18:55:00+00:00,221.470001,221.559998,221.360001,221.445007,23250
2026-06-18 19:00:00+00:00,221.445007,221.490005,221.229996,221.330002,25929
2026-06-18 19:05:00+00:00,221.330002,221.470001,221.179993,221.470001,31072
2026-06-18 19:10:00+00:00,221.470001,221.759995,221.309998,221.753494,34546
2026-06-18 19:15:00+00:00,221.660004,222.000000,221.645004,221.929993,37941
2026-06-18 19:20:00+00:00,221.860001,222.384995,221.860001,222.330002,35876
2026-06-18 19:25:00+00:00,222.250107,222.729996,222.250107,222.580002,51653
2026-06-18 19:30:00+00:00,222.520004,222.970001,222.370102,222.750000,66858
2026-06-18 19:35:00+00:00,222.750000,222.970001,222.597000,222.820007,78458
2026-06-18 19:40:00+00:00,222.850006,223.247604,222.535004,223.240005,168727
2026-06-18 19:45:00+00:00,223.240005,223.649994,223.089996,223.210007,130996
2026-06-18 19:50:00+00:00,223.250000,223.645004,222.429993,223.250000,171839
2026-06-18 19:55:00+00:00,223.309998,223.699997,222.690002,222.779999,442733
2026-06-22 13:30:00+00:00,223.000000,223.550003,221.100006,221.839996,133163
2026-06-22 13:35:00+00:00,222.029999,222.550003,221.100006,221.255997,52575
2026-06-22 13:40:00+00:00,221.049698,222.099899,220.794998,221.779999,42697
2026-06-22 13:45:00+00:00,222.100006,223.289993,221.794998,223.139999,42042
2026-06-22 13:50:00+00:00,223.000000,223.039993,222.149994,222.410095,27319
2026-06-22 13:55:00+00:00,222.419998,222.699997,222.020004,222.699997,27752
2026-06-22 14:00:00+00:00,222.550003,222.580002,221.679993,222.058929,33280
2026-06-22 14:05:00+00:00,222.160004,222.570007,221.699997,222.180099,27537
2026-06-22 14:10:00+00:00,222.300003,222.320007,221.370102,221.464996,39423
2026-06-22 14:15:00+00:00,221.375000,222.190002,220.970001,222.100006,82841
2026-06-22 14:20:00+00:00,222.062500,222.289902,221.220001,221.445007,38048
2026-06-22 14:25:00+00:00,221.539993,222.130005,221.320007,222.044998,54996
2026-06-22 14:30:00+00:00,222.014999,222.024994,221.399994,221.960007,25251
2026-06-22 14:35:00+00:00,222.070007,222.289993,221.669998,221.710007,66795
2026-06-22 14:40:00+00:00,221.649994,221.919998,221.470001,221.580002,19421
2026-06-22 14:45:00+00:00,221.580002,221.800003,221.367004,221.490005,21382
2026-06-22 14:50:00+00:00,221.440002,221.520004,220.770004,220.875000,34124
2026-06-22 14:55:00+00:00,220.910004,221.320007,220.770004,221.296005,23217
2026-06-22 15:00:00+00:00,221.154999,221.699997,221.154999,221.524994,24351
2026-06-22 15:05:00+00:00,221.585007,221.669998,221.020004,221.050003,29953
2026-06-22 15:10:00+00:00,221.089996,221.214996,220.919998,221.164993,20099
2026-06-22 15:15:00+00:00,221.100006,221.229996,220.890106,221.119995,21611
2026-06-22 15:20:00+00:00,221.000000,221.500000,221.000000,221.434998,17735
2026-06-22 15:25:00+00:00,221.429993,221.455002,221.050003,221.190002,19369
2026-06-22 15:30:00+00:00,221.320007,221.770004,221.199997,221.619995,22785
2026-06-22 15:35:00+00:00,221.550003,222.139999,221.539993,221.880005,24771
2026-06-22 15:40:00+00:00,221.990005,222.130005,221.850006,222.050003,15364
2026-06-22 15:45:00+00:00,221.960007,222.009995,221.649994,221.750000,20495
2026-06-22 15:50:00+00:00,221.600006,222.070007,221.500000,221.979996,17542
2026-06-22 15:55:00+00:00,221.914993,221.949997,221.699997,221.889999,14490
2026-06-22 16:00:00+00:00,221.839996,222.350006,221.690002,221.945007,41391
2026-06-22 16:05:00+00:00,221.869995,222.080002,221.720001,221.729996,22930
2026-06-22 16:10:00+00:00,221.794998,222.070007,221.690002,222.032501,64934
2026-06-22 16:15:00+00:00,222.039993,222.190002,221.899994,222.059998,14029
2026-06-22 16:20:00+00:00,222.059998,222.100006,221.619995,221.850006,129994
2026-06-22 16:25:00+00:00,221.929993,222.250000,221.794998,221.964996,20270
2026-06-22 16:30:00+00:00,221.970093,221.970093,221.669998,221.774994,12944
2026-06-22 16:35:00+00:00,221.820007,222.119995,221.740005,221.940002,29282
2026-06-22 16:40:00+00:00,221.919998,222.039993,221.660004,221.914993,50452
2026-06-22 16:45:00+00:00,221.895004,222.399994,221.649994,222.240005,48067
2026-06-22 16:50:00+00:00,222.285004,222.654999,222.190002,222.360001,26395
2026-06-22 16:55:00+00:00,222.300003,222.399994,222.000000,222.149994,18264
2026-06-22 17:00:00+00:00,222.199905,222.199905,221.720001,221.729996,8837
2026-06-22 17:05:00+00:00,221.690002,221.804993,221.089996,221.649994,142775
2026-06-22 17:10:00+00:00,221.649994,221.719406,220.985001,221.085007,58057
2026-06-22 17:15:00+00:00,221.229996,221.309998,221.009995,221.137497,13567
2026-06-22 17:20:00+00:00,221.220001,221.359894,220.979996,220.979996,19378
2026-06-22 17:25:00+00:00,220.960007,221.100006,220.880005,221.035004,25440
2026-06-22 17:30:00+00:00,220.990005,221.169998,220.949997,221.139999,27587
2026-06-22 17:35:00+00:00,221.134995,221.270004,221.000000,221.000000,14792
2026-06-22 17:40:00+00:00,220.960007,221.119995,220.860001,221.009995,17186
2026-06-22 17:45:00+00:00,220.990005,221.050003,220.550003,220.880005,73048
2026-06-22 17:50:00+00:00,220.860001,221.000000,220.789993,220.800003,15372
2026-06-22 17:55:00+00:00,220.779999,220.882904,220.570007,220.649994,21041
2026-06-22 18:00:00+00:00,220.649994,220.750000,220.427505,220.595001,149548
2026-06-22 18:05:00+00:00,220.554993,220.850006,220.500000,220.820007,18631
2026-06-22 18:10:00+00:00,220.869995,220.990005,220.789993,220.990005,17484
2026-06-22 18:15:00+00:00,220.975006,221.119995,220.779999,221.009995,16978
2026-06-22 18:20:00+00:00,221.035004,221.240005,221.035004,221.149994,16487
2026-06-22 18:25:00+00:00,221.199997,221.210007,220.970001,221.059998,15656
2026-06-22 18:30:00+00:00,221.160004,221.229996,220.889999,221.020004,25234
2026-06-22 18:35:00+00:00,220.979996,221.100006,220.870102,220.970001,10095
2026-06-22 18:40:00+00:00,221.000000,221.089996,220.759995,220.789993,19610
2026-06-22 18:45:00+00:00,220.774994,220.809998,220.554993,220.660095,16331
2026-06-22 18:50:00+00:00,220.570007,220.625000,220.255005,220.315002,29244
2026-06-22 18:55:00+00:00,220.294998,220.429993,220.110001,220.149994,31897
2026-06-22 19:00:00+00:00,220.179993,220.666107,220.179993,220.642502,27225
2026-06-22 19:05:00+00:00,220.582504,221.024994,220.580002,220.789993,34512
2026-06-22 19:10:00+00:00,220.759995,220.904999,220.479996,220.735001,63424
2026-06-22 19:15:00+00:00,220.809998,221.100006,220.669998,220.985001,25382
2026-06-22 19:20:00+00:00,221.080002,221.410004,220.730103,221.335007,93494
2026-06-22 19:25:00+00:00,221.335007,221.440002,221.220001,221.360001,41233
2026-06-22 19:30:00+00:00,221.309998,221.839905,221.304993,221.449997,79702
2026-06-22 19:35:00+00:00,221.475006,221.839996,221.384995,221.640106,33738
2026-06-22 19:40:00+00:00,221.710007,221.729996,221.320007,221.380005,43924
2026-06-22 19:45:00+00:00,221.389999,222.095001,221.389999,222.095001,102569
2026-06-22 19:50:00+00:00,222.100006,222.100006,221.059998,221.190002,106331
2026-06-22 19:55:00+00:00,221.164993,221.389999,220.699997,220.839996,305205
2026-06-23 13:30:00+00:00,218.889999,221.479996,218.600098,218.880005,192207
2026-06-23 13:35:00+00:00,219.089996,219.830002,217.800003,218.169998,105340
2026-06-23 13:40:00+00:00,218.199997,220.889999,218.100006,219.599594,89760
2026-06-23 13:45:00+00:00,219.684998,220.119995,219.435898,219.960007,51756
2026-06-23 13:50:00+00:00,219.979996,220.809998,219.979996,220.464996,58944
2026-06-23 13:55:00+00:00,220.464996,220.689896,219.960007,220.205002,34236
2026-06-23 14:00:00+00:00,220.205002,221.279999,219.869995,221.210007,45300
2026-06-23 14:05:00+00:00,221.210007,221.210007,220.619995,221.065002,28959
2026-06-23 14:10:00+00:00,221.070007,221.469894,220.900101,221.289993,41661
2026-06-23 14:15:00+00:00,221.250000,221.429901,220.934998,221.404907,58728
2026-06-23 14:20:00+00:00,221.360001,221.360001,220.809998,220.990005,36493
2026-06-23 14:25:00+00:00,221.029999,221.080002,220.039993,220.410004,43293
2026-06-23 14:30:00+00:00,220.369995,220.429993,219.375000,219.500000,30841
2026-06-23 14:35:00+00:00,219.479996,219.940002,219.380005,219.380005,34897
2026-06-23 14:40:00+00:00,219.470001,219.470001,218.710007,219.029999,41156
2026-06-23 14:45:00+00:00,218.979996,219.074997,218.570007,218.955002,82106
2026-06-23 14:50:00+00:00,218.979996,219.195007,218.759995,218.779999,30914
2026-06-23 14:55:00+00:00,218.789993,218.975006,218.649994,218.804993,28513
2026-06-23 15:00:00+00:00,218.804993,219.020004,218.720001,218.970001,88137
2026-06-23 15:05:00+00:00,218.970001,219.035004,218.630005,218.824997,38619
2026-06-23 15:10:00+00:00,218.804993,218.880005,218.664795,218.827499,21123
2026-06-23 15:15:00+00:00,218.809998,218.889999,218.509995,218.697495,33795
2026-06-23 15:20:00+00:00,218.679993,218.839996,218.190002,218.190002,34789
2026-06-23 15:25:00+00:00,218.255005,218.410004,218.110001,218.110001,36284
2026-06-23 15:30:00+00:00,218.089996,218.360001,217.770004,218.059998,101426
2026-06-23 15:35:00+00:00,218.000000,218.500000,217.960007,218.199997,32883
2026-06-23 15:40:00+00:00,218.199997,218.469894,218.199997,218.469894,17444
2026-06-23 15:45:00+00:00,218.279999,218.500000,218.110001,218.475006,24305
2026-06-23 15:50:00+00:00,218.470001,218.740005,218.350006,218.649994,22592
2026-06-23 15:55:00+00:00,218.580002,218.759995,218.470001,218.669998,18428
2026-06-23 16:00:00+00:00,218.649994,218.839996,218.560104,218.630005,20437
2026-06-23 16:05:00+00:00,218.725006,219.309998,218.720001,219.274994,41922
2026-06-23 16:10:00+00:00,219.279999,219.550003,219.229996,219.330002,28579
2026-06-23 16:15:00+00:00,219.345001,219.345001,218.811005,218.860001,18883
2026-06-23 16:20:00+00:00,218.809998,218.925003,218.595001,218.899994,23281
2026-06-23 16:25:00+00:00,218.880005,219.205002,218.850006,219.154999,20889
2026-06-23 16:30:00+00:00,219.154999,219.210007,219.020004,219.029999,19402
2026-06-23 16:35:00+00:00,219.020004,219.199997,218.940002,218.960007,33183
2026-06-23 16:40:00+00:00,218.960007,219.179993,218.960007,219.059998,19857
2026-06-23 16:45:00+00:00,219.029999,219.079895,218.679993,218.679993,23406
2026-06-23 16:50:00+00:00,218.669998,218.820007,218.509995,218.630005,26519
2026-06-23 16:55:00+00:00,218.630005,218.740005,218.300003,218.550003,19569
2026-06-23 17:00:00+00:00,218.470001,218.570007,218.350006,218.350006,22692
2026-06-23 17:05:00+00:00,218.404999,218.559998,218.339996,218.339996,20887
2026-06-23 17:10:00+00:00,218.429993,218.600006,218.339996,218.440002,16290
2026-06-23 17:15:00+00:00,218.479996,218.580002,218.339996,218.395004,19846
2026-06-23 17:20:00+00:00,218.395004,218.630005,218.395004,218.600006,21774
2026-06-23 17:25:00+00:00,218.500000,218.550003,218.399994,218.449997,23142
2026-06-23 17:30:00+00:00,218.399994,218.539001,218.339996,218.445007,15602
2026-06-23 17:35:00+00:00,218.445007,218.445007,218.110001,218.199997,15557
2026-06-23 17:40:00+00:00,218.149994,218.348999,218.089996,218.270004,31694
2026-06-23 17:45:00+00:00,218.270004,218.350006,218.070007,218.228195,30668
2026-06-23 17:50:00+00:00,218.210007,218.255005,217.809998,217.880005,58875
2026-06-23 17:55:00+00:00,217.800003,217.809998,217.600006,217.610001,24514
2026-06-23 18:00:00+00:00,217.649994,217.960007,217.610001,217.799805,21913
2026-06-23 18:05:00+00:00,217.854996,217.929993,217.649994,217.759995,20701
2026-06-23 18:10:00+00:00,217.764999,217.880005,217.660004,217.759995,21136
2026-06-23 18:15:00+00:00,217.770004,217.785004,217.280106,217.289993,24058
2026-06-23 18:20:00+00:00,217.324997,217.832016,217.164993,217.774994,33608
2026-06-23 18:25:00+00:00,217.764999,217.764999,217.300003,217.490097,34468
2026-06-23 18:30:00+00:00,217.500000,217.630005,217.389999,217.470001,39964
2026-06-23 18:35:00+00:00,217.529999,217.630005,217.399994,217.410004,36118
2026-06-23 18:40:00+00:00,217.410004,217.511993,217.250000,217.449997,44866
2026-06-23 18:45:00+00:00,217.449997,217.649994,217.279999,217.639999,36898
2026-06-23 18:50:00+00:00,217.720001,218.000000,217.720001,217.999893,27053
2026-06-23 18:55:00+00:00,217.919998,218.399994,217.889999,218.199997,25750
2026-06-23 19:00:00+00:00,218.199997,218.449997,218.110001,218.389999,26820
2026-06-23 19:05:00+00:00,218.399994,218.699997,218.060104,218.160004,185049
2026-06-23 19:10:00+00:00,218.130005,218.289993,218.000000,218.059998,31371
2026-06-23 19:15:00+00:00,218.085007,218.130005,217.570007,217.664993,28568
2026-06-23 19:20:00+00:00,217.654999,217.839996,217.589996,217.669998,28378
2026-06-23 19:25:00+00:00,217.589996,217.658997,217.280106,217.658997,40723
2026-06-23 19:30:00+00:00,217.470001,217.559998,217.350006,217.470993,38152
2026-06-23 19:35:00+00:00,217.320007,217.570007,217.320007,217.369995,43102
2026-06-23 19:40:00+00:00,217.440002,217.490005,217.050003,217.054993,78470
2026-06-23 19:45:00+00:00,217.039993,217.145004,216.649994,216.911301,111468
2026-06-23 19:50:00+00:00,216.889999,217.169907,216.639999,217.000000,100566
2026-06-23 19:55:00+00:00,217.000000,217.199997,216.710007,216.759995,289966
2026-06-24 13:30:00+00:00,218.190002,219.860001,217.679993,219.524994,128100
2026-06-24 13:35:00+00:00,219.470001,221.000000,219.330002,219.869995,65339
2026-06-24 13:40:00+00:00,219.715271,219.990005,219.104996,219.104996,69002
2026-06-24 13:45:00+00:00,219.000000,219.029999,218.220093,218.390106,71583
2026-06-24 13:50:00+00:00,218.500000,220.220001,218.500000,220.000000,54838
2026-06-24 13:55:00+00:00,220.009995,220.380005,219.649994,220.156494,40401
2026-06-24 14:00:00+00:00,220.080002,220.300003,219.570007,219.570007,34659
2026-06-24 14:05:00+00:00,219.634995,220.750000,219.604996,220.610001,82357
2026-06-24 14:10:00+00:00,220.750000,220.899902,220.002594,220.199997,30393
2026-06-24 14:15:00+00:00,220.020004,220.029999,219.460007,219.899994,27077
2026-06-24 14:20:00+00:00,219.899994,220.804993,219.590103,220.479996,51071
2026-06-24 14:25:00+00:00,220.385101,220.561295,220.000107,220.524994,23893
2026-06-24 14:30:00+00:00,220.610001,220.889999,220.220001,220.220001,20594
2026-06-24 14:35:00+00:00,220.279999,220.279999,219.397995,219.485001,22837
2026-06-24 14:40:00+00:00,219.490005,220.169998,219.369995,220.169998,35036
2026-06-24 14:45:00+00:00,220.399994,220.679993,220.050095,220.149994,33505
2026-06-24 14:50:00+00:00,220.149994,220.917999,220.020004,220.750000,37506
2026-06-24 14:55:00+00:00,220.819901,221.669998,220.580002,221.589996,118433
2026-06-24 15:00:00+00:00,221.565369,221.850006,221.050003,221.235001,52171
2026-06-24 15:05:00+00:00,221.235001,221.350006,221.020004,221.149994,29161
2026-06-24 15:10:00+00:00,221.149994,221.214996,220.470001,220.830002,37003
2026-06-24 15:15:00+00:00,220.907303,221.160004,220.840103,220.970001,22711
2026-06-24 15:20:00+00:00,221.009995,221.139999,220.860001,221.130005,42253
2026-06-24 15:25:00+00:00,221.130005,221.970001,221.028503,221.970001,58496
2026-06-24 15:30:00+00:00,221.925003,221.925003,221.309998,221.399994,34846
2026-06-24 15:35:00+00:00,221.434998,221.570007,221.000000,221.100006,26494
2026-06-24 15:40:00+00:00,221.250000,221.339996,221.035004,221.035004,23554
2026-06-24 15:45:00+00:00,221.035004,221.410004,220.899994,221.369995,403848
2026-06-24 15:50:00+00:00,221.369995,221.500000,220.750000,220.979996,54893
2026-06-24 15:55:00+00:00,220.975006,221.039993,220.615005,220.714996,15359
2026-06-24 16:00:00+00:00,220.759995,220.860001,220.539993,220.640106,22607
2026-06-24 16:05:00+00:00,220.729996,220.770004,220.539993,220.539993,15152
2026-06-24 16:10:00+00:00,220.551498,220.880005,220.539993,220.750000,21849
2026-06-24 16:15:00+00:00,220.755005,220.880005,220.320007,220.464996,27501
2026-06-24 16:20:00+00:00,220.539993,220.919907,220.449997,220.910004,26316
2026-06-24 16:25:00+00:00,220.854996,220.880005,220.589996,220.699997,18659
2026-06-24 16:30:00+00:00,220.699997,221.149994,220.589996,221.029999,45090
2026-06-24 16:35:00+00:00,221.130005,221.399902,220.929993,221.059998,51483
2026-06-24 16:40:00+00:00,220.970398,221.119995,220.710098,221.119995,26528
2026-06-24 16:45:00+00:00,221.020004,221.395004,220.884995,221.300003,31757
2026-06-24 16:50:00+00:00,221.300003,221.410004,221.070007,221.149994,17167
2026-06-24 16:55:00+00:00,221.145004,221.311096,221.014999,221.229996,22506
2026-06-24 17:00:00+00:00,221.240005,221.434998,221.149994,221.289993,12456
2026-06-24 17:05:00+00:00,221.332001,221.360001,220.880005,221.000000,31255
2026-06-24 17:10:00+00:00,221.014999,221.279999,220.790100,221.264999,79083
2026-06-24 17:15:00+00:00,221.270004,221.445007,220.779999,220.869995,53622
2026-06-24 17:20:00+00:00,220.800003,220.830002,220.309998,220.570099,54015
2026-06-24 17:25:00+00:00,220.570007,220.729996,220.380005,220.664993,23300
2026-06-24 17:30:00+00:00,220.684998,220.949905,220.539993,220.729996,21196
2026-06-24 17:35:00+00:00,220.735001,220.962296,219.798004,220.130005,54950
2026-06-24 17:40:00+00:00,220.039993,220.039993,219.539993,219.630005,33721
2026-06-24 17:45:00+00:00,219.720001,220.130005,219.399994,220.039993,31429
2026-06-24 17:50:00+00:00,220.029999,220.425003,219.841705,220.240005,25182
2026-06-24 17:55:00+00:00,220.330002,220.539902,220.009995,220.149994,27297
2026-06-24 18:00:00+00:00,220.149994,220.649902,220.149994,220.279999,32209
2026-06-24 18:05:00+00:00,220.330002,220.459900,220.119995,220.119995,14013
2026-06-24 18:10:00+00:00,220.130005,220.289993,220.020004,220.270004,20774
2026-06-24 18:15:00+00:00,220.347504,220.839996,220.330002,220.710007,13772
2026-06-24 18:20:00+00:00,220.710007,221.690002,220.710007,221.679993,62140
2026-06-24 18:25:00+00:00,221.779999,222.080002,221.554993,222.003403,42557
2026-06-24 18:30:00+00:00,222.029907,222.250000,221.830002,222.169998,29850
2026-06-24 18:35:00+00:00,222.169998,222.195007,221.875793,221.919998,23786
2026-06-24 18:40:00+00:00,221.970901,221.970901,221.580093,221.800003,26232
2026-06-24 18:45:00+00:00,221.744995,221.744995,220.919998,221.065002,25328
2026-06-24 18:50:00+00:00,221.050003,221.169998,220.925003,221.039993,27441
2026-06-24 18:55:00+00:00,221.104996,221.229996,220.938904,221.184998,27167
2026-06-24 19:00:00+00:00,221.229996,221.380005,220.945007,221.235001,27255
2026-06-24 19:05:00+00:00,221.235001,221.235001,220.509995,220.610001,22482
2026-06-24 19:10:00+00:00,220.550003,220.830002,220.410004,220.830002,28333
2026-06-24 19:15:00+00:00,220.690002,220.922195,220.630005,220.710007,23769
2026-06-24 19:20:00+00:00,220.630005,220.660004,220.339996,220.464996,25937
2026-06-24 19:25:00+00:00,220.550003,220.649994,220.076996,220.169998,39577
2026-06-24 19:30:00+00:00,220.160004,220.210007,219.619995,219.669998,34498
2026-06-24 19:35:00+00:00,219.669998,219.830002,219.470001,219.479996,39941
2026-06-24 19:40:00+00:00,219.509995,219.580002,219.270004,219.500000,42637
2026-06-24 19:45:00+00:00,219.479996,219.649994,219.300003,219.649994,52770
2026-06-24 19:50:00+00:00,219.570007,220.470001,219.509995,220.190002,101096
2026-06-24 19:55:00+00:00,220.190002,220.705002,219.990005,220.289993,282901
2026-06-25 13:30:00+00:00,220.600006,221.000000,219.160004,220.375000,102026
2026-06-25 13:35:00+00:00,220.375000,221.339905,219.630005,219.800003,62910
2026-06-25 13:40:00+00:00,219.716675,221.080002,219.210007,220.710495,51805
2026-06-25 13:45:00+00:00,220.419998,220.419998,219.110001,219.880005,48863
2026-06-25 13:50:00+00:00,219.914993,220.300003,219.540497,219.975006,32287
2026-06-25 13:55:00+00:00,220.005005,220.500000,219.630005,220.085007,53837
2026-06-25 14:00:00+00:00,220.285004,221.649994,219.679993,221.649994,51434
2026-06-25 14:05:00+00:00,221.679993,222.979004,221.679993,222.869995,79312
2026-06-25 14:10:00+00:00,222.970001,223.270004,222.449997,222.669998,72967
2026-06-25 14:15:00+00:00,222.755005,223.360001,222.160004,223.089996,84718
2026-06-25 14:20:00+00:00,223.220001,223.479996,222.380005,222.440002,41361
2026-06-25 14:25:00+00:00,222.398193,223.149994,222.350098,223.039993,54800
2026-06-25 14:30:00+00:00,223.029999,223.750000,223.029999,223.750000,66491
2026-06-25 14:35:00+00:00,223.750000,224.130005,223.589996,223.970001,35872
2026-06-25 14:40:00+00:00,223.869995,224.001999,223.240005,223.285095,38300
2026-06-25 14:45:00+00:00,223.285004,223.470001,222.920105,223.292496,28747
2026-06-25 14:50:00+00:00,223.389999,223.490005,223.050003,223.350006,24415
2026-06-25 14:55:00+00:00,223.289993,223.292496,222.205002,222.210007,43550
2026-06-25 15:00:00+00:00,222.201996,222.490005,221.779999,222.289993,30741
2026-06-25 15:05:00+00:00,222.300003,222.369995,221.494995,221.559998,27888
2026-06-25 15:10:00+00:00,221.380005,221.410004,220.449997,220.714996,40703
2026-06-25 15:15:00+00:00,220.785004,221.419998,220.509995,221.259995,25731
2026-06-25 15:20:00+00:00,221.130005,221.479996,221.000107,221.270004,18122
2026-06-25 15:25:00+00:00,221.199997,221.520004,221.119995,221.380005,17498
2026-06-25 15:30:00+00:00,221.330002,221.960007,221.324997,221.720001,33589
2026-06-25 15:35:00+00:00,221.789993,221.989899,221.650101,221.750000,21464
2026-06-25 15:40:00+00:00,221.815002,221.815002,220.600998,220.690002,35137
2026-06-25 15:45:00+00:00,220.664993,221.039993,220.010101,220.010101,39219
2026-06-25 15:50:00+00:00,220.199997,220.460007,220.010101,220.029999,27469
2026-06-25 15:55:00+00:00,220.190002,220.710007,219.979996,220.509995,41365
2026-06-25 16:00:00+00:00,220.580002,220.580002,220.089996,220.139999,27703
2026-06-25 16:05:00+00:00,220.179993,220.830002,220.179993,220.774994,43645
2026-06-25 16:10:00+00:00,220.830002,221.050003,220.150101,220.270004,46110
2026-06-25 16:15:00+00:00,220.169998,220.300003,220.030106,220.229996,18254
2026-06-25 16:20:00+00:00,220.279999,220.399994,219.889999,220.070007,20845
2026-06-25 16:25:00+00:00,220.039993,220.069901,219.800003,219.979996,21994
2026-06-25 16:30:00+00:00,219.940002,219.940002,219.475906,219.860001,40188
2026-06-25 16:35:00+00:00,219.779999,219.779999,219.410004,219.529999,25576
2026-06-25 16:40:00+00:00,219.479996,219.520004,219.139999,219.253204,31305
2026-06-25 16:45:00+00:00,219.190002,219.500000,219.100006,219.399994,34038
2026-06-25 16:50:00+00:00,219.399994,219.559906,219.309998,219.429993,29325
2026-06-25 16:55:00+00:00,219.449997,219.520004,219.195007,219.320007,19853
2026-06-25 17:00:00+00:00,219.380005,219.404999,218.755005,218.755005,41295
2026-06-25 17:05:00+00:00,218.755005,218.789993,218.279999,218.419998,31963
2026-06-25 17:10:00+00:00,218.440002,219.205002,218.419998,219.050003,44392
2026-06-25 17:15:00+00:00,219.080002,219.429993,218.904999,218.904999,24908
2026-06-25 17:20:00+00:00,218.914993,219.265305,218.710007,219.169998,24706
2026-06-25 17:25:00+00:00,219.169998,219.389999,218.945007,218.949997,25487
2026-06-25 17:30:00+00:00,219.029999,219.389999,219.029999,219.354996,26793
2026-06-25 17:35:00+00:00,219.339996,219.440002,219.169998,219.259995,18902
2026-06-25 17:40:00+00:00,219.270004,219.350006,218.860107,218.985001,22533
2026-06-25 17:45:00+00:00,218.940002,219.440002,218.889999,219.274994,50644
2026-06-25 17:50:00+00:00,219.259995,219.399994,219.029999,219.240005,24561
2026-06-25 17:55:00+00:00,219.240005,219.660004,219.095001,219.595001,31593
2026-06-25 18:00:00+00:00,219.500000,220.250000,218.779999,219.684998,66401
2026-06-25 18:05:00+00:00,219.479996,219.479996,218.460693,218.639999,68585
2026-06-25 18:10:00+00:00,218.750000,219.199997,218.589996,218.843994,51786
2026-06-25 18:15:00+00:00,218.924194,219.350006,218.699997,219.229996,24997
2026-06-25 18:20:00+00:00,219.130005,219.130005,218.889999,218.979996,41354
2026-06-25 18:25:00+00:00,219.095001,219.500000,219.095001,219.410004,29307
2026-06-25 18:30:00+00:00,219.375000,219.384995,219.000000,219.089905,18198
2026-06-25 18:35:00+00:00,218.970001,219.199997,218.809998,218.949997,20793
2026-06-25 18:40:00+00:00,219.050003,219.059998,218.500000,218.615005,26805
2026-06-25 18:45:00+00:00,218.500000,218.865005,218.350006,218.639999,54018
2026-06-25 18:50:00+00:00,218.720001,218.990005,218.529999,218.625000,28175
2026-06-25 18:55:00+00:00,218.559998,218.639999,218.300003,218.375000,26598
2026-06-25 19:00:00+00:00,218.309998,218.470001,218.149994,218.399994,33281
2026-06-25 19:05:00+00:00,218.324997,218.330002,218.100006,218.250000,29116
2026-06-25 19:10:00+00:00,218.179993,218.350006,217.880005,218.149994,44744
2026-06-25 19:15:00+00:00,218.119995,218.384995,218.016998,218.145996,43627
2026-06-25 19:20:00+00:00,218.169998,218.389999,217.990005,218.130005,63484
2026-06-25 19:25:00+00:00,218.199905,218.199905,217.820007,217.955002,46124
2026-06-25 19:30:00+00:00,217.929993,218.029999,217.699997,217.809998,60473
2026-06-25 19:35:00+00:00,217.779999,218.100006,217.419998,217.979996,147209
2026-06-25 19:40:00+00:00,217.979996,218.029999,217.649994,217.679993,61269
2026-06-25 19:45:00+00:00,217.669998,217.850006,217.383896,217.699997,107734
2026-06-25 19:50:00+00:00,217.699997,217.699997,217.330002,217.669998,132722
2026-06-25 19:55:00+00:00,217.710007,218.220001,217.160004,218.220001,319490
2026-06-26 13:30:00+00:00,217.550003,218.300003,216.050003,216.324997,147460
2026-06-26 13:35:00+00:00,216.350006,218.159897,216.179993,218.039993,57061
2026-06-26 13:40:00+00:00,218.044998,218.449997,217.110001,217.559998,43710
2026-06-26 13:45:00+00:00,217.289993,217.509995,217.000000,217.199997,35696
2026-06-26 13:50:00+00:00,217.110001,217.460007,216.744995,217.354996,48222
2026-06-26 13:55:00+00:00,217.199997,218.350006,217.199997,218.309998,65893
2026-06-26 14:00:00+00:00,218.270004,219.350006,218.000107,219.205002,71660
2026-06-26 14:05:00+00:00,219.199997,219.369995,218.750000,219.259003,43745
2026-06-26 14:10:00+00:00,218.985001,219.289993,218.789993,219.110001,34938
2026-06-26 14:15:00+00:00,219.085007,219.660004,218.929993,219.039993,52301
2026-06-26 14:20:00+00:00,219.059998,219.800003,219.059998,219.649994,43617
2026-06-26 14:25:00+00:00,219.649994,219.899994,219.229996,219.615005,49737
2026-06-26 14:30:00+00:00,219.595001,219.943100,219.250000,219.479996,23474
2026-06-26 14:35:00+00:00,219.619995,219.720001,219.088898,219.115005,23319
2026-06-26 14:40:00+00:00,219.000000,219.119995,218.615005,218.789993,43146
2026-06-26 14:45:00+00:00,218.949997,219.350006,218.940002,219.059998,20923
2026-06-26 14:50:00+00:00,219.110001,219.429901,218.970001,219.110001,19446
2026-06-26 14:55:00+00:00,219.110001,219.529999,219.100006,219.410004,38416
2026-06-26 15:00:00+00:00,219.425507,219.729996,219.422104,219.604996,22927
2026-06-26 15:05:00+00:00,219.699997,220.000000,219.449997,219.850006,42019
2026-06-26 15:10:00+00:00,219.850006,220.429993,219.699997,220.229904,68978
2026-06-26 15:15:00+00:00,220.339996,220.699997,220.001404,220.634995,61513
2026-06-26 15:20:00+00:00,220.699997,220.910004,220.570007,220.770004,29836
2026-06-26 15:25:00+00:00,220.779999,221.320007,220.729996,221.320007,38797
2026-06-26 15:30:00+00:00,221.389999,222.315796,221.279999,222.274994,145171
2026-06-26 15:35:00+00:00,222.210007,222.299896,221.860001,222.100006,56059
2026-06-26 15:40:00+00:00,222.050003,222.559998,222.009995,222.320007,47341
2026-06-26 15:45:00+00:00,222.320007,222.579895,221.850006,221.865005,59374
2026-06-26 15:50:00+00:00,221.850006,221.945007,221.270004,221.399994,56344
2026-06-26 15:55:00+00:00,221.309998,221.520004,221.229996,221.330002,26616
2026-06-26 16:00:00+00:00,221.330002,221.330002,221.120102,221.159195,23867
2026-06-26 16:05:00+00:00,221.220001,221.309998,220.940002,220.940002,29319
2026-06-26 16:10:00+00:00,221.000000,221.190002,220.904999,220.904999,33123
2026-06-26 16:15:00+00:00,220.839996,220.940002,220.660004,220.759995,28536
2026-06-26 16:20:00+00:00,220.699997,220.750000,220.240005,220.460007,35137
2026-06-26 16:25:00+00:00,220.479996,220.479996,220.059998,220.149994,27598
2026-06-26 16:30:00+00:00,220.160004,220.500000,219.940002,220.384995,53612
2026-06-26 16:35:00+00:00,220.380005,220.460007,220.184998,220.210007,18090
2026-06-26 16:40:00+00:00,220.199997,220.375000,219.860001,219.860001,17554
2026-06-26 16:45:00+00:00,219.830002,220.029999,219.650101,219.977493,10988
2026-06-26 16:50:00+00:00,219.929993,220.070007,219.770004,219.889999,16479
2026-06-26 16:55:00+00:00,219.985107,220.149994,219.929993,220.020004,17079
2026-06-26 17:00:00+00:00,219.940002,220.160004,219.889999,220.115005,15026
2026-06-26 17:05:00+00:00,220.169998,220.410004,220.149994,220.235001,14765
2026-06-26 17:10:00+00:00,220.149994,220.259995,220.000000,220.110001,78670
2026-06-26 17:15:00+00:00,220.110001,220.179993,220.020004,220.029999,20262
2026-06-26 17:20:00+00:00,220.109802,220.179993,219.835007,219.835007,23191
2026-06-26 17:25:00+00:00,219.800003,219.910004,219.649994,219.684998,15370
2026-06-26 17:30:00+00:00,219.750000,219.949905,219.470001,219.744995,62767
2026-06-26 17:35:00+00:00,219.639999,219.639999,219.380005,219.419998,10247
2026-06-26 17:40:00+00:00,219.392502,219.440002,219.100006,219.289993,30216
2026-06-26 17:45:00+00:00,219.350006,219.360001,219.179993,219.235001,19085
2026-06-26 17:50:00+00:00,219.179993,219.429993,219.081299,219.315002,33868
2026-06-26 17:55:00+00:00,219.250000,219.365005,219.169998,219.244003,15708
2026-06-26 18:00:00+00:00,219.169998,219.229996,218.985001,219.103806,21912
2026-06-26 18:05:00+00:00,219.050003,219.259903,218.850006,218.970001,23992
2026-06-26 18:10:00+00:00,218.970001,219.130005,218.809998,218.945007,32123
2026-06-26 18:15:00+00:00,218.900299,219.020004,218.750000,218.750000,15661
2026-06-26 18:20:00+00:00,218.794998,218.794998,218.529999,218.619995,19460
2026-06-26 18:25:00+00:00,218.625000,218.625000,218.220001,218.589996,51781
2026-06-26 18:30:00+00:00,218.479996,218.589996,218.410004,218.470001,18381
2026-06-26 18:35:00+00:00,218.460007,218.519897,218.259995,218.259995,22316
2026-06-26 18:40:00+00:00,218.330002,218.880005,218.230103,218.830002,33947
2026-06-26 18:45:00+00:00,218.875000,218.875000,218.169998,218.255005,15823
2026-06-26 18:50:00+00:00,218.229996,218.359894,218.130005,218.240005,16419
2026-06-26 18:55:00+00:00,218.240005,218.350006,218.130005,218.255005,24173
2026-06-26 19:00:00+00:00,218.259995,218.479996,218.149994,218.160004,28997
2026-06-26 19:05:00+00:00,218.184998,218.419998,218.154999,218.335007,26190
2026-06-26 19:10:00+00:00,218.270004,218.782501,218.229996,218.567703,49261
2026-06-26 19:15:00+00:00,218.630005,218.649994,218.259995,218.375000,37388
2026-06-26 19:20:00+00:00,218.259995,218.309998,217.710007,217.750000,45731
2026-06-26 19:25:00+00:00,217.830002,217.909897,217.470001,217.529999,49255
2026-06-26 19:30:00+00:00,217.479996,217.630005,217.380005,217.380005,60587
2026-06-26 19:35:00+00:00,217.320007,217.330002,216.360001,216.399994,87186
2026-06-26 19:40:00+00:00,216.380005,216.599899,216.000000,216.119995,119545
2026-06-26 19:45:00+00:00,216.169998,216.460007,215.509995,215.789993,163533
2026-06-26 19:50:00+00:00,215.600006,217.139999,215.360001,216.820007,214789
2026-06-26 19:55:00+00:00,216.979996,217.800003,216.940002,217.179993,506222
2026-06-29 13:30:00+00:00,218.630005,219.509995,217.904999,218.630005,193629
2026-06-29 13:35:00+00:00,218.750000,219.300003,217.759995,218.380005,110161
2026-06-29 13:40:00+00:00,218.414398,219.000000,218.179993,218.910004,52112
2026-06-29 13:45:00+00:00,218.835007,219.440002,218.240005,219.199997,98650
2026-06-29 13:50:00+00:00,219.050003,219.300003,217.619995,217.735001,78011
2026-06-29 13:55:00+00:00,217.684998,217.750000,216.910004,217.259995,51169
2026-06-29 14:00:00+00:00,217.259995,217.749893,216.649994,217.309998,34196
2026-06-29 14:05:00+00:00,217.220001,217.586395,217.000000,217.375000,35348
2026-06-29 14:10:00+00:00,217.345001,217.570007,216.169998,216.279999,113189
2026-06-29 14:15:00+00:00,216.274994,216.789993,215.839996,216.050003,47272
2026-06-29 14:20:00+00:00,216.080002,217.009995,216.020004,216.419998,44564
2026-06-29 14:25:00+00:00,216.699997,217.649994,216.539993,217.175003,56670
2026-06-29 14:30:00+00:00,217.160004,217.679993,216.520004,216.904999,75409
2026-06-29 14:35:00+00:00,217.029999,217.029999,216.010101,216.300003,25783
2026-06-29 14:40:00+00:00,216.250000,216.589996,216.120102,216.315002,42031
2026-06-29 14:45:00+00:00,216.210007,216.220001,215.699997,216.000000,50716
2026-06-29 14:50:00+00:00,216.000000,216.089996,215.580002,215.710007,43459
2026-06-29 14:55:00+00:00,215.710007,215.789993,215.249893,215.320007,61532
2026-06-29 15:00:00+00:00,215.320007,215.429993,214.770004,215.279999,72248
2026-06-29 15:05:00+00:00,215.294998,215.380005,214.899994,214.985001,36645
2026-06-29 15:10:00+00:00,214.985001,214.985001,214.600006,214.649994,28177
2026-06-29 15:15:00+00:00,214.725006,214.949997,214.710007,214.940002,36471
2026-06-29 15:20:00+00:00,214.904999,215.085007,214.580002,214.690002,49805
2026-06-29 15:25:00+00:00,214.675003,215.110001,214.649994,214.934998,38541
2026-06-29 15:30:00+00:00,215.059998,215.089996,214.839996,214.940002,37131
2026-06-29 15:35:00+00:00,214.889999,214.970001,214.350006,214.425003,65479
2026-06-29 15:40:00+00:00,214.449997,215.009903,214.384995,215.009903,32534
2026-06-29 15:45:00+00:00,214.979996,215.100006,214.820007,214.820007,29678
2026-06-29 15:50:00+00:00,214.809998,214.839905,214.630005,214.785004,21779
2026-06-29 15:55:00+00:00,214.800003,214.889999,214.509995,214.850006,24960
2026-06-29 16:00:00+00:00,214.919998,215.100006,214.800003,215.059998,28305
2026-06-29 16:05:00+00:00,215.024994,215.626694,215.024994,215.419998,29250
2026-06-29 16:10:00+00:00,215.449997,215.500000,215.350006,215.399994,25333
2026-06-29 16:15:00+00:00,215.490005,215.500000,215.259995,215.340103,22282
2026-06-29 16:20:00+00:00,215.399994,215.669998,215.274994,215.600006,25731
2026-06-29 16:25:00+00:00,215.625000,215.625000,215.279999,215.494995,18470
2026-06-29 16:30:00+00:00,215.475006,215.600006,215.340103,215.460007,30480
2026-06-29 16:35:00+00:00,215.479996,215.539993,215.039993,215.320007,28173
2026-06-29 16:40:00+00:00,215.270004,215.320007,214.869995,215.059998,19958
2026-06-29 16:45:00+00:00,215.009995,215.240005,214.699997,215.240005,31292
2026-06-29 16:50:00+00:00,215.259995,215.469376,215.149994,215.419998,17328
2026-06-29 16:55:00+00:00,215.445007,215.639999,215.175995,215.360001,24453
2026-06-29 17:00:00+00:00,215.419998,215.500000,215.350098,215.419998,13679
2026-06-29 17:05:00+00:00,215.479996,215.589996,215.410004,215.429993,18837
2026-06-29 17:10:00+00:00,215.539993,216.009995,215.460007,215.940002,41044
2026-06-29 17:15:00+00:00,215.940002,216.000000,215.619995,215.649902,24088
2026-06-29 17:20:00+00:00,215.570007,215.648499,215.300003,215.360001,24691
2026-06-29 17:25:00+00:00,215.404999,215.619995,215.300003,215.320007,33096
2026-06-29 17:30:00+00:00,215.309998,215.459900,214.919998,215.080002,27990
2026-06-29 17:35:00+00:00,215.070007,215.210007,214.889999,215.139999,42760
2026-06-29 17:40:00+00:00,215.229996,215.600006,215.110001,215.199997,26526
2026-06-29 17:45:00+00:00,215.375000,215.434998,215.119995,215.229996,36125
2026-06-29 17:50:00+00:00,215.210007,215.470001,215.210007,215.229996,20429
2026-06-29 17:55:00+00:00,215.130005,215.300003,215.089996,215.089996,19536
2026-06-29 18:00:00+00:00,215.190002,215.369995,215.134995,215.270004,13321
2026-06-29 18:05:00+00:00,215.330002,215.350006,214.880005,214.899994,39950
2026-06-29 18:10:00+00:00,214.899994,214.945007,214.720001,214.860001,30239
2026-06-29 18:15:00+00:00,214.860001,214.910004,214.619995,214.619995,21166
2026-06-29 18:20:00+00:00,214.600006,214.740005,214.565002,214.600006,21933
2026-06-29 18:25:00+00:00,214.615005,214.720001,214.570007,214.714996,20801
2026-06-29 18:30:00+00:00,214.714996,214.899994,214.679993,214.849899,62214
2026-06-29 18:35:00+00:00,214.830002,214.940002,214.619995,214.619995,29117
2026-06-29 18:40:00+00:00,214.619995,214.740005,214.589996,214.675003,17871
2026-06-29 18:45:00+00:00,214.674103,214.735001,214.410095,214.660004,41501
2026-06-29 18:50:00+00:00,214.626099,214.649994,214.389999,214.410004,25078
2026-06-29 18:55:00+00:00,214.485001,214.485001,213.945007,214.205002,98999
2026-06-29 19:00:00+00:00,214.220001,214.270004,214.024994,214.065002,23285
2026-06-29 19:05:00+00:00,214.065002,214.550003,214.039993,214.509995,54676
2026-06-29 19:10:00+00:00,214.460007,215.134995,214.460007,215.134995,65105
2026-06-29 19:15:00+00:00,215.139999,215.440002,214.990005,215.365005,47818
2026-06-29 19:20:00+00:00,215.392502,215.719894,215.384995,215.625000,78405
2026-06-29 19:25:00+00:00,215.589996,215.835007,215.214996,215.714996,134667
2026-06-29 19:30:00+00:00,215.714996,215.729996,214.880005,215.059998,91327
2026-06-29 19:35:00+00:00,215.110001,215.190002,214.880005,215.039993,65491
2026-06-29 19:40:00+00:00,215.070007,215.210007,214.899994,215.059998,83242
2026-06-29 19:45:00+00:00,215.070007,215.600006,215.020004,215.130005,101688
2026-06-29 19:50:00+00:00,215.240005,215.549896,214.970001,214.970001,129503
2026-06-29 19:55:00+00:00,214.970001,215.014999,214.179993,214.639999,390908
2026-06-30 13:30:00+00:00,216.500000,219.229996,215.550003,216.679993,322477
2026-06-30 13:35:00+00:00,216.589996,217.929993,216.199997,217.509995,164695
2026-06-30 13:40:00+00:00,217.320007,218.720001,217.080002,217.149994,121307
2026-06-30 13:45:00+00:00,217.149994,217.679993,216.600006,217.240005,110208
2026-06-30 13:50:00+00:00,217.250000,217.350006,215.929993,216.699997,76419
2026-06-30 13:55:00+00:00,216.690002,218.240005,216.679993,217.890106,74251
2026-06-30 14:00:00+00:00,217.889999,218.500000,217.330002,217.654999,79641
2026-06-30 14:05:00+00:00,217.654999,217.970001,216.699997,216.889999,57189
2026-06-30 14:10:00+00:00,216.889999,217.429901,216.889999,217.100006,52413
2026-06-30 14:15:00+00:00,217.044998,217.604996,216.789993,217.604996,81730
2026-06-30 14:20:00+00:00,217.604996,217.729996,216.899994,216.990005,28639
2026-06-30 14:25:00+00:00,216.990005,217.139999,216.494995,216.604996,52508
2026-06-30 14:30:00+00:00,216.619995,217.250000,216.520004,216.945007,33639
2026-06-30 14:35:00+00:00,217.000000,217.210007,216.880005,216.990005,36970
2026-06-30 14:40:00+00:00,216.990005,217.479996,216.990005,217.309998,45769
2026-06-30 14:45:00+00:00,217.320007,217.789993,216.839996,217.000000,42878
2026-06-30 14:50:00+00:00,216.940002,217.192505,216.164993,216.229996,41864
2026-06-30 14:55:00+00:00,216.205002,216.585007,216.205002,216.490005,25421
2026-06-30 15:00:00+00:00,216.509995,216.929993,216.404007,216.759995,36724
2026-06-30 15:05:00+00:00,216.755005,216.860001,216.500000,216.692505,36254
2026-06-30 15:10:00+00:00,216.750000,217.050003,216.690002,216.690002,33048
2026-06-30 15:15:00+00:00,216.690002,216.953201,216.639999,216.843994,48172
2026-06-30 15:20:00+00:00,216.789993,217.600006,216.770004,217.600006,38443
2026-06-30 15:25:00+00:00,217.604996,217.679993,216.929993,217.649994,58413
2026-06-30 15:30:00+00:00,217.759995,217.770004,216.929993,217.309998,51886
2026-06-30 15:35:00+00:00,217.210007,217.270004,216.820007,217.139999,47942
2026-06-30 15:40:00+00:00,217.139999,217.250000,216.960007,217.104996,18120
2026-06-30 15:45:00+00:00,217.020004,217.259995,216.740005,216.789993,28933
2026-06-30 15:50:00+00:00,216.789993,216.804993,216.320007,216.419998,28144
2026-06-30 15:55:00+00:00,216.414993,216.414993,215.785004,215.960007,40503
2026-06-30 16:00:00+00:00,215.960007,216.210007,215.789993,215.869995,33485
2026-06-30 16:05:00+00:00,215.869995,216.160004,215.809998,215.964996,32752
2026-06-30 16:10:00+00:00,215.955002,216.419998,215.899994,216.149994,43845
2026-06-30 16:15:00+00:00,216.179993,216.335007,215.850006,215.860001,26662
2026-06-30 16:20:00+00:00,215.820007,215.960007,215.669998,215.949997,36546
2026-06-30 16:25:00+00:00,215.880005,216.039993,215.710007,216.000000,50305
2026-06-30 16:30:00+00:00,216.029999,216.350006,216.029999,216.285004,47987
2026-06-30 16:35:00+00:00,216.264999,216.559998,216.089996,216.559998,32560
2026-06-30 16:40:00+00:00,216.565002,216.580002,216.089996,216.250000,43523
2026-06-30 16:45:00+00:00,216.214996,216.270004,216.059998,216.154999,24428
2026-06-30 16:50:00+00:00,216.154999,216.220001,215.985001,216.145004,40087
2026-06-30 16:55:00+00:00,216.220001,216.330002,216.020004,216.250000,27757
2026-06-30 17:00:00+00:00,216.270004,216.320007,216.089996,216.270004,26694
2026-06-30 17:05:00+00:00,216.270004,216.519897,216.139999,216.229996,31933
2026-06-30 17:10:00+00:00,216.199997,216.300003,216.110001,216.229996,26797
2026-06-30 17:15:00+00:00,216.229996,216.300003,216.100006,216.240005,31939
2026-06-30 17:20:00+00:00,216.240005,216.399994,216.240005,216.320007,26600
2026-06-30 17:25:00+00:00,216.320007,216.404999,216.199997,216.395004,22391
2026-06-30 17:30:00+00:00,216.395004,216.449493,216.200195,216.244995,31382
2026-06-30 17:35:00+00:00,216.330002,216.785004,216.190002,216.744995,87187
2026-06-30 17:40:00+00:00,216.744995,216.759995,216.110107,216.339996,57896
2026-06-30 17:45:00+00:00,216.389999,216.440002,216.229996,216.264999,31727
2026-06-30 17:50:00+00:00,216.270004,216.360001,215.945007,215.945007,35529
2026-06-30 17:55:00+00:00,215.945007,216.009995,215.330002,215.330002,45225
2026-06-30 18:00:00+00:00,215.330002,215.669998,215.330002,215.490005,48587
2026-06-30 18:05:00+00:00,215.410004,215.570007,215.270004,215.539993,30472
2026-06-30 18:10:00+00:00,215.470001,215.799301,215.339996,215.535004,61058
2026-06-30 18:15:00+00:00,215.550003,215.717697,215.250000,215.262207,44326
2026-06-30 18:20:00+00:00,215.270004,215.880005,215.270004,215.759995,34331
2026-06-30 18:25:00+00:00,215.830002,216.000000,215.634995,215.919998,36722
2026-06-30 18:30:00+00:00,215.800003,215.899994,215.649994,215.679993,23561
2026-06-30 18:35:00+00:00,215.690002,215.845001,215.179993,215.460007,67456
2026-06-30 18:40:00+00:00,215.399994,215.500000,215.169998,215.369995,29107
2026-06-30 18:45:00+00:00,215.350006,215.500000,215.180099,215.464996,36145
2026-06-30 18:50:00+00:00,215.370102,215.559998,215.350006,215.520004,32155
2026-06-30 18:55:00+00:00,215.524994,215.559998,215.199997,215.218796,38716
2026-06-30 19:00:00+00:00,215.244995,215.330002,215.100098,215.190002,305461
2026-06-30 19:05:00+00:00,215.199997,215.320007,214.800003,214.940002,194444
2026-06-30 19:10:00+00:00,214.860001,215.580002,214.729996,215.529999,242038
2026-06-30 19:15:00+00:00,215.514999,215.945602,215.429993,215.429993,49786
2026-06-30 19:20:00+00:00,215.429993,215.580002,215.270004,215.529999,54015
2026-06-30 19:25:00+00:00,215.505005,215.899994,215.460007,215.600006,219076
2026-06-30 19:30:00+00:00,215.580002,215.839996,215.339996,215.529999,73803
2026-06-30 19:35:00+00:00,215.529999,215.529999,215.149994,215.365005,86247
2026-06-30 19:40:00+00:00,215.365005,215.569901,215.160004,215.494995,72717
2026-06-30 19:45:00+00:00,215.550003,215.809998,215.259995,215.649994,145366
2026-06-30 19:50:00+00:00,215.699997,216.324997,215.389999,216.264999,192252
2026-06-30 19:55:00+00:00,216.199997,216.539993,215.889999,216.539993,578412
2026-07-01 13:30:00+00:00,217.259995,220.750000,217.000000,219.610001,334231
2026-07-01 13:35:00+00:00,219.750000,219.830002,217.380005,217.399994,71186
2026-07-01 13:40:00+00:00,217.410004,219.000000,217.000000,219.000000,69671
2026-07-01 13:45:00+00:00,219.070007,219.199997,217.490005,218.020004,38359
2026-07-01 13:50:00+00:00,218.035004,218.460007,217.789993,218.279999,41224
2026-07-01 13:55:00+00:00,218.240005,218.740005,218.125000,218.440002,42402
2026-07-01 14:00:00+00:00,218.500000,218.630005,217.770096,218.134995,32239
2026-07-01 14:05:00+00:00,217.940094,218.485001,217.940094,218.264999,34486
2026-07-01 14:10:00+00:00,218.259995,218.669998,217.919998,218.119995,26689
2026-07-01 14:15:00+00:00,218.039993,218.360001,217.669998,218.304993,31264
2026-07-01 14:20:00+00:00,218.279999,218.664993,218.279999,218.619995,40845
2026-07-01 14:25:00+00:00,218.649994,218.649994,218.149994,218.220001,23536
2026-07-01 14:30:00+00:00,218.240005,218.289993,217.440002,217.729996,48939
2026-07-01 14:35:00+00:00,217.729996,218.220001,217.610001,218.020004,64582
2026-07-01 14:40:00+00:00,218.020004,218.020004,217.110001,217.365005,20925
2026-07-01 14:45:00+00:00,217.529999,217.679993,216.160004,216.270004,35473
2026-07-01 14:50:00+00:00,216.179993,216.939896,216.169998,216.660004,70639
2026-07-01 14:55:00+00:00,216.479996,216.613602,216.240005,216.529999,40401
2026-07-01 15:00:00+00:00,216.570007,216.860001,216.300003,216.809998,33783
2026-07-01 15:05:00+00:00,216.789993,217.449997,216.660004,217.360001,34671
2026-07-01 15:10:00+00:00,217.339996,217.669998,216.869995,217.095001,30103
2026-07-01 15:15:00+00:00,217.095093,217.270004,216.679993,217.134995,28219
2026-07-01 15:20:00+00:00,217.160004,217.610001,217.160004,217.440002,34868
2026-07-01 15:25:00+00:00,217.520004,218.151993,217.520004,218.089996,59706
2026-07-01 15:30:00+00:00,218.095001,218.380005,218.089996,218.229996,35925
2026-07-01 15:35:00+00:00,218.229996,218.300003,217.619995,217.789993,29757
2026-07-01 15:40:00+00:00,217.740005,218.210007,217.660004,218.070007,21731
2026-07-01 15:45:00+00:00,218.000000,218.130005,217.899994,217.899994,20759
2026-07-01 15:50:00+00:00,217.899994,218.000000,217.630005,217.639999,13490
2026-07-01 15:55:00+00:00,217.649994,217.839996,217.509995,217.509995,23242
2026-07-01 16:00:00+00:00,217.604996,217.720001,217.460007,217.574997,15509
2026-07-01 16:05:00+00:00,217.460007,217.845001,217.309998,217.830002,29055
2026-07-01 16:10:00+00:00,217.740005,218.039993,217.580002,217.860001,137098
2026-07-01 16:15:00+00:00,217.960007,218.419998,217.960007,218.175003,24946
2026-07-01 16:20:00+00:00,218.184998,218.250000,217.699997,217.940002,44931
2026-07-01 16:25:00+00:00,217.955002,218.460007,217.910004,218.460007,26805
2026-07-01 16:30:00+00:00,218.460007,218.649902,218.350006,218.350006,35809
2026-07-01 16:35:00+00:00,218.232498,218.330002,218.139999,218.240005,21458
2026-07-01 16:40:00+00:00,218.320007,218.320007,218.080002,218.139999,16252
2026-07-01 16:45:00+00:00,218.160004,218.179794,217.910004,217.990005,9454
2026-07-01 16:50:00+00:00,217.962494,217.970001,217.740005,217.815002,11703
2026-07-01 16:55:00+00:00,217.815002,217.990005,217.669998,217.699997,27611
2026-07-01 17:00:00+00:00,217.750000,217.759995,217.600006,217.619995,12226
2026-07-01 17:05:00+00:00,217.600006,217.779999,217.000000,217.710007,82188
2026-07-01 17:10:00+00:00,217.779907,217.989899,217.580002,217.889999,19241
2026-07-01 17:15:00+00:00,217.889999,218.320007,217.820007,218.270004,42525
2026-07-01 17:20:00+00:00,218.229996,218.410004,218.190002,218.384995,16804
2026-07-01 17:25:00+00:00,218.445007,218.550003,218.210007,218.304993,38897
2026-07-01 17:30:00+00:00,218.179993,218.419998,217.589996,217.639999,50453
2026-07-01 17:35:00+00:00,217.649994,217.830002,217.389999,217.414993,23060
2026-07-01 17:40:00+00:00,217.339996,217.539993,217.210602,217.330002,26507
2026-07-01 17:45:00+00:00,217.309998,217.539993,217.210007,217.279999,54854
2026-07-01 17:50:00+00:00,217.401093,217.554993,217.250000,217.330002,25770
2026-07-01 17:55:00+00:00,217.429993,217.679993,217.389999,217.539993,22312
2026-07-01 18:00:00+00:00,217.520004,218.380005,217.520004,218.259995,38180
2026-07-01 18:05:00+00:00,218.369995,218.479996,218.205002,218.320007,12748
2026-07-01 18:10:00+00:00,218.279999,218.600006,218.279999,218.449997,22600
2026-07-01 18:15:00+00:00,218.410004,218.500000,218.289993,218.479996,22784
2026-07-01 18:20:00+00:00,218.470001,218.727600,218.410004,218.585007,22334
2026-07-01 18:25:00+00:00,218.679993,218.850006,218.627396,218.789993,25090
2026-07-01 18:30:00+00:00,218.789993,218.869995,218.589996,218.830002,24003
2026-07-01 18:35:00+00:00,218.797806,219.020004,218.797806,218.979996,33168
2026-07-01 18:40:00+00:00,218.970001,219.119995,218.860001,219.065002,51052
2026-07-01 18:45:00+00:00,219.065002,219.065002,218.800003,218.990005,65630
2026-07-01 18:50:00+00:00,219.000000,219.289993,218.889999,218.889999,47095
2026-07-01 18:55:00+00:00,218.970001,219.029999,218.735001,218.960007,30678
2026-07-01 19:00:00+00:00,218.929993,219.130005,218.925003,219.074997,27389
2026-07-01 19:05:00+00:00,219.110001,219.190002,218.960007,219.190002,21237
2026-07-01 19:10:00+00:00,219.169998,219.250000,219.050003,219.095001,27435
2026-07-01 19:15:00+00:00,219.100006,219.600006,218.914993,219.580002,50391
2026-07-01 19:20:00+00:00,219.580002,219.679993,219.210007,219.440002,26925
2026-07-01 19:25:00+00:00,219.425003,219.449997,218.910004,219.000000,30493
2026-07-01 19:30:00+00:00,219.000000,219.369995,218.990005,219.330002,37244
2026-07-01 19:35:00+00:00,219.339996,219.690002,219.300003,219.690002,38920
2026-07-01 19:40:00+00:00,219.690002,219.779999,219.550003,219.615005,44984
2026-07-01 19:45:00+00:00,219.559998,219.630005,219.309998,219.619995,57452
2026-07-01 19:50:00+00:00,219.580002,219.580002,218.630005,219.020004,88305
2026-07-01 19:55:00+00:00,219.009995,219.320007,218.559998,218.649994,278333
2026-07-02 13:30:00+00:00,221.000000,224.849899,220.679993,224.210007,377149
2026-07-02 13:35:00+00:00,224.399994,225.938599,223.589996,225.815002,347541
2026-07-02 13:40:00+00:00,225.750000,226.794998,225.399994,225.440002,240749
2026-07-02 13:45:00+00:00,225.630005,227.270004,225.009995,226.320007,237037
2026-07-02 13:50:00+00:00,226.320007,226.949997,226.000000,226.710007,152763
2026-07-02 13:55:00+00:00,226.529999,227.519897,226.289993,226.860001,155183
2026-07-02 14:00:00+00:00,226.660004,227.309998,226.410004,226.639999,97369
2026-07-02 14:05:00+00:00,226.630005,226.630005,225.880005,226.110001,93833
2026-07-02 14:10:00+00:00,226.110001,227.250000,225.639999,227.164993,134626
2026-07-02 14:15:00+00:00,227.130005,227.250000,226.720001,226.839996,66695
2026-07-02 14:20:00+00:00,226.824997,226.824997,225.679993,226.250000,98942
2026-07-02 14:25:00+00:00,226.210007,226.339996,225.619995,226.179993,59093
2026-07-02 14:30:00+00:00,226.050003,227.300003,225.929993,226.774002,92648
2026-07-02 14:35:00+00:00,226.830002,227.520004,226.539993,227.100006,73957
2026-07-02 14:40:00+00:00,227.080002,227.344803,225.619995,225.839996,56619
2026-07-02 14:45:00+00:00,225.900497,226.309998,225.440002,226.024994,53893
2026-07-02 14:50:00+00:00,226.024994,226.169998,224.750000,225.059998,50428
2026-07-02 14:55:00+00:00,225.059998,225.250000,224.710007,225.125000,53183
2026-07-02 15:00:00+00:00,225.220001,225.279999,224.020004,224.020004,45032
2026-07-02 15:05:00+00:00,224.020004,224.020004,223.180099,223.830002,51049
2026-07-02 15:10:00+00:00,223.710007,224.639999,223.710007,224.570007,42454
2026-07-02 15:15:00+00:00,224.460007,224.899902,223.929993,224.080002,47940
2026-07-02 15:20:00+00:00,224.139999,225.080002,224.139999,224.957596,43290
2026-07-02 15:25:00+00:00,224.925003,225.270004,224.330002,224.330002,62946
2026-07-02 15:30:00+00:00,224.345001,225.000000,224.294998,224.869995,27882
2026-07-02 15:35:00+00:00,224.740005,225.169998,224.679993,224.830002,42741
2026-07-02 15:40:00+00:00,224.740005,225.089996,224.645004,224.744995,32483
2026-07-02 15:45:00+00:00,224.815002,224.940002,224.570007,224.570007,26219
2026-07-02 15:50:00+00:00,224.625000,225.100006,224.595001,224.744995,55892
2026-07-02 15:55:00+00:00,224.639999,224.860001,224.570007,224.755005,25359
2026-07-02 16:00:00+00:00,224.660004,225.039993,224.449997,225.039993,32203
2026-07-02 16:05:00+00:00,225.020004,225.250000,224.910004,225.104996,32447
2026-07-02 16:10:00+00:00,225.180893,225.353302,224.979996,225.134995,30041
2026-07-02 16:15:00+00:00,225.210007,225.249496,224.830002,225.100006,31781
2026-07-02 16:20:00+00:00,225.065002,225.324997,224.764999,225.119995,51883
2026-07-02 16:25:00+00:00,225.160004,225.500000,224.919998,225.020996,35607
2026-07-02 16:30:00+00:00,224.940002,224.994995,224.600006,224.820007,26965
2026-07-02 16:35:00+00:00,224.779999,225.074997,224.572006,224.824997,24663
2026-07-02 16:40:00+00:00,224.800003,225.100006,224.785004,225.065002,27705
2026-07-02 16:45:00+00:00,225.020004,225.160004,224.809998,225.020004,25985
2026-07-02 16:50:00+00:00,225.009995,225.654999,224.930298,225.419998,41980
2026-07-02 16:55:00+00:00,225.434998,225.434998,224.370102,224.460007,27816
2026-07-02 17:00:00+00:00,224.440002,224.535004,223.800003,224.100906,41143
2026-07-02 17:05:00+00:00,224.039993,224.619705,223.904999,224.134995,28304
2026-07-02 17:10:00+00:00,224.134995,224.158997,223.770004,223.830002,89772
2026-07-02 17:15:00+00:00,223.919998,224.020004,223.750000,223.850006,23537
2026-07-02 17:20:00+00:00,223.869995,224.490005,223.820007,223.830002,31414
2026-07-02 17:25:00+00:00,223.830002,223.830002,223.260101,223.580002,36710
2026-07-02 17:30:00+00:00,223.554993,224.179993,223.440002,223.929993,46212
2026-07-02 17:35:00+00:00,223.929993,224.035004,223.195007,223.285004,34860
2026-07-02 17:40:00+00:00,223.210007,223.595001,223.190002,223.494995,20616
2026-07-02 17:45:00+00:00,223.505005,223.634995,223.229996,223.309998,29658
2026-07-02 17:50:00+00:00,223.259995,223.500000,223.139999,223.360001,23217
2026-07-02 17:55:00+00:00,223.380005,223.449997,223.229996,223.330002,27573
2026-07-02 18:00:00+00:00,223.324997,224.000000,223.251007,223.889999,44945
2026-07-02 18:05:00+00:00,223.910004,224.649994,223.910004,224.589996,39267
2026-07-02 18:10:00+00:00,224.664993,224.899994,224.610001,224.759995,24843
2026-07-02 18:15:00+00:00,224.809998,224.809998,224.240005,224.529999,29810
2026-07-02 18:20:00+00:00,224.460007,224.938995,224.399994,224.824997,23960
2026-07-02 18:25:00+00:00,224.779999,225.199997,224.779999,225.139999,35392
2026-07-02 18:30:00+00:00,225.184998,225.389999,225.080002,225.210007,40800
2026-07-02 18:35:00+00:00,225.270004,225.500000,225.270004,225.490005,32796
2026-07-02 18:40:00+00:00,225.434998,225.649994,225.289993,225.574997,37719
2026-07-02 18:45:00+00:00,225.520004,225.630005,225.255005,225.615005,17049
2026-07-02 18:50:00+00:00,225.539993,225.630005,225.310104,225.380005,21502
2026-07-02 18:55:00+00:00,225.309998,225.634995,225.309998,225.617996,38895
2026-07-02 19:00:00+00:00,225.630005,225.740005,225.175003,225.175003,51317
2026-07-02 19:05:00+00:00,225.339996,225.520004,225.210007,225.389999,41877
2026-07-02 19:10:00+00:00,225.419998,225.529999,225.300003,225.470001,36441
2026-07-02 19:15:00+00:00,225.509995,225.820007,225.404999,225.800003,37425
2026-07-02 19:20:00+00:00,225.770004,225.789993,225.130005,225.184998,36714
2026-07-02 19:25:00+00:00,225.119995,225.610001,225.044998,225.270004,43077
2026-07-02 19:30:00+00:00,225.220001,225.324997,224.729996,225.119995,63791
2026-07-02 19:35:00+00:00,225.110001,225.649994,225.089996,225.645004,57235
2026-07-02 19:40:00+00:00,225.675003,226.100006,225.610001,225.990005,73809
2026-07-02 19:45:00+00:00,225.990005,226.279999,225.750000,225.839996,88280
2026-07-02 19:50:00+00:00,225.889999,226.161102,225.500107,226.039993,135922
2026-07-02 19:55:00+00:00,225.990005,226.460007,225.929993,226.410004,386455
2026-07-06 13:30:00+00:00,227.149994,229.699997,227.000000,229.244995,257986
2026-07-06 13:35:00+00:00,229.369995,229.500000,228.200104,228.360001,82028
2026-07-06 13:40:00+00:00,228.332001,229.220001,228.229996,229.106400,77331
2026-07-06 13:45:00+00:00,229.070007,230.248001,228.860001,230.110001,155135
2026-07-06 13:50:00+00:00,230.009995,230.830002,229.669998,230.429993,120939
2026-07-06 13:55:00+00:00,230.399994,230.490005,229.619995,229.964996,78044
2026-07-06 14:00:00+00:00,230.240005,230.449997,229.419998,229.910004,96490
2026-07-06 14:05:00+00:00,230.009995,230.800003,229.870102,230.389999,80324
2026-07-06 14:10:00+00:00,230.559998,230.929993,230.149994,230.880005,51783
2026-07-06 14:15:00+00:00,230.800003,231.164993,230.479996,231.070007,97158
2026-07-06 14:20:00+00:00,231.139999,231.389999,230.639999,230.750000,79070
2026-07-06 14:25:00+00:00,230.640106,231.500000,230.640106,231.249893,73387
2026-07-06 14:30:00+00:00,231.169998,231.550003,230.559998,231.110001,99313
2026-07-06 14:35:00+00:00,231.119995,231.949905,230.940002,231.809998,73528
2026-07-06 14:40:00+00:00,231.899994,232.720001,231.865005,232.500000,137042
2026-07-06 14:45:00+00:00,232.460007,232.687393,231.875000,231.940002,64149
2026-07-06 14:50:00+00:00,231.940002,232.369995,231.899994,232.130005,108831
2026-07-06 14:55:00+00:00,232.210007,233.000000,232.149994,232.979996,134792
2026-07-06 15:00:00+00:00,232.949997,233.445007,232.862396,233.000000,181954
2026-07-06 15:05:00+00:00,233.005005,233.289993,232.750107,233.169998,62721
2026-07-06 15:10:00+00:00,233.190002,233.440002,232.960007,233.440002,70794
2026-07-06 15:15:00+00:00,233.440002,233.649994,233.300003,233.619995,65250
2026-07-06 15:20:00+00:00,233.645004,233.645004,232.880005,233.139999,53255
2026-07-06 15:25:00+00:00,233.080002,233.250000,232.940002,233.210007,57215
2026-07-06 15:30:00+00:00,233.179993,233.324005,232.800003,232.880005,44044
2026-07-06 15:35:00+00:00,232.800003,232.800003,232.199997,232.550003,53287
2026-07-06 15:40:00+00:00,232.550003,233.300003,232.210007,232.260101,82762
2026-07-06 15:45:00+00:00,232.414993,232.794998,232.134995,232.225006,61439
2026-07-06 15:50:00+00:00,232.149994,232.220001,231.290100,231.710007,65034
2026-07-06 15:55:00+00:00,231.615005,232.289993,231.615005,232.250000,28198
2026-07-06 16:00:00+00:00,232.110001,232.619995,232.039993,232.445007,22779
2026-07-06 16:05:00+00:00,232.429993,232.595001,232.350098,232.509995,30105
2026-07-06 16:10:00+00:00,232.520004,232.550003,231.970001,232.070007,30767
2026-07-06 16:15:00+00:00,232.119995,232.339996,232.021103,232.259995,18671
2026-07-06 16:20:00+00:00,232.210007,232.690002,232.169998,232.570007,38681
2026-07-06 16:25:00+00:00,232.589493,232.660004,232.364700,232.600006,25082
2026-07-06 16:30:00+00:00,232.585007,232.699997,232.520004,232.570007,32287
2026-07-06 16:35:00+00:00,232.570007,232.789993,232.449997,232.679993,19387
2026-07-06 16:40:00+00:00,232.660004,232.729996,232.490097,232.664993,22587
2026-07-06 16:45:00+00:00,232.660004,233.244995,232.539993,232.850006,63157
2026-07-06 16:50:00+00:00,232.860001,233.050003,232.800003,232.830002,50330
2026-07-06 16:55:00+00:00,232.830002,232.934998,232.479996,232.845001,44779
2026-07-06 17:00:00+00:00,232.845001,233.399994,232.660004,232.839996,78981
2026-07-06 17:05:00+00:00,232.764999,232.940002,232.690002,232.782104,14601
2026-07-06 17:10:00+00:00,232.850006,233.300003,232.750000,233.210007,26494
2026-07-06 17:15:00+00:00,233.240005,233.259995,232.820007,233.050003,28802
2026-07-06 17:20:00+00:00,232.970001,233.250000,232.889999,233.000000,40911
2026-07-06 17:25:00+00:00,233.009995,233.009995,232.529999,232.570007,37023
2026-07-06 17:30:00+00:00,232.619995,232.800003,232.520096,232.574997,26154
2026-07-06 17:35:00+00:00,232.520004,232.809998,232.490005,232.600098,25745
2026-07-06 17:40:00+00:00,232.589996,232.639999,232.360107,232.600006,29221
2026-07-06 17:45:00+00:00,232.550003,232.759995,232.479996,232.529999,31460
2026-07-06 17:50:00+00:00,232.600006,232.759995,232.600006,232.695007,22037
2026-07-06 17:55:00+00:00,232.699997,232.839996,232.580002,232.580002,22898
2026-07-06 18:00:00+00:00,232.615005,233.169998,232.600006,233.119995,29668
2026-07-06 18:05:00+00:00,233.169998,233.550003,233.130005,233.270004,60796
2026-07-06 18:10:00+00:00,233.310806,233.369995,233.044998,233.369995,26504
2026-07-06 18:15:00+00:00,233.369995,233.750000,233.369995,233.679993,39720
2026-07-06 18:20:00+00:00,233.750000,233.990005,233.660004,233.714996,45555
2026-07-06 18:25:00+00:00,233.690002,233.865005,233.550003,233.550003,25460
2026-07-06 18:30:00+00:00,233.622498,233.779999,233.550003,233.639999,34835
2026-07-06 18:35:00+00:00,233.660004,233.919998,233.520004,233.854996,23775
2026-07-06 18:40:00+00:00,233.839996,233.949997,233.779999,233.809998,32930
2026-07-06 18:45:00+00:00,233.809998,234.070007,233.789993,233.955002,70556
2026-07-06 18:50:00+00:00,234.000000,234.399994,233.994995,234.199997,75013
2026-07-06 18:55:00+00:00,234.199997,234.240005,233.880005,234.100006,46415
2026-07-06 19:00:00+00:00,234.119995,234.179993,233.869995,234.130005,36162
2026-07-06 19:05:00+00:00,234.130005,234.320007,234.009995,234.285004,52740
2026-07-06 19:10:00+00:00,234.250000,234.690002,234.240005,234.660004,68746
2026-07-06 19:15:00+00:00,234.630005,234.809998,234.460007,234.750000,136126
2026-07-06 19:20:00+00:00,234.774994,234.847000,234.610001,234.847000,70531
2026-07-06 19:25:00+00:00,234.809998,234.809998,234.149994,234.285004,75536
2026-07-06 19:30:00+00:00,234.300003,234.554993,233.850006,234.059998,108741
2026-07-06 19:35:00+00:00,234.059998,234.358994,233.992798,234.249893,80596
2026-07-06 19:40:00+00:00,234.195007,234.345001,233.830002,234.139999,93313
2026-07-06 19:45:00+00:00,234.199997,234.399994,233.960007,234.320007,112478
2026-07-06 19:50:00+00:00,234.389999,234.710007,234.350006,234.550003,147616
2026-07-06 19:55:00+00:00,234.580002,234.750000,234.289993,234.539993,477729
2026-07-07 13:30:00+00:00,235.899994,237.479996,232.110001,232.877502,306084
2026-07-07 13:35:00+00:00,232.550003,233.969894,232.410004,233.320007,66121
2026-07-07 13:40:00+00:00,233.279709,233.369995,232.289993,232.300003,56270
2026-07-07 13:45:00+00:00,232.220093,233.710007,232.119995,233.205002,93335
2026-07-07 13:50:00+00:00,233.184998,233.214996,232.059998,232.339996,55036
2026-07-07 13:55:00+00:00,232.479996,232.869995,231.889999,232.500000,64259
2026-07-07 14:00:00+00:00,232.500000,233.110001,232.225006,232.684998,52346
2026-07-07 14:05:00+00:00,232.735001,232.899902,231.550095,231.809998,47323
2026-07-07 14:10:00+00:00,231.750000,231.759995,230.460007,230.770004,85578
2026-07-07 14:15:00+00:00,230.654999,231.850006,230.480103,231.740005,38783
2026-07-07 14:20:00+00:00,231.740005,231.979904,231.304993,231.714996,60173
2026-07-07 14:25:00+00:00,231.675003,233.149994,231.380005,233.149994,79364
2026-07-07 14:30:00+00:00,233.007797,233.250000,231.934998,232.110001,58138
2026-07-07 14:35:00+00:00,232.117493,232.550003,232.110001,232.429993,33922
2026-07-07 14:40:00+00:00,232.395004,232.410004,231.875000,232.214996,36625
2026-07-07 14:45:00+00:00,232.199997,232.729996,232.164993,232.585007,41427
2026-07-07 14:50:00+00:00,232.710007,233.080002,232.449997,232.910004,32410
2026-07-07 14:55:00+00:00,232.914993,233.095001,232.419998,232.419998,28612
2026-07-07 15:00:00+00:00,232.309998,232.309998,231.867493,232.220001,23727
2026-07-07 15:05:00+00:00,232.330002,233.149994,232.229996,233.059998,26901
2026-07-07 15:10:00+00:00,233.240005,233.300003,232.610001,232.610001,27914
2026-07-07 15:15:00+00:00,232.500000,232.659897,232.309998,232.610001,17532
2026-07-07 15:20:00+00:00,232.410004,232.748703,232.380005,232.699997,23080
2026-07-07 15:25:00+00:00,232.695007,232.750000,232.449997,232.660004,19942
2026-07-07 15:30:00+00:00,232.639999,232.639999,232.259995,232.259995,21460
2026-07-07 15:35:00+00:00,232.259995,232.259995,231.679993,232.119995,38798
2026-07-07 15:40:00+00:00,232.050003,232.749893,232.029999,232.542328,46893
2026-07-07 15:45:00+00:00,232.750000,233.529999,232.732498,233.164993,58357
2026-07-07 15:50:00+00:00,233.164993,233.419998,232.860001,233.149994,30598
2026-07-07 15:55:00+00:00,233.009995,233.270004,232.919998,233.225006,20463
2026-07-07 16:00:00+00:00,233.139999,233.729996,233.130005,233.645004,42355
2026-07-07 16:05:00+00:00,233.654999,234.070007,233.460007,233.460007,66528
2026-07-07 16:10:00+00:00,233.514999,233.979996,233.514999,233.895004,17439
2026-07-07 16:15:00+00:00,233.800003,234.509995,233.760101,234.475006,46720
2026-07-07 16:20:00+00:00,234.479996,235.294998,234.300003,235.164993,92089
2026-07-07 16:25:00+00:00,235.100006,235.419998,234.710007,234.710007,68552
2026-07-07 16:30:00+00:00,234.789993,234.835007,234.070007,234.095001,209876
2026-07-07 16:35:00+00:00,234.110001,234.589996,234.110001,234.470001,39292
2026-07-07 16:40:00+00:00,234.425003,234.429993,233.860001,234.240005,29114
2026-07-07 16:45:00+00:00,234.240005,234.389999,233.899994,234.229996,31263
2026-07-07 16:50:00+00:00,234.220001,234.220001,233.630005,233.630005,25542
2026-07-07 16:55:00+00:00,233.620102,233.639999,233.429993,233.619995,18895
2026-07-07 17:00:00+00:00,233.565002,233.839905,233.565002,233.625000,22270
2026-07-07 17:05:00+00:00,233.625000,233.649994,232.669998,232.699997,50791
2026-07-07 17:10:00+00:00,232.699997,232.710007,231.970001,232.130005,133323
2026-07-07 17:15:00+00:00,232.139999,232.449997,232.043793,232.410004,15898
2026-07-07 17:20:00+00:00,232.335007,232.690002,232.309998,232.520004,24645
2026-07-07 17:25:00+00:00,232.520004,232.520004,232.179993,232.380005,14961
2026-07-07 17:30:00+00:00,232.331696,232.404007,232.250000,232.360001,23108
2026-07-07 17:35:00+00:00,232.315002,232.544998,232.289993,232.490005,18488
2026-07-07 17:40:00+00:00,232.518997,232.630005,232.440002,232.449997,13909
2026-07-07 17:45:00+00:00,232.399994,232.460007,232.080002,232.160004,17000
2026-07-07 17:50:00+00:00,232.134995,232.285004,232.080002,232.130005,16336
2026-07-07 17:55:00+00:00,232.149994,232.169998,232.000000,232.029999,17406
2026-07-07 18:00:00+00:00,232.068405,232.080002,231.509995,231.679993,17922
2026-07-07 18:05:00+00:00,231.619995,231.699997,231.509995,231.600006,23590
2026-07-07 18:10:00+00:00,231.600006,232.000000,231.559998,231.880005,22609
2026-07-07 18:15:00+00:00,231.884995,232.369995,231.884995,232.270004,22988
2026-07-07 18:20:00+00:00,232.279999,232.479904,232.169998,232.380005,19554
2026-07-07 18:25:00+00:00,232.315002,232.610001,232.259995,232.315002,22714
2026-07-07 18:30:00+00:00,232.345001,232.550003,232.210007,232.434998,21817
2026-07-07 18:35:00+00:00,232.330002,232.544998,232.309998,232.309998,18295
2026-07-07 18:40:00+00:00,232.289993,232.389999,231.960098,232.089996,15958
2026-07-07 18:45:00+00:00,232.125000,232.145004,231.619995,231.750000,28008
2026-07-07 18:50:00+00:00,231.774994,232.000000,231.699997,231.895004,19200
2026-07-07 18:55:00+00:00,231.821503,231.919907,231.510101,231.619995,34366
2026-07-07 19:00:00+00:00,231.639999,231.750000,231.289993,231.369995,30226
2026-07-07 19:05:00+00:00,231.360001,231.490005,231.009995,231.210007,37006
2026-07-07 19:10:00+00:00,231.184998,231.380005,231.130005,231.169998,25315
2026-07-07 19:15:00+00:00,231.199997,231.600006,230.820007,231.570007,51180
2026-07-07 19:20:00+00:00,231.630005,231.630005,231.099442,231.270004,34232
2026-07-07 19:25:00+00:00,231.270004,231.544998,231.029999,231.397202,39881
2026-07-07 19:30:00+00:00,231.410004,231.446793,230.770004,231.132202,38786
2026-07-07 19:35:00+00:00,231.095001,231.240005,231.000000,231.125000,40500
2026-07-07 19:40:00+00:00,231.070007,231.380005,231.040100,231.195007,37630
2026-07-07 19:45:00+00:00,231.195007,231.679993,231.080002,231.550003,69065
2026-07-07 19:50:00+00:00,231.559998,232.154999,231.509995,232.009995,120026
2026-07-07 19:55:00+00:00,232.050003,232.220001,231.559998,231.630005,251088
2026-07-08 13:30:00+00:00,227.000000,227.673203,225.649994,227.639999,205863
2026-07-08 13:35:00+00:00,227.649994,228.539993,227.225006,228.539993,57955
2026-07-08 13:40:00+00:00,228.485001,228.770004,228.060104,228.589996,41409
2026-07-08 13:45:00+00:00,228.589996,228.899994,227.520004,227.639999,37043
2026-07-08 13:50:00+00:00,227.639999,227.994995,227.150101,227.619995,65470
2026-07-08 13:55:00+00:00,227.559998,228.449997,227.500000,227.800003,49399
2026-07-08 14:00:00+00:00,227.800003,228.139999,227.500000,227.750000,42010
2026-07-08 14:05:00+00:00,227.789993,227.910004,226.610001,226.630005,66259
2026-07-08 14:10:00+00:00,226.699997,227.250000,226.070007,226.205002,154477
2026-07-08 14:15:00+00:00,226.210007,226.214996,225.250000,225.554993,86705
2026-07-08 14:20:00+00:00,225.554993,226.779999,225.220001,226.395004,122164
2026-07-08 14:25:00+00:00,226.500000,226.704803,225.649994,225.910004,76914
2026-07-08 14:30:00+00:00,225.910004,226.710007,225.570099,226.285004,101669
2026-07-08 14:35:00+00:00,226.399994,226.399994,224.789993,224.789993,88993
2026-07-08 14:40:00+00:00,224.850006,225.190002,224.820297,225.059998,50857
2026-07-08 14:45:00+00:00,225.020004,225.020004,224.029999,224.110001,53357
2026-07-08 14:50:00+00:00,224.029999,224.169998,223.669998,224.011703,112847
2026-07-08 14:55:00+00:00,224.009995,224.160004,223.750000,224.149994,77782
2026-07-08 15:00:00+00:00,224.279999,224.350006,223.889999,223.940002,93670
2026-07-08 15:05:00+00:00,223.929993,224.360001,223.850006,224.149994,60538
2026-07-08 15:10:00+00:00,224.059998,224.315002,223.869995,223.985001,38903
2026-07-08 15:15:00+00:00,224.059998,224.065002,223.169998,223.580002,78782
2026-07-08 15:20:00+00:00,223.580002,224.259995,223.279999,223.309998,70532
2026-07-08 15:25:00+00:00,223.229996,223.229996,222.750000,223.119995,125988
2026-07-08 15:30:00+00:00,223.190002,223.529999,223.050003,223.279999,40383
2026-07-08 15:35:00+00:00,223.225006,223.539993,222.975006,223.289993,46534
2026-07-08 15:40:00+00:00,223.289993,223.639893,223.270004,223.419006,23540
2026-07-08 15:45:00+00:00,223.475006,223.580002,223.309998,223.414993,21020
2026-07-08 15:50:00+00:00,223.449997,223.500000,223.110107,223.110107,35530
2026-07-08 15:55:00+00:00,223.235001,223.565002,223.130005,223.490005,34927
2026-07-08 16:00:00+00:00,223.449997,223.860001,223.440002,223.735001,33249
2026-07-08 16:05:00+00:00,223.750000,223.869995,223.500000,223.759995,35579
2026-07-08 16:10:00+00:00,223.880005,225.000000,223.815796,224.300003,114713
2026-07-08 16:15:00+00:00,224.160004,224.209900,223.550003,223.770004,51643
2026-07-08 16:20:00+00:00,223.740005,224.000000,223.490005,223.710007,32468
2026-07-08 16:25:00+00:00,223.653305,224.220001,223.653305,224.115005,20512
2026-07-08 16:30:00+00:00,224.199905,224.520004,224.110001,224.190002,33962
2026-07-08 16:35:00+00:00,224.190002,224.539993,224.050003,224.300003,31200
2026-07-08 16:40:00+00:00,224.395004,225.182495,224.384995,224.794998,71104
2026-07-08 16:45:00+00:00,224.794998,224.850006,224.529999,224.789993,26913
2026-07-08 16:50:00+00:00,224.794998,224.929993,224.690002,224.755005,30549
2026-07-08 16:55:00+00:00,224.770004,225.020004,224.690002,224.919998,29174
2026-07-08 17:00:00+00:00,224.940002,224.940002,224.705002,224.759995,17832
2026-07-08 17:05:00+00:00,224.750000,224.880005,224.522293,224.727203,17917
2026-07-08 17:10:00+00:00,224.740005,224.860001,224.600006,224.675003,21892
2026-07-08 17:15:00+00:00,224.664993,224.820007,224.419998,224.779999,31481
2026-07-08 17:20:00+00:00,224.779999,225.059998,224.779999,225.059998,22367
2026-07-08 17:25:00+00:00,225.070007,225.119995,224.830002,224.949997,29230
2026-07-08 17:30:00+00:00,225.000000,225.110001,224.750000,224.892395,29350
2026-07-08 17:35:00+00:00,224.955002,225.169998,224.910004,224.910004,15480
2026-07-08 17:40:00+00:00,224.979904,224.990005,224.759995,224.860001,19126
2026-07-08 17:45:00+00:00,224.865005,224.919998,224.580002,224.589996,19937
2026-07-08 17:50:00+00:00,224.589996,224.779999,224.479996,224.570007,28742
2026-07-08 17:55:00+00:00,224.604996,224.649994,224.360001,224.649994,30979
2026-07-08 18:00:00+00:00,224.539993,224.729996,224.514999,224.539993,17594
2026-07-08 18:05:00+00:00,224.604996,224.610001,224.490005,224.539993,11922
2026-07-08 18:10:00+00:00,224.440002,224.619995,224.399994,224.589996,17475
2026-07-08 18:15:00+00:00,224.574997,224.600006,223.779999,224.054993,38483
2026-07-08 18:20:00+00:00,224.054993,224.220001,223.945007,224.050003,17142
2026-07-08 18:25:00+00:00,224.095001,224.240005,224.037201,224.240005,17854
2026-07-08 18:30:00+00:00,224.139999,224.169998,223.929993,224.005005,25339
2026-07-08 18:35:00+00:00,224.005005,224.270004,223.910004,224.264999,17351
2026-07-08 18:40:00+00:00,224.279999,224.499893,224.119995,224.404999,73332
2026-07-08 18:45:00+00:00,224.320007,224.449997,224.000000,224.119995,22185
2026-07-08 18:50:00+00:00,224.164993,224.289993,223.899994,223.949997,23685
2026-07-08 18:55:00+00:00,223.949997,224.100006,223.830002,224.014999,12848
2026-07-08 19:00:00+00:00,224.014999,224.179993,223.850006,223.970001,17291
2026-07-08 19:05:00+00:00,223.979996,224.179993,223.843994,223.869995,34867
2026-07-08 19:10:00+00:00,223.869995,223.979996,223.750000,223.789993,27244
2026-07-08 19:15:00+00:00,223.770004,224.250000,223.761597,224.029999,20424
2026-07-08 19:20:00+00:00,224.050003,224.389999,223.949997,224.315002,26406
2026-07-08 19:25:00+00:00,224.259995,224.660004,224.250000,224.600998,32415
2026-07-08 19:30:00+00:00,224.610001,224.800003,224.389999,224.505005,58206
2026-07-08 19:35:00+00:00,224.570007,224.714996,224.449997,224.550003,27853
2026-07-08 19:40:00+00:00,224.500000,224.505005,224.210007,224.274994,46043
2026-07-08 19:45:00+00:00,224.199997,224.419998,224.199997,224.255005,85382
2026-07-08 19:50:00+00:00,224.255005,224.410004,224.080002,224.179993,98731
2026-07-08 19:55:00+00:00,224.229996,225.020004,224.139999,224.860001,258401
2026-07-09 13:30:00+00:00,225.300003,225.500000,223.369995,223.800003,131081
2026-07-09 13:35:00+00:00,223.699997,223.861023,222.895004,223.460007,55086
2026-07-09 13:40:00+00:00,223.455002,224.100006,223.140396,223.869995,41278
2026-07-09 13:45:00+00:00,223.880005,223.949997,223.179993,223.309998,30982
2026-07-09 13:50:00+00:00,223.250000,223.990005,222.770004,223.985001,43128
2026-07-09 13:55:00+00:00,223.895004,223.895004,222.949997,223.059998,32300
2026-07-09 14:00:00+00:00,223.009995,223.755005,222.800003,223.315002,61145
2026-07-09 14:05:00+00:00,223.250000,224.000000,223.214996,223.764999,35437
2026-07-09 14:10:00+00:00,223.919998,224.100006,223.330002,223.720001,33703
2026-07-09 14:15:00+00:00,223.884995,223.960007,222.970001,222.970001,34338
2026-07-09 14:20:00+00:00,223.065002,223.740005,222.690002,223.740005,37794
2026-07-09 14:25:00+00:00,223.664993,224.729996,223.664993,224.289993,49112
2026-07-09 14:30:00+00:00,224.289993,224.500000,224.050003,224.300003,64246
2026-07-09 14:35:00+00:00,224.290100,224.869995,224.240005,224.505005,46111
2026-07-09 14:40:00+00:00,224.460007,224.869995,223.929993,224.020004,45557
2026-07-09 14:45:00+00:00,224.009995,224.320007,223.600006,223.690002,29138
2026-07-09 14:50:00+00:00,223.550003,223.699997,223.330002,223.501007,37562
2026-07-09 14:55:00+00:00,223.570007,224.309998,223.544998,224.309998,37558
2026-07-09 15:00:00+00:00,224.550003,224.550003,224.039993,224.100006,28742
2026-07-09 15:05:00+00:00,224.199997,224.509995,224.164993,224.225006,15628
2026-07-09 15:10:00+00:00,224.100006,224.100006,223.529999,223.529999,23822
2026-07-09 15:15:00+00:00,223.529999,223.779999,223.160004,223.339996,33979
2026-07-09 15:20:00+00:00,223.360001,223.779999,223.315002,223.639999,19926
2026-07-09 15:25:00+00:00,223.574997,223.639999,223.050003,223.199997,27790
2026-07-09 15:30:00+00:00,223.119995,223.179993,222.759995,222.960007,32727
2026-07-09 15:35:00+00:00,222.964996,223.470001,222.920105,223.414993,19300
2026-07-09 15:40:00+00:00,223.470001,223.759995,223.339996,223.649994,23917
2026-07-09 15:45:00+00:00,223.705002,223.705002,223.100006,223.320007,21029
2026-07-09 15:50:00+00:00,223.294998,223.755005,223.294998,223.690002,40764
2026-07-09 15:55:00+00:00,223.649994,223.720001,223.270004,223.300400,13811
2026-07-09 16:00:00+00:00,223.300995,223.750000,223.279999,223.695007,14995
2026-07-09 16:05:00+00:00,223.695007,223.769897,223.520004,223.595001,22338
2026-07-09 16:10:00+00:00,223.630005,223.699997,223.580002,223.619995,10999
2026-07-09 16:15:00+00:00,223.610001,223.679993,223.380005,223.460007,17039
2026-07-09 16:20:00+00:00,223.509995,223.731995,223.490005,223.514999,14355
2026-07-09 16:25:00+00:00,223.475006,223.475006,223.199997,223.259995,17949
2026-07-09 16:30:00+00:00,223.319901,223.359894,223.220001,223.304993,9667
2026-07-09 16:35:00+00:00,223.304993,223.500000,223.250000,223.404999,23408
2026-07-09 16:40:00+00:00,223.332001,223.335007,223.070007,223.134995,27782
2026-07-09 16:45:00+00:00,223.134995,223.289993,223.029999,223.139999,12017
2026-07-09 16:50:00+00:00,223.100006,223.410004,223.050003,223.399994,16646
2026-07-09 16:55:00+00:00,223.389999,223.639999,223.324997,223.574997,19852
2026-07-09 17:00:00+00:00,223.574997,223.610001,223.335007,223.464996,23867
2026-07-09 17:05:00+00:00,223.464996,223.520004,223.110001,223.125000,24806
2026-07-09 17:10:00+00:00,223.110001,223.206497,223.000000,223.179993,24471
2026-07-09 17:15:00+00:00,223.195007,223.669998,223.195007,223.619995,28525
2026-07-09 17:20:00+00:00,223.649994,223.679993,223.414993,223.520004,16427
2026-07-09 17:25:00+00:00,223.610001,223.740005,223.470001,223.660004,30247
2026-07-09 17:30:00+00:00,223.675003,223.755005,223.544998,223.615005,21033
2026-07-09 17:35:00+00:00,223.615005,223.804993,223.580002,223.759995,12748
2026-07-09 17:40:00+00:00,223.880005,223.949997,223.820007,223.895004,14074
2026-07-09 17:45:00+00:00,223.899994,224.000000,223.649994,223.914993,35733
2026-07-09 17:50:00+00:00,223.914993,224.240005,223.850006,224.184998,25047
2026-07-09 17:55:00+00:00,224.184998,224.210007,223.949997,224.035004,20269
2026-07-09 18:00:00+00:00,224.039993,224.059998,223.699997,223.740005,24540
2026-07-09 18:05:00+00:00,223.770004,223.990005,223.770004,223.955002,13813
2026-07-09 18:10:00+00:00,223.940002,224.149994,223.940002,224.085007,36767
2026-07-09 18:15:00+00:00,224.104996,224.220001,224.009995,224.220001,22115
2026-07-09 18:20:00+00:00,224.229996,224.380005,224.080002,224.125000,22604
2026-07-09 18:25:00+00:00,224.125000,224.289902,223.979996,224.100006,20294
2026-07-09 18:30:00+00:00,224.119995,224.149994,223.950104,224.000000,15491
2026-07-09 18:35:00+00:00,223.949997,224.000000,223.729996,223.729996,25790
2026-07-09 18:40:00+00:00,223.720001,224.059998,223.630005,224.059998,33348
2026-07-09 18:45:00+00:00,224.000000,224.380005,223.940994,224.365005,29320
2026-07-09 18:50:00+00:00,224.360001,224.360001,224.210007,224.210007,14705
2026-07-09 18:55:00+00:00,224.220001,224.264999,223.970001,224.019196,28896
2026-07-09 19:00:00+00:00,224.009995,224.110001,223.850006,224.024994,22767
2026-07-09 19:05:00+00:00,223.994995,223.994995,223.580002,223.604996,25470
2026-07-09 19:10:00+00:00,223.600006,223.875000,223.572205,223.770004,20096
2026-07-09 19:15:00+00:00,223.830002,223.889893,223.729996,223.759995,15987
2026-07-09 19:20:00+00:00,223.729996,223.740005,223.479996,223.520004,22081
2026-07-09 19:25:00+00:00,223.589996,223.639999,223.440002,223.440002,18735
2026-07-09 19:30:00+00:00,223.399994,223.419998,223.270004,223.360001,33742
2026-07-09 19:35:00+00:00,223.365005,223.600006,223.320007,223.429993,35344
2026-07-09 19:40:00+00:00,223.455002,223.520004,223.330002,223.470001,27324
2026-07-09 19:45:00+00:00,223.460007,223.800003,223.449997,223.660004,45568
2026-07-09 19:50:00+00:00,223.660004,223.660004,223.149994,223.270004,80999
2026-07-09 19:55:00+00:00,223.300003,223.458603,223.050003,223.089996,189185
2026-07-10 13:30:00+00:00,223.690002,223.839905,221.199997,221.779999,180767
2026-07-10 13:35:00+00:00,221.789993,222.089996,221.610001,221.955002,52683
2026-07-10 13:40:00+00:00,221.930222,222.369995,221.455002,222.136093,48495
2026-07-10 13:45:00+00:00,222.229996,222.229996,221.429993,221.429993,34085
2026-07-10 13:50:00+00:00,221.449997,221.779999,221.380005,221.470001,39166
2026-07-10 13:55:00+00:00,221.464996,221.809998,221.410004,221.705002,24973
2026-07-10 14:00:00+00:00,221.705002,221.875000,221.378403,221.875000,30258
2026-07-10 14:05:00+00:00,221.845001,222.220001,221.699997,221.770004,61769
2026-07-10 14:10:00+00:00,221.770004,221.860001,221.320007,221.410004,39406
2026-07-10 14:15:00+00:00,221.410004,221.639999,221.250000,221.520004,28022
2026-07-10 14:20:00+00:00,221.520004,221.669998,221.410004,221.520004,23043
2026-07-10 14:25:00+00:00,221.485001,221.899994,221.320007,221.449997,38011
2026-07-10 14:30:00+00:00,221.429993,221.740005,219.567093,221.130005,154640
2026-07-10 14:35:00+00:00,221.054001,222.139999,220.960098,221.695007,43486
2026-07-10 14:40:00+00:00,221.729996,222.100006,221.589996,221.884995,19913
2026-07-10 14:45:00+00:00,221.929993,222.000000,221.589996,221.990005,32143
2026-07-10 14:50:00+00:00,221.970001,222.199997,221.610001,221.764999,30347
2026-07-10 14:55:00+00:00,221.729996,221.899994,221.529999,221.660004,12350
2026-07-10 15:00:00+00:00,221.660004,221.899994,221.290100,221.559998,14946
2026-07-10 15:05:00+00:00,221.544998,221.839996,221.440002,221.619995,16892
2026-07-10 15:10:00+00:00,221.663300,221.850006,221.660004,221.740005,9912
2026-07-10 15:15:00+00:00,221.860001,222.399994,221.860001,222.270004,31166
2026-07-10 15:20:00+00:00,222.199997,222.440002,222.080002,222.419998,15668
2026-07-10 15:25:00+00:00,222.429993,222.634995,222.330002,222.369995,24933
2026-07-10 15:30:00+00:00,222.309998,222.360001,222.110001,222.270004,20941
2026-07-10 15:35:00+00:00,222.309998,222.389999,221.750000,221.750000,17413
2026-07-10 15:40:00+00:00,221.785004,221.919998,221.570007,221.764999,19715
2026-07-10 15:45:00+00:00,221.669998,222.070007,221.669998,221.928604,13728
2026-07-10 15:50:00+00:00,222.000000,222.210007,221.820007,222.210007,18825
2026-07-10 15:55:00+00:00,222.247696,222.289993,221.800003,221.800003,12911
2026-07-10 16:00:00+00:00,221.809998,221.970001,221.598495,221.740005,17804
2026-07-10 16:05:00+00:00,221.710007,221.869995,221.669998,221.869995,9479
2026-07-10 16:10:00+00:00,221.860001,222.098999,221.794998,222.089996,14638
2026-07-10 16:15:00+00:00,222.024994,222.449997,222.024994,222.449997,25299
2026-07-10 16:20:00+00:00,222.479996,222.479996,222.350006,222.410004,10142
2026-07-10 16:25:00+00:00,222.410004,222.410004,221.929993,222.049896,19278
2026-07-10 16:30:00+00:00,221.979996,222.199997,221.919998,222.086197,13255
2026-07-10 16:35:00+00:00,222.130005,222.589996,222.130005,222.509995,24540
2026-07-10 16:40:00+00:00,222.580002,222.798996,222.460007,222.669998,25474
2026-07-10 16:45:00+00:00,222.679993,222.800003,222.489899,222.489899,10732
2026-07-10 16:50:00+00:00,222.669998,222.789993,222.350998,222.350998,19776
2026-07-10 16:55:00+00:00,222.412247,222.539902,222.356995,222.485001,11983
2026-07-10 17:00:00+00:00,222.485001,222.660004,222.419998,222.493851,26770
2026-07-10 17:05:00+00:00,222.559998,222.559998,222.350006,222.360001,11020
2026-07-10 17:10:00+00:00,222.369995,222.580002,222.320007,222.580002,66779
2026-07-10 17:15:00+00:00,222.639999,222.770004,222.449997,222.550003,21537
2026-07-10 17:20:00+00:00,222.449997,222.460007,222.289993,222.330002,16599
2026-07-10 17:25:00+00:00,222.399994,222.470001,222.300003,222.404999,15657
2026-07-10 17:30:00+00:00,222.425003,222.679993,222.425003,222.500000,13981
2026-07-10 17:35:00+00:00,222.600006,222.630005,222.390106,222.494995,9040
2026-07-10 17:40:00+00:00,222.509995,222.541306,222.410995,222.513306,6388
2026-07-10 17:45:00+00:00,222.539993,222.610001,222.419998,222.600006,8392
2026-07-10 17:50:00+00:00,222.520004,222.710007,222.485001,222.690002,12834
2026-07-10 17:55:00+00:00,222.710007,222.800003,222.589996,222.696594,19801
2026-07-10 18:00:00+00:00,222.800003,222.899994,222.585007,222.710007,27755
2026-07-10 18:05:00+00:00,222.690002,222.690002,222.479996,222.619995,17032
2026-07-10 18:10:00+00:00,222.664993,222.809998,222.509995,222.626205,11455
2026-07-10 18:15:00+00:00,222.565002,222.589996,222.380905,222.440002,19532
2026-07-10 18:20:00+00:00,222.485001,222.649994,222.470001,222.500000,9950
2026-07-10 18:25:00+00:00,222.479996,222.669998,222.479996,222.669998,9279
2026-07-10 18:30:00+00:00,222.669998,222.714996,222.479996,222.539993,16928
2026-07-10 18:35:00+00:00,222.600006,222.710007,222.490005,222.660004,9943
2026-07-10 18:40:00+00:00,222.720001,222.865005,222.615005,222.729996,42805
2026-07-10 18:45:00+00:00,222.761993,222.800003,222.509995,222.554993,13180
2026-07-10 18:50:00+00:00,222.565002,222.659897,222.479996,222.600006,15955
2026-07-10 18:55:00+00:00,222.669998,222.779907,222.620102,222.660004,16586
2026-07-10 19:00:00+00:00,222.664993,222.690002,222.479996,222.660004,17423
2026-07-10 19:05:00+00:00,222.664993,223.100006,222.664993,223.039993,28188
2026-07-10 19:10:00+00:00,223.080002,223.132004,222.979996,223.036896,17759
2026-07-10 19:15:00+00:00,223.059998,223.149994,222.960007,223.145004,22489
2026-07-10 19:20:00+00:00,223.145004,223.179993,222.880005,222.910004,31840
2026-07-10 19:25:00+00:00,222.940002,222.949997,222.770004,222.770004,21246
2026-07-10 19:30:00+00:00,222.750107,222.794998,222.600006,222.710007,29472
2026-07-10 19:35:00+00:00,222.710007,222.820007,222.649994,222.750000,24075
2026-07-10 19:40:00+00:00,222.699997,222.789993,222.520096,222.570007,28085
2026-07-10 19:45:00+00:00,222.559998,222.625000,222.419998,222.565002,44988
2026-07-10 19:50:00+00:00,222.509995,222.774994,222.350006,222.580002,78225
2026-07-10 19:55:00+00:00,222.570007,222.660004,222.220001,222.300003,289453
2026-07-13 13:30:00+00:00,222.000000,222.000000,218.880005,219.725006,187403
2026-07-13 13:35:00+00:00,219.684998,220.339005,219.429993,219.809998,60675
2026-07-13 13:40:00+00:00,219.740005,220.084167,219.199997,219.550003,47317
2026-07-13 13:45:00+00:00,219.589996,219.959305,218.800003,219.139999,67455
2026-07-13 13:50:00+00:00,219.169998,219.849899,218.990005,219.500000,70511
2026-07-13 13:55:00+00:00,219.410004,219.850006,219.300003,219.440002,41241
2026-07-13 14:00:00+00:00,219.539993,219.629898,218.110001,218.179993,74811
2026-07-13 14:05:00+00:00,218.309906,218.365005,217.800003,218.190002,90860
2026-07-13 14:10:00+00:00,218.125000,218.699997,217.839996,218.475006,82902
2026-07-13 14:15:00+00:00,218.475006,218.720001,217.494995,218.169998,85915
2026-07-13 14:20:00+00:00,218.259995,218.800003,217.905701,218.800003,35598
2026-07-13 14:25:00+00:00,218.630005,219.190002,218.630005,218.729996,42554
2026-07-13 14:30:00+00:00,218.679993,218.759995,218.210007,218.460007,34794
2026-07-13 14:35:00+00:00,218.544998,218.639999,218.122498,218.399994,20314
2026-07-13 14:40:00+00:00,218.549896,218.549896,218.059998,218.240005,24622
2026-07-13 14:45:00+00:00,218.250000,218.559906,218.149994,218.360001,20893
2026-07-13 14:50:00+00:00,218.509995,218.690002,218.354996,218.595001,20721
2026-07-13 14:55:00+00:00,218.565002,218.929993,218.449997,218.654999,24939
2026-07-13 15:00:00+00:00,218.485001,218.589996,218.350006,218.369995,21120
2026-07-13 15:05:00+00:00,218.369995,218.580002,218.300003,218.514999,22109
2026-07-13 15:10:00+00:00,218.520004,218.804993,218.500000,218.580002,22091
2026-07-13 15:15:00+00:00,218.580002,218.800003,218.429993,218.574997,20619
2026-07-13 15:20:00+00:00,218.574997,218.740005,218.429993,218.509995,19654
2026-07-13 15:25:00+00:00,218.410004,218.429993,218.050003,218.428604,31982
2026-07-13 15:30:00+00:00,218.350006,218.369995,218.059998,218.220001,21362
2026-07-13 15:35:00+00:00,218.130005,218.139999,217.910004,217.979996,75209
2026-07-13 15:40:00+00:00,217.970001,218.089996,217.880005,218.039993,24600
2026-07-13 15:45:00+00:00,218.089996,218.160004,217.970001,218.039993,28406
2026-07-13 15:50:00+00:00,218.089996,218.145004,217.869995,217.934998,29942
2026-07-13 15:55:00+00:00,217.869995,217.919998,217.660004,217.746567,83112
2026-07-13 16:00:00+00:00,217.755005,217.850006,217.649994,217.750000,25044
2026-07-13 16:05:00+00:00,217.725006,217.789993,217.559998,217.600006,24478
2026-07-13 16:10:00+00:00,217.600006,217.600006,217.259995,217.365005,51355
2026-07-13 16:15:00+00:00,217.369995,217.369995,216.880005,217.199997,78053
2026-07-13 16:20:00+00:00,217.190002,217.270004,217.089996,217.089996,22421
2026-07-13 16:25:00+00:00,217.050705,217.149994,216.610001,216.845993,96838
2026-07-13 16:30:00+00:00,216.809998,216.869995,216.529999,216.529999,44921
2026-07-13 16:35:00+00:00,216.535095,217.110001,216.389999,216.964996,57752
2026-07-13 16:40:00+00:00,216.910004,217.429993,216.884995,217.419998,27864
2026-07-13 16:45:00+00:00,217.479996,217.615005,217.274994,217.274994,28832
2026-07-13 16:50:00+00:00,217.279999,217.279999,216.960098,216.960098,23315
2026-07-13 16:55:00+00:00,217.000000,217.259995,216.910004,217.080002,56784
2026-07-13 17:00:00+00:00,217.110001,217.320007,217.080002,217.085007,40266
2026-07-13 17:05:00+00:00,217.085007,217.289993,217.085007,217.229904,21430
2026-07-13 17:10:00+00:00,217.179993,217.250000,216.809998,216.880005,56094
2026-07-13 17:15:00+00:00,216.830002,216.949997,216.750107,216.929993,19250
2026-07-13 17:20:00+00:00,216.839996,216.949997,216.619995,216.639999,21904
2026-07-13 17:25:00+00:00,216.645004,216.709900,216.509995,216.630005,27303
2026-07-13 17:30:00+00:00,216.610001,216.809998,216.589996,216.760361,18961
2026-07-13 17:35:00+00:00,216.800003,216.800003,216.350006,216.449997,92088
2026-07-13 17:40:00+00:00,216.429993,216.740005,216.389999,216.684998,33698
2026-07-13 17:45:00+00:00,216.649994,216.850006,216.300003,216.320007,36415
2026-07-13 17:50:00+00:00,216.320007,216.460007,216.119995,216.395004,28024
2026-07-13 17:55:00+00:00,216.449997,216.470001,215.710007,215.850006,123545
2026-07-13 18:00:00+00:00,215.889999,216.020004,215.752731,215.830002,41446
2026-07-13 18:05:00+00:00,215.869995,216.320007,215.869995,216.160004,23835
2026-07-13 18:10:00+00:00,216.160004,216.250000,216.044998,216.184998,17712
2026-07-13 18:15:00+00:00,216.160004,216.240005,215.809998,215.809998,23611
2026-07-13 18:20:00+00:00,215.909897,215.994995,215.800003,215.994995,27331
2026-07-13 18:25:00+00:00,215.960007,215.960007,215.750000,215.815002,21475
2026-07-13 18:30:00+00:00,215.794998,215.914993,215.710007,215.779999,27461
2026-07-13 18:35:00+00:00,215.779999,216.009995,215.729996,215.860001,18889
2026-07-13 18:40:00+00:00,215.750000,215.960007,215.710007,215.830002,33851
2026-07-13 18:45:00+00:00,215.830002,215.940002,215.289993,215.460007,58934
2026-07-13 18:50:00+00:00,215.460007,215.550003,215.309998,215.365005,81625
2026-07-13 18:55:00+00:00,215.389999,215.520004,215.279999,215.300003,25348
2026-07-13 19:00:00+00:00,215.270004,215.399994,215.110001,215.389999,26572
2026-07-13 19:05:00+00:00,215.389999,215.800003,215.389999,215.779999,39220
2026-07-13 19:10:00+00:00,215.779999,215.899994,215.654999,215.899994,31512
2026-07-13 19:15:00+00:00,215.860001,216.169998,215.779999,216.054993,37099
2026-07-13 19:20:00+00:00,216.050003,216.100006,215.694794,215.830002,47345
2026-07-13 19:25:00+00:00,215.800003,215.849899,215.710007,215.759995,49704
2026-07-13 19:30:00+00:00,215.767105,215.960007,215.764999,215.929993,38153
2026-07-13 19:35:00+00:00,215.934998,215.934998,215.580002,215.595001,85284
2026-07-13 19:40:00+00:00,215.580002,215.929993,215.520004,215.880005,65105
2026-07-13 19:45:00+00:00,215.889999,215.946106,215.559998,215.770004,108046
2026-07-13 19:50:00+00:00,215.770004,215.789902,215.500000,215.750000,114042
2026-07-13 19:55:00+00:00,215.779999,215.880005,215.449997,215.509995,349779
2026-07-14 13:30:00+00:00,216.960007,217.162506,216.380005,217.060104,129907
2026-07-14 13:35:00+00:00,217.145004,217.710007,216.809998,217.380005,66524
2026-07-14 13:40:00+00:00,217.539993,217.979996,217.479996,217.850006,51533
2026-07-14 13:45:00+00:00,217.750000,217.794998,217.149994,217.434998,34486
2026-07-14 13:50:00+00:00,217.585007,218.199997,217.500000,217.970001,43369
2026-07-14 13:55:00+00:00,217.865005,218.250000,217.750000,217.990005,40790
2026-07-14 14:00:00+00:00,217.869995,218.091599,217.462006,217.639999,34826
2026-07-14 14:05:00+00:00,217.645004,219.210007,217.500000,219.110001,91264
2026-07-14 14:10:00+00:00,219.160004,219.250000,218.289993,218.710297,45867
2026-07-14 14:15:00+00:00,218.699997,218.999893,218.300003,218.929993,26150
2026-07-14 14:20:00+00:00,218.860001,219.029999,218.649994,218.800003,26453
2026-07-14 14:25:00+00:00,218.798004,219.300003,218.529999,219.199997,44483
2026-07-14 14:30:00+00:00,219.250000,220.289993,219.050003,219.845001,64749
2026-07-14 14:35:00+00:00,219.865005,220.085007,219.539993,219.615005,30675
2026-07-14 14:40:00+00:00,219.699997,219.800003,219.169998,219.259995,27927
2026-07-14 14:45:00+00:00,219.244995,219.445007,219.059998,219.154999,25751
2026-07-14 14:50:00+00:00,219.183548,219.505005,219.115005,219.399994,18065
2026-07-14 14:55:00+00:00,219.414993,219.470001,219.250000,219.429993,16347
2026-07-14 15:00:00+00:00,219.539993,220.154999,219.110001,220.005005,45002
2026-07-14 15:05:00+00:00,219.804993,220.134995,219.610107,220.009995,32743
2026-07-14 15:10:00+00:00,219.979996,220.059998,219.764999,219.850006,33718
2026-07-14 15:15:00+00:00,219.817505,219.817505,219.240005,219.380005,25785
2026-07-14 15:20:00+00:00,219.190002,219.619995,219.119995,219.554993,20646
2026-07-14 15:25:00+00:00,219.554993,219.749496,219.395004,219.620102,18586
2026-07-14 15:30:00+00:00,219.679993,219.830002,219.505005,219.720001,23300
2026-07-14 15:35:00+00:00,219.820007,219.820007,219.179993,219.215805,17478
2026-07-14 15:40:00+00:00,219.294998,219.550003,219.110001,219.505005,15900
2026-07-14 15:45:00+00:00,219.524994,219.639999,219.440002,219.524994,14998
2026-07-14 15:50:00+00:00,219.559998,219.619995,219.389999,219.485001,20645
2026-07-14 15:55:00+00:00,219.479996,219.539993,218.990005,219.356094,42286
2026-07-14 16:00:00+00:00,219.380005,219.380005,218.940002,219.054993,37824
2026-07-14 16:05:00+00:00,219.119995,219.240005,218.880005,219.139999,32695
2026-07-14 16:10:00+00:00,219.085007,219.389999,219.085007,219.259995,21718
2026-07-14 16:15:00+00:00,219.300003,219.820007,219.300003,219.615005,67409
2026-07-14 16:20:00+00:00,219.619995,219.679993,219.229996,219.375000,34209
2026-07-14 16:25:00+00:00,219.466995,219.809998,219.419998,219.660004,21652
2026-07-14 16:30:00+00:00,219.699997,219.889893,219.600006,219.820007,33443
2026-07-14 16:35:00+00:00,219.809998,219.929993,219.589996,219.729996,24065
2026-07-14 16:40:00+00:00,219.695007,220.020004,219.679993,219.815002,36381
2026-07-14 16:45:00+00:00,219.800003,219.835007,219.330002,219.520004,56786
2026-07-14 16:50:00+00:00,219.520004,219.669998,219.000000,219.000000,26998
2026-07-14 16:55:00+00:00,219.213898,219.213898,218.690002,218.789993,27746
2026-07-14 17:00:00+00:00,218.789993,218.869995,218.559998,218.595001,24446
2026-07-14 17:05:00+00:00,218.595001,218.622604,218.340103,218.550003,18136
2026-07-14 17:10:00+00:00,218.565002,218.649994,218.350006,218.350006,71397
2026-07-14 17:15:00+00:00,218.350006,218.380005,218.190002,218.320007,19007
2026-07-14 17:20:00+00:00,218.300003,218.559998,218.300003,218.339996,10352
2026-07-14 17:25:00+00:00,218.404999,218.639999,218.404999,218.639999,9190
2026-07-14 17:30:00+00:00,218.660004,218.684998,218.509995,218.574997,18683
2026-07-14 17:35:00+00:00,218.574997,218.639999,218.410004,218.511993,15114
2026-07-14 17:40:00+00:00,218.565094,218.759995,218.565094,218.679993,13433
2026-07-14 17:45:00+00:00,218.684998,218.684998,218.500000,218.642502,21673
2026-07-14 17:50:00+00:00,218.625000,218.779999,218.509995,218.559998,11743
2026-07-14 17:55:00+00:00,218.565002,218.839996,218.550095,218.750000,10619
2026-07-14 18:00:00+00:00,218.789993,218.969894,218.740005,218.919998,14440
2026-07-14 18:05:00+00:00,218.919998,219.020004,218.860001,218.955002,18748
2026-07-14 18:10:00+00:00,218.990005,219.079300,218.899994,219.079300,13304
2026-07-14 18:15:00+00:00,219.029999,219.199905,218.889999,219.119995,15265
2026-07-14 18:20:00+00:00,219.130005,219.130005,218.860001,218.860001,17167
2026-07-14 18:25:00+00:00,218.860001,218.949997,218.660004,218.770004,27266
2026-07-14 18:30:00+00:00,218.750000,218.779999,218.150101,218.195007,27807
2026-07-14 18:35:00+00:00,218.110107,218.270004,217.910004,217.970001,38190
2026-07-14 18:40:00+00:00,217.970001,218.199997,217.740005,218.124893,28524
2026-07-14 18:45:00+00:00,218.229996,218.600006,218.179993,218.404999,31356
2026-07-14 18:50:00+00:00,218.410004,218.410004,218.160004,218.225006,14120
2026-07-14 18:55:00+00:00,218.220001,218.300003,218.160004,218.259995,18756
2026-07-14 19:00:00+00:00,218.259995,218.309998,218.009995,218.169998,22266
2026-07-14 19:05:00+00:00,218.179993,218.419998,217.940002,218.410004,30385
2026-07-14 19:10:00+00:00,218.399994,218.479996,218.125000,218.195007,38177
2026-07-14 19:15:00+00:00,218.136002,218.380005,218.059998,218.190002,39657
2026-07-14 19:20:00+00:00,218.179993,218.369995,218.079697,218.354996,41790
2026-07-14 19:25:00+00:00,218.365005,218.365005,218.210007,218.350006,34834
2026-07-14 19:30:00+00:00,218.199997,218.259995,218.039993,218.190002,50685
2026-07-14 19:35:00+00:00,218.184998,218.330002,218.050003,218.089996,26547
2026-07-14 19:40:00+00:00,218.039993,218.087006,217.759995,217.889999,43439
2026-07-14 19:45:00+00:00,217.899994,218.330002,217.854996,217.985001,49851
2026-07-14 19:50:00+00:00,217.910004,217.940002,217.539993,217.539993,87593
2026-07-14 19:55:00+00:00,217.574997,217.585007,217.139999,217.190002,269742
2026-07-15 13:30:00+00:00,217.789993,219.300003,217.750000,218.744995,81171
2026-07-15 13:35:00+00:00,218.690002,219.149994,218.509995,218.888107,35042
2026-07-15 13:40:00+00:00,218.559998,218.735001,218.309998,218.609894,21783
2026-07-15 13:45:00+00:00,218.470001,218.529999,217.250000,217.520004,40518
2026-07-15 13:50:00+00:00,217.509995,218.119995,217.250000,218.089996,33805
2026-07-15 13:55:00+00:00,217.889999,218.559998,217.854996,218.190002,31579
2026-07-15 14:00:00+00:00,218.190002,218.440002,218.100006,218.160004,13198
2026-07-15 14:05:00+00:00,218.050003,218.679993,217.945007,218.639999,38894
2026-07-15 14:10:00+00:00,218.660004,218.809998,217.979996,218.024994,39067
2026-07-15 14:15:00+00:00,217.889999,218.779999,217.889999,218.675003,32750
2026-07-15 14:20:00+00:00,218.675003,218.750000,218.100006,218.475006,22650
2026-07-15 14:25:00+00:00,218.389999,219.354996,218.389999,219.259995,33630
2026-07-15 14:30:00+00:00,219.255005,219.820007,218.979996,219.729996,33934
2026-07-15 14:35:00+00:00,219.750000,219.949997,219.600006,219.684998,34475
2026-07-15 14:40:00+00:00,219.649994,219.800003,219.389999,219.634995,37673
2026-07-15 14:45:00+00:00,219.610001,219.820007,219.334198,219.800003,30895
2026-07-15 14:50:00+00:00,219.839905,220.779907,219.830002,220.612198,68033
2026-07-15 14:55:00+00:00,220.509995,221.330002,220.429993,221.240005,69523
2026-07-15 15:00:00+00:00,221.264999,221.830002,221.250000,221.529999,73201
2026-07-15 15:05:00+00:00,221.589996,221.929993,221.070007,221.820007,38183
2026-07-15 15:10:00+00:00,221.820007,221.820007,220.740005,220.740005,33924
2026-07-15 15:15:00+00:00,220.720001,221.119995,220.560104,220.800095,38233
2026-07-15 15:20:00+00:00,220.979996,220.979996,220.509995,220.664993,24327
2026-07-15 15:25:00+00:00,220.690002,220.789993,220.490005,220.595001,20002
2026-07-15 15:30:00+00:00,220.617493,220.850006,220.529999,220.699997,19246
2026-07-15 15:35:00+00:00,220.600006,220.690002,220.360001,220.649994,11370
2026-07-15 15:40:00+00:00,220.610001,220.779999,220.460007,220.619995,14808
2026-07-15 15:45:00+00:00,220.619995,220.619995,220.100006,220.125000,31822
2026-07-15 15:50:00+00:00,220.014999,220.130005,219.550003,219.649994,25376
2026-07-15 15:55:00+00:00,219.509995,219.509995,219.009995,219.169998,22232
2026-07-15 16:00:00+00:00,219.125000,219.239899,218.809998,219.080002,24034
2026-07-15 16:05:00+00:00,219.000000,219.000000,218.392395,218.695007,27219
2026-07-15 16:10:00+00:00,218.695007,218.850006,218.250000,218.259995,15863
2026-07-15 16:15:00+00:00,218.259995,218.449997,218.104797,218.294998,20960
2026-07-15 16:20:00+00:00,218.294998,218.389999,217.679993,217.744995,47604
2026-07-15 16:25:00+00:00,217.744995,218.240005,217.660004,218.240005,29476
2026-07-15 16:30:00+00:00,218.225006,218.320007,217.774994,217.910004,28827
2026-07-15 16:35:00+00:00,217.905304,218.050003,217.720001,217.899994,16427
2026-07-15 16:40:00+00:00,217.899994,218.080002,217.800003,218.050003,21644
2026-07-15 16:45:00+00:00,218.149506,218.990005,218.044998,218.250000,58790
2026-07-15 16:50:00+00:00,218.330002,218.529999,218.270004,218.330002,17556
2026-07-15 16:55:00+00:00,218.270004,218.440002,218.119995,218.375000,26052
2026-07-15 17:00:00+00:00,218.375000,218.990005,218.375000,218.860001,23482
2026-07-15 17:05:00+00:00,218.850006,219.320007,218.750107,219.279999,27228
2026-07-15 17:10:00+00:00,219.205002,219.660004,218.820007,218.820007,29541
2026-07-15 17:15:00+00:00,218.941406,219.127106,218.940002,219.000000,9819
2026-07-15 17:20:00+00:00,219.059998,219.107895,218.800003,219.080002,10570
2026-07-15 17:25:00+00:00,219.080002,219.289993,219.070007,219.289993,8682
2026-07-15 17:30:00+00:00,219.339996,219.660004,219.250000,219.509995,20734
2026-07-15 17:35:00+00:00,219.509995,219.649994,219.449997,219.634995,10986
2026-07-15 17:40:00+00:00,219.770004,219.800003,219.580002,219.580002,10333
2026-07-15 17:45:00+00:00,219.585007,219.669998,219.410004,219.470001,21361
2026-07-15 17:50:00+00:00,219.505005,219.679993,219.320007,219.679993,19454
2026-07-15 17:55:00+00:00,219.610001,219.839294,219.500000,219.764999,13846
2026-07-15 18:00:00+00:00,219.785797,219.785797,219.282898,219.339996,34225
2026-07-15 18:05:00+00:00,219.294998,219.339996,219.070007,219.190002,28121
2026-07-15 18:10:00+00:00,219.149994,219.304993,219.139999,219.214996,16022
2026-07-15 18:15:00+00:00,219.130005,219.139999,218.940002,218.979996,9119
2026-07-15 18:20:00+00:00,219.000000,219.270004,219.000000,219.210007,7708
2026-07-15 18:25:00+00:00,219.229996,219.270004,219.039993,219.039993,14626
2026-07-15 18:30:00+00:00,219.089996,219.259903,218.990005,219.179993,10064
2026-07-15 18:35:00+00:00,219.110001,219.175003,218.970001,219.050003,9755
2026-07-15 18:40:00+00:00,219.050003,219.134995,218.948959,218.948959,9316
2026-07-15 18:45:00+00:00,218.899994,218.945007,218.619995,218.919907,19432
2026-07-15 18:50:00+00:00,218.774994,218.889893,218.500000,218.595093,10632
2026-07-15 18:55:00+00:00,218.679993,218.710007,218.274597,218.315002,20687
2026-07-15 19:00:00+00:00,218.369995,218.369995,217.979996,218.100006,21668
2026-07-15 19:05:00+00:00,218.110001,218.339905,217.940002,218.210007,21389
2026-07-15 19:10:00+00:00,218.225006,218.440002,218.179596,218.399994,24587
2026-07-15 19:15:00+00:00,218.350006,218.514999,218.240005,218.294998,17374
2026-07-15 19:20:00+00:00,218.160004,218.279907,217.979996,218.115005,20476
2026-07-15 19:25:00+00:00,218.050003,218.145004,217.949997,218.014999,20227
2026-07-15 19:30:00+00:00,218.000000,218.229996,218.000000,218.145004,23559
2026-07-15 19:35:00+00:00,218.125000,218.649994,218.095001,218.630005,32594
2026-07-15 19:40:00+00:00,218.630005,218.889999,218.460007,218.660004,96769
2026-07-15 19:45:00+00:00,218.654999,218.889999,218.350006,218.675003,50864
2026-07-15 19:50:00+00:00,218.589996,218.705002,218.300003,218.460007,117269
2026-07-15 19:55:00+00:00,218.449997,218.690002,218.024994,218.179993,252609
2026-07-16 13:30:00+00:00,216.520004,217.535004,215.699997,217.399994,144129
2026-07-16 13:35:00+00:00,217.365005,217.960007,216.649994,216.774994,38995
2026-07-16 13:40:00+00:00,216.774994,216.899994,215.889999,215.889999,62641
2026-07-16 13:45:00+00:00,215.970001,216.300003,215.500000,215.574997,90710
2026-07-16 13:50:00+00:00,215.539993,215.886093,214.850006,214.979996,121644
2026-07-16 13:55:00+00:00,214.979996,215.250000,214.389999,215.149994,84907
2026-07-16 14:00:00+00:00,215.250000,215.585007,215.029999,215.440002,51990
2026-07-16 14:05:00+00:00,215.639999,216.080002,215.576599,215.985001,70779
2026-07-16 14:10:00+00:00,215.929993,215.990005,215.550003,215.929993,28411
2026-07-16 14:15:00+00:00,215.660004,215.660004,215.100006,215.375000,46624
2026-07-16 14:20:00+00:00,215.375000,215.710007,215.320007,215.479996,32141
2026-07-16 14:25:00+00:00,215.380096,215.729996,215.149994,215.649994,36171
2026-07-16 14:30:00+00:00,215.649994,215.770004,215.289993,215.574997,52734
2026-07-16 14:35:00+00:00,215.500000,215.820007,215.500000,215.550003,29367
2026-07-16 14:40:00+00:00,215.529999,216.274994,215.529999,215.976303,39348
2026-07-16 14:45:00+00:00,216.029999,216.520004,216.029999,216.494995,36888
2026-07-16 14:50:00+00:00,216.494995,216.779999,216.419998,216.779999,19940
2026-07-16 14:55:00+00:00,216.750000,216.809998,216.440002,216.785004,15893
2026-07-16 15:00:00+00:00,216.789993,216.789993,216.369141,216.630005,20233
2026-07-16 15:05:00+00:00,216.679993,216.860001,216.589996,216.789993,19288
2026-07-16 15:10:00+00:00,216.919998,217.050003,216.839996,217.039993,27903
2026-07-16 15:15:00+00:00,217.000000,217.179993,216.740097,216.979996,23604
2026-07-16 15:20:00+00:00,216.910004,217.169998,216.772293,216.994995,20858
2026-07-16 15:25:00+00:00,217.110001,217.634995,217.000000,217.244995,24789
2026-07-16 15:30:00+00:00,217.244995,217.389999,217.010101,217.289993,32363
2026-07-16 15:35:00+00:00,217.225006,217.279999,216.940002,217.070007,46485
2026-07-16 15:40:00+00:00,216.940002,216.975006,216.729996,216.839996,21915
2026-07-16 15:45:00+00:00,216.779999,216.899994,216.559998,216.710007,38861
2026-07-16 15:50:00+00:00,216.720001,217.190002,216.684998,217.119995,27570
2026-07-16 15:55:00+00:00,217.115005,217.139999,216.789993,217.080002,24380
2026-07-16 16:00:00+00:00,217.059998,217.199997,216.449997,216.498901,21676
2026-07-16 16:05:00+00:00,216.354996,216.800003,216.271393,216.800003,27337
2026-07-16 16:10:00+00:00,216.850006,216.850006,216.059998,216.100006,41373
2026-07-16 16:15:00+00:00,216.139999,216.399994,216.000000,216.149994,19742
2026-07-16 16:20:00+00:00,216.134995,216.134995,215.690002,215.779999,18531
2026-07-16 16:25:00+00:00,215.699997,216.240005,215.619995,216.024994,26096
2026-07-16 16:30:00+00:00,216.160004,216.500000,215.979996,216.274994,36572
2026-07-16 16:35:00+00:00,216.320007,216.550003,216.229996,216.270004,28486
2026-07-16 16:40:00+00:00,216.240005,216.429993,216.174301,216.289993,12271
2026-07-16 16:45:00+00:00,216.221207,216.320007,215.699997,215.759995,28625
2026-07-16 16:50:00+00:00,215.699997,215.979996,215.649994,215.710007,20452
2026-07-16 16:55:00+00:00,215.735001,216.099899,215.710007,216.039993,21615
2026-07-16 17:00:00+00:00,216.070007,216.210007,215.940002,215.940002,15653
2026-07-16 17:05:00+00:00,215.955002,216.080002,215.590500,215.660004,25197
2026-07-16 17:10:00+00:00,215.679993,215.929993,215.550095,215.774994,24331
2026-07-16 17:15:00+00:00,215.820007,215.880005,215.600006,215.699997,13919
2026-07-16 17:20:00+00:00,215.699997,215.809998,215.600006,215.729996,29664
2026-07-16 17:25:00+00:00,215.750000,215.910004,215.559998,215.820007,32617
2026-07-16 17:30:00+00:00,215.910004,216.240005,215.750000,215.800003,34099
2026-07-16 17:35:00+00:00,215.830002,215.859894,215.369995,215.505005,35737
2026-07-16 17:40:00+00:00,215.600006,215.830002,215.490005,215.815002,29032
2026-07-16 17:45:00+00:00,215.809998,215.860001,215.649994,215.759995,18548
2026-07-16 17:50:00+00:00,215.750000,215.880005,215.710007,215.820007,16251
2026-07-16 17:55:00+00:00,215.820007,215.820007,215.639999,215.740005,14753
2026-07-16 18:00:00+00:00,215.759995,215.970001,215.580002,215.669998,35281
2026-07-16 18:05:00+00:00,215.660004,215.699997,215.479996,215.684998,24197
2026-07-16 18:10:00+00:00,215.710007,216.050003,215.710007,215.945007,27167
2026-07-16 18:15:00+00:00,215.940002,215.940002,215.729996,215.865005,24416
2026-07-16 18:20:00+00:00,215.865005,215.889999,215.190002,215.199997,35107
2026-07-16 18:25:00+00:00,215.259995,215.389999,215.169998,215.289993,22523
2026-07-16 18:30:00+00:00,215.315002,215.595703,215.149994,215.595001,26934
2026-07-16 18:35:00+00:00,215.550003,215.699997,215.470001,215.475006,34182
2026-07-16 18:40:00+00:00,215.449997,215.460007,215.225006,215.240005,33308
2026-07-16 18:45:00+00:00,215.270004,215.419998,215.169998,215.354996,29401
2026-07-16 18:50:00+00:00,215.380005,215.649994,215.310501,215.550003,30990
2026-07-16 18:55:00+00:00,215.550003,215.600006,215.434998,215.505005,20816
2026-07-16 19:00:00+00:00,215.559998,215.649994,215.500000,215.565002,18945
2026-07-16 19:05:00+00:00,215.600006,215.811996,215.500000,215.500000,25228
2026-07-16 19:10:00+00:00,215.550003,215.550003,215.355301,215.450104,29950
2026-07-16 19:15:00+00:00,215.485001,215.770004,215.399994,215.770004,40747
2026-07-16 19:20:00+00:00,215.699997,215.839996,215.509995,215.524994,31621
2026-07-16 19:25:00+00:00,215.524994,215.570007,215.300507,215.360001,40897
2026-07-16 19:30:00+00:00,215.354996,215.380005,215.070007,215.070007,66053
2026-07-16 19:35:00+00:00,215.104996,215.160004,214.800095,215.149994,117784
2026-07-16 19:40:00+00:00,215.110001,215.179993,214.899994,214.960007,55249
2026-07-16 19:45:00+00:00,214.880005,214.880005,214.699997,214.820007,92356
2026-07-16 19:50:00+00:00,214.789993,215.089996,214.445007,214.854996,162075
2026-07-16 19:55:00+00:00,214.830002,214.860001,214.199997,214.330002,519450
2026-07-17 13:30:00+00:00,211.500000,212.699997,211.000000,212.179993,425143
2026-07-17 13:35:00+00:00,212.365005,213.664993,211.949997,213.304993,72587
2026-07-17 13:40:00+00:00,213.289993,214.470001,213.220001,213.839996,45492
2026-07-17 13:45:00+00:00,213.699997,215.190002,213.625000,214.990005,62748
2026-07-17 13:50:00+00:00,214.979996,215.630005,214.820007,215.179993,75981
2026-07-17 13:55:00+00:00,215.119995,215.500000,215.020004,215.320007,27253
2026-07-17 14:00:00+00:00,215.335007,215.800003,215.160004,215.699997,52398
2026-07-17 14:05:00+00:00,215.600006,216.649994,215.369995,216.649994,91354
2026-07-17 14:10:00+00:00,216.639999,216.960007,216.229996,216.229996,63718
2026-07-17 14:15:00+00:00,216.220001,216.630005,215.869995,216.044998,30930
2026-07-17 14:20:00+00:00,216.050003,216.240005,215.690002,215.949997,24153
2026-07-17 14:25:00+00:00,215.955002,216.250000,215.710098,215.904999,29925
2026-07-17 14:30:00+00:00,215.899994,215.899994,215.360001,215.434998,19390
2026-07-17 14:35:00+00:00,215.500000,215.747894,215.399994,215.747894,12829
2026-07-17 14:40:00+00:00,215.729996,215.828995,215.429993,215.440002,14934
2026-07-17 14:45:00+00:00,215.539993,215.539993,214.904999,214.919998,205779
2026-07-17 14:50:00+00:00,214.990005,216.000000,214.990005,215.979996,16209
2026-07-17 14:55:00+00:00,215.884995,216.190002,215.580002,215.794998,15453
2026-07-17 15:00:00+00:00,215.794998,215.794998,215.345001,215.464996,22182
2026-07-17 15:05:00+00:00,215.514999,215.599899,214.940002,214.949997,25442
2026-07-17 15:10:00+00:00,215.179901,215.179993,214.139999,214.229996,31957
2026-07-17 15:15:00+00:00,214.100006,214.606094,214.009995,214.514999,59250
2026-07-17 15:20:00+00:00,214.464996,214.475006,214.149994,214.350006,18037
2026-07-17 15:25:00+00:00,214.354996,215.039993,214.354996,214.940002,19686
2026-07-17 15:30:00+00:00,214.830002,215.039993,214.360001,214.490005,41793
2026-07-17 15:35:00+00:00,214.440002,214.770004,214.279999,214.770004,30395
2026-07-17 15:40:00+00:00,214.669998,214.779999,214.119995,214.279999,30979
2026-07-17 15:45:00+00:00,214.279999,214.410004,214.089996,214.190002,34216
2026-07-17 15:50:00+00:00,214.235001,214.419998,214.080002,214.410004,21048
2026-07-17 15:55:00+00:00,214.470001,214.945007,214.410004,214.945007,25701
2026-07-17 16:00:00+00:00,214.945007,215.199997,214.319901,214.630005,46091
2026-07-17 16:05:00+00:00,214.675003,214.940002,214.500000,214.910004,18870
2026-07-17 16:10:00+00:00,214.850006,215.000000,214.590103,214.865005,13822
2026-07-17 16:15:00+00:00,214.899994,214.945007,214.710007,214.899994,12562
2026-07-17 16:20:00+00:00,214.970001,214.970001,214.360001,214.399994,31309
2026-07-17 16:25:00+00:00,214.410004,214.779999,214.410004,214.630005,15323
2026-07-17 16:30:00+00:00,214.669998,214.759995,214.410004,214.414993,16232
2026-07-17 16:35:00+00:00,214.490005,214.850006,214.490005,214.774994,21541
2026-07-17 16:40:00+00:00,214.777496,215.339996,214.774994,215.104996,25538
2026-07-17 16:45:00+00:00,215.154999,215.389999,215.145004,215.300003,13529
2026-07-17 16:50:00+00:00,215.399994,215.449997,215.009995,215.050003,21793
2026-07-17 16:55:00+00:00,215.065002,215.209900,214.889999,215.065002,24924
2026-07-17 17:00:00+00:00,215.085007,215.250000,214.949997,215.179993,12409
2026-07-17 17:05:00+00:00,215.104996,215.309998,215.059998,215.220001,16793
2026-07-17 17:10:00+00:00,215.244995,215.440002,215.119995,215.119995,15169
2026-07-17 17:15:00+00:00,215.089996,215.809998,214.949997,215.020004,58504
2026-07-17 17:20:00+00:00,214.910004,214.940002,214.649994,214.800003,15925
2026-07-17 17:25:00+00:00,214.764999,214.919998,214.679993,214.919998,13526
2026-07-17 17:30:00+00:00,214.919998,215.809998,214.839996,215.039993,60919
2026-07-17 17:35:00+00:00,214.929993,214.929993,214.639999,214.684998,34184
2026-07-17 17:40:00+00:00,214.649994,214.940002,214.440094,214.869995,29420
2026-07-17 17:45:00+00:00,214.889999,215.130005,214.889999,215.130005,14716
2026-07-17 17:50:00+00:00,215.229996,215.240005,214.970001,215.110001,19609
2026-07-17 17:55:00+00:00,215.050003,215.179993,214.960007,215.149994,19723
2026-07-17 18:00:00+00:00,215.139999,215.369995,215.039993,215.259995,23988
2026-07-17 18:05:00+00:00,215.160004,215.220001,214.699997,214.934998,24096
2026-07-17 18:10:00+00:00,214.990005,215.024994,214.710007,214.755005,17970
2026-07-17 18:15:00+00:00,214.755005,214.830002,214.510101,214.570007,23890
2026-07-17 18:20:00+00:00,214.570007,214.830002,214.470001,214.566498,19061
2026-07-17 18:25:00+00:00,214.639999,214.699997,214.539993,214.634995,16018
2026-07-17 18:30:00+00:00,214.699997,215.080002,214.699997,214.889999,32891
2026-07-17 18:35:00+00:00,214.990005,215.054993,214.690094,214.996735,16578
2026-07-17 18:40:00+00:00,214.990005,214.990005,214.560104,214.710007,18575
2026-07-17 18:45:00+00:00,214.669998,214.800003,214.544998,214.755005,18526
2026-07-17 18:50:00+00:00,214.755005,215.009995,214.699997,214.970001,34767
2026-07-17 18:55:00+00:00,214.979996,215.169998,214.960007,215.005005,29519
2026-07-17 19:00:00+00:00,215.005005,215.039993,214.770004,215.037994,13670
2026-07-17 19:05:00+00:00,214.896301,215.009995,214.809998,214.910004,28961
2026-07-17 19:10:00+00:00,214.899994,215.169998,214.839996,214.955002,22509
2026-07-17 19:15:00+00:00,214.880005,215.240005,214.880005,215.089996,27742
2026-07-17 19:20:00+00:00,215.100006,215.119995,214.300003,214.315002,51412
2026-07-17 19:25:00+00:00,214.259995,214.539993,214.199997,214.479996,32125
2026-07-17 19:30:00+00:00,214.500000,214.649994,214.139999,214.324997,46977
2026-07-17 19:35:00+00:00,214.259995,214.470001,214.170105,214.170105,37688
2026-07-17 19:40:00+00:00,214.229996,214.429993,214.119995,214.309998,40447
2026-07-17 19:45:00+00:00,214.279999,214.600006,214.190002,214.490005,106369
2026-07-17 19:50:00+00:00,214.440002,214.440002,214.190002,214.360001,94261
2026-07-17 19:55:00+00:00,214.315002,214.585007,214.009995,214.110001,287532
2026-07-20 13:30:00+00:00,216.179993,216.729996,214.500000,215.654999,158698
2026-07-20 13:35:00+00:00,215.649994,215.785004,214.524994,214.845001,42149
2026-07-20 13:40:00+00:00,214.886566,215.070007,213.800003,214.000000,88072
2026-07-20 13:45:00+00:00,213.967499,214.050003,211.740005,212.190002,199579
2026-07-20 13:50:00+00:00,212.130005,212.479996,209.509995,209.684998,229703
2026-07-20 13:55:00+00:00,209.759995,210.759995,209.759995,209.839996,161858
2026-07-20 14:00:00+00:00,209.839996,210.089996,209.250000,209.800003,150375
2026-07-20 14:05:00+00:00,209.854996,210.500000,209.649704,210.279999,116615
2026-07-20 14:10:00+00:00,210.250000,210.399994,209.634995,209.800003,125823
2026-07-20 14:15:00+00:00,209.800003,209.970001,209.110001,209.649994,186139
2026-07-20 14:20:00+00:00,209.600006,210.369995,209.070007,210.179993,125604
2026-07-20 14:25:00+00:00,210.210007,210.779999,210.210007,210.550003,113586
2026-07-20 14:30:00+00:00,210.589905,210.850006,210.060501,210.574997,120108
2026-07-20 14:35:00+00:00,210.649994,210.767502,209.900101,210.110001,44567
2026-07-20 14:40:00+00:00,210.162506,210.414993,209.500107,209.500107,54558
2026-07-20 14:45:00+00:00,209.669998,209.716003,208.703598,208.985001,115657
2026-07-20 14:50:00+00:00,209.009995,209.438995,208.850006,209.100098,67175
2026-07-20 14:55:00+00:00,209.100006,209.389999,209.100006,209.304993,51629
2026-07-20 15:00:00+00:00,209.399994,209.630005,209.169998,209.565002,50129
2026-07-20 15:05:00+00:00,209.619995,209.809998,209.160004,209.809998,46372
2026-07-20 15:10:00+00:00,209.809998,209.839905,209.320007,209.559998,32587
2026-07-20 15:15:00+00:00,209.529907,209.779999,209.320099,209.529999,31550
2026-07-20 15:20:00+00:00,209.550003,209.710007,209.399994,209.664993,28747
2026-07-20 15:25:00+00:00,209.639999,209.850006,209.559998,209.850006,49302
2026-07-20 15:30:00+00:00,209.860001,209.889999,209.210007,209.289993,49674
2026-07-20 15:35:00+00:00,209.299606,209.299606,209.100006,209.195007,88129
2026-07-20 15:40:00+00:00,209.205002,209.725403,209.205002,209.725403,36804
2026-07-20 15:45:00+00:00,209.720001,209.720001,209.400101,209.514999,28124
2026-07-20 15:50:00+00:00,209.479996,209.850006,209.429993,209.760895,22124
2026-07-20 15:55:00+00:00,209.820007,209.869995,209.199997,209.379898,34923
2026-07-20 16:00:00+00:00,209.285004,209.460007,209.130005,209.199997,39869
2026-07-20 16:05:00+00:00,209.240005,210.330002,209.240005,210.320007,59414
2026-07-20 16:10:00+00:00,210.320007,210.539001,210.220001,210.360001,48131
2026-07-20 16:15:00+00:00,210.326004,210.429993,210.106003,210.285004,48462
2026-07-20 16:20:00+00:00,210.279999,210.429993,210.179993,210.279999,28901
2026-07-20 16:25:00+00:00,210.270004,210.589996,210.039993,210.550003,38637
2026-07-20 16:30:00+00:00,210.570007,210.570007,210.130005,210.300003,35131
2026-07-20 16:35:00+00:00,210.226700,210.419998,210.121094,210.169998,28682
2026-07-20 16:40:00+00:00,210.169998,210.269897,209.500000,209.910004,66745
2026-07-20 16:45:00+00:00,209.940002,210.330002,209.904999,210.220001,31730
2026-07-20 16:50:00+00:00,210.220001,210.220001,209.737595,209.737595,59862
2026-07-20 16:55:00+00:00,209.764999,209.854996,209.610001,209.710007,47881
2026-07-20 17:00:00+00:00,209.729996,209.789993,209.395004,209.570007,34472
2026-07-20 17:05:00+00:00,209.649902,209.649902,209.210007,209.389999,42557
2026-07-20 17:10:00+00:00,209.449997,209.559998,209.360001,209.559998,32023
2026-07-20 17:15:00+00:00,209.570007,209.669998,209.404999,209.485001,25105
2026-07-20 17:20:00+00:00,209.494995,209.839996,209.494995,209.664993,24197
2026-07-20 17:25:00+00:00,209.664993,209.729996,209.619995,209.664993,24129
2026-07-20 17:30:00+00:00,209.699997,210.710007,209.670105,210.660004,50789
2026-07-20 17:35:00+00:00,210.539993,210.660004,210.240005,210.285004,38526
2026-07-20 17:40:00+00:00,210.285004,210.380005,210.149994,210.220001,45513
2026-07-20 17:45:00+00:00,210.175003,210.300003,210.160004,210.160004,20432
2026-07-20 17:50:00+00:00,210.220001,210.399994,210.135605,210.210007,20360
2026-07-20 17:55:00+00:00,210.240005,210.500000,210.119995,210.440002,27248
2026-07-20 18:00:00+00:00,210.479996,210.750000,210.479996,210.675003,41564
2026-07-20 18:05:00+00:00,210.685303,210.689896,210.449997,210.600006,26987
2026-07-20 18:10:00+00:00,210.550003,210.899994,210.550003,210.800003,32252
2026-07-20 18:15:00+00:00,210.800003,211.071274,210.800003,211.009995,52636
2026-07-20 18:20:00+00:00,211.029999,211.029999,210.760101,210.824997,33090
2026-07-20 18:25:00+00:00,210.824997,211.281998,210.824997,211.024994,46791
2026-07-20 18:30:00+00:00,210.986496,210.986496,210.509995,210.554993,28158
2026-07-20 18:35:00+00:00,210.600006,210.788498,210.464996,210.464996,46103
2026-07-20 18:40:00+00:00,210.455002,210.820007,210.130005,210.240005,60054
2026-07-20 18:45:00+00:00,210.250000,210.539993,210.119995,210.300003,39848
2026-07-20 18:50:00+00:00,210.205002,210.634537,210.149994,210.519302,19512
2026-07-20 18:55:00+00:00,210.500000,210.519699,210.279999,210.305603,28453
2026-07-20 19:00:00+00:00,210.389999,210.389999,210.029999,210.300003,30188
2026-07-20 19:05:00+00:00,210.240005,210.679993,209.850006,210.455002,74433
2026-07-20 19:10:00+00:00,210.470001,210.470001,209.699997,209.720001,31069
2026-07-20 19:15:00+00:00,209.639999,209.759995,209.399994,209.587494,38747
2026-07-20 19:20:00+00:00,209.580002,209.889893,209.539993,209.759995,31457
2026-07-20 19:25:00+00:00,209.759995,209.839996,209.399994,209.710007,47003
2026-07-20 19:30:00+00:00,209.779999,209.845001,209.550003,209.764999,46541
2026-07-20 19:35:00+00:00,209.740005,209.779999,209.625000,209.649994,64448
2026-07-20 19:40:00+00:00,209.619995,209.919998,209.585007,209.899994,72301
2026-07-20 19:45:00+00:00,209.899994,210.119995,209.770004,209.789993,84954
2026-07-20 19:50:00+00:00,209.789993,209.829605,209.179993,209.360001,174885
2026-07-20 19:55:00+00:00,209.339996,209.610001,208.880005,209.520004,361168
2026-07-21 13:30:00+00:00,209.479996,210.083603,207.349503,208.110001,318288
2026-07-21 13:35:00+00:00,207.979996,208.410004,207.750000,208.000000,83340
2026-07-21 13:40:00+00:00,208.035004,208.279907,207.199997,207.490005,91949
2026-07-21 13:45:00+00:00,207.619995,208.750000,207.440002,208.679993,58889
2026-07-21 13:50:00+00:00,208.619995,208.899994,208.029999,208.830002,59118
2026-07-21 13:55:00+00:00,208.679993,209.720001,208.679993,209.639999,95931
2026-07-21 14:00:00+00:00,209.600006,210.470001,209.500000,210.294998,98599
2026-07-21 14:05:00+00:00,210.360001,210.429993,209.875000,209.880005,50199
2026-07-21 14:10:00+00:00,209.968994,210.880005,209.744995,210.470093,90464
2026-07-21 14:15:00+00:00,210.652695,210.889999,210.160004,210.705002,55903
2026-07-21 14:20:00+00:00,210.684998,210.860001,210.345993,210.419998,39224
2026-07-21 14:25:00+00:00,210.419998,210.699997,210.270004,210.475006,30354
2026-07-21 14:30:00+00:00,210.544296,210.570007,210.164993,210.350006,28981
2026-07-21 14:35:00+00:00,210.304993,210.360001,209.500000,209.520004,48995
2026-07-21 14:40:00+00:00,209.649994,209.779999,209.300003,209.429993,33340
2026-07-21 14:45:00+00:00,209.549896,210.104996,209.399994,210.104996,43337
2026-07-21 14:50:00+00:00,210.119995,210.250000,209.955002,209.970001,36489
2026-07-21 14:55:00+00:00,209.929993,210.089996,209.669998,209.759995,19839
2026-07-21 15:00:00+00:00,209.710007,209.789993,209.490005,209.684998,42362
2026-07-21 15:05:00+00:00,209.679993,210.080002,209.660004,210.000000,33259
2026-07-21 15:10:00+00:00,210.044998,210.130005,209.880005,210.039993,43140
2026-07-21 15:15:00+00:00,210.130005,210.550003,210.119995,210.529999,34805
2026-07-21 15:20:00+00:00,210.544998,210.817596,210.199997,210.345001,39147
2026-07-21 15:25:00+00:00,210.395004,210.600006,210.150101,210.279999,38999
2026-07-21 15:30:00+00:00,210.339996,210.345001,209.994995,210.139999,30005
2026-07-21 15:35:00+00:00,210.210007,210.570007,210.039993,210.570007,42092
2026-07-21 15:40:00+00:00,210.570007,210.910004,210.500000,210.899994,37501
2026-07-21 15:45:00+00:00,210.899994,211.699997,210.839996,211.365005,158998
2026-07-21 15:50:00+00:00,211.289993,211.289993,210.779999,210.889999,40125
2026-07-21 15:55:00+00:00,210.880005,211.240005,210.800003,211.100006,34976
2026-07-21 16:00:00+00:00,211.009995,211.104996,210.789993,210.979996,34237
2026-07-21 16:05:00+00:00,210.970001,210.985001,210.529999,210.750000,29860
2026-07-21 16:10:00+00:00,210.779999,210.830002,210.270004,210.270996,35369
2026-07-21 16:15:00+00:00,210.289993,210.735001,210.280106,210.580002,49360
2026-07-21 16:20:00+00:00,210.580002,210.789993,210.119995,210.580002,31554
2026-07-21 16:25:00+00:00,210.587006,210.809906,210.279999,210.500000,48588
2026-07-21 16:30:00+00:00,210.505005,210.619904,210.389999,210.565002,26108
2026-07-21 16:35:00+00:00,210.565094,210.820007,210.485001,210.649994,20219
2026-07-21 16:40:00+00:00,210.699997,210.770004,210.600006,210.649994,15500
2026-07-21 16:45:00+00:00,210.669998,210.815002,210.529999,210.815002,20842
2026-07-21 16:50:00+00:00,210.714996,211.000000,210.649994,210.940002,25032
2026-07-21 16:55:00+00:00,210.895004,210.949997,210.759995,210.869995,18906
2026-07-21 17:00:00+00:00,210.860001,210.964493,210.625000,210.695007,22905
2026-07-21 17:05:00+00:00,210.679993,210.729996,210.309998,210.309998,37356
2026-07-21 17:10:00+00:00,210.229996,210.279999,209.399994,209.470001,52772
2026-07-21 17:15:00+00:00,209.475006,209.529999,208.720001,208.904999,71512
2026-07-21 17:20:00+00:00,208.904999,209.270004,208.690002,209.205002,72942
2026-07-21 17:25:00+00:00,209.205002,209.250000,208.244995,208.910004,477587
2026-07-21 17:30:00+00:00,208.850006,209.100006,208.360001,208.580002,63703
2026-07-21 17:35:00+00:00,208.675003,208.749893,208.259995,208.339996,50170
2026-07-21 17:40:00+00:00,208.300003,208.429993,207.699997,207.865005,128991
2026-07-21 17:45:00+00:00,207.865005,208.139999,207.300003,207.380005,91838
2026-07-21 17:50:00+00:00,207.345001,207.429901,206.789993,206.884995,159988
2026-07-21 17:55:00+00:00,206.899994,207.414993,206.750000,207.139999,74126
2026-07-21 18:00:00+00:00,207.160004,207.300003,206.550003,206.764999,130471
2026-07-21 18:05:00+00:00,206.764999,206.764999,205.600006,206.009995,180670
2026-07-21 18:10:00+00:00,205.854996,205.914993,204.389999,204.600006,246814
2026-07-21 18:15:00+00:00,204.600006,204.720001,203.899994,204.085007,192842
2026-07-21 18:20:00+00:00,204.009995,204.899994,203.910004,204.580002,168357
2026-07-21 18:25:00+00:00,204.580002,205.190002,204.350006,205.020004,126660
2026-07-21 18:30:00+00:00,205.020004,205.179993,204.399994,204.615005,85082
2026-07-21 18:35:00+00:00,204.615005,205.690002,204.429993,205.615005,227731
2026-07-21 18:40:00+00:00,205.595001,205.690002,205.059998,205.600006,187411
2026-07-21 18:45:00+00:00,205.600006,206.000000,205.440002,205.759995,142320
2026-07-21 18:50:00+00:00,205.845001,206.259995,204.899994,205.544998,208750
2026-07-21 18:55:00+00:00,205.589996,205.634995,205.070007,205.255005,136915
2026-07-21 19:00:00+00:00,205.225006,205.369995,205.000000,205.259995,135915
2026-07-21 19:05:00+00:00,205.264999,205.580002,204.839996,204.882507,110982
2026-07-21 19:10:00+00:00,204.820007,205.104996,204.406204,204.975006,224338
2026-07-21 19:15:00+00:00,205.139999,205.490005,204.139999,204.190002,282491
2026-07-21 19:20:00+00:00,204.190002,204.679993,204.050003,204.490005,88732
2026-07-21 19:25:00+00:00,204.759995,205.199997,204.639999,204.994995,561301
2026-07-21 19:30:00+00:00,204.910004,204.990005,204.559998,204.809998,203220
2026-07-21 19:35:00+00:00,204.781006,205.520004,204.770004,205.059998,247134
2026-07-21 19:40:00+00:00,205.125000,205.149994,204.190002,204.494995,221444
2026-07-21 19:45:00+00:00,204.419998,204.850006,204.119995,204.759995,337950
2026-07-21 19:50:00+00:00,204.740005,205.339996,204.699997,204.929993,200079
2026-07-21 19:55:00+00:00,204.919998,205.410004,204.619995,204.789993,592457
2026-07-22 13:30:00+00:00,205.000000,207.000000,205.000000,206.804993,288262
2026-07-22 13:35:00+00:00,206.919998,207.229996,206.110001,206.304993,134579
2026-07-22 13:40:00+00:00,206.308548,207.100006,205.875000,206.842499,75995
2026-07-22 13:45:00+00:00,206.830002,207.529999,206.670197,206.710007,133128
2026-07-22 13:50:00+00:00,206.740005,207.220001,206.550003,207.220001,58004
2026-07-22 13:55:00+00:00,207.220001,207.360001,207.009995,207.134995,56884
2026-07-22 14:00:00+00:00,207.100006,207.289993,206.860001,207.070099,68141
2026-07-22 14:05:00+00:00,207.080002,207.179993,206.199997,206.735001,76898
2026-07-22 14:10:00+00:00,206.735001,206.852493,206.039993,206.259995,58621
2026-07-22 14:15:00+00:00,206.339996,206.580002,206.009995,206.429993,74104
2026-07-22 14:20:00+00:00,206.475006,206.710007,205.919998,206.009995,41929
2026-07-22 14:25:00+00:00,206.130005,206.210007,205.460007,205.669998,80451
2026-07-22 14:30:00+00:00,205.750000,205.899994,205.300003,205.380005,45918
2026-07-22 14:35:00+00:00,205.279999,205.800003,205.190002,205.644608,54365
2026-07-22 14:40:00+00:00,205.679993,205.889999,205.289993,205.360001,52376
2026-07-22 14:45:00+00:00,205.360001,205.699997,204.880005,205.009995,84289
2026-07-22 14:50:00+00:00,205.039993,205.409897,204.949997,205.289993,44533
2026-07-22 14:55:00+00:00,205.279999,205.400208,205.080002,205.100006,36684
2026-07-22 15:00:00+00:00,205.149994,205.770004,204.970001,205.695007,37743
2026-07-22 15:05:00+00:00,205.675003,205.880005,205.339996,205.740005,38252
2026-07-22 15:10:00+00:00,205.679993,205.889999,205.500000,205.500000,124404
2026-07-22 15:15:00+00:00,205.509995,205.800003,205.419998,205.800003,59064
2026-07-22 15:20:00+00:00,205.740005,206.163498,205.740005,206.149994,44550
2026-07-22 15:25:00+00:00,206.149994,206.520004,206.100006,206.300003,56098
2026-07-22 15:30:00+00:00,206.300003,206.589996,206.240005,206.500000,66246
2026-07-22 15:35:00+00:00,206.470001,206.910004,206.470001,206.679993,188807
2026-07-22 15:40:00+00:00,206.679993,206.750000,206.550003,206.649994,46490
2026-07-22 15:45:00+00:00,206.710007,206.850006,206.509995,206.544998,54745
2026-07-22 15:50:00+00:00,206.539993,206.600006,206.320007,206.389999,24433
2026-07-22 15:55:00+00:00,206.404999,206.589996,206.330002,206.589996,29762
2026-07-22 16:00:00+00:00,206.600006,206.679993,206.425003,206.669998,40762
2026-07-22 16:05:00+00:00,206.669998,207.039993,206.669998,206.875000,37007
2026-07-22 16:10:00+00:00,206.860001,207.050003,206.800003,207.020004,39999
2026-07-22 16:15:00+00:00,207.020004,207.100006,206.910004,207.005005,32128
2026-07-22 16:20:00+00:00,207.005005,207.339996,207.005005,207.229996,50108
2026-07-22 16:25:00+00:00,207.270004,207.580002,207.179993,207.559998,51153
2026-07-22 16:30:00+00:00,207.589996,208.005005,207.440002,207.979996,100572
2026-07-22 16:35:00+00:00,207.979996,208.089996,207.779999,208.070007,49615
2026-07-22 16:40:00+00:00,208.039993,208.110001,207.830994,207.979996,37131
2026-07-22 16:45:00+00:00,207.960007,208.039993,207.869995,208.029999,27300
2026-07-22 16:50:00+00:00,208.039993,208.370102,207.970001,208.134995,54882
2026-07-22 16:55:00+00:00,208.080002,208.300003,207.979996,208.300003,25658
2026-07-22 17:00:00+00:00,208.320007,208.669998,208.220001,208.619995,40070
2026-07-22 17:05:00+00:00,208.589996,208.869995,208.550003,208.675003,40912
2026-07-22 17:10:00+00:00,208.675003,208.770004,208.509995,208.750000,28212
2026-07-22 17:15:00+00:00,208.770004,208.770004,208.550095,208.679993,23851
2026-07-22 17:20:00+00:00,208.729996,208.800201,208.570099,208.710007,25616
2026-07-22 17:25:00+00:00,208.639999,208.800003,208.600006,208.779999,15752
2026-07-22 17:30:00+00:00,208.750000,208.979996,208.511002,208.789993,21853
2026-07-22 17:35:00+00:00,208.779999,208.779999,208.539993,208.697296,18466
2026-07-22 17:40:00+00:00,208.720001,208.759995,208.520004,208.690002,21484
2026-07-22 17:45:00+00:00,208.660004,209.059998,208.619995,208.919998,38635
2026-07-22 17:50:00+00:00,208.910004,209.099899,208.720001,208.820007,23997
2026-07-22 17:55:00+00:00,208.824997,208.830002,208.600006,208.610001,19985
2026-07-22 18:00:00+00:00,208.589996,208.669998,208.399994,208.550003,35089
2026-07-22 18:05:00+00:00,208.550003,208.839996,208.490005,208.815002,44068
2026-07-22 18:10:00+00:00,208.794998,208.899994,208.625000,208.630005,27969
2026-07-22 18:15:00+00:00,208.630005,209.250000,208.550003,209.139999,40685
2026-07-22 18:20:00+00:00,209.130005,209.149994,208.710007,208.744995,31296
2026-07-22 18:25:00+00:00,208.744995,209.000000,208.660004,208.899994,273315
2026-07-22 18:30:00+00:00,208.800003,208.845001,208.630096,208.720001,24662
2026-07-22 18:35:00+00:00,208.710007,208.839996,208.679993,208.770004,21790
2026-07-22 18:40:00+00:00,208.800003,208.839996,208.649994,208.684998,17555
2026-07-22 18:45:00+00:00,208.684998,208.759995,208.029999,208.160004,55466
2026-07-22 18:50:00+00:00,208.139999,208.330002,208.059998,208.274994,24326
2026-07-22 18:55:00+00:00,208.229996,208.389999,208.229996,208.289993,14725
2026-07-22 19:00:00+00:00,208.289993,208.350006,207.940002,208.044998,29022
2026-07-22 19:05:00+00:00,208.014999,208.014999,207.649994,207.869995,30469
2026-07-22 19:10:00+00:00,207.820007,207.979996,207.389999,207.845001,501905
2026-07-22 19:15:00+00:00,207.839996,208.240005,207.839996,208.179993,30655
2026-07-22 19:20:00+00:00,208.229996,208.259995,207.940002,208.037506,27815
2026-07-22 19:25:00+00:00,208.005005,208.270004,207.820099,208.259995,42385
2026-07-22 19:30:00+00:00,208.339996,208.619995,208.246994,208.399994,50144
2026-07-22 19:35:00+00:00,208.410004,208.419998,207.160004,207.699997,255678
2026-07-22 19:40:00+00:00,207.710007,207.839996,207.199997,207.639999,124608
2026-07-22 19:45:00+00:00,207.660004,208.324997,207.600006,208.145004,79657
2026-07-22 19:50:00+00:00,208.220001,208.619995,208.050003,208.619995,113983
2026-07-22 19:55:00+00:00,208.550003,209.000000,208.550003,208.669998,307119
2026-07-23 13:30:00+00:00,206.000000,209.800003,205.059998,209.550003,190197
2026-07-23 13:35:00+00:00,209.449997,209.750000,208.669998,209.654999,93686
2026-07-23 13:40:00+00:00,209.639786,210.800003,209.440002,210.500000,105229
2026-07-23 13:45:00+00:00,210.399994,211.250000,210.315002,211.009995,135015
2026-07-23 13:50:00+00:00,211.042496,211.110001,210.100006,210.345001,74087
2026-07-23 13:55:00+00:00,210.315002,210.719498,209.970001,210.195007,72380
2026-07-23 14:00:00+00:00,210.304993,210.919998,210.304993,210.764999,60706
2026-07-23 14:05:00+00:00,210.625000,211.300003,210.000000,210.259995,90584
2026-07-23 14:10:00+00:00,210.229996,210.830002,209.899994,209.914993,98970
2026-07-23 14:15:00+00:00,209.839996,209.860001,208.925003,209.684998,73614
2026-07-23 14:20:00+00:00,209.664993,209.880005,209.429993,209.550003,47340
2026-07-23 14:25:00+00:00,209.554993,209.729904,209.050095,209.240005,36979
2026-07-23 14:30:00+00:00,209.240005,209.240005,208.070007,208.425003,74985
2026-07-23 14:35:00+00:00,208.419998,208.710007,208.029999,208.630005,37992
2026-07-23 14:40:00+00:00,208.645004,208.645004,207.899994,207.955002,46568
2026-07-23 14:45:00+00:00,207.910004,208.669998,207.810104,208.485001,38349
2026-07-23 14:50:00+00:00,208.490005,208.779999,208.080002,208.675003,38695
2026-07-23 14:55:00+00:00,208.720001,209.345001,208.714996,209.085007,37369
2026-07-23 15:00:00+00:00,209.089996,209.549896,208.759995,208.990005,37968
2026-07-23 15:05:00+00:00,208.789993,208.979996,208.279999,208.279999,34890
2026-07-23 15:10:00+00:00,208.169998,208.279999,207.649994,207.904999,52888
2026-07-23 15:15:00+00:00,207.940002,208.059998,207.419998,207.595001,58641
2026-07-23 15:20:00+00:00,207.595001,207.630005,206.899994,207.229996,33848
2026-07-23 15:25:00+00:00,207.229996,207.490005,206.889999,207.270004,39269
2026-07-23 15:30:00+00:00,207.160004,207.369995,207.000000,207.279999,26723
2026-07-23 15:35:00+00:00,207.389999,208.199997,207.389999,208.160004,57827
2026-07-23 15:40:00+00:00,208.149994,208.529907,207.785004,207.850006,76540
2026-07-23 15:45:00+00:00,207.779999,207.925003,207.550003,207.660004,66796
2026-07-23 15:50:00+00:00,207.625000,208.000000,207.559906,207.970001,36973
2026-07-23 15:55:00+00:00,207.970001,208.160004,207.860001,208.145004,35569
2026-07-23 16:00:00+00:00,208.139999,208.169998,207.884995,208.100006,30270
2026-07-23 16:05:00+00:00,208.089996,208.524994,207.910004,208.449997,33813
2026-07-23 16:10:00+00:00,208.449997,208.759995,208.445007,208.660004,39600
2026-07-23 16:15:00+00:00,208.649994,208.879898,208.337494,208.404999,32254
2026-07-23 16:20:00+00:00,208.460007,208.800003,208.460007,208.580002,23996
2026-07-23 16:25:00+00:00,208.539993,208.750000,208.529999,208.625000,26155
2026-07-23 16:30:00+00:00,208.625000,208.850006,208.100006,208.375000,126997
2026-07-23 16:35:00+00:00,208.375000,208.899994,208.244995,208.869995,45755
2026-07-23 16:40:00+00:00,208.925003,209.059006,208.699997,208.789993,30217
2026-07-23 16:45:00+00:00,208.711700,208.869995,208.380005,208.399994,24271
2026-07-23 16:50:00+00:00,208.369995,208.550003,208.210098,208.419998,22832
2026-07-23 16:55:00+00:00,208.490005,208.804993,208.490005,208.779999,11290
2026-07-23 17:00:00+00:00,208.759995,208.895004,208.429993,208.559998,22359
2026-07-23 17:05:00+00:00,208.449997,208.449997,207.100006,207.309998,68365
2026-07-23 17:10:00+00:00,207.330002,207.649994,207.154999,207.220001,118193
2026-07-23 17:15:00+00:00,207.140106,207.434998,207.000000,207.154999,43157
2026-07-23 17:20:00+00:00,207.154999,207.389999,206.699997,207.029999,34252
2026-07-23 17:25:00+00:00,207.100098,207.179993,206.664993,206.824997,24919
2026-07-23 17:30:00+00:00,206.720001,206.789993,206.580002,206.610001,34674
2026-07-23 17:35:00+00:00,206.669998,206.764999,206.300003,206.700699,32509
2026-07-23 17:40:00+00:00,206.630005,206.630005,206.360001,206.490005,16118
2026-07-23 17:45:00+00:00,206.494995,206.710007,206.490005,206.630005,15488
2026-07-23 17:50:00+00:00,206.610001,206.610001,206.369995,206.425003,16644
2026-07-23 17:55:00+00:00,206.350006,206.350006,206.070007,206.289993,33326
2026-07-23 18:00:00+00:00,206.240005,206.570007,206.240005,206.434998,30434
2026-07-23 18:05:00+00:00,206.445007,206.770004,206.384995,206.699997,20337
2026-07-23 18:10:00+00:00,206.669998,206.809998,206.404999,206.442505,24867
2026-07-23 18:15:00+00:00,206.330002,206.615005,206.289993,206.500000,20342
2026-07-23 18:20:00+00:00,206.559998,206.694794,206.460007,206.660004,19161
2026-07-23 18:25:00+00:00,206.699997,206.990005,206.679993,206.949997,21647
2026-07-23 18:30:00+00:00,206.960007,207.259995,206.880005,207.100006,32820
2026-07-23 18:35:00+00:00,207.160004,207.190002,206.970001,207.119995,22853
2026-07-23 18:40:00+00:00,207.024994,207.100006,206.949997,207.100006,15554
2026-07-23 18:45:00+00:00,207.115005,207.389999,207.070007,207.242493,40179
2026-07-23 18:50:00+00:00,207.274994,207.274994,207.070007,207.080002,27354
2026-07-23 18:55:00+00:00,207.050003,207.551498,207.050003,207.320007,46360
2026-07-23 19:00:00+00:00,207.380005,207.639999,207.039993,207.145004,18820
2026-07-23 19:05:00+00:00,207.130005,207.289993,207.050003,207.050003,21740
2026-07-23 19:10:00+00:00,207.000000,207.089996,206.809998,206.949997,29807
2026-07-23 19:15:00+00:00,206.949997,207.054993,206.880005,207.039993,24836
2026-07-23 19:20:00+00:00,207.057495,207.479996,207.039993,207.479996,29892
2026-07-23 19:25:00+00:00,207.570007,207.654999,207.300995,207.330002,38344
2026-07-23 19:30:00+00:00,207.360001,207.845001,207.289993,207.804993,39117
2026-07-23 19:35:00+00:00,207.779999,208.229996,207.770004,208.184998,49585
2026-07-23 19:40:00+00:00,208.130005,208.384995,207.904999,208.259995,52165
2026-07-23 19:45:00+00:00,208.220001,208.220001,207.660004,207.750000,51447
2026-07-23 19:50:00+00:00,207.800003,208.274994,207.699997,208.175995,88316
2026-07-23 19:55:00+00:00,208.190002,209.309998,208.160004,209.250000,256558
2026-07-24 13:30:00+00:00,210.089996,210.929993,208.630005,208.630005,61831
2026-07-24 13:35:00+00:00,208.785004,209.555893,208.429993,208.789993,60968
2026-07-24 13:40:00+00:00,208.764496,209.479996,208.399994,209.199997,49105
2026-07-24 13:45:00+00:00,209.149994,210.160004,209.149994,209.889999,75677
2026-07-24 13:50:00+00:00,209.884995,210.000000,208.880005,209.199997,36163
2026-07-24 13:55:00+00:00,209.250000,209.250000,208.619995,208.904999,26298
2026-07-24 14:00:00+00:00,208.979996,209.544998,208.720001,209.455002,67942
2026-07-24 14:05:00+00:00,209.449997,210.550003,209.330093,210.490005,74163
2026-07-24 14:10:00+00:00,210.550003,210.679993,209.699997,210.095001,102834
2026-07-24 14:15:00+00:00,210.089996,210.309998,209.589996,209.779999,41359
2026-07-24 14:20:00+00:00,209.929993,210.109894,209.630005,209.850006,29018
2026-07-24 14:25:00+00:00,209.710098,210.199997,209.488297,210.199997,29227
2026-07-24 14:30:00+00:00,210.217896,210.429993,208.899994,208.899994,68690
2026-07-24 14:35:00+00:00,208.809998,209.029999,208.750000,208.865005,26904
2026-07-24 14:40:00+00:00,208.865005,209.220001,208.760803,209.059998,28787
2026-07-24 14:45:00+00:00,209.080002,209.320007,208.679993,209.320007,23286
2026-07-24 14:50:00+00:00,209.350006,209.580002,209.169998,209.229996,36492
2026-07-24 14:55:00+00:00,209.235001,209.559998,209.119995,209.550003,24252
2026-07-24 15:00:00+00:00,209.550003,209.660004,209.440002,209.460007,24661
2026-07-24 15:05:00+00:00,209.419998,209.479996,208.779999,208.882706,38145
2026-07-24 15:10:00+00:00,209.000000,210.000000,208.970001,209.919998,24578
2026-07-24 15:15:00+00:00,209.929993,210.699997,209.929993,210.339996,34468
2026-07-24 15:20:00+00:00,210.339996,211.369995,210.339996,211.029999,81909
2026-07-24 15:25:00+00:00,211.020004,211.869995,210.910004,211.500000,32506
2026-07-24 15:30:00+00:00,211.490005,211.710007,211.070007,211.070007,27708
2026-07-24 15:35:00+00:00,211.179993,212.065002,211.179993,212.020004,66231
2026-07-24 15:40:00+00:00,212.005005,212.100006,211.770004,211.910004,51037
2026-07-24 15:45:00+00:00,211.945007,212.289993,211.889999,211.914993,38217
2026-07-24 15:50:00+00:00,211.919998,212.130005,211.570007,211.810104,30168
2026-07-24 15:55:00+00:00,211.850006,211.960007,211.610001,211.750000,28124
2026-07-24 16:00:00+00:00,211.759995,211.970001,211.619995,211.919998,24942
2026-07-24 16:05:00+00:00,211.914993,212.130005,211.850006,211.850006,105911
2026-07-24 16:10:00+00:00,211.860001,212.360001,211.860001,212.070007,34074
2026-07-24 16:15:00+00:00,212.070007,212.235001,211.990005,212.110001,21267
2026-07-24 16:20:00+00:00,212.104996,212.490005,212.021698,212.222504,28251
2026-07-24 16:25:00+00:00,212.169998,212.470001,212.100006,212.239502,20379
2026-07-24 16:30:00+00:00,212.240005,212.285004,211.869995,212.000000,43061
2026-07-24 16:35:00+00:00,212.029999,212.059998,211.699997,211.789993,18434
2026-07-24 16:40:00+00:00,211.774994,211.774994,211.389999,211.460007,22140
2026-07-24 16:45:00+00:00,211.455002,211.565002,210.970001,211.070007,21870
2026-07-24 16:50:00+00:00,210.990005,211.050003,210.720001,210.809998,25933
2026-07-24 16:55:00+00:00,210.845001,211.250000,210.729996,211.179993,19809
2026-07-24 17:00:00+00:00,211.070007,211.169998,210.960007,211.110001,15252
2026-07-24 17:05:00+00:00,211.199997,211.237000,210.640793,210.695007,22689
2026-07-24 17:10:00+00:00,210.630005,211.070007,210.630005,210.899994,23522
2026-07-24 17:15:00+00:00,210.914993,211.285004,210.830002,211.222000,15436
2026-07-24 17:20:00+00:00,211.285004,211.309998,210.940002,211.054504,27188
2026-07-24 17:25:00+00:00,211.009995,211.259995,211.009995,211.229996,12548
2026-07-24 17:30:00+00:00,211.255005,211.539993,211.089996,211.309998,27414
2026-07-24 17:35:00+00:00,211.429993,211.580002,211.340103,211.475006,21454
2026-07-24 17:40:00+00:00,211.419998,211.550003,211.240005,211.304993,14092
2026-07-24 17:45:00+00:00,211.369995,211.380005,211.134995,211.250000,15416
2026-07-24 17:50:00+00:00,211.244995,211.410004,211.139999,211.154999,15454
2026-07-24 17:55:00+00:00,211.190002,211.360001,211.139999,211.214996,17836
2026-07-24 18:00:00+00:00,211.149994,211.309998,211.130005,211.220001,21287
2026-07-24 18:05:00+00:00,211.270004,211.679993,211.199997,211.645004,30465
2026-07-24 18:10:00+00:00,211.645004,211.770004,211.419998,211.419998,19453
2026-07-24 18:15:00+00:00,211.419998,211.649994,211.399994,211.410004,28550
2026-07-24 18:20:00+00:00,211.380005,211.479996,211.300003,211.339996,39120
2026-07-24 18:25:00+00:00,211.309998,211.309998,210.729996,210.779999,27336
2026-07-24 18:30:00+00:00,210.774994,210.880005,210.434998,210.539993,26981
2026-07-24 18:35:00+00:00,210.500000,210.589996,210.289993,210.339996,30175
2026-07-24 18:40:00+00:00,210.264999,210.574997,210.160004,210.544998,46453
2026-07-24 18:45:00+00:00,210.520004,210.788193,210.500000,210.580002,26949
2026-07-24 18:50:00+00:00,210.544998,210.705002,210.410004,210.479996,26854
2026-07-24 18:55:00+00:00,210.470001,210.750000,210.360001,210.619995,30368
2026-07-24 19:00:00+00:00,210.660004,211.044998,210.539993,211.044998,68792
2026-07-24 19:05:00+00:00,211.020004,211.229996,210.850006,210.889999,27688
2026-07-24 19:10:00+00:00,210.850006,211.149994,210.835007,210.839996,31357
2026-07-24 19:15:00+00:00,210.850006,210.860001,210.470001,210.604996,30327
2026-07-24 19:20:00+00:00,210.619995,210.740005,210.502396,210.559998,28698
2026-07-24 19:25:00+00:00,210.529999,210.669998,210.339996,210.339996,48102
2026-07-24 19:30:00+00:00,210.376755,210.445007,210.186996,210.307205,66603
2026-07-24 19:35:00+00:00,210.270004,210.710007,210.220001,210.220001,36360
2026-07-24 19:40:00+00:00,210.320007,210.399994,210.160004,210.350006,41555
2026-07-24 19:45:00+00:00,210.389999,210.470001,209.899994,210.059998,67721
2026-07-24 19:50:00+00:00,210.119995,210.119995,209.309998,209.360001,136358
2026-07-24 19:55:00+00:00,209.369995,209.720001,209.270004,209.610001,268073
2026-07-27 13:30:00+00:00,212.539993,214.220001,212.425003,213.029999,238397
2026-07-27 13:35:00+00:00,213.119995,214.550003,212.949997,214.475006,155087
2026-07-27 13:40:00+00:00,214.449997,215.220001,213.869995,214.404999,180906
2026-07-27 13:45:00+00:00,214.559998,214.619995,213.740005,214.449997,60196
2026-07-27 13:50:00+00:00,214.395004,214.850006,213.630005,213.744995,46211
2026-07-27 13:55:00+00:00,213.740005,213.830002,213.050003,213.089996,54771
2026-07-27 14:00:00+00:00,213.130005,214.070007,212.750000,213.520004,101178
2026-07-27 14:05:00+00:00,213.520004,214.500000,213.480606,214.294998,74732
2026-07-27 14:10:00+00:00,214.300003,214.583298,214.063904,214.520004,72807
2026-07-27 14:15:00+00:00,214.565002,214.580002,214.089996,214.365005,61734
2026-07-27 14:20:00+00:00,214.365005,214.365005,213.699997,213.949997,45004
2026-07-27 14:25:00+00:00,213.929993,214.419998,213.752899,213.929993,39105
2026-07-27 14:30:00+00:00,213.809998,214.029999,213.520096,213.994995,51153
2026-07-27 14:35:00+00:00,214.039795,214.059998,213.600098,214.059998,64913
2026-07-27 14:40:00+00:00,214.039993,214.130005,213.440002,213.520004,109188
2026-07-27 14:45:00+00:00,213.574997,214.195007,213.574997,214.089996,52329
2026-07-27 14:50:00+00:00,214.080002,214.240005,213.820099,214.152206,54046
2026-07-27 14:55:00+00:00,214.134995,214.289993,213.910004,214.289993,54833
2026-07-27 15:00:00+00:00,214.195007,214.222504,213.595001,213.729996,64293
2026-07-27 15:05:00+00:00,213.660004,214.009995,213.500000,213.565002,71511
2026-07-27 15:10:00+00:00,213.565002,213.789993,213.380005,213.440002,101596
2026-07-27 15:15:00+00:00,213.445007,213.725006,212.520004,213.059998,57449
2026-07-27 15:20:00+00:00,213.020004,213.299896,212.529999,212.589996,33230
2026-07-27 15:25:00+00:00,212.529999,212.619003,211.669998,212.320007,70713
2026-07-27 15:30:00+00:00,212.490005,213.149994,212.199997,212.547195,69567
2026-07-27 15:35:00+00:00,212.380005,212.679993,211.669998,211.940002,46492
2026-07-27 15:40:00+00:00,211.899994,212.470001,211.839996,212.309998,48273
2026-07-27 15:45:00+00:00,212.315002,212.380005,211.610001,211.619995,49551
2026-07-27 15:50:00+00:00,211.625000,211.910004,211.500000,211.550003,46695
2026-07-27 15:55:00+00:00,211.639999,211.979996,211.389999,211.979996,48512
2026-07-27 16:00:00+00:00,211.919998,211.929993,211.410004,211.705002,32534
2026-07-27 16:05:00+00:00,211.750000,211.899994,211.389999,211.755005,44614
2026-07-27 16:10:00+00:00,211.759995,211.919998,211.470001,211.470001,59500
2026-07-27 16:15:00+00:00,211.485001,211.660004,211.150101,211.410004,50673
2026-07-27 16:20:00+00:00,211.414993,211.570007,211.259995,211.414993,31053
2026-07-27 16:25:00+00:00,211.470001,212.395493,211.470001,212.255005,83305
2026-07-27 16:30:00+00:00,212.259995,212.610001,212.210007,212.600006,53957
2026-07-27 16:35:00+00:00,212.750000,212.889999,212.570099,212.660004,18182
2026-07-27 16:40:00+00:00,212.660004,212.990005,212.660004,212.889999,55006
2026-07-27 16:45:00+00:00,212.970001,213.729996,212.539993,212.683304,99186
2026-07-27 16:50:00+00:00,212.630005,212.699997,212.030106,212.214996,36866
2026-07-27 16:55:00+00:00,212.229996,212.300003,211.854996,212.210007,30014
2026-07-27 17:00:00+00:00,212.119995,212.210007,211.669998,211.925003,95767
2026-07-27 17:05:00+00:00,211.919998,212.309998,211.910004,212.309998,19875
2026-07-27 17:10:00+00:00,212.229996,212.570007,212.044998,212.360001,26193
2026-07-27 17:15:00+00:00,212.330002,212.500000,212.149994,212.500000,18970
2026-07-27 17:20:00+00:00,212.360001,212.669998,212.270004,212.350098,30300
2026-07-27 17:25:00+00:00,212.455002,212.570007,212.350006,212.375000,34140
2026-07-27 17:30:00+00:00,212.419998,212.664993,212.289993,212.580002,35881
2026-07-27 17:35:00+00:00,212.524994,212.580002,212.330002,212.350006,27115
2026-07-27 17:40:00+00:00,212.358505,212.360001,212.070007,212.229004,25807
2026-07-27 17:45:00+00:00,212.190002,212.419998,212.149994,212.285004,18776
2026-07-27 17:50:00+00:00,212.360001,212.570007,212.320007,212.470001,26894
2026-07-27 17:55:00+00:00,212.470001,212.729996,212.399994,212.580002,53876
2026-07-27 18:00:00+00:00,212.556900,212.690002,212.260101,212.360001,42544
2026-07-27 18:05:00+00:00,212.380005,212.559006,212.020004,212.100006,24984
2026-07-27 18:10:00+00:00,212.095001,212.345001,212.039993,212.309998,183262
2026-07-27 18:15:00+00:00,212.330002,212.384995,211.850006,211.905060,21849
2026-07-27 18:20:00+00:00,211.850006,211.979996,211.509995,211.619995,52181
2026-07-27 18:25:00+00:00,211.619995,212.309998,211.619995,212.294998,43242
2026-07-27 18:30:00+00:00,212.324997,212.324997,211.279999,211.585007,92516
2026-07-27 18:35:00+00:00,211.500000,211.699997,211.419998,211.490005,53259
2026-07-27 18:40:00+00:00,211.490005,211.850006,211.450104,211.679993,56630
2026-07-27 18:45:00+00:00,211.684998,212.029999,211.684998,211.699997,58741
2026-07-27 18:50:00+00:00,211.699997,212.389999,211.660004,212.339996,43781
2026-07-27 18:55:00+00:00,212.380005,212.919998,212.380005,212.919998,35116
2026-07-27 19:00:00+00:00,212.860001,212.914993,212.535004,212.649994,43072
2026-07-27 19:05:00+00:00,212.520004,213.468994,212.509995,213.414993,33889
2026-07-27 19:10:00+00:00,213.414993,213.509995,213.059998,213.184998,63149
2026-07-27 19:15:00+00:00,213.259995,213.479996,213.131195,213.333496,44187
2026-07-27 19:20:00+00:00,213.380005,213.460007,212.360001,212.429993,72738
2026-07-27 19:25:00+00:00,212.404999,212.524704,212.320007,212.380005,51992
2026-07-27 19:30:00+00:00,212.419998,213.419998,212.380005,213.259995,134666
2026-07-27 19:35:00+00:00,213.250000,213.453705,212.565002,212.565002,105223
2026-07-27 19:40:00+00:00,212.570007,213.074997,212.410004,212.580002,115364
2026-07-27 19:45:00+00:00,212.639694,213.089996,212.440002,212.929993,198931
2026-07-27 19:50:00+00:00,212.985001,213.580002,212.750000,213.020004,241704
2026-07-27 19:55:00+00:00,213.000000,213.020004,211.419998,211.494995,676151
2026-07-28 13:30:00+00:00,214.000000,216.589996,209.350006,214.390106,866905
2026-07-28 13:35:00+00:00,214.774994,218.349899,213.649994,215.171005,312420
2026-07-28 13:40:00+00:00,215.253937,217.240005,214.500000,217.089996,105612
2026-07-28 13:45:00+00:00,217.059998,219.550003,216.699997,219.279999,425847
2026-07-28 13:50:00+00:00,219.559998,220.089996,217.759995,217.919998,234723
2026-07-28 13:55:00+00:00,217.910004,218.809906,216.889999,218.725006,110196
2026-07-28 14:00:00+00:00,218.899994,220.499893,218.119995,220.399994,295976
2026-07-28 14:05:00+00:00,220.050003,220.545700,219.110001,219.630707,177063
2026-07-28 14:10:00+00:00,219.479996,220.279999,219.089996,219.389999,166222
2026-07-28 14:15:00+00:00,219.360001,220.149002,219.304993,219.651199,109894
2026-07-28 14:20:00+00:00,219.619995,221.399994,219.210007,221.399994,191999
2026-07-28 14:25:00+00:00,221.259995,221.740005,220.889999,221.339996,290479
2026-07-28 14:30:00+00:00,221.190002,221.949997,221.070007,221.500000,203352
2026-07-28 14:35:00+00:00,221.300003,222.220001,219.110001,219.875000,283957
2026-07-28 14:40:00+00:00,219.959793,220.089996,217.509995,217.914993,202751
2026-07-28 14:45:00+00:00,217.802002,219.910004,217.440002,219.102493,177567
2026-07-28 14:50:00+00:00,218.960007,219.899994,217.759995,218.389999,166838
2026-07-28 14:55:00+00:00,218.550003,218.550003,215.020599,215.990005,143824
2026-07-28 15:00:00+00:00,216.000000,217.889999,215.619995,215.960007,106089
2026-07-28 15:05:00+00:00,215.610001,216.839401,215.059998,215.679993,131809
2026-07-28 15:10:00+00:00,215.729996,216.229904,214.990005,216.229904,161004
2026-07-28 15:15:00+00:00,216.020004,216.600006,215.639999,216.199997,100385
2026-07-28 15:20:00+00:00,216.330002,217.399994,215.567001,217.380005,112732
2026-07-28 15:25:00+00:00,217.389999,218.479996,217.000000,217.675003,125254
2026-07-28 15:30:00+00:00,217.699997,219.904999,216.983505,219.880005,123422
2026-07-28 15:35:00+00:00,219.979996,221.380005,219.880005,220.789993,185248
2026-07-28 15:40:00+00:00,220.940002,220.940002,219.509995,219.880096,83364
2026-07-28 15:45:00+00:00,219.880005,220.089996,219.339996,219.820007,60890
2026-07-28 15:50:00+00:00,219.824997,221.105103,219.729996,221.009995,53909
2026-07-28 15:55:00+00:00,220.870300,221.199997,220.811005,221.110001,50442
2026-07-28 16:00:00+00:00,221.115005,221.345001,220.869995,221.243607,104211
2026-07-28 16:05:00+00:00,221.214996,222.179993,221.149994,221.899994,119407
2026-07-28 16:10:00+00:00,221.979996,222.300003,221.449997,221.559998,80404
2026-07-28 16:15:00+00:00,221.496597,221.649994,220.699997,221.110001,84876
2026-07-28 16:20:00+00:00,221.119995,221.580002,220.985199,221.471207,94625
2026-07-28 16:25:00+00:00,221.434998,223.289993,221.434998,222.925003,252763
2026-07-28 16:30:00+00:00,223.019684,223.110001,222.360001,222.725006,104160
2026-07-28 16:35:00+00:00,222.720001,222.990005,222.210007,222.270096,70472
2026-07-28 16:40:00+00:00,222.270096,222.585007,221.990005,221.990005,57478
2026-07-28 16:45:00+00:00,221.919998,222.113602,221.520004,221.929993,49102
2026-07-28 16:50:00+00:00,221.824997,222.215698,221.559998,221.850098,52029
2026-07-28 16:55:00+00:00,222.059998,222.179398,221.720093,221.809998,29228
2026-07-28 17:00:00+00:00,221.809998,222.149902,221.770004,222.115005,42763
2026-07-28 17:05:00+00:00,222.149994,222.380005,221.979996,222.274994,42765
2026-07-28 17:10:00+00:00,222.274994,222.720001,222.110001,222.649994,67651
2026-07-28 17:15:00+00:00,222.649994,222.910004,222.139999,222.434998,51565
2026-07-28 17:20:00+00:00,222.320099,223.319901,222.259995,223.020004,93069
2026-07-28 17:25:00+00:00,223.000000,223.220001,222.509995,222.639999,74976
2026-07-28 17:30:00+00:00,222.699997,223.350006,222.440002,223.350006,72161
2026-07-28 17:35:00+00:00,223.399994,223.770004,222.759995,222.899994,84060
2026-07-28 17:40:00+00:00,222.899994,223.154007,222.089996,222.240005,56604
2026-07-28 17:45:00+00:00,222.279999,222.369995,221.510101,221.729996,96268
2026-07-28 17:50:00+00:00,221.744995,221.779907,221.410004,221.610001,40785
2026-07-28 17:55:00+00:00,221.619995,221.907196,221.529999,221.695007,28798
2026-07-28 18:00:00+00:00,221.695007,222.000000,221.279999,221.520004,48279
2026-07-28 18:05:00+00:00,221.574997,221.884995,221.445007,221.884995,34335
2026-07-28 18:10:00+00:00,221.809998,222.029999,220.820007,221.005005,67373
2026-07-28 18:15:00+00:00,220.970001,221.789902,220.970001,221.490005,47128
2026-07-28 18:20:00+00:00,221.565094,221.595001,221.160004,221.380005,40824
2026-07-28 18:25:00+00:00,221.229996,221.240005,220.445007,220.589996,42752
2026-07-28 18:30:00+00:00,220.600006,220.960007,220.380005,220.960007,37189
2026-07-28 18:35:00+00:00,220.880005,221.284500,220.619995,221.259995,50757
2026-07-28 18:40:00+00:00,221.240097,221.500000,221.104996,221.339996,41024
2026-07-28 18:45:00+00:00,221.529999,221.955002,221.485001,221.815002,75780
2026-07-28 18:50:00+00:00,221.774994,222.589996,221.610001,222.214996,60110
2026-07-28 18:55:00+00:00,222.220001,222.622498,222.149994,222.179993,61210
2026-07-28 19:00:00+00:00,222.199997,222.404999,221.889999,222.369995,62479
2026-07-28 19:05:00+00:00,222.389999,222.970001,222.229996,222.389999,65630
2026-07-28 19:10:00+00:00,222.399994,222.619995,221.860001,221.899994,68666
2026-07-28 19:15:00+00:00,221.889999,222.139999,221.589996,221.835007,61798
2026-07-28 19:20:00+00:00,221.839996,222.699997,221.779999,222.449005,80004
2026-07-28 19:25:00+00:00,222.440002,222.600006,222.300003,222.445007,80401
2026-07-28 19:30:00+00:00,222.500000,222.740005,221.979996,222.210007,91214
2026-07-28 19:35:00+00:00,222.229996,222.434998,222.020004,222.289993,73593
2026-07-28 19:40:00+00:00,222.339996,222.750000,222.199997,222.264999,132338
2026-07-28 19:45:00+00:00,222.229996,222.289993,221.500000,222.139999,120393
2026-07-28 19:50:00+00:00,221.990005,222.884995,221.919998,222.884995,255093
2026-07-28 19:55:00+00:00,222.850006,222.949997,221.410004,221.690002,386065
2026-07-29 13:30:00+00:00,218.500000,219.789993,214.756104,215.649994,472857
2026-07-29 13:35:00+00:00,215.729996,217.410004,214.300003,217.222504,173460
2026-07-29 13:40:00+00:00,217.253769,217.820007,216.464996,217.104996,129245
2026-07-29 13:45:00+00:00,217.100006,217.910004,216.089996,216.479996,186429
2026-07-29 13:50:00+00:00,216.479996,216.595001,213.750000,214.274994,210463
2026-07-29 13:55:00+00:00,214.274994,214.300003,212.350006,213.645004,184203
2026-07-29 14:00:00+00:00,213.645004,213.919998,212.910004,213.000000,173530
2026-07-29 14:05:00+00:00,212.899994,212.979996,212.100006,212.625000,143397
2026-07-29 14:10:00+00:00,212.669998,213.629700,212.229996,213.399994,217046
2026-07-29 14:15:00+00:00,213.559998,214.244995,213.270096,213.831619,117944
2026-07-29 14:20:00+00:00,213.850006,214.440002,212.259995,212.860001,162018
2026-07-29 14:25:00+00:00,212.770004,212.850006,211.970001,212.315002,96919
2026-07-29 14:30:00+00:00,212.262497,212.460007,211.910004,212.059998,80636
2026-07-29 14:35:00+00:00,212.089996,212.149902,211.139999,211.220001,168393
2026-07-29 14:40:00+00:00,211.210007,211.389999,210.710007,211.190002,127164
2026-07-29 14:45:00+00:00,211.134995,211.399994,210.899994,211.219894,60936
2026-07-29 14:50:00+00:00,211.220001,211.660004,210.925003,211.550003,99537
2026-07-29 14:55:00+00:00,211.479996,211.610001,211.020004,211.425003,61666
2026-07-29 15:00:00+00:00,211.490005,212.259995,211.186707,212.000000,66319
2026-07-29 15:05:00+00:00,212.000000,212.179993,211.850006,212.050003,72794
2026-07-29 15:10:00+00:00,211.900101,212.169998,211.464996,211.494995,42890
2026-07-29 15:15:00+00:00,211.494995,211.979996,211.199997,211.369995,42648
2026-07-29 15:20:00+00:00,211.250000,211.330002,211.085007,211.169998,46825
2026-07-29 15:25:00+00:00,211.110001,211.399994,210.841003,210.927505,72678
2026-07-29 15:30:00+00:00,210.914993,211.190704,210.800003,210.800003,50442
2026-07-29 15:35:00+00:00,210.815002,211.179901,210.720001,210.945007,49747
2026-07-29 15:40:00+00:00,210.985001,211.389999,210.919998,211.289993,51501
2026-07-29 15:45:00+00:00,211.259995,211.399994,211.160004,211.300003,30274
2026-07-29 15:50:00+00:00,211.300003,211.426407,211.029999,211.182495,48621
2026-07-29 15:55:00+00:00,211.070007,211.658096,211.000000,211.585007,63147
2026-07-29 16:00:00+00:00,211.589996,211.679993,211.289993,211.389999,29969
2026-07-29 16:05:00+00:00,211.309998,211.309998,211.000000,211.029999,48801
2026-07-29 16:10:00+00:00,211.070007,211.220001,210.649994,210.744995,196391
2026-07-29 16:15:00+00:00,210.630005,211.119995,210.539993,210.850006,53415
2026-07-29 16:20:00+00:00,210.850006,211.489899,210.850006,211.220001,41989
2026-07-29 16:25:00+00:00,211.220001,211.350006,211.080002,211.139999,32970
2026-07-29 16:30:00+00:00,211.160004,212.195007,211.160004,211.960007,71106
2026-07-29 16:35:00+00:00,211.994995,212.080002,211.779999,211.820099,37036
2026-07-29 16:40:00+00:00,211.925003,212.623001,211.740005,212.623001,70261
2026-07-29 16:45:00+00:00,212.589996,213.179993,212.479996,213.039993,98794
2026-07-29 16:50:00+00:00,213.039993,213.350006,212.940002,213.065002,58014
2026-07-29 16:55:00+00:00,212.920105,213.459900,212.920105,213.335007,35615
2026-07-29 17:00:00+00:00,213.360001,214.220001,213.259995,213.639999,58012
2026-07-29 17:05:00+00:00,213.639999,214.000000,213.380005,213.380005,247064
2026-07-29 17:10:00+00:00,213.399994,214.105103,213.160004,213.828506,39650
2026-07-29 17:15:00+00:00,213.759995,214.360001,213.660004,214.360001,43721
2026-07-29 17:20:00+00:00,214.354996,214.899994,214.310104,214.550003,43104
2026-07-29 17:25:00+00:00,214.470993,214.979996,214.470993,214.869995,45635
2026-07-29 17:30:00+00:00,214.860001,215.839996,214.850006,215.580002,107607
2026-07-29 17:35:00+00:00,215.580002,215.740005,215.320007,215.669907,51018
2026-07-29 17:40:00+00:00,215.470093,215.669907,215.285004,215.500000,39528
2026-07-29 17:45:00+00:00,215.500000,215.500000,215.050003,215.330002,26895
2026-07-29 17:50:00+00:00,215.210007,215.649994,215.149994,215.350006,34894
2026-07-29 17:55:00+00:00,215.350006,215.550003,215.000000,215.020004,47902
2026-07-29 18:00:00+00:00,215.320007,217.000000,215.309998,216.381454,97702
2026-07-29 18:05:00+00:00,216.479996,216.550003,215.919998,216.395004,68618
2026-07-29 18:10:00+00:00,216.399994,216.410004,215.449997,215.615005,65855
2026-07-29 18:15:00+00:00,215.729996,216.110001,215.420105,215.520004,43373
2026-07-29 18:20:00+00:00,215.410004,216.350006,215.229996,216.339996,47115
2026-07-29 18:25:00+00:00,216.350006,216.360001,215.732498,215.812500,26653
2026-07-29 18:30:00+00:00,215.794998,215.960007,214.389999,215.074997,94199
2026-07-29 18:35:00+00:00,215.160004,216.000000,214.770004,215.970001,46542
2026-07-29 18:40:00+00:00,215.925003,216.270004,215.809998,216.130005,51275
2026-07-29 18:45:00+00:00,216.070007,217.279999,216.070007,217.220001,65071
2026-07-29 18:50:00+00:00,217.220093,217.800003,217.009995,217.720001,83869
2026-07-29 18:55:00+00:00,217.720001,217.860001,217.190002,217.285004,63980
2026-07-29 19:00:00+00:00,217.339996,217.879898,217.110001,217.279999,61041
2026-07-29 19:05:00+00:00,217.270004,217.559998,216.929993,217.210007,65487
2026-07-29 19:10:00+00:00,217.119995,217.369995,216.820007,216.979996,60564
2026-07-29 19:15:00+00:00,217.000000,217.320007,216.300003,216.322205,50418
2026-07-29 19:20:00+00:00,216.410095,216.419998,215.800003,215.945007,89675
2026-07-29 19:25:00+00:00,215.979996,216.225006,215.210007,216.160004,100159
2026-07-29 19:30:00+00:00,216.240005,216.300003,215.250000,215.759995,77728
2026-07-29 19:35:00+00:00,215.735001,215.830002,214.809998,214.860001,101879
2026-07-29 19:40:00+00:00,214.860001,214.919998,214.255005,214.445007,101200
2026-07-29 19:45:00+00:00,214.445007,214.479996,213.639999,213.660004,123165
2026-07-29 19:50:00+00:00,213.690002,214.009995,213.244995,213.990005,168931
2026-07-29 19:55:00+00:00,213.919998,214.639999,213.710007,214.119995,459734
2026-07-30 13:30:00+00:00,214.940002,215.500000,213.179993,215.149994,218773
2026-07-30 13:35:00+00:00,215.199997,215.479996,213.100006,213.125000,73366
2026-07-30 13:40:00+00:00,213.050003,215.270004,213.000000,215.259903,63072
2026-07-30 13:45:00+00:00,215.154999,217.250000,215.154999,216.901199,93385
2026-07-30 13:50:00+00:00,217.203293,218.600006,216.923798,218.600006,128523
2026-07-30 13:55:00+00:00,218.679993,219.089996,218.389999,218.674896,75443
2026-07-30 14:00:00+00:00,218.639999,219.789993,218.509995,218.854996,92777
2026-07-30 14:05:00+00:00,218.889999,219.800003,218.434402,218.589996,86597
2026-07-30 14:10:00+00:00,218.589996,219.830002,218.500000,219.604996,91502
2026-07-30 14:15:00+00:00,219.509995,219.949997,219.320007,219.695007,80310
2026-07-30 14:20:00+00:00,219.770004,220.270004,219.634995,219.919998,130075
2026-07-30 14:25:00+00:00,219.869995,220.639999,219.679993,220.229996,97870
2026-07-30 14:30:00+00:00,220.229904,220.229904,219.009995,219.169998,51380
2026-07-30 14:35:00+00:00,219.199997,219.369995,218.259995,219.205002,80337
2026-07-30 14:40:00+00:00,219.205002,219.500000,218.785004,218.960007,32098
2026-07-30 14:45:00+00:00,218.830002,219.199997,218.580093,219.074997,25752
2026-07-30 14:50:00+00:00,218.988998,219.199997,218.384995,218.384995,39461
2026-07-30 14:55:00+00:00,218.320007,218.750000,217.759995,218.399994,30337
2026-07-30 15:00:00+00:00,218.324997,218.679993,218.050003,218.279999,36104
2026-07-30 15:05:00+00:00,218.410004,218.610001,217.990005,218.610001,34450
2026-07-30 15:10:00+00:00,218.615005,218.769104,218.190002,218.274994,58480
2026-07-30 15:15:00+00:00,218.199997,218.430893,217.919998,218.380005,40976
2026-07-30 15:20:00+00:00,218.300003,218.460098,217.548004,217.779999,42235
2026-07-30 15:25:00+00:00,217.860001,218.279999,217.770004,217.949997,20509
2026-07-30 15:30:00+00:00,217.839996,217.940002,217.080002,217.649994,29180
2026-07-30 15:35:00+00:00,217.729996,218.009995,217.399994,217.779999,26183
2026-07-30 15:40:00+00:00,217.725006,218.350006,217.695007,218.184799,14831
2026-07-30 15:45:00+00:00,218.255005,218.899994,218.180099,218.699997,30602
2026-07-30 15:50:00+00:00,218.889999,219.005005,218.509995,218.800293,45095
2026-07-30 15:55:00+00:00,218.779999,219.339996,218.699997,218.968307,42185
2026-07-30 16:00:00+00:00,219.035095,219.399994,218.970001,219.274994,18267
2026-07-30 16:05:00+00:00,219.274994,219.350006,218.750000,219.315002,92853
2026-07-30 16:10:00+00:00,219.369995,219.399994,218.970001,219.229996,18564
2026-07-30 16:15:00+00:00,219.309998,219.649994,219.274994,219.300003,43676
2026-07-30 16:20:00+00:00,219.440002,219.869904,219.235001,219.750000,22592
2026-07-30 16:25:00+00:00,219.720001,220.199997,219.710007,220.089996,61627
2026-07-30 16:30:00+00:00,220.169998,220.785004,220.039993,220.399994,51812
2026-07-30 16:35:00+00:00,220.320007,220.660004,219.770004,220.089996,34172
2026-07-30 16:40:00+00:00,220.074997,220.190002,219.770004,220.000000,22022
2026-07-30 16:45:00+00:00,220.100006,220.589996,220.050003,220.529999,24537
2026-07-30 16:50:00+00:00,220.430099,220.589996,220.009995,220.500000,39284
2026-07-30 16:55:00+00:00,220.500000,220.600006,220.080002,220.145004,16420
2026-07-30 17:00:00+00:00,220.149994,220.460007,220.059998,220.119995,89059
2026-07-30 17:05:00+00:00,220.100006,220.149994,219.889999,220.130005,42048
2026-07-30 17:10:00+00:00,220.134995,220.139999,219.600006,219.729996,21513
2026-07-30 17:15:00+00:00,219.789993,220.149994,219.789993,220.100006,21344
2026-07-30 17:20:00+00:00,220.065002,220.639999,219.990005,220.589996,28187
2026-07-30 17:25:00+00:00,220.632797,220.649994,220.059998,220.199997,24002
2026-07-30 17:30:00+00:00,220.225006,220.304993,219.960007,220.144806,19185
2026-07-30 17:35:00+00:00,220.130005,220.490005,220.130005,220.320007,19988
2026-07-30 17:40:00+00:00,220.419998,220.619995,220.389999,220.445007,22867
2026-07-30 17:45:00+00:00,220.419998,220.602493,220.119995,220.130005,22590
2026-07-30 17:50:00+00:00,220.119995,220.149994,219.880096,219.970001,19919
2026-07-30 17:55:00+00:00,219.880005,219.899994,219.389999,219.389999,18355
2026-07-30 18:00:00+00:00,219.470001,219.630005,219.292496,219.301498,18162
2026-07-30 18:05:00+00:00,219.335007,219.664993,219.309998,219.580002,19809
2026-07-30 18:10:00+00:00,219.524994,219.589996,219.330002,219.440002,15035
2026-07-30 18:15:00+00:00,219.470001,219.550003,219.320007,219.520004,18363
2026-07-30 18:20:00+00:00,219.539993,219.845001,219.509995,219.702805,19062
2026-07-30 18:25:00+00:00,219.750000,219.955002,219.750000,219.892807,30623
2026-07-30 18:30:00+00:00,219.910004,220.039993,219.690002,219.774994,25963
2026-07-30 18:35:00+00:00,219.774994,219.929993,219.570007,219.660004,53404
2026-07-30 18:40:00+00:00,219.669998,219.750000,219.532700,219.705002,32742
2026-07-30 18:45:00+00:00,219.705002,219.970001,219.699997,219.904999,30501
2026-07-30 18:50:00+00:00,219.904999,220.009995,219.770004,220.000000,27737
2026-07-30 18:55:00+00:00,220.000000,220.199997,219.949997,220.149994,37608
2026-07-30 19:00:00+00:00,220.139999,220.850006,220.089996,220.789993,69194
2026-07-30 19:05:00+00:00,220.789993,221.089996,220.690002,220.820007,64194
2026-07-30 19:10:00+00:00,220.779999,221.282501,220.744995,221.229996,39111
2026-07-30 19:15:00+00:00,221.229996,221.293198,220.955002,221.082504,46762
2026-07-30 19:20:00+00:00,221.050003,221.250000,220.960098,221.149979,39967
2026-07-30 19:25:00+00:00,221.119995,221.220001,220.830002,221.001297,39224
2026-07-30 19:30:00+00:00,220.990005,221.059998,220.664993,220.975006,57247
2026-07-30 19:35:00+00:00,221.000107,221.360001,220.929993,221.360001,53385
2026-07-30 19:40:00+00:00,221.320007,221.350006,221.029999,221.160004,51154
2026-07-30 19:45:00+00:00,221.160004,221.380005,221.020004,221.080002,79852
2026-07-30 19:50:00+00:00,221.160004,221.550003,221.061005,221.365005,104638
2026-07-30 19:55:00+00:00,221.360001,221.639999,220.889999,220.949997,409861
2026-07-31 13:30:00+00:00,221.160004,221.500000,219.339996,220.804993,172310
2026-07-31 13:35:00+00:00,220.690002,220.929993,217.130005,217.149994,154081
2026-07-31 13:40:00+00:00,217.187027,217.380005,216.304993,216.699997,146472
2026-07-31 13:45:00+00:00,216.770004,216.970001,215.699997,216.360001,128066
2026-07-31 13:50:00+00:00,216.300003,216.460007,215.600006,215.600006,82896
2026-07-31 13:55:00+00:00,215.585007,216.490005,215.585007,216.039902,74885
2026-07-31 14:00:00+00:00,216.039993,216.139999,215.149994,215.259995,94057
2026-07-31 14:05:00+00:00,215.255005,215.445007,214.300003,214.494995,134615
2026-07-31 14:10:00+00:00,214.494995,214.619995,213.880005,214.112503,141622
2026-07-31 14:15:00+00:00,214.059998,214.210007,212.600006,212.789993,215112
2026-07-31 14:20:00+00:00,212.789993,213.759995,212.664993,213.445007,145679
2026-07-31 14:25:00+00:00,213.570007,214.410004,213.449997,213.664993,124094
2026-07-31 14:30:00+00:00,213.744995,214.039993,213.220001,213.220001,95272
2026-07-31 14:35:00+00:00,213.139999,213.289993,212.380005,212.925003,208575
2026-07-31 14:40:00+00:00,212.889999,213.000000,211.800003,211.975006,216740
2026-07-31 14:45:00+00:00,211.975006,212.439896,211.419998,212.160004,145233
2026-07-31 14:50:00+00:00,212.080002,212.779999,212.070007,212.360001,134450
2026-07-31 14:55:00+00:00,212.395004,212.460007,211.820007,212.259995,98023
2026-07-31 15:00:00+00:00,212.259995,212.485001,211.300003,211.986404,122035
2026-07-31 15:05:00+00:00,211.899994,212.500000,211.580002,211.710007,163675
2026-07-31 15:10:00+00:00,211.710007,211.929993,211.520004,211.859894,60266
2026-07-31 15:15:00+00:00,211.779999,212.229996,211.520004,211.985001,60258
2026-07-31 15:20:00+00:00,211.940002,212.630005,211.750000,212.244995,94244
2026-07-31 15:25:00+00:00,212.240005,212.449997,211.990005,212.220001,86991
2026-07-31 15:30:00+00:00,212.240005,212.589996,212.029999,212.589996,48488
2026-07-31 15:35:00+00:00,212.574997,213.249496,212.559998,213.070007,83195
2026-07-31 15:40:00+00:00,213.000000,213.679993,212.869995,213.514999,76894
2026-07-31 15:45:00+00:00,213.514999,213.699997,213.000000,213.210007,91398
2026-07-31 15:50:00+00:00,213.264999,214.600006,213.240005,214.070007,103258
2026-07-31 15:55:00+00:00,214.070007,214.639999,214.070007,214.362503,51354
2026-07-31 16:00:00+00:00,214.380005,214.999496,214.380005,214.919998,49608
2026-07-31 16:05:00+00:00,214.910004,215.000000,214.119995,214.119995,102651
2026-07-31 16:10:00+00:00,214.229996,214.520004,214.130005,214.389999,24197
2026-07-31 16:15:00+00:00,214.429993,214.429993,214.119995,214.419998,41102
2026-07-31 16:20:00+00:00,214.380005,214.949997,214.369995,214.860001,34885
2026-07-31 16:25:00+00:00,214.820007,215.250000,214.389999,215.149994,64231
2026-07-31 16:30:00+00:00,215.134995,215.399994,214.949997,215.160004,53858
2026-07-31 16:35:00+00:00,215.205002,215.300003,214.800003,214.830002,42784
2026-07-31 16:40:00+00:00,214.854996,215.190002,214.811295,214.811295,27338
2026-07-31 16:45:00+00:00,214.904999,215.199997,214.899994,215.169998,27728
2026-07-31 16:50:00+00:00,215.199997,215.429993,215.115005,215.369995,38871
2026-07-31 16:55:00+00:00,215.380005,215.410004,214.610107,214.725006,24703
2026-07-31 17:00:00+00:00,214.660004,214.809998,214.509995,214.699997,27914
2026-07-31 17:05:00+00:00,214.619995,215.009995,214.619995,214.949997,28586
2026-07-31 17:10:00+00:00,214.964996,215.330002,214.880005,215.199997,38239
2026-07-31 17:15:00+00:00,215.199997,215.395004,215.009995,215.070007,35642
2026-07-31 17:20:00+00:00,215.130005,215.389999,214.830002,215.389999,98784
2026-07-31 17:25:00+00:00,215.399994,215.740005,215.399994,215.479996,196042
2026-07-31 17:30:00+00:00,215.535004,215.535004,215.289993,215.289993,30473
2026-07-31 17:35:00+00:00,215.250000,215.300003,215.009995,215.014999,25733
2026-07-31 17:40:00+00:00,215.059906,215.059998,214.860001,214.975006,26306
2026-07-31 17:45:00+00:00,214.975006,215.080002,214.434998,214.550003,27296
2026-07-31 17:50:00+00:00,214.550003,214.889999,214.509995,214.750000,19709
2026-07-31 17:55:00+00:00,214.789993,214.979996,214.750000,214.919998,22972
2026-07-31 18:00:00+00:00,214.869995,215.279999,214.869995,215.039993,23461
2026-07-31 18:05:00+00:00,215.065002,215.300003,214.880005,215.300003,18732
2026-07-31 18:10:00+00:00,215.264999,215.649994,215.264999,215.475006,80549
2026-07-31 18:15:00+00:00,215.475006,215.880005,215.190002,215.735001,54607
2026-07-31 18:20:00+00:00,215.740005,216.250000,215.699997,216.229996,60147
2026-07-31 18:25:00+00:00,216.232498,216.339996,216.130005,216.330002,36792
2026-07-31 18:30:00+00:00,216.330002,216.419998,216.229996,216.360001,39597
2026-07-31 18:35:00+00:00,216.365005,216.389999,215.800003,215.979996,37931
2026-07-31 18:40:00+00:00,216.005005,216.212997,215.970001,216.009995,36191
2026-07-31 18:45:00+00:00,215.990005,216.229996,215.979996,216.229996,21751
2026-07-31 18:50:00+00:00,216.214996,216.320007,216.050003,216.220001,40675
2026-07-31 18:55:00+00:00,216.190002,216.369995,216.009995,216.339996,28678
2026-07-31 19:00:00+00:00,216.369995,216.470001,215.979996,216.054993,26996
2026-07-31 19:05:00+00:00,216.100006,216.639999,216.089996,216.595001,82777
2026-07-31 19:10:00+00:00,216.595001,216.639999,216.389999,216.559998,43312
2026-07-31 19:15:00+00:00,216.554993,216.899994,216.330002,216.770004,134079
2026-07-31 19:20:00+00:00,216.714996,217.190002,216.714996,217.050003,69124
2026-07-31 19:25:00+00:00,217.047501,217.119995,216.789993,216.789993,44208
2026-07-31 19:30:00+00:00,216.750000,216.813004,216.294998,216.300003,71524
2026-07-31 19:35:00+00:00,216.259995,216.619995,216.139999,216.619995,71883
2026-07-31 19:40:00+00:00,216.580002,216.740005,216.399994,216.630005,92737
2026-07-31 19:45:00+00:00,216.574997,216.630005,216.259995,216.350006,130700
2026-07-31 19:50:00+00:00,216.309998,216.539993,215.800003,216.529999,154358
2026-07-31 19:55:00+00:00,216.550003,216.889999,216.080002,216.190002,382950
2026-08-03 13:30:00+00:00,221.000000,225.860001,219.210007,223.660004,660522
2026-08-03 13:35:00+00:00,223.559998,224.570007,223.261002,224.199997,229377
2026-08-03 13:40:00+00:00,224.059998,224.354996,223.309998,224.259995,202656
2026-08-03 13:45:00+00:00,224.354996,224.869995,224.020004,224.399994,191295
2026-08-03 13:50:00+00:00,224.399994,225.940002,224.300095,225.369995,237883
2026-08-03 13:55:00+00:00,225.330002,226.720001,225.285004,226.610001,355881
2026-08-03 14:00:00+00:00,226.529999,227.179993,225.110001,225.630005,217454
2026-08-03 14:05:00+00:00,225.714996,226.839996,225.419998,226.770004,141957
2026-08-03 14:10:00+00:00,226.770004,227.600006,226.490005,227.600006,210707
2026-08-03 14:15:00+00:00,227.619995,227.839996,227.065002,227.210098,119878
2026-08-03 14:20:00+00:00,227.350006,227.779999,226.699997,227.630005,120648
2026-08-03 14:25:00+00:00,227.654999,228.110001,227.485001,228.054993,140559
2026-08-03 14:30:00+00:00,228.059998,228.089996,227.429993,227.604996,99613
2026-08-03 14:35:00+00:00,227.600006,227.940002,227.369995,227.869995,100121
2026-08-03 14:40:00+00:00,227.839996,228.220001,227.809998,227.970001,111804
2026-08-03 14:45:00+00:00,228.100494,228.100494,227.580002,227.809998,89499
2026-08-03 14:50:00+00:00,227.802505,228.119995,227.589996,227.875000,214175
2026-08-03 14:55:00+00:00,227.869995,227.949997,227.229996,227.330002,82108
2026-08-03 15:00:00+00:00,227.304993,227.360001,226.300003,226.562393,63084
2026-08-03 15:05:00+00:00,226.520996,226.589996,226.000000,226.100006,69872
2026-08-03 15:10:00+00:00,226.100006,226.380005,226.009995,226.315002,59252
2026-08-03 15:15:00+00:00,226.250000,226.850006,226.229996,226.610001,86296
2026-08-03 15:20:00+00:00,226.675003,226.740005,226.460007,226.639999,49771
2026-08-03 15:25:00+00:00,226.604996,227.229996,226.240005,226.554993,241817
2026-08-03 15:30:00+00:00,226.570007,226.929993,226.339996,226.419998,63255
2026-08-03 15:35:00+00:00,226.380005,226.990005,226.250000,226.720001,56254
2026-08-03 15:40:00+00:00,226.820007,227.070007,226.610001,226.809998,178510
2026-08-03 15:45:00+00:00,226.779999,227.220001,226.669998,227.070007,186156
2026-08-03 15:50:00+00:00,226.979996,227.130005,226.839996,226.940002,33021
2026-08-03 15:55:00+00:00,226.940002,226.960007,226.559998,226.654999,37004
2026-08-03 16:00:00+00:00,226.589996,226.919998,226.559998,226.649994,50292
2026-08-03 16:05:00+00:00,226.639999,226.759995,226.360001,226.440002,40324
2026-08-03 16:10:00+00:00,226.380005,226.419998,225.880005,226.190002,68713
2026-08-03 16:15:00+00:00,226.199997,226.789993,226.074997,226.600098,39381
2026-08-03 16:20:00+00:00,226.600006,226.820007,226.590103,226.679993,25480
2026-08-03 16:25:00+00:00,226.729996,226.960007,226.729996,226.929993,32411
2026-08-03 16:30:00+00:00,226.919998,228.050003,226.919998,227.830002,193305
2026-08-03 16:35:00+00:00,227.854996,228.610001,227.714996,227.960007,225657
2026-08-03 16:40:00+00:00,228.000000,228.679901,228.000000,228.145004,117327
2026-08-03 16:45:00+00:00,228.145004,228.820007,228.029999,228.120193,79226
2026-08-03 16:50:00+00:00,228.119995,228.380005,227.539993,227.684998,64379
2026-08-03 16:55:00+00:00,227.690002,228.227005,227.684998,228.130005,51435
2026-08-03 17:00:00+00:00,228.104996,228.339996,227.940002,228.139999,60681
2026-08-03 17:05:00+00:00,228.119995,228.949997,228.100006,228.860001,61386
2026-08-03 17:10:00+00:00,228.869995,229.570007,228.720001,229.500107,99616
2026-08-03 17:15:00+00:00,229.589996,229.639999,228.850006,229.210007,174652
2026-08-03 17:20:00+00:00,229.210007,229.585007,228.720001,229.089996,93454
2026-08-03 17:25:00+00:00,229.160004,229.470001,229.038101,229.395004,61497
2026-08-03 17:30:00+00:00,229.389999,230.259995,229.360001,230.024994,201334
2026-08-03 17:35:00+00:00,229.940002,231.080002,229.940002,231.000000,129502
2026-08-03 17:40:00+00:00,230.929993,230.929993,230.369995,230.750000,132985
2026-08-03 17:45:00+00:00,230.710007,231.217499,230.649994,230.770004,120413
2026-08-03 17:50:00+00:00,230.710007,230.789993,230.350006,230.645004,53336
2026-08-03 17:55:00+00:00,230.720001,231.169998,230.625000,230.850006,73322
2026-08-03 18:00:00+00:00,230.949997,230.970001,230.520004,230.619995,69675
2026-08-03 18:05:00+00:00,230.660004,231.360199,230.660004,231.229996,69944
2026-08-03 18:10:00+00:00,231.229996,231.330002,230.789993,231.009995,71656
2026-08-03 18:15:00+00:00,231.000000,231.520004,230.979996,231.309998,60911
2026-08-03 18:20:00+00:00,231.240005,231.539993,231.126099,231.505005,45074
2026-08-03 18:25:00+00:00,231.529999,231.690002,231.240005,231.684998,57464
2026-08-03 18:30:00+00:00,231.710007,231.860001,231.460007,231.590103,81129
2026-08-03 18:35:00+00:00,231.692505,232.470001,231.690002,232.429993,106532
2026-08-03 18:40:00+00:00,232.380005,232.669998,232.350006,232.500000,89357
2026-08-03 18:45:00+00:00,232.505005,232.899994,232.341095,232.679993,72250
2026-08-03 18:50:00+00:00,232.750000,232.800003,232.350006,232.400101,87228
2026-08-03 18:55:00+00:00,232.399994,232.479996,231.899994,231.910004,80877
2026-08-03 19:00:00+00:00,231.940002,232.369995,231.863403,232.255005,251021
2026-08-03 19:05:00+00:00,232.339996,232.500000,232.059998,232.490005,72782
2026-08-03 19:10:00+00:00,232.380005,233.059998,232.369995,232.904999,110341
2026-08-03 19:15:00+00:00,232.904999,232.994995,232.210007,232.220001,112996
2026-08-03 19:20:00+00:00,232.199997,232.750000,232.190002,232.660004,95943
2026-08-03 19:25:00+00:00,232.654999,232.779999,232.470001,232.529999,108759
2026-08-03 19:30:00+00:00,232.570007,233.559998,232.570007,233.434998,116717
2026-08-03 19:35:00+00:00,233.399994,233.479996,233.270004,233.434998,97654
2026-08-03 19:40:00+00:00,233.419998,233.570007,233.290100,233.442001,142265
2026-08-03 19:45:00+00:00,233.380005,233.740005,233.339996,233.740005,147138
2026-08-03 19:50:00+00:00,233.750000,233.929993,233.270004,233.899994,282112
2026-08-03 19:55:00+00:00,233.940002,234.088593,233.210007,233.460007,687316
2026-08-04 13:30:00+00:00,236.759995,237.960007,235.789993,237.190002,419787
2026-08-04 13:35:00+00:00,237.410004,237.500000,235.199997,235.485001,208447
2026-08-04 13:40:00+00:00,235.555252,235.555252,233.479996,234.119995,159815
2026-08-04 13:45:00+00:00,234.115005,234.130005,232.880005,233.500000,113293
2026-08-04 13:50:00+00:00,233.498993,233.699997,232.929993,233.350006,92454
2026-08-04 13:55:00+00:00,233.490005,233.889999,233.139999,233.259995,124523
2026-08-04 14:00:00+00:00,233.294998,235.179993,233.160004,234.895004,153767
2026-08-04 14:05:00+00:00,234.910004,235.520004,234.821793,235.199905,74970
2026-08-04 14:10:00+00:00,235.264999,235.399994,234.910004,235.039993,52083
2026-08-04 14:15:00+00:00,235.130005,235.490005,234.750000,234.779999,71964
2026-08-04 14:20:00+00:00,234.809998,235.199997,234.320007,234.610001,72462
2026-08-04 14:25:00+00:00,234.785095,234.884995,234.440002,234.580002,40289
2026-08-04 14:30:00+00:00,234.610001,235.880005,234.610001,235.669998,104636
2026-08-04 14:35:00+00:00,235.735001,236.804993,235.649994,236.714996,119833
2026-08-04 14:40:00+00:00,236.667603,236.880005,236.289993,236.764999,64669
2026-08-04 14:45:00+00:00,236.649994,237.119995,236.440002,237.119995,126985
2026-08-04 14:50:00+00:00,237.119507,237.119507,236.630005,236.755005,56569
2026-08-04 14:55:00+00:00,236.755005,237.100006,236.750305,236.830002,78879
2026-08-04 15:00:00+00:00,236.830093,237.264999,236.289993,236.380005,82004
2026-08-04 15:05:00+00:00,236.309998,236.680206,235.789993,235.794998,67342
2026-08-04 15:10:00+00:00,235.835007,235.839996,234.740005,234.910004,85680
2026-08-04 15:15:00+00:00,234.845001,235.145004,234.710007,235.070007,46201
2026-08-04 15:20:00+00:00,235.000000,235.479996,234.905396,235.419998,59242
2026-08-04 15:25:00+00:00,235.440002,235.720001,235.380005,235.490005,39233
2026-08-04 15:30:00+00:00,235.472504,235.639999,235.294998,235.432693,44198
2026-08-04 15:35:00+00:00,235.404999,236.580002,235.370102,236.289993,95622
2026-08-04 15:40:00+00:00,236.399994,236.479996,236.080002,236.235001,51072
2026-08-04 15:45:00+00:00,236.235001,236.460007,236.100006,236.389999,47964
2026-08-04 15:50:00+00:00,236.330002,236.529999,236.235001,236.449997,39499
2026-08-04 15:55:00+00:00,236.445007,236.679993,236.309998,236.350006,50608
2026-08-04 16:00:00+00:00,236.360001,236.789993,236.281799,236.735001,39175
2026-08-04 16:05:00+00:00,236.744995,236.809998,236.391800,236.479996,36810
2026-08-04 16:10:00+00:00,236.440002,236.804993,236.440002,236.610001,29746
2026-08-04 16:15:00+00:00,236.610001,236.750000,236.320007,236.399994,43133
2026-08-04 16:20:00+00:00,236.401596,237.024994,236.395004,237.009995,80947
2026-08-04 16:25:00+00:00,236.979996,237.250000,236.949997,237.009995,45790
2026-08-04 16:30:00+00:00,237.059998,237.279999,236.960007,237.244995,42805
2026-08-04 16:35:00+00:00,237.244995,237.645004,237.139999,237.149994,77930
2026-08-04 16:40:00+00:00,237.160004,237.380005,236.960007,237.250000,107428
2026-08-04 16:45:00+00:00,237.274994,237.729996,237.196793,237.312500,83729
2026-08-04 16:50:00+00:00,237.320007,237.380005,237.119995,237.259995,62068
2026-08-04 16:55:00+00:00,237.289993,237.429993,237.110001,237.340103,63469
2026-08-04 17:00:00+00:00,237.389999,237.429993,236.839996,237.342499,57864
2026-08-04 17:05:00+00:00,237.289993,237.649994,236.992294,237.440002,43784
2026-08-04 17:10:00+00:00,237.479996,237.699997,237.399994,237.639999,41852
2026-08-04 17:15:00+00:00,237.639999,237.820007,237.410095,237.707397,53319
2026-08-04 17:20:00+00:00,237.690094,237.770004,237.285004,237.339996,54772
2026-08-04 17:25:00+00:00,237.375000,237.600006,237.229996,237.270004,49794
2026-08-04 17:30:00+00:00,237.279999,237.445007,237.070007,237.427094,37892
2026-08-04 17:35:00+00:00,237.449997,237.649994,237.370102,237.509995,45378
2026-08-04 17:40:00+00:00,237.520004,237.750000,237.514999,237.705002,48199
2026-08-04 17:45:00+00:00,237.725006,238.169998,237.710007,238.035004,120239
2026-08-04 17:50:00+00:00,238.000107,238.059998,237.050003,237.240005,89717
2026-08-04 17:55:00+00:00,237.244995,237.639999,237.119995,237.119995,51100
2026-08-04 18:00:00+00:00,237.119995,237.294998,236.160004,236.320007,145160
2026-08-04 18:05:00+00:00,236.330002,236.770004,236.255005,236.559998,115339
2026-08-04 18:10:00+00:00,236.565002,236.809998,236.509995,236.809998,67304
2026-08-04 18:15:00+00:00,236.820007,237.000000,236.630005,236.669998,35177
2026-08-04 18:20:00+00:00,236.630005,236.899994,236.610001,236.610001,35487
2026-08-04 18:25:00+00:00,236.619995,236.740005,236.539993,236.619995,37999
2026-08-04 18:30:00+00:00,236.619995,236.839996,236.490005,236.520004,34829
2026-08-04 18:35:00+00:00,236.550003,236.940002,236.509995,236.809998,40582
2026-08-04 18:40:00+00:00,236.800095,236.854599,236.494995,236.615005,40769
2026-08-04 18:45:00+00:00,236.615005,237.019897,236.615005,236.934998,37010
2026-08-04 18:50:00+00:00,236.990005,237.039993,236.770004,236.800003,74670
2026-08-04 18:55:00+00:00,236.800003,237.250000,236.770004,236.839996,248219
2026-08-04 19:00:00+00:00,236.845001,237.208298,236.845001,237.149994,58058
2026-08-04 19:05:00+00:00,237.149994,237.270004,236.990005,237.000000,37899
2026-08-04 19:10:00+00:00,237.000000,237.050003,236.640106,236.839996,39173
2026-08-04 19:15:00+00:00,236.804993,237.080002,236.770004,237.029999,40364
2026-08-04 19:20:00+00:00,237.029999,237.080002,236.731003,236.820007,76027
2026-08-04 19:25:00+00:00,236.809998,236.899994,236.470001,236.669998,71757
2026-08-04 19:30:00+00:00,236.710007,237.029999,236.600006,236.960007,74059
2026-08-04 19:35:00+00:00,236.960007,237.000000,236.779999,236.779999,69142
2026-08-04 19:40:00+00:00,236.759995,236.940002,236.649994,236.710007,104027
2026-08-04 19:45:00+00:00,236.699997,236.929993,236.565002,236.820007,105210
2026-08-04 19:50:00+00:00,236.850006,236.979996,236.550003,236.779999,123657
2026-08-04 19:55:00+00:00,236.809998,237.300003,236.600006,237.149994,508854
2026-08-05 13:30:00+00:00,237.949997,238.669998,236.750000,237.607498,192132
2026-08-05 13:35:00+00:00,237.645004,238.750000,237.279999,238.544998,96614
2026-08-05 13:40:00+00:00,238.514389,238.750000,238.070007,238.449997,73189
2026-08-05 13:45:00+00:00,238.455002,238.619995,237.670105,238.199997,67043
2026-08-05 13:50:00+00:00,238.244995,238.750000,237.660004,238.729996,67953
2026-08-05 13:55:00+00:00,238.729996,239.100006,238.484695,238.645004,120636
2026-08-05 14:00:00+00:00,238.570007,238.580002,237.880005,237.949997,75782
2026-08-05 14:05:00+00:00,238.169907,239.029999,237.970001,238.809998,133157
2026-08-05 14:10:00+00:00,238.860001,238.929993,238.059998,238.570007,82437
2026-08-05 14:15:00+00:00,238.660004,238.664993,238.009995,238.110001,75350
2026-08-05 14:20:00+00:00,238.119995,238.134995,237.309998,237.919998,43749
2026-08-05 14:25:00+00:00,237.919998,238.229996,237.500000,237.639999,56074
2026-08-05 14:30:00+00:00,237.615005,237.869995,237.380005,237.464996,48154
2026-08-05 14:35:00+00:00,237.494995,237.714996,237.309998,237.425003,74575
2026-08-05 14:40:00+00:00,237.389999,237.774994,237.149994,237.410004,47709
2026-08-05 14:45:00+00:00,237.410095,237.910004,237.332703,237.514999,47627
2026-08-05 14:50:00+00:00,237.470001,237.639999,236.618301,237.119995,53500
2026-08-05 14:55:00+00:00,237.070007,237.369995,236.919998,237.259995,32442
2026-08-05 15:00:00+00:00,237.399994,238.880005,237.240005,238.559998,87157
2026-08-05 15:05:00+00:00,238.559998,238.559998,237.910004,238.100006,40519
2026-08-05 15:10:00+00:00,238.100006,238.164993,237.604996,237.649994,33152
2026-08-05 15:15:00+00:00,237.649994,237.750000,237.000000,237.750000,52832
2026-08-05 15:20:00+00:00,237.750000,238.080002,237.699997,237.919998,33470
2026-08-05 15:25:00+00:00,237.884995,237.949997,237.699997,237.770996,33194
2026-08-05 15:30:00+00:00,237.919998,238.580002,237.919998,238.039993,42512
2026-08-05 15:35:00+00:00,238.044998,238.240005,237.867294,238.184998,33323
2026-08-05 15:40:00+00:00,238.139999,238.330002,237.940002,238.199997,31538
2026-08-05 15:45:00+00:00,238.139999,238.300003,237.985001,238.184998,26615
2026-08-05 15:50:00+00:00,238.184998,238.259995,237.990005,238.044998,31655
2026-08-05 15:55:00+00:00,238.050003,238.509995,237.990005,238.075195,72227
2026-08-05 16:00:00+00:00,237.990005,238.505997,237.960007,238.470001,57215
2026-08-05 16:05:00+00:00,238.464996,238.559998,238.294998,238.309998,41560
2026-08-05 16:10:00+00:00,238.320007,238.529999,238.179993,238.339996,53259
2026-08-05 16:15:00+00:00,238.395004,238.679794,238.350006,238.429993,40820
2026-08-05 16:20:00+00:00,238.434998,238.860001,238.410004,238.410004,66254
2026-08-05 16:25:00+00:00,238.419998,238.899994,238.369995,238.794998,47752
2026-08-05 16:30:00+00:00,238.789993,238.820007,238.339996,238.434998,39520
2026-08-05 16:35:00+00:00,238.470001,238.660004,238.214996,238.511002,44549
2026-08-05 16:40:00+00:00,238.580002,239.330002,238.550003,239.255005,121267
2026-08-05 16:45:00+00:00,239.279999,239.369995,239.108994,239.199997,69903
2026-08-05 16:50:00+00:00,239.149994,239.539993,239.130005,239.369995,69096
2026-08-05 16:55:00+00:00,239.429993,239.429993,239.240005,239.270004,27603
2026-08-05 17:00:00+00:00,239.294998,239.350006,238.985001,239.060104,35429
2026-08-05 17:05:00+00:00,239.119995,239.479996,239.119995,239.382401,38415
2026-08-05 17:10:00+00:00,239.380005,239.520004,239.330002,239.485001,43984
2026-08-05 17:15:00+00:00,239.500000,239.679993,239.470001,239.630005,40756
2026-08-05 17:20:00+00:00,239.589996,239.699997,239.250000,239.559998,39830
2026-08-05 17:25:00+00:00,239.550003,239.824997,239.500000,239.550003,35348
2026-08-05 17:30:00+00:00,239.500000,239.869995,239.479996,239.600006,30092
2026-08-05 17:35:00+00:00,239.607407,239.869995,239.607407,239.824997,48632
2026-08-05 17:40:00+00:00,239.869995,240.179993,239.839996,239.869995,242811
2026-08-05 17:45:00+00:00,239.899994,240.399994,239.800003,240.220001,54681
2026-08-05 17:50:00+00:00,240.250000,240.369995,240.120193,240.179993,43524
2026-08-05 17:55:00+00:00,240.164993,240.300003,240.000000,240.169998,45911
2026-08-05 18:00:00+00:00,240.220001,240.350006,240.149994,240.350006,41290
2026-08-05 18:05:00+00:00,240.330002,240.520004,240.190002,240.240005,45416
2026-08-05 18:10:00+00:00,240.270004,240.309998,239.830002,239.919998,29912
2026-08-05 18:15:00+00:00,239.860001,239.945007,239.671295,239.671295,31902
2026-08-05 18:20:00+00:00,239.660004,239.720001,239.433105,239.630005,36550
2026-08-05 18:25:00+00:00,239.639999,239.699997,239.509995,239.509995,27722
2026-08-05 18:30:00+00:00,239.479996,239.520004,239.199997,239.250000,30448
2026-08-05 18:35:00+00:00,239.220001,239.289993,239.110001,239.235001,26110
2026-08-05 18:40:00+00:00,239.270004,240.065002,239.179993,240.035004,220029
2026-08-05 18:45:00+00:00,240.035004,240.179993,240.000000,240.039993,42318
2026-08-05 18:50:00+00:00,240.039993,240.179993,239.850006,240.059998,48769
2026-08-05 18:55:00+00:00,240.100006,240.139999,239.880005,240.009995,59179
2026-08-05 19:00:00+00:00,240.035004,240.399994,239.975006,240.399994,47498
2026-08-05 19:05:00+00:00,240.419998,240.449997,240.279999,240.419998,42769
2026-08-05 19:10:00+00:00,240.410095,240.539993,240.294998,240.539093,48929
2026-08-05 19:15:00+00:00,240.520004,240.669998,240.330002,240.410004,62053
2026-08-05 19:20:00+00:00,240.395004,240.580002,240.279999,240.440002,47888
2026-08-05 19:25:00+00:00,240.479996,240.880005,240.429993,240.880005,84067
2026-08-05 19:30:00+00:00,240.850006,241.089493,240.610001,240.789993,223392
2026-08-05 19:35:00+00:00,240.854996,241.039993,240.450104,240.960007,88272
2026-08-05 19:40:00+00:00,240.919998,241.000000,240.759995,240.919998,72017
2026-08-05 19:45:00+00:00,240.869995,240.979996,240.240005,240.384995,104126
2026-08-05 19:50:00+00:00,240.395004,240.630005,240.100006,240.179993,217448
2026-08-05 19:55:00+00:00,240.179993,240.449997,239.789993,240.190002,731892
2026-08-06 13:30:00+00:00,240.000000,240.169998,237.880005,239.315002,176540
2026-08-06 13:35:00+00:00,239.139999,239.880005,238.900101,239.289993,66299
2026-08-06 13:40:00+00:00,239.266769,239.789993,238.960007,239.485001,51020
2026-08-06 13:45:00+00:00,239.750000,240.369995,239.330002,239.710007,67361
2026-08-06 13:50:00+00:00,239.824997,239.824997,237.910004,238.000000,77578
2026-08-06 13:55:00+00:00,237.889999,239.119995,237.880005,238.845001,97219
2026-08-06 14:00:00+00:00,238.854996,239.720001,238.770004,239.524994,112005
2026-08-06 14:05:00+00:00,239.431000,239.610001,239.240005,239.399994,39302
2026-08-06 14:10:00+00:00,239.360001,239.550003,238.850006,238.850006,49312
2026-08-06 14:15:00+00:00,238.839996,239.005005,238.399994,238.794998,85502
2026-08-06 14:20:00+00:00,238.770004,238.869995,238.080002,238.134995,42600
2026-08-06 14:25:00+00:00,238.190002,238.350006,237.339996,237.509995,64791
2026-08-06 14:30:00+00:00,237.470001,237.970001,237.399994,237.712997,72069
2026-08-06 14:35:00+00:00,237.600006,237.600006,237.059998,237.259995,47533
2026-08-06 14:40:00+00:00,237.210007,237.589996,236.970001,236.970001,52738
2026-08-06 14:45:00+00:00,236.970001,237.139999,236.509995,236.660004,73940
2026-08-06 14:50:00+00:00,236.669998,237.189407,236.559998,236.748093,57509
2026-08-06 14:55:00+00:00,236.679993,236.729996,236.279999,236.570007,86263
2026-08-06 15:00:00+00:00,236.577499,236.860001,234.639999,234.860001,181822
2026-08-06 15:05:00+00:00,234.929993,235.350006,232.839996,232.929993,255840
2026-08-06 15:10:00+00:00,232.899994,233.710007,232.419998,232.910004,164412
2026-08-06 15:15:00+00:00,232.914993,234.110001,232.830002,233.350006,111286
2026-08-06 15:20:00+00:00,233.240005,233.653503,232.729996,233.214996,132639
2026-08-06 15:25:00+00:00,233.229996,234.889999,233.150101,234.574997,144886
2026-08-06 15:30:00+00:00,234.595001,235.000000,234.300003,234.574997,82778
2026-08-06 15:35:00+00:00,234.509995,235.210007,234.380005,234.830002,63042
2026-08-06 15:40:00+00:00,234.750000,234.939896,234.539993,234.539993,50281
2026-08-06 15:45:00+00:00,234.520004,235.107101,234.370102,234.940002,45177
2026-08-06 15:50:00+00:00,234.809998,235.009995,233.820007,234.089996,45931
2026-08-06 15:55:00+00:00,234.128998,234.505005,234.104996,234.365005,34528
2026-08-06 16:00:00+00:00,234.470001,234.539902,233.979996,234.225006,55374
2026-08-06 16:05:00+00:00,234.320007,234.919998,234.139999,234.919998,43132
2026-08-06 16:10:00+00:00,234.815002,234.815002,234.369995,234.494995,29783
2026-08-06 16:15:00+00:00,234.494995,234.556000,234.039993,234.550003,59367
2026-08-06 16:20:00+00:00,234.524994,234.634995,234.160004,234.345001,52767
2026-08-06 16:25:00+00:00,234.345001,234.524994,234.229996,234.335007,34674
2026-08-06 16:30:00+00:00,234.369995,234.940002,233.699997,234.000000,115129
2026-08-06 16:35:00+00:00,233.950104,234.500000,233.649902,234.000000,102228
2026-08-06 16:40:00+00:00,234.009995,234.115005,233.059998,233.199997,85064
2026-08-06 16:45:00+00:00,233.110001,233.250000,232.850006,233.000000,87844
2026-08-06 16:50:00+00:00,232.990005,233.229904,232.649994,232.774994,97186
2026-08-06 16:55:00+00:00,232.774994,233.375000,232.669998,233.259995,83455
2026-08-06 17:00:00+00:00,233.339996,233.499893,233.020004,233.130005,38599
2026-08-06 17:05:00+00:00,233.119995,233.375000,232.839996,232.919998,50079
2026-08-06 17:10:00+00:00,232.919998,232.979996,232.600006,232.729996,47064
2026-08-06 17:15:00+00:00,232.745697,232.745697,232.119995,232.580002,81472
2026-08-06 17:20:00+00:00,232.585007,232.660004,231.330002,231.490005,116760
2026-08-06 17:25:00+00:00,231.500000,231.830002,231.414993,231.625000,65409
2026-08-06 17:30:00+00:00,231.619995,231.970001,231.600006,231.919998,50165
2026-08-06 17:35:00+00:00,231.820007,232.255005,231.550003,232.020004,87969
2026-08-06 17:40:00+00:00,232.020004,232.619995,232.000000,232.570007,73333
2026-08-06 17:45:00+00:00,232.570007,233.043106,232.504501,233.000000,46784
2026-08-06 17:50:00+00:00,232.919998,233.179993,232.860001,233.059998,31579
2026-08-06 17:55:00+00:00,233.054993,233.210007,233.009995,233.199997,31380
2026-08-06 18:00:00+00:00,233.225006,233.320007,233.009995,233.199997,36957
2026-08-06 18:05:00+00:00,233.160004,233.414993,233.061798,233.160004,27338
2026-08-06 18:10:00+00:00,233.160004,233.845001,232.949997,233.820007,100017
2026-08-06 18:15:00+00:00,233.899994,234.199493,233.529999,234.115005,75665
2026-08-06 18:20:00+00:00,234.115005,234.399994,234.080002,234.345001,44558
2026-08-06 18:25:00+00:00,234.380005,234.391907,233.770905,233.925003,36831
2026-08-06 18:30:00+00:00,233.925003,233.990005,233.582794,233.630005,31917
2026-08-06 18:35:00+00:00,233.669998,233.795395,233.600006,233.610001,25902
2026-08-06 18:40:00+00:00,233.589996,233.710007,233.315002,233.350006,23238
2026-08-06 18:45:00+00:00,233.350006,233.779999,233.350006,233.524994,40323
2026-08-06 18:50:00+00:00,233.524994,233.570007,233.240005,233.289993,32891
2026-08-06 18:55:00+00:00,233.250000,233.339996,233.089996,233.250000,58457
2026-08-06 19:00:00+00:00,233.229996,233.389999,233.089996,233.190002,35766
2026-08-06 19:05:00+00:00,233.195007,233.410004,233.020096,233.384995,35375
2026-08-06 19:10:00+00:00,233.339996,233.419998,233.100006,233.160004,30692
2026-08-06 19:15:00+00:00,233.169998,233.389999,233.070007,233.240005,38234
2026-08-06 19:20:00+00:00,233.264999,233.315002,233.070007,233.139999,37800
2026-08-06 19:25:00+00:00,233.110001,233.324997,232.809998,232.854996,71788
2026-08-06 19:30:00+00:00,232.809998,232.929993,232.509995,232.710007,85603
2026-08-06 19:35:00+00:00,232.690002,232.690002,232.089996,232.139999,62677
2026-08-06 19:40:00+00:00,232.110001,232.190002,231.845001,232.039993,85356
2026-08-06 19:45:00+00:00,232.050003,232.270004,231.809998,232.154999,87989
2026-08-06 19:50:00+00:00,232.240005,232.399994,231.800003,232.169998,183438
2026-08-06 19:55:00+00:00,232.240005,232.479996,232.009995,232.149994,421625
2026-08-07 13:30:00+00:00,234.059998,234.500000,231.500000,231.740005,201181
2026-08-07 13:35:00+00:00,231.520004,233.369995,231.449997,232.990005,64441
2026-08-07 13:40:00+00:00,232.705399,233.975006,232.705399,233.220001,42867
2026-08-07 13:45:00+00:00,233.100006,233.199997,232.000000,232.375000,78297
2026-08-07 13:50:00+00:00,232.475006,233.130005,232.100006,232.835007,42977
2026-08-07 13:55:00+00:00,232.964996,232.970093,231.800003,231.949997,62278
2026-08-07 14:00:00+00:00,231.929993,232.220001,231.330002,231.794998,127447
2026-08-07 14:05:00+00:00,231.610001,232.399994,231.410004,231.929993,76229
2026-08-07 14:10:00+00:00,231.929993,232.250000,230.860001,230.880005,59862
2026-08-07 14:15:00+00:00,230.975006,232.369995,230.975006,232.369995,54471
2026-08-07 14:20:00+00:00,232.399994,232.449997,232.000000,232.429901,46578
2026-08-07 14:25:00+00:00,232.309998,233.250000,232.250198,232.955002,36034
2026-08-07 14:30:00+00:00,232.949997,232.949997,231.889999,232.175003,40219
2026-08-07 14:35:00+00:00,232.119995,232.455002,232.000000,232.000000,31381
2026-08-07 14:40:00+00:00,232.000000,232.210007,231.820007,231.949997,32827
2026-08-07 14:45:00+00:00,231.985001,232.240005,231.910004,232.204407,29137
2026-08-07 14:50:00+00:00,232.104996,232.104996,231.729996,231.750000,26287
2026-08-07 14:55:00+00:00,231.854996,232.089996,231.710007,231.710007,15035
2026-08-07 15:00:00+00:00,231.710007,231.750000,231.289993,231.309998,33890
2026-08-07 15:05:00+00:00,231.399994,232.000000,231.330002,231.904999,29916
2026-08-07 15:10:00+00:00,231.854202,232.110001,231.810104,231.964996,20878
2026-08-07 15:15:00+00:00,231.955002,232.100006,231.811401,231.919998,17450
2026-08-07 15:20:00+00:00,231.919998,232.100006,231.820007,232.089996,22360
2026-08-07 15:25:00+00:00,232.065002,232.100006,231.481003,231.529999,16558
2026-08-07 15:30:00+00:00,231.509995,231.610001,231.179993,231.350006,38431
2026-08-07 15:35:00+00:00,231.339996,231.380005,230.869995,231.300003,32680
2026-08-07 15:40:00+00:00,231.350006,231.604996,231.208496,231.604996,30229
2026-08-07 15:45:00+00:00,231.595001,231.639999,231.210098,231.350006,14603
2026-08-07 15:50:00+00:00,231.350006,231.574997,231.220001,231.309998,15072
2026-08-07 15:55:00+00:00,231.320007,231.619995,231.199997,231.520004,15648
2026-08-07 16:00:00+00:00,231.520004,231.869995,231.479996,231.869995,38402
2026-08-07 16:05:00+00:00,231.869995,232.039993,231.673096,231.735001,26797
2026-08-07 16:10:00+00:00,231.740005,232.210007,231.740005,232.059998,16590
2026-08-07 16:15:00+00:00,232.129898,232.130005,231.884995,231.884995,14859
2026-08-07 16:20:00+00:00,231.899994,232.190002,231.690002,231.690002,13982
2026-08-07 16:25:00+00:00,231.690002,231.710007,231.220001,231.380005,17805
2026-08-07 16:30:00+00:00,231.585007,231.750000,231.300003,231.630005,14163
2026-08-07 16:35:00+00:00,231.669998,231.789993,231.529999,231.630005,11810
2026-08-07 16:40:00+00:00,231.649994,232.160004,231.649994,232.150894,18899
2026-08-07 16:45:00+00:00,232.095001,232.149994,231.990005,232.000000,16773
2026-08-07 16:50:00+00:00,232.100006,232.100006,231.804993,231.809998,18027
2026-08-07 16:55:00+00:00,231.774994,232.114899,231.669998,232.009995,16227
2026-08-07 17:00:00+00:00,231.949997,232.149994,231.889999,232.070007,14232
2026-08-07 17:05:00+00:00,232.169998,232.375000,232.080200,232.294998,15001
2026-08-07 17:10:00+00:00,232.369995,232.639999,232.360001,232.425003,17411
2026-08-07 17:15:00+00:00,232.419998,232.639893,232.350006,232.544998,10836
2026-08-07 17:20:00+00:00,232.544998,232.600006,232.250000,232.250000,14634
2026-08-07 17:25:00+00:00,232.199997,232.570007,232.190002,232.500000,16161
2026-08-07 17:30:00+00:00,232.500000,232.750000,232.500000,232.654999,44038
2026-08-07 17:35:00+00:00,232.660004,232.850006,232.544998,232.809998,31292
2026-08-07 17:40:00+00:00,232.809998,233.199997,232.809998,233.044998,37307
2026-08-07 17:45:00+00:00,233.089996,233.369995,233.009995,233.324997,33782
2026-08-07 17:50:00+00:00,233.324997,233.589996,233.100006,233.220001,59488
2026-08-07 17:55:00+00:00,233.229996,233.259995,232.949997,233.005005,16803
2026-08-07 18:00:00+00:00,232.979996,233.199997,232.860001,232.889999,15470
2026-08-07 18:05:00+00:00,232.934998,232.934998,232.679993,232.820007,21621
2026-08-07 18:10:00+00:00,232.875000,232.899994,232.639999,232.804993,15278
2026-08-07 18:15:00+00:00,232.830002,233.169998,232.789993,233.119995,23721
2026-08-07 18:20:00+00:00,233.169998,233.199997,233.020004,233.119995,18555
2026-08-07 18:25:00+00:00,233.130005,233.186096,233.050003,233.090393,22549
2026-08-07 18:30:00+00:00,233.119995,233.327194,233.039993,233.179993,22803
2026-08-07 18:35:00+00:00,233.169998,233.369995,233.150497,233.259995,25509
2026-08-07 18:40:00+00:00,233.220001,233.789902,233.220001,233.490005,63721
2026-08-07 18:45:00+00:00,233.535004,233.830002,233.380005,233.759995,45022
2026-08-07 18:50:00+00:00,233.759995,234.134995,233.759995,233.929993,43163
2026-08-07 18:55:00+00:00,233.910004,234.199997,233.830002,234.125000,27776
2026-08-07 19:00:00+00:00,234.199997,234.649994,234.110001,234.119995,58768
2026-08-07 19:05:00+00:00,234.134995,234.440002,234.120102,234.330002,29444
2026-08-07 19:10:00+00:00,234.399994,234.649994,234.369995,234.460007,33145
2026-08-07 19:15:00+00:00,234.449997,234.809006,234.449997,234.789993,27148
2026-08-07 19:20:00+00:00,234.750000,235.000000,234.740005,234.810104,67741
2026-08-07 19:25:00+00:00,234.820007,235.210007,234.800003,234.960007,52902
2026-08-07 19:30:00+00:00,234.970001,235.350006,234.930099,235.199905,68521
2026-08-07 19:35:00+00:00,235.209900,235.470001,235.029999,235.270004,66989
2026-08-07 19:40:00+00:00,235.259995,235.434998,235.149994,235.360001,46459
2026-08-07 19:45:00+00:00,235.339996,235.595001,235.214996,235.240005,94252
2026-08-07 19:50:00+00:00,235.220001,235.270004,234.210007,234.229996,121773
2026-08-07 19:55:00+00:00,234.240005,234.740005,234.179993,234.389999,298325
2026-08-10 13:30:00+00:00,234.250000,234.259995,232.440002,233.005707,130817
2026-08-10 13:35:00+00:00,232.929993,233.149994,231.679993,232.610001,66518
2026-08-10 13:40:00+00:00,232.389618,233.699997,232.339996,232.869995,49511
2026-08-10 13:45:00+00:00,232.869995,232.990005,232.050003,232.860001,100743
2026-08-10 13:50:00+00:00,232.759995,233.000000,232.335999,232.710007,92834
2026-08-10 13:55:00+00:00,232.652695,233.580002,232.509995,233.460007,88599
2026-08-10 14:00:00+00:00,233.380005,233.880005,233.139999,233.580002,57167
2026-08-10 14:05:00+00:00,233.554794,234.134995,233.460007,233.910004,39633
2026-08-10 14:10:00+00:00,233.809998,234.378098,233.750000,234.244995,46445
2026-08-10 14:15:00+00:00,234.244995,234.630997,233.960007,234.535004,48111
2026-08-10 14:20:00+00:00,234.514999,235.220001,234.440002,235.064194,81834
2026-08-10 14:25:00+00:00,235.095001,235.574997,234.919998,235.289993,40036
2026-08-10 14:30:00+00:00,235.180099,235.529999,234.929993,235.139999,44013
2026-08-10 14:35:00+00:00,235.009995,235.710007,235.009995,235.479996,37048
2026-08-10 14:40:00+00:00,235.389999,235.860001,235.389999,235.699997,33207
2026-08-10 14:45:00+00:00,235.800003,236.100006,235.710007,235.869995,41680
2026-08-10 14:50:00+00:00,235.809998,235.880005,235.404999,235.610001,31375
2026-08-10 14:55:00+00:00,235.449997,236.009995,235.449997,235.580002,24636
2026-08-10 15:00:00+00:00,235.580002,236.490005,235.399994,236.212006,58804
2026-08-10 15:05:00+00:00,236.080002,236.339996,235.610001,235.759995,22416
2026-08-10 15:10:00+00:00,235.699997,235.899994,235.529999,235.824997,27166
2026-08-10 15:15:00+00:00,235.940002,236.097107,235.619995,235.860001,16506
2026-08-10 15:20:00+00:00,235.750000,235.929993,235.610001,235.610001,27087
2026-08-10 15:25:00+00:00,235.684998,235.740005,235.399994,235.517502,38796
2026-08-10 15:30:00+00:00,235.520004,235.850006,235.520004,235.639999,26280
2026-08-10 15:35:00+00:00,235.740005,235.759995,235.274994,235.369995,28822
2026-08-10 15:40:00+00:00,235.270004,235.800003,235.240005,235.649994,21469
2026-08-10 15:45:00+00:00,235.690002,235.850006,235.400101,235.654999,24293
2026-08-10 15:50:00+00:00,235.561005,235.835007,235.561005,235.604996,16957
2026-08-10 15:55:00+00:00,235.604996,235.630005,235.339996,235.339996,23601
2026-08-10 16:00:00+00:00,235.330002,235.500000,235.309998,235.440002,24152
2026-08-10 16:05:00+00:00,235.470001,235.740005,235.436996,235.589996,27820
2026-08-10 16:10:00+00:00,235.589996,235.619995,235.500000,235.619995,10752
2026-08-10 16:15:00+00:00,235.595001,235.639999,235.229996,235.285004,20396
2026-08-10 16:20:00+00:00,235.289993,235.289993,234.919998,235.102097,23076
2026-08-10 16:25:00+00:00,235.169998,235.389999,235.169998,235.339996,17579
2026-08-10 16:30:00+00:00,235.380005,235.460007,234.630005,235.104996,44428
2026-08-10 16:35:00+00:00,235.149994,235.409897,235.149994,235.225006,17139
2026-08-10 16:40:00+00:00,235.300003,235.449997,235.059998,235.070007,16817
2026-08-10 16:45:00+00:00,235.070007,235.309998,234.960007,235.190002,21447
2026-08-10 16:50:00+00:00,235.309998,235.460007,235.080002,235.139999,19312
2026-08-10 16:55:00+00:00,235.139999,235.190002,234.960007,234.970001,16525
2026-08-10 17:00:00+00:00,234.990005,235.169998,234.820007,234.919998,12245
2026-08-10 17:05:00+00:00,234.830002,234.869995,234.690002,234.770004,12153
2026-08-10 17:10:00+00:00,234.750000,234.850006,234.514999,234.539993,14235
2026-08-10 17:15:00+00:00,234.500000,234.669998,234.500000,234.634995,20318
2026-08-10 17:20:00+00:00,234.634995,234.669998,234.380005,234.570007,14255
2026-08-10 17:25:00+00:00,234.610001,234.759995,234.475006,234.619995,26099
2026-08-10 17:30:00+00:00,234.699997,234.699997,234.479996,234.600006,19734
2026-08-10 17:35:00+00:00,234.649994,234.669998,234.520004,234.570007,16122
2026-08-10 17:40:00+00:00,234.570007,234.699997,234.509995,234.630005,15523
2026-08-10 17:45:00+00:00,234.639999,234.770004,234.610001,234.770004,18715
2026-08-10 17:50:00+00:00,234.710007,234.770004,234.630005,234.770004,14891
2026-08-10 17:55:00+00:00,234.779999,234.880005,234.660004,234.804993,18770
2026-08-10 18:00:00+00:00,234.869995,234.949997,234.210007,234.500000,45724
2026-08-10 18:05:00+00:00,234.500000,234.535004,234.259995,234.440002,20780
2026-08-10 18:10:00+00:00,234.445007,234.490005,234.139999,234.220001,22493
2026-08-10 18:15:00+00:00,234.220001,234.264999,234.000000,234.070007,23914
2026-08-10 18:20:00+00:00,234.078705,234.190002,233.940002,233.955002,12824
2026-08-10 18:25:00+00:00,233.960007,234.080002,233.934998,234.014999,19991
2026-08-10 18:30:00+00:00,233.929993,234.009995,233.720001,233.729996,17285
2026-08-10 18:35:00+00:00,233.755096,233.910004,233.580002,233.910004,20921
2026-08-10 18:40:00+00:00,233.869995,234.199997,233.869995,234.160004,19636
2026-08-10 18:45:00+00:00,234.179993,234.434601,234.039993,234.089996,22973
2026-08-10 18:50:00+00:00,234.029999,234.259995,234.029999,234.190002,19886
2026-08-10 18:55:00+00:00,234.250000,234.404999,234.220001,234.404999,18827
2026-08-10 19:00:00+00:00,234.404999,234.440002,234.110001,234.225006,21051
2026-08-10 19:05:00+00:00,234.250000,234.279999,234.127502,234.149994,23066
2026-08-10 19:10:00+00:00,234.125000,234.279999,234.089996,234.089996,20956
2026-08-10 19:15:00+00:00,234.115005,234.339996,234.050003,234.300003,27474
2026-08-10 19:20:00+00:00,234.300003,234.339996,233.940002,234.119995,47427
2026-08-10 19:25:00+00:00,234.095001,234.095001,233.500107,233.669998,47311
2026-08-10 19:30:00+00:00,233.669998,233.679993,233.419998,233.634995,60013
2026-08-10 19:35:00+00:00,233.636795,233.699997,233.520004,233.660004,31401
2026-08-10 19:40:00+00:00,233.630005,233.690002,233.360001,233.419998,42826
2026-08-10 19:45:00+00:00,233.460007,233.639999,233.380005,233.380005,55188
2026-08-10 19:50:00+00:00,233.440002,233.559692,233.235001,233.250000,77312
2026-08-10 19:55:00+00:00,233.289993,233.350006,232.649994,232.809998,300986
2026-08-11 13:30:00+00:00,235.610001,236.279999,234.554993,235.309998,192667
2026-08-11 13:35:00+00:00,235.529999,236.899994,234.677795,236.889999,67489
2026-08-11 13:40:00+00:00,236.979996,237.110001,235.860001,236.000000,75621
2026-08-11 13:45:00+00:00,236.000000,236.399994,235.500000,236.160004,70443
2026-08-11 13:50:00+00:00,236.199997,236.229996,235.229996,235.289993,42763
2026-08-11 13:55:00+00:00,235.149994,235.639999,235.059998,235.360001,38017
2026-08-11 14:00:00+00:00,235.309998,235.779999,234.570007,234.979996,51275
2026-08-11 14:05:00+00:00,234.964996,235.451004,234.570007,235.274994,33980
2026-08-11 14:10:00+00:00,235.279999,235.880005,235.130005,235.600006,50868
2026-08-11 14:15:00+00:00,235.604996,235.690002,235.180099,235.410004,39046
2026-08-11 14:20:00+00:00,235.410004,235.559998,234.899994,235.014999,21195
2026-08-11 14:25:00+00:00,235.009995,235.449997,235.009995,235.341995,32294
2026-08-11 14:30:00+00:00,235.324997,235.380005,235.030106,235.175003,20582
2026-08-11 14:35:00+00:00,235.250000,235.600006,235.102997,235.544998,26396
2026-08-11 14:40:00+00:00,235.509995,235.824997,235.509995,235.660004,60800
2026-08-11 14:45:00+00:00,235.649994,235.929993,235.639999,235.929993,22416
2026-08-11 14:50:00+00:00,235.899994,235.949997,235.559998,235.740005,35750
2026-08-11 14:55:00+00:00,235.705002,235.705002,234.979996,235.074997,21667
2026-08-11 15:00:00+00:00,235.139999,235.250000,234.710007,234.854996,19517
2026-08-11 15:05:00+00:00,234.789993,234.919907,234.190094,234.248993,25338
2026-08-11 15:10:00+00:00,234.250000,234.759995,234.000000,234.255005,34230
2026-08-11 15:15:00+00:00,234.255096,234.490005,233.899994,234.050003,26250
2026-08-11 15:20:00+00:00,234.089996,234.529999,234.039993,234.475372,15119
2026-08-11 15:25:00+00:00,234.500000,234.570007,234.220001,234.380005,16669
2026-08-11 15:30:00+00:00,234.380005,234.399994,234.020004,234.050003,18597
2026-08-11 15:35:00+00:00,234.039993,234.100006,233.440002,233.619995,40169
2026-08-11 15:40:00+00:00,233.539993,233.639999,233.430099,233.600006,25544
2026-08-11 15:45:00+00:00,233.559998,234.419998,233.559998,234.419998,27222
2026-08-11 15:50:00+00:00,234.330002,234.419998,233.770004,233.845001,18108
2026-08-11 15:55:00+00:00,233.865005,234.134094,233.660004,233.919998,12292
2026-08-11 16:00:00+00:00,233.979996,234.500000,233.979996,234.244995,25361
2026-08-11 16:05:00+00:00,234.244995,234.479996,234.210007,234.250000,20761
2026-08-11 16:10:00+00:00,234.250000,234.520004,234.169998,234.350006,15303
2026-08-11 16:15:00+00:00,234.369995,234.658997,234.360001,234.505005,13684
2026-08-11 16:20:00+00:00,234.509995,234.809998,234.419998,234.419998,19230
2026-08-11 16:25:00+00:00,234.464996,234.550003,234.350006,234.460007,18815
2026-08-11 16:30:00+00:00,234.455002,234.500000,234.089996,234.350006,16827
2026-08-11 16:35:00+00:00,234.429993,234.550003,234.322601,234.350006,24221
2026-08-11 16:40:00+00:00,234.270004,234.270004,234.000000,234.119995,17995
2026-08-11 16:45:00+00:00,234.119995,234.380005,234.070007,234.380005,14947
2026-08-11 16:50:00+00:00,234.410004,234.445007,234.304993,234.354996,12442
2026-08-11 16:55:00+00:00,234.354996,234.429993,234.279999,234.339996,12785
2026-08-11 17:00:00+00:00,234.380005,234.389999,234.050003,234.089996,17411
2026-08-11 17:05:00+00:00,234.095001,234.279999,234.050003,234.125000,15952
2026-08-11 17:10:00+00:00,234.080002,234.139999,233.990005,234.104996,8059
2026-08-11 17:15:00+00:00,234.074997,234.300003,234.050003,234.289993,17247
2026-08-11 17:20:00+00:00,234.309998,234.410004,234.220001,234.300095,15598
2026-08-11 17:25:00+00:00,234.330002,234.350006,234.250000,234.300003,13535
2026-08-11 17:30:00+00:00,234.294998,234.520004,234.294998,234.520004,21249
2026-08-11 17:35:00+00:00,234.600006,234.639999,234.309998,234.309998,20291
2026-08-11 17:40:00+00:00,234.360001,234.389999,234.229996,234.330002,14584
2026-08-11 17:45:00+00:00,234.309998,234.373993,234.073502,234.089996,12101
2026-08-11 17:50:00+00:00,234.080002,234.139999,233.970001,234.139999,16049
2026-08-11 17:55:00+00:00,234.184998,234.240005,234.110001,234.110107,9821
2026-08-11 18:00:00+00:00,234.169998,234.179993,234.070007,234.080002,9455
2026-08-11 18:05:00+00:00,234.059998,234.059998,233.759995,233.815002,19946
2026-08-11 18:10:00+00:00,233.824997,233.910004,233.695007,233.789993,24501
2026-08-11 18:15:00+00:00,233.809998,233.960007,233.690002,233.764999,26283
2026-08-11 18:20:00+00:00,233.770004,233.919998,233.690094,233.919998,16089
2026-08-11 18:25:00+00:00,233.940002,233.949997,233.250000,233.330002,21942
2026-08-11 18:30:00+00:00,233.369995,233.630005,233.369995,233.630005,15760
2026-08-11 18:35:00+00:00,233.710007,233.800003,233.589996,233.610001,11442
2026-08-11 18:40:00+00:00,233.600006,233.634995,233.389999,233.565002,15862
2026-08-11 18:45:00+00:00,233.565002,233.699997,233.559998,233.675003,14343
2026-08-11 18:50:00+00:00,233.672501,233.684998,233.425003,233.529999,16981
2026-08-11 18:55:00+00:00,233.550003,233.550003,233.380005,233.500000,16456
2026-08-11 19:00:00+00:00,233.509995,233.539993,233.279999,233.320007,27160
2026-08-11 19:05:00+00:00,233.259995,233.479996,233.220001,233.479996,16107
2026-08-11 19:10:00+00:00,233.479996,233.520004,233.339996,233.339996,14940
2026-08-11 19:15:00+00:00,233.410004,233.447006,233.199997,233.279999,21742
2026-08-11 19:20:00+00:00,233.339996,233.539993,233.119995,233.457382,21686
2026-08-11 19:25:00+00:00,233.550003,233.589996,233.270004,233.315002,20990
2026-08-11 19:30:00+00:00,233.380005,233.639999,233.369995,233.539993,24122
2026-08-11 19:35:00+00:00,233.544998,233.690002,233.500000,233.554993,24557
2026-08-11 19:40:00+00:00,233.619995,233.630005,233.300003,233.384995,36801
2026-08-11 19:45:00+00:00,233.380005,233.619995,233.210007,233.500000,35583
2026-08-11 19:50:00+00:00,233.509995,233.580002,233.214996,233.214996,60862
2026-08-11 19:55:00+00:00,233.220001,233.289993,232.830002,233.220001,199485
2026-08-12 13:30:00+00:00,234.300003,234.589996,231.149994,231.900101,130703
2026-08-12 13:35:00+00:00,232.149994,232.615005,231.699997,232.270004,38972
2026-08-12 13:40:00+00:00,232.338791,232.449997,230.550003,230.574997,136826
2026-08-12 13:45:00+00:00,230.574997,230.729996,229.679993,230.119995,115357
2026-08-12 13:50:00+00:00,230.235001,231.000000,230.000000,230.455002,67443
2026-08-12 13:55:00+00:00,230.360001,230.750000,229.399994,229.744995,51049
2026-08-12 14:00:00+00:00,229.649994,229.699997,229.250000,229.500000,68990
2026-08-12 14:05:00+00:00,229.520004,229.910004,229.300003,229.845001,42653
2026-08-12 14:10:00+00:00,229.860001,229.940002,229.399994,229.619995,62563
2026-08-12 14:15:00+00:00,229.554993,230.169907,229.500000,229.870102,50284
2026-08-12 14:20:00+00:00,229.869995,230.429993,229.809998,230.360001,43926
2026-08-12 14:25:00+00:00,230.300003,230.369995,229.884995,229.884995,37936
2026-08-12 14:30:00+00:00,229.910004,230.020004,229.250000,229.729996,63874
2026-08-12 14:35:00+00:00,229.634995,229.895004,229.529999,229.770004,24991
2026-08-12 14:40:00+00:00,229.679993,230.029999,229.529999,229.816895,23143
2026-08-12 14:45:00+00:00,229.979996,230.359894,229.979996,230.259995,21516
2026-08-12 14:50:00+00:00,230.380005,230.500000,229.781006,229.895004,30023
2026-08-12 14:55:00+00:00,229.990005,230.380005,229.990005,230.380005,21351
2026-08-12 15:00:00+00:00,230.354996,230.988297,230.320007,230.854996,41282
2026-08-12 15:05:00+00:00,230.854996,231.110001,230.720001,230.865005,24781
2026-08-12 15:10:00+00:00,230.869995,231.000000,230.619995,230.889999,29423
2026-08-12 15:15:00+00:00,230.750000,231.100006,230.600098,230.800003,19669
2026-08-12 15:20:00+00:00,230.850006,230.899994,230.619995,230.705002,13182
2026-08-12 15:25:00+00:00,230.699997,230.880005,230.669998,230.800003,30196
2026-08-12 15:30:00+00:00,230.820007,230.880005,230.439499,230.539993,23753
2026-08-12 15:35:00+00:00,230.500000,230.610001,230.445007,230.445007,24472
2026-08-12 15:40:00+00:00,230.440002,230.910004,230.380005,230.699997,27851
2026-08-12 15:45:00+00:00,230.687500,230.740005,230.190002,230.389999,24564
2026-08-12 15:50:00+00:00,230.395004,230.395004,230.009995,230.054993,32957
2026-08-12 15:55:00+00:00,230.054993,230.149994,229.779999,230.100006,27665
2026-08-12 16:00:00+00:00,230.059998,230.350006,230.009995,230.195007,18876
2026-08-12 16:05:00+00:00,230.184998,230.399902,230.070007,230.199997,41392
2026-08-12 16:10:00+00:00,230.169998,230.184998,229.910004,230.169998,38799
2026-08-12 16:15:00+00:00,230.110001,230.179993,229.895004,230.119995,29250
2026-08-12 16:20:00+00:00,230.119995,230.178299,229.970093,230.014999,16821
2026-08-12 16:25:00+00:00,230.009995,230.070007,229.809998,229.929993,17237
2026-08-12 16:30:00+00:00,229.934998,230.110001,229.880005,230.029999,17852
2026-08-12 16:35:00+00:00,230.029999,230.770004,230.029999,230.600006,47444
2026-08-12 16:40:00+00:00,230.600006,230.947998,230.559998,230.740005,27572
2026-08-12 16:45:00+00:00,230.791306,230.979996,230.669998,230.865005,23511
2026-08-12 16:50:00+00:00,230.865005,231.759995,230.809998,231.759995,37899
2026-08-12 16:55:00+00:00,231.695129,231.800003,231.380005,231.434998,33824
2026-08-12 17:00:00+00:00,231.369995,231.499893,231.190002,231.235001,23891
2026-08-12 17:05:00+00:00,231.190002,231.330002,231.070007,231.289993,18176
2026-08-12 17:10:00+00:00,231.279999,231.369995,231.199997,231.339996,20671
2026-08-12 17:15:00+00:00,231.190002,231.300003,230.899994,231.190002,111364
2026-08-12 17:20:00+00:00,231.229996,231.710007,231.229996,231.649994,18222
2026-08-12 17:25:00+00:00,231.630005,232.080002,231.630005,232.070007,31512
2026-08-12 17:30:00+00:00,232.039993,232.087997,231.811005,231.820007,17295
2026-08-12 17:35:00+00:00,231.820007,232.009995,231.589996,232.009995,21585
2026-08-12 17:40:00+00:00,232.024994,232.169998,231.910004,232.050003,24663
2026-08-12 17:45:00+00:00,232.050003,232.134995,231.899994,231.914993,14526
2026-08-12 17:50:00+00:00,231.919998,231.990005,231.759995,231.804993,14366
2026-08-12 17:55:00+00:00,231.759995,231.960007,231.669998,231.869995,22505
2026-08-12 18:00:00+00:00,231.968903,231.979996,231.839996,231.880005,14306
2026-08-12 18:05:00+00:00,231.895004,231.949997,231.729996,231.800003,13108
2026-08-12 18:10:00+00:00,231.880005,232.000000,231.699997,231.699997,22548
2026-08-12 18:15:00+00:00,231.759995,231.929993,231.759995,231.929993,11488
2026-08-12 18:20:00+00:00,231.940002,231.940002,231.669998,231.750000,22077
2026-08-12 18:25:00+00:00,231.750000,232.009995,231.750000,232.005005,25158
2026-08-12 18:30:00+00:00,232.039993,232.179993,232.000000,232.169998,18651
2026-08-12 18:35:00+00:00,232.169998,232.250000,232.070007,232.160004,13694
2026-08-12 18:40:00+00:00,232.089996,232.169998,231.899994,231.949997,25261
2026-08-12 18:45:00+00:00,231.899994,231.990005,231.779999,231.779999,20278
2026-08-12 18:50:00+00:00,231.850006,232.100006,231.809998,231.850006,27561
2026-08-12 18:55:00+00:00,231.839996,232.049896,231.839996,231.869995,19994
2026-08-12 19:00:00+00:00,231.940002,232.190002,231.889999,232.070007,25877
2026-08-12 19:05:00+00:00,232.035004,232.080002,231.919998,232.009995,40451
2026-08-12 19:10:00+00:00,232.029999,232.050003,231.830002,231.940002,18691
2026-08-12 19:15:00+00:00,231.940002,231.979996,231.710007,231.770004,27833
2026-08-12 19:20:00+00:00,231.750000,231.839905,231.610001,231.785004,23908
2026-08-12 19:25:00+00:00,231.785004,232.005005,231.779999,231.919998,47694
2026-08-12 19:30:00+00:00,231.919998,232.009995,231.699997,231.744995,39996
2026-08-12 19:35:00+00:00,231.750000,232.059998,231.729996,231.809998,28234
2026-08-12 19:40:00+00:00,231.860001,231.865005,231.580093,231.839996,31337
2026-08-12 19:45:00+00:00,231.880005,231.940002,231.570007,231.625000,42731
2026-08-12 19:50:00+00:00,231.589996,231.675003,231.270004,231.470001,96322
2026-08-12 19:55:00+00:00,231.490005,231.529999,231.130005,231.240005,223797
2026-08-13 13:30:00+00:00,232.270004,233.580002,231.500000,232.520004,71332
2026-08-13 13:35:00+00:00,232.634995,232.639999,231.000000,232.100006,43975
2026-08-13 13:40:00+00:00,232.059998,232.220001,231.420105,231.420105,34375
2026-08-13 13:45:00+00:00,231.399994,231.695007,231.029999,231.210007,29255
2026-08-13 13:50:00+00:00,231.365005,231.679993,231.149994,231.250000,21037
2026-08-13 13:55:00+00:00,231.300003,231.300003,230.600006,230.600006,35519
2026-08-13 14:00:00+00:00,230.664993,231.599899,230.619995,231.335007,32703
2026-08-13 14:05:00+00:00,231.345001,231.570007,231.169998,231.279999,24216
2026-08-13 14:10:00+00:00,231.304993,231.304993,231.100006,231.110001,31361
2026-08-13 14:15:00+00:00,231.020004,231.072006,230.690002,230.764999,21633
2026-08-13 14:20:00+00:00,230.759995,231.399994,230.759995,231.350006,17035
2026-08-13 14:25:00+00:00,231.369995,231.500000,230.807800,230.830002,17054
2026-08-13 14:30:00+00:00,230.720001,230.720001,230.250000,230.250000,37065
2026-08-13 14:35:00+00:00,230.360001,230.729996,230.339996,230.729996,37114
2026-08-13 14:40:00+00:00,230.705002,230.852997,230.600006,230.660004,14600
2026-08-13 14:45:00+00:00,230.649994,230.649994,230.080002,230.080002,43741
2026-08-13 14:50:00+00:00,230.134995,230.229996,229.899994,230.139999,38751
2026-08-13 14:55:00+00:00,230.139999,230.309799,229.880005,230.220001,20856
2026-08-13 15:00:00+00:00,230.220001,230.472000,229.500000,229.579895,27263
2026-08-13 15:05:00+00:00,229.580002,229.660004,229.300003,229.300003,22542
2026-08-13 15:10:00+00:00,229.330002,229.330002,228.725006,228.725006,38499
2026-08-13 15:15:00+00:00,228.720001,229.179901,228.699997,228.960007,40738
2026-08-13 15:20:00+00:00,228.945007,229.009995,228.759995,228.820007,29295
2026-08-13 15:25:00+00:00,228.850006,228.850006,228.179993,228.459900,48504
2026-08-13 15:30:00+00:00,228.449997,228.789993,228.440002,228.619995,26216
2026-08-13 15:35:00+00:00,228.619995,228.729996,228.500000,228.690002,36682
2026-08-13 15:40:00+00:00,228.630005,228.647995,228.399994,228.449997,26815
2026-08-13 15:45:00+00:00,228.389999,228.789902,228.389999,228.649994,28245
2026-08-13 15:50:00+00:00,228.694901,228.694901,228.399994,228.514999,27489
2026-08-13 15:55:00+00:00,228.470001,228.489197,228.260101,228.354996,29413
2026-08-13 16:00:00+00:00,228.360001,228.725006,228.360001,228.500000,22018
2026-08-13 16:05:00+00:00,228.641205,228.729996,228.320007,228.414993,17400
2026-08-13 16:10:00+00:00,228.440002,228.600006,228.259995,228.529999,19373
2026-08-13 16:15:00+00:00,228.589996,228.720001,228.460007,228.520004,34037
2026-08-13 16:20:00+00:00,228.565002,228.714996,228.460007,228.714996,12876
2026-08-13 16:25:00+00:00,228.720001,229.119995,228.720001,229.119995,22343
2026-08-13 16:30:00+00:00,229.050003,229.354996,229.035004,229.279999,17021
2026-08-13 16:35:00+00:00,229.330002,229.479996,229.190002,229.190002,20059
2026-08-13 16:40:00+00:00,229.220001,229.259995,229.089996,229.225006,13506
2026-08-13 16:45:00+00:00,229.190002,229.300003,229.059998,229.220001,19662
2026-08-13 16:50:00+00:00,229.179993,229.539993,229.179993,229.509995,24388
2026-08-13 16:55:00+00:00,229.449997,229.539993,229.380005,229.470001,24857
2026-08-13 17:00:00+00:00,229.464996,229.610001,229.229996,229.229996,24622
2026-08-13 17:05:00+00:00,229.300003,229.539902,229.229996,229.479996,11757
2026-08-13 17:10:00+00:00,229.449997,229.500000,229.369995,229.429993,11198
2026-08-13 17:15:00+00:00,229.429993,229.500000,229.210007,229.240005,26214
2026-08-13 17:20:00+00:00,229.250000,229.539993,229.250000,229.520004,24404
2026-08-13 17:25:00+00:00,229.481903,229.610001,229.350006,229.570007,17996
2026-08-13 17:30:00+00:00,229.550003,229.619995,229.420105,229.429993,14773
2026-08-13 17:35:00+00:00,229.490005,229.610001,229.440002,229.470001,16610
2026-08-13 17:40:00+00:00,229.470001,229.559998,229.410004,229.449997,14828
2026-08-13 17:45:00+00:00,229.429993,230.050003,229.414993,230.024994,41830
2026-08-13 17:50:00+00:00,230.050003,230.330002,230.000000,230.279999,58520
2026-08-13 17:55:00+00:00,230.259995,230.289993,230.179993,230.228394,16141
2026-08-13 18:00:00+00:00,230.259995,230.589996,230.250000,230.589996,24568
2026-08-13 18:05:00+00:00,230.600006,230.619995,230.039993,230.169998,36075
2026-08-13 18:10:00+00:00,230.169998,230.259995,230.130295,230.184998,20325
2026-08-13 18:15:00+00:00,230.179993,230.184998,229.899994,229.949997,16712
2026-08-13 18:20:00+00:00,229.949997,230.070007,229.929993,229.960007,16239
2026-08-13 18:25:00+00:00,229.960007,230.100006,229.919998,230.029999,25788
2026-08-13 18:30:00+00:00,230.009995,230.229996,229.979996,230.100006,28371
2026-08-13 18:35:00+00:00,230.115005,230.179993,230.039993,230.110001,15988
2026-08-13 18:40:00+00:00,230.110001,230.410004,230.020004,230.399994,20973
2026-08-13 18:45:00+00:00,230.399994,230.561203,230.330093,230.500000,23081
2026-08-13 18:50:00+00:00,230.500000,230.589996,230.350006,230.509995,21888
2026-08-13 18:55:00+00:00,230.500000,230.509995,230.330002,230.360001,39879
2026-08-13 19:00:00+00:00,230.320007,230.389999,230.300003,230.330002,14693
2026-08-13 19:05:00+00:00,230.360001,230.570007,230.360001,230.509995,29078
2026-08-13 19:10:00+00:00,230.509995,230.559998,230.229996,230.350006,24637
2026-08-13 19:15:00+00:00,230.369995,230.460007,230.242294,230.460007,35377
2026-08-13 19:20:00+00:00,230.470001,230.559998,230.380005,230.479996,28453
2026-08-13 19:25:00+00:00,230.490005,230.500000,230.360107,230.449997,40933
2026-08-13 19:30:00+00:00,230.429993,230.479996,230.229996,230.429993,43496
2026-08-13 19:35:00+00:00,230.419998,230.470001,230.229996,230.349899,40368
2026-08-13 19:40:00+00:00,230.300003,230.300003,229.910004,230.005005,38065
2026-08-13 19:45:00+00:00,230.039993,230.300003,229.970001,229.990005,72449
2026-08-13 19:50:00+00:00,230.035004,230.055695,229.649994,229.979996,81415
2026-08-13 19:55:00+00:00,230.050003,230.449997,229.970001,230.330002,228624
2026-08-14 13:30:00+00:00,231.630005,232.800003,230.146698,232.080002,124084
2026-08-14 13:35:00+00:00,231.929993,232.229996,231.470001,232.110001,36124
2026-08-14 13:40:00+00:00,232.095001,232.289993,231.600006,231.729996,25501
2026-08-14 13:45:00+00:00,231.725006,232.240005,231.699997,231.949997,36018
2026-08-14 13:50:00+00:00,231.794998,232.919998,231.794998,232.479996,65760
2026-08-14 13:55:00+00:00,232.417206,232.990005,232.300003,232.979996,29768
2026-08-14 14:00:00+00:00,232.979996,233.429993,232.699997,232.865005,72050
2026-08-14 14:05:00+00:00,232.850006,232.850006,231.895401,232.050003,24995
2026-08-14 14:10:00+00:00,232.139893,232.139893,231.619995,231.839996,61108
2026-08-14 14:15:00+00:00,231.699997,232.115005,231.389999,231.544998,22037
2026-08-14 14:20:00+00:00,231.565002,231.565002,231.100006,231.339996,20908
2026-08-14 14:25:00+00:00,231.339996,231.820007,231.199997,231.490005,14862
2026-08-14 14:30:00+00:00,231.630005,231.649994,231.041702,231.300003,27994
2026-08-14 14:35:00+00:00,231.399994,231.479996,231.029999,231.260101,14806
2026-08-14 14:40:00+00:00,231.345001,231.570007,231.100006,231.179993,12949
2026-08-14 14:45:00+00:00,231.380005,231.380005,230.630005,230.820007,21395
2026-08-14 14:50:00+00:00,230.750000,230.869995,230.479996,230.604996,23000
2026-08-14 14:55:00+00:00,230.649994,230.750000,230.500000,230.620102,18128
2026-08-14 15:00:00+00:00,230.785004,231.000000,230.699997,230.699997,14201
2026-08-14 15:05:00+00:00,230.801804,230.960007,230.449997,230.524994,20606
2026-08-14 15:10:00+00:00,230.455002,231.159897,230.455002,231.050003,26396
2026-08-14 15:15:00+00:00,231.000000,231.179993,230.869995,230.994995,18393
2026-08-14 15:20:00+00:00,230.994995,231.250000,230.899994,231.169998,29567
2026-08-14 15:25:00+00:00,231.080002,231.460007,231.080002,231.080093,22667
2026-08-14 15:30:00+00:00,231.190002,231.360001,231.009995,231.284393,21584
2026-08-14 15:35:00+00:00,231.255005,231.292999,231.070099,231.270004,10509
2026-08-14 15:40:00+00:00,231.080002,231.309998,231.050003,231.259995,20511
2026-08-14 15:45:00+00:00,231.345001,231.595001,230.970001,231.044998,24883
2026-08-14 15:50:00+00:00,231.220001,231.220001,231.080093,231.160004,6672
2026-08-14 15:55:00+00:00,231.164993,231.240005,230.899994,230.899994,14811
2026-08-14 16:00:00+00:00,230.934998,231.050598,230.640106,230.740005,15162
2026-08-14 16:05:00+00:00,230.820007,230.955002,230.744995,230.750000,16008
2026-08-14 16:10:00+00:00,230.714996,231.061295,230.640503,231.020004,14823
2026-08-14 16:15:00+00:00,231.024994,231.399994,231.024994,231.080002,24377
2026-08-14 16:20:00+00:00,231.119995,231.119995,230.710007,230.729996,24420
2026-08-14 16:25:00+00:00,230.660095,230.850006,230.610001,230.735001,29992
2026-08-14 16:30:00+00:00,230.740005,230.880005,230.619995,230.801300,33235
2026-08-14 16:35:00+00:00,230.794907,230.850006,230.479996,230.479996,14223
2026-08-14 16:40:00+00:00,230.500000,230.944794,230.500000,230.860001,14541
2026-08-14 16:45:00+00:00,230.679993,230.750000,230.589996,230.720001,14445
2026-08-14 16:50:00+00:00,230.714996,230.954895,230.714996,230.889999,42133
2026-08-14 16:55:00+00:00,230.960007,230.960007,230.500000,230.619995,8793
2026-08-14 17:00:00+00:00,230.630005,231.229996,230.630005,231.089996,14092
2026-08-14 17:05:00+00:00,231.139999,231.410004,231.050003,231.250000,10884
2026-08-14 17:10:00+00:00,231.199997,231.389999,231.160004,231.389999,6508
2026-08-14 17:15:00+00:00,231.369995,231.470001,231.210007,231.339996,13261
2026-08-14 17:20:00+00:00,231.279800,231.304993,231.009995,231.160095,5170
2026-08-14 17:25:00+00:00,231.149994,231.229996,230.994995,231.070007,7607
2026-08-14 17:30:00+00:00,231.169998,231.199997,231.019806,231.199997,12926
2026-08-14 17:35:00+00:00,231.154999,231.154999,230.520004,230.520004,9489
2026-08-14 17:40:00+00:00,230.509995,230.509995,230.080002,230.080002,29393
2026-08-14 17:45:00+00:00,230.070007,230.169907,229.940002,229.940002,21308
2026-08-14 17:50:00+00:00,229.987305,230.149994,229.880005,230.149994,17462
2026-08-14 17:55:00+00:00,230.210007,230.259995,230.020004,230.020004,12536
2026-08-14 18:00:00+00:00,230.100006,230.190002,230.010101,230.100006,9741
2026-08-14 18:05:00+00:00,230.060104,230.350006,230.059998,230.330002,10902
2026-08-14 18:10:00+00:00,230.286499,230.490005,230.286499,230.429993,12861
2026-08-14 18:15:00+00:00,230.434998,230.600006,230.404999,230.404999,19014
2026-08-14 18:20:00+00:00,230.384995,230.649994,230.384995,230.649994,19560
2026-08-14 18:25:00+00:00,230.660004,230.970001,230.639999,230.770004,15993
2026-08-14 18:30:00+00:00,230.770004,230.869995,230.679993,230.699997,11998
2026-08-14 18:35:00+00:00,230.705002,230.990005,230.629105,230.957199,14348
2026-08-14 18:40:00+00:00,230.979996,231.199997,230.880096,231.139999,33577
2026-08-14 18:45:00+00:00,231.125000,231.179993,231.000000,231.104996,14171
2026-08-14 18:50:00+00:00,231.139999,231.380005,231.139999,231.199997,22070
2026-08-14 18:55:00+00:00,231.199997,231.309998,231.100006,231.100006,26824
2026-08-14 19:00:00+00:00,231.059998,231.279999,230.990005,231.259995,19547
2026-08-14 19:05:00+00:00,231.259995,231.320007,230.880096,230.929993,18113
2026-08-14 19:10:00+00:00,230.970001,231.235001,230.940002,231.039993,35671
2026-08-14 19:15:00+00:00,231.149994,231.227997,231.022507,231.199997,19848
2026-08-14 19:20:00+00:00,231.125107,231.223007,230.970093,231.119995,14490
2026-08-14 19:25:00+00:00,231.160004,231.520004,231.160004,231.369995,32917
2026-08-14 19:30:00+00:00,231.399994,231.559998,231.304993,231.369995,30683
2026-08-14 19:35:00+00:00,231.360001,231.529999,231.274994,231.509995,24623
2026-08-14 19:40:00+00:00,231.509995,231.672607,231.505005,231.505005,32418
2026-08-14 19:45:00+00:00,231.514999,231.660004,231.339996,231.634995,47099
2026-08-14 19:50:00+00:00,231.570007,231.889999,231.410004,231.470001,55143
2026-08-14 19:55:00+00:00,231.479996,231.750000,231.294998,231.660004,171985
2026-08-17 13:30:00+00:00,230.339996,231.345795,229.949997,230.119995,115853
2026-08-17 13:35:00+00:00,230.100006,230.299103,228.940002,229.660004,70926
2026-08-17 13:40:00+00:00,229.639175,229.775894,228.100006,228.139999,115158
2026-08-17 13:45:00+00:00,228.130005,228.630005,227.639999,228.398804,122044
2026-08-17 13:50:00+00:00,228.455002,228.580002,227.880005,228.000000,63999
2026-08-17 13:55:00+00:00,227.994995,228.039993,227.639999,227.809906,55658
2026-08-17 14:00:00+00:00,227.809998,227.929993,227.485001,227.764999,58544
2026-08-17 14:05:00+00:00,227.750000,228.279999,227.750000,228.089996,41363
2026-08-17 14:10:00+00:00,228.130005,228.649994,227.699997,227.779999,88352
2026-08-17 14:15:00+00:00,227.809906,228.069901,227.530106,227.880005,59555
2026-08-17 14:20:00+00:00,227.998795,228.080002,227.539993,227.914993,31830
2026-08-17 14:25:00+00:00,227.914993,228.460007,227.820007,228.320007,36352
2026-08-17 14:30:00+00:00,228.304993,228.440002,227.570007,227.975006,46310
2026-08-17 14:35:00+00:00,227.975006,228.100006,227.529999,227.634995,42714
2026-08-17 14:40:00+00:00,227.690002,227.869995,227.588196,227.610001,30479
2026-08-17 14:45:00+00:00,227.660004,227.960007,227.330002,227.690002,91894
2026-08-17 14:50:00+00:00,227.720001,228.000000,227.699997,227.809998,58312
2026-08-17 14:55:00+00:00,227.720001,227.970001,227.679993,227.860001,33095
2026-08-17 15:00:00+00:00,227.794998,227.800003,227.389999,227.494995,29945
2026-08-17 15:05:00+00:00,227.419998,227.639999,227.270004,227.429993,128966
2026-08-17 15:10:00+00:00,227.494995,227.809998,227.440002,227.440002,49330
2026-08-17 15:15:00+00:00,227.399994,228.014999,227.399994,227.684998,30897
2026-08-17 15:20:00+00:00,227.800003,227.889999,227.270004,227.395004,33810
2026-08-17 15:25:00+00:00,227.389999,227.419998,227.169998,227.255005,25903
2026-08-17 15:30:00+00:00,227.255005,227.449997,227.210007,227.429993,24289
2026-08-17 15:35:00+00:00,227.410004,227.410004,227.160004,227.205002,36568
2026-08-17 15:40:00+00:00,227.179993,227.511795,227.100006,227.460007,33813
2026-08-17 15:45:00+00:00,227.449997,227.600006,227.395004,227.455002,20614
2026-08-17 15:50:00+00:00,227.449997,227.929993,227.449997,227.929993,17928
2026-08-17 15:55:00+00:00,227.880005,227.899506,227.440002,227.440002,19851
2026-08-17 16:00:00+00:00,227.494995,227.500000,227.100098,227.395004,24484
2026-08-17 16:05:00+00:00,227.330002,227.669998,227.330002,227.410004,21237
2026-08-17 16:10:00+00:00,227.399994,227.815002,227.399994,227.604996,17635
2026-08-17 16:15:00+00:00,227.539993,227.914993,227.539993,227.914993,23207
2026-08-17 16:20:00+00:00,227.854996,227.945007,227.759995,227.759995,18867
2026-08-17 16:25:00+00:00,227.770004,227.809998,227.570007,227.580002,16850
2026-08-17 16:30:00+00:00,227.634995,227.695007,227.479996,227.619995,22263
2026-08-17 16:35:00+00:00,227.669205,228.098007,227.550095,228.050003,21491
2026-08-17 16:40:00+00:00,228.080002,228.164993,227.824997,227.850006,24375
2026-08-17 16:45:00+00:00,227.860001,228.050003,227.800003,227.800003,18680
2026-08-17 16:50:00+00:00,227.759995,227.764999,227.309998,227.384995,28156
2026-08-17 16:55:00+00:00,227.363098,227.460007,227.210007,227.279999,45015
2026-08-17 17:00:00+00:00,227.279999,227.419998,227.210098,227.315002,17742
2026-08-17 17:05:00+00:00,227.270004,227.460007,227.270004,227.369995,15907
2026-08-17 17:10:00+00:00,227.300797,227.520004,227.300797,227.485001,16103
2026-08-17 17:15:00+00:00,227.559998,227.559998,227.309998,227.399994,10095
2026-08-17 17:20:00+00:00,227.380005,227.520004,227.119995,227.119995,26503
2026-08-17 17:25:00+00:00,227.119995,227.210007,227.054993,227.070007,42525
2026-08-17 17:30:00+00:00,227.139999,227.160004,226.860001,226.860001,96899
2026-08-17 17:35:00+00:00,226.899994,226.975006,226.610001,226.610001,40007
2026-08-17 17:40:00+00:00,226.645004,226.883499,226.610001,226.847504,30689
2026-08-17 17:45:00+00:00,226.919998,226.964996,226.520004,226.639999,62282
2026-08-17 17:50:00+00:00,226.600006,226.653000,226.429993,226.514999,32364
2026-08-17 17:55:00+00:00,226.559998,226.600006,226.479996,226.529999,20853
2026-08-17 18:00:00+00:00,226.580002,226.740005,226.455002,226.620102,27554
2026-08-17 18:05:00+00:00,226.660004,226.850006,226.380005,226.404999,41352
2026-08-17 18:10:00+00:00,226.404999,226.490005,226.330002,226.410004,31782
2026-08-17 18:15:00+00:00,226.404999,226.550003,226.259995,226.315002,21210
2026-08-17 18:20:00+00:00,226.255005,226.460098,226.050003,226.429993,38954
2026-08-17 18:25:00+00:00,226.429993,226.634995,226.429993,226.505005,24921
2026-08-17 18:30:00+00:00,226.510101,226.529999,226.320007,226.470001,26094
2026-08-17 18:35:00+00:00,226.529999,227.000000,226.529999,226.955002,35825
2026-08-17 18:40:00+00:00,226.919998,227.059998,226.899994,227.000000,23776
2026-08-17 18:45:00+00:00,226.880005,226.970001,226.800003,226.889999,23028
2026-08-17 18:50:00+00:00,226.970001,226.970001,226.830002,226.909897,17139
2026-08-17 18:55:00+00:00,226.869995,227.240005,226.770004,227.179993,24936
2026-08-17 19:00:00+00:00,227.110001,227.229996,226.940002,227.139999,15816
2026-08-17 19:05:00+00:00,227.139999,227.229996,226.964996,227.191895,17869
2026-08-17 19:10:00+00:00,227.169998,227.500000,227.139999,227.259995,44399
2026-08-17 19:15:00+00:00,227.289993,227.690002,227.229996,227.494995,80065
2026-08-17 19:20:00+00:00,227.490005,227.570007,227.270004,227.294998,23666
2026-08-17 19:25:00+00:00,227.279999,227.279999,227.029999,227.029999,28312
2026-08-17 19:30:00+00:00,227.020004,227.050003,226.679993,226.759995,36875
2026-08-17 19:35:00+00:00,226.750000,226.750000,226.384995,226.384995,39341
2026-08-17 19:40:00+00:00,226.384995,226.423004,226.139999,226.320007,63004
2026-08-17 19:45:00+00:00,226.259995,226.600006,226.240005,226.429993,126279
2026-08-17 19:50:00+00:00,226.419998,226.910004,226.360001,226.839996,168460
2026-08-17 19:55:00+00:00,226.839996,226.910004,225.970001,226.039993,396365
2026-08-18 13:30:00+00:00,225.100006,225.100006,223.222000,223.274002,153684
2026-08-18 13:35:00+00:00,223.520004,224.819901,223.220001,224.645004,107938
2026-08-18 13:40:00+00:00,224.649994,225.770004,224.649994,225.279999,34704
2026-08-18 13:45:00+00:00,225.270004,225.539993,225.000000,225.029999,27056
2026-08-18 13:50:00+00:00,225.080002,225.089996,224.600006,224.753601,30891
2026-08-18 13:55:00+00:00,224.710007,225.210007,224.610107,224.809998,26188
2026-08-18 14:00:00+00:00,225.063004,225.110001,224.510101,224.869995,33613
2026-08-18 14:05:00+00:00,224.735001,224.779999,224.130005,224.184998,76204
2026-08-18 14:10:00+00:00,224.125000,224.289993,223.860107,224.289993,43659
2026-08-18 14:15:00+00:00,224.125000,224.820007,224.119995,224.500000,25936
2026-08-18 14:20:00+00:00,224.679993,224.839996,224.289993,224.839996,28246
2026-08-18 14:25:00+00:00,224.800003,224.949997,224.610001,224.654999,15082
2026-08-18 14:30:00+00:00,224.720001,225.000000,224.619995,224.830002,20269
2026-08-18 14:35:00+00:00,224.830002,225.489899,224.750000,225.489899,18614
2026-08-18 14:40:00+00:00,225.490005,225.600006,224.720001,224.720001,34304
2026-08-18 14:45:00+00:00,224.779999,225.440002,224.779999,225.440002,18673
2026-08-18 14:50:00+00:00,225.404999,225.779999,225.179993,225.404999,26944
2026-08-18 14:55:00+00:00,225.399994,225.710007,225.289993,225.684998,23611
2026-08-18 15:00:00+00:00,225.630005,225.695007,225.259995,225.690002,17554
2026-08-18 15:05:00+00:00,225.656693,226.000000,225.449997,225.449997,25722
2026-08-18 15:10:00+00:00,225.509995,225.589996,225.320007,225.419998,14362
2026-08-18 15:15:00+00:00,225.380005,225.669998,225.380005,225.475006,36036
2026-08-18 15:20:00+00:00,225.369995,226.110001,225.220001,225.750000,152931
2026-08-18 15:25:00+00:00,225.649994,225.699997,225.350006,225.600006,31733
2026-08-18 15:30:00+00:00,225.550003,225.600006,225.160004,225.304993,41051
2026-08-18 15:35:00+00:00,225.300003,225.669998,225.139999,225.669998,19105
2026-08-18 15:40:00+00:00,225.600006,225.779999,225.491608,225.550003,78703
2026-08-18 15:45:00+00:00,225.544998,225.779999,225.544998,225.740005,30166
2026-08-18 15:50:00+00:00,225.789993,225.919998,225.650101,225.770004,25823
2026-08-18 15:55:00+00:00,225.740005,225.779999,225.560104,225.770004,18224
2026-08-18 16:00:00+00:00,225.774994,225.910004,225.699997,225.830002,35631
2026-08-18 16:05:00+00:00,225.835007,225.880005,225.440002,225.500000,32744
2026-08-18 16:10:00+00:00,225.449997,225.520004,225.119995,225.199997,79975
2026-08-18 16:15:00+00:00,225.145004,225.190002,225.020004,225.030106,47722
2026-08-18 16:20:00+00:00,225.029999,225.145004,224.860001,225.039993,45775
2026-08-18 16:25:00+00:00,225.039993,225.104996,224.565002,224.675003,29811
2026-08-18 16:30:00+00:00,224.619995,224.755005,224.561203,224.669998,29674
2026-08-18 16:35:00+00:00,224.770004,224.770004,224.529999,224.600006,34078
2026-08-18 16:40:00+00:00,224.529999,224.600006,224.369995,224.434998,27186
2026-08-18 16:45:00+00:00,224.440002,224.720001,224.440002,224.684998,19849
2026-08-18 16:50:00+00:00,224.639999,224.714996,224.479996,224.610001,18071
2026-08-18 16:55:00+00:00,224.610001,224.779907,224.604996,224.705002,16732
2026-08-18 17:00:00+00:00,224.725006,224.729996,224.449997,224.570007,21930
2026-08-18 17:05:00+00:00,224.639999,224.639999,224.369995,224.470001,30997
2026-08-18 17:10:00+00:00,224.419998,224.500000,224.380005,224.425003,11712
2026-08-18 17:15:00+00:00,224.380005,224.429993,224.210007,224.235001,25124
2026-08-18 17:20:00+00:00,224.214996,224.350006,224.179993,224.199997,21113
2026-08-18 17:25:00+00:00,224.259995,224.300003,224.149994,224.270004,14584
2026-08-18 17:30:00+00:00,224.289993,224.339996,224.190002,224.199997,15543
2026-08-18 17:35:00+00:00,224.260406,224.270004,223.779999,223.779999,27860
2026-08-18 17:40:00+00:00,223.779999,223.830002,223.550003,223.634995,53955
2026-08-18 17:45:00+00:00,223.589996,223.820007,223.529999,223.778503,15702
2026-08-18 17:50:00+00:00,223.735001,224.009995,223.699997,223.900101,18042
2026-08-18 17:55:00+00:00,223.839996,223.990005,223.759995,223.854996,13475
2026-08-18 18:00:00+00:00,223.854996,224.000000,223.639999,223.639999,20819
2026-08-18 18:05:00+00:00,223.679993,223.699997,223.419998,223.449997,48223
2026-08-18 18:10:00+00:00,223.509903,223.899994,223.381805,223.899994,26684
2026-08-18 18:15:00+00:00,223.929993,223.940002,223.560104,223.649994,14621
2026-08-18 18:20:00+00:00,223.649994,223.649994,223.419998,223.460007,23948
2026-08-18 18:25:00+00:00,223.490005,223.990005,223.339996,223.654999,33204
2026-08-18 18:30:00+00:00,223.660004,223.770004,223.660004,223.720001,11415
2026-08-18 18:35:00+00:00,223.740005,223.968796,223.700104,223.955002,31770
2026-08-18 18:40:00+00:00,223.990005,224.210007,223.949997,224.065002,38712
2026-08-18 18:45:00+00:00,224.039993,224.285004,223.889999,224.029999,42109
2026-08-18 18:50:00+00:00,223.979996,224.035095,223.720001,223.729996,19371
2026-08-18 18:55:00+00:00,223.725006,223.839996,223.660004,223.758606,15261
2026-08-18 19:00:00+00:00,223.649994,223.675003,223.550003,223.675003,17261
2026-08-18 19:05:00+00:00,223.690002,223.690002,223.380005,223.414993,46926
2026-08-18 19:10:00+00:00,223.434998,223.529999,223.399994,223.469803,17794
2026-08-18 19:15:00+00:00,223.434998,223.470001,223.029999,223.220001,62704
2026-08-18 19:20:00+00:00,223.220001,223.279495,223.027405,223.239899,66110
2026-08-18 19:25:00+00:00,223.179993,223.380005,223.029999,223.115005,107513
2026-08-18 19:30:00+00:00,223.130005,223.239899,222.910004,222.929993,71143
2026-08-18 19:35:00+00:00,222.964996,223.119995,222.830002,222.869995,37369
2026-08-18 19:40:00+00:00,222.820007,222.990005,222.580002,222.809998,95399
2026-08-18 19:45:00+00:00,222.759995,223.089996,222.710007,222.904205,85409
2026-08-18 19:50:00+00:00,222.899994,223.539993,222.880005,223.205002,147747
2026-08-18 19:55:00+00:00,223.149994,223.289993,222.690002,223.020004,584260
2026-08-19 13:30:00+00:00,223.509995,224.199997,222.380005,223.335007,255247
2026-08-19 13:35:00+00:00,223.294998,224.039993,222.169998,222.339905,105902
2026-08-19 13:40:00+00:00,222.139999,222.139999,221.039993,221.205002,228017
2026-08-19 13:45:00+00:00,221.259995,221.570007,220.199997,220.740005,130117
2026-08-19 13:50:00+00:00,220.759995,221.309998,220.550003,221.309998,79746
2026-08-19 13:55:00+00:00,221.335007,222.192001,221.268005,221.759995,80228
2026-08-19 14:00:00+00:00,221.759995,222.539993,221.585007,222.110001,72126
2026-08-19 14:05:00+00:00,222.210007,222.339996,221.860001,222.235001,67088
2026-08-19 14:10:00+00:00,222.285004,222.520004,221.970093,222.179993,51580
2026-08-19 14:15:00+00:00,222.175095,223.309998,222.175095,223.130005,81938
2026-08-19 14:20:00+00:00,223.199997,223.289993,222.794998,222.880005,41221
2026-08-19 14:25:00+00:00,222.884995,222.940002,222.300003,222.300003,39321
2026-08-19 14:30:00+00:00,222.449997,222.669998,222.175003,222.175003,33451
2026-08-19 14:35:00+00:00,222.175003,222.389999,222.009995,222.300003,38591
2026-08-19 14:40:00+00:00,222.380005,222.479996,222.100006,222.369995,63980
2026-08-19 14:45:00+00:00,222.389999,222.445007,222.190002,222.419998,37718
2026-08-19 14:50:00+00:00,222.419998,222.809998,222.419998,222.625000,63194
2026-08-19 14:55:00+00:00,222.679993,223.350006,222.679993,223.250000,63957
2026-08-19 15:00:00+00:00,223.250000,223.539993,223.050003,223.104996,43318
2026-08-19 15:05:00+00:00,223.169998,223.190002,222.389999,222.589996,56736
2026-08-19 15:10:00+00:00,222.589996,222.612381,222.179993,222.425003,42699
2026-08-19 15:15:00+00:00,222.380005,222.570007,222.240005,222.327499,56847
2026-08-19 15:20:00+00:00,222.320007,222.539993,222.270004,222.350006,29240
2026-08-19 15:25:00+00:00,222.320007,222.649994,222.130005,222.470001,36568
2026-08-19 15:30:00+00:00,222.529999,222.630005,222.300003,222.619995,23274
2026-08-19 15:35:00+00:00,222.669998,222.690002,222.289993,222.304993,59117
2026-08-19 15:40:00+00:00,222.320007,222.320007,221.949997,222.085007,56661
2026-08-19 15:45:00+00:00,222.070007,222.509995,222.070007,222.130005,34401
2026-08-19 15:50:00+00:00,222.119995,222.350006,221.830002,221.865005,38797
2026-08-19 15:55:00+00:00,221.815002,222.020004,221.815002,221.899994,25832
2026-08-19 16:00:00+00:00,221.820007,221.979996,221.630005,221.804993,30688
2026-08-19 16:05:00+00:00,221.792297,222.035004,221.792297,222.035004,33791
2026-08-19 16:10:00+00:00,221.979996,222.179993,221.869995,221.960007,65533
2026-08-19 16:15:00+00:00,221.910095,222.029999,221.639999,221.669998,44916
2026-08-19 16:20:00+00:00,221.699997,221.729996,221.460007,221.500000,70271
2026-08-19 16:25:00+00:00,221.509995,221.679993,221.259995,221.330002,41664
2026-08-19 16:30:00+00:00,221.270004,221.410004,221.149994,221.369995,66998
2026-08-19 16:35:00+00:00,221.440002,221.580002,221.303528,221.399994,27103
2026-08-19 16:40:00+00:00,221.449997,221.580002,221.259995,221.509995,45872
2026-08-19 16:45:00+00:00,221.479996,221.865005,221.470001,221.729996,40894
2026-08-19 16:50:00+00:00,221.729996,221.750000,221.380005,221.479996,31861
2026-08-19 16:55:00+00:00,221.485001,221.485001,221.250000,221.300003,49496
2026-08-19 17:00:00+00:00,221.270004,221.389999,221.149994,221.175003,24545
2026-08-19 17:05:00+00:00,221.172806,221.339996,220.779999,220.779999,40626
2026-08-19 17:10:00+00:00,220.750107,221.119995,220.750107,221.039993,42228
2026-08-19 17:15:00+00:00,221.179993,221.383606,221.100006,221.160095,20661
2026-08-19 17:20:00+00:00,221.154999,221.289993,221.009995,221.209900,22982
2026-08-19 17:25:00+00:00,221.125107,221.324997,221.089996,221.250000,19853
2026-08-19 17:30:00+00:00,221.274994,221.565002,221.050003,221.479996,34876
2026-08-19 17:35:00+00:00,221.548492,221.548492,221.169998,221.169998,27205
2026-08-19 17:40:00+00:00,221.149994,221.279999,220.990005,221.000000,46813
2026-08-19 17:45:00+00:00,221.070007,221.249893,220.899994,221.080002,52293
2026-08-19 17:50:00+00:00,221.080002,222.559998,221.075638,222.480301,204215
2026-08-19 17:55:00+00:00,222.524994,222.557495,222.119995,222.300003,34368
2026-08-19 18:00:00+00:00,222.220001,222.589996,222.220001,222.365005,46194
2026-08-19 18:05:00+00:00,222.300003,222.354996,221.725006,221.929993,27415
2026-08-19 18:10:00+00:00,221.880005,221.940002,221.630005,221.860001,20726
2026-08-19 18:15:00+00:00,221.810104,222.044998,221.779999,221.899994,27442
2026-08-19 18:20:00+00:00,221.899994,221.970001,221.759995,221.789993,15649
2026-08-19 18:25:00+00:00,221.804993,221.899994,221.600006,221.839996,53934
2026-08-19 18:30:00+00:00,221.845001,222.100006,221.830002,222.087799,23507
2026-08-19 18:35:00+00:00,222.095001,222.160004,221.970001,222.070007,17847
2026-08-19 18:40:00+00:00,222.089996,222.330002,222.000000,222.050003,41494
2026-08-19 18:45:00+00:00,222.054993,222.199997,221.919998,221.929993,30772
2026-08-19 18:50:00+00:00,221.960007,222.050003,221.820007,221.880005,32342
2026-08-19 18:55:00+00:00,221.904999,221.940002,221.789993,221.830002,35959
2026-08-19 19:00:00+00:00,221.770004,222.063293,221.740005,221.873718,48879
2026-08-19 19:05:00+00:00,221.889999,221.979996,221.860001,221.919998,35633
2026-08-19 19:10:00+00:00,221.934998,222.039993,221.850006,221.919998,46451
2026-08-19 19:15:00+00:00,221.895004,222.160004,221.809998,222.074997,52047
2026-08-19 19:20:00+00:00,222.085007,222.570007,222.039993,222.470001,63839
2026-08-19 19:25:00+00:00,222.419998,222.600006,222.154999,222.169998,68376
2026-08-19 19:30:00+00:00,222.169998,222.520004,222.169998,222.330002,63224
2026-08-19 19:35:00+00:00,222.330002,222.330002,221.800003,221.839996,44672
2026-08-19 19:40:00+00:00,221.839996,221.880005,221.354996,221.354996,59999
2026-08-19 19:45:00+00:00,221.354996,221.750000,221.354996,221.639999,81910
2026-08-19 19:50:00+00:00,221.580002,221.625000,221.130005,221.389999,133736
2026-08-19 19:55:00+00:00,221.360001,222.289993,221.229996,222.259995,499999
2026-08-20 13:30:00+00:00,220.399994,221.110001,220.009995,220.929993,109671
2026-08-20 13:35:00+00:00,220.919998,221.089996,220.149994,220.445007,37636
2026-08-20 13:40:00+00:00,220.445007,220.869995,220.350006,220.429993,57445
2026-08-20 13:45:00+00:00,220.429993,220.860001,219.850006,219.979996,199868
2026-08-20 13:50:00+00:00,219.910004,219.958099,219.080002,219.520004,90665
2026-08-20 13:55:00+00:00,219.517120,219.619995,219.199997,219.244995,59421
2026-08-20 14:00:00+00:00,219.199997,219.750000,219.199997,219.478500,93352
2026-08-20 14:05:00+00:00,219.380005,219.559998,219.070007,219.340103,84437
2026-08-20 14:10:00+00:00,219.520004,219.600006,219.080002,219.125000,41660
2026-08-20 14:15:00+00:00,219.115005,219.250000,219.009995,219.030106,55920
2026-08-20 14:20:00+00:00,219.065002,219.500000,218.880005,219.059998,82835
2026-08-20 14:25:00+00:00,219.009995,219.220001,218.330002,218.710007,139473
2026-08-20 14:30:00+00:00,218.660004,219.270004,218.500000,219.104996,59503
2026-08-20 14:35:00+00:00,219.104996,219.304993,218.929993,218.929993,81548
2026-08-20 14:40:00+00:00,218.919998,219.009995,218.460007,218.505005,40952
2026-08-20 14:45:00+00:00,218.492493,218.574997,218.250000,218.414993,59859
2026-08-20 14:50:00+00:00,218.380005,218.419998,217.759995,217.994995,99280
2026-08-20 14:55:00+00:00,217.990005,218.175003,217.860001,217.990005,30227
2026-08-20 15:00:00+00:00,217.990005,218.190002,217.639999,217.726501,66372
2026-08-20 15:05:00+00:00,217.660004,217.669998,216.919998,217.191193,142300
2026-08-20 15:10:00+00:00,217.154999,217.850006,216.779999,217.699997,95145
2026-08-20 15:15:00+00:00,217.699997,217.970001,217.550003,217.850006,76230
2026-08-20 15:20:00+00:00,217.899994,217.940002,217.429993,217.764999,58361
2026-08-20 15:25:00+00:00,217.764999,218.274994,217.750000,218.110001,41231
2026-08-20 15:30:00+00:00,218.050003,218.050003,217.619995,217.899994,53823
2026-08-20 15:35:00+00:00,217.800003,217.839996,216.970001,217.039993,96020
2026-08-20 15:40:00+00:00,217.039993,217.149994,216.539993,216.544998,111337
2026-08-20 15:45:00+00:00,216.589996,216.899994,216.520004,216.660004,54972
2026-08-20 15:50:00+00:00,216.649994,216.798203,216.110001,216.240005,59190
2026-08-20 15:55:00+00:00,216.240005,216.527603,216.234756,216.527603,37521
2026-08-20 16:00:00+00:00,216.550003,217.035004,216.460007,216.979996,46237
2026-08-20 16:05:00+00:00,216.940002,217.449997,216.899994,217.005005,131880
2026-08-20 16:10:00+00:00,217.005005,217.009995,216.339996,216.369995,79181
2026-08-20 16:15:00+00:00,216.389999,216.639999,216.169998,216.190002,74130
2026-08-20 16:20:00+00:00,216.139999,216.212036,215.740005,215.835007,138413
2026-08-20 16:25:00+00:00,215.860001,216.528107,215.750000,216.220001,101745
2026-08-20 16:30:00+00:00,216.179993,216.427505,215.850098,216.369995,33663
2026-08-20 16:35:00+00:00,216.350006,216.580002,216.250000,216.570007,27618
2026-08-20 16:40:00+00:00,216.580002,216.630005,216.199997,216.250000,42429
2026-08-20 16:45:00+00:00,216.264999,216.264999,215.770004,215.979996,56745
2026-08-20 16:50:00+00:00,216.089996,216.179993,215.500000,215.809998,60730
2026-08-20 16:55:00+00:00,215.820007,215.979996,215.755005,215.899994,33037
2026-08-20 17:00:00+00:00,215.899994,215.929993,215.050003,215.460007,219652
2026-08-20 17:05:00+00:00,215.509995,215.630005,215.190094,215.250000,44424
2026-08-20 17:10:00+00:00,215.339996,215.500000,214.979996,215.175003,202697
2026-08-20 17:15:00+00:00,215.229996,215.289993,214.987747,215.035004,77146
2026-08-20 17:20:00+00:00,215.044998,215.359894,214.990005,215.205002,33240
2026-08-20 17:25:00+00:00,215.205002,215.550003,215.205002,215.520004,118812
2026-08-20 17:30:00+00:00,215.449997,215.449997,215.169998,215.350006,53904
2026-08-20 17:35:00+00:00,215.259995,215.350006,215.020004,215.149994,24656
2026-08-20 17:40:00+00:00,215.145004,215.240005,215.020004,215.020004,39240
2026-08-20 17:45:00+00:00,215.050003,215.324997,214.960007,215.014999,89306
2026-08-20 17:50:00+00:00,215.014999,215.289993,214.960007,214.960007,69652
2026-08-20 17:55:00+00:00,215.005005,215.005005,214.330093,214.449997,91089
2026-08-20 18:00:00+00:00,214.449997,214.914993,214.250000,214.755005,113560
2026-08-20 18:05:00+00:00,214.789993,214.860001,214.309998,214.679993,92401
2026-08-20 18:10:00+00:00,214.675003,214.800003,214.309998,214.335007,62212
2026-08-20 18:15:00+00:00,214.350006,214.585007,214.119995,214.585007,76931
2026-08-20 18:20:00+00:00,214.559998,214.910004,214.550003,214.809998,45093
2026-08-20 18:25:00+00:00,214.857193,215.350006,214.710007,215.300003,186030
2026-08-20 18:30:00+00:00,215.320007,215.789993,215.320007,215.669998,234228
2026-08-20 18:35:00+00:00,215.669998,215.750000,215.335007,215.529999,103967
2026-08-20 18:40:00+00:00,215.460007,215.731003,215.270004,215.731003,49481
2026-08-20 18:45:00+00:00,215.664993,216.059998,215.590103,215.869995,41640
2026-08-20 18:50:00+00:00,215.914993,216.645004,215.914993,216.350006,109641
2026-08-20 18:55:00+00:00,216.354996,216.554092,216.000107,216.050003,35670
2026-08-20 19:00:00+00:00,216.050003,216.380005,216.009995,216.380005,34120
2026-08-20 19:05:00+00:00,216.380005,216.529999,216.330002,216.354996,26249
2026-08-20 19:10:00+00:00,216.354996,216.445007,216.199997,216.320007,29708
2026-08-20 19:15:00+00:00,216.320007,216.419998,216.169998,216.389999,43583
2026-08-20 19:20:00+00:00,216.419998,216.740005,216.149994,216.315002,209909
2026-08-20 19:25:00+00:00,216.354996,216.360001,215.702103,215.729996,60209
2026-08-20 19:30:00+00:00,215.729996,216.039993,215.050003,215.050003,87870
2026-08-20 19:35:00+00:00,215.085007,216.000000,215.050003,215.419998,152869
2026-08-20 19:40:00+00:00,215.429993,215.533798,214.850006,214.895004,78649
2026-08-20 19:45:00+00:00,214.919998,214.919998,214.429993,214.664993,121705
2026-08-20 19:50:00+00:00,214.609207,215.500000,214.509995,215.410004,405469
2026-08-20 19:55:00+00:00,215.404999,215.500000,214.970001,215.199997,481733
2026-08-21 13:30:00+00:00,215.669998,216.460007,214.020004,214.410004,448102
2026-08-21 13:35:00+00:00,214.240005,214.455002,213.330002,213.970001,153928
2026-08-21 13:40:00+00:00,214.001083,215.000000,214.000000,214.707901,80792
2026-08-21 13:45:00+00:00,214.679993,214.679993,214.059998,214.095001,50035
2026-08-21 13:50:00+00:00,214.039993,214.654999,213.979996,214.339905,97386
2026-08-21 13:55:00+00:00,214.255005,214.860001,214.169998,214.770004,50015
2026-08-21 14:00:00+00:00,214.765503,214.889999,214.274994,214.869995,80848
2026-08-21 14:05:00+00:00,215.000000,215.000000,213.779999,214.039993,102254
2026-08-21 14:10:00+00:00,214.039993,214.453003,213.860001,214.059998,71160
2026-08-21 14:15:00+00:00,214.110001,214.190002,213.759995,213.960007,57513
2026-08-21 14:20:00+00:00,214.000000,214.160004,213.699997,213.964996,66274
2026-08-21 14:25:00+00:00,213.964996,214.100006,213.750000,213.770004,47777
2026-08-21 14:30:00+00:00,213.750000,213.949905,213.699997,213.809998,45010
2026-08-21 14:35:00+00:00,213.809998,213.899994,213.399994,213.690002,65531
2026-08-21 14:40:00+00:00,213.684998,213.684998,213.300003,213.449997,77981
2026-08-21 14:45:00+00:00,213.449997,213.490005,212.850006,212.960007,626968
2026-08-21 14:50:00+00:00,213.020004,213.270004,212.750000,212.912506,70464
2026-08-21 14:55:00+00:00,212.910004,213.099899,212.820007,212.899994,58656
2026-08-21 15:00:00+00:00,212.964996,213.529999,212.839996,213.479996,109900
2026-08-21 15:05:00+00:00,213.549896,213.750000,213.224197,213.277496,103213
2026-08-21 15:10:00+00:00,213.289993,213.539993,213.229996,213.289993,30646
2026-08-21 15:15:00+00:00,213.289993,213.479797,213.119995,213.270004,179694
2026-08-21 15:20:00+00:00,213.324997,213.565002,213.260101,213.535004,30105
2026-08-21 15:25:00+00:00,213.570007,213.570007,213.250000,213.520004,22905
2026-08-21 15:30:00+00:00,213.520004,213.600006,213.199997,213.485001,49154
2026-08-21 15:35:00+00:00,213.539993,213.759995,213.360001,213.679993,93163
2026-08-21 15:40:00+00:00,213.625000,213.770004,213.505005,213.684998,21818
2026-08-21 15:45:00+00:00,213.690002,213.750000,213.210007,213.240005,34808
2026-08-21 15:50:00+00:00,213.330002,213.899994,213.240005,213.820007,39925
2026-08-21 15:55:00+00:00,213.899902,213.899902,213.640106,213.645004,31629
2026-08-21 16:00:00+00:00,213.600006,213.639999,213.210007,213.309998,48938
2026-08-21 16:05:00+00:00,213.309998,213.600006,213.190002,213.529999,41725
2026-08-21 16:10:00+00:00,213.539993,213.690002,213.250000,213.339493,29138
2026-08-21 16:15:00+00:00,213.330002,213.399994,213.149994,213.154999,26771
2026-08-21 16:20:00+00:00,213.169998,213.544998,213.039993,213.210007,49718
2026-08-21 16:25:00+00:00,213.154999,213.475006,213.145004,213.414993,32646
2026-08-21 16:30:00+00:00,213.414993,213.470001,213.039993,213.159897,32959
2026-08-21 16:35:00+00:00,213.079697,213.550003,213.020004,213.550003,66010
2026-08-21 16:40:00+00:00,213.460007,213.494003,213.220001,213.229996,32465
2026-08-21 16:45:00+00:00,213.259995,213.479996,212.919998,213.070007,76342
2026-08-21 16:50:00+00:00,213.089996,213.110001,212.850006,213.005005,137840
2026-08-21 16:55:00+00:00,212.990005,213.410004,212.945007,213.250000,52344
2026-08-21 17:00:00+00:00,213.134995,213.389999,213.080002,213.250000,33653
2026-08-21 17:05:00+00:00,213.299896,213.639999,213.244995,213.330002,45369
2026-08-21 17:10:00+00:00,213.419998,213.619995,213.240005,213.240005,39175
2026-08-21 17:15:00+00:00,213.235001,213.440002,213.179993,213.179993,24860
2026-08-21 17:20:00+00:00,213.195007,213.380005,213.179993,213.320007,24338
2026-08-21 17:25:00+00:00,213.300003,213.770004,213.279999,213.440002,103416
2026-08-21 17:30:00+00:00,213.434998,213.449997,213.240005,213.330002,69546
2026-08-21 17:35:00+00:00,213.250000,213.384995,213.200104,213.270004,26424
2026-08-21 17:40:00+00:00,213.244995,213.740005,213.240005,213.509995,43391
2026-08-21 17:45:00+00:00,213.559998,213.580002,213.419998,213.524994,31549
2026-08-21 17:50:00+00:00,213.509995,214.000000,213.294998,213.895004,107461
2026-08-21 17:55:00+00:00,213.945007,214.289993,213.919998,214.259995,38425
2026-08-21 18:00:00+00:00,214.259995,214.300003,213.899994,213.990005,41821
2026-08-21 18:05:00+00:00,214.035004,214.089996,213.889999,213.990005,36777
2026-08-21 18:10:00+00:00,213.985001,214.029999,213.809998,213.884995,51917
2026-08-21 18:15:00+00:00,213.884995,213.919998,213.539993,213.600006,37649
2026-08-21 18:20:00+00:00,213.660294,213.684998,213.500107,213.570007,24676
2026-08-21 18:25:00+00:00,213.600006,213.600006,213.384995,213.520004,24416
2026-08-21 18:30:00+00:00,213.539993,213.710007,213.449997,213.710007,32673
2026-08-21 18:35:00+00:00,213.759995,213.800003,213.699997,213.759995,23019
2026-08-21 18:40:00+00:00,213.740005,213.845001,213.699997,213.699997,19437
2026-08-21 18:45:00+00:00,213.779999,213.895004,213.718506,213.800003,25402
2026-08-21 18:50:00+00:00,213.809998,213.899994,213.740005,213.830002,28881
2026-08-21 18:55:00+00:00,213.794998,213.929993,213.729996,213.904999,42686
2026-08-21 19:00:00+00:00,213.977493,214.149994,213.900101,214.145996,35801
2026-08-21 19:05:00+00:00,214.104996,214.380005,214.044998,214.300003,40285
2026-08-21 19:10:00+00:00,214.285004,214.285004,214.041000,214.179993,36770
2026-08-21 19:15:00+00:00,214.210007,214.220001,213.899994,214.000000,43234
2026-08-21 19:20:00+00:00,213.979996,214.080002,213.815002,213.882507,68324
2026-08-21 19:25:00+00:00,213.904999,213.955002,213.710007,213.869995,109290
2026-08-21 19:30:00+00:00,213.845001,213.869995,213.619995,213.699997,40004
2026-08-21 19:35:00+00:00,213.705002,213.899994,213.667496,213.852493,58034
2026-08-21 19:40:00+00:00,213.850006,213.850006,213.610001,213.725006,61830
2026-08-21 19:45:00+00:00,213.710007,213.945007,213.570007,213.699997,136981
2026-08-21 19:50:00+00:00,213.630005,214.259995,213.455002,214.250000,146878
2026-08-21 19:55:00+00:00,214.220001,214.449997,214.009995,214.210007,294959
2026-08-24 13:30:00+00:00,212.860001,213.309998,210.770004,211.020004,512482
2026-08-24 13:35:00+00:00,211.029999,211.389999,210.750000,210.960007,132483
2026-08-24 13:40:00+00:00,210.960007,211.410004,210.600006,210.600006,137109
2026-08-24 13:45:00+00:00,210.604996,211.960007,210.399994,211.645599,134955
2026-08-24 13:50:00+00:00,211.675003,211.800003,211.399994,211.560104,100490
2026-08-24 13:55:00+00:00,211.619995,211.919998,211.220001,211.220001,50167
2026-08-24 14:00:00+00:00,211.330307,211.459900,210.770004,210.835007,107740
2026-08-24 14:05:00+00:00,210.779999,211.009995,210.350006,210.490005,89543
2026-08-24 14:10:00+00:00,210.500000,210.509995,209.580002,209.880005,258214
2026-08-24 14:15:00+00:00,209.854996,210.039993,209.740005,209.839996,60775
2026-08-24 14:20:00+00:00,209.839996,210.220001,209.779999,209.880005,64665
2026-08-24 14:25:00+00:00,209.860001,210.300003,209.800003,209.809998,61474
2026-08-24 14:30:00+00:00,209.800003,210.059998,209.669998,209.759995,105038
2026-08-24 14:35:00+00:00,209.725006,209.924606,209.600006,209.652496,41883
2026-08-24 14:40:00+00:00,209.600006,209.910004,209.419998,209.639999,285182
2026-08-24 14:45:00+00:00,209.610001,209.934998,209.500000,209.670105,61850
2026-08-24 14:50:00+00:00,209.735001,209.869995,209.289993,209.565002,98418
2026-08-24 14:55:00+00:00,209.529999,209.600006,209.240005,209.300003,78072
2026-08-24 15:00:00+00:00,209.300003,209.350006,208.800003,208.955994,144801
2026-08-24 15:05:00+00:00,208.935593,209.070007,208.839996,208.884995,97250
2026-08-24 15:10:00+00:00,208.869995,209.384995,208.800003,209.330002,86934
2026-08-24 15:15:00+00:00,209.339996,209.339996,209.119995,209.229996,62002
2026-08-24 15:20:00+00:00,209.225006,209.535004,209.147003,209.429993,53920
2026-08-24 15:25:00+00:00,209.500000,209.559998,209.244995,209.384995,152768
2026-08-24 15:30:00+00:00,209.384995,209.449997,209.100006,209.100006,37481
2026-08-24 15:35:00+00:00,209.059998,209.380005,208.945007,209.199997,54974
2026-08-24 15:40:00+00:00,209.149994,209.440002,209.115005,209.372498,51609
2026-08-24 15:45:00+00:00,209.354996,209.589996,209.229996,209.229996,51358
2026-08-24 15:50:00+00:00,209.175003,209.330002,209.100098,209.210007,35992
2026-08-24 15:55:00+00:00,209.250000,209.570007,209.220001,209.440002,38671
2026-08-24 16:00:00+00:00,209.470001,209.669998,209.300003,209.529999,46154
2026-08-24 16:05:00+00:00,209.559998,209.610001,209.100006,209.149994,38479
2026-08-24 16:10:00+00:00,209.100006,209.410004,209.000000,209.050598,63654
2026-08-24 16:15:00+00:00,209.109100,209.440002,209.029999,209.279999,71265
2026-08-24 16:20:00+00:00,209.259995,209.259995,208.934998,208.934998,46726
2026-08-24 16:25:00+00:00,208.925003,209.149994,208.850006,209.134995,222152
2026-08-24 16:30:00+00:00,209.115005,209.134995,208.820007,208.820007,66377
2026-08-24 16:35:00+00:00,208.820007,209.139999,208.699997,208.750000,211681
2026-08-24 16:40:00+00:00,208.789993,209.440002,208.779999,209.279999,62308
2026-08-24 16:45:00+00:00,209.255005,209.500000,209.199997,209.365005,44638
2026-08-24 16:50:00+00:00,209.389999,209.399994,209.179993,209.250000,26290
2026-08-24 16:55:00+00:00,209.220001,209.685501,209.220001,209.685501,27230
2026-08-24 17:00:00+00:00,209.690002,210.000000,209.669998,209.935501,47864
2026-08-24 17:05:00+00:00,209.940002,210.309998,209.880295,210.130005,47810
2026-08-24 17:10:00+00:00,210.125000,210.432999,210.125000,210.350006,46851
2026-08-24 17:15:00+00:00,210.389999,210.550003,210.229996,210.445007,45849
2026-08-24 17:20:00+00:00,210.414993,210.449997,210.139999,210.195007,39757
2026-08-24 17:25:00+00:00,210.190002,210.220001,210.039993,210.154495,33289
2026-08-24 17:30:00+00:00,210.119995,210.250000,209.919998,209.919998,30356
2026-08-24 17:35:00+00:00,210.070007,210.169998,209.809998,209.919998,37870
2026-08-24 17:40:00+00:00,209.910004,209.910004,209.570007,209.604996,77584
2026-08-24 17:45:00+00:00,209.639999,209.729904,209.369995,209.429993,47938
2026-08-24 17:50:00+00:00,209.384995,209.449997,209.199997,209.330002,49460
2026-08-24 17:55:00+00:00,209.429993,209.500000,209.300095,209.500000,23048
2026-08-24 18:00:00+00:00,209.500000,209.612000,209.080002,209.104996,32575
2026-08-24 18:05:00+00:00,209.104996,209.475006,209.104996,209.395004,33024
2026-08-24 18:10:00+00:00,209.395004,209.850006,209.395004,209.839996,49620
2026-08-24 18:15:00+00:00,209.839996,209.940002,209.589996,209.755005,48100
2026-08-24 18:20:00+00:00,209.800003,209.945007,209.679993,209.884995,57595
2026-08-24 18:25:00+00:00,209.889999,210.000000,209.865005,209.960007,40833
2026-08-24 18:30:00+00:00,209.990005,210.100006,209.899994,209.929001,32656
2026-08-24 18:35:00+00:00,209.899994,210.130005,209.850006,210.119995,34562
2026-08-24 18:40:00+00:00,210.125610,210.350006,210.080002,210.350006,40085
2026-08-24 18:45:00+00:00,210.330002,210.440002,210.180099,210.275101,145279
2026-08-24 18:50:00+00:00,210.339905,210.574997,210.089996,210.199997,33221
2026-08-24 18:55:00+00:00,210.240005,210.289902,210.104996,210.164993,22798
2026-08-24 19:00:00+00:00,210.190002,210.330002,210.119995,210.229996,26854
2026-08-24 19:05:00+00:00,210.229996,210.320007,210.154999,210.199997,70637
2026-08-24 19:10:00+00:00,210.199997,210.289993,210.110001,210.259995,33012
2026-08-24 19:15:00+00:00,210.279999,210.354996,210.110001,210.274994,45539
2026-08-24 19:20:00+00:00,210.274994,210.335007,210.100006,210.110001,46684
2026-08-24 19:25:00+00:00,210.100006,210.179993,210.029999,210.110001,35893
2026-08-24 19:30:00+00:00,210.099899,210.240005,210.039993,210.160004,56268
2026-08-24 19:35:00+00:00,210.130005,210.320007,210.130005,210.210007,43050
2026-08-24 19:40:00+00:00,210.210007,210.419998,210.070007,210.410004,64915
2026-08-24 19:45:00+00:00,210.429993,210.500000,210.179993,210.475006,60818
2026-08-24 19:50:00+00:00,210.485001,210.514999,210.149994,210.509995,93244
2026-08-24 19:55:00+00:00,210.514999,210.789993,210.309998,210.440002,313210
2026-08-25 13:30:00+00:00,212.494995,212.940002,211.710007,211.860001,289817
2026-08-25 13:35:00+00:00,211.899994,212.500000,211.399994,212.389999,132634
2026-08-25 13:40:00+00:00,212.399231,212.709900,211.630005,211.929993,139285
2026-08-25 13:45:00+00:00,211.919998,211.960007,211.130005,211.839996,105508
2026-08-25 13:50:00+00:00,211.750000,212.389999,211.750000,212.100006,90731
2026-08-25 13:55:00+00:00,212.100006,212.589996,211.500000,211.809998,62325
2026-08-25 14:00:00+00:00,211.820007,212.270004,211.690002,212.184998,84426
2026-08-25 14:05:00+00:00,212.100006,212.330002,211.800003,212.302505,43459
2026-08-25 14:10:00+00:00,212.410004,212.479996,212.039993,212.145004,53661
2026-08-25 14:15:00+00:00,212.130005,212.529999,212.119995,212.309998,75873
2026-08-25 14:20:00+00:00,212.309998,212.460007,212.250000,212.404999,34658
2026-08-25 14:25:00+00:00,212.470001,212.479996,211.979996,212.025406,63609
2026-08-25 14:30:00+00:00,211.975006,211.975006,211.110001,211.369995,91047
2026-08-25 14:35:00+00:00,211.300095,211.360001,211.070007,211.332504,35882
2026-08-25 14:40:00+00:00,211.309998,211.539902,211.160004,211.369904,50795
2026-08-25 14:45:00+00:00,211.350006,211.449997,211.179993,211.294907,53701
2026-08-25 14:50:00+00:00,211.369995,211.520004,211.290100,211.425003,38980
2026-08-25 14:55:00+00:00,211.380005,211.570007,211.350006,211.369995,37827
2026-08-25 15:00:00+00:00,211.414993,211.535004,211.309998,211.309998,31807
2026-08-25 15:05:00+00:00,211.310104,211.699997,211.309998,211.664993,32395
2026-08-25 15:10:00+00:00,211.664993,211.740005,211.175003,211.184998,29814
2026-08-25 15:15:00+00:00,211.210007,211.645004,211.100006,211.645004,62624
2026-08-25 15:20:00+00:00,211.710007,211.739899,211.429993,211.429993,60284
2026-08-25 15:25:00+00:00,211.410004,211.600006,211.210007,211.285004,53778
2026-08-25 15:30:00+00:00,211.259995,211.460007,211.119995,211.419998,53138
2026-08-25 15:35:00+00:00,211.425003,211.699997,211.110001,211.250000,41850
2026-08-25 15:40:00+00:00,211.279999,211.600006,211.190002,211.600006,52970
2026-08-25 15:45:00+00:00,211.550003,211.815002,211.470001,211.815002,26403
2026-08-25 15:50:00+00:00,211.729996,211.899994,211.660004,211.820007,31935
2026-08-25 15:55:00+00:00,211.839996,211.960007,211.839996,211.949905,16057
2026-08-25 16:00:00+00:00,211.880005,212.029999,211.729996,211.889999,39363
2026-08-25 16:05:00+00:00,211.979904,211.979904,211.679993,211.692200,13187
2026-08-25 16:10:00+00:00,211.639999,211.699997,211.529999,211.550003,21712
2026-08-25 16:15:00+00:00,211.550003,211.600006,211.009995,211.011002,57920
2026-08-25 16:20:00+00:00,211.050003,211.120300,210.850006,211.120300,36445
2026-08-25 16:25:00+00:00,211.039993,211.149994,211.039993,211.115005,25520
2026-08-25 16:30:00+00:00,211.115005,211.300003,211.050003,211.065002,41412
2026-08-25 16:35:00+00:00,211.080002,211.130005,211.000000,211.059998,26096
2026-08-25 16:40:00+00:00,211.039993,211.149994,211.020004,211.080002,26260
2026-08-25 16:45:00+00:00,211.100006,211.380005,211.089996,211.279999,35622
2026-08-25 16:50:00+00:00,211.235001,211.250000,211.050003,211.050003,21479
2026-08-25 16:55:00+00:00,211.050003,211.300003,211.050003,211.300003,22877
2026-08-25 17:00:00+00:00,211.235001,211.250000,211.020004,211.179993,29567
2026-08-25 17:05:00+00:00,211.130005,211.309998,211.130005,211.309998,21565
2026-08-25 17:10:00+00:00,211.289993,211.289993,211.080002,211.259995,16523
2026-08-25 17:15:00+00:00,211.240005,211.259995,211.110001,211.147095,19003
2026-08-25 17:20:00+00:00,211.149994,211.160004,211.020004,211.044998,21890
2026-08-25 17:25:00+00:00,211.044998,211.110001,211.020004,211.054993,32092
2026-08-25 17:30:00+00:00,211.009995,211.020004,210.699997,210.820007,44536
2026-08-25 17:35:00+00:00,210.820007,210.839996,210.699997,210.759903,37899
2026-08-25 17:40:00+00:00,210.729996,210.750000,210.610001,210.610001,34567
2026-08-25 17:45:00+00:00,210.610001,210.669998,210.490005,210.570007,52656
2026-08-25 17:50:00+00:00,210.580002,210.710007,210.520004,210.559998,23034
2026-08-25 17:55:00+00:00,210.573807,210.679993,210.419998,210.445007,29376
2026-08-25 18:00:00+00:00,210.445007,210.630005,210.200104,210.200104,27796
2026-08-25 18:05:00+00:00,210.259995,210.399902,210.110001,210.330002,36363
2026-08-25 18:10:00+00:00,210.375000,210.619995,210.375000,210.514999,45547
2026-08-25 18:15:00+00:00,210.520004,210.619995,210.408493,210.535004,44727
2026-08-25 18:20:00+00:00,210.600006,210.850006,210.520096,210.830002,76564
2026-08-25 18:25:00+00:00,210.820007,210.839996,210.539993,210.669998,23875
2026-08-25 18:30:00+00:00,210.610001,210.705002,210.580002,210.615005,36206
2026-08-25 18:35:00+00:00,210.580002,210.595001,210.468994,210.479996,32573
2026-08-25 18:40:00+00:00,210.509995,210.550003,210.470001,210.550003,25312
2026-08-25 18:45:00+00:00,210.589996,210.660004,210.550003,210.619995,28279
2026-08-25 18:50:00+00:00,210.600006,210.619995,210.370102,210.539993,41012
2026-08-25 18:55:00+00:00,210.509995,210.529999,210.380005,210.399994,37147
2026-08-25 19:00:00+00:00,210.399994,210.489899,210.330002,210.409897,30455
2026-08-25 19:05:00+00:00,210.410004,210.880005,210.410004,210.824997,79714
2026-08-25 19:10:00+00:00,210.824997,210.899994,210.500000,210.524994,75028
2026-08-25 19:15:00+00:00,210.490005,210.779999,210.470001,210.755005,37328
2026-08-25 19:20:00+00:00,210.720093,211.059998,210.649994,211.059998,53111
2026-08-25 19:25:00+00:00,211.070007,211.410004,210.955002,211.330002,167161
2026-08-25 19:30:00+00:00,211.330002,211.479996,211.154999,211.479996,84174
2026-08-25 19:35:00+00:00,211.425003,211.699997,211.414993,211.509995,62108
2026-08-25 19:40:00+00:00,211.505005,211.690002,211.430099,211.595001,58291
2026-08-25 19:45:00+00:00,211.559998,211.600006,211.100006,211.100006,75438
2026-08-25 19:50:00+00:00,211.115005,211.169998,210.914993,211.125000,123625
2026-08-25 19:55:00+00:00,211.149994,211.210007,210.720001,211.089996,310415
2026-08-26 13:30:00+00:00,211.779999,212.429993,210.750000,211.059998,133854
2026-08-26 13:35:00+00:00,211.020004,212.089905,210.600006,212.089905,61407
2026-08-26 13:40:00+00:00,212.050003,212.500000,211.570007,212.080093,86294
2026-08-26 13:45:00+00:00,212.080002,212.399994,210.964996,210.964996,87356
2026-08-26 13:50:00+00:00,210.964996,211.779999,210.850006,211.714996,43285
2026-08-26 13:55:00+00:00,211.779999,212.000000,211.589996,211.839996,61256
2026-08-26 14:00:00+00:00,211.904999,211.904999,211.550003,211.800003,47148
2026-08-26 14:05:00+00:00,211.714996,212.029999,211.244995,211.354996,58103
2026-08-26 14:10:00+00:00,211.449997,211.669998,211.399994,211.565002,25725
2026-08-26 14:15:00+00:00,211.565002,211.565002,211.100006,211.270004,45265
2026-08-26 14:20:00+00:00,211.205002,211.330002,211.070007,211.289993,30523
2026-08-26 14:25:00+00:00,211.289993,211.399994,210.919998,211.229904,55610
2026-08-26 14:30:00+00:00,211.100006,211.195007,211.000000,211.169998,29111
2026-08-26 14:35:00+00:00,211.179993,211.649994,211.089996,211.389999,36046
2026-08-26 14:40:00+00:00,211.259995,211.270004,210.720001,210.779999,69363
2026-08-26 14:45:00+00:00,210.779999,210.869995,210.419998,210.559296,39908
2026-08-26 14:50:00+00:00,210.550003,210.639999,210.399994,210.399994,27084
2026-08-26 14:55:00+00:00,210.464996,210.500000,210.130005,210.309998,39743
2026-08-26 15:00:00+00:00,210.309998,210.339996,210.029999,210.169998,39405
2026-08-26 15:05:00+00:00,210.210007,210.770004,210.100006,210.749802,46531
2026-08-26 15:10:00+00:00,210.750000,210.839996,210.279999,210.281693,31462
2026-08-26 15:15:00+00:00,210.330002,210.369995,209.860001,210.085007,76293
2026-08-26 15:20:00+00:00,210.085007,210.229996,209.869995,210.220001,75631
2026-08-26 15:25:00+00:00,210.229996,210.229996,209.750000,209.960007,49425
2026-08-26 15:30:00+00:00,209.945007,210.009995,209.660004,209.660004,26548
2026-08-26 15:35:00+00:00,209.740005,210.389999,209.684998,210.371002,44935
2026-08-26 15:40:00+00:00,210.389999,210.839996,210.270004,210.820007,53831
2026-08-26 15:45:00+00:00,210.839996,211.190002,210.699997,211.039993,32798
2026-08-26 15:50:00+00:00,210.960098,211.100006,210.679993,210.869995,47197
2026-08-26 15:55:00+00:00,210.979996,211.000000,210.820007,210.919998,35934
2026-08-26 16:00:00+00:00,210.919998,211.300003,210.860001,211.220001,52642
2026-08-26 16:05:00+00:00,211.229996,211.615005,211.179993,211.514999,68690
2026-08-26 16:10:00+00:00,211.550003,211.559998,210.900101,211.100006,60014
2026-08-26 16:15:00+00:00,211.100006,211.100006,210.919998,211.089996,14614
2026-08-26 16:20:00+00:00,211.089401,211.089401,210.750000,210.845001,37886
2026-08-26 16:25:00+00:00,210.804993,210.860001,210.380005,210.410004,36977
2026-08-26 16:30:00+00:00,210.380005,210.550003,210.330002,210.520004,22443
2026-08-26 16:35:00+00:00,210.490005,210.710007,210.390106,210.570007,17296
2026-08-26 16:40:00+00:00,210.565002,210.690002,210.423798,210.570007,42765
2026-08-26 16:45:00+00:00,210.630005,210.660004,210.520096,210.550003,16282
2026-08-26 16:50:00+00:00,210.610001,210.750000,210.589996,210.740005,34286
2026-08-26 16:55:00+00:00,210.750000,210.990005,210.684998,210.929993,40801
2026-08-26 17:00:00+00:00,210.929993,211.330002,210.910004,211.330002,37173
2026-08-26 17:05:00+00:00,211.250000,211.580002,211.220001,211.550003,51115
2026-08-26 17:10:00+00:00,211.559998,211.690002,211.532196,211.606293,22281
2026-08-26 17:15:00+00:00,211.610001,211.750000,211.580002,211.615997,21780
2026-08-26 17:20:00+00:00,211.610001,212.070007,211.610001,211.970001,48841
2026-08-26 17:25:00+00:00,211.970001,211.970001,211.820007,211.880005,22529
2026-08-26 17:30:00+00:00,211.910004,211.970001,211.729996,211.729996,14470
2026-08-26 17:35:00+00:00,211.785004,211.889999,211.630005,211.889999,29597
2026-08-26 17:40:00+00:00,211.889999,211.990005,211.820007,211.889999,16180
2026-08-26 17:45:00+00:00,211.889999,211.970001,211.789993,211.929993,42227
2026-08-26 17:50:00+00:00,211.960007,212.195007,211.789993,211.884995,59325
2026-08-26 17:55:00+00:00,211.895004,211.979996,211.759995,211.759995,22532
2026-08-26 18:00:00+00:00,211.800003,211.940002,211.750000,211.824997,71736
2026-08-26 18:05:00+00:00,211.815002,212.070007,211.815002,212.000000,25974
2026-08-26 18:10:00+00:00,211.994995,212.039993,211.809998,211.955002,22440
2026-08-26 18:15:00+00:00,211.919998,212.240005,211.919998,212.190002,28544
2026-08-26 18:20:00+00:00,212.164993,212.199997,212.000000,212.100006,25666
2026-08-26 18:25:00+00:00,212.070007,212.080002,211.839996,211.860001,18667
2026-08-26 18:30:00+00:00,211.815002,212.600006,211.815002,211.929993,78807
2026-08-26 18:35:00+00:00,211.865005,211.899902,211.735001,211.845001,29616
2026-08-26 18:40:00+00:00,211.845001,211.990005,211.679993,211.990005,27143
2026-08-26 18:45:00+00:00,211.990005,212.100006,211.975006,212.074997,23879
2026-08-26 18:50:00+00:00,212.080002,212.100006,211.880005,211.940002,30349
2026-08-26 18:55:00+00:00,211.940002,211.986603,211.830002,211.895004,20686
2026-08-26 19:00:00+00:00,211.895004,212.429993,211.869995,212.324997,158480
2026-08-26 19:05:00+00:00,212.300003,212.300003,211.974899,212.000000,25976
2026-08-26 19:10:00+00:00,212.009995,212.080002,211.970001,212.070007,37772
2026-08-26 19:15:00+00:00,212.009995,212.089996,211.809998,211.929993,75918
2026-08-26 19:20:00+00:00,211.925003,212.110001,211.790100,212.059998,30907
2026-08-26 19:25:00+00:00,212.039993,212.080002,211.970001,212.080002,42460
2026-08-26 19:30:00+00:00,212.050003,212.065002,211.850006,211.979996,46713
2026-08-26 19:35:00+00:00,212.000000,212.100006,211.929993,212.065002,38403
2026-08-26 19:40:00+00:00,212.080002,212.160004,212.020096,212.100006,40939
2026-08-26 19:45:00+00:00,212.100006,212.240005,212.100006,212.240005,54869
2026-08-26 19:50:00+00:00,212.250000,212.600006,212.149994,212.535004,235352
2026-08-26 19:55:00+00:00,212.529999,212.550003,212.050003,212.100006,297615
2026-08-27 13:30:00+00:00,211.509995,211.940002,210.289993,210.639999,154314
2026-08-27 13:35:00+00:00,210.410095,211.269897,210.250000,210.500000,68766
2026-08-27 13:40:00+00:00,210.600006,210.759995,209.941406,210.326294,115402
2026-08-27 13:45:00+00:00,210.169998,210.478699,209.899994,210.240005,69667
2026-08-27 13:50:00+00:00,210.339996,210.595001,210.059998,210.250000,39851
2026-08-27 13:55:00+00:00,210.255005,210.380005,209.360001,209.464996,140823
2026-08-27 14:00:00+00:00,209.471893,209.589996,209.110001,209.369995,134945
2026-08-27 14:05:00+00:00,209.375000,209.649902,209.259995,209.610001,48784
2026-08-27 14:10:00+00:00,209.649902,209.649902,209.190002,209.294998,58770
2026-08-27 14:15:00+00:00,209.339996,209.970001,209.249695,209.940002,70681
2026-08-27 14:20:00+00:00,210.000000,210.550003,209.915298,210.089996,110044
2026-08-27 14:25:00+00:00,210.010895,210.358505,210.010895,210.339996,60388
2026-08-27 14:30:00+00:00,210.300003,210.315002,209.960007,210.214996,43520
2026-08-27 14:35:00+00:00,210.220001,210.330002,210.050003,210.125000,26250
2026-08-27 14:40:00+00:00,210.189102,210.270004,210.029999,210.190002,35988
2026-08-27 14:45:00+00:00,210.110001,210.259995,209.919998,210.125504,33071
2026-08-27 14:50:00+00:00,210.029999,210.199997,209.860001,210.140900,34139
2026-08-27 14:55:00+00:00,210.169998,210.169998,209.570007,209.794998,37659
2026-08-27 15:00:00+00:00,209.794998,210.119904,209.759995,210.009995,35250
2026-08-27 15:05:00+00:00,209.945007,209.990005,209.690002,209.869995,47003
2026-08-27 15:10:00+00:00,209.919998,210.119995,209.880005,209.965485,27659
2026-08-27 15:15:00+00:00,209.899994,210.273300,209.899994,210.270004,27536
2026-08-27 15:20:00+00:00,210.294998,210.300003,210.160004,210.225006,24360
2026-08-27 15:25:00+00:00,210.229996,210.259995,209.949997,210.029999,31790
2026-08-27 15:30:00+00:00,210.029999,210.108795,209.927994,209.979996,24399
2026-08-27 15:35:00+00:00,209.990005,210.240005,209.955002,210.059998,21701
2026-08-27 15:40:00+00:00,210.000000,210.169907,209.970001,210.080002,19645
2026-08-27 15:45:00+00:00,210.080002,210.350006,210.080002,210.300003,27652
2026-08-27 15:50:00+00:00,210.264999,210.559998,210.264999,210.485001,32380
2026-08-27 15:55:00+00:00,210.460098,210.550003,210.259995,210.339996,18309
2026-08-27 16:00:00+00:00,210.324997,210.850006,210.300003,210.669998,36877
2026-08-27 16:05:00+00:00,210.669998,210.669998,210.419998,210.475006,26618
2026-08-27 16:10:00+00:00,210.475006,210.759399,210.475006,210.669998,27789
2026-08-27 16:15:00+00:00,210.639999,210.639999,210.330002,210.369995,22504
2026-08-27 16:20:00+00:00,210.389999,210.690002,210.360001,210.634995,13813
2026-08-27 16:25:00+00:00,210.610001,210.789993,210.520004,210.789993,39461
2026-08-27 16:30:00+00:00,210.740005,210.970001,210.699997,210.904999,21937
2026-08-27 16:35:00+00:00,210.880005,211.130005,210.700104,211.100006,27990
2026-08-27 16:40:00+00:00,211.019501,211.229904,211.019501,211.151459,28880
2026-08-27 16:45:00+00:00,211.134995,211.220001,211.080002,211.160004,15807
2026-08-27 16:50:00+00:00,211.130005,211.339996,211.080002,211.220001,21744
2026-08-27 16:55:00+00:00,211.220001,211.249893,211.000000,211.149994,19375
2026-08-27 17:00:00+00:00,211.250000,211.485001,211.130005,211.339996,25127
2026-08-27 17:05:00+00:00,211.320007,211.570007,211.210007,211.500000,34697
2026-08-27 17:10:00+00:00,211.460007,211.549896,211.330002,211.354996,22175
2026-08-27 17:15:00+00:00,211.410004,211.440002,211.199997,211.214996,20411
2026-08-27 17:20:00+00:00,211.210007,211.365005,211.170105,211.345001,12252
2026-08-27 17:25:00+00:00,211.320007,211.369995,211.119995,211.169998,31259
2026-08-27 17:30:00+00:00,211.210007,211.315002,211.110001,211.190002,37345
2026-08-27 17:35:00+00:00,211.169998,211.190002,210.985001,211.104996,27346
2026-08-27 17:40:00+00:00,211.100006,211.100006,210.835007,210.910004,21138
2026-08-27 17:45:00+00:00,210.889999,211.080002,210.820999,210.932495,25806
2026-08-27 17:50:00+00:00,210.914993,210.919998,210.630005,210.660004,26480
2026-08-27 17:55:00+00:00,210.679993,210.695007,210.414993,210.414993,29969
2026-08-27 18:00:00+00:00,210.380005,210.410004,210.050095,210.199997,45217
2026-08-27 18:05:00+00:00,210.199997,210.289993,210.100098,210.169998,18198
2026-08-27 18:10:00+00:00,210.154999,210.409897,210.070099,210.320007,28480
2026-08-27 18:15:00+00:00,210.330002,210.460007,210.309998,210.404999,26109
2026-08-27 18:20:00+00:00,210.410004,210.550003,209.929993,209.929993,241826
2026-08-27 18:25:00+00:00,209.964996,210.029999,209.759995,209.919998,87495
2026-08-27 18:30:00+00:00,209.875000,209.963303,209.600006,209.625000,84670
2026-08-27 18:35:00+00:00,209.600006,209.690002,209.529999,209.690002,46433
2026-08-27 18:40:00+00:00,209.670105,209.824997,209.649994,209.705002,25452
2026-08-27 18:45:00+00:00,209.699997,209.770004,209.660004,209.660004,25179
2026-08-27 18:50:00+00:00,209.660004,209.660004,209.369995,209.429993,62612
2026-08-27 18:55:00+00:00,209.399994,209.550003,209.320007,209.399994,63825
2026-08-27 19:00:00+00:00,209.360001,209.615005,209.360001,209.527496,43533
2026-08-27 19:05:00+00:00,209.580002,209.850006,209.410004,209.779999,128278
2026-08-27 19:10:00+00:00,209.740005,209.869995,209.520004,209.800003,33505
2026-08-27 19:15:00+00:00,209.789993,209.809998,209.619995,209.720001,35965
2026-08-27 19:20:00+00:00,209.660004,209.750000,209.470001,209.470001,39220
2026-08-27 19:25:00+00:00,209.449997,209.629898,209.410095,209.619995,60742
2026-08-27 19:30:00+00:00,209.600006,209.779999,209.570007,209.770004,31505
2026-08-27 19:35:00+00:00,209.789993,209.910004,209.690002,209.779999,46950
2026-08-27 19:40:00+00:00,209.779999,209.895004,209.710007,209.750000,54485
2026-08-27 19:45:00+00:00,209.759995,209.880005,209.699997,209.720001,67659
2026-08-27 19:50:00+00:00,209.699997,209.928696,209.660004,209.850006,123978
2026-08-27 19:55:00+00:00,209.830002,210.035004,209.699997,209.880005,325890
2026-08-28 13:30:00+00:00,209.990005,210.609695,208.559998,208.899994,320266
2026-08-28 13:35:00+00:00,208.929993,210.000000,208.779999,209.630005,61255
2026-08-28 13:40:00+00:00,209.585007,209.750000,209.300003,209.580002,36674
2026-08-28 13:45:00+00:00,209.580002,209.910004,209.330002,209.580002,39051
2026-08-28 13:50:00+00:00,209.679901,209.960007,209.479996,209.490005,25754
2026-08-28 13:55:00+00:00,209.360001,209.580002,209.089996,209.160004,40339
2026-08-28 14:00:00+00:00,209.080002,209.539993,208.800003,209.160004,62918
2026-08-28 14:05:00+00:00,209.066605,209.199997,208.750000,208.870102,62185
2026-08-28 14:10:00+00:00,208.869995,209.039993,208.720001,208.800003,48979
2026-08-28 14:15:00+00:00,208.759995,209.380005,208.759995,208.850006,46482
2026-08-28 14:20:00+00:00,208.824997,209.199997,208.750000,208.899994,40473
2026-08-28 14:25:00+00:00,208.949997,209.072006,208.619995,208.773407,69137
2026-08-28 14:30:00+00:00,208.729996,209.179993,208.714996,209.085007,33514
2026-08-28 14:35:00+00:00,209.039993,209.205002,208.948898,209.074997,23205
2026-08-28 14:40:00+00:00,209.070007,209.199997,209.000107,209.145004,26336
2026-08-28 14:45:00+00:00,209.070007,209.189896,208.800003,209.039902,37217
2026-08-28 14:50:00+00:00,209.085007,209.300003,209.085007,209.100006,36257
2026-08-28 14:55:00+00:00,209.169998,209.360001,209.089996,209.119995,34243
2026-08-28 15:00:00+00:00,209.125000,209.233200,208.845001,208.845001,45830
2026-08-28 15:05:00+00:00,208.845001,208.989304,208.529999,208.565002,53915
2026-08-28 15:10:00+00:00,208.529999,208.593094,208.350006,208.429993,72228
2026-08-28 15:15:00+00:00,208.369995,208.509995,208.252106,208.279999,37804
2026-08-28 15:20:00+00:00,208.294998,208.380295,208.170105,208.285004,43095
2026-08-28 15:25:00+00:00,208.285004,208.619995,208.250000,208.550003,29342
2026-08-28 15:30:00+00:00,208.500000,208.585007,208.244995,208.274994,35320
2026-08-28 15:35:00+00:00,208.290985,208.399994,208.160004,208.240005,32336
2026-08-28 15:40:00+00:00,208.169998,208.240005,207.764999,208.130005,331780
2026-08-28 15:45:00+00:00,208.130005,208.130005,207.750000,207.800003,53737
2026-08-28 15:50:00+00:00,207.800003,207.960007,207.660004,207.960007,33175
2026-08-28 15:55:00+00:00,207.913101,207.990005,207.690002,207.839996,62608
2026-08-28 16:00:00+00:00,207.865005,208.210007,207.833603,208.044998,33707
2026-08-28 16:05:00+00:00,208.080002,208.389999,208.009995,208.179993,46048
2026-08-28 16:10:00+00:00,208.179993,208.210007,207.979996,208.020004,32942
2026-08-28 16:15:00+00:00,208.080002,208.100006,207.850006,207.889999,37613
2026-08-28 16:20:00+00:00,207.895004,207.999893,207.550003,207.699905,37825
2026-08-28 16:25:00+00:00,207.693298,207.949905,207.649994,207.803101,47662
2026-08-28 16:30:00+00:00,207.889999,208.339996,207.889999,208.070007,58631
2026-08-28 16:35:00+00:00,208.088593,208.479996,208.065002,208.220001,30385
2026-08-28 16:40:00+00:00,208.220001,208.389999,208.184998,208.350006,25451
2026-08-28 16:45:00+00:00,208.360001,208.699997,208.360001,208.664993,36641
2026-08-28 16:50:00+00:00,208.600098,208.660004,208.449997,208.550003,54558
2026-08-28 16:55:00+00:00,208.600006,208.899994,208.399994,208.464996,29029
2026-08-28 17:00:00+00:00,208.485001,208.539993,208.149994,208.212204,59572
2026-08-28 17:05:00+00:00,208.294998,208.320007,208.149994,208.199997,19110
2026-08-28 17:10:00+00:00,208.259995,208.699997,208.199997,208.699997,23855
2026-08-28 17:15:00+00:00,208.769897,208.800003,208.520004,208.570007,15075
2026-08-28 17:20:00+00:00,208.550003,208.550003,208.279999,208.419998,17785
2026-08-28 17:25:00+00:00,208.419998,208.509903,208.294998,208.294998,17398
2026-08-28 17:30:00+00:00,208.295105,208.630005,208.289993,208.494995,18531
2026-08-28 17:35:00+00:00,208.490005,208.690002,208.485001,208.485001,33606
2026-08-28 17:40:00+00:00,208.449997,208.589996,208.419998,208.470001,22821
2026-08-28 17:45:00+00:00,208.509995,208.630005,208.399994,208.630005,19286
2026-08-28 17:50:00+00:00,208.604996,208.725006,208.580093,208.669998,19600
2026-08-28 17:55:00+00:00,208.619995,208.789993,208.580093,208.789993,16468
2026-08-28 18:00:00+00:00,208.789993,208.929993,208.690002,208.690002,42728
2026-08-28 18:05:00+00:00,208.630005,208.860001,208.630005,208.815002,13250
2026-08-28 18:10:00+00:00,208.869995,208.960007,208.850006,208.880005,18466
2026-08-28 18:15:00+00:00,208.889999,208.929993,208.789993,208.830002,16590
2026-08-28 18:20:00+00:00,208.830002,208.914993,208.750504,208.794998,22310
2026-08-28 18:25:00+00:00,208.770294,208.990005,208.710007,208.884995,91255
2026-08-28 18:30:00+00:00,208.899994,209.169998,208.899994,209.080002,36717
2026-08-28 18:35:00+00:00,209.080002,209.167603,208.884995,208.884995,26266
2026-08-28 18:40:00+00:00,208.845001,208.949997,208.764999,208.809998,16579
2026-08-28 18:45:00+00:00,208.860001,208.912704,208.759995,208.839996,16763
2026-08-28 18:50:00+00:00,208.800003,208.899994,208.750000,208.889999,25186
2026-08-28 18:55:00+00:00,208.860001,209.110001,208.860001,208.949997,80310
2026-08-28 19:00:00+00:00,208.949997,209.160004,208.949997,209.050003,83488
2026-08-28 19:05:00+00:00,209.068604,209.169998,209.020004,209.169998,29751
2026-08-28 19:10:00+00:00,209.149994,209.159897,208.882507,209.039993,45202
2026-08-28 19:15:00+00:00,209.029999,209.029999,208.889999,208.961395,24119
2026-08-28 19:20:00+00:00,208.910004,208.990005,208.800003,208.904999,59452
2026-08-28 19:25:00+00:00,208.860001,209.000000,208.735001,208.990005,34079
2026-08-28 19:30:00+00:00,208.964996,208.964996,208.710007,208.830002,59346
2026-08-28 19:35:00+00:00,208.820007,209.000000,208.699997,208.964996,48815
2026-08-28 19:40:00+00:00,208.940002,209.509995,208.929993,209.483994,89293
2026-08-28 19:45:00+00:00,209.494995,209.600006,209.406204,209.600006,74921
2026-08-28 19:50:00+00:00,209.610001,209.820007,209.559998,209.789993,131641
2026-08-28 19:55:00+00:00,209.759995,210.059998,209.560104,209.850006,378448
2026-08-31 13:30:00+00:00,208.500000,208.769897,207.630005,207.919998,145577
2026-08-31 13:35:00+00:00,207.809998,207.809998,206.759995,206.899994,109455
2026-08-31 13:40:00+00:00,206.850006,207.089996,206.550003,206.595001,117986
2026-08-31 13:45:00+00:00,206.559998,206.770004,206.270004,206.544998,73531
2026-08-31 13:50:00+00:00,206.695007,206.979996,206.589996,206.919998,39165
2026-08-31 13:55:00+00:00,206.832001,206.940002,206.699997,206.884995,34657
2026-08-31 14:00:00+00:00,206.884995,207.449997,206.740005,207.429993,55294
2026-08-31 14:05:00+00:00,207.410004,207.554993,207.210007,207.484406,61161
2026-08-31 14:10:00+00:00,207.460007,207.559998,207.149994,207.259995,71411
2026-08-31 14:15:00+00:00,207.270004,207.399994,206.679993,206.679993,60616
2026-08-31 14:20:00+00:00,206.600006,206.880005,206.500000,206.879898,36154
2026-08-31 14:25:00+00:00,206.804993,206.830002,206.580002,206.604996,38211
2026-08-31 14:30:00+00:00,206.604996,206.750000,206.399994,206.524994,48081
2026-08-31 14:35:00+00:00,206.550003,206.880005,206.470001,206.815002,52245
2026-08-31 14:40:00+00:00,206.839996,206.845001,206.610001,206.695007,44402
2026-08-31 14:45:00+00:00,206.690002,206.979996,206.639999,206.899994,45968
2026-08-31 14:50:00+00:00,206.949997,207.169998,206.889999,207.100006,36612
2026-08-31 14:55:00+00:00,207.104996,207.320007,207.020004,207.040100,27978
2026-08-31 15:00:00+00:00,207.080002,207.206802,206.800003,206.879898,24713
2026-08-31 15:05:00+00:00,206.839996,206.970001,206.785995,206.839996,34820
2026-08-31 15:10:00+00:00,206.839996,207.000000,206.759995,206.860001,33672
2026-08-31 15:15:00+00:00,206.899994,207.020004,206.779999,207.000000,26932
2026-08-31 15:20:00+00:00,207.020004,207.149994,206.949997,207.115005,30760
2026-08-31 15:25:00+00:00,207.139999,207.139999,206.869995,206.884995,20518
2026-08-31 15:30:00+00:00,206.850006,207.270004,206.850006,207.184998,43265
2026-08-31 15:35:00+00:00,207.184998,207.386795,207.119995,207.125000,24724
2026-08-31 15:40:00+00:00,207.029999,207.249893,207.024994,207.160004,29335
2026-08-31 15:45:00+00:00,207.160004,207.175003,206.938507,207.021698,23049
2026-08-31 15:50:00+00:00,206.975006,207.169998,206.910004,206.960007,39360
2026-08-31 15:55:00+00:00,206.985001,207.009995,206.710007,206.750000,39711
2026-08-31 16:00:00+00:00,206.729996,206.910004,206.690002,206.839996,29120
2026-08-31 16:05:00+00:00,206.878296,206.979996,206.779999,206.876099,23392
2026-08-31 16:10:00+00:00,206.850006,206.960007,206.800003,206.875000,20554
2026-08-31 16:15:00+00:00,206.910004,206.910004,206.759995,206.850006,31416
2026-08-31 16:20:00+00:00,206.880005,206.880005,206.720001,206.770004,26376
2026-08-31 16:25:00+00:00,206.755203,206.860001,206.720001,206.800003,32185
2026-08-31 16:30:00+00:00,206.770004,206.850006,206.699997,206.735001,18313
2026-08-31 16:35:00+00:00,206.699997,206.869995,206.699997,206.735001,16950
2026-08-31 16:40:00+00:00,206.735001,206.970001,206.690002,206.968307,19720
2026-08-31 16:45:00+00:00,206.929993,207.033295,206.899994,206.994995,25024
2026-08-31 16:50:00+00:00,207.000000,207.169998,206.880005,207.089905,28333
2026-08-31 16:55:00+00:00,207.089996,207.089996,206.929993,206.990005,19989
2026-08-31 17:00:00+00:00,206.949997,206.988998,206.770004,206.809998,90966
2026-08-31 17:05:00+00:00,206.825104,206.924500,206.699997,206.910004,29809
2026-08-31 17:10:00+00:00,206.895004,206.945007,206.830002,206.869995,25581
2026-08-31 17:15:00+00:00,206.839996,207.000000,206.804993,206.851196,25733
2026-08-31 17:20:00+00:00,206.839996,206.860001,206.660004,206.660004,39700
2026-08-31 17:25:00+00:00,206.690002,206.789993,206.649994,206.695007,23814
2026-08-31 17:30:00+00:00,206.719894,206.960007,206.669998,206.919998,24175
2026-08-31 17:35:00+00:00,206.910004,207.119995,206.860001,207.005005,30309
2026-08-31 17:40:00+00:00,206.970001,207.179993,206.970001,207.179993,21349
2026-08-31 17:45:00+00:00,207.179993,207.210007,207.044998,207.110001,20135
2026-08-31 17:50:00+00:00,207.134995,207.229996,207.100006,207.195007,21978
2026-08-31 17:55:00+00:00,207.179993,207.184998,206.800003,206.884995,24777
2026-08-31 18:00:00+00:00,206.865005,206.960007,206.809998,206.929993,24715
2026-08-31 18:05:00+00:00,206.934998,207.139999,206.914993,207.139999,20133
2026-08-31 18:10:00+00:00,207.119995,207.125000,206.945007,207.104996,20763
2026-08-31 18:15:00+00:00,207.139999,207.139999,206.850006,206.889999,22807
2026-08-31 18:20:00+00:00,206.889999,206.914993,206.720001,206.720001,32811
2026-08-31 18:25:00+00:00,206.719894,206.720001,206.440002,206.679993,68430
2026-08-31 18:30:00+00:00,206.675003,206.779999,206.620102,206.705002,23789
2026-08-31 18:35:00+00:00,206.720367,206.809998,206.660004,206.800003,22057
2026-08-31 18:40:00+00:00,206.789993,206.880005,206.720001,206.869995,38053
2026-08-31 18:45:00+00:00,206.860001,206.960007,206.729996,206.925003,42535
2026-08-31 18:50:00+00:00,206.949997,207.080002,206.910004,207.039993,33462
2026-08-31 18:55:00+00:00,206.960007,207.190002,206.960007,207.104996,33326
2026-08-31 19:00:00+00:00,207.100006,207.149994,207.024994,207.080002,28567
2026-08-31 19:05:00+00:00,207.065002,207.179993,207.009995,207.119995,26783
2026-08-31 19:10:00+00:00,207.110001,207.179993,206.809998,206.899994,37611
2026-08-31 19:15:00+00:00,206.919998,206.949997,206.800003,206.925003,63242
2026-08-31 19:20:00+00:00,206.960007,207.449997,206.955002,207.440002,74951
2026-08-31 19:25:00+00:00,207.470001,207.639999,207.350006,207.604996,49961
2026-08-31 19:30:00+00:00,207.570007,207.570007,207.110001,207.479996,70487
2026-08-31 19:35:00+00:00,207.470001,207.490005,207.300003,207.300003,143238
2026-08-31 19:40:00+00:00,207.320007,207.475006,207.285004,207.315002,66279
2026-08-31 19:45:00+00:00,207.279999,207.600006,207.270004,207.464996,87212
2026-08-31 19:50:00+00:00,207.479996,207.860001,207.350006,207.835007,172930
2026-08-31 19:55:00+00:00,207.850006,208.270004,207.699997,207.990005,491476
2026-09-01 13:30:00+00:00,206.699997,208.110001,206.279999,207.539398,191118
2026-09-01 13:35:00+00:00,207.479996,207.509995,206.500000,206.639999,63417
2026-09-01 13:40:00+00:00,206.615005,207.240005,206.419998,206.910004,39245
2026-09-01 13:45:00+00:00,206.779999,206.884995,206.279999,206.365005,59531
2026-09-01 13:50:00+00:00,206.365005,206.479996,205.989594,206.229996,108917
2026-09-01 13:55:00+00:00,206.244995,206.729996,206.070007,206.699997,42312
2026-09-01 14:00:00+00:00,206.600006,206.720001,206.179993,206.335007,59941
2026-09-01 14:05:00+00:00,206.300003,206.669998,206.251572,206.660004,55638
2026-09-01 14:10:00+00:00,206.690002,207.429993,206.669998,207.429993,62856
2026-09-01 14:15:00+00:00,207.419998,207.804993,207.139999,207.794998,70233
2026-09-01 14:20:00+00:00,207.764694,207.889999,207.460007,207.479996,48446
2026-09-01 14:25:00+00:00,207.550003,207.615005,207.160004,207.199997,29306
2026-09-01 14:30:00+00:00,207.199997,207.300003,207.039993,207.179993,48193
2026-09-01 14:35:00+00:00,207.145004,207.469894,207.070007,207.160004,34178
2026-09-01 14:40:00+00:00,207.195007,207.220001,207.020004,207.089996,22732
2026-09-01 14:45:00+00:00,207.089996,207.119995,206.839996,206.925003,29412
2026-09-01 14:50:00+00:00,206.860001,207.190002,206.830002,207.190002,39432
2026-09-01 14:55:00+00:00,207.250000,207.410004,207.039993,207.169998,27095
2026-09-01 15:00:00+00:00,207.139999,207.240005,207.000000,207.035004,24341
2026-09-01 15:05:00+00:00,207.000000,207.100006,206.850006,206.899994,38978
2026-09-01 15:10:00+00:00,206.889999,207.259995,206.889999,207.149994,34083
2026-09-01 15:15:00+00:00,207.050003,207.095001,206.759995,206.869995,37732
2026-09-01 15:20:00+00:00,206.889999,206.996796,206.630096,206.679993,28662
2026-09-01 15:25:00+00:00,206.699997,206.860001,206.669998,206.790100,21207
2026-09-01 15:30:00+00:00,206.804993,207.080002,206.750000,206.929993,39155
2026-09-01 15:35:00+00:00,206.929993,207.039993,206.860001,206.919998,25908
2026-09-01 15:40:00+00:00,206.929993,207.068497,206.839996,206.979904,34222
2026-09-01 15:45:00+00:00,206.925003,207.074997,206.925003,207.000000,15519
2026-09-01 15:50:00+00:00,206.990005,206.990005,206.800995,206.990005,22706
2026-09-01 15:55:00+00:00,206.990005,207.070007,206.940002,206.979996,19740
2026-09-01 16:00:00+00:00,207.029999,207.404999,207.020004,207.369995,21020
2026-09-01 16:05:00+00:00,207.384995,207.440002,207.130005,207.210007,39048
2026-09-01 16:10:00+00:00,207.179993,207.250000,206.720001,206.744995,39256
2026-09-01 16:15:00+00:00,206.720001,206.949997,206.710098,206.770004,20981
2026-09-01 16:20:00+00:00,206.770004,206.770004,206.279999,206.380005,47759
2026-09-01 16:25:00+00:00,206.375000,206.375000,206.199997,206.253006,62760
2026-09-01 16:30:00+00:00,206.250000,206.270004,205.710007,205.970001,123272
2026-09-01 16:35:00+00:00,205.955002,206.050003,205.854996,205.954651,31888
2026-09-01 16:40:00+00:00,205.960007,206.039993,205.671005,205.770004,113037
2026-09-01 16:45:00+00:00,205.770004,205.945007,205.750107,205.835007,23146
2026-09-01 16:50:00+00:00,205.800003,205.960007,205.789993,205.955002,27199
2026-09-01 16:55:00+00:00,205.960007,206.029999,205.729996,205.759995,34488
2026-09-01 17:00:00+00:00,205.759995,205.845001,205.669998,205.699997,25300
2026-09-01 17:05:00+00:00,205.660004,206.000000,205.650696,205.860001,47174
2026-09-01 17:10:00+00:00,205.860001,206.054993,205.860001,205.929993,20666
2026-09-01 17:15:00+00:00,205.919998,206.039993,205.919998,205.990005,19275
2026-09-01 17:20:00+00:00,205.949997,206.020004,205.919998,205.964996,23190
2026-09-01 17:25:00+00:00,205.964996,206.005005,205.725006,205.970001,54687
2026-09-01 17:30:00+00:00,205.960007,206.425003,205.889999,206.304993,50526
2026-09-01 17:35:00+00:00,206.300003,206.460007,206.020004,206.149994,31779
2026-09-01 17:40:00+00:00,206.054993,206.279999,206.000000,206.000000,21043
2026-09-01 17:45:00+00:00,206.020004,206.179993,206.000000,206.100006,22613
2026-09-01 17:50:00+00:00,206.074997,206.169998,205.899994,205.925003,24407
2026-09-01 17:55:00+00:00,205.949997,206.029999,205.869995,205.975006,29261
2026-09-01 18:00:00+00:00,205.990005,206.190002,205.871002,206.190002,40783
2026-09-01 18:05:00+00:00,206.220001,206.460007,206.199997,206.449997,23149
2026-09-01 18:10:00+00:00,206.429993,206.429993,206.149994,206.184998,27464
2026-09-01 18:15:00+00:00,206.229996,206.369995,206.199997,206.339996,27913
2026-09-01 18:20:00+00:00,206.330002,206.369995,206.250000,206.369995,23504
2026-09-01 18:25:00+00:00,206.330002,206.350006,206.054993,206.214996,23801
2026-09-01 18:30:00+00:00,206.199997,206.270004,206.149994,206.169998,29150
2026-09-01 18:35:00+00:00,206.190002,206.350006,206.139999,206.330002,19126
2026-09-01 18:40:00+00:00,206.320007,206.399994,206.235001,206.250000,34944
2026-09-01 18:45:00+00:00,206.229996,206.330002,206.010101,206.010101,31394
2026-09-01 18:50:00+00:00,206.029999,206.040405,205.789993,205.804993,50050
2026-09-01 18:55:00+00:00,205.800003,206.149994,205.794998,205.964996,76673
2026-09-01 19:00:00+00:00,205.964996,206.164993,205.929993,206.070007,35025
2026-09-01 19:05:00+00:00,206.050003,206.110001,206.000000,206.029999,24735
2026-09-01 19:10:00+00:00,206.050003,206.139999,205.955994,206.014893,44905
2026-09-01 19:15:00+00:00,206.050003,206.059998,205.860001,205.939896,70028
2026-09-01 19:20:00+00:00,205.895004,206.029999,205.860001,205.919998,29100
2026-09-01 19:25:00+00:00,205.914993,206.350006,205.914993,206.222504,54559
2026-09-01 19:30:00+00:00,206.199997,206.214996,206.013901,206.130005,86537
2026-09-01 19:35:00+00:00,206.125000,206.250000,205.970001,206.014999,57153
2026-09-01 19:40:00+00:00,206.000000,206.279999,205.990005,206.089996,336461
2026-09-01 19:45:00+00:00,206.070007,206.220001,205.929993,206.100006,87463
2026-09-01 19:50:00+00:00,206.050003,206.095001,205.710007,205.789993,152151
2026-09-01 19:55:00+00:00,205.789993,205.925003,205.500000,205.649994,398305
