Datetime,Open,High,Low,Close,Volume
2026-04-08 13:30:00+00:00,764.619995,770.000000,756.000000,768.510010,263047
2026-04-08 13:35:00+00:00,768.580017,770.770020,766.900024,770.700012,145124
2026-04-08 13:40:00+00:00,770.500000,772.500000,768.830017,770.830017,92468
2026-04-08 13:45:00+00:00,770.659973,774.398010,769.570007,770.000000,84031
2026-04-08 13:50:00+00:00,769.969971,771.489990,766.000000,767.030029,76415
2026-04-08 13:55:00+00:00,767.049988,769.354980,767.039978,768.150024,50591
2026-04-08 14:00:00+00:00,767.984985,768.969971,766.969971,768.020020,45362
2026-04-08 14:05:00+00:00,768.330017,768.700012,764.640015,766.349976,48110
2026-04-08 14:10:00+00:00,766.530029,766.919983,765.030029,766.250000,36721
2026-04-08 14:15:00+00:00,766.250000,766.789978,763.239990,763.875000,34343
2026-04-08 14:20:00+00:00,764.000000,765.650024,763.744995,764.380005,27357
2026-04-08 14:25:00+00:00,764.375000,765.080017,763.340027,763.700012,28133
2026-04-08 14:30:00+00:00,763.510010,764.325012,761.239990,762.510010,36847
2026-04-08 14:35:00+00:00,762.565002,762.969971,758.020020,758.239990,31410
2026-04-08 14:40:00+00:00,758.239990,758.859985,756.559998,757.830017,21954
2026-04-08 14:45:00+00:00,758.039978,758.979980,756.260010,757.690002,24722
2026-04-08 14:50:00+00:00,757.809998,758.000000,754.849976,756.650024,26955
2026-04-08 14:55:00+00:00,756.400024,756.455017,753.099976,755.164978,44232
2026-04-08 15:00:00+00:00,755.109985,758.200989,755.109985,756.934998,25975
2026-04-08 15:05:00+00:00,756.969971,758.500000,756.739990,757.094971,17685
2026-04-08 15:10:00+00:00,757.155029,759.429993,756.859985,758.919983,20617
2026-04-08 15:15:00+00:00,758.934998,762.549988,758.700012,762.287476,15165
2026-04-08 15:20:00+00:00,762.313538,764.739990,762.020020,763.840027,25581
2026-04-08 15:25:00+00:00,763.890015,764.969971,763.510010,763.909973,41618
2026-04-08 15:30:00+00:00,763.895020,765.390015,763.895020,765.130005,24556
2026-04-08 15:35:00+00:00,765.059998,765.849976,764.080017,765.669983,17979
2026-04-08 15:40:00+00:00,765.510010,766.622620,764.669983,766.380005,16159
2026-04-08 15:45:00+00:00,766.409973,767.343079,766.409973,766.784973,17513
2026-04-08 15:50:00+00:00,766.844971,767.530029,766.200012,767.224976,22689
2026-04-08 15:55:00+00:00,767.229980,767.659973,766.780029,766.830017,26241
2026-04-08 16:00:00+00:00,766.869995,767.820007,766.590027,767.299988,41692
2026-04-08 16:05:00+00:00,767.205017,768.140015,767.164978,767.440002,22183
2026-04-08 16:10:00+00:00,767.440002,767.659973,766.599976,766.609985,12876
2026-04-08 16:15:00+00:00,766.530029,766.570007,764.849976,764.859985,13913
2026-04-08 16:20:00+00:00,765.205017,765.710022,764.440002,765.219971,13534
2026-04-08 16:25:00+00:00,765.344971,765.739990,764.830017,765.440002,22189
2026-04-08 16:30:00+00:00,765.429993,767.549988,765.299988,767.114990,23365
2026-04-08 16:35:00+00:00,766.989990,767.044983,765.809998,766.789978,11363
2026-04-08 16:40:00+00:00,766.789978,767.200012,766.304993,766.965027,10025
2026-04-08 16:45:00+00:00,766.869995,767.402893,766.750000,766.909973,65006
2026-04-08 16:50:00+00:00,766.900024,767.130005,766.359985,766.859985,8979
2026-04-08 16:55:00+00:00,766.859985,767.210022,766.614990,767.119995,7289
2026-04-08 17:00:00+00:00,767.270020,767.909973,767.159912,767.375000,15381
2026-04-08 17:05:00+00:00,767.309998,767.340027,766.690125,766.965027,9242
2026-04-08 17:10:00+00:00,766.979980,768.020020,766.880005,767.645020,13427
2026-04-08 17:15:00+00:00,767.780029,767.979980,767.080017,767.840027,14068
2026-04-08 17:20:00+00:00,767.590027,768.000000,766.650024,767.085022,13855
2026-04-08 17:25:00+00:00,767.099976,767.349976,766.520020,767.049988,9344
2026-04-08 17:30:00+00:00,766.885010,767.799927,766.885010,767.590027,9581
2026-04-08 17:35:00+00:00,767.539978,768.409973,767.349976,767.969971,25920
2026-04-08 17:40:00+00:00,768.294983,770.458923,768.159973,769.979980,33985
2026-04-08 17:45:00+00:00,770.109985,770.400024,769.309998,769.481812,16258
2026-04-08 17:50:00+00:00,769.425110,770.130005,769.400024,769.929993,11965
2026-04-08 17:55:00+00:00,769.909973,771.020020,769.650024,770.710022,19879
2026-04-08 18:00:00+00:00,770.590027,772.409973,769.874878,772.409973,24659
2026-04-08 18:05:00+00:00,772.500000,773.380005,772.500000,773.380005,18562
2026-04-08 18:10:00+00:00,773.500000,773.650024,772.284973,773.109985,31898
2026-04-08 18:15:00+00:00,773.227417,773.609985,770.380005,771.635010,22970
2026-04-08 18:20:00+00:00,771.804993,772.674988,770.619995,771.349976,14444
2026-04-08 18:25:00+00:00,771.120117,772.380005,770.770020,771.390015,13626
2026-04-08 18:30:00+00:00,771.510010,772.479980,771.210022,772.229919,15454
2026-04-08 18:35:00+00:00,771.945007,772.539978,771.619995,771.679993,15366
2026-04-08 18:40:00+00:00,771.710022,771.859985,770.500000,770.644592,14312
2026-04-08 18:45:00+00:00,770.929993,771.859985,770.580017,771.250000,15641
2026-04-08 18:50:00+00:00,771.210022,771.390015,770.344971,770.505005,14366
2026-04-08 18:55:00+00:00,770.549988,770.549988,767.864990,768.640015,21042
2026-04-08 19:00:00+00:00,768.469971,769.250000,768.265015,768.979980,16396
2026-04-08 19:05:00+00:00,769.190002,770.423828,768.840027,769.840027,18648
2026-04-08 19:10:00+00:00,770.039978,771.155212,770.020020,770.049988,19731
2026-04-08 19:15:00+00:00,770.049988,770.450012,769.099976,769.200012,19155
2026-04-08 19:20:00+00:00,769.210022,769.260010,767.984985,768.665100,37476
2026-04-08 19:25:00+00:00,768.830017,769.409973,768.650024,768.969971,18966
2026-04-08 19:30:00+00:00,768.960022,770.590027,768.799988,769.710022,23060
2026-04-08 19:35:00+00:00,769.880005,771.109985,769.090027,769.854980,27529
2026-04-08 19:40:00+00:00,769.905029,770.549988,769.302917,770.539978,30637
2026-04-08 19:45:00+00:00,770.659973,770.890015,769.289978,769.950012,38611
2026-04-08 19:50:00+00:00,769.950012,771.320007,769.500122,771.260010,71465
2026-04-08 19:55:00+00:00,771.200012,772.340027,770.804993,771.559998,170503
2026-04-09 13:30:00+00:00,773.000000,779.690002,772.989990,779.450012,107363
2026-04-09 13:35:00+00:00,779.690002,784.679871,779.619995,782.799988,68988
2026-04-09 13:40:00+00:00,782.558533,783.559998,781.349976,781.469971,32110
2026-04-09 13:45:00+00:00,781.565002,784.489990,780.159973,784.159973,40546
2026-04-09 13:50:00+00:00,784.568604,787.771484,783.630005,786.419983,54843
2026-04-09 13:55:00+00:00,786.694214,786.694214,784.289978,785.590027,37544
2026-04-09 14:00:00+00:00,785.789978,786.789978,785.000000,785.570007,24335
2026-04-09 14:05:00+00:00,785.469971,785.489990,781.239990,781.270081,40157
2026-04-09 14:10:00+00:00,781.099976,782.519897,778.010010,778.335022,45776
2026-04-09 14:15:00+00:00,778.020020,778.580017,774.270020,775.619995,26773
2026-04-09 14:20:00+00:00,775.599976,777.669983,775.599976,777.049988,22913
2026-04-09 14:25:00+00:00,777.125000,777.500000,773.539978,777.500000,57801
2026-04-09 14:30:00+00:00,777.469971,778.579895,776.109985,776.864990,63385
2026-04-09 14:35:00+00:00,776.864990,778.659973,775.909973,778.000000,23248
2026-04-09 14:40:00+00:00,778.090027,779.349976,777.690002,779.090027,36201
2026-04-09 14:45:00+00:00,779.090027,780.500000,778.359985,780.109985,27712
2026-04-09 14:50:00+00:00,780.104980,781.999512,779.909973,781.659973,17886
2026-04-09 14:55:00+00:00,781.750000,782.330017,780.700012,781.770020,20372
2026-04-09 15:00:00+00:00,781.469971,782.030029,780.159973,780.729980,15370
2026-04-09 15:05:00+00:00,780.494995,780.500000,780.010010,780.099976,23152
2026-04-09 15:10:00+00:00,780.119995,780.500000,779.080017,780.094971,22606
2026-04-09 15:15:00+00:00,780.185120,781.489990,779.409973,781.315002,94289
2026-04-09 15:20:00+00:00,781.309998,781.999878,780.650024,781.679993,12360
2026-04-09 15:25:00+00:00,781.729980,781.739990,780.280029,781.000000,11400
2026-04-09 15:30:00+00:00,780.869995,785.195007,780.708984,784.464172,31988
2026-04-09 15:35:00+00:00,784.400024,786.655029,784.049988,785.155029,26069
2026-04-09 15:40:00+00:00,785.380005,786.669922,785.010071,785.010071,19704
2026-04-09 15:45:00+00:00,785.309998,786.669983,785.020020,785.330017,13781
2026-04-09 15:50:00+00:00,785.270020,786.255005,785.049988,786.109985,13763
2026-04-09 15:55:00+00:00,786.058289,788.690002,785.950989,788.559998,33228
2026-04-09 16:00:00+00:00,788.650024,792.700012,788.650024,790.640015,61977
2026-04-09 16:05:00+00:00,790.640015,790.640015,788.330078,789.674988,24891
2026-04-09 16:10:00+00:00,789.390015,790.070007,788.890015,789.020020,15683
2026-04-09 16:15:00+00:00,789.020020,790.844971,788.659973,790.549988,16747
2026-04-09 16:20:00+00:00,790.750000,790.750000,789.390015,790.119995,10581
2026-04-09 16:25:00+00:00,790.119995,791.515015,789.890015,790.835022,28759
2026-04-09 16:30:00+00:00,790.869995,792.570007,790.350098,792.265015,38873
2026-04-09 16:35:00+00:00,792.380005,792.434998,791.080017,791.284973,21571
2026-04-09 16:40:00+00:00,791.284973,791.690002,790.744995,791.229980,19878
2026-04-09 16:45:00+00:00,791.250000,791.359985,790.760071,790.989990,14218
2026-04-09 16:50:00+00:00,791.034973,793.229980,790.909973,792.299988,28282
2026-04-09 16:55:00+00:00,792.330017,793.929993,792.309998,793.679993,20048
2026-04-09 17:00:00+00:00,793.789978,794.799988,792.880005,794.195007,39774
2026-04-09 17:05:00+00:00,794.229980,795.520020,793.809998,795.098572,24969
2026-04-09 17:10:00+00:00,794.900024,795.005005,793.578003,793.840027,20284
2026-04-09 17:15:00+00:00,793.539978,793.749878,792.770020,793.250000,23674
2026-04-09 17:20:00+00:00,793.460022,793.570007,792.830017,792.960022,10492
2026-04-09 17:25:00+00:00,793.034973,793.150024,792.100098,792.737793,15471
2026-04-09 17:30:00+00:00,792.650024,793.599976,791.710022,792.719971,19940
2026-04-09 17:35:00+00:00,793.070007,793.690002,792.349976,793.590027,9090
2026-04-09 17:40:00+00:00,793.390015,793.739990,793.090027,793.474976,13221
2026-04-09 17:45:00+00:00,793.479980,794.570007,793.479980,794.530029,18345
2026-04-09 17:50:00+00:00,794.640015,794.650024,793.200012,793.500000,9845
2026-04-09 17:55:00+00:00,793.619995,793.899902,793.239990,793.619995,9993
2026-04-09 18:00:00+00:00,793.659973,794.080017,789.229980,790.854980,19210
2026-04-09 18:05:00+00:00,791.280029,792.150024,790.008972,791.200012,21466
2026-04-09 18:10:00+00:00,790.969971,791.510010,790.039978,790.734985,10470
2026-04-09 18:15:00+00:00,790.890015,791.000000,790.177917,790.820007,14146
2026-04-09 18:20:00+00:00,790.664978,791.650024,790.260010,790.690002,22047
2026-04-09 18:25:00+00:00,790.724976,790.830017,789.270020,790.309998,17025
2026-04-09 18:30:00+00:00,790.344971,790.635010,788.500122,788.869995,17606
2026-04-09 18:35:00+00:00,788.979980,790.590027,788.802429,790.390015,11670
2026-04-09 18:40:00+00:00,790.390015,790.640015,789.539978,789.669983,8387
2026-04-09 18:45:00+00:00,789.760010,790.650024,789.760010,790.340027,9608
2026-04-09 18:50:00+00:00,790.349976,790.530029,789.479980,790.080017,8708
2026-04-09 18:55:00+00:00,790.260010,790.739990,790.039978,790.059998,11833
2026-04-09 19:00:00+00:00,790.049988,791.549988,789.820007,791.174988,14134
2026-04-09 19:05:00+00:00,791.000000,791.530029,790.859985,791.507629,19067
2026-04-09 19:10:00+00:00,791.530029,791.729980,791.140015,791.489990,16012
2026-04-09 19:15:00+00:00,791.317505,791.489990,790.150024,790.280029,10039
2026-04-09 19:20:00+00:00,790.250000,791.270020,790.250000,790.650024,11324
2026-04-09 19:25:00+00:00,790.760010,791.270020,789.984985,789.984985,13094
2026-04-09 19:30:00+00:00,789.750000,791.069885,789.750000,790.130005,17636
2026-04-09 19:35:00+00:00,790.130005,790.989990,790.130005,790.669983,14994
2026-04-09 19:40:00+00:00,790.669983,791.000000,789.940002,790.349976,31027
2026-04-09 19:45:00+00:00,790.130005,790.539978,789.080017,789.369995,28835
2026-04-09 19:50:00+00:00,789.510010,790.340027,787.789978,787.979980,56373
2026-04-09 19:55:00+00:00,788.155029,788.159973,786.280029,787.070007,128230
2026-04-10 13:30:00+00:00,790.669983,794.150024,787.700012,787.955017,94424
2026-04-10 13:35:00+00:00,788.075012,790.539978,786.239990,787.309998,32893
2026-04-10 13:40:00+00:00,787.406799,789.875000,786.640015,789.780029,18839
2026-04-10 13:45:00+00:00,790.169983,793.399902,789.900024,792.059998,30765
2026-04-10 13:50:00+00:00,792.390015,793.739990,791.710022,792.695129,38366
2026-04-10 13:55:00+00:00,792.549988,793.487000,791.599976,793.487000,14046
2026-04-10 14:00:00+00:00,793.005005,793.830017,790.849976,793.094971,20486
2026-04-10 14:05:00+00:00,792.510010,794.000000,791.719116,793.000000,14924
2026-04-10 14:10:00+00:00,792.619995,792.854980,790.419983,792.270020,17687
2026-04-10 14:15:00+00:00,792.140015,792.890015,791.000000,792.280029,41372
2026-04-10 14:20:00+00:00,792.380005,793.280029,791.109985,791.700012,26997
2026-04-10 14:25:00+00:00,791.979980,793.719971,790.760010,793.275024,23319
2026-04-10 14:30:00+00:00,793.280029,794.979980,793.260071,794.000000,27804
2026-04-10 14:35:00+00:00,794.000000,795.299988,794.000000,795.299988,13815
2026-04-10 14:40:00+00:00,795.309998,796.090027,793.000000,793.789978,35682
2026-04-10 14:45:00+00:00,794.080017,794.500000,793.200012,793.679993,9715
2026-04-10 14:50:00+00:00,793.674988,796.125000,793.642517,794.750000,13631
2026-04-10 14:55:00+00:00,794.739990,796.400024,794.340027,796.150024,12062
2026-04-10 15:00:00+00:00,796.090027,796.150024,794.669983,794.919983,13753
2026-04-10 15:05:00+00:00,795.119995,796.700012,795.039978,795.619995,19677
2026-04-10 15:10:00+00:00,795.979980,797.090027,795.630127,795.945007,17554
2026-04-10 15:15:00+00:00,795.945007,797.000000,795.380005,796.107971,10464
2026-04-10 15:20:00+00:00,796.200012,797.849976,795.679993,797.520020,19538
2026-04-10 15:25:00+00:00,797.520020,797.760010,796.030029,796.359985,15290
2026-04-10 15:30:00+00:00,796.760010,797.792419,795.660095,796.979980,13201
2026-04-10 15:35:00+00:00,796.590088,797.643982,795.239990,795.419983,26585
2026-04-10 15:40:00+00:00,795.364990,795.659973,793.739990,794.818970,18010
2026-04-10 15:45:00+00:00,794.640015,795.989990,794.612488,794.767212,14641
2026-04-10 15:50:00+00:00,794.979980,795.399902,794.250000,794.719971,11518
2026-04-10 15:55:00+00:00,794.650085,794.669983,791.330078,792.020020,28507
2026-04-10 16:00:00+00:00,791.820007,792.530029,791.059998,791.840027,17967
2026-04-10 16:05:00+00:00,791.989990,792.329895,790.190186,790.940002,15882
2026-04-10 16:10:00+00:00,791.010010,793.000000,791.010010,792.659973,16381
2026-04-10 16:15:00+00:00,792.659973,793.080017,792.130127,792.830017,17787
2026-04-10 16:20:00+00:00,792.489990,793.203186,791.590027,793.203186,12494
2026-04-10 16:25:00+00:00,792.994995,793.109985,791.869995,791.924988,10083
2026-04-10 16:30:00+00:00,791.520020,792.119873,790.599976,791.000000,8486
2026-04-10 16:35:00+00:00,791.130005,791.429993,790.530090,790.599976,5958
2026-04-10 16:40:00+00:00,790.599976,790.840027,789.010010,789.770020,26531
2026-04-10 16:45:00+00:00,789.969971,790.659973,789.809998,790.530029,13152
2026-04-10 16:50:00+00:00,790.650024,791.299988,790.130005,790.919983,9542
2026-04-10 16:55:00+00:00,791.039978,791.239990,790.359985,790.828308,7181
2026-04-10 17:00:00+00:00,790.616028,791.369995,790.090027,790.369995,12702
2026-04-10 17:05:00+00:00,790.284973,791.489990,790.284973,790.919983,15090
2026-04-10 17:10:00+00:00,791.070007,791.500000,790.460022,791.270020,11183
2026-04-10 17:15:00+00:00,791.239990,791.354980,790.909973,791.044983,7869
2026-04-10 17:20:00+00:00,791.010010,791.289978,790.239990,790.770020,12003
2026-04-10 17:25:00+00:00,790.599976,791.260010,790.539978,791.255005,8761
2026-04-10 17:30:00+00:00,791.255005,792.619995,791.109985,792.210022,17025
2026-04-10 17:35:00+00:00,792.349976,794.570007,792.349976,794.469971,20882
2026-04-10 17:40:00+00:00,794.479980,794.840027,794.070007,794.289978,15474
2026-04-10 17:45:00+00:00,794.195618,794.489990,794.010010,794.212524,8925
2026-04-10 17:50:00+00:00,794.340027,794.450012,793.750000,794.450012,9702
2026-04-10 17:55:00+00:00,794.349976,795.010010,794.070007,794.895020,8487
2026-04-10 18:00:00+00:00,794.960022,795.280029,794.099976,794.179993,12308
2026-04-10 18:05:00+00:00,794.080017,794.429993,793.630005,794.177185,12026
2026-04-10 18:10:00+00:00,794.179993,794.799988,794.169983,794.690002,11512
2026-04-10 18:15:00+00:00,794.729980,795.580017,794.559998,795.580017,10495
2026-04-10 18:20:00+00:00,795.750000,796.130005,795.302979,795.390015,21531
2026-04-10 18:25:00+00:00,795.569885,795.769897,795.234985,795.522522,7809
2026-04-10 18:30:00+00:00,795.719971,796.270996,795.429993,795.885010,8810
2026-04-10 18:35:00+00:00,796.049988,796.580017,795.669983,795.940002,11397
2026-04-10 18:40:00+00:00,795.924988,796.000000,795.472473,795.700012,12123
2026-04-10 18:45:00+00:00,795.754822,795.809998,795.159973,795.489990,11979
2026-04-10 18:50:00+00:00,795.400024,795.809998,795.260010,795.299988,11216
2026-04-10 18:55:00+00:00,795.260010,795.999878,795.200012,795.200012,14775
2026-04-10 19:00:00+00:00,795.469971,795.469971,794.305176,794.659973,12324
2026-04-10 19:05:00+00:00,794.820007,795.260010,793.510071,793.700012,17447
2026-04-10 19:10:00+00:00,793.797119,794.285278,793.724976,794.075012,6347
2026-04-10 19:15:00+00:00,793.960022,793.960022,793.090027,793.369995,12315
2026-04-10 19:20:00+00:00,793.570007,793.669983,792.780029,792.780029,13048
2026-04-10 19:25:00+00:00,792.849976,793.229980,792.215027,792.465027,16426
2026-04-10 19:30:00+00:00,792.452515,792.465027,791.440002,792.169922,15215
2026-04-10 19:35:00+00:00,792.022522,792.239990,790.960022,790.960022,14593
2026-04-10 19:40:00+00:00,790.960022,791.799988,790.580017,791.500000,17860
2026-04-10 19:45:00+00:00,791.515015,791.849976,791.219971,791.260010,22029
2026-04-10 19:50:00+00:00,791.250000,791.710022,790.669983,790.897522,24551
2026-04-10 19:55:00+00:00,790.867493,791.010010,790.289978,790.559998,75626
2026-04-13 13:30:00+00:00,788.419983,795.159973,788.419983,792.719971,94112
2026-04-13 13:35:00+00:00,792.900024,797.000000,792.609985,796.099976,78374
2026-04-13 13:40:00+00:00,796.299988,798.539978,794.419983,795.075012,48900
2026-04-13 13:45:00+00:00,795.075012,797.609985,793.109985,796.950012,35226
2026-04-13 13:50:00+00:00,796.859985,798.380005,793.900024,795.700012,40958
2026-04-13 13:55:00+00:00,795.809998,796.590027,793.330017,796.590027,15281
2026-04-13 14:00:00+00:00,796.280029,797.549988,791.080017,792.659973,14657
2026-04-13 14:05:00+00:00,792.992981,793.830017,791.030029,793.232117,10206
2026-04-13 14:10:00+00:00,793.030029,793.539978,790.250000,793.400024,15395
2026-04-13 14:15:00+00:00,793.405029,793.599976,792.070007,793.469971,15995
2026-04-13 14:20:00+00:00,793.469971,793.989990,790.090027,791.849976,21345
2026-04-13 14:25:00+00:00,791.729980,791.729980,789.840027,791.090027,11035
2026-04-13 14:30:00+00:00,791.309998,791.699890,789.539978,789.849182,17345
2026-04-13 14:35:00+00:00,790.429993,791.869995,790.239990,791.155029,9684
2026-04-13 14:40:00+00:00,791.155029,791.630005,790.099976,791.630005,10772
2026-04-13 14:45:00+00:00,791.869995,792.145020,789.790100,790.232971,14013
2026-04-13 14:50:00+00:00,790.465027,790.739990,789.229980,789.255005,19136
2026-04-13 14:55:00+00:00,789.500000,790.099976,789.250000,789.559998,12443
2026-04-13 15:00:00+00:00,789.179993,789.380005,787.500000,787.625000,31286
2026-04-13 15:05:00+00:00,787.625000,788.929993,787.510010,788.929993,11136
2026-04-13 15:10:00+00:00,788.989990,790.729980,788.469971,789.484985,14359
2026-04-13 15:15:00+00:00,789.719971,789.729980,786.849976,787.739990,14428
2026-04-13 15:20:00+00:00,787.580017,788.989990,787.070007,788.169983,19179
2026-04-13 15:25:00+00:00,787.895020,788.000000,786.659973,786.830017,23731
2026-04-13 15:30:00+00:00,786.945007,787.400024,785.330017,786.049988,25499
2026-04-13 15:35:00+00:00,786.039978,787.979980,786.039978,787.440002,14044
2026-04-13 15:40:00+00:00,787.460022,787.959900,786.510010,787.375000,12713
2026-04-13 15:45:00+00:00,787.260010,787.679016,786.720093,787.340027,12964
2026-04-13 15:50:00+00:00,787.419983,787.590027,786.770020,786.919983,7679
2026-04-13 15:55:00+00:00,787.010010,787.419983,786.770081,787.239990,8466
2026-04-13 16:00:00+00:00,787.000000,787.239990,785.690002,786.164978,23691
2026-04-13 16:05:00+00:00,786.320007,788.614990,786.150024,788.469971,15108
2026-04-13 16:10:00+00:00,787.994995,788.530029,787.469971,787.469971,9013
2026-04-13 16:15:00+00:00,787.479980,787.479980,786.289978,786.419983,9389
2026-04-13 16:20:00+00:00,786.539978,787.489990,786.049988,786.369995,10979
2026-04-13 16:25:00+00:00,786.614990,787.705017,786.309998,787.705017,16311
2026-04-13 16:30:00+00:00,787.900024,789.080017,787.000000,787.835022,13141
2026-04-13 16:35:00+00:00,788.270020,789.130005,787.408691,788.559998,17861
2026-04-13 16:40:00+00:00,788.380005,789.719971,787.530029,788.960022,15261
2026-04-13 16:45:00+00:00,788.869995,790.099976,788.809998,789.510010,24171
2026-04-13 16:50:00+00:00,789.604980,790.673401,787.960022,788.914978,29026
2026-04-13 16:55:00+00:00,788.950012,789.900024,788.520081,789.900024,4743
2026-04-13 17:00:00+00:00,790.070007,790.429993,789.465027,789.739990,9072
2026-04-13 17:05:00+00:00,790.369995,790.369995,789.010010,789.219971,4297
2026-04-13 17:10:00+00:00,789.380005,789.599976,788.280029,789.070007,11645
2026-04-13 17:15:00+00:00,789.025024,790.265015,788.960083,789.919983,7650
2026-04-13 17:20:00+00:00,789.760010,789.799988,788.575012,788.840027,11517
2026-04-13 17:25:00+00:00,788.549988,788.989990,788.150024,788.469971,7228
2026-04-13 17:30:00+00:00,788.330017,788.859985,788.049988,788.434998,13579
2026-04-13 17:35:00+00:00,788.260010,788.750000,787.929993,788.169983,9732
2026-04-13 17:40:00+00:00,788.250000,788.755005,788.010010,788.619995,10443
2026-04-13 17:45:00+00:00,788.729980,788.859985,788.489990,788.859985,6134
2026-04-13 17:50:00+00:00,788.979980,789.000000,788.359985,788.520020,18218
2026-04-13 17:55:00+00:00,788.380005,788.750000,788.359985,788.619995,6322
2026-04-13 18:00:00+00:00,788.640015,788.924988,788.020020,788.119995,16151
2026-04-13 18:05:00+00:00,788.059998,788.510010,787.966614,788.229980,9083
2026-04-13 18:10:00+00:00,788.459900,788.559998,788.179993,788.549988,5304
2026-04-13 18:15:00+00:00,788.559998,789.010010,788.299988,788.885010,10126
2026-04-13 18:20:00+00:00,788.885010,788.940125,788.150024,788.320007,10481
2026-04-13 18:25:00+00:00,788.359985,788.450012,787.989990,788.090027,9586
2026-04-13 18:30:00+00:00,788.020020,789.409973,787.690002,788.885010,18737
2026-04-13 18:35:00+00:00,788.919983,788.960022,788.559998,788.780029,17435
2026-04-13 18:40:00+00:00,788.775024,789.169983,788.479980,789.005005,17065
2026-04-13 18:45:00+00:00,789.070007,789.700012,788.659973,789.085022,18029
2026-04-13 18:50:00+00:00,789.085022,789.250000,788.676392,788.794983,12758
2026-04-13 18:55:00+00:00,788.659973,788.919983,787.960022,788.440002,19586
2026-04-13 19:00:00+00:00,788.304993,788.739990,787.934998,788.090027,16802
2026-04-13 19:05:00+00:00,788.090027,788.530029,787.318298,788.364990,12565
2026-04-13 19:10:00+00:00,788.549988,789.000000,788.099976,788.645020,11949
2026-04-13 19:15:00+00:00,788.586792,789.130005,788.586792,788.960022,16769
2026-04-13 19:20:00+00:00,789.080017,789.150024,788.679993,788.750000,20078
2026-04-13 19:25:00+00:00,788.750122,789.000000,788.109985,788.549988,18398
2026-04-13 19:30:00+00:00,788.479980,788.530029,787.807373,788.030029,16668
2026-04-13 19:35:00+00:00,788.020020,788.340027,787.500000,788.049988,18018
2026-04-13 19:40:00+00:00,787.970093,788.500000,787.520020,788.000000,20881
2026-04-13 19:45:00+00:00,788.039978,788.280029,787.640015,787.679993,31351
2026-04-13 19:50:00+00:00,787.859985,790.400024,787.750000,789.679993,62530
2026-04-13 19:55:00+00:00,789.820007,791.829895,789.609985,791.520020,142261
2026-04-14 13:30:00+00:00,796.000000,797.278198,785.986816,786.010010,73244
2026-04-14 13:35:00+00:00,786.049988,788.609985,782.040771,786.890015,45207
2026-04-14 13:40:00+00:00,786.890015,791.919983,786.890015,791.340027,22948
2026-04-14 13:45:00+00:00,791.280029,793.429871,789.330017,790.500000,32914
2026-04-14 13:50:00+00:00,790.940002,791.799988,789.380005,790.405029,18241
2026-04-14 13:55:00+00:00,791.429993,793.289978,790.330322,791.130005,15657
2026-04-14 14:00:00+00:00,791.690002,791.690002,790.250000,790.250000,18399
2026-04-14 14:05:00+00:00,791.250000,792.489990,790.250000,792.070007,17756
2026-04-14 14:10:00+00:00,792.280029,795.184998,792.075012,794.809998,16025
2026-04-14 14:15:00+00:00,794.885010,796.270020,794.125122,794.961609,21239
2026-04-14 14:20:00+00:00,794.369995,794.942383,793.340027,793.820007,12840
2026-04-14 14:25:00+00:00,793.780029,793.890015,792.299988,793.619995,19157
2026-04-14 14:30:00+00:00,793.640015,793.861572,792.619995,793.655029,11732
2026-04-14 14:35:00+00:00,793.655029,794.270020,792.760010,792.799988,16966
2026-04-14 14:40:00+00:00,792.799988,794.289917,792.580017,793.474976,17519
2026-04-14 14:45:00+00:00,793.789978,796.184998,793.760010,795.520020,17867
2026-04-14 14:50:00+00:00,795.799988,797.710022,795.520020,797.395020,25476
2026-04-14 14:55:00+00:00,797.700989,797.999878,797.000000,797.575012,13069
2026-04-14 15:00:00+00:00,797.989990,797.989990,795.640015,795.739990,18291
2026-04-14 15:05:00+00:00,795.590027,795.789978,793.976807,794.749878,10290
2026-04-14 15:10:00+00:00,794.330017,795.659973,793.560120,793.965027,5965
2026-04-14 15:15:00+00:00,793.630005,795.659973,793.630005,795.489990,14182
2026-04-14 15:20:00+00:00,795.700012,796.520020,795.530029,796.000000,13359
2026-04-14 15:25:00+00:00,796.000000,796.989990,795.750000,796.109985,18836
2026-04-14 15:30:00+00:00,796.200012,796.586609,794.619995,794.950012,19055
2026-04-14 15:35:00+00:00,795.099976,795.460022,794.340027,794.580017,8643
2026-04-14 15:40:00+00:00,794.690002,795.130005,793.979370,794.580017,8319
2026-04-14 15:45:00+00:00,794.369995,795.159973,794.369995,794.634888,8135
2026-04-14 15:50:00+00:00,794.622620,794.622620,793.640015,793.950012,7736
2026-04-14 15:55:00+00:00,793.725830,794.020020,793.169983,793.210022,6612
2026-04-14 16:00:00+00:00,793.169983,793.549927,792.299988,793.075012,8726
2026-04-14 16:05:00+00:00,792.739990,793.090027,792.280029,792.460022,5869
2026-04-14 16:10:00+00:00,792.700012,793.020020,791.000000,791.635010,11977
2026-04-14 16:15:00+00:00,791.635071,792.109924,791.530029,791.630005,4436
2026-04-14 16:20:00+00:00,791.650024,792.109985,791.099976,791.510010,7101
2026-04-14 16:25:00+00:00,791.750000,792.750000,791.210022,792.554993,13082
2026-04-14 16:30:00+00:00,792.450012,792.544983,791.010010,791.280029,12474
2026-04-14 16:35:00+00:00,791.270020,791.699890,790.869995,791.469971,5406
2026-04-14 16:40:00+00:00,791.484985,792.140015,791.299988,791.885010,11541
2026-04-14 16:45:00+00:00,792.130005,792.140015,790.849976,791.750000,13871
2026-04-14 16:50:00+00:00,791.530029,791.530029,790.241028,790.349976,3783
2026-04-14 16:55:00+00:00,790.109985,790.109985,789.070007,789.580017,8584
2026-04-14 17:00:00+00:00,789.454590,790.190002,789.341003,790.039978,8240
2026-04-14 17:05:00+00:00,790.190002,790.679993,790.179993,790.320007,5381
2026-04-14 17:10:00+00:00,790.419983,790.554993,790.219971,790.554993,5638
2026-04-14 17:15:00+00:00,790.489990,791.090027,790.330017,791.090027,7070
2026-04-14 17:20:00+00:00,791.205017,791.890015,791.205017,791.890015,16170
2026-04-14 17:25:00+00:00,791.640015,792.114990,791.429993,792.114990,9462
2026-04-14 17:30:00+00:00,792.109985,792.899902,791.919983,792.729980,5821
2026-04-14 17:35:00+00:00,792.724976,792.825073,791.859985,792.429993,10664
2026-04-14 17:40:00+00:00,792.520020,792.599976,792.141479,792.344971,13808
2026-04-14 17:45:00+00:00,792.344971,792.619995,791.900024,791.929993,6131
2026-04-14 17:50:00+00:00,791.960022,792.099976,791.330017,791.880005,20731
2026-04-14 17:55:00+00:00,791.960022,792.210022,791.710022,792.065002,9169
2026-04-14 18:00:00+00:00,792.210022,793.729614,792.140015,793.049988,14771
2026-04-14 18:05:00+00:00,793.169983,793.760010,793.169983,793.590027,9217
2026-04-14 18:10:00+00:00,793.580017,793.734985,793.039978,793.489990,10681
2026-04-14 18:15:00+00:00,793.419983,793.570007,793.000000,793.450012,9173
2026-04-14 18:20:00+00:00,793.429993,793.820007,791.474976,791.474976,8754
2026-04-14 18:25:00+00:00,791.469971,792.479980,791.349976,792.260010,8311
2026-04-14 18:30:00+00:00,792.304993,792.519897,791.919983,792.099976,8610
2026-04-14 18:35:00+00:00,792.229980,793.400024,792.039978,793.260010,7175
2026-04-14 18:40:00+00:00,793.390015,793.840027,793.070007,793.070007,7145
2026-04-14 18:45:00+00:00,793.409973,793.539978,792.720093,792.849976,9545
2026-04-14 18:50:00+00:00,792.909973,794.159912,792.909973,794.090027,12043
2026-04-14 18:55:00+00:00,793.950012,793.950012,793.319885,793.809998,7444
2026-04-14 19:00:00+00:00,793.780029,794.190002,793.700012,794.085022,11769
2026-04-14 19:05:00+00:00,794.140015,794.429993,793.969971,794.429993,139860
2026-04-14 19:10:00+00:00,794.250000,795.150024,794.219971,794.460022,17666
2026-04-14 19:15:00+00:00,794.330017,794.400024,794.000000,794.190002,10163
2026-04-14 19:20:00+00:00,794.284973,794.512512,793.919983,794.090027,9924
2026-04-14 19:25:00+00:00,794.109985,794.500000,793.940002,794.469971,12082
2026-04-14 19:30:00+00:00,794.380005,794.846375,794.260071,794.419983,16578
2026-04-14 19:35:00+00:00,794.299988,795.089905,794.299988,794.614990,14952
2026-04-14 19:40:00+00:00,794.690002,795.000000,794.130005,794.989929,15772
2026-04-14 19:45:00+00:00,794.885010,795.169983,794.289978,794.400024,18974
2026-04-14 19:50:00+00:00,794.640015,795.169983,793.549988,793.729980,42718
2026-04-14 19:55:00+00:00,793.869995,794.690002,793.630127,794.390015,78713
2026-04-15 13:30:00+00:00,787.099976,789.965515,778.200012,779.960022,115044
2026-04-15 13:35:00+00:00,779.950012,783.559998,776.539978,783.440002,51382
2026-04-15 13:40:00+00:00,783.406006,784.580017,777.000000,777.395020,48904
2026-04-15 13:45:00+00:00,777.500000,778.070007,774.000000,774.775024,61763
2026-04-15 13:50:00+00:00,774.130005,776.750000,767.969604,776.309998,93397
2026-04-15 13:55:00+00:00,776.460022,778.940002,775.682495,778.934998,36846
2026-04-15 14:00:00+00:00,778.969971,779.320007,774.619995,776.767517,35076
2026-04-15 14:05:00+00:00,776.690002,776.979980,774.429993,775.000122,22131
2026-04-15 14:10:00+00:00,775.559998,775.929993,771.000000,772.926086,60511
2026-04-15 14:15:00+00:00,773.020020,773.539917,770.582581,773.135010,39149
2026-04-15 14:20:00+00:00,773.325012,776.419983,772.994995,776.130005,32631
2026-04-15 14:25:00+00:00,776.320007,778.580017,774.880005,778.116394,39496
2026-04-15 14:30:00+00:00,778.150024,778.150024,774.840027,775.020020,41324
2026-04-15 14:35:00+00:00,775.020020,775.719971,773.359985,773.830017,24517
2026-04-15 14:40:00+00:00,774.159973,776.929993,773.830078,776.640015,15236
2026-04-15 14:45:00+00:00,776.789978,778.034973,776.159973,776.349976,23719
2026-04-15 14:50:00+00:00,776.349976,776.950012,773.340027,774.150024,33883
2026-04-15 14:55:00+00:00,773.900024,774.159973,770.890015,770.890015,29847
2026-04-15 15:00:00+00:00,770.809998,770.890015,767.049988,768.719971,41685
2026-04-15 15:05:00+00:00,768.719971,769.812500,768.219971,769.789978,27348
2026-04-15 15:10:00+00:00,769.844971,771.799927,769.844971,770.179993,25100
2026-04-15 15:15:00+00:00,770.140015,770.140015,768.710022,769.750000,23812
2026-04-15 15:20:00+00:00,769.900024,770.059998,767.905029,768.060120,32406
2026-04-15 15:25:00+00:00,768.239990,768.929993,766.849976,767.330017,39569
2026-04-15 15:30:00+00:00,767.175415,767.239990,764.479980,765.119995,60562
2026-04-15 15:35:00+00:00,765.260010,766.539978,764.500000,765.760010,23084
2026-04-15 15:40:00+00:00,765.760010,768.000000,765.760010,767.979980,18558
2026-04-15 15:45:00+00:00,768.150024,769.119995,767.840027,768.679993,22883
2026-04-15 15:50:00+00:00,768.270020,768.369995,766.619995,766.784973,22269
2026-04-15 15:55:00+00:00,766.784973,766.784973,765.830017,766.119995,74635
2026-04-15 16:00:00+00:00,766.099976,766.099976,762.750000,763.570007,29150
2026-04-15 16:05:00+00:00,763.250000,764.010010,762.489990,763.979980,20526
2026-04-15 16:10:00+00:00,763.609985,763.609985,762.190002,763.229980,26067
2026-04-15 16:15:00+00:00,763.229980,763.229980,761.224976,762.210022,41195
2026-04-15 16:20:00+00:00,762.400024,763.010010,762.299988,763.000000,12441
2026-04-15 16:25:00+00:00,762.590027,762.590027,760.469971,761.059998,32412
2026-04-15 16:30:00+00:00,761.054993,761.880005,760.460022,761.110168,39133
2026-04-15 16:35:00+00:00,761.219971,761.380005,759.500000,760.820007,38543
2026-04-15 16:40:00+00:00,760.419983,760.419983,758.609985,758.815002,31236
2026-04-15 16:45:00+00:00,758.815002,759.969971,757.250000,759.544983,24278
2026-04-15 16:50:00+00:00,759.119995,759.280029,756.650085,757.840027,19438
2026-04-15 16:55:00+00:00,757.619995,759.684998,757.000000,759.539978,11486
2026-04-15 17:00:00+00:00,759.510010,759.809998,757.989990,759.789917,37882
2026-04-15 17:05:00+00:00,759.650024,761.199890,759.309998,760.630005,14472
2026-04-15 17:10:00+00:00,760.630005,760.989990,759.640015,760.650024,28998
2026-04-15 17:15:00+00:00,760.650085,761.340027,760.150024,760.770020,15544
2026-04-15 17:20:00+00:00,760.770081,760.969971,760.065002,760.270020,10938
2026-04-15 17:25:00+00:00,760.419983,760.989990,760.169983,760.516174,8653
2026-04-15 17:30:00+00:00,760.530029,763.269897,760.289978,763.080017,20619
2026-04-15 17:35:00+00:00,762.919983,763.580017,762.289978,762.450012,20920
2026-04-15 17:40:00+00:00,762.429993,762.679871,761.390076,762.359985,15138
2026-04-15 17:45:00+00:00,762.359985,763.150024,762.359985,763.104980,14063
2026-04-15 17:50:00+00:00,763.109985,764.450012,763.104980,764.179993,23659
2026-04-15 17:55:00+00:00,764.239990,765.340027,764.239990,764.690125,27526
2026-04-15 18:00:00+00:00,765.044983,766.510010,763.869995,765.585022,25180
2026-04-15 18:05:00+00:00,765.440002,765.640015,764.479980,764.479980,16885
2026-04-15 18:10:00+00:00,764.690002,765.090027,764.070007,764.880005,11555
2026-04-15 18:15:00+00:00,764.854980,765.750000,764.770020,765.179993,9556
2026-04-15 18:20:00+00:00,765.265015,766.000000,764.690125,765.940002,17509
2026-04-15 18:25:00+00:00,766.039978,766.039978,764.710022,765.280029,16784
2026-04-15 18:30:00+00:00,765.184998,765.750000,764.530029,765.500000,18607
2026-04-15 18:35:00+00:00,765.190002,765.359924,764.630005,764.925110,14710
2026-04-15 18:40:00+00:00,764.924988,765.159973,764.390015,765.010010,11197
2026-04-15 18:45:00+00:00,764.960022,764.974976,764.510010,764.825012,8672
2026-04-15 18:50:00+00:00,764.825012,765.260010,764.750000,764.830017,18707
2026-04-15 18:55:00+00:00,764.950012,765.755981,764.890015,765.640015,12262
2026-04-15 19:00:00+00:00,765.590027,766.787781,765.380005,766.640015,13168
2026-04-15 19:05:00+00:00,766.640015,767.829895,766.520081,767.679993,20407
2026-04-15 19:10:00+00:00,767.659973,768.385193,767.659973,768.150024,15681
2026-04-15 19:15:00+00:00,768.049988,768.489990,767.580017,768.375000,14826
2026-04-15 19:20:00+00:00,768.375000,768.929993,768.270020,768.919983,16480
2026-04-15 19:25:00+00:00,768.780029,770.099976,768.630005,769.950012,23438
2026-04-15 19:30:00+00:00,769.940002,769.979980,768.409973,769.460022,19238
2026-04-15 19:35:00+00:00,769.340027,769.599976,767.640015,767.669983,21332
2026-04-15 19:40:00+00:00,767.539978,768.150024,766.919983,767.840027,29722
2026-04-15 19:45:00+00:00,767.880005,769.219971,767.700012,768.599976,22022
2026-04-15 19:50:00+00:00,768.679993,769.409973,768.590881,769.244995,42137
2026-04-15 19:55:00+00:00,769.239990,770.599976,769.195007,770.090027,112758
2026-04-16 13:30:00+00:00,768.000000,768.020020,761.460083,767.695007,76471
2026-04-16 13:35:00+00:00,767.590027,769.309998,766.669983,769.260010,29350
2026-04-16 13:40:00+00:00,769.150513,770.909973,763.659973,764.719971,39699
2026-04-16 13:45:00+00:00,764.679993,765.359985,760.830017,763.984985,33925
2026-04-16 13:50:00+00:00,763.984985,764.849976,758.849976,758.849976,31674
2026-04-16 13:55:00+00:00,758.729980,762.109985,757.909973,762.109985,23962
2026-04-16 14:00:00+00:00,761.809998,764.297485,761.640015,763.890015,26935
2026-04-16 14:05:00+00:00,763.429993,765.460022,762.809998,763.344971,23662
2026-04-16 14:10:00+00:00,763.070007,764.000000,762.890015,763.265015,11676
2026-04-16 14:15:00+00:00,763.270020,763.270020,761.270020,761.599182,17849
2026-04-16 14:20:00+00:00,761.515015,761.515015,759.700012,760.184998,15708
2026-04-16 14:25:00+00:00,759.960022,760.604980,759.080078,759.440002,22498
2026-04-16 14:30:00+00:00,759.130005,759.130005,754.450012,757.210022,46532
2026-04-16 14:35:00+00:00,757.219971,757.909973,755.327515,757.505005,36673
2026-04-16 14:40:00+00:00,757.510010,759.159973,756.789978,759.140015,28792
2026-04-16 14:45:00+00:00,759.159973,760.135010,758.434998,759.104980,15250
2026-04-16 14:50:00+00:00,759.380005,766.309998,759.380005,765.070129,78071
2026-04-16 14:55:00+00:00,764.510010,765.674988,763.859985,764.059998,19964
2026-04-16 15:00:00+00:00,763.859985,768.039978,763.859985,766.940002,32948
2026-04-16 15:05:00+00:00,766.849976,768.299988,766.620117,767.059998,14423
2026-04-16 15:10:00+00:00,767.030212,768.869995,766.799988,768.044983,16484
2026-04-16 15:15:00+00:00,768.010315,769.309998,767.140015,767.140015,20499
2026-04-16 15:20:00+00:00,767.140076,767.530029,765.940002,766.429993,12510
2026-04-16 15:25:00+00:00,766.164978,766.429993,764.184998,764.679993,17374
2026-04-16 15:30:00+00:00,764.205017,764.830017,762.869995,763.739990,12829
2026-04-16 15:35:00+00:00,764.039978,766.179993,763.309998,766.099976,23866
2026-04-16 15:40:00+00:00,766.090027,766.090027,765.039978,765.109985,10366
2026-04-16 15:45:00+00:00,765.270020,765.270020,764.530029,764.974976,7984
2026-04-16 15:50:00+00:00,764.700012,766.500000,764.700012,766.110718,12402
2026-04-16 15:55:00+00:00,766.070007,767.299988,766.070007,766.600098,11071
2026-04-16 16:00:00+00:00,766.719971,767.380005,766.469971,766.719971,14706
2026-04-16 16:05:00+00:00,766.871521,766.871521,765.554993,765.820007,8299
2026-04-16 16:10:00+00:00,765.815002,766.375000,765.520020,766.375000,10318
2026-04-16 16:15:00+00:00,766.530029,767.030029,766.229980,766.969971,6285
2026-04-16 16:20:00+00:00,767.139893,767.179993,766.260010,766.299988,12470
2026-04-16 16:25:00+00:00,766.489990,767.900024,766.330017,767.695007,22923
2026-04-16 16:30:00+00:00,767.619995,767.820007,764.000000,765.369995,23038
2026-04-16 16:35:00+00:00,765.085022,765.559998,764.429993,765.059998,9851
2026-04-16 16:40:00+00:00,765.059998,766.250000,763.469971,764.039978,30839
2026-04-16 16:45:00+00:00,764.099976,765.000000,763.570007,763.974976,12850
2026-04-16 16:50:00+00:00,763.974976,764.840820,763.039978,764.150024,23980
2026-04-16 16:55:00+00:00,763.971802,765.299988,763.950012,764.330017,12596
2026-04-16 17:00:00+00:00,764.330017,764.710022,763.539978,763.859985,16840
2026-04-16 17:05:00+00:00,763.859985,764.130005,762.479980,764.130005,13030
2026-04-16 17:10:00+00:00,764.340027,764.369873,763.614990,763.799988,6776
2026-04-16 17:15:00+00:00,763.510010,764.340027,763.489990,763.575012,5432
2026-04-16 17:20:00+00:00,763.950012,764.890015,763.722473,764.890015,10150
2026-04-16 17:25:00+00:00,764.969971,765.638977,764.909973,765.070007,9549
2026-04-16 17:30:00+00:00,765.569885,766.140015,765.020020,765.619995,13381
2026-04-16 17:35:00+00:00,765.429993,765.719971,764.736511,765.719971,10352
2026-04-16 17:40:00+00:00,765.465027,765.820007,765.359985,765.500000,7047
2026-04-16 17:45:00+00:00,765.559998,765.820007,765.090027,765.130005,9901
2026-04-16 17:50:00+00:00,765.094971,765.190002,764.472473,764.614990,10112
2026-04-16 17:55:00+00:00,764.619995,764.619995,763.500122,764.205017,13227
2026-04-16 18:00:00+00:00,764.205017,765.335022,764.010010,764.460022,14540
2026-04-16 18:05:00+00:00,764.469971,766.539978,764.219971,765.880005,26222
2026-04-16 18:10:00+00:00,766.229980,767.000000,765.890015,767.000000,10993
2026-04-16 18:15:00+00:00,767.169983,768.400024,767.169983,768.390015,12094
2026-04-16 18:20:00+00:00,768.309998,768.655029,767.599976,767.679993,12250
2026-04-16 18:25:00+00:00,767.460022,767.460022,766.510010,766.669983,9716
2026-04-16 18:30:00+00:00,766.950012,767.380005,766.830017,767.145020,6866
2026-04-16 18:35:00+00:00,767.020020,767.099976,766.333984,766.630005,10190
2026-04-16 18:40:00+00:00,766.640015,767.049988,766.320129,766.789978,6711
2026-04-16 18:45:00+00:00,766.570312,767.059998,766.515015,766.515015,8700
2026-04-16 18:50:00+00:00,766.515015,767.140015,766.090027,766.729980,18560
2026-04-16 18:55:00+00:00,766.789978,766.900024,766.460022,766.594971,6295
2026-04-16 19:00:00+00:00,766.799988,768.390015,766.799988,768.224976,15520
2026-04-16 19:05:00+00:00,768.159973,769.000000,768.000000,768.835022,16074
2026-04-16 19:10:00+00:00,768.840027,769.380005,768.669983,769.130005,15172
2026-04-16 19:15:00+00:00,769.390015,771.590027,769.390015,770.989990,26111
2026-04-16 19:20:00+00:00,770.860107,771.260010,770.770020,771.135010,12915
2026-04-16 19:25:00+00:00,771.135010,771.250000,770.640015,770.869995,18957
2026-04-16 19:30:00+00:00,771.080017,771.560974,770.920105,771.414978,20894
2026-04-16 19:35:00+00:00,771.414978,772.729980,771.330017,771.554993,37671
2026-04-16 19:40:00+00:00,771.650024,772.400024,771.380127,772.159973,25995
2026-04-16 19:45:00+00:00,772.034973,772.390015,771.380005,771.429993,21904
2026-04-16 19:50:00+00:00,771.479980,771.900024,770.790100,771.575012,30901
2026-04-16 19:55:00+00:00,771.599976,772.809998,771.419983,771.989990,117894
2026-04-17 13:30:00+00:00,780.510010,786.510010,779.049988,783.250000,226784
2026-04-17 13:35:00+00:00,783.989990,786.750000,783.599976,785.609985,39545
2026-04-17 13:40:00+00:00,785.260010,785.280029,780.750000,781.500000,33427
2026-04-17 13:45:00+00:00,781.265015,781.265076,776.000000,779.520020,34267
2026-04-17 13:50:00+00:00,779.515015,782.559998,779.119995,781.974976,22898
2026-04-17 13:55:00+00:00,781.974976,784.109985,781.290100,783.650024,27666
2026-04-17 14:00:00+00:00,783.655029,788.530029,783.479980,787.200012,46350
2026-04-17 14:05:00+00:00,787.580017,790.369995,787.130005,789.750000,44288
2026-04-17 14:10:00+00:00,789.599976,790.989990,789.300110,789.625000,39535
2026-04-17 14:15:00+00:00,789.310120,790.390015,789.270020,789.609985,16282
2026-04-17 14:20:00+00:00,789.640015,791.549988,789.130005,791.434998,26384
2026-04-17 14:25:00+00:00,791.434998,791.940002,790.679993,790.955017,35515
2026-04-17 14:30:00+00:00,790.955017,792.840027,790.070007,792.674988,32811
2026-04-17 14:35:00+00:00,792.674988,793.219971,791.739990,792.440002,24205
2026-04-17 14:40:00+00:00,792.309998,795.679993,792.309998,794.650024,24148
2026-04-17 14:45:00+00:00,794.859985,796.450012,794.260010,796.224976,76722
2026-04-17 14:50:00+00:00,796.210022,796.450012,794.299988,794.505005,19337
2026-04-17 14:55:00+00:00,794.229980,794.229980,790.900024,791.059998,34887
2026-04-17 15:00:00+00:00,791.125000,791.993591,789.950012,791.359985,38916
2026-04-17 15:05:00+00:00,791.369995,792.010010,790.729980,791.250000,13452
2026-04-17 15:10:00+00:00,791.909912,791.909912,789.890015,790.310120,30251
2026-04-17 15:15:00+00:00,790.236511,790.890015,788.385010,789.690002,100486
2026-04-17 15:20:00+00:00,789.640015,791.520020,789.640015,790.744385,34255
2026-04-17 15:25:00+00:00,790.419983,791.429993,790.300110,791.380005,15372
2026-04-17 15:30:00+00:00,791.515015,792.770020,791.440002,792.575012,19847
2026-04-17 15:35:00+00:00,792.575012,793.330017,791.640015,793.070007,13473
2026-04-17 15:40:00+00:00,792.929993,793.609985,792.640015,793.145020,17846
2026-04-17 15:45:00+00:00,793.145020,795.770020,793.145020,795.522522,35357
2026-04-17 15:50:00+00:00,795.559998,797.539978,795.289978,797.119995,26273
2026-04-17 15:55:00+00:00,797.326294,798.000000,796.924988,797.309998,16161
2026-04-17 16:00:00+00:00,797.049988,798.791992,796.510010,798.575012,25487
2026-04-17 16:05:00+00:00,798.679993,799.520020,798.247009,798.310120,32445
2026-04-17 16:10:00+00:00,798.570007,798.570007,797.744995,798.275024,17141
2026-04-17 16:15:00+00:00,798.270020,800.219971,798.270020,799.900024,56929
2026-04-17 16:20:00+00:00,799.734985,799.760010,799.059998,799.400085,14524
2026-04-17 16:25:00+00:00,799.405029,799.917114,799.150024,799.770020,17280
2026-04-17 16:30:00+00:00,799.854980,801.460022,799.799988,800.830017,36995
2026-04-17 16:35:00+00:00,800.770020,801.429993,800.293274,801.210022,23406
2026-04-17 16:40:00+00:00,801.210022,801.330017,800.320007,800.659973,19771
2026-04-17 16:45:00+00:00,800.630005,801.500000,800.630005,801.210022,26293
2026-04-17 16:50:00+00:00,801.030090,801.770020,800.520020,800.650085,15000
2026-04-17 16:55:00+00:00,800.510010,800.669983,799.440002,799.869995,20087
2026-04-17 17:00:00+00:00,799.809998,800.000000,798.830017,799.369995,21831
2026-04-17 17:05:00+00:00,799.375000,799.739990,796.542480,797.200012,19999
2026-04-17 17:10:00+00:00,797.200012,797.750000,796.679993,797.059998,12972
2026-04-17 17:15:00+00:00,797.244995,797.820007,796.400024,796.559998,24664
2026-04-17 17:20:00+00:00,796.760010,797.119995,793.619995,794.799988,29382
2026-04-17 17:25:00+00:00,794.770020,796.210022,793.770020,795.455017,13587
2026-04-17 17:30:00+00:00,795.570007,795.900024,794.799988,795.530090,20556
2026-04-17 17:35:00+00:00,795.534973,796.190002,794.960022,795.359985,20278
2026-04-17 17:40:00+00:00,795.359985,795.859924,794.330017,794.795471,25585
2026-04-17 17:45:00+00:00,794.440002,796.520020,794.229980,796.354980,17009
2026-04-17 17:50:00+00:00,796.354980,797.400024,796.354980,797.304993,13827
2026-04-17 17:55:00+00:00,797.309998,798.690002,797.049988,797.275024,16976
2026-04-17 18:00:00+00:00,797.280029,797.799988,797.000000,797.250000,13944
2026-04-17 18:05:00+00:00,797.380005,797.380005,796.299988,796.525085,10301
2026-04-17 18:10:00+00:00,796.739990,797.039978,796.280029,796.554993,12659
2026-04-17 18:15:00+00:00,796.445007,797.109985,796.445007,796.844971,7774
2026-04-17 18:20:00+00:00,796.840027,797.510010,796.239990,797.130005,14251
2026-04-17 18:25:00+00:00,797.119995,797.859985,796.109985,796.109985,15558
2026-04-17 18:30:00+00:00,796.440002,797.349915,796.280029,796.689880,14927
2026-04-17 18:35:00+00:00,796.914978,797.059998,795.940002,796.025024,11822
2026-04-17 18:40:00+00:00,795.809998,796.960022,795.599976,796.960022,14612
2026-04-17 18:45:00+00:00,797.010010,797.299988,796.460022,796.659973,14815
2026-04-17 18:50:00+00:00,796.619995,796.619995,795.250000,795.950012,12830
2026-04-17 18:55:00+00:00,795.715027,796.500000,795.500000,795.705017,14885
2026-04-17 19:00:00+00:00,795.710022,796.030029,795.179993,795.609985,12912
2026-04-17 19:05:00+00:00,795.429993,795.750000,794.387390,794.715027,14334
2026-04-17 19:10:00+00:00,794.530029,794.539978,793.395020,793.395020,13245
2026-04-17 19:15:00+00:00,793.320007,793.809998,792.840027,793.299988,23928
2026-04-17 19:20:00+00:00,793.320007,793.760010,792.784973,793.309998,23632
2026-04-17 19:25:00+00:00,793.409973,793.669983,792.349976,792.349976,18314
2026-04-17 19:30:00+00:00,792.320007,793.150024,791.729980,792.859985,24606
2026-04-17 19:35:00+00:00,792.719971,793.729980,792.719971,793.275024,18764
2026-04-17 19:40:00+00:00,793.419983,793.969971,792.880005,793.942505,20140
2026-04-17 19:45:00+00:00,793.580078,793.799988,792.929993,793.239990,31874
2026-04-17 19:50:00+00:00,793.460022,795.840027,793.450012,795.409973,60757
2026-04-17 19:55:00+00:00,795.440002,795.849976,794.049988,794.469971,125401
2026-04-20 13:30:00+00:00,790.900024,795.609985,787.169983,789.109985,93551
2026-04-20 13:35:00+00:00,788.500000,792.659973,786.830017,792.659973,23022
2026-04-20 13:40:00+00:00,793.000000,796.809998,792.320007,795.830017,15974
2026-04-20 13:45:00+00:00,795.900024,796.090027,792.958923,793.570007,21169
2026-04-20 13:50:00+00:00,793.789978,793.960022,790.445007,791.359985,16300
2026-04-20 13:55:00+00:00,791.395020,792.219971,790.849976,791.770020,14917
2026-04-20 14:00:00+00:00,791.359985,792.549988,788.715027,791.530029,17903
2026-04-20 14:05:00+00:00,791.880005,792.109985,790.169983,790.559998,10843
2026-04-20 14:10:00+00:00,790.559998,792.000000,788.972229,791.844971,24661
2026-04-20 14:15:00+00:00,791.489990,794.020020,791.219971,793.659973,15605
2026-04-20 14:20:00+00:00,793.580017,795.099976,793.320007,793.635010,14367
2026-04-20 14:25:00+00:00,793.270020,793.499878,792.000122,792.669983,12017
2026-04-20 14:30:00+00:00,793.140015,793.500000,792.030029,792.875000,12979
2026-04-20 14:35:00+00:00,792.875000,792.880005,791.190002,791.500000,8243
2026-04-20 14:40:00+00:00,791.585022,793.059998,791.200012,793.059998,13217
2026-04-20 14:45:00+00:00,792.780029,794.570007,792.770020,794.309998,7758
2026-04-20 14:50:00+00:00,794.299988,794.950012,790.340027,791.599976,20368
2026-04-20 14:55:00+00:00,791.260010,792.349976,790.169983,792.000000,14701
2026-04-20 15:00:00+00:00,792.059998,793.407776,791.659973,792.155029,16715
2026-04-20 15:05:00+00:00,792.505005,793.859985,791.849976,793.114990,13372
2026-04-20 15:10:00+00:00,793.119995,794.500000,792.280029,792.770020,12270
2026-04-20 15:15:00+00:00,793.179993,794.500000,792.015015,794.109985,8504
2026-04-20 15:20:00+00:00,794.539978,796.630005,794.090027,795.762512,22427
2026-04-20 15:25:00+00:00,795.684998,798.090027,795.380127,797.907471,20821
2026-04-20 15:30:00+00:00,797.914978,799.000000,797.299988,797.705017,31536
2026-04-20 15:35:00+00:00,797.892883,797.892883,796.119995,796.520020,56100
2026-04-20 15:40:00+00:00,796.250000,797.239990,796.250000,796.940002,5169
2026-04-20 15:45:00+00:00,797.250000,797.380005,796.244995,796.244995,7893
2026-04-20 15:50:00+00:00,796.020020,796.130005,794.864990,795.534424,12277
2026-04-20 15:55:00+00:00,795.840027,796.580017,795.830017,796.179993,6498
2026-04-20 16:00:00+00:00,796.099976,796.135010,794.609985,794.804993,13247
2026-04-20 16:05:00+00:00,794.479980,796.029541,794.460022,795.934998,5090
2026-04-20 16:10:00+00:00,795.950012,796.250000,795.640015,795.820007,6515
2026-04-20 16:15:00+00:00,796.169983,796.260010,795.000000,796.260010,8830
2026-04-20 16:20:00+00:00,796.325012,796.830017,795.760010,796.015015,11519
2026-04-20 16:25:00+00:00,796.010010,796.159973,795.000000,795.184998,6252
2026-04-20 16:30:00+00:00,795.250000,795.460022,795.020020,795.184998,8246
2026-04-20 16:35:00+00:00,795.270020,795.270020,793.239990,793.659973,11474
2026-04-20 16:40:00+00:00,793.614990,794.010010,793.309998,793.484985,7239
2026-04-20 16:45:00+00:00,793.580017,793.989990,793.455017,793.655029,7144
2026-04-20 16:50:00+00:00,793.559998,794.039978,793.255005,793.700012,10922
2026-04-20 16:55:00+00:00,793.750000,794.260010,793.551025,794.114990,6604
2026-04-20 17:00:00+00:00,794.125000,794.418274,793.030090,793.255005,9333
2026-04-20 17:05:00+00:00,793.330017,793.979919,793.260010,793.950012,8504
2026-04-20 17:10:00+00:00,793.965027,794.700012,793.960022,794.700012,7432
2026-04-20 17:15:00+00:00,794.690002,794.880005,794.520020,794.559998,8279
2026-04-20 17:20:00+00:00,794.479980,794.549988,793.390320,793.765015,9446
2026-04-20 17:25:00+00:00,793.744995,793.780029,793.330017,793.330017,5849
2026-04-20 17:30:00+00:00,793.340027,794.484985,793.255005,794.229980,11204
2026-04-20 17:35:00+00:00,794.224976,794.799988,794.000000,794.440002,4917
2026-04-20 17:40:00+00:00,794.299988,795.340027,794.260010,794.780029,10168
2026-04-20 17:45:00+00:00,794.859985,795.085022,794.359985,795.000000,8617
2026-04-20 17:50:00+00:00,794.739990,794.960022,794.594971,794.815002,5410
2026-04-20 17:55:00+00:00,795.104980,795.320007,795.020020,795.280029,6218
2026-04-20 18:00:00+00:00,795.479980,795.769897,794.859985,795.309998,8208
2026-04-20 18:05:00+00:00,795.330017,796.510010,795.330017,796.477478,15663
2026-04-20 18:10:00+00:00,796.409973,796.580017,794.994995,795.724976,14318
2026-04-20 18:15:00+00:00,795.724976,796.385010,795.619995,796.385010,13711
2026-04-20 18:20:00+00:00,796.460022,796.890015,796.200012,796.609985,8580
2026-04-20 18:25:00+00:00,796.609985,796.770020,795.659973,795.859985,13688
2026-04-20 18:30:00+00:00,796.030029,796.039978,795.065002,795.450012,8785
2026-04-20 18:35:00+00:00,795.380005,795.409973,794.075012,794.354004,10996
2026-04-20 18:40:00+00:00,794.359985,795.015015,794.280029,794.820129,9121
2026-04-20 18:45:00+00:00,794.900024,796.205017,794.890015,796.205017,9267
2026-04-20 18:50:00+00:00,796.159973,796.405029,795.669983,796.405029,7772
2026-04-20 18:55:00+00:00,796.534973,796.809875,796.410095,796.580078,10439
2026-04-20 19:00:00+00:00,796.739990,797.424988,796.734985,797.424988,9250
2026-04-20 19:05:00+00:00,797.419983,797.789978,797.146301,797.424988,10670
2026-04-20 19:10:00+00:00,797.434998,797.903015,797.159973,797.695007,10747
2026-04-20 19:15:00+00:00,797.700012,798.000000,797.489990,797.510010,18168
2026-04-20 19:20:00+00:00,797.554993,797.989929,797.438354,797.697388,11562
2026-04-20 19:25:00+00:00,797.840027,798.260010,797.800110,798.010010,16715
2026-04-20 19:30:00+00:00,797.830017,798.609985,797.570007,797.570007,13299
2026-04-20 19:35:00+00:00,797.570007,798.275024,797.210022,797.590027,16867
2026-04-20 19:40:00+00:00,797.658081,797.658081,796.770020,796.809998,17211
2026-04-20 19:45:00+00:00,796.809998,797.729980,796.744995,797.630005,18100
2026-04-20 19:50:00+00:00,797.789978,798.630005,797.190002,798.590027,31823
2026-04-20 19:55:00+00:00,798.739990,799.630005,798.239990,798.479980,94058
2026-04-21 13:30:00+00:00,804.880005,812.020020,803.200012,808.409973,123396
2026-04-21 13:35:00+00:00,809.409973,812.479980,808.049988,809.460388,84968
2026-04-21 13:40:00+00:00,810.000000,812.000000,808.465027,810.500000,32718
2026-04-21 13:45:00+00:00,810.599976,814.140015,810.130005,813.169983,39588
2026-04-21 13:50:00+00:00,813.215027,817.188416,813.215027,816.255005,46795
2026-04-21 13:55:00+00:00,815.630005,816.270020,812.530029,813.000000,33543
2026-04-21 14:00:00+00:00,813.000000,816.000000,812.000000,815.195007,24335
2026-04-21 14:05:00+00:00,815.250000,817.190002,815.150024,816.689819,26283
2026-04-21 14:10:00+00:00,817.000000,817.479980,814.630005,817.140015,27116
2026-04-21 14:15:00+00:00,817.130005,818.219971,815.219971,818.000000,28091
2026-04-21 14:20:00+00:00,818.000000,820.200012,816.809998,819.830017,63984
2026-04-21 14:25:00+00:00,819.799988,820.020020,815.919983,815.979980,36789
2026-04-21 14:30:00+00:00,816.010010,816.500000,812.500000,814.190002,37956
2026-04-21 14:35:00+00:00,813.695007,814.830688,811.119995,813.330017,29074
2026-04-21 14:40:00+00:00,813.880005,815.200012,813.090027,814.657471,11977
2026-04-21 14:45:00+00:00,814.705017,814.705017,812.260010,813.736694,24830
2026-04-21 14:50:00+00:00,813.400024,814.020020,812.260010,812.260010,24792
2026-04-21 14:55:00+00:00,812.159973,812.400024,808.280029,809.270020,24912
2026-04-21 15:00:00+00:00,809.099976,809.820007,806.676514,806.940002,36393
2026-04-21 15:05:00+00:00,806.570007,809.650024,805.167480,809.500000,27783
2026-04-21 15:10:00+00:00,809.590027,811.309998,809.059998,810.599976,18713
2026-04-21 15:15:00+00:00,810.690002,811.010010,808.059998,809.469971,17912
2026-04-21 15:20:00+00:00,809.909973,810.880005,809.090027,809.239990,11600
2026-04-21 15:25:00+00:00,809.265015,809.265076,807.179993,808.104980,13081
2026-04-21 15:30:00+00:00,808.739990,809.830017,808.416504,808.960022,20476
2026-04-21 15:35:00+00:00,808.969971,809.809998,808.559998,808.929993,22942
2026-04-21 15:40:00+00:00,808.984985,809.700012,808.650024,809.700012,9823
2026-04-21 15:45:00+00:00,808.929993,810.395020,807.830017,809.739990,12782
2026-04-21 15:50:00+00:00,809.650024,810.320007,809.039978,809.420105,12131
2026-04-21 15:55:00+00:00,809.419983,810.229980,808.830017,809.614990,13284
2026-04-21 16:00:00+00:00,809.900024,812.299988,809.900024,811.565002,18366
2026-04-21 16:05:00+00:00,811.590027,812.250000,811.130005,811.849976,13140
2026-04-21 16:10:00+00:00,811.799988,811.799988,810.000000,810.770020,12104
2026-04-21 16:15:00+00:00,810.875000,811.099915,809.580017,809.715027,11643
2026-04-21 16:20:00+00:00,809.599976,809.900024,807.765076,808.000000,18596
2026-04-21 16:25:00+00:00,807.929993,809.210022,807.690796,809.109985,7749
2026-04-21 16:30:00+00:00,808.969971,809.549988,808.808411,809.335022,29346
2026-04-21 16:35:00+00:00,809.280029,809.390015,807.590027,807.785095,12523
2026-04-21 16:40:00+00:00,807.681030,807.994995,806.500000,807.565002,10353
2026-04-21 16:45:00+00:00,807.760010,809.049988,807.760010,808.849976,11507
2026-04-21 16:50:00+00:00,808.854980,809.369995,807.169983,807.309998,12108
2026-04-21 16:55:00+00:00,807.179993,807.469971,806.770020,806.782471,8427
2026-04-21 17:00:00+00:00,806.989990,807.705017,806.520020,807.239990,9409
2026-04-21 17:05:00+00:00,807.070007,807.070007,804.346008,806.590027,41781
2026-04-21 17:10:00+00:00,806.489990,806.491699,803.575012,803.940002,10995
2026-04-21 17:15:00+00:00,804.119995,804.640015,802.380005,802.770020,8463
2026-04-21 17:20:00+00:00,803.000000,803.659973,802.591003,803.280029,8253
2026-04-21 17:25:00+00:00,803.281677,804.440002,803.010010,803.294983,9571
2026-04-21 17:30:00+00:00,803.445007,804.499878,803.200012,804.070007,8269
2026-04-21 17:35:00+00:00,804.260010,808.260010,803.890015,807.530029,14430
2026-04-21 17:40:00+00:00,807.250000,808.320007,806.515015,807.439880,13419
2026-04-21 17:45:00+00:00,807.065002,807.065002,805.658386,806.229980,7533
2026-04-21 17:50:00+00:00,806.167480,806.184998,804.767517,804.789978,7679
2026-04-21 17:55:00+00:00,804.619995,804.784973,804.030029,804.650024,7504
2026-04-21 18:00:00+00:00,804.500000,805.570007,804.354980,804.554993,23870
2026-04-21 18:05:00+00:00,804.469971,805.250000,803.650085,803.984985,14118
2026-04-21 18:10:00+00:00,803.650024,803.650024,802.429993,803.169983,11223
2026-04-21 18:15:00+00:00,802.820007,803.380005,800.510010,800.854980,22026
2026-04-21 18:20:00+00:00,800.830017,801.530029,800.349976,801.000000,12753
2026-04-21 18:25:00+00:00,801.020020,802.229980,800.770020,801.265015,11356
2026-04-21 18:30:00+00:00,801.559998,802.799988,801.109985,802.414978,11666
2026-04-21 18:35:00+00:00,802.070007,802.487183,800.719971,800.719971,11285
2026-04-21 18:40:00+00:00,800.909973,800.979980,800.349976,800.570007,10177
2026-04-21 18:45:00+00:00,800.635010,801.737488,800.000000,801.474976,16608
2026-04-21 18:50:00+00:00,801.457520,804.349976,801.059998,804.090027,13477
2026-04-21 18:55:00+00:00,803.650024,804.000000,802.512024,803.989929,16400
2026-04-21 19:00:00+00:00,803.869080,805.489990,803.640015,805.000000,18494
2026-04-21 19:05:00+00:00,805.289978,805.534973,804.104980,804.465027,21152
2026-04-21 19:10:00+00:00,804.440002,806.609985,804.150024,804.669983,22226
2026-04-21 19:15:00+00:00,804.625000,805.639893,804.070007,804.502502,19628
2026-04-21 19:20:00+00:00,804.510010,806.229980,804.494995,805.940002,17341
2026-04-21 19:25:00+00:00,805.952515,806.580017,805.952515,805.969971,15816
2026-04-21 19:30:00+00:00,805.710022,805.924988,804.770020,805.260010,16647
2026-04-21 19:35:00+00:00,805.039978,805.222473,802.780029,803.630005,28812
2026-04-21 19:40:00+00:00,803.830017,803.830017,797.789978,798.655029,38823
2026-04-21 19:45:00+00:00,798.655029,800.794983,798.570007,800.315002,32085
2026-04-21 19:50:00+00:00,800.559998,801.375000,798.539978,799.260010,31704
2026-04-21 19:55:00+00:00,799.320007,801.200012,799.190002,800.400024,114372
2026-04-22 13:30:00+00:00,812.500000,817.849976,810.679993,816.126770,113115
2026-04-22 13:35:00+00:00,815.500000,817.440002,813.200012,813.340027,33941
2026-04-22 13:40:00+00:00,812.400024,815.389893,811.460022,812.270020,26536
2026-04-22 13:45:00+00:00,812.039978,813.039978,808.440002,808.445007,32399
2026-04-22 13:50:00+00:00,808.405029,811.460022,807.000000,810.500000,18507
2026-04-22 13:55:00+00:00,810.898987,812.539978,809.400024,811.650024,24220
2026-04-22 14:00:00+00:00,811.530029,812.070007,806.016174,806.016174,27869
2026-04-22 14:05:00+00:00,806.109985,809.400024,805.809998,807.849976,16604
2026-04-22 14:10:00+00:00,807.302002,812.270020,807.302002,812.224976,21091
2026-04-22 14:15:00+00:00,812.224976,813.770020,811.387512,813.289978,24036
2026-04-22 14:20:00+00:00,813.750000,814.830017,811.000000,811.000000,22541
2026-04-22 14:25:00+00:00,811.000000,811.578979,810.280029,810.625000,16535
2026-04-22 14:30:00+00:00,810.320007,811.340027,808.719971,810.965027,18879
2026-04-22 14:35:00+00:00,810.974976,814.280029,810.619995,813.619995,27613
2026-04-22 14:40:00+00:00,813.517517,813.929993,811.760010,812.387512,16399
2026-04-22 14:45:00+00:00,812.840027,815.479980,812.840027,813.780029,15680
2026-04-22 14:50:00+00:00,813.330017,814.150024,812.326111,812.919983,7845
2026-04-22 14:55:00+00:00,812.919983,812.989990,811.849976,812.880005,13326
2026-04-22 15:00:00+00:00,812.989990,813.789978,810.469971,810.859985,12736
2026-04-22 15:05:00+00:00,811.349976,812.739990,810.400024,811.000000,17987
2026-04-22 15:10:00+00:00,810.989990,811.289978,810.220093,810.820007,23022
2026-04-22 15:15:00+00:00,810.594971,810.940002,809.617981,810.940002,13248
2026-04-22 15:20:00+00:00,810.855286,811.710022,810.770020,811.580017,10130
2026-04-22 15:25:00+00:00,811.140015,812.789978,810.289978,812.000000,16304
2026-04-22 15:30:00+00:00,812.219971,813.289978,811.909973,813.190002,9793
2026-04-22 15:35:00+00:00,813.210022,813.210022,810.630127,811.005005,10080
2026-04-22 15:40:00+00:00,810.630005,810.640015,807.455017,807.455017,10482
2026-04-22 15:45:00+00:00,807.520020,810.525024,807.520020,810.039978,17052
2026-04-22 15:50:00+00:00,810.034973,810.450012,809.479980,810.083374,9330
2026-04-22 15:55:00+00:00,810.094971,811.289978,810.059998,810.280029,8678
2026-04-22 16:00:00+00:00,810.700012,811.070007,810.367493,810.690002,9862
2026-04-22 16:05:00+00:00,810.599976,810.989990,809.270020,809.682190,10151
2026-04-22 16:10:00+00:00,809.405029,809.500000,807.719971,807.934998,12323
2026-04-22 16:15:00+00:00,807.989990,808.570007,806.715027,806.809998,16073
2026-04-22 16:20:00+00:00,806.809998,807.580017,806.809998,807.400024,11684
2026-04-22 16:25:00+00:00,807.054993,807.830017,806.700073,806.864990,13977
2026-04-22 16:30:00+00:00,806.729980,807.372009,806.200012,807.288513,12565
2026-04-22 16:35:00+00:00,807.319885,807.890015,807.130005,807.289978,10875
2026-04-22 16:40:00+00:00,807.330017,807.755005,805.481018,806.330017,33094
2026-04-22 16:45:00+00:00,806.770020,808.018616,806.700012,807.190002,5409
2026-04-22 16:50:00+00:00,807.099976,807.479980,806.289978,807.179993,8507
2026-04-22 16:55:00+00:00,807.269897,807.269897,806.250000,806.270020,8936
2026-04-22 17:00:00+00:00,806.224976,808.000000,806.224976,807.969910,8195
2026-04-22 17:05:00+00:00,807.869995,807.969971,807.010010,807.380005,8374
2026-04-22 17:10:00+00:00,807.650024,808.840027,807.650024,808.520020,11292
2026-04-22 17:15:00+00:00,808.809998,809.330017,808.465027,808.869995,12474
2026-04-22 17:20:00+00:00,808.869995,810.140015,808.700012,810.030029,12452
2026-04-22 17:25:00+00:00,810.118530,810.750000,810.030029,810.750000,8934
2026-04-22 17:30:00+00:00,810.869995,811.484985,810.190002,810.224976,14725
2026-04-22 17:35:00+00:00,810.375488,810.450012,809.659973,809.844971,8665
2026-04-22 17:40:00+00:00,809.844971,810.119995,809.614990,810.109985,10244
2026-04-22 17:45:00+00:00,810.169983,810.919983,809.840027,810.669983,8074
2026-04-22 17:50:00+00:00,810.455017,810.590027,808.880005,809.200012,8862
2026-04-22 17:55:00+00:00,809.010010,809.479980,808.799988,809.369995,6519
2026-04-22 18:00:00+00:00,809.440002,809.739990,809.169983,809.390015,8679
2026-04-22 18:05:00+00:00,809.513672,809.806396,809.349976,809.497498,9062
2026-04-22 18:10:00+00:00,809.380005,810.030029,809.159973,809.619995,9577
2026-04-22 18:15:00+00:00,809.619995,809.900024,809.169983,809.169983,9325
2026-04-22 18:20:00+00:00,809.169983,809.169983,808.590027,808.849976,8467
2026-04-22 18:25:00+00:00,808.849976,809.579895,808.719971,809.520020,9388
2026-04-22 18:30:00+00:00,809.390015,809.815002,808.770020,809.000000,12252
2026-04-22 18:35:00+00:00,808.760010,810.049988,808.760010,810.049988,11005
2026-04-22 18:40:00+00:00,810.059998,810.429993,809.955017,810.320007,13564
2026-04-22 18:45:00+00:00,810.169983,811.150024,810.152527,811.080017,11629
2026-04-22 18:50:00+00:00,811.049988,811.239990,810.234985,810.500000,13077
2026-04-22 18:55:00+00:00,810.510010,810.510010,809.979980,809.989990,14467
2026-04-22 19:00:00+00:00,809.909973,809.940002,807.719971,808.510010,18101
2026-04-22 19:05:00+00:00,808.419983,810.280029,808.419983,810.280029,11523
2026-04-22 19:10:00+00:00,810.280029,810.630005,810.000000,810.489990,10615
2026-04-22 19:15:00+00:00,810.469971,812.190002,810.300110,812.190002,15048
2026-04-22 19:20:00+00:00,812.190002,812.330017,811.239990,811.390015,15043
2026-04-22 19:25:00+00:00,811.234985,812.049988,811.229980,811.679993,9337
2026-04-22 19:30:00+00:00,811.650024,811.650024,810.646912,810.854980,19611
2026-04-22 19:35:00+00:00,810.840027,811.989990,810.710022,811.630005,15284
2026-04-22 19:40:00+00:00,811.400024,811.570007,810.559998,811.099976,15778
2026-04-22 19:45:00+00:00,810.809998,811.090027,810.250000,810.859985,23342
2026-04-22 19:50:00+00:00,811.119995,811.380005,809.695007,809.695007,45946
2026-04-22 19:55:00+00:00,809.674988,810.010010,808.590027,808.760010,85488
2026-04-23 13:30:00+00:00,817.109985,825.900024,815.460022,821.359985,139412
2026-04-23 13:35:00+00:00,821.085022,826.489990,820.260010,825.950012,33091
2026-04-23 13:40:00+00:00,825.929993,831.789917,825.929993,829.799988,39254
2026-04-23 13:45:00+00:00,829.940002,830.799988,828.080078,830.335022,28297
2026-04-23 13:50:00+00:00,830.679993,834.000000,830.450012,832.794983,30062
2026-04-23 13:55:00+00:00,833.570007,833.570007,831.440002,832.059998,22131
2026-04-23 14:00:00+00:00,832.450012,833.364990,828.765015,833.169983,57392
2026-04-23 14:05:00+00:00,833.169983,835.469971,832.409973,835.140015,33770
2026-04-23 14:10:00+00:00,834.948486,835.989990,833.109985,833.179993,25690
2026-04-23 14:15:00+00:00,833.837219,836.609985,833.440002,836.609985,38068
2026-04-23 14:20:00+00:00,836.280029,838.309998,836.280029,838.210022,31353
2026-04-23 14:25:00+00:00,837.940002,839.131104,836.020020,836.929993,34916
2026-04-23 14:30:00+00:00,836.890015,838.709900,835.958923,835.958923,22877
2026-04-23 14:35:00+00:00,836.140015,837.979919,835.850098,836.669983,15655
2026-04-23 14:40:00+00:00,836.715027,837.969971,836.409973,837.130005,48730
2026-04-23 14:45:00+00:00,837.210022,837.500000,835.539978,836.750000,14675
2026-04-23 14:50:00+00:00,836.590027,837.289978,836.030029,836.030029,15702
2026-04-23 14:55:00+00:00,836.929993,837.219910,836.070007,836.854980,19815
2026-04-23 15:00:00+00:00,836.719971,837.140015,836.360107,836.520020,14228
2026-04-23 15:05:00+00:00,836.500000,837.025024,835.010010,835.375000,35317
2026-04-23 15:10:00+00:00,835.380005,836.820007,835.179993,836.705017,17482
2026-04-23 15:15:00+00:00,836.705017,837.400024,836.000000,836.989990,23780
2026-04-23 15:20:00+00:00,837.015015,837.280029,836.195007,836.900024,28145
2026-04-23 15:25:00+00:00,836.900024,838.650024,836.609985,838.429993,16886
2026-04-23 15:30:00+00:00,838.434998,839.530029,838.200012,838.851685,14579
2026-04-23 15:35:00+00:00,839.190002,841.424988,838.960815,841.070007,26529
2026-04-23 15:40:00+00:00,840.840027,841.049927,839.344788,839.700012,24959
2026-04-23 15:45:00+00:00,839.700012,840.059998,838.270020,840.000000,15231
2026-04-23 15:50:00+00:00,839.929993,839.950012,838.419983,839.765015,24649
2026-04-23 15:55:00+00:00,839.770020,843.599976,839.500000,840.494995,46431
2026-04-23 16:00:00+00:00,840.289978,840.719971,839.739990,839.739990,21758
2026-04-23 16:05:00+00:00,839.909973,840.412476,839.380005,839.799988,14201
2026-04-23 16:10:00+00:00,839.989990,840.269897,838.869995,839.330017,15473
2026-04-23 16:15:00+00:00,839.919983,840.789917,839.381226,839.880005,13262
2026-04-23 16:20:00+00:00,839.700012,839.700012,838.580017,838.840027,12216
2026-04-23 16:25:00+00:00,839.489990,841.155029,839.480103,840.700012,16782
2026-04-23 16:30:00+00:00,840.830017,842.000000,840.684998,841.734985,18741
2026-04-23 16:35:00+00:00,842.000000,842.830017,841.570007,841.849976,37391
2026-04-23 16:40:00+00:00,842.109985,843.150024,841.994995,843.000122,8414
2026-04-23 16:45:00+00:00,843.140015,843.784973,842.600098,843.604980,12930
2026-04-23 16:50:00+00:00,843.380005,844.429993,843.224976,844.159973,11446
2026-04-23 16:55:00+00:00,843.910095,844.650024,842.940002,843.984985,12933
2026-04-23 17:00:00+00:00,844.270020,845.270020,840.099976,840.864990,33997
2026-04-23 17:05:00+00:00,840.880005,841.159973,837.500000,837.835022,22465
2026-04-23 17:10:00+00:00,837.782471,838.640015,836.210083,836.875000,30720
2026-04-23 17:15:00+00:00,836.715027,836.799988,833.260010,833.483521,22031
2026-04-23 17:20:00+00:00,833.669983,835.020020,832.330017,832.989990,14835
2026-04-23 17:25:00+00:00,832.950012,835.000000,831.750000,832.460022,26298
2026-04-23 17:30:00+00:00,832.590027,834.299988,831.679993,834.299988,25972
2026-04-23 17:35:00+00:00,834.640015,835.000000,831.750000,832.239990,20786
2026-04-23 17:40:00+00:00,832.375000,832.375000,827.190002,827.859985,30158
2026-04-23 17:45:00+00:00,827.789978,829.255005,825.600098,827.950012,28753
2026-04-23 17:50:00+00:00,828.104980,834.559998,826.940002,833.710022,49277
2026-04-23 17:55:00+00:00,834.232483,836.539978,833.710022,835.940002,17759
2026-04-23 18:00:00+00:00,836.000000,838.462524,835.436707,837.400024,26257
2026-04-23 18:05:00+00:00,837.130005,838.799927,836.119995,837.140015,19977
2026-04-23 18:10:00+00:00,837.140015,838.909973,836.460022,837.940002,22150
2026-04-23 18:15:00+00:00,837.940002,838.890015,837.411011,838.385010,13151
2026-04-23 18:20:00+00:00,838.385010,838.820007,837.284973,838.309998,19366
2026-04-23 18:25:00+00:00,838.205017,839.260010,837.929993,839.020020,15044
2026-04-23 18:30:00+00:00,839.250000,840.309998,839.229980,840.039978,17348
2026-04-23 18:35:00+00:00,840.039978,840.619995,838.780029,839.099976,20028
2026-04-23 18:40:00+00:00,839.000000,839.960022,838.289978,839.690002,15656
2026-04-23 18:45:00+00:00,839.679993,839.775024,838.390015,838.642517,14035
2026-04-23 18:50:00+00:00,838.429993,839.000000,837.894592,838.275024,12850
2026-04-23 18:55:00+00:00,838.109985,838.559998,834.729980,835.359985,19390
2026-04-23 19:00:00+00:00,835.609985,836.119995,833.859985,834.090027,16353
2026-04-23 19:05:00+00:00,834.369995,836.690002,833.849976,836.195007,20733
2026-04-23 19:10:00+00:00,836.125000,837.059998,835.109985,835.522522,15894
2026-04-23 19:15:00+00:00,835.400024,835.440002,834.570007,835.330017,20250
2026-04-23 19:20:00+00:00,835.315002,836.659912,835.150024,835.294983,15191
2026-04-23 19:25:00+00:00,835.210205,835.515015,834.250000,834.455017,17139
2026-04-23 19:30:00+00:00,834.219971,835.690002,833.830078,834.655029,16769
2026-04-23 19:35:00+00:00,834.900024,835.789978,833.410095,834.469971,34908
2026-04-23 19:40:00+00:00,834.780029,835.700012,834.190002,834.210022,24458
2026-04-23 19:45:00+00:00,834.400024,835.719971,834.349976,834.729980,37350
2026-04-23 19:50:00+00:00,834.559998,834.979980,831.765015,833.864990,51151
2026-04-23 19:55:00+00:00,833.890015,836.099976,833.690002,835.099976,129162
2026-04-24 13:30:00+00:00,839.260010,839.260010,828.640015,829.185120,225208
2026-04-24 13:35:00+00:00,829.179993,835.044983,829.000000,833.630005,24735
2026-04-24 13:40:00+00:00,833.489380,836.000000,832.645020,832.645020,20178
2026-04-24 13:45:00+00:00,832.505005,834.194519,830.010010,830.255798,16215
2026-04-24 13:50:00+00:00,830.630005,831.500000,827.909973,828.940002,20653
2026-04-24 13:55:00+00:00,828.430115,830.780029,827.510010,830.200012,15351
2026-04-24 14:00:00+00:00,829.539978,830.869995,827.955017,829.929993,22713
2026-04-24 14:05:00+00:00,829.854980,831.899902,828.739990,829.744995,17898
2026-04-24 14:10:00+00:00,829.409973,830.553284,827.000000,828.000000,17708
2026-04-24 14:15:00+00:00,827.719971,830.059998,827.390015,829.179993,10756
2026-04-24 14:20:00+00:00,829.169983,829.769897,827.539978,829.005005,10369
2026-04-24 14:25:00+00:00,828.994995,829.450012,826.650024,828.559998,14293
2026-04-24 14:30:00+00:00,828.940002,829.750000,828.195007,828.809998,17449
2026-04-24 14:35:00+00:00,829.229980,829.750000,826.979980,828.690002,18613
2026-04-24 14:40:00+00:00,828.400024,829.349976,828.260010,828.739990,8156
2026-04-24 14:45:00+00:00,828.539978,829.500000,828.049988,828.400085,9106
2026-04-24 14:50:00+00:00,828.489990,829.479980,827.900024,828.460022,12350
2026-04-24 14:55:00+00:00,828.859985,831.000000,828.770020,831.000000,10996
2026-04-24 15:00:00+00:00,831.169983,833.380005,831.150024,832.479980,12717
2026-04-24 15:05:00+00:00,832.215027,833.989990,831.914978,833.729980,24629
2026-04-24 15:10:00+00:00,833.724976,834.000000,832.729980,832.969971,11492
2026-04-24 15:15:00+00:00,832.979980,833.590027,832.530029,833.135010,13428
2026-04-24 15:20:00+00:00,832.750000,834.239990,832.239990,834.239990,18312
2026-04-24 15:25:00+00:00,834.104980,834.184998,832.630005,833.239990,7871
2026-04-24 15:30:00+00:00,833.190002,833.950012,832.864990,833.229980,8349
2026-04-24 15:35:00+00:00,833.119995,833.474976,832.539978,833.309998,8022
2026-04-24 15:40:00+00:00,832.859985,838.000000,832.684570,837.130005,16756
2026-04-24 15:45:00+00:00,837.989990,839.489990,836.349976,837.614990,22605
2026-04-24 15:50:00+00:00,837.950012,839.320007,837.484985,839.320007,15635
2026-04-24 15:55:00+00:00,839.000000,839.500000,838.419983,838.600281,19107
2026-04-24 16:00:00+00:00,839.059998,839.479980,838.099976,838.539978,11601
2026-04-24 16:05:00+00:00,839.150024,839.278320,837.500000,837.890015,12636
2026-04-24 16:10:00+00:00,837.719971,838.340027,836.670105,836.670105,12156
2026-04-24 16:15:00+00:00,837.065002,837.419983,836.450012,836.974976,7938
2026-04-24 16:20:00+00:00,836.974976,836.974976,835.515015,835.960022,10870
2026-04-24 16:25:00+00:00,835.989990,836.000000,835.000000,835.210022,19180
2026-04-24 16:30:00+00:00,835.390015,836.000000,834.480103,834.780029,17380
2026-04-24 16:35:00+00:00,834.630005,835.090027,834.000000,834.099976,8113
2026-04-24 16:40:00+00:00,834.172974,834.250000,832.890015,833.750000,8844
2026-04-24 16:45:00+00:00,833.755005,833.989990,832.580017,833.340027,257869
2026-04-24 16:50:00+00:00,833.340027,834.299988,833.250000,834.299988,9664
2026-04-24 16:55:00+00:00,834.309998,834.500000,833.770020,834.159973,11273
2026-04-24 17:00:00+00:00,833.809998,834.789978,833.809998,834.700012,12200
2026-04-24 17:05:00+00:00,833.919983,834.209900,833.190125,833.210022,10329
2026-04-24 17:10:00+00:00,833.392517,834.209900,832.530029,832.549988,7972
2026-04-24 17:15:00+00:00,832.340027,832.679993,831.950073,832.679993,5837
2026-04-24 17:20:00+00:00,832.700012,832.700012,831.309998,831.960022,7636
2026-04-24 17:25:00+00:00,831.710022,832.380005,831.599976,831.965820,4946
2026-04-24 17:30:00+00:00,832.380005,832.380005,831.820007,832.265015,6571
2026-04-24 17:35:00+00:00,832.020020,832.539978,832.000000,832.119995,5798
2026-04-24 17:40:00+00:00,832.119995,833.229980,832.119995,833.090027,6381
2026-04-24 17:45:00+00:00,833.205627,833.205627,832.309998,832.359985,7232
2026-04-24 17:50:00+00:00,832.369995,835.190002,832.224976,834.380005,14663
2026-04-24 17:55:00+00:00,834.059998,834.400024,833.219971,833.515015,10462
2026-04-24 18:00:00+00:00,833.659973,833.659973,832.675110,832.675110,10685
2026-04-24 18:05:00+00:00,832.950012,832.950012,832.000000,832.000000,36315
2026-04-24 18:10:00+00:00,831.799011,832.000000,831.050110,831.060974,14709
2026-04-24 18:15:00+00:00,831.380005,831.664612,830.080017,830.849976,18234
2026-04-24 18:20:00+00:00,830.630005,831.119995,830.000000,830.494995,8997
2026-04-24 18:25:00+00:00,830.719971,831.169983,830.130005,830.130005,6609
2026-04-24 18:30:00+00:00,830.260010,831.190002,830.260010,830.940002,106505
2026-04-24 18:35:00+00:00,831.051025,831.380005,830.679993,830.994995,7169
2026-04-24 18:40:00+00:00,831.155029,831.750000,830.640015,830.640015,8825
2026-04-24 18:45:00+00:00,830.669983,831.200012,830.159973,830.869995,10006
2026-04-24 18:50:00+00:00,830.950012,831.554993,830.690002,831.409973,9466
2026-04-24 18:55:00+00:00,831.289978,831.809998,831.119995,831.119995,11330
2026-04-24 19:00:00+00:00,831.280029,831.650024,831.270020,831.349976,5613
2026-04-24 19:05:00+00:00,831.310120,831.520020,830.890015,831.119995,11003
2026-04-24 19:10:00+00:00,831.280029,831.280029,829.619995,829.799988,16083
2026-04-24 19:15:00+00:00,829.640015,830.539978,829.640015,829.969971,10367
2026-04-24 19:20:00+00:00,829.969971,830.035583,829.289978,829.320007,8758
2026-04-24 19:25:00+00:00,829.289978,829.409790,828.109985,828.109985,24720
2026-04-24 19:30:00+00:00,828.059998,829.239990,827.729980,827.940002,19796
2026-04-24 19:35:00+00:00,827.750000,828.349976,827.219971,828.309998,14674
2026-04-24 19:40:00+00:00,828.275024,829.289978,827.900024,829.109985,23635
2026-04-24 19:45:00+00:00,829.090027,830.349976,828.789978,829.885010,21039
2026-04-24 19:50:00+00:00,830.020020,830.340027,829.500000,829.809998,63518
2026-04-24 19:55:00+00:00,829.849976,831.090027,829.590027,830.340027,130634
2026-04-27 13:30:00+00:00,829.760010,834.599976,827.478394,833.580017,144290
2026-04-27 13:35:00+00:00,833.969971,836.020020,829.340027,829.380005,45031
2026-04-27 13:40:00+00:00,830.567871,830.567871,824.309998,824.710022,48219
2026-04-27 13:45:00+00:00,824.159973,825.000000,818.359985,818.405029,47378
2026-04-27 13:50:00+00:00,818.070007,827.780029,816.719971,826.325012,47936
2026-04-27 13:55:00+00:00,826.400024,829.210022,826.400024,828.890015,15651
2026-04-27 14:00:00+00:00,828.340027,828.880005,825.890015,827.000122,16970
2026-04-27 14:05:00+00:00,827.255005,828.999878,824.500000,825.635010,14535
2026-04-27 14:10:00+00:00,825.280029,828.549988,825.280029,825.645020,11232
2026-04-27 14:15:00+00:00,826.000000,826.020020,822.395020,823.840027,17942
2026-04-27 14:20:00+00:00,823.820007,825.000000,823.000000,823.469971,13777
2026-04-27 14:25:00+00:00,823.429993,824.429993,821.190002,821.190002,19634
2026-04-27 14:30:00+00:00,821.320007,823.505005,821.000000,823.340027,27539
2026-04-27 14:35:00+00:00,823.780029,825.989929,822.289978,824.729980,17377
2026-04-27 14:40:00+00:00,825.000000,825.489990,823.619995,824.760010,8237
2026-04-27 14:45:00+00:00,824.859985,825.090027,823.000000,823.405029,10944
2026-04-27 14:50:00+00:00,823.640015,823.710022,821.414978,822.700012,11933
2026-04-27 14:55:00+00:00,822.520020,822.530029,820.640076,820.640076,8602
2026-04-27 15:00:00+00:00,820.890015,821.179993,819.000000,819.000000,23359
2026-04-27 15:05:00+00:00,819.150024,821.709900,819.150024,820.700012,11935
2026-04-27 15:10:00+00:00,820.760010,821.474976,820.390015,820.539978,9421
2026-04-27 15:15:00+00:00,820.489990,821.229980,819.369995,819.554993,15290
2026-04-27 15:20:00+00:00,819.729980,820.159973,817.809998,817.820007,19438
2026-04-27 15:25:00+00:00,818.000000,819.369995,817.510010,819.130005,8619
2026-04-27 15:30:00+00:00,819.130005,821.369995,819.130005,820.959412,13684
2026-04-27 15:35:00+00:00,821.159973,823.476013,821.159973,822.979980,17771
2026-04-27 15:40:00+00:00,822.900024,825.229980,822.780029,825.229980,14493
2026-04-27 15:45:00+00:00,825.380005,825.769897,823.715027,823.715027,18863
2026-04-27 15:50:00+00:00,823.690002,824.609985,823.239990,824.330017,7936
2026-04-27 15:55:00+00:00,824.260010,824.770020,823.909973,824.085022,12937
2026-04-27 16:00:00+00:00,824.289978,824.289978,823.030029,824.020020,15342
2026-04-27 16:05:00+00:00,824.099976,824.354980,823.690002,823.905029,10482
2026-04-27 16:10:00+00:00,824.219971,826.020020,824.140015,825.789978,16520
2026-04-27 16:15:00+00:00,825.789978,826.465027,825.530029,825.994995,8352
2026-04-27 16:20:00+00:00,826.164978,826.434998,825.914978,826.140015,7065
2026-04-27 16:25:00+00:00,826.260010,826.390015,825.510071,825.979980,7253
2026-04-27 16:30:00+00:00,826.140015,826.989990,826.110901,826.585022,6631
2026-04-27 16:35:00+00:00,826.640015,827.385010,826.640015,826.825012,8373
2026-04-27 16:40:00+00:00,826.825012,826.950012,825.750000,825.789978,7772
2026-04-27 16:45:00+00:00,825.794983,825.799988,825.109985,825.130005,14339
2026-04-27 16:50:00+00:00,825.109985,825.369995,824.669983,825.364990,8497
2026-04-27 16:55:00+00:00,825.250000,825.719971,825.140015,825.530029,7428
2026-04-27 17:00:00+00:00,825.530029,826.280029,825.530029,826.070007,7214
2026-04-27 17:05:00+00:00,826.299988,826.500000,826.049988,826.210022,7644
2026-04-27 17:10:00+00:00,826.210022,826.679993,825.940002,825.940002,9285
2026-04-27 17:15:00+00:00,826.070007,826.229980,825.304993,826.229980,7782
2026-04-27 17:20:00+00:00,826.169983,827.364990,825.788208,826.400024,12557
2026-04-27 17:25:00+00:00,826.710022,827.840027,826.549988,827.227478,7909
2026-04-27 17:30:00+00:00,827.224976,828.669983,827.219971,828.484985,7806
2026-04-27 17:35:00+00:00,828.479980,828.640015,827.229980,827.229980,11657
2026-04-27 17:40:00+00:00,827.229980,827.969971,827.219971,827.864990,23299
2026-04-27 17:45:00+00:00,827.864990,828.260010,827.559998,828.260010,10566
2026-04-27 17:50:00+00:00,828.049988,828.155029,827.782593,827.869995,6225
2026-04-27 17:55:00+00:00,827.869995,828.604980,827.869995,828.554993,9041
2026-04-27 18:00:00+00:00,828.557495,829.179993,828.364990,828.885010,9592
2026-04-27 18:05:00+00:00,828.700012,829.565674,828.469971,829.565674,15570
2026-04-27 18:10:00+00:00,829.510010,829.709900,829.159973,829.219971,12120
2026-04-27 18:15:00+00:00,829.320007,830.799988,829.080017,830.799988,14996
2026-04-27 18:20:00+00:00,830.830017,831.280029,830.619995,830.640015,9239
2026-04-27 18:25:00+00:00,830.520020,831.217102,830.369995,830.380005,13127
2026-04-27 18:30:00+00:00,830.520020,831.020020,830.265320,830.980286,10490
2026-04-27 18:35:00+00:00,830.909973,831.969971,830.909973,831.799988,14048
2026-04-27 18:40:00+00:00,831.789978,832.159973,831.159973,831.419983,28871
2026-04-27 18:45:00+00:00,831.320007,833.125000,831.320007,832.835022,12162
2026-04-27 18:50:00+00:00,832.710022,833.320007,832.000000,832.159973,16563
2026-04-27 18:55:00+00:00,832.000000,832.369995,831.369995,831.729980,15961
2026-04-27 19:00:00+00:00,831.684998,831.969971,831.402100,831.720886,11209
2026-04-27 19:05:00+00:00,831.969971,832.083008,831.549988,831.784973,12351
2026-04-27 19:10:00+00:00,831.619995,831.784973,830.470093,831.109985,14386
2026-04-27 19:15:00+00:00,831.190002,833.320007,831.065002,833.215027,20719
2026-04-27 19:20:00+00:00,833.320007,834.125488,832.419983,832.419983,60315
2026-04-27 19:25:00+00:00,832.260010,832.840027,831.119995,831.934998,14956
2026-04-27 19:30:00+00:00,832.209900,832.209900,830.409973,830.539978,19614
2026-04-27 19:35:00+00:00,830.539978,831.200012,829.679993,831.054993,20294
2026-04-27 19:40:00+00:00,831.054993,831.340027,830.359985,831.150024,33561
2026-04-27 19:45:00+00:00,831.159973,832.039917,831.159973,831.474976,33755
2026-04-27 19:50:00+00:00,831.619995,831.940002,831.000000,831.625000,48673
2026-04-27 19:55:00+00:00,831.750000,831.869995,828.869995,828.969971,163603
2026-04-28 13:30:00+00:00,814.349976,818.710022,807.070007,817.080017,133751
2026-04-28 13:35:00+00:00,817.520020,822.739990,816.640015,820.750000,41452
2026-04-28 13:40:00+00:00,821.359985,825.000000,820.010010,822.280029,29331
2026-04-28 13:45:00+00:00,822.299988,822.450012,815.000000,815.130005,30067
2026-04-28 13:50:00+00:00,815.000000,815.489990,812.000000,815.039978,30466
2026-04-28 13:55:00+00:00,814.734985,817.570007,813.729980,816.265015,22568
2026-04-28 14:00:00+00:00,815.255005,817.070007,812.739990,814.460022,37837
2026-04-28 14:05:00+00:00,814.750000,817.965027,814.750000,815.450012,25623
2026-04-28 14:10:00+00:00,815.000000,815.450012,813.380005,814.010010,15427
2026-04-28 14:15:00+00:00,814.010010,815.200012,811.000000,813.440002,20703
2026-04-28 14:20:00+00:00,813.440002,814.179993,812.969971,813.859985,19674
2026-04-28 14:25:00+00:00,813.799988,816.049988,812.679993,813.369995,21361
2026-04-28 14:30:00+00:00,813.619995,813.640015,810.340027,810.340027,12574
2026-04-28 14:35:00+00:00,810.604980,810.604980,808.289978,808.940002,22799
2026-04-28 14:40:00+00:00,808.299988,811.469971,807.180115,810.034973,22410
2026-04-28 14:45:00+00:00,809.770020,809.770020,807.000000,807.000000,19279
2026-04-28 14:50:00+00:00,806.900024,808.250000,805.000000,807.750000,32285
2026-04-28 14:55:00+00:00,807.799988,812.398987,807.705017,812.367004,16610
2026-04-28 15:00:00+00:00,812.500000,812.799988,809.570007,810.875000,26076
2026-04-28 15:05:00+00:00,811.450012,811.999878,809.989990,810.744995,13006
2026-04-28 15:10:00+00:00,810.744995,812.549988,809.520020,810.500000,16479
2026-04-28 15:15:00+00:00,810.349976,812.940002,810.159973,812.679993,12104
2026-04-28 15:20:00+00:00,812.619995,814.710022,812.190002,813.825012,24955
2026-04-28 15:25:00+00:00,813.609985,814.460022,813.020020,814.054626,15036
2026-04-28 15:30:00+00:00,814.080017,814.080017,812.960022,813.229980,14066
2026-04-28 15:35:00+00:00,813.030029,814.260010,812.190002,813.919983,13322
2026-04-28 15:40:00+00:00,813.909973,814.940002,813.500000,814.940002,14555
2026-04-28 15:45:00+00:00,814.770020,815.889893,814.460022,815.349976,13472
2026-04-28 15:50:00+00:00,815.080017,815.510010,814.570007,814.885010,16514
2026-04-28 15:55:00+00:00,814.830017,815.340027,814.039978,814.489990,16168
2026-04-28 16:00:00+00:00,814.489990,815.500000,814.080017,815.349976,7566
2026-04-28 16:05:00+00:00,815.289978,815.890015,814.690002,814.969971,20637
2026-04-28 16:10:00+00:00,815.190002,816.090027,814.840027,816.054993,9390
2026-04-28 16:15:00+00:00,815.965027,816.030029,815.119995,815.575012,8054
2026-04-28 16:20:00+00:00,815.750000,816.099976,815.250000,815.989990,8933
2026-04-28 16:25:00+00:00,816.090027,816.289978,815.469971,815.619995,6052
2026-04-28 16:30:00+00:00,815.890015,815.909973,814.570007,814.570007,15863
2026-04-28 16:35:00+00:00,814.729980,815.114990,814.059998,814.059998,10416
2026-04-28 16:40:00+00:00,814.340027,814.715027,813.770020,813.799988,7885
2026-04-28 16:45:00+00:00,813.849976,814.325012,813.599976,814.159973,10624
2026-04-28 16:50:00+00:00,814.239990,815.460022,813.710022,814.664978,12238
2026-04-28 16:55:00+00:00,814.679993,815.034973,814.039795,814.784973,7954
2026-04-28 17:00:00+00:00,814.909973,815.030029,813.969971,814.130005,8192
2026-04-28 17:05:00+00:00,814.125000,814.400024,813.599976,814.219971,7274
2026-04-28 17:10:00+00:00,814.224976,814.900024,814.224976,814.690002,4541
2026-04-28 17:15:00+00:00,814.797485,814.854980,813.679993,813.864990,9691
2026-04-28 17:20:00+00:00,813.549988,814.500000,813.479980,814.500000,13450
2026-04-28 17:25:00+00:00,814.494995,814.494995,813.979980,814.049988,8540
2026-04-28 17:30:00+00:00,814.299988,816.219971,814.239990,815.989990,8641
2026-04-28 17:35:00+00:00,815.859985,817.440002,815.859985,816.479980,9841
2026-04-28 17:40:00+00:00,816.609985,818.494995,816.526611,818.140015,12840
2026-04-28 17:45:00+00:00,818.094971,818.659973,817.510010,817.619995,15360
2026-04-28 17:50:00+00:00,817.690002,817.919983,817.210022,817.700012,10760
2026-04-28 17:55:00+00:00,817.929993,818.450012,816.700012,816.750000,18055
2026-04-28 18:00:00+00:00,816.750000,817.070007,816.000000,816.380005,20626
2026-04-28 18:05:00+00:00,816.390015,817.830017,816.109985,817.710022,15293
2026-04-28 18:10:00+00:00,817.520020,818.025024,817.140015,817.669983,22457
2026-04-28 18:15:00+00:00,817.669983,820.119995,817.255005,819.559998,17274
2026-04-28 18:20:00+00:00,819.710022,820.140015,819.169983,819.690002,13546
2026-04-28 18:25:00+00:00,820.039978,820.239990,819.140015,819.570007,7662
2026-04-28 18:30:00+00:00,819.385010,819.549988,818.669983,819.020020,8349
2026-04-28 18:35:00+00:00,819.119995,819.119995,818.099976,818.330017,7460
2026-04-28 18:40:00+00:00,818.289978,819.000000,818.289978,818.820007,8160
2026-04-28 18:45:00+00:00,818.989990,819.000000,818.150024,818.434998,9039
2026-04-28 18:50:00+00:00,818.239990,819.059998,817.961426,819.039978,9076
2026-04-28 18:55:00+00:00,818.859985,819.380005,818.479980,819.184998,9899
2026-04-28 19:00:00+00:00,819.369995,820.520020,819.369995,820.520020,10779
2026-04-28 19:05:00+00:00,820.530029,820.590027,820.000122,820.234985,14371
2026-04-28 19:10:00+00:00,820.409973,820.959900,820.136597,820.650024,10685
2026-04-28 19:15:00+00:00,820.760010,820.760010,819.669983,819.669983,14389
2026-04-28 19:20:00+00:00,819.729980,820.085022,819.262085,819.719971,9660
2026-04-28 19:25:00+00:00,819.585022,819.619995,818.210022,818.280029,16894
2026-04-28 19:30:00+00:00,818.315002,818.510010,817.570007,817.719971,14437
2026-04-28 19:35:00+00:00,817.570007,818.640015,817.570007,818.640015,16461
2026-04-28 19:40:00+00:00,818.549988,818.849976,818.059998,818.364990,20135
2026-04-28 19:45:00+00:00,818.510010,818.840027,817.905029,818.455017,26685
2026-04-28 19:50:00+00:00,818.580017,818.609985,816.750000,817.377502,42911
2026-04-28 19:55:00+00:00,817.789978,819.179993,817.099976,817.984985,144960
2026-04-29 13:30:00+00:00,822.929993,822.929993,813.049988,820.469971,248811
2026-04-29 13:35:00+00:00,819.539978,822.409973,817.000000,818.770020,32202
2026-04-29 13:40:00+00:00,819.289978,820.359985,816.390015,817.599976,34088
2026-04-29 13:45:00+00:00,818.054993,818.159973,813.549988,814.169922,36658
2026-04-29 13:50:00+00:00,813.270020,818.270020,813.200012,816.525024,22395
2026-04-29 13:55:00+00:00,816.525024,819.419983,816.494995,817.429993,22325
2026-04-29 14:00:00+00:00,818.049988,819.579895,815.440002,818.880005,21927
2026-04-29 14:05:00+00:00,819.770020,821.030029,818.190125,820.539978,18662
2026-04-29 14:10:00+00:00,821.119995,823.210022,820.005920,820.544983,19579
2026-04-29 14:15:00+00:00,820.544983,821.450012,819.725403,821.200012,16584
2026-04-29 14:20:00+00:00,821.520020,822.489990,820.891785,821.229980,0
2026-04-29 14:25:00+00:00,821.270020,821.580017,818.659973,818.659973,514224
2026-04-29 14:30:00+00:00,818.895020,819.789978,818.650024,818.784973,14584
2026-04-29 14:35:00+00:00,818.380005,819.799988,818.380005,819.174988,15726
2026-04-29 14:40:00+00:00,819.174988,820.390015,818.580017,819.442505,15764
2026-04-29 14:45:00+00:00,819.325012,819.354980,816.380005,816.380005,30593
2026-04-29 14:50:00+00:00,816.364990,817.630005,816.310120,816.830017,12744
2026-04-29 14:55:00+00:00,816.909973,817.039978,815.390076,815.960022,16991
2026-04-29 15:00:00+00:00,815.960022,816.599976,814.580017,814.900024,30207
2026-04-29 15:05:00+00:00,814.780029,815.440002,813.460022,813.570007,20266
2026-04-29 15:10:00+00:00,813.559998,814.190002,812.260071,813.099976,15041
2026-04-29 15:15:00+00:00,813.520020,814.575012,813.130005,813.897522,14913
2026-04-29 15:20:00+00:00,814.130005,814.979980,813.344971,814.094971,19702
2026-04-29 15:25:00+00:00,814.260010,815.020020,813.330017,813.950012,12834
2026-04-29 15:30:00+00:00,813.934998,814.030029,812.630005,812.900024,17347
2026-04-29 15:35:00+00:00,813.315002,813.348999,811.250000,812.125488,18779
2026-04-29 15:40:00+00:00,812.065002,812.280029,811.159973,811.354980,14546
2026-04-29 15:45:00+00:00,811.354980,812.890015,811.238281,812.890015,15431
2026-04-29 15:50:00+00:00,812.900024,813.614990,811.090027,811.544983,28750
2026-04-29 15:55:00+00:00,811.580017,812.679993,810.510071,811.859985,12617
2026-04-29 16:00:00+00:00,811.599976,813.299988,811.020020,812.479980,13648
2026-04-29 16:05:00+00:00,812.335022,813.450012,811.965027,812.000000,14033
2026-04-29 16:10:00+00:00,811.890015,812.643982,811.369995,811.950012,9820
2026-04-29 16:15:00+00:00,811.979980,812.429993,810.859985,811.159973,14426
2026-04-29 16:20:00+00:00,811.159973,812.130005,811.130005,812.130005,11571
2026-04-29 16:25:00+00:00,812.169983,812.594971,811.020020,811.354980,14704
2026-04-29 16:30:00+00:00,811.010010,811.880005,810.000000,810.419983,19367
2026-04-29 16:35:00+00:00,810.500000,811.280029,809.609985,810.189880,16060
2026-04-29 16:40:00+00:00,810.075012,811.770020,809.827515,811.034973,39131
2026-04-29 16:45:00+00:00,811.309998,811.369995,810.270081,811.059998,11445
2026-04-29 16:50:00+00:00,810.950012,811.792725,810.609985,810.777527,9196
2026-04-29 16:55:00+00:00,810.780029,810.955017,809.989990,810.909973,28848
2026-04-29 17:00:00+00:00,810.929993,811.159973,809.479980,810.037476,12660
2026-04-29 17:05:00+00:00,810.049988,810.255005,809.359985,809.630005,10548
2026-04-29 17:10:00+00:00,809.500000,810.770020,809.482483,810.770020,8457
2026-04-29 17:15:00+00:00,810.869995,811.369995,810.549988,810.809998,14959
2026-04-29 17:20:00+00:00,811.000000,812.229980,810.929993,812.109985,14345
2026-04-29 17:25:00+00:00,812.270020,812.520020,811.510010,812.325012,10876
2026-04-29 17:30:00+00:00,812.440002,813.340027,812.440002,812.760071,12653
2026-04-29 17:35:00+00:00,812.755005,813.400024,812.390076,813.229980,8826
2026-04-29 17:40:00+00:00,813.500000,813.645020,812.265015,812.775024,11932
2026-04-29 17:45:00+00:00,812.609985,814.289978,812.609985,813.875000,9714
2026-04-29 17:50:00+00:00,813.875000,814.294983,813.510010,813.734985,11669
2026-04-29 17:55:00+00:00,813.734985,814.130005,813.609985,813.924988,15484
2026-04-29 18:00:00+00:00,813.979980,814.109985,811.380127,811.380127,19195
2026-04-29 18:05:00+00:00,811.905029,812.520020,809.549988,809.775024,24621
2026-04-29 18:10:00+00:00,809.775024,810.909912,809.099976,810.652527,14393
2026-04-29 18:15:00+00:00,810.344971,811.924988,810.344971,811.419983,23656
2026-04-29 18:20:00+00:00,811.570007,813.000000,811.450012,812.440002,15080
2026-04-29 18:25:00+00:00,812.474976,813.405029,812.390015,813.080017,17671
2026-04-29 18:30:00+00:00,813.099976,813.099976,811.287109,811.287109,23967
2026-04-29 18:35:00+00:00,811.309998,813.770020,811.309998,813.030029,224764
2026-04-29 18:40:00+00:00,812.809998,813.000000,810.789978,810.890015,34977
2026-04-29 18:45:00+00:00,811.010010,813.000000,810.409973,812.224976,33649
2026-04-29 18:50:00+00:00,812.390015,813.429993,812.369995,812.440002,33668
2026-04-29 18:55:00+00:00,812.424988,814.542480,812.424988,814.409973,21813
2026-04-29 19:00:00+00:00,814.455017,814.679993,813.080017,813.400024,19120
2026-04-29 19:05:00+00:00,812.460022,812.840027,811.219971,811.885010,28530
2026-04-29 19:10:00+00:00,811.380005,813.625000,811.380005,813.599976,24042
2026-04-29 19:15:00+00:00,813.622498,814.125000,812.820007,813.750000,60308
2026-04-29 19:20:00+00:00,813.669983,814.030029,812.590027,813.119995,21842
2026-04-29 19:25:00+00:00,813.094971,813.294983,811.460022,811.460022,21623
2026-04-29 19:30:00+00:00,811.260010,811.369995,809.619995,810.489990,29216
2026-04-29 19:35:00+00:00,810.460022,811.455017,809.969971,811.455017,22725
2026-04-29 19:40:00+00:00,811.590027,811.770020,810.729980,810.880005,33693
2026-04-29 19:45:00+00:00,810.849976,811.679993,810.669983,810.705017,35009
2026-04-29 19:50:00+00:00,810.570007,813.489990,809.400024,812.409973,84060
2026-04-29 19:55:00+00:00,812.489990,812.489990,809.719971,810.380005,197969
2026-04-30 13:30:00+00:00,856.630005,875.879883,850.799988,869.000000,630877
2026-04-30 13:35:00+00:00,868.989990,873.570007,864.659973,873.155029,140779
2026-04-30 13:40:00+00:00,872.515015,877.852905,867.679993,877.852905,119474
2026-04-30 13:45:00+00:00,877.888489,881.429993,874.510071,876.080017,124891
2026-04-30 13:50:00+00:00,876.010010,882.299927,876.000000,879.030029,111875
2026-04-30 13:55:00+00:00,878.984985,885.700012,878.500000,885.700012,103013
2026-04-30 14:00:00+00:00,885.989990,888.380005,882.390015,883.349976,101000
2026-04-30 14:05:00+00:00,883.150024,886.989929,881.275024,884.809998,77921
2026-04-30 14:10:00+00:00,884.630005,886.260010,880.169983,883.760010,80475
2026-04-30 14:15:00+00:00,883.750000,884.190002,881.000000,884.010010,73434
2026-04-30 14:20:00+00:00,884.010071,888.869873,884.010071,887.210022,73431
2026-04-30 14:25:00+00:00,887.530029,888.309998,885.609985,887.979980,41229
2026-04-30 14:30:00+00:00,887.544983,889.640015,887.020020,887.900024,66535
2026-04-30 14:35:00+00:00,887.890015,889.219971,882.340027,884.007507,82831
2026-04-30 14:40:00+00:00,883.830017,885.150024,878.859985,879.430115,89655
2026-04-30 14:45:00+00:00,879.780029,881.239990,876.159973,877.429993,62985
2026-04-30 14:50:00+00:00,877.729980,880.419983,876.400024,879.789978,59656
2026-04-30 14:55:00+00:00,879.729980,881.460022,877.809998,880.000000,53665
2026-04-30 15:00:00+00:00,879.679993,880.369995,877.650085,877.890015,39590
2026-04-30 15:05:00+00:00,877.840027,880.979980,877.830017,880.140015,31922
2026-04-30 15:10:00+00:00,880.164978,882.280029,878.419983,882.154297,30905
2026-04-30 15:15:00+00:00,881.890015,882.880005,880.229980,881.619995,24503
2026-04-30 15:20:00+00:00,881.260071,884.109985,881.169983,883.960022,27023
2026-04-30 15:25:00+00:00,883.960022,889.000000,883.739990,888.559998,45003
2026-04-30 15:30:00+00:00,888.270020,892.210022,887.539978,892.099976,62421
2026-04-30 15:35:00+00:00,892.635010,892.929993,890.240601,891.109985,30040
2026-04-30 15:40:00+00:00,891.460022,892.299988,890.250000,891.085022,32347
2026-04-30 15:45:00+00:00,891.340027,891.340027,888.870117,890.239990,81353
2026-04-30 15:50:00+00:00,890.085022,892.679993,889.830017,892.500000,34622
2026-04-30 15:55:00+00:00,892.530029,894.099976,891.760010,892.369995,38173
2026-04-30 16:00:00+00:00,892.489990,893.219971,889.830017,891.155029,55108
2026-04-30 16:05:00+00:00,890.984985,893.289978,890.410095,893.039978,26624
2026-04-30 16:10:00+00:00,893.135071,893.350281,891.479980,891.479980,23331
2026-04-30 16:15:00+00:00,891.525024,891.905029,890.400024,890.650024,19687
2026-04-30 16:20:00+00:00,890.650024,890.940002,889.315308,890.489990,25747
2026-04-30 16:25:00+00:00,890.489990,892.830017,890.080017,892.440125,27193
2026-04-30 16:30:00+00:00,892.669983,892.759888,890.869995,891.510010,25798
2026-04-30 16:35:00+00:00,891.460022,892.859985,890.940002,891.417480,19990
2026-04-30 16:40:00+00:00,891.609985,892.260010,890.760010,891.440002,17620
2026-04-30 16:45:00+00:00,891.429993,891.645020,888.700012,889.804993,22555
2026-04-30 16:50:00+00:00,889.650024,891.000000,888.479980,890.890015,27846
2026-04-30 16:55:00+00:00,890.825012,892.140015,889.830017,891.979980,20378
2026-04-30 17:00:00+00:00,892.029907,894.819885,891.744995,894.520020,52912
2026-04-30 17:05:00+00:00,894.270020,895.030029,893.570129,894.190002,24463
2026-04-30 17:10:00+00:00,893.900024,894.219971,892.585022,893.349976,26912
2026-04-30 17:15:00+00:00,892.950012,893.199890,891.289978,891.640015,27405
2026-04-30 17:20:00+00:00,891.630005,892.306885,890.784973,892.104980,30103
2026-04-30 17:25:00+00:00,892.114990,892.114990,890.200073,891.200012,42137
2026-04-30 17:30:00+00:00,891.599976,893.750000,891.335022,892.830017,47320
2026-04-30 17:35:00+00:00,892.669983,894.979980,892.669983,894.406128,22492
2026-04-30 17:40:00+00:00,894.729980,895.809998,894.630127,895.500000,37079
2026-04-30 17:45:00+00:00,895.770020,896.000000,895.179993,896.000000,15499
2026-04-30 17:50:00+00:00,896.520691,896.979980,895.500000,895.739990,24132
2026-04-30 17:55:00+00:00,895.799988,895.809998,894.549988,895.319580,17319
2026-04-30 18:00:00+00:00,895.280029,896.000000,894.640015,894.820007,21725
2026-04-30 18:05:00+00:00,894.979980,895.119995,891.099976,891.320007,39810
2026-04-30 18:10:00+00:00,891.315002,893.200012,891.049988,892.013000,35200
2026-04-30 18:15:00+00:00,891.359985,892.289978,891.200012,891.895020,26575
2026-04-30 18:20:00+00:00,891.905029,892.289978,891.099976,892.155029,18436
2026-04-30 18:25:00+00:00,892.030090,892.159973,890.710022,891.200012,23171
2026-04-30 18:30:00+00:00,891.200012,892.679993,890.289978,890.289978,24053
2026-04-30 18:35:00+00:00,890.289978,891.390015,889.515015,891.294983,32680
2026-04-30 18:40:00+00:00,891.294983,891.820007,890.530029,891.000000,22778
2026-04-30 18:45:00+00:00,890.260010,890.843994,889.409973,889.635010,18191
2026-04-30 18:50:00+00:00,889.650024,892.179993,889.650024,891.820007,20098
2026-04-30 18:55:00+00:00,891.737610,892.500000,891.429993,892.145020,25714
2026-04-30 19:00:00+00:00,891.900024,894.205017,891.900024,894.080017,26458
2026-04-30 19:05:00+00:00,893.940002,894.803528,893.500000,893.700012,24928
2026-04-30 19:10:00+00:00,893.789978,894.690002,893.289978,893.407471,26600
2026-04-30 19:15:00+00:00,893.359985,894.125000,893.000000,893.229980,30773
2026-04-30 19:20:00+00:00,893.229980,893.409973,892.000000,892.169983,28015
2026-04-30 19:25:00+00:00,892.299988,893.695007,891.299988,893.330017,44040
2026-04-30 19:30:00+00:00,893.380005,893.380005,890.479980,890.750000,41571
2026-04-30 19:35:00+00:00,890.919983,891.739990,890.479980,891.349976,39214
2026-04-30 19:40:00+00:00,891.179993,891.369995,889.880005,890.114990,36865
2026-04-30 19:45:00+00:00,890.114990,890.479980,886.900024,889.289978,76994
2026-04-30 19:50:00+00:00,889.630005,889.630005,885.876099,886.719971,118383
2026-04-30 19:55:00+00:00,886.719971,892.000000,886.510010,890.619995,270714
2026-05-01 13:30:00+00:00,896.840027,901.000000,887.719971,900.679993,160670
2026-05-01 13:35:00+00:00,901.000000,905.000000,898.330017,903.201782,71065
2026-05-01 13:40:00+00:00,902.806030,904.401001,898.270020,903.669983,45041
2026-05-01 13:45:00+00:00,903.969971,904.030029,891.369995,893.940979,52712
2026-05-01 13:50:00+00:00,893.565002,894.159973,890.650024,893.070007,44434
2026-05-01 13:55:00+00:00,893.020020,899.020020,892.039978,898.479980,29218
2026-05-01 14:00:00+00:00,898.950012,902.500000,896.768982,901.739990,34597
2026-05-01 14:05:00+00:00,902.080017,902.619995,898.450012,898.479980,31489
2026-05-01 14:10:00+00:00,898.955017,901.489929,896.609985,898.565002,27966
2026-05-01 14:15:00+00:00,898.500000,902.579895,897.969971,900.979980,33892
2026-05-01 14:20:00+00:00,901.242676,903.000000,898.789612,899.880005,33125
2026-05-01 14:25:00+00:00,899.565002,900.431885,897.460022,897.460022,29682
2026-05-01 14:30:00+00:00,897.602478,897.602478,890.010010,890.445007,74717
2026-05-01 14:35:00+00:00,890.859985,891.716003,889.039978,889.799988,41517
2026-05-01 14:40:00+00:00,890.099976,890.099976,885.559998,885.559998,43989
2026-05-01 14:45:00+00:00,885.799988,888.845825,885.539978,887.020020,30469
2026-05-01 14:50:00+00:00,887.099976,889.238708,884.580017,886.059998,25799
2026-05-01 14:55:00+00:00,886.400024,888.510010,885.859985,886.989990,18692
2026-05-01 15:00:00+00:00,887.309998,888.059998,885.369995,885.369995,27514
2026-05-01 15:05:00+00:00,885.349976,889.039978,883.830017,888.034973,29852
2026-05-01 15:10:00+00:00,888.025024,889.239990,885.950012,887.804993,15799
2026-05-01 15:15:00+00:00,887.815002,888.679993,885.169983,885.369995,24956
2026-05-01 15:20:00+00:00,886.099976,887.390015,885.549988,886.719971,17627
2026-05-01 15:25:00+00:00,886.599976,887.760010,884.844971,884.844971,19282
2026-05-01 15:30:00+00:00,884.844971,885.820007,883.732971,883.830017,18216
2026-05-01 15:35:00+00:00,883.825012,886.239990,883.825012,884.369995,16996
2026-05-01 15:40:00+00:00,884.539978,884.960022,882.820007,883.609985,20804
2026-05-01 15:45:00+00:00,883.489990,883.729980,882.359985,882.900024,16960
2026-05-01 15:50:00+00:00,882.750000,883.020020,879.580017,881.299988,32773
2026-05-01 15:55:00+00:00,882.145020,882.460022,880.010010,881.630005,18061
2026-05-01 16:00:00+00:00,882.034973,882.419983,881.059998,882.044983,20206
2026-05-01 16:05:00+00:00,881.719971,885.159912,881.650024,885.159912,21236
2026-05-01 16:10:00+00:00,884.580017,886.000000,883.510010,883.719971,12503
2026-05-01 16:15:00+00:00,883.719971,885.520020,883.719971,885.510010,10880
2026-05-01 16:20:00+00:00,885.210022,886.150024,883.510010,883.760010,19738
2026-05-01 16:25:00+00:00,883.809998,884.270020,882.510010,883.000000,12427
2026-05-01 16:30:00+00:00,882.190002,883.849976,881.770020,883.289978,13070
2026-05-01 16:35:00+00:00,883.299988,884.350525,883.140015,883.349976,13985
2026-05-01 16:40:00+00:00,883.349976,884.219971,883.020020,883.599976,12155
2026-05-01 16:45:00+00:00,885.080017,886.159973,883.599976,885.450012,64324
2026-05-01 16:50:00+00:00,885.659973,886.789978,885.659973,886.580017,14530
2026-05-01 16:55:00+00:00,886.590027,888.099976,886.349976,887.630005,12498
2026-05-01 17:00:00+00:00,887.722107,888.989990,887.150024,888.440002,14889
2026-05-01 17:05:00+00:00,888.219971,889.010010,887.980103,888.820007,7348
2026-05-01 17:10:00+00:00,888.710022,889.530029,888.500000,889.369995,10049
2026-05-01 17:15:00+00:00,889.522095,889.650024,887.580017,888.080017,13018
2026-05-01 17:20:00+00:00,888.200012,888.559998,887.710022,888.094971,11969
2026-05-01 17:25:00+00:00,888.099976,888.900024,887.859985,888.710022,9038
2026-05-01 17:30:00+00:00,888.744995,890.950012,888.633118,890.530029,19099
2026-05-01 17:35:00+00:00,890.630005,890.690002,889.559998,889.739990,16035
2026-05-01 17:40:00+00:00,889.669983,890.419983,889.460022,889.969971,11992
2026-05-01 17:45:00+00:00,890.130005,890.330017,889.450012,889.744995,18557
2026-05-01 17:50:00+00:00,889.919983,892.299988,889.469971,891.640015,15586
2026-05-01 17:55:00+00:00,891.744995,892.619995,891.744995,892.070007,18062
2026-05-01 18:00:00+00:00,892.070007,892.859985,891.718079,892.544983,12332
2026-05-01 18:05:00+00:00,892.724976,892.859985,891.880005,892.460022,13568
2026-05-01 18:10:00+00:00,892.280029,892.330017,891.450012,891.809998,17736
2026-05-01 18:15:00+00:00,891.804993,892.380005,891.224976,892.184998,10909
2026-05-01 18:20:00+00:00,892.184998,893.000000,891.929993,892.784973,13543
2026-05-01 18:25:00+00:00,892.770020,893.179993,892.520020,893.059998,13820
2026-05-01 18:30:00+00:00,892.969971,893.140015,891.744995,891.969971,32504
2026-05-01 18:35:00+00:00,892.090027,892.299927,891.000977,891.150024,17357
2026-05-01 18:40:00+00:00,891.157471,892.020020,891.000000,891.080017,13639
2026-05-01 18:45:00+00:00,891.080017,891.200012,890.260010,890.580017,19908
2026-05-01 18:50:00+00:00,890.570007,891.569885,890.309998,891.020020,23404
2026-05-01 18:55:00+00:00,890.960022,891.700012,890.919983,891.659973,14577
2026-05-01 19:00:00+00:00,891.530029,891.840027,891.229980,891.609985,10074
2026-05-01 19:05:00+00:00,891.544983,892.250000,891.250000,892.080017,17429
2026-05-01 19:10:00+00:00,892.090027,893.159973,892.010010,892.280029,13336
2026-05-01 19:15:00+00:00,892.229980,894.479980,892.159973,894.015015,17009
2026-05-01 19:20:00+00:00,894.210022,894.469910,891.934998,892.449707,29947
2026-05-01 19:25:00+00:00,892.484985,893.084595,892.250000,892.924988,23095
2026-05-01 19:30:00+00:00,892.812500,893.020020,892.179993,892.450012,22753
2026-05-01 19:35:00+00:00,892.455017,893.809998,892.390015,893.525024,23065
2026-05-01 19:40:00+00:00,893.539978,893.590027,892.080017,892.119995,31744
2026-05-01 19:45:00+00:00,892.109985,892.109985,890.840027,890.969971,28433
2026-05-01 19:50:00+00:00,890.950012,891.409973,890.049988,890.304993,47555
2026-05-01 19:55:00+00:00,890.380005,891.409973,889.669983,889.669983,154833
2026-05-04 13:30:00+00:00,887.280029,892.840027,880.460022,883.950012,128305
2026-05-04 13:35:00+00:00,883.630005,884.679871,880.159973,883.184998,40472
2026-05-04 13:40:00+00:00,883.284912,886.289978,882.000000,882.070007,30115
2026-05-04 13:45:00+00:00,881.530029,884.000000,879.099976,880.440002,45517
2026-05-04 13:50:00+00:00,880.099976,883.440002,878.330078,881.179993,35572
2026-05-04 13:55:00+00:00,881.520020,884.770325,881.510010,883.809998,29696
2026-05-04 14:00:00+00:00,883.799988,887.229980,882.500000,886.320007,31322
2026-05-04 14:05:00+00:00,886.049988,886.049988,880.130005,880.570007,30556
2026-05-04 14:10:00+00:00,880.320374,880.689880,876.369995,876.369995,35869
2026-05-04 14:15:00+00:00,876.630005,877.530029,874.059998,876.349976,66872
2026-05-04 14:20:00+00:00,876.359985,879.030029,872.500000,872.500000,50339
2026-05-04 14:25:00+00:00,873.259888,876.859985,871.710022,874.760010,29552
2026-05-04 14:30:00+00:00,874.750000,879.020020,874.729980,879.000000,24715
2026-05-04 14:35:00+00:00,879.000000,879.530029,878.020020,879.429993,23455
2026-05-04 14:40:00+00:00,879.289978,881.890015,878.050110,880.530029,19112
2026-05-04 14:45:00+00:00,880.530029,881.599976,877.229980,877.659973,26053
2026-05-04 14:50:00+00:00,877.799988,879.369995,877.750000,879.080017,14910
2026-05-04 14:55:00+00:00,879.255005,880.039978,878.250000,878.570007,15374
2026-05-04 15:00:00+00:00,878.020020,879.330017,877.140015,878.733521,22756
2026-05-04 15:05:00+00:00,878.750000,880.739990,877.950012,879.609985,23788
2026-05-04 15:10:00+00:00,879.575012,881.250000,878.140015,878.659973,22938
2026-05-04 15:15:00+00:00,878.659973,879.145020,876.539978,877.820007,72690
2026-05-04 15:20:00+00:00,877.989990,878.400024,874.169983,875.000000,53388
2026-05-04 15:25:00+00:00,875.257690,877.710022,873.969971,876.179993,26680
2026-05-04 15:30:00+00:00,876.770020,878.210022,875.870117,877.909973,15863
2026-05-04 15:35:00+00:00,877.200012,877.700012,875.804993,875.804993,14279
2026-05-04 15:40:00+00:00,876.150024,878.809998,875.570007,876.984985,18463
2026-05-04 15:45:00+00:00,876.984985,878.270020,876.049988,876.409973,12050
2026-05-04 15:50:00+00:00,876.759888,878.340027,875.479980,878.280029,21413
2026-05-04 15:55:00+00:00,878.080017,879.309998,877.869995,878.679993,16728
2026-05-04 16:00:00+00:00,878.130005,878.521973,876.190002,876.510010,14748
2026-05-04 16:05:00+00:00,876.594971,877.100891,871.650024,871.950012,32179
2026-05-04 16:10:00+00:00,871.580017,871.950012,870.500000,871.049988,25201
2026-05-04 16:15:00+00:00,870.869995,874.489990,869.592285,873.869995,19844
2026-05-04 16:20:00+00:00,873.875000,875.650024,873.000000,874.531494,13045
2026-05-04 16:25:00+00:00,874.849976,875.869995,873.620117,875.390015,10424
2026-05-04 16:30:00+00:00,875.520020,877.010010,875.400024,876.570007,22104
2026-05-04 16:35:00+00:00,876.570007,877.049988,874.489990,875.075012,16519
2026-05-04 16:40:00+00:00,875.284973,875.960022,874.719971,874.719971,0
2026-05-04 16:45:00+00:00,874.835022,876.469971,874.200012,876.025024,1179734
2026-05-04 16:50:00+00:00,876.010010,876.455017,875.440002,875.989990,7476
2026-05-04 16:55:00+00:00,875.989990,876.429993,875.159973,875.895020,9101
2026-05-04 17:00:00+00:00,875.690002,877.760010,875.359985,877.354980,16406
2026-05-04 17:05:00+00:00,877.655029,878.176514,877.280029,878.000000,10549
2026-05-04 17:10:00+00:00,877.989990,879.489990,877.340027,879.070007,24636
2026-05-04 17:15:00+00:00,878.840027,879.309998,877.640015,878.979980,28572
2026-05-04 17:20:00+00:00,878.950012,880.000000,878.659973,879.270020,13998
2026-05-04 17:25:00+00:00,879.270020,880.349976,879.190002,879.895020,9249
2026-05-04 17:30:00+00:00,879.804993,880.390015,878.260010,878.260010,12256
2026-05-04 17:35:00+00:00,877.854980,877.854980,876.000000,876.000000,15867
2026-05-04 17:40:00+00:00,876.020020,878.260010,876.010010,878.260010,13381
2026-05-04 17:45:00+00:00,878.250000,878.510010,877.669983,878.359985,13096
2026-05-04 17:50:00+00:00,878.460022,878.809998,876.890015,877.440002,19916
2026-05-04 17:55:00+00:00,876.909973,877.379883,876.330017,877.190002,10970
2026-05-04 18:00:00+00:00,877.440002,878.239990,876.000000,878.219971,16130
2026-05-04 18:05:00+00:00,878.239990,878.630005,877.635010,878.419983,10257
2026-05-04 18:10:00+00:00,878.215027,878.744995,877.929993,878.135010,15865
2026-05-04 18:15:00+00:00,878.140015,878.700012,876.549988,876.729980,10845
2026-05-04 18:20:00+00:00,876.380005,876.380005,875.390015,875.645020,15535
2026-05-04 18:25:00+00:00,875.429993,876.070007,874.992126,875.590027,11533
2026-05-04 18:30:00+00:00,875.359985,875.784973,874.590027,874.859985,13445
2026-05-04 18:35:00+00:00,874.590027,874.885010,873.869995,874.400024,15928
2026-05-04 18:40:00+00:00,874.179993,874.460022,873.140015,873.250000,10615
2026-05-04 18:45:00+00:00,873.140015,873.289978,871.510010,872.294983,18639
2026-05-04 18:50:00+00:00,872.280029,873.489990,872.260010,873.294983,11582
2026-05-04 18:55:00+00:00,873.294983,874.539978,872.940002,874.320007,10929
2026-05-04 19:00:00+00:00,874.340027,874.820007,874.030029,874.630005,10947
2026-05-04 19:05:00+00:00,874.469971,874.979980,873.580017,874.190002,21202
2026-05-04 19:10:00+00:00,874.179993,874.520020,872.789978,873.105286,15479
2026-05-04 19:15:00+00:00,872.909973,875.700012,872.909973,874.715027,23886
2026-05-04 19:20:00+00:00,874.710022,874.979980,874.340027,874.474976,14541
2026-05-04 19:25:00+00:00,874.395020,874.770020,873.289978,873.450012,20761
2026-05-04 19:30:00+00:00,873.250000,874.109924,873.140015,873.320007,20773
2026-05-04 19:35:00+00:00,873.330017,874.599976,873.280029,873.690002,16408
2026-05-04 19:40:00+00:00,873.890015,874.489990,873.780029,874.174988,29236
2026-05-04 19:45:00+00:00,874.030029,875.049988,873.880005,874.530029,38077
2026-05-04 19:50:00+00:00,874.640015,875.859985,873.849976,875.539978,56232
2026-05-04 19:55:00+00:00,875.640015,875.710022,873.849976,874.659973,157121
2026-05-05 13:30:00+00:00,888.099976,897.650024,888.099976,891.690002,110845
2026-05-05 13:35:00+00:00,891.659973,893.960022,889.130005,892.929993,71375
2026-05-05 13:40:00+00:00,893.429993,897.309998,892.000000,896.844971,64629
2026-05-05 13:45:00+00:00,897.190002,897.640015,893.070007,893.525024,43998
2026-05-05 13:50:00+00:00,893.179993,899.159973,893.140015,899.119995,43111
2026-05-05 13:55:00+00:00,899.460022,902.280029,898.710022,901.380005,39160
2026-05-05 14:00:00+00:00,901.190002,904.000000,899.580017,901.500000,51297
2026-05-05 14:05:00+00:00,901.349976,903.919983,900.169983,903.359985,39494
2026-05-05 14:10:00+00:00,903.640015,905.000000,901.050110,901.565002,46360
2026-05-05 14:15:00+00:00,901.462524,901.929993,896.000000,896.397522,36013
2026-05-05 14:20:00+00:00,896.580017,902.640015,895.505005,902.344971,34879
2026-05-05 14:25:00+00:00,902.344971,907.929993,902.344971,907.280029,56346
2026-05-05 14:30:00+00:00,907.500000,908.900024,906.130005,907.525024,29106
2026-05-05 14:35:00+00:00,905.469971,907.719971,903.780029,903.780029,30982
2026-05-05 14:40:00+00:00,903.364990,905.000000,902.270020,902.408997,15313
2026-05-05 14:45:00+00:00,902.750000,903.500000,900.500000,900.950012,18275
2026-05-05 14:50:00+00:00,900.778320,903.849976,900.683716,903.559998,21175
2026-05-05 14:55:00+00:00,903.559998,905.949890,903.429993,905.609985,20073
2026-05-05 15:00:00+00:00,905.590027,906.179993,903.390015,903.390015,28446
2026-05-05 15:05:00+00:00,903.710022,904.770020,902.210022,902.210022,27035
2026-05-05 15:10:00+00:00,902.500000,903.979980,902.070129,903.979980,18215
2026-05-05 15:15:00+00:00,903.950012,904.159973,901.940002,902.469971,30323
2026-05-05 15:20:00+00:00,902.294983,903.585022,901.000000,903.099976,26367
2026-05-05 15:25:00+00:00,903.330017,903.499878,901.752197,902.570007,25974
2026-05-05 15:30:00+00:00,902.559998,902.570007,900.140015,900.859985,0
2026-05-05 15:35:00+00:00,901.000000,901.219971,899.150024,899.940002,984046
2026-05-05 15:40:00+00:00,899.744995,901.179993,899.301025,901.179993,17437
2026-05-05 15:45:00+00:00,901.130005,903.929993,900.869995,903.700012,26383
2026-05-05 15:50:00+00:00,903.880005,904.599976,902.885010,904.330017,15209
2026-05-05 15:55:00+00:00,904.429993,904.679993,900.570007,901.570007,24136
2026-05-05 16:00:00+00:00,901.559998,902.830017,901.450012,902.594971,15516
2026-05-05 16:05:00+00:00,902.700012,904.169983,902.590088,903.114990,12688
2026-05-05 16:10:00+00:00,903.109985,903.149109,900.900085,902.729980,9965
2026-05-05 16:15:00+00:00,903.090027,903.830017,901.799988,903.489990,20508
2026-05-05 16:20:00+00:00,903.369995,904.309998,903.320007,903.469971,15251
2026-05-05 16:25:00+00:00,903.500000,904.029907,901.000000,902.159973,21002
2026-05-05 16:30:00+00:00,902.164978,902.174988,900.429993,900.760010,11589
2026-05-05 16:35:00+00:00,900.820007,901.655029,899.155029,899.155029,10724
2026-05-05 16:40:00+00:00,899.502502,899.669983,898.460022,899.280029,12666
2026-05-05 16:45:00+00:00,899.252502,899.659973,898.924988,899.309998,8793
2026-05-05 16:50:00+00:00,899.130005,899.460022,898.250000,898.799988,9628
2026-05-05 16:55:00+00:00,898.804993,899.599976,898.761658,899.309998,6686
2026-05-05 17:00:00+00:00,899.219971,900.914978,899.039978,900.914978,12942
2026-05-05 17:05:00+00:00,901.349976,901.429993,900.255005,900.299988,7493
2026-05-05 17:10:00+00:00,900.369995,900.960022,899.664307,900.549988,10867
2026-05-05 17:15:00+00:00,900.489990,901.900024,900.390015,901.669983,15211
2026-05-05 17:20:00+00:00,901.700012,901.869995,901.010010,901.359985,8449
2026-05-05 17:25:00+00:00,901.239990,902.010010,901.195007,901.989990,15468
2026-05-05 17:30:00+00:00,901.710022,902.469971,901.539978,902.219971,11313
2026-05-05 17:35:00+00:00,902.294983,903.380005,901.909973,902.250000,11970
2026-05-05 17:40:00+00:00,901.914978,902.289978,900.424988,900.424988,8149
2026-05-05 17:45:00+00:00,900.575012,901.138977,900.291016,900.710022,8901
2026-05-05 17:50:00+00:00,900.549988,900.549988,899.299988,899.585022,11114
2026-05-05 17:55:00+00:00,899.849976,900.030029,899.419983,900.030029,6561
2026-05-05 18:00:00+00:00,899.835022,899.835022,898.469971,898.940002,17376
2026-05-05 18:05:00+00:00,899.280029,900.539978,898.994995,899.270020,19263
2026-05-05 18:10:00+00:00,899.000000,900.349976,899.000000,900.150024,9936
2026-05-05 18:15:00+00:00,900.359924,900.989990,899.770020,900.695007,16104
2026-05-05 18:20:00+00:00,900.484985,900.989685,899.840515,900.979980,8784
2026-05-05 18:25:00+00:00,900.710022,901.010010,900.010071,900.359985,14065
2026-05-05 18:30:00+00:00,900.359985,900.979980,899.700012,900.200012,15071
2026-05-05 18:35:00+00:00,901.090027,901.169983,900.140076,900.275024,13946
2026-05-05 18:40:00+00:00,900.275024,900.684387,899.119995,899.455017,20179
2026-05-05 18:45:00+00:00,899.409973,899.789917,898.409973,898.854980,16887
2026-05-05 18:50:00+00:00,899.130005,899.544983,898.369995,899.190002,12336
2026-05-05 18:55:00+00:00,899.500000,900.000000,899.402527,899.640015,20033
2026-05-05 19:00:00+00:00,899.619995,900.140015,899.219971,899.469971,19168
2026-05-05 19:05:00+00:00,899.369995,899.484985,898.059998,899.075012,23145
2026-05-05 19:10:00+00:00,899.070007,899.070007,898.109985,898.844971,16972
2026-05-05 19:15:00+00:00,898.840027,898.840027,896.590027,896.590027,28382
2026-05-05 19:20:00+00:00,896.744995,897.020020,896.000000,896.409973,20786
2026-05-05 19:25:00+00:00,896.409973,897.909973,896.359985,897.515015,20744
2026-05-05 19:30:00+00:00,897.405029,899.184998,897.130005,898.940002,17346
2026-05-05 19:35:00+00:00,898.950012,899.770020,898.690002,899.239990,21570
2026-05-05 19:40:00+00:00,899.359985,901.219971,899.080017,900.344971,48766
2026-05-05 19:45:00+00:00,900.119995,901.880005,899.500000,901.659973,53368
2026-05-05 19:50:00+00:00,901.664978,902.565002,901.222473,901.770020,55799
2026-05-05 19:55:00+00:00,901.820007,905.130005,901.659973,904.599976,178141
2026-05-06 13:30:00+00:00,913.500000,922.989990,913.500000,922.989990,146778
2026-05-06 13:35:00+00:00,922.969971,924.716980,920.710022,920.770020,77734
2026-05-06 13:40:00+00:00,920.711121,921.010010,915.570007,915.719971,42299
2026-05-06 13:45:00+00:00,914.734985,915.909973,909.849976,909.919983,33911
2026-05-06 13:50:00+00:00,909.919983,913.679993,907.760010,911.989990,60563
2026-05-06 13:55:00+00:00,912.440002,917.527527,910.270020,916.799988,48622
2026-05-06 14:00:00+00:00,917.505005,917.784973,913.851990,915.320007,28535
2026-05-06 14:05:00+00:00,915.315002,915.989990,910.000000,911.659973,20841
2026-05-06 14:10:00+00:00,911.330017,911.460022,908.000000,910.658203,30745
2026-05-06 14:15:00+00:00,910.039978,912.049988,908.640015,911.340027,66420
2026-05-06 14:20:00+00:00,910.830017,911.969910,908.510010,909.969971,16202
2026-05-06 14:25:00+00:00,910.710022,910.750000,905.349976,905.794983,30958
2026-05-06 14:30:00+00:00,905.979980,911.109985,905.380005,911.109985,35274
2026-05-06 14:35:00+00:00,910.469971,911.109985,909.020020,909.140015,27641
2026-05-06 14:40:00+00:00,909.780029,916.723877,909.780029,916.723877,33472
2026-05-06 14:45:00+00:00,916.989990,918.979980,916.594971,917.570007,19993
2026-05-06 14:50:00+00:00,918.034973,918.229980,916.804321,917.914978,15086
2026-05-06 14:55:00+00:00,918.070007,921.280029,918.070007,920.630005,28557
2026-05-06 15:00:00+00:00,920.969971,922.000000,920.424988,921.506470,24949
2026-05-06 15:05:00+00:00,921.500000,921.789978,919.549988,919.868530,45249
2026-05-06 15:10:00+00:00,920.080017,923.219971,920.000000,923.140015,23345
2026-05-06 15:15:00+00:00,923.400024,925.250000,923.130005,925.250000,38688
2026-05-06 15:20:00+00:00,925.450012,926.500000,924.100098,924.100098,21803
2026-05-06 15:25:00+00:00,924.330017,926.270020,924.178406,925.830017,12504
2026-05-06 15:30:00+00:00,925.229980,925.330017,922.359985,922.359985,14580
2026-05-06 15:35:00+00:00,922.359985,923.349976,920.080078,920.739990,16931
2026-05-06 15:40:00+00:00,920.559998,923.219971,920.350281,922.270020,36490
2026-05-06 15:45:00+00:00,922.184998,922.885010,918.500000,918.929993,33832
2026-05-06 15:50:00+00:00,918.934998,921.799988,918.460022,920.880005,14940
2026-05-06 15:55:00+00:00,920.809998,921.468872,919.340027,919.710022,28735
2026-05-06 16:00:00+00:00,919.614990,921.159912,919.539978,920.700012,8969
2026-05-06 16:05:00+00:00,920.750000,921.039978,919.340027,919.780029,13892
2026-05-06 16:10:00+00:00,919.500000,921.619995,919.359985,921.219971,13689
2026-05-06 16:15:00+00:00,921.659973,922.494995,921.229980,921.549988,16576
2026-05-06 16:20:00+00:00,921.549988,922.789978,921.260071,922.789978,15807
2026-05-06 16:25:00+00:00,923.489990,923.599976,921.770020,921.840027,18140
2026-05-06 16:30:00+00:00,922.070007,923.799988,922.070007,923.799988,14800
2026-05-06 16:35:00+00:00,923.999207,924.000000,922.280029,922.505005,11521
2026-05-06 16:40:00+00:00,922.659973,922.969910,921.679993,922.219971,17895
2026-05-06 16:45:00+00:00,922.040894,922.359985,920.780029,921.179993,12661
2026-05-06 16:50:00+00:00,920.830017,921.450012,920.690002,921.380005,19143
2026-05-06 16:55:00+00:00,921.122131,923.080017,920.690125,921.875000,22715
2026-05-06 17:00:00+00:00,921.145020,923.742615,920.979980,923.010010,9288
2026-05-06 17:05:00+00:00,923.377502,924.989990,922.080017,923.270020,46079
2026-05-06 17:10:00+00:00,923.380005,923.759888,921.500000,922.150024,16785
2026-05-06 17:15:00+00:00,922.349976,923.169983,922.150024,922.190002,41408
2026-05-06 17:20:00+00:00,922.085022,924.159973,922.085022,923.820007,11569
2026-05-06 17:25:00+00:00,923.969971,924.280029,923.054993,923.880005,15015
2026-05-06 17:30:00+00:00,924.039978,924.679993,923.830017,924.049988,13033
2026-05-06 17:35:00+00:00,923.869995,924.409973,923.500000,924.369995,12636
2026-05-06 17:40:00+00:00,924.244995,925.000000,923.909973,924.820007,19120
2026-05-06 17:45:00+00:00,925.000000,925.205017,923.890015,923.890015,25140
2026-05-06 17:50:00+00:00,923.890015,925.015015,923.750000,924.539978,12532
2026-05-06 17:55:00+00:00,924.854980,925.369995,924.340027,925.369995,12884
2026-05-06 18:00:00+00:00,925.380005,925.580017,923.500000,923.690002,17532
2026-05-06 18:05:00+00:00,923.784973,924.760010,923.520020,924.469971,14561
2026-05-06 18:10:00+00:00,925.000000,925.092529,923.919983,924.489990,11251
2026-05-06 18:15:00+00:00,924.489990,925.830017,924.489990,925.638000,15082
2026-05-06 18:20:00+00:00,925.799988,927.247009,925.659973,925.989990,21523
2026-05-06 18:25:00+00:00,925.861023,926.489990,925.640015,925.750000,12143
2026-05-06 18:30:00+00:00,925.869995,927.390015,925.869995,927.390015,15993
2026-05-06 18:35:00+00:00,927.460022,927.719971,926.539978,926.854980,13202
2026-05-06 18:40:00+00:00,926.940002,926.940002,924.920105,926.010010,18628
2026-05-06 18:45:00+00:00,926.039978,926.260010,924.789978,925.869995,12892
2026-05-06 18:50:00+00:00,926.200012,926.849976,925.020020,925.919983,32830
2026-05-06 18:55:00+00:00,925.830017,927.340027,925.270020,926.219971,28780
2026-05-06 19:00:00+00:00,926.500000,927.400024,926.500000,927.244995,14364
2026-05-06 19:05:00+00:00,927.234985,927.419983,926.580017,927.260010,17624
2026-05-06 19:10:00+00:00,927.054993,928.265015,926.630005,927.869995,14421
2026-05-06 19:15:00+00:00,927.900024,928.729187,927.088623,928.309998,41902
2026-05-06 19:20:00+00:00,928.155029,928.590027,927.549988,928.359985,21914
2026-05-06 19:25:00+00:00,928.200012,929.895020,927.909973,928.909973,33475
2026-05-06 19:30:00+00:00,928.580017,929.979980,927.690002,927.760010,23340
2026-05-06 19:35:00+00:00,927.969971,929.034973,926.700012,926.880005,20951
2026-05-06 19:40:00+00:00,926.979980,928.760010,926.979980,927.200012,34976
2026-05-06 19:45:00+00:00,927.059998,928.919983,927.049988,927.559998,51381
2026-05-06 19:50:00+00:00,927.979980,929.989990,927.979980,929.799988,57921
2026-05-06 19:55:00+00:00,929.900024,930.539978,926.539978,926.609985,141425
2026-05-07 13:30:00+00:00,929.960022,931.349976,915.200073,917.919983,134893
2026-05-07 13:35:00+00:00,917.309998,919.109985,913.780029,917.140015,47802
2026-05-07 13:40:00+00:00,916.039978,916.179993,907.039978,907.059998,64577
2026-05-07 13:45:00+00:00,907.859985,913.559998,905.070007,906.489990,55859
2026-05-07 13:50:00+00:00,906.195007,907.755005,904.059998,905.010010,65283
2026-05-07 13:55:00+00:00,906.500000,910.000000,904.500000,908.270020,68062
2026-05-07 14:00:00+00:00,907.840027,911.580017,906.570007,910.549988,28327
2026-05-07 14:05:00+00:00,909.450012,911.000000,907.405029,907.979980,35110
2026-05-07 14:10:00+00:00,907.494995,912.000000,907.000000,909.539978,30435
2026-05-07 14:15:00+00:00,909.544983,912.799988,909.539978,912.041870,24416
2026-05-07 14:20:00+00:00,911.465027,913.500000,910.159973,913.479980,26139
2026-05-07 14:25:00+00:00,913.409973,914.520020,911.859985,911.859985,20286
2026-05-07 14:30:00+00:00,912.369995,916.369995,911.859985,916.369995,21079
2026-05-07 14:35:00+00:00,914.770020,916.369995,913.830017,914.219971,20364
2026-05-07 14:40:00+00:00,914.729980,915.989990,912.854980,912.854980,19828
2026-05-07 14:45:00+00:00,913.309998,914.200012,912.169983,912.640015,31279
2026-05-07 14:50:00+00:00,912.750000,913.119995,910.270020,911.039978,23513
2026-05-07 14:55:00+00:00,911.039978,911.539978,909.715027,910.500000,21136
2026-05-07 15:00:00+00:00,910.950012,911.919983,909.756470,909.909973,14003
2026-05-07 15:05:00+00:00,910.280029,910.489990,906.457214,906.897705,24826
2026-05-07 15:10:00+00:00,906.650024,907.880005,906.375000,907.000000,18168
2026-05-07 15:15:00+00:00,907.039978,907.330017,904.599976,904.609985,17366
2026-05-07 15:20:00+00:00,904.885010,904.900024,902.780029,904.034973,33603
2026-05-07 15:25:00+00:00,903.789978,906.090027,903.789978,905.849976,18536
2026-05-07 15:30:00+00:00,906.570007,907.169983,906.000000,907.169983,11792
2026-05-07 15:35:00+00:00,906.984985,907.200012,904.890015,905.630005,12825
2026-05-07 15:40:00+00:00,905.599976,907.109985,904.359985,906.025024,27176
2026-05-07 15:45:00+00:00,906.025024,906.025024,903.505005,903.604980,17427
2026-05-07 15:50:00+00:00,903.604980,906.479980,903.080017,906.104980,19960
2026-05-07 15:55:00+00:00,905.929993,906.260010,902.049988,902.710022,23448
2026-05-07 16:00:00+00:00,903.049988,904.630005,902.010071,902.849976,15978
2026-05-07 16:05:00+00:00,902.849976,903.309998,901.599976,901.869995,25957
2026-05-07 16:10:00+00:00,901.799988,902.005005,899.989990,900.525024,40488
2026-05-07 16:15:00+00:00,900.729980,900.729980,898.190002,898.719971,57767
2026-05-07 16:20:00+00:00,898.659973,899.585022,897.000000,898.710022,22168
2026-05-07 16:25:00+00:00,899.049988,899.599976,897.840027,897.950012,12367
2026-05-07 16:30:00+00:00,897.369995,900.135986,897.250000,899.799988,19958
2026-05-07 16:35:00+00:00,899.500000,899.989990,897.070007,897.320007,14803
2026-05-07 16:40:00+00:00,897.580017,898.580017,897.150024,898.250000,16912
2026-05-07 16:45:00+00:00,897.770020,899.304993,897.760010,898.315002,15446
2026-05-07 16:50:00+00:00,898.159973,899.000000,897.320007,898.880005,15939
2026-05-07 16:55:00+00:00,898.659973,899.539978,897.924988,898.809998,14222
2026-05-07 17:00:00+00:00,898.700012,898.950012,897.000000,898.474976,11112
2026-05-07 17:05:00+00:00,898.640015,901.320007,898.169983,899.825012,16001
2026-05-07 17:10:00+00:00,899.669983,899.959900,898.309998,898.880005,15838
2026-05-07 17:15:00+00:00,898.510010,898.510010,896.609985,896.609985,14576
2026-05-07 17:20:00+00:00,897.000000,899.150024,896.520020,897.705017,12419
2026-05-07 17:25:00+00:00,898.364990,899.330017,893.164978,893.715027,23043
2026-05-07 17:30:00+00:00,893.792480,895.489990,892.250000,895.359985,26726
2026-05-07 17:35:00+00:00,895.625000,896.359985,894.869995,895.190002,11333
2026-05-07 17:40:00+00:00,895.320007,897.559998,895.000000,896.590027,31858
2026-05-07 17:45:00+00:00,896.539978,897.940002,896.169983,896.770020,16380
2026-05-07 17:50:00+00:00,896.690002,896.710022,894.200012,895.960022,17859
2026-05-07 17:55:00+00:00,895.789978,897.889893,895.200012,897.065002,12444
2026-05-07 18:00:00+00:00,897.145020,898.130005,896.630005,897.419983,16255
2026-05-07 18:05:00+00:00,897.375000,898.530029,896.849976,897.200012,14668
2026-05-07 18:10:00+00:00,896.609985,897.030029,895.575012,895.960022,7744
2026-05-07 18:15:00+00:00,895.950012,896.549988,895.335022,895.900024,23051
2026-05-07 18:20:00+00:00,895.559998,895.559998,892.380005,892.419983,12271
2026-05-07 18:25:00+00:00,892.525024,892.530029,889.276917,891.349976,33655
2026-05-07 18:30:00+00:00,891.349915,893.000000,890.650024,890.750000,20170
2026-05-07 18:35:00+00:00,890.830017,891.034973,888.330078,889.299988,28283
2026-05-07 18:40:00+00:00,889.650024,889.780029,887.169983,887.909973,28689
2026-05-07 18:45:00+00:00,887.909973,890.280029,886.880005,889.409973,32117
2026-05-07 18:50:00+00:00,889.150024,889.799988,888.239990,888.280029,20920
2026-05-07 18:55:00+00:00,888.690002,892.098999,887.734985,888.090027,37351
2026-05-07 19:00:00+00:00,888.460022,889.190002,887.549988,888.119995,21370
2026-05-07 19:05:00+00:00,888.119995,888.979980,887.705505,888.789978,20688
2026-05-07 19:10:00+00:00,888.520020,891.200012,888.309998,890.539978,25801
2026-05-07 19:15:00+00:00,890.575012,891.575012,889.989990,891.309998,31158
2026-05-07 19:20:00+00:00,890.880005,891.136780,888.734985,888.734985,19904
2026-05-07 19:25:00+00:00,888.539978,890.489990,888.520020,890.130005,26302
2026-05-07 19:30:00+00:00,890.049988,891.929993,890.049988,891.804993,23234
2026-05-07 19:35:00+00:00,891.960022,893.289978,891.690002,892.901001,26580
2026-05-07 19:40:00+00:00,895.080017,895.080017,892.640015,893.049988,30013
2026-05-07 19:45:00+00:00,893.109985,895.000000,893.109985,894.765015,44305
2026-05-07 19:50:00+00:00,895.000000,896.609985,893.729980,895.419983,63598
2026-05-07 19:55:00+00:00,895.409973,896.440002,893.820007,895.619995,145406
2026-05-08 13:30:00+00:00,911.000000,911.979980,902.000000,904.859985,101627
2026-05-08 13:35:00+00:00,904.210022,908.414978,902.250000,908.414978,71607
2026-05-08 13:40:00+00:00,908.849976,914.770020,908.390015,908.445007,68395
2026-05-08 13:45:00+00:00,908.445007,909.775024,907.479980,909.039978,32701
2026-05-08 13:50:00+00:00,909.969971,911.419983,909.349976,910.359985,21925
2026-05-08 13:55:00+00:00,910.434998,910.869995,908.000000,910.200012,34003
2026-05-08 14:00:00+00:00,910.200012,910.809998,908.610107,909.955017,20592
2026-05-08 14:05:00+00:00,909.710022,910.000000,907.359985,907.599976,20669
2026-05-08 14:10:00+00:00,907.570007,907.700012,904.909973,906.690002,20038
2026-05-08 14:15:00+00:00,906.650024,908.748413,905.559998,907.249878,27131
2026-05-08 14:20:00+00:00,905.940002,907.349976,905.340027,906.390015,13537
2026-05-08 14:25:00+00:00,906.590027,907.349976,902.219971,902.219971,14316
2026-05-08 14:30:00+00:00,902.690002,903.151978,900.260010,900.640015,28647
2026-05-08 14:35:00+00:00,900.705017,901.469971,899.820007,901.099976,19383
2026-05-08 14:40:00+00:00,901.104980,902.659973,900.659973,901.715027,25045
2026-05-08 14:45:00+00:00,901.719971,903.039978,901.250000,902.179993,14306
2026-05-08 14:50:00+00:00,902.000000,903.534973,901.950012,902.929993,14061
2026-05-08 14:55:00+00:00,903.270020,904.195007,902.370117,902.958008,27520
2026-05-08 15:00:00+00:00,902.369995,902.946411,900.000122,901.239990,16656
2026-05-08 15:05:00+00:00,901.320007,901.570007,899.559998,900.190002,18921
2026-05-08 15:10:00+00:00,899.940002,900.210022,898.429993,898.499512,10134
2026-05-08 15:15:00+00:00,898.750000,898.750000,897.000000,897.880005,12317
2026-05-08 15:20:00+00:00,898.255005,900.400024,897.869995,899.000000,12053
2026-05-08 15:25:00+00:00,898.905029,899.049988,898.049988,898.500000,10439
2026-05-08 15:30:00+00:00,898.700012,900.145020,897.789978,899.780029,14997
2026-05-08 15:35:00+00:00,900.130005,901.280029,899.909973,901.059998,14849
2026-05-08 15:40:00+00:00,901.145020,901.145020,898.440002,898.840027,13911
2026-05-08 15:45:00+00:00,898.599976,900.659973,898.559998,899.445007,14030
2026-05-08 15:50:00+00:00,899.340027,901.179993,899.340027,900.729980,7700
2026-05-08 15:55:00+00:00,900.614990,902.499878,900.614990,900.890015,14335
2026-05-08 16:00:00+00:00,901.395020,902.580017,901.349976,901.659973,11205
2026-05-08 16:05:00+00:00,901.614990,902.250000,900.159973,900.390015,15519
2026-05-08 16:10:00+00:00,900.159973,900.239990,899.270081,899.669983,6122
2026-05-08 16:15:00+00:00,899.719971,900.780029,899.719971,900.500000,7748
2026-05-08 16:20:00+00:00,900.474976,901.799988,900.090027,901.419983,30183
2026-05-08 16:25:00+00:00,901.484985,903.200012,901.484985,903.190002,16595
2026-05-08 16:30:00+00:00,903.197510,903.799988,902.479980,903.375000,17750
2026-05-08 16:35:00+00:00,903.299988,903.777588,902.840027,902.840027,8736
2026-05-08 16:40:00+00:00,902.000000,903.154480,901.580017,901.979980,13915
2026-05-08 16:45:00+00:00,901.629028,904.250000,901.390015,901.580017,14194
2026-05-08 16:50:00+00:00,901.309998,902.010010,900.619995,900.619995,6106
2026-05-08 16:55:00+00:00,900.510010,901.059998,900.330017,900.830017,5050
2026-05-08 17:00:00+00:00,900.599976,901.650024,900.539978,901.119995,13989
2026-05-08 17:05:00+00:00,901.119995,901.609985,900.260010,901.000000,15112
2026-05-08 17:10:00+00:00,900.260010,901.229980,900.260010,900.690002,9780
2026-05-08 17:15:00+00:00,900.599976,901.190002,900.330017,900.909973,7004
2026-05-08 17:20:00+00:00,900.989990,902.130005,900.729980,901.659973,16313
2026-05-08 17:25:00+00:00,901.659973,902.330200,901.349976,901.789978,11463
2026-05-08 17:30:00+00:00,901.840027,902.603882,901.520020,902.140015,9766
2026-05-08 17:35:00+00:00,902.150024,902.739990,901.390015,901.625000,10718
2026-05-08 17:40:00+00:00,901.520020,901.585022,900.979980,901.544983,4765
2026-05-08 17:45:00+00:00,901.539978,901.979980,901.119995,901.340027,5342
2026-05-08 17:50:00+00:00,901.294983,901.750000,901.280029,901.435913,6131
2026-05-08 17:55:00+00:00,901.844971,901.900024,901.119995,901.450012,9664
2026-05-08 18:00:00+00:00,901.169983,902.460022,900.510010,901.109985,36920
2026-05-08 18:05:00+00:00,900.927490,901.280029,899.840027,901.010010,11047
2026-05-08 18:10:00+00:00,901.015015,902.090027,900.510010,902.070007,125334
2026-05-08 18:15:00+00:00,901.784973,902.299011,900.000000,900.239990,17393
2026-05-08 18:20:00+00:00,900.309998,901.049988,900.070129,900.619995,12167
2026-05-08 18:25:00+00:00,900.700012,901.029907,900.210022,901.029907,5477
2026-05-08 18:30:00+00:00,900.908081,901.090027,899.539978,899.684998,16450
2026-05-08 18:35:00+00:00,899.684998,900.119995,899.330017,899.440002,7021
2026-05-08 18:40:00+00:00,899.659973,899.890015,898.770020,898.820007,12018
2026-05-08 18:45:00+00:00,898.739990,898.739990,897.380005,898.270081,8885
2026-05-08 18:50:00+00:00,898.270020,898.709900,897.729980,897.729980,6158
2026-05-08 18:55:00+00:00,897.739990,898.719971,897.429993,898.010010,12830
2026-05-08 19:00:00+00:00,897.719971,898.789978,897.719971,897.909973,7340
2026-05-08 19:05:00+00:00,897.750000,898.010010,896.870117,897.215027,11187
2026-05-08 19:10:00+00:00,897.119995,897.270020,895.409973,895.429993,15516
2026-05-08 19:15:00+00:00,895.510010,896.069885,895.110107,895.380005,14472
2026-05-08 19:20:00+00:00,895.380005,895.759888,894.840027,895.404114,25784
2026-05-08 19:25:00+00:00,895.214417,895.739929,893.849976,894.799988,22918
2026-05-08 19:30:00+00:00,894.635010,895.969971,894.635010,895.969971,18418
2026-05-08 19:35:00+00:00,895.890015,897.190002,895.890015,897.049988,20165
2026-05-08 19:40:00+00:00,897.219971,897.865417,896.200317,896.690002,23108
2026-05-08 19:45:00+00:00,896.830017,897.289917,895.730103,895.859985,23520
2026-05-08 19:50:00+00:00,895.729980,896.739990,894.460022,894.794983,46884
2026-05-08 19:55:00+00:00,894.979980,897.409973,894.359985,897.400024,82827
2026-05-11 13:30:00+00:00,903.609985,906.125000,898.000000,899.255005,116110
2026-05-11 13:35:00+00:00,899.255005,904.949890,898.150024,900.020020,44331
2026-05-11 13:40:00+00:00,900.531677,906.809998,898.780029,904.599976,33050
2026-05-11 13:45:00+00:00,905.780029,906.099976,901.094971,905.140015,38032
2026-05-11 13:50:00+00:00,905.140015,906.650024,902.580017,903.460022,48112
2026-05-11 13:55:00+00:00,903.375000,904.570007,901.409973,903.260010,45645
2026-05-11 14:00:00+00:00,902.895020,903.020020,898.000000,898.914978,27371
2026-05-11 14:05:00+00:00,898.914978,900.020020,897.500000,897.703491,29625
2026-05-11 14:10:00+00:00,898.000000,900.299988,897.780029,899.724976,22780
2026-05-11 14:15:00+00:00,899.260010,900.559875,898.200012,900.380005,25506
2026-05-11 14:20:00+00:00,900.527527,900.689880,898.000000,898.919983,17679
2026-05-11 14:25:00+00:00,898.460022,899.989990,897.450012,897.830017,23630
2026-05-11 14:30:00+00:00,897.590027,898.299988,895.059998,898.190002,37177
2026-05-11 14:35:00+00:00,899.228516,901.289978,897.530029,900.030029,73477
2026-05-11 14:40:00+00:00,900.030029,901.700012,899.640015,901.109985,23998
2026-05-11 14:45:00+00:00,901.080017,902.780029,900.955017,902.099976,36656
2026-05-11 14:50:00+00:00,902.400024,906.994995,902.369995,906.409973,26379
2026-05-11 14:55:00+00:00,906.619995,906.710022,904.239990,904.765015,21608
2026-05-11 15:00:00+00:00,904.765015,905.000000,903.039978,904.900024,22459
2026-05-11 15:05:00+00:00,904.335022,904.864990,903.320007,904.015015,17404
2026-05-11 15:10:00+00:00,904.229980,905.000000,903.619995,904.650024,20471
2026-05-11 15:15:00+00:00,904.869995,905.369873,903.520020,904.886719,20171
2026-05-11 15:20:00+00:00,905.030029,907.000000,904.849976,906.690002,25304
2026-05-11 15:25:00+00:00,906.617493,909.000000,906.500000,907.021912,40551
2026-05-11 15:30:00+00:00,907.434998,909.359924,907.330017,908.000000,39760
2026-05-11 15:35:00+00:00,907.679993,911.520020,907.080017,910.890686,62446
2026-05-11 15:40:00+00:00,911.429993,914.719971,911.099976,913.739990,40703
2026-05-11 15:45:00+00:00,913.929993,916.159912,913.179993,916.000000,25671
2026-05-11 15:50:00+00:00,912.755005,915.969971,912.059998,913.460022,40679
2026-05-11 15:55:00+00:00,913.510010,915.000000,912.840088,914.494995,16389
2026-05-11 16:00:00+00:00,915.000000,915.390015,913.719971,914.099976,21271
2026-05-11 16:05:00+00:00,914.059998,916.778992,914.049988,916.650024,13980
2026-05-11 16:10:00+00:00,916.909973,918.130005,916.469971,917.549988,16798
2026-05-11 16:15:00+00:00,917.809998,918.260010,914.924988,915.489990,15569
2026-05-11 16:20:00+00:00,915.534973,916.030029,914.010010,916.030029,15782
2026-05-11 16:25:00+00:00,917.330017,917.335022,915.140015,915.395020,12245
2026-05-11 16:30:00+00:00,915.789978,915.789978,914.742493,915.390015,9888
2026-05-11 16:35:00+00:00,915.159973,915.929993,914.289978,915.049988,22228
2026-05-11 16:40:00+00:00,914.799988,916.739990,912.605774,914.239990,28731
2026-05-11 16:45:00+00:00,914.289978,915.164978,913.739990,914.919983,19443
2026-05-11 16:50:00+00:00,914.950012,916.379883,914.450012,915.994995,20802
2026-05-11 16:55:00+00:00,916.119995,917.989990,915.669983,917.849976,12364
2026-05-11 17:00:00+00:00,917.854980,918.934021,917.219971,918.934021,10011
2026-05-11 17:05:00+00:00,918.804993,919.500000,916.390015,917.229980,33555
2026-05-11 17:10:00+00:00,917.500000,918.000000,917.070129,918.000000,10604
2026-05-11 17:15:00+00:00,918.000000,918.769897,916.640015,917.164978,11138
2026-05-11 17:20:00+00:00,917.164978,919.445007,917.000000,919.275024,15326
2026-05-11 17:25:00+00:00,919.275024,921.760010,919.169983,921.760010,18723
2026-05-11 17:30:00+00:00,922.000000,922.770020,921.159973,921.539978,13906
2026-05-11 17:35:00+00:00,921.539978,922.169983,921.271973,921.847473,7661
2026-05-11 17:40:00+00:00,921.854980,923.349976,921.830017,923.155029,16608
2026-05-11 17:45:00+00:00,923.020020,928.429993,923.020020,927.739990,50938
2026-05-11 17:50:00+00:00,927.780029,928.169983,925.469971,926.804993,31789
2026-05-11 17:55:00+00:00,926.794983,927.359985,925.965027,927.330017,14498
2026-05-11 18:00:00+00:00,927.145020,928.190002,926.990112,927.659973,16308
2026-05-11 18:05:00+00:00,927.830017,927.830017,926.570984,927.150024,20713
2026-05-11 18:10:00+00:00,927.059998,928.400024,927.020020,928.000000,14338
2026-05-11 18:15:00+00:00,927.880005,929.000000,927.250000,928.270020,23169
2026-05-11 18:20:00+00:00,928.270020,928.270020,926.895020,927.159973,19509
2026-05-11 18:25:00+00:00,927.349976,927.700012,925.400024,925.940002,22645
2026-05-11 18:30:00+00:00,925.940002,928.000000,925.885010,928.000000,21920
2026-05-11 18:35:00+00:00,928.150024,928.205017,925.159973,927.250000,32231
2026-05-11 18:40:00+00:00,927.294983,927.599976,926.344971,927.179993,32369
2026-05-11 18:45:00+00:00,927.174988,927.354980,925.179993,926.219971,23419
2026-05-11 18:50:00+00:00,926.525024,927.109009,926.390015,926.850098,9337
2026-05-11 18:55:00+00:00,927.080017,927.305420,925.880005,926.380005,23330
2026-05-11 19:00:00+00:00,926.270020,927.070007,926.270020,926.979980,17584
2026-05-11 19:05:00+00:00,926.440125,927.469910,926.429993,926.469971,20661
2026-05-11 19:10:00+00:00,926.290100,926.969971,923.960022,924.900024,17970
2026-05-11 19:15:00+00:00,924.900024,924.960022,922.929993,923.609985,24096
2026-05-11 19:20:00+00:00,923.630005,924.580017,923.479980,924.000000,16972
2026-05-11 19:25:00+00:00,924.039978,924.384521,922.650024,923.205017,26900
2026-05-11 19:30:00+00:00,922.916504,924.869995,922.840088,923.760010,23223
2026-05-11 19:35:00+00:00,923.760010,925.580017,923.539978,925.190002,21765
2026-05-11 19:40:00+00:00,925.195007,925.609985,924.239990,924.369995,27946
2026-05-11 19:45:00+00:00,924.260010,926.400024,923.979980,926.205017,35666
2026-05-11 19:50:00+00:00,926.010010,926.125000,924.205017,925.315002,71706
2026-05-11 19:55:00+00:00,925.390015,927.500000,925.289978,926.799988,127000
2026-05-12 13:30:00+00:00,912.000000,915.092590,905.750000,910.000000,105404
2026-05-12 13:35:00+00:00,910.000000,914.929871,909.200012,912.080017,21756
2026-05-12 13:40:00+00:00,912.280029,912.619995,909.099976,909.169983,42517
2026-05-12 13:45:00+00:00,909.330017,912.049988,906.000000,906.114990,34778
2026-05-12 13:50:00+00:00,905.840027,907.460022,904.030029,905.330017,30089
2026-05-12 13:55:00+00:00,905.434998,905.609985,902.320007,903.130005,27821
2026-05-12 14:00:00+00:00,903.130005,906.960022,902.875000,906.044983,21097
2026-05-12 14:05:00+00:00,905.875000,908.679993,905.010010,908.489990,20676
2026-05-12 14:10:00+00:00,908.489990,909.208984,906.640015,906.640015,19771
2026-05-12 14:15:00+00:00,906.580017,906.580017,902.559998,903.974792,23977
2026-05-12 14:20:00+00:00,903.599976,904.140015,902.000000,902.979980,18744
2026-05-12 14:25:00+00:00,902.869995,905.390015,902.692505,903.739990,40166
2026-05-12 14:30:00+00:00,903.739990,904.260010,901.130005,902.119995,79840
2026-05-12 14:35:00+00:00,900.900024,905.500000,900.000000,904.875000,30591
2026-05-12 14:40:00+00:00,905.250000,907.210022,904.510010,904.809998,15973
2026-05-12 14:45:00+00:00,904.914978,904.979980,901.090027,901.940002,18071
2026-05-12 14:50:00+00:00,901.650024,902.049988,900.010010,901.570007,18808
2026-05-12 14:55:00+00:00,901.219971,904.400024,900.854980,903.859985,16565
2026-05-12 15:00:00+00:00,903.539978,904.054993,901.208801,902.440002,13073
2026-05-12 15:05:00+00:00,902.330017,903.135010,900.864990,903.000000,16911
2026-05-12 15:10:00+00:00,903.090027,903.119995,898.590027,899.267212,21567
2026-05-12 15:15:00+00:00,898.900024,899.520020,897.140076,898.359985,26158
2026-05-12 15:20:00+00:00,898.034973,898.760010,895.460022,895.880005,41764
2026-05-12 15:25:00+00:00,895.932495,897.919983,894.559998,895.590027,23735
2026-05-12 15:30:00+00:00,896.179993,900.760010,896.179993,900.469971,10689
2026-05-12 15:35:00+00:00,901.239929,903.199890,899.416626,901.979980,13449
2026-05-12 15:40:00+00:00,901.770996,902.289978,900.544983,901.989990,16251
2026-05-12 15:45:00+00:00,902.359985,903.070007,901.429993,901.679993,10020
2026-05-12 15:50:00+00:00,901.679993,902.049988,899.744995,899.744995,15756
2026-05-12 15:55:00+00:00,899.590027,899.590027,896.669983,896.729980,14348
2026-05-12 16:00:00+00:00,897.059998,900.969910,896.679993,899.534973,14184
2026-05-12 16:05:00+00:00,899.090027,899.440002,897.414978,897.669983,16288
2026-05-12 16:10:00+00:00,897.609985,900.330017,897.609985,899.880005,13591
2026-05-12 16:15:00+00:00,900.039978,900.419983,897.979980,898.594971,12203
2026-05-12 16:20:00+00:00,897.909973,898.489990,895.590027,895.729980,30704
2026-05-12 16:25:00+00:00,895.919983,898.280029,895.919983,897.215027,22187
2026-05-12 16:30:00+00:00,897.650024,899.000000,897.450012,899.000000,16104
2026-05-12 16:35:00+00:00,899.000000,899.000000,897.400024,897.489990,14151
2026-05-12 16:40:00+00:00,897.440002,897.950012,894.960022,895.469971,16530
2026-05-12 16:45:00+00:00,895.080017,896.289978,894.510010,895.244995,25777
2026-05-12 16:50:00+00:00,895.229980,897.000000,895.229980,896.799988,18575
2026-05-12 16:55:00+00:00,896.960022,897.960022,896.690002,897.940002,11187
2026-05-12 17:00:00+00:00,898.000000,902.489990,897.864990,901.859985,20490
2026-05-12 17:05:00+00:00,902.250000,902.764771,901.020020,901.219971,21671
2026-05-12 17:10:00+00:00,901.000000,903.424988,901.000000,902.880005,25578
2026-05-12 17:15:00+00:00,902.885071,905.950012,902.799988,905.445007,32893
2026-05-12 17:20:00+00:00,905.950012,907.634705,905.580017,906.750000,23265
2026-05-12 17:25:00+00:00,906.330017,907.210022,904.979980,905.489990,20725
2026-05-12 17:30:00+00:00,905.380005,906.880005,905.000000,905.844971,27386
2026-05-12 17:35:00+00:00,905.770020,905.770020,904.619995,904.679993,14539
2026-05-12 17:40:00+00:00,904.500000,906.085022,904.340027,905.520020,14715
2026-05-12 17:45:00+00:00,905.239990,905.679993,904.432495,905.044983,15338
2026-05-12 17:50:00+00:00,905.049988,906.140015,904.400024,905.585022,12848
2026-05-12 17:55:00+00:00,905.635010,907.424988,905.369995,907.424988,16331
2026-05-12 18:00:00+00:00,907.424988,907.429993,901.997375,906.224426,38120
2026-05-12 18:05:00+00:00,905.780029,907.082520,905.520020,907.082520,16728
2026-05-12 18:10:00+00:00,907.090027,909.000000,906.640015,908.539978,19280
2026-05-12 18:15:00+00:00,908.695007,909.200012,907.619995,907.960022,29657
2026-05-12 18:20:00+00:00,908.015015,908.950012,907.580017,907.989990,16650
2026-05-12 18:25:00+00:00,908.010010,910.000000,907.590088,908.889893,27219
2026-05-12 18:30:00+00:00,908.890015,909.890015,908.500000,909.315002,13142
2026-05-12 18:35:00+00:00,909.010010,910.530029,908.340088,909.258423,45917
2026-05-12 18:40:00+00:00,908.859985,909.538818,908.619995,909.205017,7078
2026-05-12 18:45:00+00:00,909.200012,909.200012,907.169983,908.148926,20070
2026-05-12 18:50:00+00:00,908.315918,909.270020,907.869995,908.099976,8698
2026-05-12 18:55:00+00:00,908.849976,909.840027,907.929993,908.510010,17542
2026-05-12 19:00:00+00:00,908.229980,909.326172,905.801514,908.469971,25411
2026-05-12 19:05:00+00:00,908.469971,910.724121,907.832520,910.549988,22683
2026-05-12 19:10:00+00:00,910.549988,912.000000,910.159973,911.215027,20543
2026-05-12 19:15:00+00:00,911.155029,912.330017,910.859985,912.000000,30431
2026-05-12 19:20:00+00:00,912.015015,912.015015,910.049988,911.289978,14938
2026-05-12 19:25:00+00:00,910.549988,911.054993,910.320007,911.049988,16220
2026-05-12 19:30:00+00:00,911.054993,913.450012,910.920105,913.309998,16480
2026-05-12 19:35:00+00:00,913.299988,913.627014,912.810120,913.215027,16614
2026-05-12 19:40:00+00:00,913.215027,914.679993,913.090027,914.280029,27090
2026-05-12 19:45:00+00:00,914.190002,914.674988,912.969971,913.590027,45393
2026-05-12 19:50:00+00:00,913.710022,914.549988,912.039978,913.549988,38767
2026-05-12 19:55:00+00:00,913.554993,914.080017,911.280029,912.609985,116767
2026-05-13 13:30:00+00:00,912.500000,922.989990,910.760010,912.000000,75095
2026-05-13 13:35:00+00:00,912.000000,912.270020,904.550110,906.219971,34042
2026-05-13 13:40:00+00:00,905.510010,907.700012,901.200012,902.400024,29647
2026-05-13 13:45:00+00:00,902.405029,905.489990,901.750000,905.070007,26226
2026-05-13 13:50:00+00:00,905.070007,905.070007,901.020020,902.159973,16046
2026-05-13 13:55:00+00:00,902.989990,905.270020,901.390015,903.979980,13084
2026-05-13 14:00:00+00:00,904.289978,905.679871,902.489990,903.664978,31587
2026-05-13 14:05:00+00:00,904.000000,904.000000,898.369995,898.840027,27434
2026-05-13 14:10:00+00:00,898.594971,900.072021,898.200012,898.890015,18227
2026-05-13 14:15:00+00:00,898.883606,900.067505,897.380005,898.390015,33351
2026-05-13 14:20:00+00:00,898.385010,901.999878,898.080017,900.984985,34081
2026-05-13 14:25:00+00:00,901.000000,905.000000,901.000000,904.000000,21474
2026-05-13 14:30:00+00:00,904.479980,907.369995,904.479980,905.835022,20191
2026-05-13 14:35:00+00:00,905.835022,906.450012,903.000000,903.369995,19169
2026-05-13 14:40:00+00:00,903.000000,904.179993,902.010010,902.770020,9922
2026-05-13 14:45:00+00:00,903.190002,903.190002,901.109985,901.409973,15192
2026-05-13 14:50:00+00:00,901.099976,902.750000,900.299988,902.544983,10853
2026-05-13 14:55:00+00:00,902.500000,903.969910,901.770020,902.400024,13225
2026-05-13 15:00:00+00:00,902.280029,902.885010,900.520020,900.520020,11005
2026-05-13 15:05:00+00:00,900.390015,902.079895,899.390076,901.097107,20065
2026-05-13 15:10:00+00:00,901.559998,902.419983,900.905029,901.309998,14234
2026-05-13 15:15:00+00:00,901.580017,902.909973,901.565002,902.604980,20640
2026-05-13 15:20:00+00:00,902.609985,903.150024,901.965027,903.150024,10397
2026-05-13 15:25:00+00:00,903.174988,903.289978,901.570129,902.500000,13515
2026-05-13 15:30:00+00:00,901.830017,903.989990,901.830017,903.659973,9330
2026-05-13 15:35:00+00:00,903.630005,904.010010,902.950989,903.919983,10990
2026-05-13 15:40:00+00:00,903.919983,904.340027,901.650024,901.650024,13383
2026-05-13 15:45:00+00:00,901.460022,902.400024,900.789978,901.070007,9448
2026-05-13 15:50:00+00:00,901.000000,901.679993,900.219971,901.419983,12292
2026-05-13 15:55:00+00:00,901.419983,903.190002,901.080017,903.125000,12005
2026-05-13 16:00:00+00:00,903.125000,903.635010,902.530029,903.015076,18263
2026-05-13 16:05:00+00:00,902.875000,903.145020,902.390015,902.390015,11775
2026-05-13 16:10:00+00:00,902.429993,903.820007,902.000000,903.090027,26180
2026-05-13 16:15:00+00:00,903.195007,904.505005,903.169983,904.000000,15417
2026-05-13 16:20:00+00:00,904.000000,905.469971,903.635010,905.390015,19361
2026-05-13 16:25:00+00:00,905.354980,906.340027,904.719971,906.340027,9298
2026-05-13 16:30:00+00:00,906.224976,906.544373,903.744995,903.760010,10826
2026-05-13 16:35:00+00:00,903.780029,904.679993,903.400024,904.594971,8972
2026-05-13 16:40:00+00:00,904.719971,905.844971,904.359985,904.934998,8099
2026-05-13 16:45:00+00:00,904.760010,904.965027,903.000000,903.309998,9922
2026-05-13 16:50:00+00:00,903.200012,904.619873,903.109985,904.080017,10425
2026-05-13 16:55:00+00:00,904.059998,904.200012,902.660095,902.900024,8469
2026-05-13 17:00:00+00:00,903.320007,904.000000,902.900024,903.875000,6595
2026-05-13 17:05:00+00:00,903.869995,905.919983,903.869995,905.650024,13810
2026-05-13 17:10:00+00:00,905.599976,905.979919,904.450012,904.450012,9884
2026-05-13 17:15:00+00:00,904.440002,906.294983,903.280090,904.895020,24272
2026-05-13 17:20:00+00:00,904.789978,906.289978,904.330017,906.260010,12425
2026-05-13 17:25:00+00:00,906.260010,907.049988,905.640015,907.034973,13920
2026-05-13 17:30:00+00:00,906.750000,907.359985,903.880005,903.880005,11469
2026-05-13 17:35:00+00:00,903.840027,905.114990,903.549988,905.034973,8679
2026-05-13 17:40:00+00:00,905.039978,905.380005,904.500000,904.804993,6241
2026-05-13 17:45:00+00:00,904.905029,905.615112,904.679993,905.114990,9926
2026-05-13 17:50:00+00:00,904.970093,905.669983,904.760010,905.229980,12992
2026-05-13 17:55:00+00:00,905.669983,905.875000,905.000000,905.065002,7408
2026-05-13 18:00:00+00:00,905.114990,905.489990,904.750000,905.359985,10084
2026-05-13 18:05:00+00:00,905.364990,905.409973,904.200012,904.969971,21983
2026-05-13 18:10:00+00:00,905.090027,906.614990,904.940002,906.299988,15313
2026-05-13 18:15:00+00:00,906.520020,907.114990,905.890015,906.090027,16336
2026-05-13 18:20:00+00:00,905.875000,906.400024,905.360107,906.130005,8782
2026-05-13 18:25:00+00:00,906.104980,906.559998,905.280029,905.340027,12128
2026-05-13 18:30:00+00:00,905.130005,905.210022,904.289978,904.325012,10425
2026-05-13 18:35:00+00:00,904.325012,904.325012,902.750000,902.909973,13943
2026-05-13 18:40:00+00:00,902.789978,902.965027,902.520020,902.864990,8312
2026-05-13 18:45:00+00:00,902.700012,903.594971,902.400024,903.594971,12652
2026-05-13 18:50:00+00:00,903.599976,904.619995,903.359985,904.539978,9671
2026-05-13 18:55:00+00:00,904.544983,904.544983,903.160095,903.719971,8313
2026-05-13 19:00:00+00:00,903.724976,904.385010,903.630005,904.010010,13003
2026-05-13 19:05:00+00:00,904.010010,904.575012,903.010010,903.492493,16464
2026-05-13 19:10:00+00:00,903.484985,905.119995,903.427490,905.059998,10319
2026-05-13 19:15:00+00:00,905.059998,905.989929,904.380005,905.405029,24424
2026-05-13 19:20:00+00:00,905.625000,907.409973,905.390015,907.104980,20129
2026-05-13 19:25:00+00:00,907.200012,907.200012,906.200012,906.330017,15332
2026-05-13 19:30:00+00:00,906.330017,906.559998,904.640015,905.200012,19799
2026-05-13 19:35:00+00:00,904.989990,904.989990,903.799988,904.780029,21603
2026-05-13 19:40:00+00:00,904.784973,905.049927,903.905029,904.534973,41416
2026-05-13 19:45:00+00:00,904.530029,904.864990,903.969971,904.419983,22491
2026-05-13 19:50:00+00:00,904.200012,904.929993,902.570007,902.729980,51825
2026-05-13 19:55:00+00:00,902.825012,902.825012,900.869995,902.229980,181626
2026-05-14 13:30:00+00:00,910.000000,913.260010,902.500122,906.125000,107084
2026-05-14 13:35:00+00:00,906.125000,915.549988,905.090027,914.065002,32542
2026-05-14 13:40:00+00:00,914.411255,918.379272,911.488770,912.875000,33011
2026-05-14 13:45:00+00:00,912.914978,915.969482,910.900024,915.969482,26703
2026-05-14 13:50:00+00:00,915.250000,915.293579,909.210022,912.979980,17033
2026-05-14 13:55:00+00:00,912.351929,914.289978,910.650085,912.549988,15508
2026-05-14 14:00:00+00:00,912.549988,913.750000,910.630005,911.900024,13348
2026-05-14 14:05:00+00:00,912.330017,912.479980,906.010010,906.505005,14672
2026-05-14 14:10:00+00:00,906.635010,910.629883,906.505005,909.960022,18120
2026-05-14 14:15:00+00:00,909.969971,912.169922,907.909973,907.909973,19183
2026-05-14 14:20:00+00:00,908.239990,910.044983,904.969971,904.969971,16025
2026-05-14 14:25:00+00:00,904.521973,906.239990,903.780029,905.869995,18691
2026-05-14 14:30:00+00:00,906.249023,906.250000,904.160095,905.789978,16049
2026-05-14 14:35:00+00:00,905.780029,908.955017,905.424988,908.955017,28044
2026-05-14 14:40:00+00:00,909.434998,909.434998,906.969971,907.834106,18610
2026-05-14 14:45:00+00:00,908.510010,908.659973,905.340027,905.969971,17490
2026-05-14 14:50:00+00:00,905.979980,909.000000,905.950012,908.409973,11620
2026-05-14 14:55:00+00:00,908.020020,910.929993,908.020020,909.799988,16337
2026-05-14 15:00:00+00:00,909.864990,912.849976,909.864990,911.830017,18169
2026-05-14 15:05:00+00:00,911.640015,912.580017,910.289978,911.340027,9968
2026-05-14 15:10:00+00:00,910.849976,913.070007,910.849976,913.070007,11882
2026-05-14 15:15:00+00:00,913.070007,914.979980,912.479980,914.664978,10827
2026-05-14 15:20:00+00:00,914.664978,914.829895,913.708984,913.960022,18221
2026-05-14 15:25:00+00:00,913.780029,914.750000,913.500000,913.789978,14962
2026-05-14 15:30:00+00:00,913.494995,914.369995,913.000000,913.599976,8116
2026-05-14 15:35:00+00:00,913.429993,913.905884,913.010010,913.840027,6661
2026-05-14 15:40:00+00:00,913.784973,915.000000,913.465027,913.465027,12393
2026-05-14 15:45:00+00:00,913.465027,914.640015,913.239990,914.640015,5099
2026-05-14 15:50:00+00:00,914.640015,915.809998,914.130005,915.750000,13443
2026-05-14 15:55:00+00:00,915.642517,916.500000,915.200012,916.380005,11619
2026-05-14 16:00:00+00:00,916.619995,916.929993,915.559021,916.489990,9567
2026-05-14 16:05:00+00:00,916.707520,917.619995,915.879089,916.456604,10624
2026-05-14 16:10:00+00:00,916.200012,917.869995,916.200012,917.270020,13901
2026-05-14 16:15:00+00:00,917.500000,918.859985,916.989990,918.588379,17063
2026-05-14 16:20:00+00:00,918.505005,918.505005,916.080078,916.650024,12409
2026-05-14 16:25:00+00:00,916.789978,916.909973,913.994995,914.909973,13442
2026-05-14 16:30:00+00:00,914.960022,916.650024,914.357483,915.487488,13252
2026-05-14 16:35:00+00:00,915.219971,915.570007,914.349976,914.690002,8884
2026-05-14 16:40:00+00:00,914.679993,915.390015,912.549988,913.159973,12014
2026-05-14 16:45:00+00:00,912.864990,914.340027,912.159973,914.340027,7529
2026-05-14 16:50:00+00:00,914.349976,914.965027,913.909973,914.215027,8251
2026-05-14 16:55:00+00:00,913.869995,915.104980,913.309998,914.690002,9162
2026-05-14 17:00:00+00:00,915.000000,915.804993,915.000000,915.500000,4597
2026-05-14 17:05:00+00:00,915.330017,915.534973,913.090027,913.090027,8063
2026-05-14 17:10:00+00:00,913.080017,913.460022,910.549988,910.960022,9084
2026-05-14 17:15:00+00:00,911.000000,911.280029,909.890015,910.469971,8568
2026-05-14 17:20:00+00:00,910.320007,911.690002,910.130005,910.885010,10043
2026-05-14 17:25:00+00:00,910.890015,911.109985,909.890015,910.429993,11327
2026-05-14 17:30:00+00:00,910.520020,912.387024,910.520020,911.580017,10729
2026-05-14 17:35:00+00:00,911.917114,913.169983,911.599976,912.479980,6029
2026-05-14 17:40:00+00:00,912.693481,913.380005,912.320007,913.369995,8718
2026-05-14 17:45:00+00:00,913.740173,914.580017,913.380005,913.919983,10949
2026-05-14 17:50:00+00:00,913.919983,913.969971,913.190002,913.400024,6140
2026-05-14 17:55:00+00:00,913.440002,913.989990,913.109985,913.789978,5411
2026-05-14 18:00:00+00:00,913.599976,913.650024,911.900024,912.455017,9792
2026-05-14 18:05:00+00:00,912.090027,914.580017,912.090027,913.880005,6595
2026-05-14 18:10:00+00:00,914.299988,915.380005,914.210022,914.890015,9159
2026-05-14 18:15:00+00:00,915.159973,915.520020,914.369995,915.010010,15974
2026-05-14 18:20:00+00:00,915.229980,915.325012,912.590027,912.590027,6030
2026-05-14 18:25:00+00:00,912.539978,913.215576,911.929993,912.479980,8132
2026-05-14 18:30:00+00:00,912.440002,914.329895,912.440002,913.645020,14837
2026-05-14 18:35:00+00:00,913.960022,913.960022,912.755127,913.450012,7016
2026-05-14 18:40:00+00:00,913.599976,914.140076,912.890015,914.123596,13214
2026-05-14 18:45:00+00:00,914.135010,915.030029,913.770020,914.835022,6648
2026-05-14 18:50:00+00:00,914.919983,914.989990,913.369995,913.369995,9065
2026-05-14 18:55:00+00:00,913.369995,914.380005,913.200012,914.380005,8306
2026-05-14 19:00:00+00:00,913.919983,914.419983,912.890015,913.090027,7277
2026-05-14 19:05:00+00:00,913.119995,913.640015,912.721985,913.335022,6065
2026-05-14 19:10:00+00:00,913.200012,914.130005,913.130005,913.530029,8467
2026-05-14 19:15:00+00:00,913.340027,914.299988,913.340027,913.669983,10814
2026-05-14 19:20:00+00:00,913.687500,914.609985,913.250000,914.359985,8790
2026-05-14 19:25:00+00:00,914.260010,914.849976,913.710022,913.710022,12130
2026-05-14 19:30:00+00:00,913.859985,914.309875,913.244995,913.244995,13173
2026-05-14 19:35:00+00:00,913.109985,913.840027,912.830078,913.479980,17737
2026-05-14 19:40:00+00:00,913.580017,914.409973,912.500000,913.750000,28965
2026-05-14 19:45:00+00:00,913.520020,915.469971,913.050110,915.135010,49045
2026-05-14 19:50:00+00:00,915.359985,917.289978,914.409973,916.650024,45662
2026-05-14 19:55:00+00:00,916.650024,920.349976,916.210022,920.059998,177707
2026-05-15 13:30:00+00:00,898.750000,899.729980,885.500000,889.320007,270816
2026-05-15 13:35:00+00:00,888.539978,892.571106,883.585022,884.760010,70665
2026-05-15 13:40:00+00:00,884.750000,889.859924,883.159973,888.630005,47663
2026-05-15 13:45:00+00:00,888.630005,891.029602,885.320007,890.414978,65271
2026-05-15 13:50:00+00:00,890.414978,893.789917,887.510010,892.289978,32519
2026-05-15 13:55:00+00:00,892.260010,893.599976,886.039978,887.000000,28073
2026-05-15 14:00:00+00:00,887.299988,888.650024,884.919983,885.385010,60607
2026-05-15 14:05:00+00:00,885.385010,886.440002,884.229980,886.244995,89964
2026-05-15 14:10:00+00:00,886.244995,891.588989,886.244995,890.619995,45658
2026-05-15 14:15:00+00:00,890.789978,892.500000,889.619995,891.859985,41011
2026-05-15 14:20:00+00:00,891.859985,892.059998,889.500000,889.705017,31858
2026-05-15 14:25:00+00:00,889.820007,889.840027,883.969971,883.969971,36010
2026-05-15 14:30:00+00:00,884.250000,888.059998,884.244995,888.015015,33166
2026-05-15 14:35:00+00:00,887.719971,888.117981,883.250000,884.539978,35122
2026-05-15 14:40:00+00:00,884.460022,884.500000,882.409973,884.479980,23509
2026-05-15 14:45:00+00:00,884.919983,884.919983,881.640015,881.974976,18297
2026-05-15 14:50:00+00:00,881.640015,881.989990,880.299988,881.270081,30953
2026-05-15 14:55:00+00:00,881.609985,883.969971,880.460022,880.580017,21964
2026-05-15 15:00:00+00:00,880.609985,882.900024,880.200012,881.224976,33035
2026-05-15 15:05:00+00:00,880.859985,883.315002,880.450012,883.250000,19329
2026-05-15 15:10:00+00:00,882.690002,885.359985,882.070007,885.030029,31164
2026-05-15 15:15:00+00:00,884.695007,885.471191,883.750000,883.750000,23209
2026-05-15 15:20:00+00:00,883.625000,886.344971,883.614990,885.169983,23859
2026-05-15 15:25:00+00:00,885.507996,887.080017,884.000000,887.080017,21121
2026-05-15 15:30:00+00:00,887.280029,889.460022,887.280029,888.020020,20435
2026-05-15 15:35:00+00:00,887.900024,888.005005,886.531311,886.994995,25536
2026-05-15 15:40:00+00:00,886.684998,886.684998,884.250000,884.469971,14131
2026-05-15 15:45:00+00:00,885.719971,885.739990,883.680115,884.820007,12710
2026-05-15 15:50:00+00:00,884.969971,885.130005,883.280029,884.819885,11218
2026-05-15 15:55:00+00:00,884.445007,885.309998,882.599976,885.232788,10353
2026-05-15 16:00:00+00:00,884.280029,885.044983,883.229980,884.280029,10569
2026-05-15 16:05:00+00:00,884.244995,885.054993,883.739990,883.799988,87173
2026-05-15 16:10:00+00:00,883.844971,884.299988,882.390015,884.289978,16743
2026-05-15 16:15:00+00:00,884.500000,884.500000,883.289978,883.869995,11292
2026-05-15 16:20:00+00:00,884.123474,885.000000,883.409973,884.924988,0
2026-05-15 16:25:00+00:00,884.924988,885.309998,884.000000,884.885010,1380650
2026-05-15 16:30:00+00:00,884.885010,886.440002,884.885010,885.530029,11682
2026-05-15 16:35:00+00:00,885.525024,887.542908,885.150024,887.284973,15379
2026-05-15 16:40:00+00:00,887.500000,890.000000,887.200012,889.599976,13402
2026-05-15 16:45:00+00:00,889.650024,889.650024,888.309998,888.510010,12652
2026-05-15 16:50:00+00:00,888.210327,888.390015,886.000000,886.294983,14269
2026-05-15 16:55:00+00:00,886.599976,887.830017,886.284973,886.820007,13165
2026-05-15 17:00:00+00:00,886.650024,887.219910,885.890015,886.159973,11084
2026-05-15 17:05:00+00:00,886.159973,887.260010,886.119995,887.250000,8285
2026-05-15 17:10:00+00:00,887.445007,887.719971,886.739990,887.419983,8951
2026-05-15 17:15:00+00:00,887.140015,887.172424,886.184998,886.335022,9061
2026-05-15 17:20:00+00:00,886.109009,887.169983,884.549988,884.744995,29187
2026-05-15 17:25:00+00:00,884.750000,886.479980,884.494995,884.669983,27413
2026-05-15 17:30:00+00:00,884.854980,884.989990,882.469971,882.719971,17930
2026-05-15 17:35:00+00:00,882.719971,884.630005,882.609985,884.630005,42338
2026-05-15 17:40:00+00:00,884.784973,884.784973,883.719971,884.070007,10296
2026-05-15 17:45:00+00:00,883.659973,884.080017,881.250000,881.830017,19920
2026-05-15 17:50:00+00:00,882.099976,883.119995,881.679993,882.979980,13433
2026-05-15 17:55:00+00:00,882.979980,884.929993,882.554993,884.929993,14105
2026-05-15 18:00:00+00:00,885.000000,885.000000,883.960022,884.840027,11079
2026-05-15 18:05:00+00:00,884.719971,885.090027,883.650024,884.210022,17983
2026-05-15 18:10:00+00:00,883.969971,884.284973,882.909973,884.284973,9523
2026-05-15 18:15:00+00:00,884.150024,884.414307,882.244995,882.244995,10640
2026-05-15 18:20:00+00:00,882.244995,884.799988,882.244995,884.080017,20543
2026-05-15 18:25:00+00:00,884.069885,884.219971,882.679993,882.842529,16282
2026-05-15 18:30:00+00:00,882.804993,882.844971,881.340027,882.489990,16620
2026-05-15 18:35:00+00:00,882.530029,883.395020,881.849976,882.729980,14497
2026-05-15 18:40:00+00:00,882.729980,883.315002,882.414978,883.315002,8354
2026-05-15 18:45:00+00:00,883.260010,884.570007,882.414978,884.275024,27775
2026-05-15 18:50:00+00:00,884.549988,886.200012,884.190002,886.169983,12994
2026-05-15 18:55:00+00:00,885.840088,886.565002,885.659973,886.340027,19028
2026-05-15 19:00:00+00:00,886.200012,886.500000,884.010010,884.325012,16220
2026-05-15 19:05:00+00:00,884.327515,884.570007,883.140015,883.900024,12654
2026-05-15 19:10:00+00:00,883.739990,885.960022,883.650024,885.909973,15366
2026-05-15 19:15:00+00:00,886.020020,886.830017,885.739990,886.750000,17163
2026-05-15 19:20:00+00:00,886.880005,887.650024,886.484985,886.484985,25289
2026-05-15 19:25:00+00:00,886.434998,886.559998,885.370117,885.934998,18464
2026-05-15 19:30:00+00:00,886.092529,886.539978,885.390015,885.869995,39636
2026-05-15 19:35:00+00:00,885.570007,886.289978,885.000000,886.010010,32613
2026-05-15 19:40:00+00:00,886.147522,886.460022,885.320007,885.320129,40978
2026-05-15 19:45:00+00:00,885.465027,887.849976,885.465027,887.710022,49071
2026-05-15 19:50:00+00:00,887.520020,888.140015,886.609985,887.130005,71787
2026-05-15 19:55:00+00:00,887.200012,889.200012,886.760010,888.080017,172795
2026-05-18 13:30:00+00:00,893.320007,893.320007,886.510010,886.900024,101862
2026-05-18 13:35:00+00:00,887.109985,890.880005,878.270020,878.690002,48877
2026-05-18 13:40:00+00:00,878.760010,880.150024,871.140015,871.544983,84367
2026-05-18 13:45:00+00:00,871.434998,877.210022,868.640015,871.955017,66596
2026-05-18 13:50:00+00:00,871.789978,878.000000,871.599976,877.150024,42431
2026-05-18 13:55:00+00:00,877.054993,877.054993,865.000000,866.440002,58916
2026-05-18 14:00:00+00:00,865.945007,868.969910,863.032715,865.945007,45688
2026-05-18 14:05:00+00:00,865.945007,869.000000,863.650024,867.900024,49958
2026-05-18 14:10:00+00:00,867.440002,868.700012,863.250000,864.200012,39354
2026-05-18 14:15:00+00:00,864.530029,866.825012,863.000000,864.010010,25121
2026-05-18 14:20:00+00:00,863.960022,865.817993,862.030029,864.724976,22464
2026-05-18 14:25:00+00:00,864.525024,866.669983,864.109985,864.614990,28095
2026-05-18 14:30:00+00:00,864.989990,866.609985,861.679993,862.065002,35236
2026-05-18 14:35:00+00:00,862.065002,867.575195,860.510010,865.900024,31918
2026-05-18 14:40:00+00:00,865.900024,867.500000,865.010010,866.319885,20176
2026-05-18 14:45:00+00:00,863.289978,866.039978,863.289978,864.780029,0
2026-05-18 14:50:00+00:00,864.895020,868.229980,864.224976,866.364990,760001
2026-05-18 14:55:00+00:00,865.929993,868.000000,865.359985,866.140015,16851
2026-05-18 15:00:00+00:00,866.609985,868.164185,863.609985,865.059998,20334
2026-05-18 15:05:00+00:00,864.559998,865.010010,862.500000,862.500000,12331
2026-05-18 15:10:00+00:00,862.000000,864.260010,861.805298,862.450012,17992
2026-05-18 15:15:00+00:00,862.500000,863.469971,861.099976,861.099976,20146
2026-05-18 15:20:00+00:00,861.500000,862.280029,860.109985,861.739990,23608
2026-05-18 15:25:00+00:00,861.965027,863.592285,859.330017,860.260071,23883
2026-05-18 15:30:00+00:00,860.049988,861.559998,859.119995,860.895020,22734
2026-05-18 15:35:00+00:00,861.119995,865.400024,861.030029,864.260010,29599
2026-05-18 15:40:00+00:00,864.479980,865.409973,863.429993,865.020020,11156
2026-05-18 15:45:00+00:00,865.270081,866.000000,864.390015,864.409973,14160
2026-05-18 15:50:00+00:00,864.770020,865.409973,864.150024,865.409973,12479
2026-05-18 15:55:00+00:00,865.049988,866.104980,863.380005,863.744995,17580
2026-05-18 16:00:00+00:00,863.750000,864.090027,862.640015,862.713013,8314
2026-05-18 16:05:00+00:00,863.015015,864.269897,862.674988,863.830017,13625
2026-05-18 16:10:00+00:00,863.419983,865.369995,863.419983,865.369995,11487
2026-05-18 16:15:00+00:00,865.520020,866.070007,864.840027,865.960022,15723
2026-05-18 16:20:00+00:00,867.710022,867.979980,865.369995,866.125000,17212
2026-05-18 16:25:00+00:00,865.369995,865.770020,861.920105,862.500000,15779
2026-05-18 16:30:00+00:00,862.525024,864.614990,861.500000,863.680115,10488
2026-05-18 16:35:00+00:00,864.309998,864.880005,863.710022,864.574280,12986
2026-05-18 16:40:00+00:00,863.580017,864.500000,863.520020,863.710022,6316
2026-05-18 16:45:00+00:00,864.260010,865.000000,863.890015,864.190002,12028
2026-05-18 16:50:00+00:00,864.830017,866.099976,864.119995,865.650024,16689
2026-05-18 16:55:00+00:00,865.760010,866.929871,864.570007,864.789978,15072
2026-05-18 17:00:00+00:00,864.590027,864.989990,863.700012,864.494995,14858
2026-05-18 17:05:00+00:00,864.099976,864.931030,863.150024,863.960022,23712
2026-05-18 17:10:00+00:00,863.960022,865.000000,863.650024,863.979980,29313
2026-05-18 17:15:00+00:00,863.750000,864.140015,863.000000,863.000000,27707
2026-05-18 17:20:00+00:00,863.000000,863.005005,861.724976,862.150024,18780
2026-05-18 17:25:00+00:00,862.380005,862.909973,862.119995,862.520020,7615
2026-05-18 17:30:00+00:00,862.400024,863.099976,861.070007,861.604980,9112
2026-05-18 17:35:00+00:00,861.604980,861.604980,859.760010,859.809998,13326
2026-05-18 17:40:00+00:00,860.179993,860.630005,859.344971,859.820007,8575
2026-05-18 17:45:00+00:00,859.789978,860.409973,858.000000,858.830017,21998
2026-05-18 17:50:00+00:00,858.739990,860.169983,858.630005,859.164978,9709
2026-05-18 17:55:00+00:00,859.380005,860.309998,859.200012,859.734985,11899
2026-05-18 18:00:00+00:00,859.739990,859.765015,857.539978,858.164978,43295
2026-05-18 18:05:00+00:00,857.530029,858.159973,857.000000,857.539917,13672
2026-05-18 18:10:00+00:00,857.369995,857.780029,856.419983,856.729980,18125
2026-05-18 18:15:00+00:00,856.597473,856.625000,855.119995,855.369995,21299
2026-05-18 18:20:00+00:00,855.080017,855.169983,853.570007,854.114990,26658
2026-05-18 18:25:00+00:00,853.700012,854.330017,852.039978,853.700012,26600
2026-05-18 18:30:00+00:00,853.890015,854.519897,852.320007,852.320007,17556
2026-05-18 18:35:00+00:00,852.359985,853.259888,850.825012,851.590027,47002
2026-05-18 18:40:00+00:00,851.411621,853.910278,851.020020,853.039978,28146
2026-05-18 18:45:00+00:00,853.440002,853.500000,852.119995,852.340027,15339
2026-05-18 18:50:00+00:00,852.640015,853.929993,851.809998,853.380005,24947
2026-05-18 18:55:00+00:00,853.250000,854.250000,853.065002,853.979980,34169
2026-05-18 19:00:00+00:00,853.830017,863.039978,853.369995,857.690002,53926
2026-05-18 19:05:00+00:00,858.340027,859.130005,855.869995,857.844971,25877
2026-05-18 19:10:00+00:00,857.844971,861.479980,857.729980,859.359985,34510
2026-05-18 19:15:00+00:00,859.429993,861.000000,858.770020,859.469971,25581
2026-05-18 19:20:00+00:00,859.650024,860.330017,858.440002,858.580017,27381
2026-05-18 19:25:00+00:00,858.679993,859.270020,857.984985,859.059998,17811
2026-05-18 19:30:00+00:00,858.859985,860.461121,858.340027,859.830017,29601
2026-05-18 19:35:00+00:00,859.835022,861.190002,859.159973,860.450012,41219
2026-05-18 19:40:00+00:00,860.734985,864.119995,860.630005,863.815002,53974
2026-05-18 19:45:00+00:00,863.640015,864.539978,863.010010,864.392517,43161
2026-05-18 19:50:00+00:00,864.539978,864.850891,863.599976,864.390015,57264
2026-05-18 19:55:00+00:00,864.510010,864.510010,862.109985,863.809998,192540
2026-05-19 13:30:00+00:00,853.145020,854.097473,850.119995,853.210022,153713
2026-05-19 13:35:00+00:00,853.354980,861.280029,851.570007,855.645020,79116
2026-05-19 13:40:00+00:00,855.627869,857.770020,854.999695,855.010071,140916
2026-05-19 13:45:00+00:00,855.640015,859.429993,854.710022,854.989990,197089
2026-05-19 13:50:00+00:00,854.775024,857.570007,852.220093,855.770081,68670
2026-05-19 13:55:00+00:00,855.880005,858.000000,852.000000,852.729980,53561
2026-05-19 14:00:00+00:00,852.729980,854.140015,849.109985,853.625000,86276
2026-05-19 14:05:00+00:00,853.895020,853.895020,851.200012,852.270020,36389
2026-05-19 14:10:00+00:00,852.359985,856.159973,851.869995,852.880005,42321
2026-05-19 14:15:00+00:00,852.869995,853.400024,849.450012,852.854980,102530
2026-05-19 14:20:00+00:00,853.104980,854.000000,849.210022,851.979980,41120
2026-05-19 14:25:00+00:00,852.609924,856.674988,851.430115,854.500000,42551
2026-05-19 14:30:00+00:00,855.179993,858.179993,852.640015,853.255005,62221
2026-05-19 14:35:00+00:00,853.255005,857.799988,851.349976,856.344971,30693
2026-05-19 14:40:00+00:00,856.751404,856.751404,851.190002,851.950012,34559
2026-05-19 14:45:00+00:00,851.950012,852.500000,845.551025,846.885010,51866
2026-05-19 14:50:00+00:00,846.500000,852.390015,846.500000,851.195007,29243
2026-05-19 14:55:00+00:00,850.770020,850.770020,847.700012,850.184998,20023
2026-05-19 15:00:00+00:00,850.140015,854.260010,849.650024,852.010010,59497
2026-05-19 15:05:00+00:00,851.219971,852.219971,848.096985,851.830017,31621
2026-05-19 15:10:00+00:00,852.429993,854.679993,851.169983,854.570007,13317
2026-05-19 15:15:00+00:00,854.710022,857.909973,854.059998,856.044983,37459
2026-05-19 15:20:00+00:00,855.979980,856.224976,852.684998,852.684998,12823
2026-05-19 15:25:00+00:00,852.729980,854.700012,852.530029,854.000000,17661
2026-05-19 15:30:00+00:00,854.119995,855.799988,853.689880,854.830017,24397
2026-05-19 15:35:00+00:00,854.520020,856.429993,853.450012,856.080017,25386
2026-05-19 15:40:00+00:00,855.590027,856.200012,854.580017,855.614990,13727
2026-05-19 15:45:00+00:00,855.919983,857.510010,855.219971,856.965027,30447
2026-05-19 15:50:00+00:00,856.965027,857.140015,854.510010,855.484985,20363
2026-05-19 15:55:00+00:00,855.320007,855.619995,854.390015,855.530029,9984
2026-05-19 16:00:00+00:00,855.630005,856.645020,855.169983,855.520020,15937
2026-05-19 16:05:00+00:00,855.320007,856.419983,854.000000,855.429993,16891
2026-05-19 16:10:00+00:00,855.950012,856.000000,854.909973,855.479980,11206
2026-05-19 16:15:00+00:00,855.799988,856.940002,855.150024,855.900024,9244
2026-05-19 16:20:00+00:00,855.739990,857.174988,855.739990,857.169983,10175
2026-05-19 16:25:00+00:00,856.700012,860.559998,856.700012,860.479980,19713
2026-05-19 16:30:00+00:00,860.510010,861.510010,859.270081,859.804993,26122
2026-05-19 16:35:00+00:00,859.820007,860.729980,858.989990,860.409973,16202
2026-05-19 16:40:00+00:00,860.380005,861.309998,860.109985,861.075012,11783
2026-05-19 16:45:00+00:00,861.080017,861.460022,860.239990,860.960022,7117
2026-05-19 16:50:00+00:00,860.500000,862.369995,860.059998,861.599976,22338
2026-05-19 16:55:00+00:00,861.885010,865.440002,861.875000,864.650024,30272
2026-05-19 17:00:00+00:00,864.700012,865.994995,864.340027,864.969971,16939
2026-05-19 17:05:00+00:00,865.325012,865.679993,863.799988,864.275024,14217
2026-05-19 17:10:00+00:00,864.609985,865.780029,864.479980,865.729980,13250
2026-05-19 17:15:00+00:00,865.794983,869.859985,865.770020,869.609985,21471
2026-05-19 17:20:00+00:00,869.565002,869.565002,867.060120,867.530029,25938
2026-05-19 17:25:00+00:00,867.059998,867.260010,865.690002,865.710022,11938
2026-05-19 17:30:00+00:00,866.020020,866.390015,864.374023,864.669983,13889
2026-05-19 17:35:00+00:00,864.659973,864.659973,863.210022,863.895020,21964
2026-05-19 17:40:00+00:00,863.710022,864.190002,862.719971,863.135010,17019
2026-05-19 17:45:00+00:00,863.195007,863.869873,862.320007,863.869873,23464
2026-05-19 17:50:00+00:00,863.689880,865.000000,862.740112,864.510010,14635
2026-05-19 17:55:00+00:00,864.549988,865.960022,863.890015,865.700012,9970
2026-05-19 18:00:00+00:00,865.489990,866.349976,865.000000,865.674988,42417
2026-05-19 18:05:00+00:00,865.419983,866.929993,865.205017,865.929993,15567
2026-05-19 18:10:00+00:00,865.760010,868.260010,865.760010,867.250000,27409
2026-05-19 18:15:00+00:00,867.210022,868.176514,866.005676,867.080017,31152
2026-05-19 18:20:00+00:00,867.010010,867.080017,861.429993,863.469971,33572
2026-05-19 18:25:00+00:00,863.440002,865.479980,863.100098,863.390015,11487
2026-05-19 18:30:00+00:00,863.409973,864.190002,862.419983,863.184998,15493
2026-05-19 18:35:00+00:00,863.130127,863.669983,862.679993,862.820007,8099
2026-05-19 18:40:00+00:00,863.114990,865.539978,862.650024,865.229980,15176
2026-05-19 18:45:00+00:00,865.229980,865.229980,863.369995,864.169983,13740
2026-05-19 18:50:00+00:00,864.140015,864.650024,862.755005,862.755005,13027
2026-05-19 18:55:00+00:00,862.539978,862.669983,860.469971,861.890015,18585
2026-05-19 19:00:00+00:00,862.190002,863.239990,861.900024,863.109985,13626
2026-05-19 19:05:00+00:00,862.969971,864.455017,862.969971,864.030090,16232
2026-05-19 19:10:00+00:00,864.130005,866.659973,864.130005,865.940002,30159
2026-05-19 19:15:00+00:00,865.750000,865.760010,863.409973,863.409973,19743
2026-05-19 19:20:00+00:00,863.155029,863.340027,861.049988,861.609985,13101
2026-05-19 19:25:00+00:00,861.349976,862.780029,860.960022,862.450012,13582
2026-05-19 19:30:00+00:00,862.419983,862.700012,861.034973,861.039978,20917
2026-05-19 19:35:00+00:00,861.039978,861.364990,860.109985,860.140015,14746
2026-05-19 19:40:00+00:00,860.309998,860.859985,860.140015,860.299988,19435
2026-05-19 19:45:00+00:00,860.159973,860.440002,859.270020,859.679993,24177
2026-05-19 19:50:00+00:00,859.799988,861.049988,858.909973,859.184998,63491
2026-05-19 19:55:00+00:00,859.184998,861.140015,859.030029,860.119995,199865
2026-05-20 13:30:00+00:00,871.219971,873.489990,862.210022,863.592590,78892
2026-05-20 13:35:00+00:00,864.700012,864.789978,859.200012,860.684998,22737
2026-05-20 13:40:00+00:00,860.434998,861.619995,857.510010,860.065002,20452
2026-05-20 13:45:00+00:00,860.799988,864.130005,860.229980,861.880005,27812
2026-05-20 13:50:00+00:00,861.270020,864.780029,859.989990,860.854980,15730
2026-05-20 13:55:00+00:00,860.979980,865.000000,860.539978,863.945007,14321
2026-05-20 14:00:00+00:00,864.200012,864.381470,859.328308,860.244995,27693
2026-05-20 14:05:00+00:00,860.080017,863.294983,859.700012,862.342590,22228
2026-05-20 14:10:00+00:00,862.237488,863.759888,857.059998,861.880005,28394
2026-05-20 14:15:00+00:00,861.539978,867.789978,861.479980,865.465027,45687
2026-05-20 14:20:00+00:00,865.465027,870.000000,865.070129,867.440002,35111
2026-05-20 14:25:00+00:00,867.500000,868.880005,866.260010,868.544983,28583
2026-05-20 14:30:00+00:00,868.799988,872.609985,868.359985,870.770020,44376
2026-05-20 14:35:00+00:00,870.697510,871.104980,865.770020,866.705017,30460
2026-05-20 14:40:00+00:00,866.570007,867.669983,865.719971,867.539978,14848
2026-05-20 14:45:00+00:00,867.497498,867.929993,865.869995,866.330017,18926
2026-05-20 14:50:00+00:00,866.760010,866.760010,865.090027,865.909973,10909
2026-05-20 14:55:00+00:00,865.905029,868.530029,865.549988,868.049988,19968
2026-05-20 15:00:00+00:00,868.239990,870.030029,867.450012,868.210022,15724
2026-05-20 15:05:00+00:00,868.210022,870.065002,867.719971,869.000000,14286
2026-05-20 15:10:00+00:00,868.925598,870.357971,868.580017,869.880005,12603
2026-05-20 15:15:00+00:00,869.500000,877.760010,869.500000,873.500000,52769
2026-05-20 15:20:00+00:00,873.505005,874.359985,871.344971,872.065002,27080
2026-05-20 15:25:00+00:00,872.000000,872.179993,870.020020,870.390015,19714
2026-05-20 15:30:00+00:00,870.390015,873.034973,870.239990,872.200012,18406
2026-05-20 15:35:00+00:00,872.614990,874.369995,872.280029,873.599976,20643
2026-05-20 15:40:00+00:00,873.619995,874.539978,872.890015,874.440002,20179
2026-05-20 15:45:00+00:00,874.344971,875.320007,873.830017,874.969482,24833
2026-05-20 15:50:00+00:00,874.840027,876.669983,874.789978,876.000000,151531
2026-05-20 15:55:00+00:00,875.960022,876.460022,875.030029,876.010071,16573
2026-05-20 16:00:00+00:00,875.580017,876.114929,874.489990,875.145020,18091
2026-05-20 16:05:00+00:00,875.429993,876.450012,875.260010,875.929993,16102
2026-05-20 16:10:00+00:00,876.000000,877.609985,875.500000,876.590027,14960
2026-05-20 16:15:00+00:00,876.765015,876.950012,873.799988,873.919983,17300
2026-05-20 16:20:00+00:00,873.695007,874.159973,870.780029,871.059998,22998
2026-05-20 16:25:00+00:00,870.840027,871.695007,869.580017,871.280029,15845
2026-05-20 16:30:00+00:00,871.317505,874.284607,870.669983,873.289978,19251
2026-05-20 16:35:00+00:00,872.919983,873.450012,871.969971,872.650024,21129
2026-05-20 16:40:00+00:00,872.690002,875.479980,872.510010,875.140015,11649
2026-05-20 16:45:00+00:00,875.270020,875.270020,872.080017,873.034973,12828
2026-05-20 16:50:00+00:00,873.140015,873.440002,872.229980,872.739990,18650
2026-05-20 16:55:00+00:00,872.650024,872.650024,870.710022,871.080017,22761
2026-05-20 17:00:00+00:00,871.174988,873.369995,870.489990,872.515015,24280
2026-05-20 17:05:00+00:00,872.479980,873.030029,871.929993,872.500000,10605
2026-05-20 17:10:00+00:00,872.494995,873.979980,872.330017,872.880005,31460
2026-05-20 17:15:00+00:00,872.885010,873.349915,871.239990,872.750000,15463
2026-05-20 17:20:00+00:00,872.609985,875.000000,872.609009,873.950012,16559
2026-05-20 17:25:00+00:00,873.645020,874.419983,873.440002,874.030029,12569
2026-05-20 17:30:00+00:00,874.299988,874.640015,872.730103,873.215027,18874
2026-05-20 17:35:00+00:00,873.215027,874.580017,872.500000,872.510010,13355
2026-05-20 17:40:00+00:00,872.419983,872.630005,871.179993,871.309998,9071
2026-05-20 17:45:00+00:00,871.515015,872.088989,871.190002,871.724976,10316
2026-05-20 17:50:00+00:00,871.650024,872.229980,871.109985,871.954590,10175
2026-05-20 17:55:00+00:00,872.140015,872.140015,871.270020,871.784973,7416
2026-05-20 18:00:00+00:00,871.530029,873.080017,870.619995,872.400024,21065
2026-05-20 18:05:00+00:00,872.809998,874.367188,872.300110,873.200012,15611
2026-05-20 18:10:00+00:00,873.200012,875.190002,873.200012,873.679993,14913
2026-05-20 18:15:00+00:00,873.760010,874.080017,872.880005,873.018372,8658
2026-05-20 18:20:00+00:00,873.530029,873.778992,871.835022,872.010010,11598
2026-05-20 18:25:00+00:00,871.849976,872.599976,871.349976,872.169495,14264
2026-05-20 18:30:00+00:00,872.479980,873.549988,872.479980,873.280029,9918
2026-05-20 18:35:00+00:00,873.549927,875.780029,872.909973,875.229980,13112
2026-05-20 18:40:00+00:00,875.234985,875.479980,871.130005,871.130005,11082
2026-05-20 18:45:00+00:00,871.010010,872.770020,871.000000,872.510010,13257
2026-05-20 18:50:00+00:00,872.465027,873.799988,872.280029,873.359985,10843
2026-05-20 18:55:00+00:00,873.580017,875.150024,873.580017,874.109985,17800
2026-05-20 19:00:00+00:00,874.174988,875.549988,874.174988,875.200012,10306
2026-05-20 19:05:00+00:00,875.150024,875.784973,874.804993,874.804993,13807
2026-05-20 19:10:00+00:00,874.849976,875.719971,874.119995,874.354980,13287
2026-05-20 19:15:00+00:00,874.354980,875.200012,873.890015,874.760010,16241
2026-05-20 19:20:00+00:00,874.924988,875.409973,874.559998,875.010010,15460
2026-05-20 19:25:00+00:00,875.159973,876.190002,875.030090,875.344971,18847
2026-05-20 19:30:00+00:00,875.195007,876.390015,875.030029,876.390015,18249
2026-05-20 19:35:00+00:00,876.390015,877.395020,876.000000,876.650024,32862
2026-05-20 19:40:00+00:00,876.419983,876.419983,873.760010,873.760010,23742
2026-05-20 19:45:00+00:00,874.039978,874.539978,872.849976,873.260010,25662
2026-05-20 19:50:00+00:00,873.219971,873.419922,872.215027,872.215027,44133
2026-05-20 19:55:00+00:00,872.690002,874.739990,871.739990,872.869995,137150
2026-05-21 13:30:00+00:00,864.900024,868.390015,858.599976,868.215027,94435
2026-05-21 13:35:00+00:00,868.375000,869.469971,863.890015,868.901306,15092
2026-05-21 13:40:00+00:00,866.950012,868.580017,865.130005,866.155029,9423
2026-05-21 13:45:00+00:00,866.840027,868.969971,862.989990,863.000000,21702
2026-05-21 13:50:00+00:00,864.609985,869.559998,861.500000,867.635010,15437
2026-05-21 13:55:00+00:00,866.599976,868.760010,866.039978,867.679993,18121
2026-05-21 14:00:00+00:00,867.479980,868.174988,866.542480,866.719971,9572
2026-05-21 14:05:00+00:00,866.994995,867.820007,865.280029,865.280029,17952
2026-05-21 14:10:00+00:00,865.265015,867.640015,863.539978,867.590027,18543
2026-05-21 14:15:00+00:00,865.680115,866.950012,863.090027,865.880005,11996
2026-05-21 14:20:00+00:00,865.679993,866.859924,862.349976,863.989990,27597
2026-05-21 14:25:00+00:00,863.690002,865.880005,863.690002,865.390015,8973
2026-05-21 14:30:00+00:00,865.869995,869.400024,865.809998,865.980103,14837
2026-05-21 14:35:00+00:00,866.619995,867.280029,865.750000,866.875000,5694
2026-05-21 14:40:00+00:00,866.960022,866.960022,863.724976,864.330017,14585
2026-05-21 14:45:00+00:00,864.315002,865.130005,862.229980,863.880005,14555
2026-05-21 14:50:00+00:00,863.200012,863.280029,860.609985,861.520020,17099
2026-05-21 14:55:00+00:00,861.820007,863.809998,861.510010,862.900024,13802
2026-05-21 15:00:00+00:00,862.880005,863.594971,861.558472,862.150024,10470
2026-05-21 15:05:00+00:00,862.499878,863.400024,861.859985,863.400024,9232
2026-05-21 15:10:00+00:00,863.150024,866.419983,861.570007,865.549988,16813
2026-05-21 15:15:00+00:00,865.260010,865.565002,864.025024,864.270020,8497
2026-05-21 15:20:00+00:00,864.270020,865.469971,864.010010,864.544983,9407
2026-05-21 15:25:00+00:00,864.544983,865.130005,863.570007,864.039978,4941
2026-05-21 15:30:00+00:00,863.695007,863.695007,861.330017,861.679993,47834
2026-05-21 15:35:00+00:00,861.354980,862.889893,861.099976,862.469971,8506
2026-05-21 15:40:00+00:00,862.434998,863.020020,861.530029,862.345886,13524
2026-05-21 15:45:00+00:00,862.979980,863.400024,862.679993,863.400024,6727
2026-05-21 15:50:00+00:00,863.320007,864.369995,863.080017,864.330017,6920
2026-05-21 15:55:00+00:00,863.719971,864.049988,862.698975,862.910522,6877
2026-05-21 16:00:00+00:00,863.030029,864.320007,863.030029,864.044983,12465
2026-05-21 16:05:00+00:00,863.979980,865.010010,863.965027,864.739990,8338
2026-05-21 16:10:00+00:00,864.669983,865.757996,863.950073,864.539978,8563
2026-05-21 16:15:00+00:00,864.414978,864.429993,862.825012,863.729980,8349
2026-05-21 16:20:00+00:00,863.799988,864.140015,862.162476,862.724976,10716
2026-05-21 16:25:00+00:00,862.630005,863.609985,862.300110,863.200012,6501
2026-05-21 16:30:00+00:00,863.469971,865.770020,863.469971,865.215027,11599
2026-05-21 16:35:00+00:00,865.224976,865.224976,862.630127,863.494995,6573
2026-05-21 16:40:00+00:00,863.719971,864.205017,863.171692,863.994995,5082
2026-05-21 16:45:00+00:00,864.260010,864.719971,862.510010,862.659973,6888
2026-05-21 16:50:00+00:00,862.659973,863.158508,861.830017,863.158508,6219
2026-05-21 16:55:00+00:00,863.021484,863.590027,862.700012,863.125000,7464
2026-05-21 17:00:00+00:00,863.000000,863.900024,862.239990,862.239990,8903
2026-05-21 17:05:00+00:00,862.250000,862.879883,861.650024,861.859985,8305
2026-05-21 17:10:00+00:00,861.650024,866.169983,861.380005,865.335022,28638
2026-05-21 17:15:00+00:00,865.380005,869.619995,865.275024,867.659973,16911
2026-05-21 17:20:00+00:00,867.739990,870.409973,865.750000,867.604980,20427
2026-05-21 17:25:00+00:00,867.604980,870.039978,867.159973,869.530029,6131
2026-05-21 17:30:00+00:00,869.539978,870.349976,868.299988,869.179993,14726
2026-05-21 17:35:00+00:00,869.049988,869.640015,868.820007,868.930115,7102
2026-05-21 17:40:00+00:00,869.500000,871.000000,869.200012,869.614990,12616
2026-05-21 17:45:00+00:00,869.775024,870.909973,868.020020,870.659973,29963
2026-05-21 17:50:00+00:00,870.700012,872.359985,870.469971,871.934998,17842
2026-05-21 17:55:00+00:00,872.039978,872.664978,869.719971,869.770020,12998
2026-05-21 18:00:00+00:00,870.349976,870.960022,868.010010,868.159973,57849
2026-05-21 18:05:00+00:00,868.280029,870.302490,867.669983,869.679993,28291
2026-05-21 18:10:00+00:00,869.900024,871.020020,869.390015,869.570007,11321
2026-05-21 18:15:00+00:00,869.760010,871.299988,869.380127,870.799988,13142
2026-05-21 18:20:00+00:00,870.815002,871.750000,870.380005,871.419983,17565
2026-05-21 18:25:00+00:00,871.604980,871.650024,870.040100,870.429993,12148
2026-05-21 18:30:00+00:00,870.679993,871.047485,870.010010,870.359985,8342
2026-05-21 18:35:00+00:00,870.559998,871.400024,870.239990,870.325012,8249
2026-05-21 18:40:00+00:00,870.325012,871.219971,869.320007,869.385010,17426
2026-05-21 18:45:00+00:00,869.609985,869.780029,866.489990,866.489990,22413
2026-05-21 18:50:00+00:00,866.630005,868.309998,864.000000,864.000000,21311
2026-05-21 18:55:00+00:00,864.020020,865.359985,863.469971,864.729980,14844
2026-05-21 19:00:00+00:00,864.750000,866.780029,864.479980,866.320007,11763
2026-05-21 19:05:00+00:00,866.169983,867.195007,865.000000,867.195007,12767
2026-05-21 19:10:00+00:00,867.250000,868.109985,866.664978,868.109985,16796
2026-05-21 19:15:00+00:00,868.109985,868.840027,867.710022,868.059998,11218
2026-05-21 19:20:00+00:00,868.109985,868.434998,867.455017,867.869995,10307
2026-05-21 19:25:00+00:00,867.895020,868.099976,867.059998,867.090027,15771
2026-05-21 19:30:00+00:00,867.000000,867.320007,865.030029,865.080017,17846
2026-05-21 19:35:00+00:00,865.304993,866.260010,865.289978,866.125000,16725
2026-05-21 19:40:00+00:00,866.380005,866.739990,863.515015,864.890015,23541
2026-05-21 19:45:00+00:00,865.070007,865.640015,864.190002,864.955017,27332
2026-05-21 19:50:00+00:00,864.950012,866.864990,864.924988,865.599976,34313
2026-05-21 19:55:00+00:00,865.349976,866.590027,864.410095,866.210022,93280
2026-05-22 13:30:00+00:00,878.000000,880.000000,865.000000,865.000000,98666
2026-05-22 13:35:00+00:00,865.469971,868.179871,861.059998,862.885010,38345
2026-05-22 13:40:00+00:00,864.010010,871.020020,862.809998,870.520020,28119
2026-05-22 13:45:00+00:00,870.119995,875.000000,870.119995,873.229980,28567
2026-05-22 13:50:00+00:00,873.059998,877.224976,871.844971,876.820007,19065
2026-05-22 13:55:00+00:00,877.125000,882.000000,877.030029,881.989990,24590
2026-05-22 14:00:00+00:00,882.400024,882.400024,877.650024,878.780029,27208
2026-05-22 14:05:00+00:00,879.010010,880.750000,877.580017,878.900024,28670
2026-05-22 14:10:00+00:00,879.109985,880.900024,878.570007,879.219971,15712
2026-05-22 14:15:00+00:00,878.880005,880.690002,877.065125,880.020020,39211
2026-05-22 14:20:00+00:00,880.070007,881.320007,879.239990,880.469971,74490
2026-05-22 14:25:00+00:00,880.544983,883.499878,880.099976,882.914978,16191
2026-05-22 14:30:00+00:00,882.914978,884.979980,882.179993,884.719971,20330
2026-05-22 14:35:00+00:00,884.719971,885.889893,883.554993,883.739990,27245
2026-05-22 14:40:00+00:00,883.669983,886.409973,883.475830,886.190002,27971
2026-05-22 14:45:00+00:00,886.190002,886.469971,883.455017,883.924988,29337
2026-05-22 14:50:00+00:00,883.659973,884.320007,882.859985,883.832092,14753
2026-05-22 14:55:00+00:00,883.755005,886.510010,883.440002,885.765015,19188
2026-05-22 15:00:00+00:00,885.909973,886.979919,885.299011,886.849976,17331
2026-05-22 15:05:00+00:00,886.890015,887.164978,885.599976,886.070007,12138
2026-05-22 15:10:00+00:00,885.924988,886.599976,885.210022,886.570007,9500
2026-05-22 15:15:00+00:00,886.630005,889.210022,886.630005,889.174988,36278
2026-05-22 15:20:00+00:00,888.875000,889.460022,887.849976,889.190002,19267
2026-05-22 15:25:00+00:00,888.859985,889.229980,888.100098,889.145020,24716
2026-05-22 15:30:00+00:00,889.039978,889.729980,888.200012,888.200012,17188
2026-05-22 15:35:00+00:00,888.260010,889.700012,887.700012,889.585022,12510
2026-05-22 15:40:00+00:00,889.484985,889.484985,887.244995,888.000000,12200
2026-05-22 15:45:00+00:00,888.445007,888.890015,887.179993,887.179993,10805
2026-05-22 15:50:00+00:00,887.059998,888.119995,887.010010,888.119995,9511
2026-05-22 15:55:00+00:00,888.109985,888.859985,887.645020,888.859985,10484
2026-05-22 16:00:00+00:00,888.625000,888.830017,887.729980,888.000000,8116
2026-05-22 16:05:00+00:00,887.789978,887.989990,885.541016,886.205017,13296
2026-05-22 16:10:00+00:00,886.215027,886.989990,885.599976,886.000000,14901
2026-05-22 16:15:00+00:00,885.914978,886.515015,885.150024,885.229980,13183
2026-05-22 16:20:00+00:00,885.244995,887.299988,884.919983,887.184998,12459
2026-05-22 16:25:00+00:00,887.131470,888.309998,886.989990,888.080017,13902
2026-05-22 16:30:00+00:00,888.020020,889.979980,887.650024,887.950012,17524
2026-05-22 16:35:00+00:00,887.835022,888.460022,887.169983,887.325012,10912
2026-05-22 16:40:00+00:00,887.590027,887.760010,887.010010,887.585022,8878
2026-05-22 16:45:00+00:00,887.770020,889.599976,887.770020,889.460022,12715
2026-05-22 16:50:00+00:00,889.639893,889.799988,888.719971,889.289978,12014
2026-05-22 16:55:00+00:00,889.070007,889.289978,888.219971,888.955017,13125
2026-05-22 17:00:00+00:00,889.299988,891.010010,889.164978,891.000000,19476
2026-05-22 17:05:00+00:00,891.000000,891.580017,890.260071,891.250000,15061
2026-05-22 17:10:00+00:00,891.255005,891.580017,889.895020,889.895020,15851
2026-05-22 17:15:00+00:00,890.039978,890.690002,888.000000,888.330017,15372
2026-05-22 17:20:00+00:00,888.289978,889.309998,887.719971,889.309998,8961
2026-05-22 17:25:00+00:00,889.359985,893.354980,889.169983,893.354980,44091
2026-05-22 17:30:00+00:00,893.710022,893.839905,890.619995,890.679993,21933
2026-05-22 17:35:00+00:00,890.799988,892.000000,890.690002,890.950012,16483
2026-05-22 17:40:00+00:00,891.169983,891.530029,890.590027,891.070007,14955
2026-05-22 17:45:00+00:00,891.049988,891.530029,890.419983,891.234985,19568
2026-05-22 17:50:00+00:00,891.080017,891.344971,889.750000,890.400024,16169
2026-05-22 17:55:00+00:00,890.494995,890.974976,890.130005,890.974976,35714
2026-05-22 18:00:00+00:00,890.849976,891.330017,889.020020,889.794983,20625
2026-05-22 18:05:00+00:00,889.750000,890.690002,888.869995,888.909973,9328
2026-05-22 18:10:00+00:00,888.619995,889.340027,887.549988,888.575012,8935
2026-05-22 18:15:00+00:00,888.219971,889.469971,888.000000,889.424988,13485
2026-05-22 18:20:00+00:00,889.309998,889.309998,887.000000,887.380005,14347
2026-05-22 18:25:00+00:00,887.380005,887.549988,886.150024,886.549988,10287
2026-05-22 18:30:00+00:00,886.592529,886.746582,885.599976,886.487976,12141
2026-05-22 18:35:00+00:00,886.440002,886.960022,885.460022,886.210022,29204
2026-05-22 18:40:00+00:00,886.205017,887.804993,886.205017,887.715271,10446
2026-05-22 18:45:00+00:00,887.809998,888.190002,887.161804,887.984985,14145
2026-05-22 18:50:00+00:00,888.309998,888.320007,887.380005,888.200012,12517
2026-05-22 18:55:00+00:00,887.890198,888.409973,887.349976,887.474976,15736
2026-05-22 19:00:00+00:00,887.380005,887.522705,884.630005,886.065002,20365
2026-05-22 19:05:00+00:00,885.900024,886.390015,885.000000,886.090027,13079
2026-05-22 19:10:00+00:00,885.989990,887.219971,885.989990,886.780029,13556
2026-05-22 19:15:00+00:00,886.750000,886.789978,886.200012,886.510010,10679
2026-05-22 19:20:00+00:00,886.359985,886.450012,885.190002,885.640015,20460
2026-05-22 19:25:00+00:00,885.619995,885.750000,884.150024,884.630005,21218
2026-05-22 19:30:00+00:00,884.510010,884.700012,883.590027,884.200012,14245
2026-05-22 19:35:00+00:00,884.195007,885.109985,883.869995,884.755005,17811
2026-05-22 19:40:00+00:00,884.640015,884.900024,882.770020,883.195007,37028
2026-05-22 19:45:00+00:00,883.426514,883.510010,880.527527,881.929993,44488
2026-05-22 19:50:00+00:00,881.940002,882.130005,880.369995,880.500000,39222
2026-05-22 19:55:00+00:00,880.619995,881.000000,878.719971,879.780029,133074
2026-05-26 13:30:00+00:00,884.950012,888.659973,878.020020,882.880005,163322
2026-05-26 13:35:00+00:00,882.429993,896.340027,882.419983,895.539978,49684
2026-05-26 13:40:00+00:00,895.414246,898.049988,892.647400,897.164795,33369
2026-05-26 13:45:00+00:00,897.760010,901.530029,897.760010,899.280029,44300
2026-05-26 13:50:00+00:00,899.479980,902.530029,898.825012,898.875000,28460
2026-05-26 13:55:00+00:00,898.700012,901.809998,898.700012,901.059998,23246
2026-05-26 14:00:00+00:00,901.090027,901.200012,897.880005,899.114990,21390
2026-05-26 14:05:00+00:00,898.859985,900.169983,898.255005,899.440002,25472
2026-05-26 14:10:00+00:00,899.440002,901.054993,898.864990,900.315002,27756
2026-05-26 14:15:00+00:00,900.760010,901.859985,899.349976,901.479980,16115
2026-05-26 14:20:00+00:00,901.640015,903.650024,901.474976,902.590027,32828
2026-05-26 14:25:00+00:00,902.559998,903.650024,901.825012,903.405029,20549
2026-05-26 14:30:00+00:00,903.405029,905.320007,902.980103,905.289978,35257
2026-05-26 14:35:00+00:00,905.599976,907.440002,905.349976,905.681030,30728
2026-05-26 14:40:00+00:00,905.719971,907.000000,903.590027,904.960022,36893
2026-05-26 14:45:00+00:00,904.960022,905.929993,903.340027,904.114990,19655
2026-05-26 14:50:00+00:00,904.114990,906.849976,904.080017,906.150024,15311
2026-05-26 14:55:00+00:00,906.229980,906.940002,903.974670,906.190002,21365
2026-05-26 15:00:00+00:00,906.525024,906.530029,904.299988,905.215027,17512
2026-05-26 15:05:00+00:00,905.482971,905.482971,903.489990,904.840027,17384
2026-05-26 15:10:00+00:00,904.549988,905.250000,903.700012,904.599976,14335
2026-05-26 15:15:00+00:00,904.969971,904.974976,903.236389,903.520020,16061
2026-05-26 15:20:00+00:00,903.534973,904.020020,901.809998,902.960022,26733
2026-05-26 15:25:00+00:00,903.000000,904.440002,902.700012,902.890015,23522
2026-05-26 15:30:00+00:00,903.119995,903.469971,902.119995,902.539978,15138
2026-05-26 15:35:00+00:00,902.559998,903.179993,901.729980,902.005005,45292
2026-05-26 15:40:00+00:00,902.299988,902.369995,900.580017,901.770020,10137
2026-05-26 15:45:00+00:00,901.520020,903.344971,900.809998,901.390015,8961
2026-05-26 15:50:00+00:00,901.349976,903.510010,901.200012,902.770020,12742
2026-05-26 15:55:00+00:00,903.109985,904.119995,902.309998,904.119995,10006
2026-05-26 16:00:00+00:00,904.229980,904.900024,903.419983,904.219971,15173
2026-05-26 16:05:00+00:00,904.200012,904.390015,902.070007,902.627502,11637
2026-05-26 16:10:00+00:00,902.760010,903.820007,902.570007,903.539978,9789
2026-05-26 16:15:00+00:00,903.820007,904.890015,903.760010,904.520020,11097
2026-05-26 16:20:00+00:00,904.325012,904.989990,904.020020,904.817505,15022
2026-05-26 16:25:00+00:00,904.659973,904.804626,903.739990,904.455017,12318
2026-05-26 16:30:00+00:00,904.455017,904.840027,903.950012,904.244995,11947
2026-05-26 16:35:00+00:00,904.224976,904.599976,903.610107,904.169983,8181
2026-05-26 16:40:00+00:00,903.909973,903.960022,902.370117,902.914978,12677
2026-05-26 16:45:00+00:00,902.914978,903.883972,902.729980,902.960022,10709
2026-05-26 16:50:00+00:00,903.099976,903.960022,902.979980,903.760010,9959
2026-05-26 16:55:00+00:00,903.744995,905.250000,903.150024,905.080017,15772
2026-05-26 17:00:00+00:00,905.080017,905.609985,904.539978,905.239990,15829
2026-05-26 17:05:00+00:00,905.359985,905.669983,904.805298,905.559998,9675
2026-05-26 17:10:00+00:00,905.539978,906.400024,905.063354,906.400024,8690
2026-05-26 17:15:00+00:00,906.205017,906.369995,904.390015,904.484985,12516
2026-05-26 17:20:00+00:00,904.484985,905.080017,904.215027,905.080017,5802
2026-05-26 17:25:00+00:00,905.080017,905.700012,904.580017,905.549988,8698
2026-05-26 17:30:00+00:00,905.320007,907.000000,905.229980,907.000000,8576
2026-05-26 17:35:00+00:00,906.784973,907.599976,906.510071,907.098389,14330
2026-05-26 17:40:00+00:00,906.960022,906.960022,906.190002,906.190002,9313
2026-05-26 17:45:00+00:00,906.289978,907.229980,905.770020,907.080017,6769
2026-05-26 17:50:00+00:00,907.200012,907.559998,906.850098,907.320007,5916
2026-05-26 17:55:00+00:00,907.320007,907.320007,905.974976,906.507507,10913
2026-05-26 18:00:00+00:00,906.539978,906.580017,906.020020,906.325012,10344
2026-05-26 18:05:00+00:00,906.489990,906.500000,905.299988,906.014771,8697
2026-05-26 18:10:00+00:00,906.099976,906.380005,905.260010,905.719971,8440
2026-05-26 18:15:00+00:00,905.869995,906.080017,905.309998,905.880005,8275
2026-05-26 18:20:00+00:00,905.919983,906.159973,904.969971,905.070007,34816
2026-05-26 18:25:00+00:00,904.960022,905.822998,904.510010,905.822998,11002
2026-05-26 18:30:00+00:00,905.440002,906.109985,905.299988,905.309998,11026
2026-05-26 18:35:00+00:00,905.460022,905.630005,904.049988,904.284973,9963
2026-05-26 18:40:00+00:00,904.020020,904.644409,903.689026,903.994507,7236
2026-05-26 18:45:00+00:00,903.864990,904.460022,903.710022,904.440002,8030
2026-05-26 18:50:00+00:00,904.059998,905.330017,903.924988,905.299988,14835
2026-05-26 18:55:00+00:00,905.299988,905.299988,904.419983,904.530029,15011
2026-05-26 19:00:00+00:00,904.599976,904.775024,903.690125,904.369995,34597
2026-05-26 19:05:00+00:00,904.549988,904.630005,903.810120,904.505005,8366
2026-05-26 19:10:00+00:00,904.505005,904.505005,903.500000,904.205017,11898
2026-05-26 19:15:00+00:00,904.099976,905.000000,903.919983,904.900024,16914
2026-05-26 19:20:00+00:00,904.905029,905.405029,904.169983,905.330017,22480
2026-05-26 19:25:00+00:00,905.330017,905.919983,904.820007,905.640015,17918
2026-05-26 19:30:00+00:00,905.630005,906.700012,905.630005,906.635010,26072
2026-05-26 19:35:00+00:00,906.635010,908.419983,906.470093,907.511902,26204
2026-05-26 19:40:00+00:00,907.609985,907.900024,906.815002,907.169983,28224
2026-05-26 19:45:00+00:00,907.049988,907.820007,906.880005,907.309998,36655
2026-05-26 19:50:00+00:00,907.469971,908.419983,906.809998,908.229980,64191
2026-05-26 19:55:00+00:00,908.205017,909.559998,907.960022,908.650024,136530
2026-05-27 13:30:00+00:00,905.179993,907.030029,899.467529,900.590027,98785
2026-05-27 13:35:00+00:00,901.440002,901.719971,889.830017,896.000000,69682
2026-05-27 13:40:00+00:00,896.070007,897.069885,891.340027,891.679993,48321
2026-05-27 13:45:00+00:00,891.520020,895.890015,891.489990,895.135010,55198
2026-05-27 13:50:00+00:00,895.330017,903.094971,894.705017,901.369995,56360
2026-05-27 13:55:00+00:00,900.682190,905.979980,900.289978,905.544983,49252
2026-05-27 14:00:00+00:00,905.979980,907.789978,903.489990,905.539978,35896
2026-05-27 14:05:00+00:00,905.830017,906.190430,901.890015,902.875000,32361
2026-05-27 14:10:00+00:00,902.875000,902.979980,900.870972,901.768494,20730
2026-05-27 14:15:00+00:00,901.320007,904.070007,900.000000,900.549988,33945
2026-05-27 14:20:00+00:00,900.190002,901.650024,898.109985,899.929993,55973
2026-05-27 14:25:00+00:00,899.719971,899.979980,896.079224,898.919983,43600
2026-05-27 14:30:00+00:00,899.200012,900.700012,894.780029,898.359985,46411
2026-05-27 14:35:00+00:00,898.250000,900.859985,898.150024,900.130005,23546
2026-05-27 14:40:00+00:00,899.940002,901.664978,899.145020,900.350281,19733
2026-05-27 14:45:00+00:00,900.784973,900.900024,898.859985,899.010010,23505
2026-05-27 14:50:00+00:00,898.840027,903.280029,898.840027,902.179993,15852
2026-05-27 14:55:00+00:00,901.989990,902.739990,899.859985,901.169983,21935
2026-05-27 15:00:00+00:00,901.580017,901.684998,899.210022,901.469971,14664
2026-05-27 15:05:00+00:00,901.200012,903.820007,901.200012,902.780029,11202
2026-05-27 15:10:00+00:00,902.385071,905.950012,902.320007,905.510010,12289
2026-05-27 15:15:00+00:00,905.070007,905.099976,903.549988,904.609985,15218
2026-05-27 15:20:00+00:00,904.674988,904.690002,901.609985,903.650024,21580
2026-05-27 15:25:00+00:00,903.380005,905.109985,902.650024,904.940002,15649
2026-05-27 15:30:00+00:00,904.989990,906.280029,904.179993,904.469971,14905
2026-05-27 15:35:00+00:00,904.429993,905.020020,902.280029,902.714905,12133
2026-05-27 15:40:00+00:00,902.565002,904.429993,902.320007,903.799988,10612
2026-05-27 15:45:00+00:00,903.799988,904.359985,899.945007,900.719971,22797
2026-05-27 15:50:00+00:00,900.544983,901.909912,899.664978,901.195007,14451
2026-05-27 15:55:00+00:00,900.809998,903.354980,900.809998,903.000000,8841
2026-05-27 16:00:00+00:00,902.921509,902.979980,901.960022,902.979980,11116
2026-05-27 16:05:00+00:00,903.039978,903.750000,902.450012,903.455017,10414
2026-05-27 16:10:00+00:00,903.469971,906.539978,903.184998,905.940002,24585
2026-05-27 16:15:00+00:00,906.270020,906.669983,905.369995,905.940002,12112
2026-05-27 16:20:00+00:00,906.010010,908.000000,905.900024,907.619995,11552
2026-05-27 16:25:00+00:00,907.460022,908.059998,907.405029,907.750000,13412
2026-05-27 16:30:00+00:00,907.628174,907.724976,906.429993,906.540100,12950
2026-05-27 16:35:00+00:00,907.020020,907.690002,906.755005,907.010010,9239
2026-05-27 16:40:00+00:00,907.140015,908.130005,906.919983,908.099976,8565
2026-05-27 16:45:00+00:00,907.940002,908.479980,907.739990,908.330017,10474
2026-05-27 16:50:00+00:00,908.460022,909.109985,907.840027,907.840027,11932
2026-05-27 16:55:00+00:00,908.054993,908.429993,907.280029,907.655029,10428
2026-05-27 17:00:00+00:00,907.710022,908.229980,905.520081,906.419983,15558
2026-05-27 17:05:00+00:00,906.760010,906.770020,903.460022,903.460022,11922
2026-05-27 17:10:00+00:00,903.760010,904.900024,902.789978,904.609985,13468
2026-05-27 17:15:00+00:00,904.500000,908.440002,904.309998,908.099976,36362
2026-05-27 17:20:00+00:00,908.104980,909.340027,908.099976,908.784973,17698
2026-05-27 17:25:00+00:00,908.950012,909.380005,908.460022,909.229980,12811
2026-05-27 17:30:00+00:00,908.934998,908.979980,907.650024,908.599976,11033
2026-05-27 17:35:00+00:00,908.429993,908.705017,906.849976,907.059998,14273
2026-05-27 17:40:00+00:00,907.000000,908.349976,906.690002,908.109985,110353
2026-05-27 17:45:00+00:00,908.109985,908.359985,907.000000,908.359985,9891
2026-05-27 17:50:00+00:00,908.500000,910.250000,908.160095,909.469971,15682
2026-05-27 17:55:00+00:00,909.690002,910.169983,909.380005,909.609985,12534
2026-05-27 18:00:00+00:00,909.619995,909.650024,907.840027,907.907471,14392
2026-05-27 18:05:00+00:00,907.934998,908.789978,907.239990,908.664978,15547
2026-05-27 18:10:00+00:00,908.664978,909.150024,908.039978,908.760010,15642
2026-05-27 18:15:00+00:00,908.760010,909.349976,908.210022,908.489990,14485
2026-05-27 18:20:00+00:00,908.640015,909.299927,908.299988,909.299927,11016
2026-05-27 18:25:00+00:00,909.099976,910.579895,909.099976,909.960022,26755
2026-05-27 18:30:00+00:00,909.920776,910.130005,909.330017,910.015015,17737
2026-05-27 18:35:00+00:00,910.179993,910.619995,909.369995,909.390015,16910
2026-05-27 18:40:00+00:00,909.619995,911.639893,909.619995,910.859985,12296
2026-05-27 18:45:00+00:00,911.268005,911.289978,908.854980,908.854980,25954
2026-05-27 18:50:00+00:00,908.859985,910.099976,908.039978,909.549988,41106
2026-05-27 18:55:00+00:00,909.554993,910.379883,909.119995,909.619995,18624
2026-05-27 19:00:00+00:00,909.619995,910.054993,909.250000,909.835022,14240
2026-05-27 19:05:00+00:00,909.700012,910.070007,909.250000,910.010010,15004
2026-05-27 19:10:00+00:00,909.775024,910.270020,909.239990,909.750000,19489
2026-05-27 19:15:00+00:00,909.530029,909.599976,908.739990,909.030029,18763
2026-05-27 19:20:00+00:00,909.380005,909.940002,909.155029,909.460022,17304
2026-05-27 19:25:00+00:00,909.669983,909.760010,908.645020,908.844971,19926
2026-05-27 19:30:00+00:00,909.059998,909.205017,908.049988,908.109985,29627
2026-05-27 19:35:00+00:00,908.109985,909.309998,908.020081,908.250000,27643
2026-05-27 19:40:00+00:00,908.250000,908.900024,907.705017,908.890015,25182
2026-05-27 19:45:00+00:00,908.890015,908.919983,907.580017,907.770020,33079
2026-05-27 19:50:00+00:00,907.669983,911.669983,907.669983,911.219971,55922
2026-05-27 19:55:00+00:00,911.159973,911.354980,909.940002,910.119995,135997
2026-05-28 13:30:00+00:00,898.559998,902.059998,891.550110,901.000000,125310
2026-05-28 13:35:00+00:00,900.010010,901.510010,893.239990,895.239990,40647
2026-05-28 13:40:00+00:00,895.075012,895.750000,886.609985,889.229980,61283
2026-05-28 13:45:00+00:00,889.469971,893.330017,886.010010,889.015015,53309
2026-05-28 13:50:00+00:00,888.280029,891.979980,887.489990,887.489990,30434
2026-05-28 13:55:00+00:00,887.549988,889.459900,886.260010,886.969971,34852
2026-05-28 14:00:00+00:00,887.039978,888.510010,882.000000,882.049988,49736
2026-05-28 14:05:00+00:00,881.890015,884.320007,880.469971,884.280029,27568
2026-05-28 14:10:00+00:00,884.440002,896.010010,882.880005,892.679993,71482
2026-05-28 14:15:00+00:00,892.909973,896.140015,891.252502,895.885803,76834
2026-05-28 14:20:00+00:00,895.809998,895.929993,890.585022,893.280029,59756
2026-05-28 14:25:00+00:00,892.789978,893.440002,890.008728,891.984985,19489
2026-05-28 14:30:00+00:00,892.020020,893.942322,890.719971,890.830017,24943
2026-05-28 14:35:00+00:00,890.924988,891.885010,890.000000,891.070007,171158
2026-05-28 14:40:00+00:00,890.965027,891.989990,890.000000,890.844971,165531
2026-05-28 14:45:00+00:00,890.835022,893.229980,890.835022,891.849976,34787
2026-05-28 14:50:00+00:00,891.965027,895.000000,891.490112,893.260010,15190
2026-05-28 14:55:00+00:00,893.679993,894.109985,892.195007,893.409973,23274
2026-05-28 15:00:00+00:00,893.409973,896.179993,893.299988,895.989990,20409
2026-05-28 15:05:00+00:00,896.190002,898.489990,896.000000,897.505005,0
2026-05-28 15:10:00+00:00,897.505005,898.000000,896.849976,897.679993,16043
2026-05-28 15:15:00+00:00,897.679993,898.750000,897.109985,898.280029,16651
2026-05-28 15:20:00+00:00,898.460022,898.799988,898.239990,898.575012,18292
2026-05-28 15:25:00+00:00,898.450012,901.760010,898.450012,901.760010,21390
2026-05-28 15:30:00+00:00,901.760010,901.929993,900.619995,901.780029,11893
2026-05-28 15:35:00+00:00,901.780029,903.080017,901.580017,902.565002,20766
2026-05-28 15:40:00+00:00,902.570007,902.710022,901.734985,902.349976,12021
2026-05-28 15:45:00+00:00,902.320007,902.869995,901.710022,902.657471,12349
2026-05-28 15:50:00+00:00,902.672485,904.719971,902.599976,903.869995,21499
2026-05-28 15:55:00+00:00,904.059998,904.659973,903.549988,903.909973,21280
2026-05-28 16:00:00+00:00,903.940002,904.440002,903.099976,904.440002,17004
2026-05-28 16:05:00+00:00,904.205017,904.539978,903.280029,904.309998,17873
2026-05-28 16:10:00+00:00,904.414978,905.000000,903.450012,903.520020,40153
2026-05-28 16:15:00+00:00,903.500000,903.619995,901.950012,902.344971,20096
2026-05-28 16:20:00+00:00,902.440002,902.440002,901.170105,902.039978,14704
2026-05-28 16:25:00+00:00,902.179993,902.179993,901.140015,901.140015,7295
2026-05-28 16:30:00+00:00,901.224976,901.510010,900.440002,901.340027,14225
2026-05-28 16:35:00+00:00,901.520020,901.575012,900.619080,900.719971,6917
2026-05-28 16:40:00+00:00,900.719971,902.000000,900.719971,901.640015,16837
2026-05-28 16:45:00+00:00,901.880005,902.140015,901.179993,901.559998,16099
2026-05-28 16:50:00+00:00,901.729980,902.219971,901.559998,901.849976,19366
2026-05-28 16:55:00+00:00,901.825012,901.950012,901.010071,901.010071,11986
2026-05-28 17:00:00+00:00,901.020020,901.789978,900.955017,901.150024,26126
2026-05-28 17:05:00+00:00,901.109985,901.109985,899.239990,899.239990,27977
2026-05-28 17:10:00+00:00,899.362488,900.065002,898.710022,898.914978,11869
2026-05-28 17:15:00+00:00,899.087585,899.087585,898.200012,898.400024,12463
2026-05-28 17:20:00+00:00,898.130005,898.630005,897.700012,897.710022,13152
2026-05-28 17:25:00+00:00,897.710022,897.849976,897.020020,897.155029,11458
2026-05-28 17:30:00+00:00,897.419983,897.570007,895.750000,896.080017,20191
2026-05-28 17:35:00+00:00,896.075012,896.789978,896.075012,896.590027,11386
2026-05-28 17:40:00+00:00,896.594971,896.789917,894.679993,895.049988,29394
2026-05-28 17:45:00+00:00,895.000000,895.219971,894.500000,894.500000,21029
2026-05-28 17:50:00+00:00,894.469971,894.750000,893.239990,894.137512,16561
2026-05-28 17:55:00+00:00,894.145020,894.145020,893.520020,893.825012,21852
2026-05-28 18:00:00+00:00,893.609985,894.929993,893.539978,894.780090,14392
2026-05-28 18:05:00+00:00,894.940002,895.070007,893.799988,894.205017,17261
2026-05-28 18:10:00+00:00,894.205017,894.789978,893.940002,894.369995,68787
2026-05-28 18:15:00+00:00,893.940002,896.640015,893.929993,896.364990,17967
2026-05-28 18:20:00+00:00,896.719971,896.969971,896.340027,896.400024,16944
2026-05-28 18:25:00+00:00,896.369995,897.173828,895.820007,895.820007,28072
2026-05-28 18:30:00+00:00,895.780029,895.784973,893.070007,893.070007,19085
2026-05-28 18:35:00+00:00,892.909973,893.630005,892.429993,893.630005,24130
2026-05-28 18:40:00+00:00,893.784973,894.029907,892.000122,892.429993,18882
2026-05-28 18:45:00+00:00,892.429993,892.500000,891.419983,892.424988,23565
2026-05-28 18:50:00+00:00,892.424988,894.539978,892.424988,894.539978,16308
2026-05-28 18:55:00+00:00,894.940002,894.940002,892.609985,892.965027,28714
2026-05-28 19:00:00+00:00,892.996094,893.030029,892.369995,892.629395,13639
2026-05-28 19:05:00+00:00,892.219971,893.590027,892.219971,892.859985,11720
2026-05-28 19:10:00+00:00,892.780029,893.275024,892.229980,892.229980,21160
2026-05-28 19:15:00+00:00,892.270020,893.049988,892.119995,892.250000,24354
2026-05-28 19:20:00+00:00,892.010010,892.419983,891.280029,892.150024,20431
2026-05-28 19:25:00+00:00,892.330017,892.330017,890.250000,890.465027,26317
2026-05-28 19:30:00+00:00,890.580017,890.580017,888.039978,888.719971,32267
2026-05-28 19:35:00+00:00,888.614990,889.599976,888.039978,889.590027,17427
2026-05-28 19:40:00+00:00,889.270020,889.999878,889.049988,889.710022,23615
2026-05-28 19:45:00+00:00,889.450012,889.749878,887.963989,888.419983,38905
2026-05-28 19:50:00+00:00,888.270020,888.570007,886.428223,887.000000,83992
2026-05-28 19:55:00+00:00,886.690002,887.864990,886.219971,887.359985,140308
2026-05-29 13:30:00+00:00,886.690002,886.739990,878.770020,885.034973,67062
2026-05-29 13:35:00+00:00,885.559998,889.000000,885.140015,886.530029,42001
2026-05-29 13:40:00+00:00,886.259949,887.590027,885.219971,887.289978,89479
2026-05-29 13:45:00+00:00,887.400024,890.809875,887.309998,888.830017,43960
2026-05-29 13:50:00+00:00,889.340027,890.500000,887.200012,888.469971,24229
2026-05-29 13:55:00+00:00,888.010010,888.010010,885.804993,886.400024,25440
2026-05-29 14:00:00+00:00,886.034973,886.619995,884.320007,885.149902,74651
2026-05-29 14:05:00+00:00,884.669983,885.140015,882.719971,883.669983,26481
2026-05-29 14:10:00+00:00,883.890015,886.205017,883.679993,884.994995,20668
2026-05-29 14:15:00+00:00,884.994995,886.239990,882.934998,882.940002,38236
2026-05-29 14:20:00+00:00,882.859497,883.319885,880.000000,880.354980,25965
2026-05-29 14:25:00+00:00,880.099976,881.878418,880.000000,881.159973,22911
2026-05-29 14:30:00+00:00,881.020020,881.446106,878.492920,880.255005,27916
2026-05-29 14:35:00+00:00,880.033630,880.325012,876.179993,876.369995,38296
2026-05-29 14:40:00+00:00,876.369995,876.679871,874.219971,874.609985,28776
2026-05-29 14:45:00+00:00,874.530029,875.440002,874.000000,874.789978,29854
2026-05-29 14:50:00+00:00,874.412292,880.479980,874.412292,879.299988,70404
2026-05-29 14:55:00+00:00,879.950012,881.137573,877.880005,878.130005,23481
2026-05-29 15:00:00+00:00,878.729980,880.389893,877.250000,877.650024,21378
2026-05-29 15:05:00+00:00,877.369995,879.000000,876.260010,877.484985,26592
2026-05-29 15:10:00+00:00,877.809998,881.039978,877.598694,880.489990,19001
2026-05-29 15:15:00+00:00,880.505005,882.479980,880.260010,880.921326,30390
2026-05-29 15:20:00+00:00,880.659973,880.919983,878.450012,880.739990,26434
2026-05-29 15:25:00+00:00,880.570007,880.570007,879.000000,879.429993,19219
2026-05-29 15:30:00+00:00,879.190002,879.729980,878.950012,879.145020,11446
2026-05-29 15:35:00+00:00,879.145020,879.349976,877.289978,877.289978,14880
2026-05-29 15:40:00+00:00,877.534973,879.471619,877.289978,879.179993,11181
2026-05-29 15:45:00+00:00,879.169983,879.169983,877.820129,878.070007,10573
2026-05-29 15:50:00+00:00,878.299988,878.380005,876.770020,877.289978,14994
2026-05-29 15:55:00+00:00,877.469971,877.849976,876.690002,876.729980,11913
2026-05-29 16:00:00+00:00,876.440002,876.809998,876.020020,876.150024,16403
2026-05-29 16:05:00+00:00,876.159973,876.309998,875.025024,875.299988,14217
2026-05-29 16:10:00+00:00,875.030029,875.414978,873.849976,873.849976,14735
2026-05-29 16:15:00+00:00,873.650024,874.549927,873.590027,873.747986,16410
2026-05-29 16:20:00+00:00,873.859985,874.645020,873.380005,874.469971,13392
2026-05-29 16:25:00+00:00,874.469971,876.000000,874.200012,875.150024,24996
2026-05-29 16:30:00+00:00,874.940002,875.809998,873.869995,874.544983,24618
2026-05-29 16:35:00+00:00,874.544983,875.799988,874.525024,875.500000,11174
2026-05-29 16:40:00+00:00,875.534973,875.799988,873.990112,874.304993,20470
2026-05-29 16:45:00+00:00,874.309998,874.530029,873.609985,874.135010,19522
2026-05-29 16:50:00+00:00,874.150024,874.719971,873.710022,874.604980,14228
2026-05-29 16:55:00+00:00,874.700012,875.169983,872.599976,873.679993,24149
2026-05-29 17:00:00+00:00,873.705017,873.799988,872.140015,872.140015,14638
2026-05-29 17:05:00+00:00,872.169983,873.469971,872.145020,872.729980,17387
2026-05-29 17:10:00+00:00,872.794983,873.280029,872.119995,872.965027,14705
2026-05-29 17:15:00+00:00,872.996826,873.330017,872.825012,872.844971,9110
2026-05-29 17:20:00+00:00,872.854980,872.859985,871.039978,872.150024,32935
2026-05-29 17:25:00+00:00,871.919983,872.130493,871.380005,871.955017,15691
2026-05-29 17:30:00+00:00,871.909973,872.020020,870.979980,871.200012,21618
2026-05-29 17:35:00+00:00,871.060120,871.409973,870.520020,870.565002,15185
2026-05-29 17:40:00+00:00,870.565002,870.947510,869.450012,869.717529,27720
2026-05-29 17:45:00+00:00,869.715027,869.715027,868.760010,869.450012,15415
2026-05-29 17:50:00+00:00,869.179993,869.580017,868.804382,869.000000,11519
2026-05-29 17:55:00+00:00,869.005005,869.005005,866.510071,866.679993,19659
2026-05-29 18:00:00+00:00,866.690002,867.890015,866.190002,867.390015,27577
2026-05-29 18:05:00+00:00,867.229980,868.929993,867.229980,868.679993,16844
2026-05-29 18:10:00+00:00,869.034973,870.319885,868.864990,869.440002,19750
2026-05-29 18:15:00+00:00,869.609985,870.000000,869.320007,869.320007,13964
2026-05-29 18:20:00+00:00,869.559998,869.669983,868.580017,868.929993,19475
2026-05-29 18:25:00+00:00,868.760010,869.809998,868.760010,868.989990,36587
2026-05-29 18:30:00+00:00,868.890015,870.494995,868.890015,870.494995,14841
2026-05-29 18:35:00+00:00,870.650024,870.859985,868.669983,869.163025,24675
2026-05-29 18:40:00+00:00,869.169983,870.520020,869.159973,869.890015,18485
2026-05-29 18:45:00+00:00,870.000000,870.070007,868.380005,869.474976,21683
2026-05-29 18:50:00+00:00,869.474976,870.099976,869.010010,869.010010,18174
2026-05-29 18:55:00+00:00,869.275024,869.909973,868.650085,869.010010,32471
2026-05-29 19:00:00+00:00,869.020020,869.719971,868.429993,869.710022,29297
2026-05-29 19:05:00+00:00,869.999878,870.700012,869.479980,870.484985,16167
2026-05-29 19:10:00+00:00,870.700012,870.840027,870.001282,870.001282,15277
2026-05-29 19:15:00+00:00,869.840027,870.489990,869.697571,870.335022,16881
2026-05-29 19:20:00+00:00,870.489990,871.429993,870.280029,870.510010,18862
2026-05-29 19:25:00+00:00,870.440002,871.760010,870.109985,870.260010,24795
2026-05-29 19:30:00+00:00,870.400024,872.469971,870.207520,872.020020,29699
2026-05-29 19:35:00+00:00,872.099976,872.289978,870.304993,870.539978,31074
2026-05-29 19:40:00+00:00,870.630005,871.479980,869.900024,870.145081,50796
2026-05-29 19:45:00+00:00,870.145020,871.825012,870.140015,870.820007,41579
2026-05-29 19:50:00+00:00,871.000000,873.270020,870.830017,871.869995,59924
2026-05-29 19:55:00+00:00,871.729980,876.520020,871.440002,875.700012,288266
2026-06-01 13:30:00+00:00,860.159973,871.750000,858.000000,870.614990,108184
2026-06-01 13:35:00+00:00,870.692505,871.169983,867.280029,868.250000,55611
2026-06-01 13:40:00+00:00,868.359985,873.770020,868.359985,870.919983,55593
2026-06-01 13:45:00+00:00,870.599976,872.429993,868.000000,868.559998,34637
2026-06-01 13:50:00+00:00,868.190002,869.530029,865.349976,866.770020,38256
2026-06-01 13:55:00+00:00,866.534973,868.760010,864.350830,866.320007,31461
2026-06-01 14:00:00+00:00,866.349976,868.104980,864.900024,867.715027,29676
2026-06-01 14:05:00+00:00,867.169983,868.429993,864.909973,866.494995,32075
2026-06-01 14:10:00+00:00,866.000000,866.000000,861.969971,862.049988,16517
2026-06-01 14:15:00+00:00,862.325012,862.739990,857.010010,857.309998,32838
2026-06-01 14:20:00+00:00,857.289978,859.689880,855.789978,858.859985,35345
2026-06-01 14:25:00+00:00,859.184998,861.479980,857.979980,860.489990,41329
2026-06-01 14:30:00+00:00,860.849976,861.085022,858.580017,859.979980,23590
2026-06-01 14:35:00+00:00,860.075012,861.650024,859.520020,859.614990,37948
2026-06-01 14:40:00+00:00,859.900024,860.164978,856.630005,857.325012,24038
2026-06-01 14:45:00+00:00,857.380005,857.919922,853.369995,855.260010,41452
2026-06-01 14:50:00+00:00,855.260010,857.559998,854.609985,856.770020,22342
2026-06-01 14:55:00+00:00,856.979980,858.630005,856.820007,858.190002,18520
2026-06-01 15:00:00+00:00,858.385010,860.025024,856.750000,860.025024,17927
2026-06-01 15:05:00+00:00,859.669983,860.500000,859.119995,860.109985,24708
2026-06-01 15:10:00+00:00,860.119995,861.340027,859.681030,860.669983,27264
2026-06-01 15:15:00+00:00,860.799988,861.242188,859.539978,859.539978,19201
2026-06-01 15:20:00+00:00,859.724976,861.780029,859.724976,860.229980,12211
2026-06-01 15:25:00+00:00,859.940002,860.294983,858.239990,859.010010,24170
2026-06-01 15:30:00+00:00,858.559998,861.104980,858.500000,859.799988,33630
2026-06-01 15:35:00+00:00,859.914978,860.210022,857.729980,858.340027,20949
2026-06-01 15:40:00+00:00,858.205017,859.989990,858.000122,859.989990,9599
2026-06-01 15:45:00+00:00,859.609985,860.169983,858.989990,859.284973,14600
2026-06-01 15:50:00+00:00,859.234985,860.039978,857.580017,857.580017,30416
2026-06-01 15:55:00+00:00,857.705017,857.705017,856.859985,857.580017,16684
2026-06-01 16:00:00+00:00,857.659973,859.190002,857.580017,858.039978,14312
2026-06-01 16:05:00+00:00,858.219971,858.639893,857.409973,857.989990,36510
2026-06-01 16:10:00+00:00,858.059998,858.590027,857.059998,857.375000,39992
2026-06-01 16:15:00+00:00,857.580017,858.020020,856.530029,857.789978,10724
2026-06-01 16:20:00+00:00,857.190002,858.210022,857.190002,858.145020,10153
2026-06-01 16:25:00+00:00,858.140015,858.489990,857.825012,858.239990,11348
2026-06-01 16:30:00+00:00,858.419983,862.000000,858.260010,862.000000,39460
2026-06-01 16:35:00+00:00,861.960022,864.769897,861.710022,864.380005,19139
2026-06-01 16:40:00+00:00,864.520020,864.520020,861.826721,862.184998,17281
2026-06-01 16:45:00+00:00,862.184998,863.325012,861.590027,862.330017,19122
2026-06-01 16:50:00+00:00,862.215027,863.499878,862.000000,863.275024,18151
2026-06-01 16:55:00+00:00,863.169983,863.359985,862.340088,862.992981,24671
2026-06-01 17:00:00+00:00,862.849976,863.000000,861.630005,861.965027,11865
2026-06-01 17:05:00+00:00,861.679993,862.849915,861.679993,862.414978,6635
2026-06-01 17:10:00+00:00,862.414978,862.760010,862.099976,862.429993,8470
2026-06-01 17:15:00+00:00,862.171509,863.880005,862.171509,863.880005,12642
2026-06-01 17:20:00+00:00,864.020020,864.020020,863.280029,863.419983,14819
2026-06-01 17:25:00+00:00,863.549988,864.140015,861.760010,863.929993,23831
2026-06-01 17:30:00+00:00,864.447510,864.619995,862.919983,863.219971,14084
2026-06-01 17:35:00+00:00,863.150024,863.270020,861.400024,861.590027,18937
2026-06-01 17:40:00+00:00,861.530029,864.969971,861.530029,862.020020,44627
2026-06-01 17:45:00+00:00,862.015015,862.250000,861.450012,861.900024,23158
2026-06-01 17:50:00+00:00,861.934998,863.505005,861.750000,863.505005,29435
2026-06-01 17:55:00+00:00,863.080078,863.679993,862.500000,863.369995,23938
2026-06-01 18:00:00+00:00,863.335022,863.859985,862.940002,863.090027,13245
2026-06-01 18:05:00+00:00,863.090027,863.260010,862.349976,863.010010,20494
2026-06-01 18:10:00+00:00,863.020020,863.359985,862.047974,862.349976,14273
2026-06-01 18:15:00+00:00,862.320007,863.133179,861.640076,862.809998,21668
2026-06-01 18:20:00+00:00,862.815002,864.000000,862.409973,862.619995,13388
2026-06-01 18:25:00+00:00,862.844971,863.299988,862.619995,862.989990,11756
2026-06-01 18:30:00+00:00,863.179993,863.179993,862.099976,862.215027,20263
2026-06-01 18:35:00+00:00,862.320007,862.840027,861.700012,862.659973,40539
2026-06-01 18:40:00+00:00,862.489990,863.710022,862.479980,863.604980,87847
2026-06-01 18:45:00+00:00,863.710022,863.804993,862.450012,862.960022,29709
2026-06-01 18:50:00+00:00,862.869995,863.630005,862.520020,863.299988,22284
2026-06-01 18:55:00+00:00,863.299988,864.309998,862.979980,863.700012,25711
2026-06-01 19:00:00+00:00,863.770020,865.000000,863.330017,864.065002,27899
2026-06-01 19:05:00+00:00,864.159973,865.090027,863.650024,863.952515,21886
2026-06-01 19:10:00+00:00,863.950012,864.380005,863.609985,864.119995,13264
2026-06-01 19:15:00+00:00,864.090027,864.130005,861.780029,861.780029,21933
2026-06-01 19:20:00+00:00,861.780029,864.565002,861.780029,864.565002,28270
2026-06-01 19:25:00+00:00,864.513672,867.469971,864.513672,865.594971,27427
2026-06-01 19:30:00+00:00,865.594971,866.000000,862.570007,863.775208,30302
2026-06-01 19:35:00+00:00,863.539978,864.270020,863.000000,864.265015,35129
2026-06-01 19:40:00+00:00,864.265015,865.190002,863.750000,865.190002,41064
2026-06-01 19:45:00+00:00,864.890015,866.400024,864.750000,865.994995,31808
2026-06-01 19:50:00+00:00,865.809998,868.659973,865.599976,867.000000,48633
2026-06-01 19:55:00+00:00,866.549988,867.200012,864.890015,865.335022,191121
2026-06-02 13:30:00+00:00,876.669983,895.340027,873.119995,893.929993,119898
2026-06-02 13:35:00+00:00,894.369995,897.599976,893.590027,896.500000,113432
2026-06-02 13:40:00+00:00,896.859985,898.578796,892.599976,892.659973,68976
2026-06-02 13:45:00+00:00,893.080017,894.539978,887.840088,888.669983,52575
2026-06-02 13:50:00+00:00,888.219971,890.330017,885.809998,890.000000,20412
2026-06-02 13:55:00+00:00,890.320007,892.500000,889.130005,891.145020,27742
2026-06-02 14:00:00+00:00,890.380005,891.890015,888.280029,889.340027,26538
2026-06-02 14:05:00+00:00,889.330017,889.340027,884.609985,887.227478,28546
2026-06-02 14:10:00+00:00,887.210022,887.260010,885.000000,885.960022,21063
2026-06-02 14:15:00+00:00,885.770020,888.440002,884.200989,886.859985,25895
2026-06-02 14:20:00+00:00,887.549988,892.250000,887.319092,891.945007,26024
2026-06-02 14:25:00+00:00,891.929993,892.979980,888.780029,889.729980,68663
2026-06-02 14:30:00+00:00,889.940002,896.839600,889.570129,895.950012,23851
2026-06-02 14:35:00+00:00,896.390015,898.500000,895.284973,898.500000,31318
2026-06-02 14:40:00+00:00,898.010010,899.854004,897.190002,899.150024,35441
2026-06-02 14:45:00+00:00,899.135010,899.799988,897.780029,899.760010,30059
2026-06-02 14:50:00+00:00,899.700012,902.499878,899.559998,901.320007,35877
2026-06-02 14:55:00+00:00,901.359985,903.000000,901.119690,902.455017,17500
2026-06-02 15:00:00+00:00,902.150085,905.000000,901.890015,903.525024,28445
2026-06-02 15:05:00+00:00,903.940002,905.323486,902.925781,905.109985,19103
2026-06-02 15:10:00+00:00,904.849976,905.292236,903.239624,903.414978,18681
2026-06-02 15:15:00+00:00,903.489990,906.317993,903.414978,905.219971,19601
2026-06-02 15:20:00+00:00,905.359985,906.460022,905.065002,905.356323,16656
2026-06-02 15:25:00+00:00,904.909973,906.400024,904.609985,905.460022,24826
2026-06-02 15:30:00+00:00,905.205017,906.179993,904.320007,905.830017,11663
2026-06-02 15:35:00+00:00,905.960022,906.400024,905.369995,905.640015,16819
2026-06-02 15:40:00+00:00,905.450012,906.326599,904.799988,905.739990,13434
2026-06-02 15:45:00+00:00,905.669983,905.979919,904.887207,905.250000,13369
2026-06-02 15:50:00+00:00,905.000000,905.729980,904.910095,905.500000,9921
2026-06-02 15:55:00+00:00,905.500000,905.530029,904.469971,904.940125,11596
2026-06-02 16:00:00+00:00,905.000000,905.000000,904.171082,904.326294,12231
2026-06-02 16:05:00+00:00,904.070007,904.315002,902.119995,902.280029,12906
2026-06-02 16:10:00+00:00,902.119995,903.760010,901.897522,903.400024,10059
2026-06-02 16:15:00+00:00,903.419983,903.419983,900.099976,900.905029,12089
2026-06-02 16:20:00+00:00,900.924988,903.239990,900.924988,903.090027,10811
2026-06-02 16:25:00+00:00,902.650024,902.799988,901.729980,902.659973,11115
2026-06-02 16:30:00+00:00,902.775208,904.000000,902.640015,904.000000,13689
2026-06-02 16:35:00+00:00,904.005005,904.607971,901.669983,902.849976,14054
2026-06-02 16:40:00+00:00,902.619995,904.989990,902.597290,904.570007,11531
2026-06-02 16:45:00+00:00,904.359985,905.185425,903.619995,905.145020,12649
2026-06-02 16:50:00+00:00,905.140015,905.405029,904.229980,904.229980,15607
2026-06-02 16:55:00+00:00,904.229980,904.599976,903.400024,903.809998,11938
2026-06-02 17:00:00+00:00,903.854980,904.690002,903.500000,903.974976,10331
2026-06-02 17:05:00+00:00,903.849976,904.200012,902.789978,903.010010,13544
2026-06-02 17:10:00+00:00,903.372498,903.830017,903.109985,903.799988,5550
2026-06-02 17:15:00+00:00,903.799988,904.500000,902.950012,903.229980,24435
2026-06-02 17:20:00+00:00,903.580017,903.799988,903.010010,903.349976,7903
2026-06-02 17:25:00+00:00,903.680176,903.680176,902.640015,902.969971,11850
2026-06-02 17:30:00+00:00,903.299988,904.215027,902.850098,903.530029,15867
2026-06-02 17:35:00+00:00,903.500000,903.729980,902.560120,902.789978,14837
2026-06-02 17:40:00+00:00,902.780029,903.820007,902.739990,903.794983,9639
2026-06-02 17:45:00+00:00,903.789978,904.265015,902.890015,903.679993,13119
2026-06-02 17:50:00+00:00,903.890015,904.344971,903.739990,904.299988,10947
2026-06-02 17:55:00+00:00,904.289978,904.900085,904.015015,904.604980,12051
2026-06-02 18:00:00+00:00,904.390930,905.219971,904.290100,905.219971,17630
2026-06-02 18:05:00+00:00,905.190002,906.190002,905.150024,905.674988,26383
2026-06-02 18:10:00+00:00,905.789917,906.215027,905.169983,906.049988,16720
2026-06-02 18:15:00+00:00,906.169983,906.229980,904.950012,905.960022,15801
2026-06-02 18:20:00+00:00,905.775024,907.075012,905.710022,907.075012,10885
2026-06-02 18:25:00+00:00,907.039978,907.780029,906.380005,906.479980,20688
2026-06-02 18:30:00+00:00,906.530029,907.330017,906.190002,907.330017,12037
2026-06-02 18:35:00+00:00,907.325012,907.809998,906.549988,906.549988,19582
2026-06-02 18:40:00+00:00,906.500000,907.409973,905.960083,906.945007,10929
2026-06-02 18:45:00+00:00,907.200012,907.585022,906.169983,907.409973,21382
2026-06-02 18:50:00+00:00,907.229980,907.919983,907.109985,907.830017,17075
2026-06-02 18:55:00+00:00,907.830017,908.609985,907.679993,908.489990,14256
2026-06-02 19:00:00+00:00,908.340027,908.649902,907.900024,908.109985,14831
2026-06-02 19:05:00+00:00,908.109985,908.224976,906.969971,906.969971,17482
2026-06-02 19:10:00+00:00,907.049988,907.109985,905.229980,905.614990,12882
2026-06-02 19:15:00+00:00,905.510010,906.979919,905.440002,906.184998,20545
2026-06-02 19:20:00+00:00,906.000000,907.630005,905.979980,907.195007,25605
2026-06-02 19:25:00+00:00,907.190002,909.000000,906.849976,908.750000,30448
2026-06-02 19:30:00+00:00,908.619995,909.229980,908.390015,909.005005,18477
2026-06-02 19:35:00+00:00,909.199890,909.500000,908.640015,909.195007,20441
2026-06-02 19:40:00+00:00,909.190002,909.989990,908.950012,909.412476,41426
2026-06-02 19:45:00+00:00,909.395020,910.599976,908.359985,910.599976,52749
2026-06-02 19:50:00+00:00,910.450012,911.530029,910.221680,911.309998,60241
2026-06-02 19:55:00+00:00,911.164978,911.960022,908.895020,910.080017,184461
2026-06-03 13:30:00+00:00,914.429993,925.138000,912.390015,924.022217,134201
2026-06-03 13:35:00+00:00,924.890015,928.549988,922.369995,926.890015,61387
2026-06-03 13:40:00+00:00,926.250000,926.820007,922.609985,922.859985,31094
2026-06-03 13:45:00+00:00,923.520020,923.590027,917.419983,917.599976,66344
2026-06-03 13:50:00+00:00,917.820007,922.645020,917.299988,919.909973,46554
2026-06-03 13:55:00+00:00,920.010010,923.849915,920.010010,923.000000,32940
2026-06-03 14:00:00+00:00,922.747498,924.469971,921.010010,921.590027,58305
2026-06-03 14:05:00+00:00,921.880005,925.770020,920.559998,925.479980,27129
2026-06-03 14:10:00+00:00,925.840027,930.155029,925.734985,928.580017,62269
2026-06-03 14:15:00+00:00,928.262390,930.760010,925.369995,925.625977,41986
2026-06-03 14:20:00+00:00,926.140015,927.244995,924.010010,927.195007,35553
2026-06-03 14:25:00+00:00,926.820007,930.694885,925.940002,930.380005,31290
2026-06-03 14:30:00+00:00,929.960022,932.729980,929.940002,931.140015,51561
2026-06-03 14:35:00+00:00,931.140076,935.721130,931.140076,935.109985,44530
2026-06-03 14:40:00+00:00,934.549988,934.549988,931.650024,932.900024,33969
2026-06-03 14:45:00+00:00,933.000000,935.000000,932.320007,933.929993,26114
2026-06-03 14:50:00+00:00,934.229980,935.780029,933.359985,935.359985,18585
2026-06-03 14:55:00+00:00,935.500000,936.710022,935.270081,936.280029,22724
2026-06-03 15:00:00+00:00,936.340027,936.359985,933.559998,934.835022,29749
2026-06-03 15:05:00+00:00,934.835022,934.835022,932.229980,934.460022,20529
2026-06-03 15:10:00+00:00,934.179993,934.700012,932.950012,933.974976,20383
2026-06-03 15:15:00+00:00,934.280029,936.020020,933.969971,935.659973,18649
2026-06-03 15:20:00+00:00,935.650024,935.650024,932.700012,933.559998,13320
2026-06-03 15:25:00+00:00,933.530029,933.770020,931.659973,933.590027,25653
2026-06-03 15:30:00+00:00,933.511475,934.974976,933.150024,933.405029,19645
2026-06-03 15:35:00+00:00,933.405029,933.559875,931.405029,932.710022,20036
2026-06-03 15:40:00+00:00,932.830017,933.090027,930.190002,930.440002,17070
2026-06-03 15:45:00+00:00,930.400024,930.700012,928.299988,930.199890,27166
2026-06-03 15:50:00+00:00,930.409973,930.950012,928.781006,929.380005,14415
2026-06-03 15:55:00+00:00,929.349976,930.390015,929.059998,930.059998,14360
2026-06-03 16:00:00+00:00,930.114990,930.340027,927.320129,928.510010,12920
2026-06-03 16:05:00+00:00,928.549988,929.414124,928.039978,928.599976,14904
2026-06-03 16:10:00+00:00,929.065002,929.580017,929.049988,929.349976,8764
2026-06-03 16:15:00+00:00,929.119995,929.349976,927.679993,928.200012,11016
2026-06-03 16:20:00+00:00,928.072876,928.539978,925.429993,925.489990,11970
2026-06-03 16:25:00+00:00,925.400024,926.759888,924.905029,925.494995,16021
2026-06-03 16:30:00+00:00,925.659973,926.830017,925.300110,925.859985,11169
2026-06-03 16:35:00+00:00,925.864990,925.989990,924.710022,925.059998,9629
2026-06-03 16:40:00+00:00,925.025024,925.025024,923.309998,924.697998,13919
2026-06-03 16:45:00+00:00,924.729980,924.900024,923.922485,924.700012,11312
2026-06-03 16:50:00+00:00,924.760010,925.119995,923.740112,924.950012,10482
2026-06-03 16:55:00+00:00,924.505005,925.710022,924.010010,925.039978,7829
2026-06-03 17:00:00+00:00,924.794983,925.280029,924.049988,924.085022,9339
2026-06-03 17:05:00+00:00,924.309998,925.789978,923.880127,924.659973,12509
2026-06-03 17:10:00+00:00,924.719971,925.049988,922.911926,923.604980,12702
2026-06-03 17:15:00+00:00,923.869995,924.299988,923.330017,923.965027,6785
2026-06-03 17:20:00+00:00,924.149902,924.530029,923.320007,923.500000,13007
2026-06-03 17:25:00+00:00,923.669983,924.119995,923.440002,923.450073,6614
2026-06-03 17:30:00+00:00,923.460022,924.015076,922.799988,923.960022,10214
2026-06-03 17:35:00+00:00,923.969971,924.434998,923.750000,924.280029,5549
2026-06-03 17:40:00+00:00,924.380005,924.789978,924.190002,924.385071,11851
2026-06-03 17:45:00+00:00,924.190125,924.579895,923.601318,923.880005,9595
2026-06-03 17:50:00+00:00,923.804993,925.669983,923.804993,925.414978,10771
2026-06-03 17:55:00+00:00,925.390015,926.309998,925.390015,926.190002,9796
2026-06-03 18:00:00+00:00,926.400024,926.400024,925.349976,925.590027,9065
2026-06-03 18:05:00+00:00,925.719971,926.069885,925.372192,926.049988,9683
2026-06-03 18:10:00+00:00,925.835022,926.499390,924.820007,924.890015,10994
2026-06-03 18:15:00+00:00,924.789978,924.789978,923.515015,924.054993,9227
2026-06-03 18:20:00+00:00,923.849976,924.724976,923.460022,924.530029,8283
2026-06-03 18:25:00+00:00,924.599976,926.070007,924.276001,926.070007,11001
2026-06-03 18:30:00+00:00,925.979980,926.049988,924.989990,925.049988,14173
2026-06-03 18:35:00+00:00,925.049988,925.090027,924.361694,924.657104,10656
2026-06-03 18:40:00+00:00,924.520020,925.835022,924.520020,924.989990,30470
2026-06-03 18:45:00+00:00,925.219971,925.219971,924.530090,924.549988,10273
2026-06-03 18:50:00+00:00,924.559998,925.750000,924.520020,925.580017,14015
2026-06-03 18:55:00+00:00,925.479980,926.150024,925.330017,926.020020,11634
2026-06-03 19:00:00+00:00,925.840027,926.309998,925.590027,925.770081,11387
2026-06-03 19:05:00+00:00,926.075012,927.090027,925.799988,926.914978,10744
2026-06-03 19:10:00+00:00,926.914978,926.914978,925.770081,925.989990,14099
2026-06-03 19:15:00+00:00,925.984985,926.570007,925.155029,925.244995,31944
2026-06-03 19:20:00+00:00,925.450012,926.489990,925.340027,925.844971,11763
2026-06-03 19:25:00+00:00,925.984985,926.169983,925.669983,926.039978,15397
2026-06-03 19:30:00+00:00,926.049988,926.890015,925.719971,926.799988,20234
2026-06-03 19:35:00+00:00,926.789978,929.119995,926.659973,928.979980,22446
2026-06-03 19:40:00+00:00,928.969971,929.710022,927.229980,927.280029,31931
2026-06-03 19:45:00+00:00,926.955017,928.659973,926.897522,928.469971,25701
2026-06-03 19:50:00+00:00,928.294983,931.000000,927.409973,930.854980,49424
2026-06-03 19:55:00+00:00,930.679993,931.250000,926.239990,926.419983,175898
2026-06-04 13:30:00+00:00,913.984985,914.000000,903.000000,914.000000,216047
2026-06-04 13:35:00+00:00,913.369995,915.099976,910.272705,911.265015,59703
2026-06-04 13:40:00+00:00,911.400024,913.979980,906.229980,910.145020,52064
2026-06-04 13:45:00+00:00,910.159973,916.311096,908.674988,914.280029,34676
2026-06-04 13:50:00+00:00,914.549988,918.809998,912.869995,915.304993,45907
2026-06-04 13:55:00+00:00,915.210022,916.629517,911.395020,911.395020,27930
2026-06-04 14:00:00+00:00,911.395020,913.445007,908.000000,908.909973,36028
2026-06-04 14:05:00+00:00,908.909973,911.070007,906.169983,910.695007,29161
2026-06-04 14:10:00+00:00,911.270020,917.000000,910.590027,916.549988,29968
2026-06-04 14:15:00+00:00,916.554993,920.210022,914.219971,920.150024,31746
2026-06-04 14:20:00+00:00,919.539978,923.000000,918.224976,922.929993,19849
2026-06-04 14:25:00+00:00,922.929993,924.849976,921.490112,923.804993,37223
2026-06-04 14:30:00+00:00,923.710022,925.789978,922.289978,924.719971,26807
2026-06-04 14:35:00+00:00,924.719971,925.580017,923.213989,923.625000,16075
2026-06-04 14:40:00+00:00,923.625000,924.215027,921.090027,921.390015,24491
2026-06-04 14:45:00+00:00,921.799988,923.299988,920.604980,923.299988,23947
2026-06-04 14:50:00+00:00,923.299988,927.289978,923.039978,927.080017,27294
2026-06-04 14:55:00+00:00,927.080017,931.449890,926.830017,930.695007,35580
2026-06-04 15:00:00+00:00,930.239990,931.400024,930.239990,931.039978,18169
2026-06-04 15:05:00+00:00,931.659973,935.210022,931.659973,934.532471,24462
2026-06-04 15:10:00+00:00,934.965027,936.000000,934.030029,934.424988,19904
2026-06-04 15:15:00+00:00,934.424988,936.080017,934.010010,934.065002,28279
2026-06-04 15:20:00+00:00,934.020020,935.150024,933.420105,934.494995,17857
2026-06-04 15:25:00+00:00,934.210022,935.880005,933.679993,935.565002,18371
2026-06-04 15:30:00+00:00,935.869995,936.539978,933.549988,933.960022,24718
2026-06-04 15:35:00+00:00,933.960022,935.039978,933.419983,935.020020,15206
2026-06-04 15:40:00+00:00,934.690002,934.825012,932.799988,933.510010,15728
2026-06-04 15:45:00+00:00,933.599976,933.880005,931.580017,931.580017,19361
2026-06-04 15:50:00+00:00,931.760010,934.789978,931.710022,933.695007,17551
2026-06-04 15:55:00+00:00,933.630005,935.405029,933.549988,934.869995,22603
2026-06-04 16:00:00+00:00,935.114990,936.140015,934.690002,934.780029,18588
2026-06-04 16:05:00+00:00,934.580017,937.879883,934.075195,937.544983,24929
2026-06-04 16:10:00+00:00,937.679993,938.739990,937.119995,937.809998,25273
2026-06-04 16:15:00+00:00,937.849976,940.400024,937.784973,940.190125,27598
2026-06-04 16:20:00+00:00,940.520020,941.594971,940.223328,941.479980,20205
2026-06-04 16:25:00+00:00,941.500000,943.262512,941.280029,942.635010,19150
2026-06-04 16:30:00+00:00,942.520020,942.679993,939.835022,940.000000,20162
2026-06-04 16:35:00+00:00,940.760010,940.890015,939.490112,940.309998,10757
2026-06-04 16:40:00+00:00,940.250000,940.469971,939.179993,939.184998,11306
2026-06-04 16:45:00+00:00,939.265015,940.509888,938.239990,939.570007,22267
2026-06-04 16:50:00+00:00,939.604980,939.799988,938.600098,938.600098,27189
2026-06-04 16:55:00+00:00,938.859985,940.250000,938.630005,939.585022,27648
2026-06-04 17:00:00+00:00,939.380005,940.030029,938.010010,938.289978,21512
2026-06-04 17:05:00+00:00,938.289978,939.020020,937.450012,938.885010,15258
2026-06-04 17:10:00+00:00,938.719971,939.260010,937.940002,938.119995,14320
2026-06-04 17:15:00+00:00,938.234985,939.659973,938.119995,939.534973,19092
2026-06-04 17:20:00+00:00,939.710022,940.094971,938.390015,939.510010,15012
2026-06-04 17:25:00+00:00,939.030029,939.729980,938.419983,939.390015,9790
2026-06-04 17:30:00+00:00,939.690002,940.510010,939.400024,939.760010,21179
2026-06-04 17:35:00+00:00,939.859985,939.989929,938.219971,939.369995,38755
2026-06-04 17:40:00+00:00,939.140015,940.005005,939.140015,939.510010,15191
2026-06-04 17:45:00+00:00,939.414978,939.469971,938.489990,939.330017,23083
2026-06-04 17:50:00+00:00,939.590027,939.869995,938.570007,938.659973,16740
2026-06-04 17:55:00+00:00,938.659973,939.750000,938.659973,939.190002,15372
2026-06-04 18:00:00+00:00,939.070007,939.219971,937.789978,938.239990,21342
2026-06-04 18:05:00+00:00,938.429993,939.530029,938.429993,939.320007,14418
2026-06-04 18:10:00+00:00,939.280029,939.369995,938.729980,938.729980,12612
2026-06-04 18:15:00+00:00,938.710022,939.651001,938.090027,939.651001,20099
2026-06-04 18:20:00+00:00,939.559998,940.789917,939.559998,939.989990,15643
2026-06-04 18:25:00+00:00,939.989990,941.460022,939.793030,941.364990,25029
2026-06-04 18:30:00+00:00,941.375000,941.919983,941.080017,941.500000,14539
2026-06-04 18:35:00+00:00,941.170105,941.479980,940.070007,940.289978,11473
2026-06-04 18:40:00+00:00,940.570007,941.690002,940.179993,941.219971,11062
2026-06-04 18:45:00+00:00,941.294983,942.440002,940.815002,941.994995,11375
2026-06-04 18:50:00+00:00,942.090027,942.570007,942.000122,942.400024,11044
2026-06-04 18:55:00+00:00,942.400024,942.479980,941.309998,941.760010,13852
2026-06-04 19:00:00+00:00,941.664978,943.179993,941.575012,943.039978,15603
2026-06-04 19:05:00+00:00,942.969971,943.900024,942.969971,943.111389,18147
2026-06-04 19:10:00+00:00,943.169983,943.179993,941.400024,942.659973,22326
2026-06-04 19:15:00+00:00,942.750000,943.015015,941.820007,942.869995,14140
2026-06-04 19:20:00+00:00,942.770081,945.280029,942.770081,945.260010,36420
2026-06-04 19:25:00+00:00,944.950012,946.830017,944.909973,946.354980,34043
2026-06-04 19:30:00+00:00,946.330017,946.347473,945.250000,946.020020,27227
2026-06-04 19:35:00+00:00,946.065002,946.065002,943.869995,943.880005,33539
2026-06-04 19:40:00+00:00,943.659973,943.659973,940.299988,940.659973,32302
2026-06-04 19:45:00+00:00,940.770020,941.190002,939.340027,940.390015,40652
2026-06-04 19:50:00+00:00,940.289978,945.000000,939.890015,941.594971,110890
2026-06-04 19:55:00+00:00,941.320007,941.770020,938.950012,940.289978,114814
2026-06-05 13:30:00+00:00,929.929993,934.030029,917.739990,919.525024,120760
2026-06-05 13:35:00+00:00,918.049988,919.401001,911.659973,912.859985,33384
2026-06-05 13:40:00+00:00,913.424988,915.674988,911.400024,912.250000,32403
2026-06-05 13:45:00+00:00,913.445007,918.155029,913.320007,915.340027,29462
2026-06-05 13:50:00+00:00,916.289978,922.989929,915.099976,922.989929,37625
2026-06-05 13:55:00+00:00,921.799988,922.099976,916.000000,916.280029,235522
2026-06-05 14:00:00+00:00,916.534973,922.960022,913.719971,921.760010,31032
2026-06-05 14:05:00+00:00,921.654419,925.999878,920.340027,924.840027,24022
2026-06-05 14:10:00+00:00,924.510071,927.000000,923.719971,925.150024,21638
2026-06-05 14:15:00+00:00,925.849976,927.629883,924.010071,927.500000,25339
2026-06-05 14:20:00+00:00,927.479980,928.452271,923.950012,925.210022,26171
2026-06-05 14:25:00+00:00,925.440002,925.445007,921.950012,921.950012,19737
2026-06-05 14:30:00+00:00,922.395020,926.030029,922.395020,926.030029,22499
2026-06-05 14:35:00+00:00,925.835022,928.989929,925.835022,928.989929,30217
2026-06-05 14:40:00+00:00,928.119995,929.030029,925.320007,926.460022,21512
2026-06-05 14:45:00+00:00,926.809998,927.469910,924.400024,925.414978,17611
2026-06-05 14:50:00+00:00,924.692017,927.479980,924.692017,927.304993,18096
2026-06-05 14:55:00+00:00,927.299988,928.489990,926.500000,927.869995,14670
2026-06-05 15:00:00+00:00,927.809998,928.150024,925.630005,926.025024,11896
2026-06-05 15:05:00+00:00,926.025024,926.130005,923.739990,923.739990,19152
2026-06-05 15:10:00+00:00,923.349976,923.750000,921.809998,922.940002,22274
2026-06-05 15:15:00+00:00,922.619995,924.179993,922.030029,922.960022,11904
2026-06-05 15:20:00+00:00,923.270020,924.330017,921.300110,921.724976,12251
2026-06-05 15:25:00+00:00,921.330017,922.559998,920.539978,921.450012,20951
2026-06-05 15:30:00+00:00,921.450012,922.879883,920.330078,921.405029,17995
2026-06-05 15:35:00+00:00,921.219971,921.630005,918.679993,919.159973,15596
2026-06-05 15:40:00+00:00,918.929993,920.150024,917.770020,918.710022,17562
2026-06-05 15:45:00+00:00,918.715027,920.219971,918.715027,918.900024,8742
2026-06-05 15:50:00+00:00,918.900024,921.090027,918.900024,920.635010,14157
2026-06-05 15:55:00+00:00,920.830017,921.080017,919.419983,919.854980,13114
2026-06-05 16:00:00+00:00,919.429993,920.880005,919.039978,920.020020,10517
2026-06-05 16:05:00+00:00,919.750000,919.820007,917.030029,917.789978,12942
2026-06-05 16:10:00+00:00,917.400024,918.759888,917.289978,917.580017,11846
2026-06-05 16:15:00+00:00,917.770020,917.780029,915.000000,915.000000,13595
2026-06-05 16:20:00+00:00,914.859985,916.619873,914.849976,916.349976,12902
2026-06-05 16:25:00+00:00,916.419983,917.445007,915.010010,915.020020,14242
2026-06-05 16:30:00+00:00,915.239990,915.770020,913.770020,915.489990,14959
2026-06-05 16:35:00+00:00,914.979980,915.599976,914.000000,914.655029,10847
2026-06-05 16:40:00+00:00,914.330017,914.330017,912.169983,912.575012,13270
2026-06-05 16:45:00+00:00,912.635010,913.000000,910.400085,912.919983,18272
2026-06-05 16:50:00+00:00,913.549988,916.270020,912.000000,915.979980,16743
2026-06-05 16:55:00+00:00,917.349976,917.349976,914.219971,916.119995,15610
2026-06-05 17:00:00+00:00,915.549988,915.794983,913.130005,913.890015,13281
2026-06-05 17:05:00+00:00,914.005005,914.034973,911.440002,912.049988,15405
2026-06-05 17:10:00+00:00,912.260010,912.619995,910.950012,911.474976,13647
2026-06-05 17:15:00+00:00,911.809998,911.820007,910.170105,911.679993,11184
2026-06-05 17:20:00+00:00,911.969971,914.080017,910.830017,914.020020,11367
2026-06-05 17:25:00+00:00,914.820007,914.820007,912.669983,912.950012,11237
2026-06-05 17:30:00+00:00,913.210022,913.679993,912.099976,913.294983,17039
2026-06-05 17:35:00+00:00,913.539978,914.640015,913.270020,914.515015,6705
2026-06-05 17:40:00+00:00,914.020020,914.409973,909.619995,909.934998,25832
2026-06-05 17:45:00+00:00,909.945007,911.169983,909.560120,910.315002,11620
2026-06-05 17:50:00+00:00,910.320007,911.684998,910.320007,911.330017,13184
2026-06-05 17:55:00+00:00,911.489990,912.835022,911.330017,912.700012,8040
2026-06-05 18:00:00+00:00,912.510010,913.010010,910.900024,911.039978,17065
2026-06-05 18:05:00+00:00,910.854980,911.159973,909.500000,909.500000,14456
2026-06-05 18:10:00+00:00,909.255005,910.184998,908.479980,908.767517,14250
2026-06-05 18:15:00+00:00,908.630005,910.169983,907.500000,909.250000,15069
2026-06-05 18:20:00+00:00,909.352478,910.169983,908.510010,908.510010,12273
2026-06-05 18:25:00+00:00,909.000000,909.000000,907.059998,908.104980,21081
2026-06-05 18:30:00+00:00,908.104980,908.409912,906.859985,907.299988,17485
2026-06-05 18:35:00+00:00,907.135010,907.159973,905.445007,906.169983,23851
2026-06-05 18:40:00+00:00,905.965027,906.010010,904.705017,905.299988,40970
2026-06-05 18:45:00+00:00,905.179993,905.179993,901.979980,904.190002,30213
2026-06-05 18:50:00+00:00,903.479980,903.789978,901.500000,902.650024,14862
2026-06-05 18:55:00+00:00,902.770020,906.690002,902.159973,905.909973,26820
2026-06-05 19:00:00+00:00,905.369995,907.349976,903.840027,906.659973,20699
2026-06-05 19:05:00+00:00,906.775024,907.989929,904.224976,904.844971,24260
2026-06-05 19:10:00+00:00,905.090027,905.179871,902.869995,903.760010,38487
2026-06-05 19:15:00+00:00,903.789978,903.789978,901.710022,902.440002,27905
2026-06-05 19:20:00+00:00,902.434998,903.659973,901.684998,903.244995,22715
2026-06-05 19:25:00+00:00,903.250000,906.000000,903.244995,905.979980,33057
2026-06-05 19:30:00+00:00,906.085022,906.280029,903.000000,904.510010,27813
2026-06-05 19:35:00+00:00,904.732483,906.409973,904.729980,905.619995,50314
2026-06-05 19:40:00+00:00,905.640015,906.058472,903.580017,905.015015,44319
2026-06-05 19:45:00+00:00,904.989990,907.164978,904.205017,905.799988,326328
2026-06-05 19:50:00+00:00,905.609985,907.890015,905.309998,906.340027,51819
2026-06-05 19:55:00+00:00,906.250000,906.440002,903.770020,904.419983,135600
2026-06-08 13:30:00+00:00,917.000000,927.340027,911.880005,922.469971,101858
2026-06-08 13:35:00+00:00,922.825012,922.825012,911.047485,911.330017,35045
2026-06-08 13:40:00+00:00,911.171021,911.869995,907.130005,909.140015,45358
2026-06-08 13:45:00+00:00,909.080017,914.049988,909.039978,912.049988,46695
2026-06-08 13:50:00+00:00,912.039978,913.000000,908.186401,910.280029,25686
2026-06-08 13:55:00+00:00,910.474976,911.080017,905.190002,906.140015,17467
2026-06-08 14:00:00+00:00,905.830017,908.859985,904.330017,904.770020,26504
2026-06-08 14:05:00+00:00,905.325012,909.369873,904.770020,909.020020,20902
2026-06-08 14:10:00+00:00,909.020020,909.530029,906.190002,906.599976,18955
2026-06-08 14:15:00+00:00,906.030029,907.710022,904.870117,906.349976,13227
2026-06-08 14:20:00+00:00,907.000000,908.780029,906.090088,907.909973,12520
2026-06-08 14:25:00+00:00,908.575012,911.700012,907.890015,910.500000,18165
2026-06-08 14:30:00+00:00,909.765015,911.929993,909.765015,911.669983,14308
2026-06-08 14:35:00+00:00,911.820007,914.929993,910.700012,914.929993,39395
2026-06-08 14:40:00+00:00,914.969971,915.280029,910.494995,912.419983,16031
2026-06-08 14:45:00+00:00,912.294983,913.059998,911.140015,911.354980,24418
2026-06-08 14:50:00+00:00,911.354980,912.609985,911.150024,911.179993,11406
2026-06-08 14:55:00+00:00,911.179993,911.549988,908.750000,910.450073,12555
2026-06-08 15:00:00+00:00,911.094971,911.599976,909.094971,909.500000,12262
2026-06-08 15:05:00+00:00,909.309998,911.000000,909.309998,909.880005,7390
2026-06-08 15:10:00+00:00,909.934998,910.330017,909.114990,909.114990,15349
2026-06-08 15:15:00+00:00,909.200012,910.820007,909.049988,910.655029,15553
2026-06-08 15:20:00+00:00,910.520020,911.000000,907.919983,908.559998,36985
2026-06-08 15:25:00+00:00,908.659973,909.067505,907.729980,908.289978,15141
2026-06-08 15:30:00+00:00,908.539978,908.630005,904.530029,905.315002,24633
2026-06-08 15:35:00+00:00,904.909973,909.640015,904.674988,909.049988,47544
2026-06-08 15:40:00+00:00,909.049988,910.109985,908.380005,909.390015,17045
2026-06-08 15:45:00+00:00,909.799988,910.400024,908.500000,908.500000,8451
2026-06-08 15:50:00+00:00,908.690002,910.659973,908.534973,909.450012,6366
2026-06-08 15:55:00+00:00,909.010010,909.390015,908.030029,909.390015,9130
2026-06-08 16:00:00+00:00,909.390015,909.390015,907.869995,908.179993,9910
2026-06-08 16:05:00+00:00,908.395020,909.689026,907.919983,908.520020,11496
2026-06-08 16:10:00+00:00,908.380005,910.219177,907.479980,909.742493,8237
2026-06-08 16:15:00+00:00,909.799988,910.270020,909.239990,909.640015,10680
2026-06-08 16:20:00+00:00,910.000000,911.070007,908.587524,908.950012,14248
2026-06-08 16:25:00+00:00,908.849976,909.590027,907.510010,907.650024,11229
2026-06-08 16:30:00+00:00,907.463013,908.150024,907.463013,907.510010,13232
2026-06-08 16:35:00+00:00,907.690002,907.900024,905.980103,905.980103,13427
2026-06-08 16:40:00+00:00,906.109985,908.059998,905.835022,907.275024,8067
2026-06-08 16:45:00+00:00,907.530029,908.979980,907.150024,907.739990,12925
2026-06-08 16:50:00+00:00,907.719971,908.059998,907.400085,908.044983,7374
2026-06-08 16:55:00+00:00,907.960022,907.960022,906.070007,906.330017,9507
2026-06-08 17:00:00+00:00,906.340027,906.340027,904.130005,904.627991,15997
2026-06-08 17:05:00+00:00,904.820007,905.500000,903.219971,903.460022,11503
2026-06-08 17:10:00+00:00,903.460022,904.190002,902.734985,903.960022,13770
2026-06-08 17:15:00+00:00,904.590027,904.739990,903.359985,903.580017,12671
2026-06-08 17:20:00+00:00,903.715027,905.049988,903.515015,904.652527,7905
2026-06-08 17:25:00+00:00,904.659973,906.234985,904.309998,906.000000,11142
2026-06-08 17:30:00+00:00,905.799988,906.320007,903.150085,903.150085,17044
2026-06-08 17:35:00+00:00,904.000000,905.630005,903.429993,905.164978,9171
2026-06-08 17:40:00+00:00,905.474976,906.400024,904.820129,905.715881,12068
2026-06-08 17:45:00+00:00,905.869995,907.219971,905.869995,906.907471,25775
2026-06-08 17:50:00+00:00,906.945007,908.500000,906.945007,908.174988,18296
2026-06-08 17:55:00+00:00,908.169983,908.530029,907.401978,907.955017,15276
2026-06-08 18:00:00+00:00,908.000000,908.599976,907.419983,908.289978,24584
2026-06-08 18:05:00+00:00,907.929993,908.650024,907.554993,908.315002,14234
2026-06-08 18:10:00+00:00,908.320007,908.609985,907.000000,907.359985,11621
2026-06-08 18:15:00+00:00,907.580017,908.284973,907.409973,907.909973,14485
2026-06-08 18:20:00+00:00,908.090027,908.549988,907.369995,908.534973,15593
2026-06-08 18:25:00+00:00,908.469971,911.885010,908.159973,911.750000,17753
2026-06-08 18:30:00+00:00,912.549988,913.599976,911.659973,912.369995,26098
2026-06-08 18:35:00+00:00,912.950012,914.330017,912.218811,913.000000,12334
2026-06-08 18:40:00+00:00,912.799988,913.000000,910.760010,911.400024,14891
2026-06-08 18:45:00+00:00,911.465027,912.289978,911.159973,911.190002,14443
2026-06-08 18:50:00+00:00,911.150024,912.080017,911.150024,911.979980,9084
2026-06-08 18:55:00+00:00,911.934998,912.094971,910.854980,911.169922,14984
2026-06-08 19:00:00+00:00,910.969971,913.099976,909.429993,913.085022,41337
2026-06-08 19:05:00+00:00,913.054993,913.400024,911.990112,912.409973,12232
2026-06-08 19:10:00+00:00,912.080017,912.479980,910.989990,911.312500,23960
2026-06-08 19:15:00+00:00,911.304993,912.479980,911.155029,912.414978,14397
2026-06-08 19:20:00+00:00,912.479980,913.804993,910.280029,910.280029,44374
2026-06-08 19:25:00+00:00,910.354980,912.869995,909.580017,912.460022,77676
2026-06-08 19:30:00+00:00,912.270020,914.369995,911.450012,914.369995,53788
2026-06-08 19:35:00+00:00,914.210022,914.700012,912.200012,912.510010,43542
2026-06-08 19:40:00+00:00,912.359985,912.440002,911.169983,911.859985,20365
2026-06-08 19:45:00+00:00,912.380005,912.919983,911.479980,911.979980,19974
2026-06-08 19:50:00+00:00,912.219971,915.609985,910.729980,914.174988,66661
2026-06-08 19:55:00+00:00,913.940002,916.059998,911.809998,915.210022,182362
2026-06-09 13:30:00+00:00,927.489990,933.749878,923.346375,929.999878,72827
2026-06-09 13:35:00+00:00,927.270020,931.760010,922.070007,929.875000,33211
2026-06-09 13:40:00+00:00,929.771423,934.000000,929.489990,930.114990,44664
2026-06-09 13:45:00+00:00,930.369995,937.940002,929.145203,937.187622,45873
2026-06-09 13:50:00+00:00,937.539978,938.179993,933.549988,934.625000,20849
2026-06-09 13:55:00+00:00,934.000000,936.679993,933.039978,933.770020,22542
2026-06-09 14:00:00+00:00,933.000000,936.999878,932.479980,933.294983,24991
2026-06-09 14:05:00+00:00,932.099976,934.570923,928.000000,928.000000,19508
2026-06-09 14:10:00+00:00,927.816895,928.344971,920.320007,921.000000,23348
2026-06-09 14:15:00+00:00,920.140015,921.679993,913.419983,915.400024,32128
2026-06-09 14:20:00+00:00,915.674988,922.340027,914.179993,922.340027,27673
2026-06-09 14:25:00+00:00,922.340027,925.000000,921.409973,923.049988,30725
2026-06-09 14:30:00+00:00,923.539978,925.419983,918.900024,923.395020,39490
2026-06-09 14:35:00+00:00,922.330017,922.539978,918.450012,919.630005,11846
2026-06-09 14:40:00+00:00,919.789978,920.388977,912.260071,913.094971,29388
2026-06-09 14:45:00+00:00,913.489990,914.200012,905.809998,906.104980,37016
2026-06-09 14:50:00+00:00,906.604980,912.669983,905.739990,912.669983,34659
2026-06-09 14:55:00+00:00,913.219971,914.400024,909.030029,914.284973,22487
2026-06-09 15:00:00+00:00,914.359985,915.214600,909.549988,911.049988,19675
2026-06-09 15:05:00+00:00,910.984985,912.859985,908.719971,911.630005,200461
2026-06-09 15:10:00+00:00,913.869995,913.869995,909.000000,910.750000,19129
2026-06-09 15:15:00+00:00,910.960022,911.289978,907.029602,908.070007,17491
2026-06-09 15:20:00+00:00,907.835022,909.409973,901.099976,901.440002,40223
2026-06-09 15:25:00+00:00,901.150024,901.150024,892.059998,892.854980,52137
2026-06-09 15:30:00+00:00,892.854980,894.919983,891.119995,893.489990,40948
2026-06-09 15:35:00+00:00,893.744995,897.190002,893.109985,896.130005,25935
2026-06-09 15:40:00+00:00,897.065002,902.419983,897.010010,900.929993,43801
2026-06-09 15:45:00+00:00,901.320007,901.809875,899.960022,900.599976,20222
2026-06-09 15:50:00+00:00,900.854980,902.349976,898.224976,898.224976,14727
2026-06-09 15:55:00+00:00,899.460022,900.400024,892.460022,892.460022,32309
2026-06-09 16:00:00+00:00,892.219971,897.090027,891.760010,896.156372,23852
2026-06-09 16:05:00+00:00,895.020020,895.690002,889.070007,890.940002,33215
2026-06-09 16:10:00+00:00,890.174988,892.369995,887.539978,889.590027,26843
2026-06-09 16:15:00+00:00,889.799988,890.330017,882.510986,882.900024,33593
2026-06-09 16:20:00+00:00,883.440002,888.859985,882.900024,887.780029,36895
2026-06-09 16:25:00+00:00,888.750000,891.989990,887.650024,888.559998,23951
2026-06-09 16:30:00+00:00,887.940002,889.419983,884.560120,886.640015,31933
2026-06-09 16:35:00+00:00,886.655029,891.159973,876.989990,878.275024,53070
2026-06-09 16:40:00+00:00,878.275024,883.015015,877.150024,882.219971,27849
2026-06-09 16:45:00+00:00,882.049988,886.719910,881.570129,883.609985,28751
2026-06-09 16:50:00+00:00,883.909973,884.780029,879.950012,880.052490,31205
2026-06-09 16:55:00+00:00,880.090027,886.750000,879.830078,885.750000,28711
2026-06-09 17:00:00+00:00,885.729980,889.849976,884.500000,889.409973,28875
2026-06-09 17:05:00+00:00,889.000000,891.642700,888.536011,890.875000,29471
2026-06-09 17:10:00+00:00,890.875000,893.460022,888.479980,892.229980,47681
2026-06-09 17:15:00+00:00,892.224976,897.015015,890.219971,896.780029,34073
2026-06-09 17:20:00+00:00,897.169983,898.895020,895.695007,897.719971,31674
2026-06-09 17:25:00+00:00,897.590027,899.529907,896.609985,898.695007,13940
2026-06-09 17:30:00+00:00,898.820007,900.960022,896.700012,900.880005,21814
2026-06-09 17:35:00+00:00,900.905029,904.059998,900.559998,903.590027,20192
2026-06-09 17:40:00+00:00,903.580017,908.359924,903.400024,906.469971,21699
2026-06-09 17:45:00+00:00,905.655029,905.819885,900.580017,901.669983,20615
2026-06-09 17:50:00+00:00,901.929993,904.030029,901.119995,902.090027,12889
2026-06-09 17:55:00+00:00,902.469971,903.799988,901.609985,902.099976,19040
2026-06-09 18:00:00+00:00,902.469971,903.515503,900.510010,901.750000,9710
2026-06-09 18:05:00+00:00,901.215027,903.130005,901.215027,902.909973,18461
2026-06-09 18:10:00+00:00,902.940002,904.114990,901.460022,903.770020,14425
2026-06-09 18:15:00+00:00,903.650024,906.289978,902.719971,906.289978,60160
2026-06-09 18:20:00+00:00,906.400024,909.209595,905.390015,908.590027,15625
2026-06-09 18:25:00+00:00,908.924988,909.989929,907.460022,909.000000,18050
2026-06-09 18:30:00+00:00,909.395020,912.070007,909.109985,911.674988,20694
2026-06-09 18:35:00+00:00,911.580017,913.654297,910.760010,913.063721,14811
2026-06-09 18:40:00+00:00,912.789978,913.159973,908.859985,909.750000,22085
2026-06-09 18:45:00+00:00,909.755005,911.479980,908.979980,911.344971,17733
2026-06-09 18:50:00+00:00,911.039978,912.099976,910.109985,911.270020,13654
2026-06-09 18:55:00+00:00,911.440002,915.340027,911.414978,914.299988,23499
2026-06-09 19:00:00+00:00,914.469971,915.482178,912.871582,915.380005,20775
2026-06-09 19:05:00+00:00,915.390015,916.500000,914.820007,915.479980,21331
2026-06-09 19:10:00+00:00,915.179993,915.279907,912.333374,912.429993,18535
2026-06-09 19:15:00+00:00,912.770020,912.770020,909.469971,910.030029,48732
2026-06-09 19:20:00+00:00,909.780029,911.669983,908.919983,910.724976,34935
2026-06-09 19:25:00+00:00,910.710022,913.135010,910.219971,912.570007,23762
2026-06-09 19:30:00+00:00,912.440002,913.902588,911.979980,913.039978,24536
2026-06-09 19:35:00+00:00,913.229980,913.229980,910.619995,910.619995,22055
2026-06-09 19:40:00+00:00,910.409973,910.949890,908.219971,910.614990,58336
2026-06-09 19:45:00+00:00,910.299988,911.369995,909.130005,910.880005,21378
2026-06-09 19:50:00+00:00,911.200012,914.034973,911.000000,913.289978,28231
2026-06-09 19:55:00+00:00,913.669983,916.010010,913.525024,914.330017,98968
2026-06-10 13:30:00+00:00,901.739990,906.000000,895.559998,895.559998,73293
2026-06-10 13:35:00+00:00,895.549988,900.984985,893.280029,897.210022,42286
2026-06-10 13:40:00+00:00,897.674927,901.460022,896.109985,901.390015,49590
2026-06-10 13:45:00+00:00,901.460022,905.700012,900.429993,905.039978,30637
2026-06-10 13:50:00+00:00,905.989990,906.000000,896.830017,897.830017,42572
2026-06-10 13:55:00+00:00,898.288513,899.255005,889.260010,889.340027,59173
2026-06-10 14:00:00+00:00,890.020020,891.604980,885.610107,891.114990,54063
2026-06-10 14:05:00+00:00,891.630005,896.269897,889.830017,895.659973,28668
2026-06-10 14:10:00+00:00,895.669983,895.739990,891.630005,892.135010,47190
2026-06-10 14:15:00+00:00,891.974976,891.974976,885.372803,886.869995,62151
2026-06-10 14:20:00+00:00,886.429993,891.890015,885.119995,890.000000,28378
2026-06-10 14:25:00+00:00,890.400024,892.289978,888.500000,889.229980,29842
2026-06-10 14:30:00+00:00,889.219971,890.320007,885.869995,889.875000,28867
2026-06-10 14:35:00+00:00,889.875000,890.739929,884.010010,885.559998,23546
2026-06-10 14:40:00+00:00,885.940002,887.229980,880.059998,880.059998,31925
2026-06-10 14:45:00+00:00,880.039978,880.544983,875.437988,876.119995,51330
2026-06-10 14:50:00+00:00,876.299988,878.129883,873.216370,873.359985,46564
2026-06-10 14:55:00+00:00,873.398010,874.239990,865.010010,866.054993,74352
2026-06-10 15:00:00+00:00,866.054993,869.739990,864.099976,866.700012,79269
2026-06-10 15:05:00+00:00,866.690002,868.294983,865.150024,865.460022,48897
2026-06-10 15:10:00+00:00,865.719971,867.020020,862.750000,863.080017,96654
2026-06-10 15:15:00+00:00,862.760010,863.119995,860.099976,860.500000,60743
2026-06-10 15:20:00+00:00,860.544983,863.119507,859.190002,862.169983,49297
2026-06-10 15:25:00+00:00,862.159973,865.085022,861.412476,861.744995,71658
2026-06-10 15:30:00+00:00,861.515015,863.679993,859.099976,860.599976,56096
2026-06-10 15:35:00+00:00,860.429993,861.979980,858.789978,860.880005,64905
2026-06-10 15:40:00+00:00,860.890015,863.849976,859.400085,863.849976,36400
2026-06-10 15:45:00+00:00,863.469971,865.000000,856.841309,859.114990,79156
2026-06-10 15:50:00+00:00,858.679993,863.039978,855.400024,861.799988,41928
2026-06-10 15:55:00+00:00,861.544983,865.000000,859.538330,864.750000,43375
2026-06-10 16:00:00+00:00,865.000000,866.479980,862.950012,865.015015,60077
2026-06-10 16:05:00+00:00,864.799988,866.270020,862.609985,863.054993,40814
2026-06-10 16:10:00+00:00,863.054993,863.054993,860.469971,860.932495,36201
2026-06-10 16:15:00+00:00,860.950012,862.140015,859.994995,860.789978,36202
2026-06-10 16:20:00+00:00,861.005005,862.929993,859.994995,860.190002,30770
2026-06-10 16:25:00+00:00,860.570007,862.599976,860.570007,861.765015,16128
2026-06-10 16:30:00+00:00,861.765015,863.242493,859.960022,863.104980,21806
2026-06-10 16:35:00+00:00,863.125000,866.000000,862.010010,864.385010,22616
2026-06-10 16:40:00+00:00,864.450012,864.979919,860.500000,861.294983,24205
2026-06-10 16:45:00+00:00,860.500000,861.369995,857.330017,858.565002,25895
2026-06-10 16:50:00+00:00,858.530029,861.700012,858.080017,860.554993,30836
2026-06-10 16:55:00+00:00,860.255005,861.559998,859.669983,861.075012,42551
2026-06-10 17:00:00+00:00,861.070007,863.710022,860.809998,863.294983,19250
2026-06-10 17:05:00+00:00,863.250000,863.250000,860.984985,861.479980,19437
2026-06-10 17:10:00+00:00,861.479980,861.565002,859.259277,860.820007,23386
2026-06-10 17:15:00+00:00,859.530029,861.434998,859.520020,860.630005,15059
2026-06-10 17:20:00+00:00,860.619995,862.335022,860.299988,862.244995,21181
2026-06-10 17:25:00+00:00,862.255005,862.780029,860.659973,861.530029,21962
2026-06-10 17:30:00+00:00,861.965027,862.719971,861.033508,862.289978,21660
2026-06-10 17:35:00+00:00,862.292480,862.775024,861.109985,861.280029,19696
2026-06-10 17:40:00+00:00,861.419983,862.505005,860.559998,860.750000,33832
2026-06-10 17:45:00+00:00,860.789978,865.405029,860.780029,864.580017,26165
2026-06-10 17:50:00+00:00,864.945007,865.299988,861.000000,863.229980,79449
2026-06-10 17:55:00+00:00,862.983582,865.294983,862.900024,864.854980,18101
2026-06-10 18:00:00+00:00,865.340027,867.027527,864.679993,867.015015,23408
2026-06-10 18:05:00+00:00,867.070007,867.253418,863.650024,863.669983,28482
2026-06-10 18:10:00+00:00,863.297485,865.570007,863.297485,865.080017,22370
2026-06-10 18:15:00+00:00,865.090027,866.140015,863.000000,863.400024,38602
2026-06-10 18:20:00+00:00,863.799988,864.619995,861.565002,863.440002,24145
2026-06-10 18:25:00+00:00,863.000000,863.330017,861.679993,861.909973,13735
2026-06-10 18:30:00+00:00,861.875000,861.875000,857.578003,858.440002,70392
2026-06-10 18:35:00+00:00,858.210022,858.650024,856.359985,858.554993,32392
2026-06-10 18:40:00+00:00,858.640015,858.780029,857.309998,857.890015,22856
2026-06-10 18:45:00+00:00,857.695007,858.549988,857.210022,857.210022,27138
2026-06-10 18:50:00+00:00,857.200012,858.299988,856.169983,857.979980,30302
2026-06-10 18:55:00+00:00,857.940002,858.280029,856.669983,857.760010,26041
2026-06-10 19:00:00+00:00,857.832520,859.400024,857.000000,857.010010,27991
2026-06-10 19:05:00+00:00,857.000000,859.150024,856.419983,858.869995,26827
2026-06-10 19:10:00+00:00,858.885010,859.150024,858.070007,858.679993,21514
2026-06-10 19:15:00+00:00,858.679993,860.395020,858.244995,859.405029,27293
2026-06-10 19:20:00+00:00,859.010010,859.570007,857.520020,858.960022,38943
2026-06-10 19:25:00+00:00,858.784973,858.989990,855.349976,855.979980,42377
2026-06-10 19:30:00+00:00,855.755005,857.507507,854.729980,856.780029,47395
2026-06-10 19:35:00+00:00,856.320007,858.700012,855.914978,858.640015,58809
2026-06-10 19:40:00+00:00,858.340027,859.950012,857.599976,859.302979,76723
2026-06-10 19:45:00+00:00,859.390015,859.659973,856.710022,858.222473,57918
2026-06-10 19:50:00+00:00,858.119995,859.909973,856.000000,859.000000,86154
2026-06-10 19:55:00+00:00,858.780029,859.219971,856.065002,856.260010,180746
2026-06-11 13:30:00+00:00,872.400024,879.000000,870.030029,873.409973,122098
2026-06-11 13:35:00+00:00,873.619995,877.279724,871.179993,874.330017,89608
2026-06-11 13:40:00+00:00,874.611328,874.611328,870.419983,871.119995,23204
2026-06-11 13:45:00+00:00,871.320007,876.474976,870.619995,874.479980,45810
2026-06-11 13:50:00+00:00,874.460022,879.619995,874.460022,878.659973,53256
2026-06-11 13:55:00+00:00,878.989990,879.940002,875.429993,876.244995,43975
2026-06-11 14:00:00+00:00,876.679993,881.210022,875.989990,881.210022,43451
2026-06-11 14:05:00+00:00,881.380005,885.197510,878.599976,882.614990,54763
2026-06-11 14:10:00+00:00,882.770020,883.739990,875.729980,876.775024,27872
2026-06-11 14:15:00+00:00,876.777527,878.109924,872.460022,875.815002,29863
2026-06-11 14:20:00+00:00,875.525024,883.807800,875.469971,882.965027,36326
2026-06-11 14:25:00+00:00,882.830017,883.275024,879.020020,882.562500,24409
2026-06-11 14:30:00+00:00,882.989990,885.659973,882.130005,885.184998,38339
2026-06-11 14:35:00+00:00,885.184998,887.465027,884.469971,885.200012,24777
2026-06-11 14:40:00+00:00,885.210022,886.585022,884.030029,884.030029,18029
2026-06-11 14:45:00+00:00,882.914978,884.950012,881.840027,884.320007,14634
2026-06-11 14:50:00+00:00,884.849976,886.047485,883.809998,885.025024,19964
2026-06-11 14:55:00+00:00,884.679993,884.679993,880.922485,881.885010,16947
2026-06-11 15:00:00+00:00,882.080017,884.500000,879.700012,883.330017,29850
2026-06-11 15:05:00+00:00,882.690002,885.590027,881.690002,883.950012,16588
2026-06-11 15:10:00+00:00,883.849976,887.299988,883.130127,886.000000,23230
2026-06-11 15:15:00+00:00,885.869995,887.000000,882.304993,884.460022,21684
2026-06-11 15:20:00+00:00,884.789978,887.369995,884.010010,885.630005,14925
2026-06-11 15:25:00+00:00,885.000000,886.400024,882.770020,884.109985,17462
2026-06-11 15:30:00+00:00,883.835022,885.000000,882.409973,884.700012,16726
2026-06-11 15:35:00+00:00,884.699890,885.989990,883.419983,885.034973,10992
2026-06-11 15:40:00+00:00,885.219971,886.000000,882.840027,883.210022,15057
2026-06-11 15:45:00+00:00,883.715027,885.379883,881.984985,884.649597,16980
2026-06-11 15:50:00+00:00,884.140015,884.859985,883.049988,884.590027,15874
2026-06-11 15:55:00+00:00,883.960022,886.539978,883.099976,886.130005,19758
2026-06-11 16:00:00+00:00,885.994995,887.780029,884.645020,885.320007,22140
2026-06-11 16:05:00+00:00,885.159973,887.250000,884.820007,885.940002,15867
2026-06-11 16:10:00+00:00,885.989990,888.080017,885.940002,887.030029,28507
2026-06-11 16:15:00+00:00,887.250000,887.390015,884.380127,885.994995,17422
2026-06-11 16:20:00+00:00,885.979980,886.580017,882.510010,882.979980,20434
2026-06-11 16:25:00+00:00,882.979980,883.684998,881.840088,882.130005,10870
2026-06-11 16:30:00+00:00,881.840027,885.000000,880.000122,883.424988,17293
2026-06-11 16:35:00+00:00,883.429993,885.090027,882.000122,882.799988,73053
2026-06-11 16:40:00+00:00,882.877502,884.369995,882.603088,882.994995,20877
2026-06-11 16:45:00+00:00,883.030029,883.320007,881.875000,882.530029,9373
2026-06-11 16:50:00+00:00,882.734985,882.734985,880.460022,880.460022,11031
2026-06-11 16:55:00+00:00,880.469971,881.099976,878.775024,878.775024,194997
2026-06-11 17:00:00+00:00,878.729980,880.250000,877.750000,878.054993,17270
2026-06-11 17:05:00+00:00,878.380005,881.099976,878.349976,879.465027,15312
2026-06-11 17:10:00+00:00,879.465027,880.409973,877.895020,878.239990,10851
2026-06-11 17:15:00+00:00,878.455017,878.679993,876.400024,877.440002,10427
2026-06-11 17:20:00+00:00,876.669983,878.070007,875.679993,877.905029,9931
2026-06-11 17:25:00+00:00,877.669983,891.719971,877.530029,890.000000,178735
2026-06-11 17:30:00+00:00,890.000000,895.080017,888.359985,890.359985,56752
2026-06-11 17:35:00+00:00,890.479980,892.309998,888.049988,891.690002,34412
2026-06-11 17:40:00+00:00,891.190002,894.000000,889.489990,893.700012,67802
2026-06-11 17:45:00+00:00,893.575012,894.250000,890.559998,890.619995,21842
2026-06-11 17:50:00+00:00,890.510010,892.019897,888.599976,889.909973,27908
2026-06-11 17:55:00+00:00,889.724976,892.114990,889.250000,891.090027,39388
2026-06-11 18:00:00+00:00,891.114990,892.359985,887.039978,888.255005,33060
2026-06-11 18:05:00+00:00,888.255005,890.020020,886.169983,888.549988,12508
2026-06-11 18:10:00+00:00,889.090027,890.619995,888.549988,889.919983,20147
2026-06-11 18:15:00+00:00,890.250000,893.590027,889.919983,893.250000,42383
2026-06-11 18:20:00+00:00,893.065002,893.065002,888.960022,890.375000,27373
2026-06-11 18:25:00+00:00,890.375000,892.210022,889.750000,890.635010,16944
2026-06-11 18:30:00+00:00,890.700012,892.429993,890.330017,890.469971,21541
2026-06-11 18:35:00+00:00,890.479980,892.499878,890.479980,891.385010,12326
2026-06-11 18:40:00+00:00,891.385010,892.780029,890.950012,892.109985,18831
2026-06-11 18:45:00+00:00,892.109985,894.349976,892.109985,893.989990,32486
2026-06-11 18:50:00+00:00,894.150024,895.429993,893.554993,893.710022,26925
2026-06-11 18:55:00+00:00,893.119995,894.070007,892.502502,894.070007,16265
2026-06-11 19:00:00+00:00,894.094971,896.190002,893.969971,894.929993,18858
2026-06-11 19:05:00+00:00,895.179993,895.989929,892.450012,895.250000,14768
2026-06-11 19:10:00+00:00,895.140015,896.700012,894.340027,894.719971,29947
2026-06-11 19:15:00+00:00,894.770020,896.109985,894.080017,895.239990,22462
2026-06-11 19:20:00+00:00,895.890015,896.359985,895.159973,895.559998,25398
2026-06-11 19:25:00+00:00,895.190125,897.760010,895.099976,897.099976,29205
2026-06-11 19:30:00+00:00,896.590027,900.000000,896.460022,898.762634,66518
2026-06-11 19:35:00+00:00,899.015015,900.489990,898.179993,898.869995,49644
2026-06-11 19:40:00+00:00,898.655029,900.650024,898.039978,899.890015,54853
2026-06-11 19:45:00+00:00,899.359985,899.989990,896.000000,896.020020,61553
2026-06-11 19:50:00+00:00,896.289978,896.559998,894.860107,895.570007,53365
2026-06-11 19:55:00+00:00,896.130005,898.950012,894.844971,897.340027,223589
2026-06-12 13:30:00+00:00,905.239990,912.559021,899.200012,912.369995,93935
2026-06-12 13:35:00+00:00,911.934998,914.000000,908.000000,909.465027,37119
2026-06-12 13:40:00+00:00,909.328491,910.650024,900.840027,902.429993,54086
2026-06-12 13:45:00+00:00,902.582520,906.484985,899.559998,905.869995,31130
2026-06-12 13:50:00+00:00,905.510010,910.947510,904.630005,909.619995,51769
2026-06-12 13:55:00+00:00,909.619995,915.500000,909.619995,914.880005,30338
2026-06-12 14:00:00+00:00,913.585022,917.979980,912.359985,914.659973,50260
2026-06-12 14:05:00+00:00,915.580017,918.974976,913.849976,916.130005,36415
2026-06-12 14:10:00+00:00,916.309998,916.989990,912.299988,913.030029,33142
2026-06-12 14:15:00+00:00,912.559998,915.440002,911.500000,913.804993,19413
2026-06-12 14:20:00+00:00,913.804993,914.539978,909.780029,910.119995,23943
2026-06-12 14:25:00+00:00,910.080017,913.229919,910.049988,910.809998,20715
2026-06-12 14:30:00+00:00,911.039978,912.789978,908.280029,909.940002,22269
2026-06-12 14:35:00+00:00,910.710022,913.000000,909.390015,911.015076,14104
2026-06-12 14:40:00+00:00,910.830017,911.109985,906.640015,908.059998,21122
2026-06-12 14:45:00+00:00,908.065002,909.649902,904.989990,907.635010,20270
2026-06-12 14:50:00+00:00,907.200012,915.000000,907.059998,913.710022,43365
2026-06-12 14:55:00+00:00,914.250000,915.599976,912.400024,914.015015,36846
2026-06-12 15:00:00+00:00,913.140076,914.710022,911.380005,912.679993,14034
2026-06-12 15:05:00+00:00,912.640015,914.099976,911.210022,911.604980,13688
2026-06-12 15:10:00+00:00,911.590027,912.399902,909.190125,910.429993,16733
2026-06-12 15:15:00+00:00,910.429993,913.089905,909.239990,911.994995,13331
2026-06-12 15:20:00+00:00,911.520020,915.250000,911.270020,914.330017,14287
2026-06-12 15:25:00+00:00,914.460510,915.080017,913.489990,914.429993,12385
2026-06-12 15:30:00+00:00,914.429993,914.880005,912.469971,912.570007,16052
2026-06-12 15:35:00+00:00,912.742493,915.099976,909.330017,911.710022,27170
2026-06-12 15:40:00+00:00,911.395020,911.590027,906.349976,907.070007,22049
2026-06-12 15:45:00+00:00,907.469971,910.500000,905.500000,905.604980,40693
2026-06-12 15:50:00+00:00,906.059998,909.580017,905.140015,909.440002,19958
2026-06-12 15:55:00+00:00,909.273926,909.575012,904.530029,905.270020,14984
2026-06-12 16:00:00+00:00,905.309998,907.697571,904.679993,906.630005,16271
2026-06-12 16:05:00+00:00,907.085022,909.789978,906.330017,909.075012,12760
2026-06-12 16:10:00+00:00,909.015015,914.500000,907.924988,911.729980,26558
2026-06-12 16:15:00+00:00,912.340027,913.979980,909.940002,910.510010,11944
2026-06-12 16:20:00+00:00,910.760010,911.130005,908.799988,910.659973,10177
2026-06-12 16:25:00+00:00,910.085022,911.500000,909.275024,909.875000,8498
2026-06-12 16:30:00+00:00,910.760010,911.570007,909.750000,910.729980,7372
2026-06-12 16:35:00+00:00,910.719971,911.659973,909.710022,910.905029,11798
2026-06-12 16:40:00+00:00,911.330017,911.989990,909.479980,909.669983,8171
2026-06-12 16:45:00+00:00,909.489990,911.250000,908.750000,910.760010,9722
2026-06-12 16:50:00+00:00,911.140015,911.950012,910.340027,910.590027,7890
2026-06-12 16:55:00+00:00,910.599976,911.750000,909.330017,911.549988,7162
2026-06-12 17:00:00+00:00,911.750000,913.000000,910.850830,911.859985,13860
2026-06-12 17:05:00+00:00,911.669983,913.880005,911.510010,911.679993,14653
2026-06-12 17:10:00+00:00,911.825012,912.330017,910.599976,911.890015,12577
2026-06-12 17:15:00+00:00,911.743408,912.431091,911.229980,911.880005,8361
2026-06-12 17:20:00+00:00,912.429993,912.429993,910.880005,911.784973,5291
2026-06-12 17:25:00+00:00,912.045715,913.580017,911.330017,911.559998,9273
2026-06-12 17:30:00+00:00,911.700012,911.700012,910.539978,911.390015,5718
2026-06-12 17:35:00+00:00,910.989990,912.119995,910.800110,911.755005,7332
2026-06-12 17:40:00+00:00,911.760010,913.215027,910.869995,912.239990,7021
2026-06-12 17:45:00+00:00,912.505005,913.260010,911.679993,912.520020,8432
2026-06-12 17:50:00+00:00,912.849976,913.169983,911.820007,912.554993,6685
2026-06-12 17:55:00+00:00,912.140015,912.750000,911.059998,912.650024,9594
2026-06-12 18:00:00+00:00,912.719971,913.109985,911.372192,911.815002,6315
2026-06-12 18:05:00+00:00,912.020020,912.020020,910.469971,911.900024,6326
2026-06-12 18:10:00+00:00,912.000000,913.799988,911.760010,912.195007,11899
2026-06-12 18:15:00+00:00,911.520020,912.009888,911.020020,911.169983,7235
2026-06-12 18:20:00+00:00,911.294983,911.580017,910.359985,910.849976,5765
2026-06-12 18:25:00+00:00,910.861511,913.219971,910.765015,912.431396,7487
2026-06-12 18:30:00+00:00,912.325012,912.789978,911.280029,911.794983,12870
2026-06-12 18:35:00+00:00,911.759277,912.849976,911.419983,912.849976,8731
2026-06-12 18:40:00+00:00,912.989990,913.709900,912.659973,913.059998,9872
2026-06-12 18:45:00+00:00,912.872498,913.719971,911.955017,912.349976,27855
2026-06-12 18:50:00+00:00,912.176880,914.419922,911.739990,913.440002,9226
2026-06-12 18:55:00+00:00,913.260010,913.340027,911.179993,911.179993,9415
2026-06-12 19:00:00+00:00,911.179993,912.880005,910.772522,912.289978,15689
2026-06-12 19:05:00+00:00,912.099976,912.659973,910.590027,911.250000,11789
2026-06-12 19:10:00+00:00,911.250000,911.250000,909.849976,910.739990,9772
2026-06-12 19:15:00+00:00,910.429993,910.570007,909.650024,910.140015,8946
2026-06-12 19:20:00+00:00,910.130005,910.130005,908.710022,909.539978,7991
2026-06-12 19:25:00+00:00,909.734985,910.630005,909.489990,909.830017,15911
2026-06-12 19:30:00+00:00,909.739990,910.125000,908.400024,908.820007,17475
2026-06-12 19:35:00+00:00,908.500000,910.955017,907.849976,909.000000,40167
2026-06-12 19:40:00+00:00,908.919983,911.070007,908.679993,909.450012,16155
2026-06-12 19:45:00+00:00,909.450012,909.500000,908.000000,908.250000,21636
2026-06-12 19:50:00+00:00,908.359985,910.109985,907.530029,909.880005,41865
2026-06-12 19:55:00+00:00,909.780029,911.989990,908.390015,910.469971,99799
2026-06-15 13:30:00+00:00,935.000000,946.099976,935.000000,942.679993,158691
2026-06-15 13:35:00+00:00,943.460022,944.930481,937.669983,938.979980,55459
2026-06-15 13:40:00+00:00,938.979980,940.359924,932.099976,936.099976,28172
2026-06-15 13:45:00+00:00,936.070007,937.749878,933.250000,934.710022,29677
2026-06-15 13:50:00+00:00,934.109985,938.650024,934.109985,936.770020,19381
2026-06-15 13:55:00+00:00,937.188721,939.000000,933.820007,934.349976,23132
2026-06-15 14:00:00+00:00,933.919983,936.409973,932.299988,934.275024,24898
2026-06-15 14:05:00+00:00,934.275024,935.109924,931.200012,932.684998,20962
2026-06-15 14:10:00+00:00,933.320007,934.919983,930.474976,931.650024,19117
2026-06-15 14:15:00+00:00,931.330017,932.789978,929.560120,931.400024,19061
2026-06-15 14:20:00+00:00,932.010010,933.700012,929.570007,931.979980,17829
2026-06-15 14:25:00+00:00,931.465027,932.750000,930.490112,932.750000,19454
2026-06-15 14:30:00+00:00,932.179993,932.999878,929.715027,930.010010,18364
2026-06-15 14:35:00+00:00,930.065002,931.229980,929.469971,931.070007,11957
2026-06-15 14:40:00+00:00,931.020020,931.020020,929.000000,929.844971,11503
2026-06-15 14:45:00+00:00,930.349976,930.969971,928.500000,930.130005,41810
2026-06-15 14:50:00+00:00,930.030029,932.020020,929.554993,930.932495,22895
2026-06-15 14:55:00+00:00,931.510010,931.510010,929.155029,929.739990,9394
2026-06-15 15:00:00+00:00,930.000000,932.849976,929.780029,932.229919,15784
2026-06-15 15:05:00+00:00,931.960022,932.640015,930.650024,932.640015,18992
2026-06-15 15:10:00+00:00,932.210022,933.049988,930.797974,932.650024,11523
2026-06-15 15:15:00+00:00,932.679993,932.700012,931.000000,931.450012,19990
2026-06-15 15:20:00+00:00,931.609985,932.614990,930.969971,932.150024,11611
2026-06-15 15:25:00+00:00,932.265015,932.830017,930.609985,932.200317,13685
2026-06-15 15:30:00+00:00,932.239990,934.250000,931.700012,933.327515,24603
2026-06-15 15:35:00+00:00,933.591492,933.799988,932.644104,933.770020,14372
2026-06-15 15:40:00+00:00,933.770020,933.770020,932.960022,933.075012,9339
2026-06-15 15:45:00+00:00,933.090027,934.059998,932.840027,933.599976,11220
2026-06-15 15:50:00+00:00,933.599976,934.039978,932.775024,932.880005,9614
2026-06-15 15:55:00+00:00,932.775024,934.409973,932.750000,933.630005,11180
2026-06-15 16:00:00+00:00,933.619995,934.129883,933.210022,933.239990,11675
2026-06-15 16:05:00+00:00,933.469971,934.010010,933.151978,933.690002,9541
2026-06-15 16:10:00+00:00,933.700012,934.140015,932.729980,933.219971,10096
2026-06-15 16:15:00+00:00,933.039978,933.640015,932.299988,933.299988,15081
2026-06-15 16:20:00+00:00,933.700012,934.259094,933.385010,933.864990,10027
2026-06-15 16:25:00+00:00,933.859985,934.630005,932.690002,934.630005,11925
2026-06-15 16:30:00+00:00,934.794983,935.000000,933.330017,933.734985,9279
2026-06-15 16:35:00+00:00,933.479980,934.650024,933.469971,933.789978,16895
2026-06-15 16:40:00+00:00,933.931885,934.789978,933.599976,934.611023,6586
2026-06-15 16:45:00+00:00,934.460022,935.159973,934.150024,935.159973,10118
2026-06-15 16:50:00+00:00,935.010010,935.674988,934.640076,935.119995,16053
2026-06-15 16:55:00+00:00,935.272522,935.570007,934.770020,935.320007,10202
2026-06-15 17:00:00+00:00,934.849976,935.640015,934.650024,935.010010,13231
2026-06-15 17:05:00+00:00,935.155029,935.750000,933.969971,935.130005,11839
2026-06-15 17:10:00+00:00,934.679993,937.500000,934.679993,937.210022,17739
2026-06-15 17:15:00+00:00,937.205017,938.549988,936.920105,937.849976,11103
2026-06-15 17:20:00+00:00,937.950012,939.119995,937.652527,938.270020,15551
2026-06-15 17:25:00+00:00,938.500000,938.679993,937.729980,938.000000,22034
2026-06-15 17:30:00+00:00,938.000000,938.184998,937.380005,937.590027,7784
2026-06-15 17:35:00+00:00,937.880005,938.239990,937.380005,937.804993,8833
2026-06-15 17:40:00+00:00,937.820007,938.020020,937.270020,937.270020,11822
2026-06-15 17:45:00+00:00,937.424988,938.030029,937.239990,937.669983,10416
2026-06-15 17:50:00+00:00,937.219971,937.989990,936.455994,937.280029,7380
2026-06-15 17:55:00+00:00,937.575012,938.130005,937.270020,937.789978,8445
2026-06-15 18:00:00+00:00,937.789978,938.067017,936.270020,937.309998,8877
2026-06-15 18:05:00+00:00,936.979980,938.000000,936.690125,937.761902,7685
2026-06-15 18:10:00+00:00,937.909973,938.659973,937.693787,938.530029,19803
2026-06-15 18:15:00+00:00,938.659973,938.809998,937.840027,938.750000,14424
2026-06-15 18:20:00+00:00,938.250122,938.989929,938.099976,938.099976,10783
2026-06-15 18:25:00+00:00,938.099976,938.625000,936.929993,936.929993,12630
2026-06-15 18:30:00+00:00,937.174988,937.599976,936.340027,937.429993,10994
2026-06-15 18:35:00+00:00,937.294983,937.830017,937.039978,937.390015,8816
2026-06-15 18:40:00+00:00,937.270020,938.059998,937.099976,937.119995,16247
2026-06-15 18:45:00+00:00,937.460022,937.460022,936.250000,936.559998,13811
2026-06-15 18:50:00+00:00,936.309998,937.039978,936.119995,936.409973,8552
2026-06-15 18:55:00+00:00,936.549988,937.000000,935.630005,935.690002,10983
2026-06-15 19:00:00+00:00,935.919983,936.200012,934.789978,935.750000,15024
2026-06-15 19:05:00+00:00,935.599976,936.419983,935.419983,936.419983,11662
2026-06-15 19:10:00+00:00,936.250000,937.000000,935.719971,936.494995,16672
2026-06-15 19:15:00+00:00,936.505005,937.219971,936.387512,936.840027,17222
2026-06-15 19:20:00+00:00,937.010010,937.280029,935.989990,936.030029,15112
2026-06-15 19:25:00+00:00,936.030029,936.299988,933.950012,934.429993,29869
2026-06-15 19:30:00+00:00,934.250000,935.534973,934.130005,934.549988,23967
2026-06-15 19:35:00+00:00,934.705017,935.880005,934.609985,935.159973,28679
2026-06-15 19:40:00+00:00,935.485107,936.070007,935.039978,935.059998,28102
2026-06-15 19:45:00+00:00,935.229980,937.090027,935.210022,935.655029,29365
2026-06-15 19:50:00+00:00,935.739990,936.446472,934.380005,935.429993,55788
2026-06-15 19:55:00+00:00,935.280029,935.280029,932.659973,933.950012,201286
2026-06-16 13:30:00+00:00,942.799988,957.359985,939.169983,955.059998,115253
2026-06-16 13:35:00+00:00,954.210022,957.000000,951.325012,953.820007,33247
2026-06-16 13:40:00+00:00,953.793762,955.439026,948.060120,949.260010,42663
2026-06-16 13:45:00+00:00,949.630005,952.169983,949.059998,951.979980,46166
2026-06-16 13:50:00+00:00,952.000000,957.000000,950.419983,954.458130,29884
2026-06-16 13:55:00+00:00,954.979980,955.539917,951.640015,954.260010,16937
2026-06-16 14:00:00+00:00,954.765015,957.000000,953.000000,955.320007,24960
2026-06-16 14:05:00+00:00,955.250000,958.224976,954.130005,957.090027,22506
2026-06-16 14:10:00+00:00,956.380005,958.880005,954.590027,958.880005,23441
2026-06-16 14:15:00+00:00,958.119995,958.869995,956.000000,956.080017,28588
2026-06-16 14:20:00+00:00,956.739990,957.940002,952.850098,954.594971,19572
2026-06-16 14:25:00+00:00,954.820007,956.010010,950.760010,951.049988,29653
2026-06-16 14:30:00+00:00,951.020020,951.020020,945.243896,948.090027,29498
2026-06-16 14:35:00+00:00,948.200012,952.559998,947.280029,952.025024,18872
2026-06-16 14:40:00+00:00,951.479980,952.989990,950.794983,950.820007,12388
2026-06-16 14:45:00+00:00,950.830017,952.385010,949.580017,950.500000,56046
2026-06-16 14:50:00+00:00,950.494995,951.579346,949.500000,949.520020,13418
2026-06-16 14:55:00+00:00,949.880005,950.960022,948.430115,949.567993,17027
2026-06-16 15:00:00+00:00,950.789978,952.304993,949.810120,951.880005,19016
2026-06-16 15:05:00+00:00,951.880005,953.000000,950.489990,952.796021,18989
2026-06-16 15:10:00+00:00,952.619995,954.289978,951.270020,952.065002,87355
2026-06-16 15:15:00+00:00,952.059998,953.530029,951.750000,952.104980,14781
2026-06-16 15:20:00+00:00,952.070007,953.150024,951.270020,951.969971,52440
2026-06-16 15:25:00+00:00,952.294983,954.299988,951.340027,953.960022,13977
2026-06-16 15:30:00+00:00,954.190002,957.409973,954.159973,956.152527,27509
2026-06-16 15:35:00+00:00,956.400024,957.169983,954.419983,954.690002,18355
2026-06-16 15:40:00+00:00,954.619995,954.919983,952.320129,953.340027,10819
2026-06-16 15:45:00+00:00,953.344971,953.344971,951.270020,952.679993,21030
2026-06-16 15:50:00+00:00,952.369995,956.484985,952.239990,956.484985,14869
2026-06-16 15:55:00+00:00,956.469971,957.489990,955.150024,956.090027,11644
2026-06-16 16:00:00+00:00,956.299988,960.669983,956.299988,957.859985,33608
2026-06-16 16:05:00+00:00,958.172485,959.469971,957.570007,959.469971,13348
2026-06-16 16:10:00+00:00,959.406006,961.330017,958.679993,958.729980,18221
2026-06-16 16:15:00+00:00,958.750000,959.679993,957.049988,958.534973,12463
2026-06-16 16:20:00+00:00,958.520020,960.000000,958.239990,959.325012,8761
2026-06-16 16:25:00+00:00,959.000000,959.989990,958.500977,959.010010,9399
2026-06-16 16:30:00+00:00,958.854980,959.157104,956.421326,957.140015,8728
2026-06-16 16:35:00+00:00,957.369995,957.969971,956.570007,956.919983,9412
2026-06-16 16:40:00+00:00,957.260010,959.409973,957.109985,957.979980,11738
2026-06-16 16:45:00+00:00,957.750000,958.900024,957.174988,957.914978,20578
2026-06-16 16:50:00+00:00,958.169983,959.500000,957.969971,958.614990,17930
2026-06-16 16:55:00+00:00,958.490112,959.979980,957.724976,959.549988,11317
2026-06-16 17:00:00+00:00,959.549988,959.549988,958.070007,958.869995,12638
2026-06-16 17:05:00+00:00,958.674988,958.674988,957.023499,958.280029,11446
2026-06-16 17:10:00+00:00,958.280029,959.854797,958.275024,958.789978,12474
2026-06-16 17:15:00+00:00,958.690002,959.385010,957.740112,958.510010,66268
2026-06-16 17:20:00+00:00,958.510010,959.260010,957.840027,959.140015,9051
2026-06-16 17:25:00+00:00,959.044983,959.559998,958.239990,959.510010,12148
2026-06-16 17:30:00+00:00,959.510010,959.809998,958.830017,959.239990,11542
2026-06-16 17:35:00+00:00,959.159973,959.369995,957.695007,958.659973,9827
2026-06-16 17:40:00+00:00,958.580017,960.390015,958.010010,959.523987,16572
2026-06-16 17:45:00+00:00,959.450012,960.599976,958.830078,960.570007,11574
2026-06-16 17:50:00+00:00,960.590027,960.630005,959.549988,960.169983,15242
2026-06-16 17:55:00+00:00,960.000000,960.729980,958.825012,959.234985,11772
2026-06-16 18:00:00+00:00,959.190002,959.599976,958.752014,959.005005,8280
2026-06-16 18:05:00+00:00,959.219971,959.769897,958.179993,959.380005,14034
2026-06-16 18:10:00+00:00,959.320007,959.604980,958.159973,958.159973,9632
2026-06-16 18:15:00+00:00,958.359985,958.705017,957.539978,958.159973,11459
2026-06-16 18:20:00+00:00,957.960022,958.359985,957.280029,957.614990,16345
2026-06-16 18:25:00+00:00,957.859985,958.768005,957.784973,957.979980,14301
2026-06-16 18:30:00+00:00,958.005005,958.250000,957.059998,958.219971,15751
2026-06-16 18:35:00+00:00,957.275024,957.900024,956.770020,956.880005,12265
2026-06-16 18:40:00+00:00,956.880005,957.532471,956.479980,956.799988,10865
2026-06-16 18:45:00+00:00,956.789978,956.999878,955.195496,955.630005,22180
2026-06-16 18:50:00+00:00,955.619995,955.909912,954.880005,955.909912,12554
2026-06-16 18:55:00+00:00,955.445679,956.169983,955.419983,955.633728,19643
2026-06-16 19:00:00+00:00,955.679993,957.200012,955.260010,956.580017,26067
2026-06-16 19:05:00+00:00,956.500000,957.630005,955.109985,955.109985,17943
2026-06-16 19:10:00+00:00,955.080017,956.219910,954.989990,955.159973,20633
2026-06-16 19:15:00+00:00,955.085083,955.479980,953.000000,954.369995,38609
2026-06-16 19:20:00+00:00,954.780029,955.989990,954.289978,955.880005,17587
2026-06-16 19:25:00+00:00,955.489990,956.455017,955.125000,955.544983,16903
2026-06-16 19:30:00+00:00,955.505005,955.640015,952.270020,952.479980,66905
2026-06-16 19:35:00+00:00,952.590027,954.450012,952.289978,952.375000,52666
2026-06-16 19:40:00+00:00,952.369995,953.280029,952.000000,952.750000,41918
2026-06-16 19:45:00+00:00,952.750000,952.989990,950.979980,951.190002,34392
2026-06-16 19:50:00+00:00,951.390015,952.580017,950.000000,952.330017,52254
2026-06-16 19:55:00+00:00,951.960022,952.140015,945.500000,946.030029,493178
2026-06-17 13:30:00+00:00,956.979980,962.000000,956.109985,958.955017,98186
2026-06-17 13:35:00+00:00,959.690002,966.224976,958.200073,959.049988,64218
2026-06-17 13:40:00+00:00,959.044983,961.169983,956.320007,960.169983,40121
2026-06-17 13:45:00+00:00,960.234985,965.500000,959.549988,964.659973,73729
2026-06-17 13:50:00+00:00,964.950012,967.309998,963.489990,965.780029,47399
2026-06-17 13:55:00+00:00,965.849976,965.969971,962.309998,962.890015,43507
2026-06-17 14:00:00+00:00,963.109985,965.940002,962.400024,964.140015,44608
2026-06-17 14:05:00+00:00,964.484985,965.395020,962.741516,964.630005,29179
2026-06-17 14:10:00+00:00,964.455017,968.000000,963.630005,965.775024,30041
2026-06-17 14:15:00+00:00,965.585022,968.000000,965.450012,967.669983,37368
2026-06-17 14:20:00+00:00,967.299988,970.570007,965.510010,970.570007,38595
2026-06-17 14:25:00+00:00,970.179993,970.989929,967.570007,969.309998,24284
2026-06-17 14:30:00+00:00,969.330017,969.330017,964.000000,965.729980,29648
2026-06-17 14:35:00+00:00,965.729980,966.700012,963.670105,965.505005,24786
2026-06-17 14:40:00+00:00,965.340027,967.580017,964.780029,966.094971,24069
2026-06-17 14:45:00+00:00,965.690002,967.500000,959.770020,964.729980,43587
2026-06-17 14:50:00+00:00,964.630005,968.989990,964.450012,968.460022,18594
2026-06-17 14:55:00+00:00,968.570007,969.469971,965.000000,965.000000,16405
2026-06-17 15:00:00+00:00,965.239990,968.304993,964.760010,967.539001,31107
2026-06-17 15:05:00+00:00,967.054993,967.529602,964.979980,966.169983,15513
2026-06-17 15:10:00+00:00,966.174988,966.780029,965.500000,966.629883,10220
2026-06-17 15:15:00+00:00,966.190002,966.650024,964.700012,965.080017,24943
2026-06-17 15:20:00+00:00,965.630005,966.530029,965.000000,966.155029,15430
2026-06-17 15:25:00+00:00,966.409973,967.109985,965.215027,965.515015,22874
2026-06-17 15:30:00+00:00,965.460022,967.390015,964.900024,966.520020,30140
2026-06-17 15:35:00+00:00,966.585022,968.000000,966.340027,967.840027,11855
2026-06-17 15:40:00+00:00,967.669983,969.400024,967.669983,968.960022,23394
2026-06-17 15:45:00+00:00,969.159973,970.619995,968.609985,970.419983,13441
2026-06-17 15:50:00+00:00,970.400024,970.419983,968.099976,968.905029,9796
2026-06-17 15:55:00+00:00,968.760010,968.820007,967.000000,967.000000,8783
2026-06-17 16:00:00+00:00,967.059998,967.390015,965.775024,965.859985,10735
2026-06-17 16:05:00+00:00,966.109985,966.650024,965.500000,966.650024,11119
2026-06-17 16:10:00+00:00,966.630005,966.695007,964.760010,966.459900,37481
2026-06-17 16:15:00+00:00,966.459900,967.419983,965.210999,967.419983,12594
2026-06-17 16:20:00+00:00,967.934998,968.669983,966.790894,967.847473,26346
2026-06-17 16:25:00+00:00,967.825012,968.000000,967.070007,967.775024,6570
2026-06-17 16:30:00+00:00,967.979980,969.039978,966.840088,968.940002,12967
2026-06-17 16:35:00+00:00,968.739990,969.469971,968.104980,969.280029,12958
2026-06-17 16:40:00+00:00,968.869995,969.340027,967.590027,968.994995,10792
2026-06-17 16:45:00+00:00,968.989990,969.570007,967.466003,969.570007,14740
2026-06-17 16:50:00+00:00,969.460022,970.599976,968.539978,968.570007,11943
2026-06-17 16:55:00+00:00,968.565002,969.070007,967.039978,967.375000,16199
2026-06-17 17:00:00+00:00,967.099976,967.239990,965.929993,967.107422,14990
2026-06-17 17:05:00+00:00,967.210022,967.460022,964.340027,967.375000,26994
2026-06-17 17:10:00+00:00,967.375000,967.924988,965.924988,966.539978,11825
2026-06-17 17:15:00+00:00,966.510010,966.559998,964.890015,965.924988,27998
2026-06-17 17:20:00+00:00,965.775024,966.559875,965.077209,965.344971,8173
2026-06-17 17:25:00+00:00,965.349976,965.840027,964.580017,964.580017,16968
2026-06-17 17:30:00+00:00,964.520020,964.849121,963.065002,963.065002,7086
2026-06-17 17:35:00+00:00,963.049988,964.919983,962.710022,964.169006,13708
2026-06-17 17:40:00+00:00,963.799988,966.015015,963.780029,966.000000,23831
2026-06-17 17:45:00+00:00,965.719971,966.909973,965.000000,966.739990,6629
2026-06-17 17:50:00+00:00,966.739990,967.729980,966.549988,966.950012,10676
2026-06-17 17:55:00+00:00,967.390015,968.099976,966.402283,968.099976,12629
2026-06-17 18:00:00+00:00,967.989990,968.620972,960.000000,960.000000,94392
2026-06-17 18:05:00+00:00,959.900024,965.919983,957.440002,965.919983,30443
2026-06-17 18:10:00+00:00,965.299988,966.849976,962.390076,964.330017,17081
2026-06-17 18:15:00+00:00,964.849976,967.000000,964.349976,966.119995,14939
2026-06-17 18:20:00+00:00,966.119995,966.770020,963.070007,963.070007,18114
2026-06-17 18:25:00+00:00,962.659973,963.659973,961.609985,963.090027,16109
2026-06-17 18:30:00+00:00,963.065002,966.900024,961.679993,963.890015,52664
2026-06-17 18:35:00+00:00,964.799988,970.150024,964.750000,969.125000,32278
2026-06-17 18:40:00+00:00,969.789978,973.979980,968.280090,973.075012,39375
2026-06-17 18:45:00+00:00,972.846130,974.440002,971.539978,973.275024,46408
2026-06-17 18:50:00+00:00,973.049988,975.532471,971.890015,974.650024,36750
2026-06-17 18:55:00+00:00,974.690002,974.690002,969.294983,971.174988,48192
2026-06-17 19:00:00+00:00,971.979980,975.640015,971.070007,973.609985,33479
2026-06-17 19:05:00+00:00,973.099976,974.950012,971.424988,971.424988,21680
2026-06-17 19:10:00+00:00,971.380005,972.229980,967.000000,971.000000,19149
2026-06-17 19:15:00+00:00,970.929993,971.200012,965.799988,966.749878,19714
2026-06-17 19:20:00+00:00,965.909973,965.909973,960.989990,961.150024,26390
2026-06-17 19:25:00+00:00,961.145020,964.979980,961.020020,962.219971,20167
2026-06-17 19:30:00+00:00,962.119995,963.750000,957.311523,957.311523,34746
2026-06-17 19:35:00+00:00,957.150085,960.899902,953.000000,953.979980,36661
2026-06-17 19:40:00+00:00,954.440002,955.599976,953.309998,954.119995,37240
2026-06-17 19:45:00+00:00,954.125000,958.949890,954.125000,956.440002,50921
2026-06-17 19:50:00+00:00,956.000000,958.479980,954.849976,956.010010,54064
2026-06-17 19:55:00+00:00,956.119995,956.619995,954.539978,955.979980,129560
2026-06-18 13:30:00+00:00,979.000000,989.054871,979.000000,988.047485,807887
2026-06-18 13:35:00+00:00,988.054993,991.974976,985.560120,990.169983,71377
2026-06-18 13:40:00+00:00,989.840027,994.489990,988.940002,989.989990,58117
2026-06-18 13:45:00+00:00,989.469971,992.219971,985.414978,991.200012,42049
2026-06-18 13:50:00+00:00,990.630005,991.849976,989.099976,989.494995,59602
2026-06-18 13:55:00+00:00,989.869995,990.960022,987.000000,987.650024,57739
2026-06-18 14:00:00+00:00,987.440002,987.650024,982.000000,983.984985,26889
2026-06-18 14:05:00+00:00,983.507629,985.715027,981.000000,981.000000,22507
2026-06-18 14:10:00+00:00,981.322998,981.322998,976.330017,980.460022,39681
2026-06-18 14:15:00+00:00,980.849976,983.340027,977.919983,982.059998,47551
2026-06-18 14:20:00+00:00,982.659973,985.612427,981.409973,984.004089,37809
2026-06-18 14:25:00+00:00,984.344971,985.630005,983.340027,983.619995,33002
2026-06-18 14:30:00+00:00,984.030029,984.280029,981.630005,984.145020,19013
2026-06-18 14:35:00+00:00,984.500000,985.999878,982.869995,985.114990,14737
2026-06-18 14:40:00+00:00,985.042480,987.962219,984.846924,985.750000,30724
2026-06-18 14:45:00+00:00,986.174988,989.896790,986.174988,989.590027,19996
2026-06-18 14:50:00+00:00,988.974976,990.340027,988.239990,990.080017,12448
2026-06-18 14:55:00+00:00,990.135010,990.789978,989.100891,989.994995,11929
2026-06-18 15:00:00+00:00,990.239990,990.799988,988.250000,990.299988,21803
2026-06-18 15:05:00+00:00,989.530029,990.510010,988.700073,990.219971,9687
2026-06-18 15:10:00+00:00,990.080505,992.030029,990.070007,990.070007,28271
2026-06-18 15:15:00+00:00,989.880005,990.840027,987.979980,988.005005,17823
2026-06-18 15:20:00+00:00,988.000000,989.359985,986.760010,988.830017,23682
2026-06-18 15:25:00+00:00,988.385010,989.070007,987.190002,988.330017,12187
2026-06-18 15:30:00+00:00,988.489990,989.489990,987.400024,988.969971,15027
2026-06-18 15:35:00+00:00,988.969971,988.969971,984.760010,986.945007,21184
2026-06-18 15:40:00+00:00,986.584412,988.849976,986.260010,986.885010,20011
2026-06-18 15:45:00+00:00,986.710022,987.000000,985.049988,985.960022,24158
2026-06-18 15:50:00+00:00,986.210022,987.000000,985.680115,986.164978,8677
2026-06-18 15:55:00+00:00,986.659973,988.539978,986.650024,987.640015,11746
2026-06-18 16:00:00+00:00,987.969971,988.400024,987.109985,987.309998,13971
2026-06-18 16:05:00+00:00,987.650024,987.830017,986.280029,987.119995,13325
2026-06-18 16:10:00+00:00,986.940002,989.030029,986.849976,988.734985,8083
2026-06-18 16:15:00+00:00,988.659973,988.770020,986.729980,988.145020,24991
2026-06-18 16:20:00+00:00,988.145020,989.099976,986.870117,987.565002,25941
2026-06-18 16:25:00+00:00,987.565002,988.331116,987.320007,988.277893,10875
2026-06-18 16:30:00+00:00,988.080017,988.080017,986.280029,986.630005,11215
2026-06-18 16:35:00+00:00,986.729980,987.270020,985.679993,987.044983,10686
2026-06-18 16:40:00+00:00,987.044983,989.190002,986.619995,988.580017,11197
2026-06-18 16:45:00+00:00,988.619995,989.109985,988.270020,988.679993,10142
2026-06-18 16:50:00+00:00,988.580017,988.580017,986.700012,987.287476,18436
2026-06-18 16:55:00+00:00,986.900024,986.900024,985.604980,986.744995,13274
2026-06-18 17:00:00+00:00,987.059998,987.059998,985.080017,985.890015,9994
2026-06-18 17:05:00+00:00,986.260010,988.539978,986.200012,987.880005,17060
2026-06-18 17:10:00+00:00,988.260010,989.000000,987.229980,988.289978,11764
2026-06-18 17:15:00+00:00,988.664978,990.840027,988.119995,989.650024,11628
2026-06-18 17:20:00+00:00,989.825012,990.179993,988.659973,988.830017,10803
2026-06-18 17:25:00+00:00,989.049988,989.679993,988.069397,988.879883,13540
2026-06-18 17:30:00+00:00,988.890015,989.340027,987.830017,988.130005,19765
2026-06-18 17:35:00+00:00,988.130005,988.289978,987.500000,988.159973,20803
2026-06-18 17:40:00+00:00,988.244995,989.599976,988.244995,989.169983,8282
2026-06-18 17:45:00+00:00,989.169983,989.330017,988.474426,989.034973,9691
2026-06-18 17:50:00+00:00,989.034973,989.359985,988.750000,988.929993,9668
2026-06-18 17:55:00+00:00,988.929993,989.719971,987.760010,987.890015,127141
2026-06-18 18:00:00+00:00,988.119995,988.119995,986.180115,986.479980,19625
2026-06-18 18:05:00+00:00,986.690002,988.044983,986.239990,987.414978,8927
2026-06-18 18:10:00+00:00,987.200012,988.645020,987.200012,987.369995,14214
2026-06-18 18:15:00+00:00,987.030518,988.479980,987.030518,988.289978,6461
2026-06-18 18:20:00+00:00,988.090027,989.109985,987.859985,989.034973,16480
2026-06-18 18:25:00+00:00,988.969971,990.299988,988.380005,988.854980,23357
2026-06-18 18:30:00+00:00,988.510010,989.000000,987.380005,988.195007,23162
2026-06-18 18:35:00+00:00,988.195007,988.559875,987.190002,988.190002,14143
2026-06-18 18:40:00+00:00,988.140015,989.609985,987.880127,988.164978,15387
2026-06-18 18:45:00+00:00,988.159973,988.210022,986.710022,987.434998,20678
2026-06-18 18:50:00+00:00,987.630005,988.010010,986.135010,986.135010,13849
2026-06-18 18:55:00+00:00,986.140015,987.530029,985.780029,987.059998,18464
2026-06-18 19:00:00+00:00,987.330017,988.000000,986.260010,987.729980,31628
2026-06-18 19:05:00+00:00,987.729980,989.065002,986.775024,988.460022,24275
2026-06-18 19:10:00+00:00,988.450012,988.559998,986.207520,986.479980,25784
2026-06-18 19:15:00+00:00,986.539978,988.445007,985.750000,988.440002,50375
2026-06-18 19:20:00+00:00,988.159973,989.380005,987.205017,987.395020,27382
2026-06-18 19:25:00+00:00,987.049988,987.469971,985.739990,985.940002,35274
2026-06-18 19:30:00+00:00,986.080017,986.929993,985.000000,986.489990,64002
2026-06-18 19:35:00+00:00,986.750000,989.700012,986.739990,989.070007,48831
2026-06-18 19:40:00+00:00,989.070007,991.070007,988.195007,990.369995,42776
2026-06-18 19:45:00+00:00,990.340027,992.140015,989.789978,990.200012,67487
2026-06-18 19:50:00+00:00,990.489990,991.150024,989.000000,990.219971,106583
2026-06-18 19:55:00+00:00,990.299988,991.710022,984.659973,985.229980,363738
2026-06-22 13:30:00+00:00,999.280029,1015.914978,999.000000,1014.590027,267409
2026-06-22 13:35:00+00:00,1014.599976,1015.320007,1010.000000,1011.840027,40457
2026-06-22 13:40:00+00:00,1013.070007,1013.809998,1004.320007,1004.320984,64362
2026-06-22 13:45:00+00:00,1004.684998,1007.664978,1001.719971,1005.359924,57718
2026-06-22 13:50:00+00:00,1004.580017,1005.900024,1001.724976,1004.900024,77868
2026-06-22 13:55:00+00:00,1005.270020,1010.109985,1004.909973,1007.150024,75350
2026-06-22 14:00:00+00:00,1006.570007,1008.140015,1005.000000,1007.218079,32424
2026-06-22 14:05:00+00:00,1007.590027,1011.780029,1005.399414,1011.500000,47082
2026-06-22 14:10:00+00:00,1011.450012,1012.739990,1007.580017,1012.020020,32548
2026-06-22 14:15:00+00:00,1011.094971,1015.330017,1011.094971,1013.070007,34627
2026-06-22 14:20:00+00:00,1013.070007,1013.539978,1010.140991,1012.340027,20870
2026-06-22 14:25:00+00:00,1012.950012,1014.710022,1011.500122,1012.005005,21156
2026-06-22 14:30:00+00:00,1011.380005,1014.869995,1010.000000,1014.294983,23673
2026-06-22 14:35:00+00:00,1014.294983,1015.174988,1012.799988,1013.000000,25907
2026-06-22 14:40:00+00:00,1013.085022,1014.399902,1011.650024,1012.713989,21750
2026-06-22 14:45:00+00:00,1012.594971,1015.945984,1012.594971,1013.549988,22443
2026-06-22 14:50:00+00:00,1013.729980,1015.780029,1012.929993,1013.315002,24147
2026-06-22 14:55:00+00:00,1013.679993,1016.799988,1012.950012,1015.924988,31897
2026-06-22 15:00:00+00:00,1015.755005,1018.399170,1015.720520,1017.080017,24023
2026-06-22 15:05:00+00:00,1016.809998,1018.229980,1015.559998,1015.559998,24803
2026-06-22 15:10:00+00:00,1016.070007,1018.109985,1015.660095,1017.000000,18174
2026-06-22 15:15:00+00:00,1016.780029,1019.049988,1014.250122,1014.815002,31734
2026-06-22 15:20:00+00:00,1014.815002,1017.349976,1014.109985,1016.734985,11410
2026-06-22 15:25:00+00:00,1016.734985,1017.119995,1015.729980,1016.309998,21707
2026-06-22 15:30:00+00:00,1016.520020,1016.789978,1015.100098,1015.859985,20587
2026-06-22 15:35:00+00:00,1015.750000,1016.299988,1014.299988,1014.390015,21755
2026-06-22 15:40:00+00:00,1014.510010,1015.362488,1014.318970,1014.789978,220462
2026-06-22 15:45:00+00:00,1014.789978,1017.190002,1013.640015,1014.330017,33826
2026-06-22 15:50:00+00:00,1014.390015,1015.590027,1014.070007,1015.275024,9433
2026-06-22 15:55:00+00:00,1015.275024,1017.510010,1014.969971,1017.039978,32320
2026-06-22 16:00:00+00:00,1017.400024,1017.719971,1015.000000,1015.840027,27558
2026-06-22 16:05:00+00:00,1016.250000,1016.359985,1015.150024,1016.015015,131362
2026-06-22 16:10:00+00:00,1016.200012,1018.780029,1016.070007,1018.729980,13585
2026-06-22 16:15:00+00:00,1018.570007,1019.719971,1017.114990,1019.719971,22872
2026-06-22 16:20:00+00:00,1019.554993,1021.599976,1019.419983,1020.979980,51623
2026-06-22 16:25:00+00:00,1020.979980,1022.059998,1020.630005,1020.859985,18656
2026-06-22 16:30:00+00:00,1020.940002,1021.452393,1019.530029,1020.739990,18644
2026-06-22 16:35:00+00:00,1020.380127,1022.750000,1020.380127,1022.733521,22901
2026-06-22 16:40:00+00:00,1022.510010,1022.640686,1021.010010,1021.440002,10936
2026-06-22 16:45:00+00:00,1021.440002,1021.684998,1020.395020,1021.640015,12579
2026-06-22 16:50:00+00:00,1021.989929,1023.289978,1021.679993,1021.950012,27542
2026-06-22 16:55:00+00:00,1022.000488,1022.630005,1021.034973,1021.650024,82618
2026-06-22 17:00:00+00:00,1022.000000,1022.789978,1021.574890,1022.465027,12295
2026-06-22 17:05:00+00:00,1022.280090,1022.650024,1020.419983,1020.429993,25988
2026-06-22 17:10:00+00:00,1020.239990,1022.679993,1020.150024,1021.804993,24014
2026-06-22 17:15:00+00:00,1022.150024,1022.390015,1020.809998,1021.049988,19657
2026-06-22 17:20:00+00:00,1021.130005,1021.340027,1020.000000,1020.645020,16074
2026-06-22 17:25:00+00:00,1020.619995,1021.500000,1020.179993,1020.537476,25021
2026-06-22 17:30:00+00:00,1020.450012,1021.179993,1019.385010,1019.859985,24490
2026-06-22 17:35:00+00:00,1019.859985,1020.479919,1018.650024,1019.599976,29089
2026-06-22 17:40:00+00:00,1019.590027,1021.078796,1018.159973,1020.789978,20222
2026-06-22 17:45:00+00:00,1020.789978,1020.974976,1018.885010,1019.090027,25780
2026-06-22 17:50:00+00:00,1019.590027,1021.000000,1019.229980,1021.000000,21963
2026-06-22 17:55:00+00:00,1021.000000,1021.000000,1019.309998,1019.309998,19811
2026-06-22 18:00:00+00:00,1019.309998,1019.769897,1017.919983,1018.969971,21132
2026-06-22 18:05:00+00:00,1018.969971,1019.500000,1018.450012,1018.659973,16775
2026-06-22 18:10:00+00:00,1018.989990,1019.000000,1017.741028,1018.419922,19990
2026-06-22 18:15:00+00:00,1018.145020,1018.590027,1017.789978,1017.989990,21899
2026-06-22 18:20:00+00:00,1018.169983,1019.450012,1018.169983,1018.859985,19083
2026-06-22 18:25:00+00:00,1018.859985,1019.775024,1017.840027,1019.775024,46830
2026-06-22 18:30:00+00:00,1019.775024,1021.299988,1019.000000,1019.080017,30309
2026-06-22 18:35:00+00:00,1019.190002,1020.530029,1018.979980,1020.099976,25490
2026-06-22 18:40:00+00:00,1019.909973,1020.159180,1018.645020,1019.229980,19210
2026-06-22 18:45:00+00:00,1019.244995,1021.515015,1018.994995,1021.375000,20105
2026-06-22 18:50:00+00:00,1021.250000,1021.250000,1018.909973,1019.820007,21936
2026-06-22 18:55:00+00:00,1019.544983,1019.809998,1018.650024,1018.650024,16798
2026-06-22 19:00:00+00:00,1018.815002,1019.450012,1018.000000,1018.320007,26012
2026-06-22 19:05:00+00:00,1018.414978,1018.965027,1016.380005,1017.258972,38111
2026-06-22 19:10:00+00:00,1017.104980,1018.346680,1017.000000,1018.174988,24972
2026-06-22 19:15:00+00:00,1018.174988,1018.349976,1017.280029,1017.840027,26180
2026-06-22 19:20:00+00:00,1017.969971,1018.104980,1016.049988,1016.610107,34480
2026-06-22 19:25:00+00:00,1016.980530,1017.000000,1013.530029,1013.674988,37797
2026-06-22 19:30:00+00:00,1013.609985,1015.760010,1013.169983,1014.565002,53484
2026-06-22 19:35:00+00:00,1014.570007,1017.969971,1014.484924,1015.820007,40663
2026-06-22 19:40:00+00:00,1015.869995,1017.479980,1014.979980,1017.000000,63008
2026-06-22 19:45:00+00:00,1017.309998,1017.710022,1015.460022,1017.494995,47343
2026-06-22 19:50:00+00:00,1017.390015,1018.760010,1017.299988,1017.890015,284392
2026-06-22 19:55:00+00:00,1017.890015,1022.340027,1017.760010,1021.659973,263212
2026-06-23 13:30:00+00:00,985.250000,988.000000,979.000000,980.979980,249932
2026-06-23 13:35:00+00:00,981.320007,981.974976,972.650024,979.739990,162306
2026-06-23 13:40:00+00:00,979.739990,982.989990,973.849976,975.679993,105176
2026-06-23 13:45:00+00:00,975.140015,984.900024,975.140015,983.325012,113124
2026-06-23 13:50:00+00:00,983.479980,986.840027,981.534973,981.534973,106822
2026-06-23 13:55:00+00:00,981.534973,981.700012,973.849976,976.599976,64439
2026-06-23 14:00:00+00:00,976.719971,981.775024,976.000000,981.489990,50981
2026-06-23 14:05:00+00:00,981.544983,984.679993,978.440002,983.760010,60164
2026-06-23 14:10:00+00:00,983.409973,989.000000,982.820007,988.445007,54460
2026-06-23 14:15:00+00:00,987.729980,988.530029,983.989990,986.895020,43035
2026-06-23 14:20:00+00:00,986.909973,987.619995,983.789978,985.250000,34762
2026-06-23 14:25:00+00:00,985.609985,985.900024,980.359985,982.250000,44991
2026-06-23 14:30:00+00:00,981.830017,983.249878,977.250000,979.010010,32350
2026-06-23 14:35:00+00:00,979.140015,982.335022,977.739990,977.909973,28186
2026-06-23 14:40:00+00:00,977.909973,978.900024,976.580017,976.580017,23066
2026-06-23 14:45:00+00:00,977.400024,978.619995,976.440002,978.385010,28016
2026-06-23 14:50:00+00:00,978.619995,982.419983,978.080017,982.174988,47889
2026-06-23 14:55:00+00:00,982.542480,986.409973,981.739990,985.869995,27135
2026-06-23 15:00:00+00:00,985.864990,989.275024,985.440002,988.375000,33556
2026-06-23 15:05:00+00:00,988.375000,989.599976,983.789978,983.799988,50337
2026-06-23 15:10:00+00:00,983.794983,986.000000,980.799988,981.544983,48541
2026-06-23 15:15:00+00:00,981.780029,982.530029,979.630005,981.494995,46145
2026-06-23 15:20:00+00:00,981.760010,984.109985,980.630005,980.799988,24521
2026-06-23 15:25:00+00:00,980.875000,982.710022,980.030029,981.539978,19578
2026-06-23 15:30:00+00:00,981.809998,983.500000,981.179993,982.539978,18617
2026-06-23 15:35:00+00:00,982.330017,984.929993,982.039978,983.119995,27323
2026-06-23 15:40:00+00:00,982.979980,985.499878,982.500000,984.559998,16449
2026-06-23 15:45:00+00:00,984.575012,985.619995,983.750000,984.679993,10463
2026-06-23 15:50:00+00:00,985.119995,987.969971,984.719971,986.859985,48944
2026-06-23 15:55:00+00:00,986.450073,987.919983,985.807983,986.200012,33076
2026-06-23 16:00:00+00:00,986.200012,988.200012,985.260010,988.200012,26876
2026-06-23 16:05:00+00:00,987.570007,990.809998,987.450012,990.809998,19528
2026-06-23 16:10:00+00:00,990.989990,994.594971,990.989990,993.655029,31990
2026-06-23 16:15:00+00:00,993.780029,993.780029,990.109985,990.359985,40068
2026-06-23 16:20:00+00:00,990.429993,990.859985,989.119995,990.000000,23744
2026-06-23 16:25:00+00:00,989.945007,993.000000,989.630127,992.309998,22144
2026-06-23 16:30:00+00:00,991.945007,992.554993,990.110107,991.919983,15545
2026-06-23 16:35:00+00:00,991.479980,993.059998,991.099976,992.650024,29801
2026-06-23 16:40:00+00:00,992.859985,994.190002,991.910095,993.974976,31955
2026-06-23 16:45:00+00:00,993.950012,994.450012,990.780029,993.700012,89638
2026-06-23 16:50:00+00:00,994.015076,994.015076,992.484985,992.719971,40271
2026-06-23 16:55:00+00:00,992.700012,993.209900,991.510010,992.434998,36846
2026-06-23 17:00:00+00:00,992.210022,992.465027,989.789978,990.049988,42707
2026-06-23 17:05:00+00:00,990.270020,990.270020,989.000000,989.750000,22601
2026-06-23 17:10:00+00:00,989.650024,992.440002,989.650024,991.640015,38879
2026-06-23 17:15:00+00:00,991.700012,991.809998,990.250000,990.799988,20319
2026-06-23 17:20:00+00:00,991.239990,993.148987,990.760010,992.429993,30346
2026-06-23 17:25:00+00:00,992.020020,993.429993,991.239990,992.815002,29160
2026-06-23 17:30:00+00:00,992.815002,992.815002,990.780029,991.380005,40489
2026-06-23 17:35:00+00:00,991.729980,992.200012,990.409973,991.065002,16685
2026-06-23 17:40:00+00:00,991.065002,991.369995,990.119995,990.119995,14229
2026-06-23 17:45:00+00:00,990.000977,990.440002,988.140015,988.710022,34327
2026-06-23 17:50:00+00:00,988.479980,988.650024,986.702026,986.950012,22566
2026-06-23 17:55:00+00:00,986.880005,987.770020,985.880005,987.340027,27644
2026-06-23 18:00:00+00:00,986.800110,989.489929,986.559998,986.924988,21849
2026-06-23 18:05:00+00:00,986.924988,988.140015,985.729980,986.145020,28938
2026-06-23 18:10:00+00:00,986.559998,987.460022,986.270081,986.775024,23787
2026-06-23 18:15:00+00:00,986.789978,986.809998,983.690002,983.715027,33953
2026-06-23 18:20:00+00:00,983.684998,985.080017,982.715027,984.909973,25378
2026-06-23 18:25:00+00:00,984.929993,984.929993,983.734985,984.489990,26196
2026-06-23 18:30:00+00:00,984.299988,984.510010,983.219971,984.474976,26030
2026-06-23 18:35:00+00:00,984.489990,985.599976,984.000000,985.184998,21208
2026-06-23 18:40:00+00:00,985.059998,985.174988,983.080017,983.405029,54655
2026-06-23 18:45:00+00:00,983.739990,983.770020,982.500000,983.349976,73232
2026-06-23 18:50:00+00:00,983.500000,984.380005,982.390015,983.309998,36369
2026-06-23 18:55:00+00:00,983.248413,984.219971,982.890015,983.859985,22928
2026-06-23 19:00:00+00:00,983.835022,986.309998,983.479980,986.025024,24280
2026-06-23 19:05:00+00:00,985.635010,987.914978,984.390015,985.174988,26890
2026-06-23 19:10:00+00:00,985.450012,986.960022,985.400024,986.794983,20154
2026-06-23 19:15:00+00:00,986.794983,987.719971,984.559998,984.664978,26370
2026-06-23 19:20:00+00:00,984.909973,985.979980,983.190002,985.219971,35075
2026-06-23 19:25:00+00:00,985.119995,986.799988,984.669983,984.969971,42763
2026-06-23 19:30:00+00:00,984.989990,986.140015,983.820007,984.909973,46630
2026-06-23 19:35:00+00:00,985.049988,985.505005,984.419983,984.630005,26497
2026-06-23 19:40:00+00:00,984.669983,984.820007,982.780029,983.465027,77509
2026-06-23 19:45:00+00:00,983.465027,984.359985,982.780029,984.359985,95793
2026-06-23 19:50:00+00:00,984.359985,985.929993,982.510010,985.679993,76525
2026-06-23 19:55:00+00:00,985.530029,989.020020,983.979980,984.369995,251895
2026-06-24 13:30:00+00:00,981.609985,983.619995,977.739990,982.505005,96658
2026-06-24 13:35:00+00:00,982.077515,984.460022,975.789978,978.440002,39439
2026-06-24 13:40:00+00:00,977.952576,982.539978,970.050110,974.515015,72059
2026-06-24 13:45:00+00:00,975.979980,983.330017,974.530029,983.330017,29336
2026-06-24 13:50:00+00:00,984.000000,988.530029,983.750000,986.460022,32327
2026-06-24 13:55:00+00:00,986.460022,989.400024,984.880005,988.114990,27882
2026-06-24 14:00:00+00:00,987.849976,990.179993,986.109985,988.994995,26917
2026-06-24 14:05:00+00:00,989.280029,994.919983,989.280029,992.349976,36719
2026-06-24 14:10:00+00:00,991.770020,992.629883,989.119995,990.429993,21445
2026-06-24 14:15:00+00:00,989.859985,990.390015,984.169983,986.949890,38023
2026-06-24 14:20:00+00:00,986.280029,990.000000,984.270020,988.467285,25743
2026-06-24 14:25:00+00:00,989.770020,992.412170,989.000000,990.400024,22687
2026-06-24 14:30:00+00:00,990.469971,993.940979,990.070007,992.799988,20811
2026-06-24 14:35:00+00:00,993.309998,995.979980,992.619995,994.559998,25852
2026-06-24 14:40:00+00:00,995.515015,997.679993,993.008972,997.179993,13615
2026-06-24 14:45:00+00:00,997.380005,1000.880005,996.780029,998.630005,35048
2026-06-24 14:50:00+00:00,998.880005,1003.000000,998.880005,1001.380005,24562
2026-06-24 14:55:00+00:00,1001.140015,1003.179871,999.859985,1002.695007,24507
2026-06-24 15:00:00+00:00,1002.757507,1002.815002,1000.669983,1001.010986,18874
2026-06-24 15:05:00+00:00,1000.695007,1001.159973,998.669983,999.630005,21680
2026-06-24 15:10:00+00:00,999.755005,1000.989990,997.429993,998.429993,33893
2026-06-24 15:15:00+00:00,998.429993,1000.049988,997.710022,998.169983,21477
2026-06-24 15:20:00+00:00,998.059998,999.200012,997.179993,997.510010,39496
2026-06-24 15:25:00+00:00,997.429993,1002.775024,997.169983,1002.775024,220552
2026-06-24 15:30:00+00:00,1002.309998,1003.434998,1000.179993,1002.229980,54532
2026-06-24 15:35:00+00:00,1002.155029,1003.609985,1000.739990,1001.614990,28271
2026-06-24 15:40:00+00:00,1001.614990,1003.010010,1000.000000,1001.020020,17637
2026-06-24 15:45:00+00:00,1000.840027,1001.880005,999.100098,1001.715027,25344
2026-06-24 15:50:00+00:00,1002.109985,1002.690002,1001.549988,1002.409973,24688
2026-06-24 15:55:00+00:00,1002.609985,1003.440002,1001.619995,1002.054993,15205
2026-06-24 16:00:00+00:00,1002.022522,1002.049988,999.580017,999.880005,17749
2026-06-24 16:05:00+00:00,999.720093,1000.500000,998.669983,999.039978,13997
2026-06-24 16:10:00+00:00,999.309998,1001.270020,998.719971,1000.520020,37026
2026-06-24 16:15:00+00:00,1000.840027,1001.950012,1000.840027,1001.844971,19268
2026-06-24 16:20:00+00:00,1001.989990,1004.869995,1001.580017,1003.520020,42304
2026-06-24 16:25:00+00:00,1003.489990,1003.489990,1001.700012,1001.700012,25285
2026-06-24 16:30:00+00:00,1002.032288,1002.032288,999.320984,1000.594971,26645
2026-06-24 16:35:00+00:00,1001.130005,1002.799988,1000.000000,1000.789978,28645
2026-06-24 16:40:00+00:00,1000.010010,1001.000000,998.240112,999.809998,42754
2026-06-24 16:45:00+00:00,999.280823,1000.034973,997.950012,998.482483,45573
2026-06-24 16:50:00+00:00,998.359985,998.590027,994.609985,994.900024,34237
2026-06-24 16:55:00+00:00,994.890015,995.039978,993.440002,993.830017,23459
2026-06-24 17:00:00+00:00,993.719971,995.340027,992.859985,994.229980,51452
2026-06-24 17:05:00+00:00,994.890015,994.929993,990.260010,991.544983,22714
2026-06-24 17:10:00+00:00,991.869995,992.169983,989.610107,989.830017,16018
2026-06-24 17:15:00+00:00,990.500916,991.380005,986.770020,987.520020,17432
2026-06-24 17:20:00+00:00,987.383972,988.109924,982.780029,983.219971,29470
2026-06-24 17:25:00+00:00,982.549988,982.549988,978.940002,980.020020,18654
2026-06-24 17:30:00+00:00,980.340027,981.669983,979.229980,981.434998,11498
2026-06-24 17:35:00+00:00,981.849976,983.140015,978.239990,980.200012,17027
2026-06-24 17:40:00+00:00,979.955017,980.469971,977.750000,977.989014,19286
2026-06-24 17:45:00+00:00,978.054688,981.789978,978.054688,981.789978,15442
2026-06-24 17:50:00+00:00,981.663086,983.469910,981.663086,982.380005,33838
2026-06-24 17:55:00+00:00,983.500000,984.880005,980.960022,981.479980,12863
2026-06-24 18:00:00+00:00,981.619995,981.679993,979.500000,980.195007,14191
2026-06-24 18:05:00+00:00,980.184998,981.179993,979.729980,980.690002,14494
2026-06-24 18:10:00+00:00,980.260010,980.919983,978.880005,979.890015,34205
2026-06-24 18:15:00+00:00,979.784973,982.955017,979.580017,981.809998,25332
2026-06-24 18:20:00+00:00,981.905029,983.400024,981.299988,983.247498,13118
2026-06-24 18:25:00+00:00,983.400024,985.217529,983.400024,983.559998,18918
2026-06-24 18:30:00+00:00,984.099976,985.520020,983.179993,985.000000,16705
2026-06-24 18:35:00+00:00,984.830017,985.085022,983.489990,983.489990,14764
2026-06-24 18:40:00+00:00,983.179993,983.760010,982.390015,983.190002,12963
2026-06-24 18:45:00+00:00,982.909973,982.909973,979.429993,980.372498,16768
2026-06-24 18:50:00+00:00,980.799988,982.080017,979.679993,981.869995,14206
2026-06-24 18:55:00+00:00,982.167480,982.585022,980.109985,980.669983,12680
2026-06-24 19:00:00+00:00,980.760010,983.650024,979.650085,981.760010,20247
2026-06-24 19:05:00+00:00,982.200012,982.200012,977.864990,979.580017,28238
2026-06-24 19:10:00+00:00,979.289978,983.059998,978.780029,983.059998,15466
2026-06-24 19:15:00+00:00,982.815002,982.825012,981.359985,981.630005,14074
2026-06-24 19:20:00+00:00,981.340027,981.780029,980.359985,981.780029,18923
2026-06-24 19:25:00+00:00,981.854980,983.690002,981.854980,982.864990,27991
2026-06-24 19:30:00+00:00,982.849976,984.369995,982.289978,983.635010,23888
2026-06-24 19:35:00+00:00,983.940002,985.989990,983.349976,985.210022,41729
2026-06-24 19:40:00+00:00,985.659973,986.989990,985.159973,986.380005,32565
2026-06-24 19:45:00+00:00,986.659973,988.859985,986.659973,988.820007,50883
2026-06-24 19:50:00+00:00,988.270020,991.500000,987.719971,990.500000,82220
2026-06-24 19:55:00+00:00,990.859985,995.250000,990.760010,994.739990,308875
2026-06-25 13:30:00+00:00,1024.640015,1037.250000,1015.000000,1036.606445,222976
2026-06-25 13:35:00+00:00,1036.609985,1040.040039,1034.900024,1037.989990,93886
2026-06-25 13:40:00+00:00,1037.589966,1039.760010,1032.800049,1033.217529,66895
2026-06-25 13:45:00+00:00,1033.239990,1034.199951,1027.550049,1033.949951,84268
2026-06-25 13:50:00+00:00,1033.709961,1037.589966,1025.689941,1026.694946,81430
2026-06-25 13:55:00+00:00,1026.369995,1027.510010,1022.929993,1022.934998,40304
2026-06-25 14:00:00+00:00,1023.062500,1033.479980,1022.934998,1032.420044,55149
2026-06-25 14:05:00+00:00,1032.489990,1040.140015,1032.489990,1039.699951,44185
2026-06-25 14:10:00+00:00,1039.760010,1044.994995,1039.250977,1041.349976,84131
2026-06-25 14:15:00+00:00,1041.369995,1044.849976,1038.522827,1044.760010,53906
2026-06-25 14:20:00+00:00,1044.385010,1048.260010,1044.385010,1045.574951,46563
2026-06-25 14:25:00+00:00,1046.530029,1051.589966,1045.530151,1046.082520,49388
2026-06-25 14:30:00+00:00,1046.012451,1051.000000,1045.719971,1049.969971,81209
2026-06-25 14:35:00+00:00,1049.614990,1051.562500,1045.969971,1048.030029,45685
2026-06-25 14:40:00+00:00,1047.989990,1050.535034,1043.635010,1044.479980,34634
2026-06-25 14:45:00+00:00,1044.359985,1048.000000,1042.280029,1047.489990,35091
2026-06-25 14:50:00+00:00,1047.229980,1050.729980,1046.675049,1048.097534,35005
2026-06-25 14:55:00+00:00,1048.084961,1048.680054,1045.868530,1046.579956,27088
2026-06-25 15:00:00+00:00,1046.959961,1051.000000,1046.200073,1050.810059,86749
2026-06-25 15:05:00+00:00,1050.814941,1052.910034,1046.505005,1048.935059,46289
2026-06-25 15:10:00+00:00,1048.839966,1049.989990,1043.390015,1044.439941,66430
2026-06-25 15:15:00+00:00,1044.589966,1045.229980,1040.000000,1044.410034,47934
2026-06-25 15:20:00+00:00,1043.609985,1044.040039,1039.660156,1043.410034,24315
2026-06-25 15:25:00+00:00,1043.050049,1043.279907,1038.390015,1039.435059,35437
2026-06-25 15:30:00+00:00,1039.439941,1042.410034,1038.400024,1038.525024,48095
2026-06-25 15:35:00+00:00,1038.540039,1040.010010,1037.640137,1037.890015,49935
2026-06-25 15:40:00+00:00,1037.890015,1039.290039,1037.100342,1038.599976,41193
2026-06-25 15:45:00+00:00,1038.150024,1041.500000,1037.500000,1037.500000,42658
2026-06-25 15:50:00+00:00,1037.395020,1038.329956,1032.449951,1033.915039,24236
2026-06-25 15:55:00+00:00,1033.910034,1038.390015,1033.330078,1036.619995,27461
2026-06-25 16:00:00+00:00,1037.229980,1040.150024,1036.140015,1039.087524,53986
2026-06-25 16:05:00+00:00,1039.030029,1047.439941,1038.869995,1047.209961,42126
2026-06-25 16:10:00+00:00,1047.209961,1051.089966,1047.209961,1050.104980,46568
2026-06-25 16:15:00+00:00,1050.030029,1054.050049,1050.030029,1052.620117,35080
2026-06-25 16:20:00+00:00,1052.630005,1053.150024,1049.800049,1051.295044,37355
2026-06-25 16:25:00+00:00,1051.380005,1052.050049,1048.760010,1050.175049,50158
2026-06-25 16:30:00+00:00,1050.074951,1050.875000,1048.790039,1050.545044,42601
2026-06-25 16:35:00+00:00,1050.564941,1051.420044,1049.589966,1050.449951,46803
2026-06-25 16:40:00+00:00,1050.679932,1051.015015,1046.900024,1047.295044,35268
2026-06-25 16:45:00+00:00,1047.395020,1049.040039,1045.209961,1048.540039,41904
2026-06-25 16:50:00+00:00,1048.464966,1050.250000,1047.540039,1047.834961,42668
2026-06-25 16:55:00+00:00,1047.839966,1048.420044,1046.469971,1048.300049,29888
2026-06-25 17:00:00+00:00,1047.938232,1050.959961,1047.630005,1049.687500,34579
2026-06-25 17:05:00+00:00,1049.704956,1051.660034,1049.150024,1049.260010,33774
2026-06-25 17:10:00+00:00,1049.489990,1051.630005,1049.489990,1049.744995,30617
2026-06-25 17:15:00+00:00,1049.475464,1051.694946,1047.709961,1047.910034,30233
2026-06-25 17:20:00+00:00,1047.489990,1048.119995,1045.640015,1047.135010,26643
2026-06-25 17:25:00+00:00,1047.479980,1050.000000,1047.479980,1048.964966,27325
2026-06-25 17:30:00+00:00,1049.150024,1050.920044,1049.150024,1050.295044,19654
2026-06-25 17:35:00+00:00,1050.300049,1052.400024,1050.000000,1052.400024,26538
2026-06-25 17:40:00+00:00,1052.400024,1053.651367,1050.494995,1050.494995,37391
2026-06-25 17:45:00+00:00,1050.494995,1050.510010,1047.000000,1048.209961,33870
2026-06-25 17:50:00+00:00,1047.974976,1051.885010,1047.300049,1051.280029,26093
2026-06-25 17:55:00+00:00,1050.600098,1052.739990,1050.520020,1050.750000,27134
2026-06-25 18:00:00+00:00,1050.880005,1051.439941,1046.969971,1047.305054,26275
2026-06-25 18:05:00+00:00,1047.680054,1049.609985,1046.579956,1049.035034,31594
2026-06-25 18:10:00+00:00,1048.709961,1049.819946,1047.390015,1047.844971,27774
2026-06-25 18:15:00+00:00,1047.500000,1048.790039,1046.574951,1046.800049,25275
2026-06-25 18:20:00+00:00,1047.114990,1047.609985,1045.258057,1047.099976,20882
2026-06-25 18:25:00+00:00,1047.189941,1048.890015,1046.849976,1048.094971,14973
2026-06-25 18:30:00+00:00,1047.900024,1047.930054,1040.871460,1041.744995,27893
2026-06-25 18:35:00+00:00,1041.750000,1043.280029,1040.199951,1042.385010,15978
2026-06-25 18:40:00+00:00,1042.729980,1046.150024,1041.244995,1045.880005,13873
2026-06-25 18:45:00+00:00,1045.880005,1045.880005,1043.067261,1044.630005,32280
2026-06-25 18:50:00+00:00,1044.939941,1048.260010,1044.449951,1046.489990,34309
2026-06-25 18:55:00+00:00,1046.510010,1047.319946,1044.540039,1044.895020,20941
2026-06-25 19:00:00+00:00,1044.895020,1046.579956,1044.000000,1046.155029,46113
2026-06-25 19:05:00+00:00,1046.155029,1047.949951,1045.599976,1046.944946,50173
2026-06-25 19:10:00+00:00,1046.670044,1048.819946,1046.260010,1048.484985,42177
2026-06-25 19:15:00+00:00,1048.160156,1049.089966,1046.969971,1048.910034,56575
2026-06-25 19:20:00+00:00,1048.959961,1049.079956,1046.199951,1046.744995,55966
2026-06-25 19:25:00+00:00,1047.150024,1049.329956,1046.829956,1047.989990,48119
2026-06-25 19:30:00+00:00,1047.520020,1048.000000,1045.770020,1047.520020,45694
2026-06-25 19:35:00+00:00,1047.609985,1048.300049,1046.950073,1048.035034,66133
2026-06-25 19:40:00+00:00,1048.290039,1048.530029,1046.709961,1047.619995,46946
2026-06-25 19:45:00+00:00,1047.724976,1051.979980,1047.400024,1051.939941,79235
2026-06-25 19:50:00+00:00,1052.130005,1053.640015,1046.880005,1047.609985,124184
2026-06-25 19:55:00+00:00,1047.880005,1057.069946,1047.859985,1057.000000,291444
2026-06-26 13:30:00+00:00,1031.849976,1031.849976,1017.000000,1019.940002,249216
2026-06-26 13:35:00+00:00,1019.190002,1022.159973,1014.000000,1015.465027,64922
2026-06-26 13:40:00+00:00,1016.328491,1020.760010,1011.219971,1014.684998,92204
2026-06-26 13:45:00+00:00,1015.630005,1020.520020,1012.000000,1014.650024,58925
2026-06-26 13:50:00+00:00,1013.914978,1017.659973,1012.875000,1012.875000,55336
2026-06-26 13:55:00+00:00,1013.094971,1016.909912,1010.420105,1013.604980,54697
2026-06-26 14:00:00+00:00,1014.395020,1020.779907,1014.200012,1016.659973,73867
2026-06-26 14:05:00+00:00,1017.000000,1019.450012,1014.266907,1014.266907,66110
2026-06-26 14:10:00+00:00,1014.434998,1020.075012,1012.200012,1017.325012,41057
2026-06-26 14:15:00+00:00,1018.000000,1021.630005,1016.880005,1019.739990,25018
2026-06-26 14:20:00+00:00,1019.765015,1023.150024,1017.539978,1017.760010,21510
2026-06-26 14:25:00+00:00,1018.709900,1020.099915,1016.625000,1017.289978,22833
2026-06-26 14:30:00+00:00,1017.530029,1017.809998,1012.890015,1013.479980,30692
2026-06-26 14:35:00+00:00,1013.960022,1014.489990,1010.000000,1011.098328,54164
2026-06-26 14:40:00+00:00,1012.319885,1016.580017,1010.510010,1012.525024,22259
2026-06-26 14:45:00+00:00,1012.875000,1016.929993,1012.409973,1016.479980,18583
2026-06-26 14:50:00+00:00,1016.880005,1018.849976,1011.032471,1011.484985,27408
2026-06-26 14:55:00+00:00,1011.539978,1013.390015,1010.000000,1010.000000,26303
2026-06-26 15:00:00+00:00,1010.000000,1012.949890,1007.765015,1011.169983,50333
2026-06-26 15:05:00+00:00,1011.169983,1011.539978,1008.780029,1009.854980,22365
2026-06-26 15:10:00+00:00,1009.469971,1009.559998,1006.849976,1008.549988,17668
2026-06-26 15:15:00+00:00,1008.580017,1014.000000,1005.590088,1013.669983,46514
2026-06-26 15:20:00+00:00,1013.070007,1016.789978,1011.659973,1014.729980,29429
2026-06-26 15:25:00+00:00,1015.049988,1016.070007,1013.239990,1015.739990,72757
2026-06-26 15:30:00+00:00,1015.820007,1018.000000,1015.500000,1015.500000,24888
2026-06-26 15:35:00+00:00,1015.710022,1015.719971,1012.955017,1014.575012,33693
2026-06-26 15:40:00+00:00,1014.580017,1015.659973,1012.289978,1012.289978,29735
2026-06-26 15:45:00+00:00,1012.700012,1012.700012,1011.020020,1012.239990,27498
2026-06-26 15:50:00+00:00,1012.239990,1014.469971,1010.219971,1012.965027,48241
2026-06-26 15:55:00+00:00,1013.119995,1017.250000,1012.500000,1016.520020,33894
2026-06-26 16:00:00+00:00,1016.525024,1016.525024,1012.200012,1012.815002,26126
2026-06-26 16:05:00+00:00,1013.169983,1013.989990,1010.830017,1011.094971,17742
2026-06-26 16:10:00+00:00,1011.010010,1011.739990,1008.140076,1008.140076,47475
2026-06-26 16:15:00+00:00,1008.700012,1011.309998,1008.619995,1009.780029,23223
2026-06-26 16:20:00+00:00,1009.830017,1009.919983,1004.799988,1008.989990,35081
2026-06-26 16:25:00+00:00,1008.989990,1014.049988,1008.460022,1013.869995,41483
2026-06-26 16:30:00+00:00,1014.260010,1015.710022,1013.559998,1015.153992,51773
2026-06-26 16:35:00+00:00,1014.685242,1015.369995,1013.474976,1013.924988,22298
2026-06-26 16:40:00+00:00,1014.039978,1014.340027,1012.400024,1012.777405,23676
2026-06-26 16:45:00+00:00,1013.044983,1013.950012,1012.270020,1013.380005,23286
2026-06-26 16:50:00+00:00,1013.639709,1013.840027,1012.549988,1013.125000,15203
2026-06-26 16:55:00+00:00,1012.859985,1014.409973,1012.690002,1014.359985,24104
2026-06-26 17:00:00+00:00,1013.989990,1017.599976,1013.989990,1016.039978,34252
2026-06-26 17:05:00+00:00,1016.429993,1018.049988,1015.830078,1017.809875,23776
2026-06-26 17:10:00+00:00,1017.304993,1018.719971,1016.869995,1017.974976,13916
2026-06-26 17:15:00+00:00,1017.559998,1017.840027,1016.000000,1016.570007,23647
2026-06-26 17:20:00+00:00,1016.580017,1016.580017,1014.362183,1014.460022,30372
2026-06-26 17:25:00+00:00,1014.349976,1017.000000,1012.940002,1015.469971,28639
2026-06-26 17:30:00+00:00,1015.659973,1017.530029,1015.400024,1016.585022,36860
2026-06-26 17:35:00+00:00,1016.858826,1016.900024,1014.059998,1014.099976,38059
2026-06-26 17:40:00+00:00,1014.409973,1015.229980,1013.359985,1013.359985,27943
2026-06-26 17:45:00+00:00,1013.599976,1014.030029,1010.179993,1010.179993,20698
2026-06-26 17:50:00+00:00,1010.179993,1011.229980,1009.070007,1009.604980,26727
2026-06-26 17:55:00+00:00,1009.309998,1009.609985,1007.330017,1009.205017,23767
2026-06-26 18:00:00+00:00,1009.205017,1009.510010,1006.250000,1007.229980,35676
2026-06-26 18:05:00+00:00,1007.229980,1010.229980,1006.525024,1006.960022,34453
2026-06-26 18:10:00+00:00,1006.880005,1007.474976,1005.340027,1006.280029,17455
2026-06-26 18:15:00+00:00,1006.020020,1007.377502,1005.109985,1005.739990,24368
2026-06-26 18:20:00+00:00,1005.799988,1008.570007,1005.752502,1008.489990,34204
2026-06-26 18:25:00+00:00,1008.549988,1010.473511,1006.890015,1006.890015,46148
2026-06-26 18:30:00+00:00,1006.859985,1007.770020,1006.306091,1006.565002,24760
2026-06-26 18:35:00+00:00,1006.674988,1007.380005,1005.479980,1006.905029,23026
2026-06-26 18:40:00+00:00,1006.965027,1008.799988,1005.989990,1008.380005,38264
2026-06-26 18:45:00+00:00,1008.375000,1010.880005,1006.570007,1008.059998,37391
2026-06-26 18:50:00+00:00,1007.604980,1008.869995,1007.130005,1007.765015,23632
2026-06-26 18:55:00+00:00,1007.890015,1008.000000,1005.650024,1007.005005,27197
2026-06-26 19:00:00+00:00,1006.770020,1007.530029,1005.150024,1005.625854,31279
2026-06-26 19:05:00+00:00,1005.539978,1010.629883,1005.429871,1009.424988,40883
2026-06-26 19:10:00+00:00,1009.059998,1010.460022,1007.979980,1010.250000,67965
2026-06-26 19:15:00+00:00,1010.315002,1011.679993,1010.020020,1010.520020,54308
2026-06-26 19:20:00+00:00,1010.260010,1011.020020,1007.630005,1007.974976,29496
2026-06-26 19:25:00+00:00,1007.974976,1008.965027,1006.440002,1007.041931,48370
2026-06-26 19:30:00+00:00,1007.000000,1007.049988,1003.354980,1003.789978,72027
2026-06-26 19:35:00+00:00,1003.984985,1004.690002,1002.250000,1002.700012,56770
2026-06-26 19:40:00+00:00,1002.599976,1003.140015,1001.039978,1002.799988,66335
2026-06-26 19:45:00+00:00,1002.719971,1002.719971,995.900024,996.659973,341503
2026-06-26 19:50:00+00:00,996.659973,999.650024,990.299988,993.890015,297356
2026-06-26 19:55:00+00:00,994.840027,1004.520020,989.640015,998.020020,562371
2026-06-29 13:30:00+00:00,998.409973,1007.560974,994.929993,1001.684998,94196
2026-06-29 13:35:00+00:00,1001.770020,1002.989990,992.109985,997.250000,37320
2026-06-29 13:40:00+00:00,996.119995,1007.674011,994.590027,1006.450012,114235
2026-06-29 13:45:00+00:00,1007.489929,1007.489929,1001.525024,1006.200012,49310
2026-06-29 13:50:00+00:00,1004.929993,1011.859924,1004.659973,1008.929993,38124
2026-06-29 13:55:00+00:00,1008.909973,1008.945007,1005.789978,1006.260010,20627
2026-06-29 14:00:00+00:00,1006.260010,1007.580017,1003.969971,1006.659973,23145
2026-06-29 14:05:00+00:00,1006.179993,1006.760010,999.719971,1001.400024,26696
2026-06-29 14:10:00+00:00,1001.585022,1001.585022,993.299988,993.994995,35332
2026-06-29 14:15:00+00:00,993.994995,1000.215027,992.630005,1000.109985,57313
2026-06-29 14:20:00+00:00,999.369995,1001.210022,997.260010,999.390015,20230
2026-06-29 14:25:00+00:00,999.679993,1009.840027,999.517517,1008.142822,48573
2026-06-29 14:30:00+00:00,1009.390015,1016.999878,1008.929993,1015.000000,51946
2026-06-29 14:35:00+00:00,1016.000000,1016.099976,1010.900024,1011.950012,32077
2026-06-29 14:40:00+00:00,1011.625305,1013.000000,1007.909973,1009.679993,24794
2026-06-29 14:45:00+00:00,1009.580017,1009.580017,1001.669983,1005.914978,40438
2026-06-29 14:50:00+00:00,1005.755005,1009.599976,1003.150024,1008.719971,36422
2026-06-29 14:55:00+00:00,1009.085022,1012.299988,1008.760010,1011.989990,20407
2026-06-29 15:00:00+00:00,1011.750000,1012.494995,1008.000000,1008.539978,15707
2026-06-29 15:05:00+00:00,1009.150024,1012.525024,1009.150024,1010.000000,14625
2026-06-29 15:10:00+00:00,1010.000000,1012.510010,1008.320007,1012.510010,19936
2026-06-29 15:15:00+00:00,1012.260010,1013.650024,1009.090027,1009.585022,19890
2026-06-29 15:20:00+00:00,1009.090027,1011.645020,1008.140015,1008.539978,22801
2026-06-29 15:25:00+00:00,1008.130127,1012.794983,1008.000000,1011.830017,18628
2026-06-29 15:30:00+00:00,1011.609985,1015.380005,1011.609985,1014.000000,31068
2026-06-29 15:35:00+00:00,1015.130005,1016.780029,1013.820007,1016.724976,28486
2026-06-29 15:40:00+00:00,1016.799927,1018.530029,1016.510010,1018.500000,24265
2026-06-29 15:45:00+00:00,1018.650024,1020.500000,1017.580017,1019.650024,29408
2026-06-29 15:50:00+00:00,1019.989990,1021.967285,1019.179993,1021.489990,30881
2026-06-29 15:55:00+00:00,1021.260010,1021.669983,1018.960022,1019.000000,24466
2026-06-29 16:00:00+00:00,1020.510010,1022.629883,1019.780029,1022.315002,18457
2026-06-29 16:05:00+00:00,1022.347473,1026.000000,1022.330017,1025.540039,32414
2026-06-29 16:10:00+00:00,1026.000000,1026.779907,1024.400024,1025.780029,25639
2026-06-29 16:15:00+00:00,1025.550049,1026.349976,1024.369995,1025.310059,32707
2026-06-29 16:20:00+00:00,1025.305054,1025.500000,1024.160034,1025.329956,24696
2026-06-29 16:25:00+00:00,1025.739990,1025.739990,1023.565002,1024.529053,21279
2026-06-29 16:30:00+00:00,1024.530029,1024.839966,1022.549988,1023.739990,12706
2026-06-29 16:35:00+00:00,1023.739990,1024.225098,1022.750000,1023.674988,11379
2026-06-29 16:40:00+00:00,1023.849976,1025.589966,1022.960022,1025.109985,17415
2026-06-29 16:45:00+00:00,1024.852295,1025.390015,1023.632019,1024.920044,18208
2026-06-29 16:50:00+00:00,1025.089966,1025.150024,1023.854980,1024.140015,15528
2026-06-29 16:55:00+00:00,1024.324951,1025.000000,1023.580383,1024.290039,18276
2026-06-29 17:00:00+00:00,1023.929993,1025.599976,1023.929993,1024.555054,12978
2026-06-29 17:05:00+00:00,1024.430054,1027.270020,1024.390015,1027.189941,31941
2026-06-29 17:10:00+00:00,1027.189941,1028.000000,1026.380005,1027.035034,97904
2026-06-29 17:15:00+00:00,1027.035034,1027.530029,1025.859985,1026.949951,12360
2026-06-29 17:20:00+00:00,1026.890015,1027.089966,1024.569946,1025.449951,17945
2026-06-29 17:25:00+00:00,1025.560059,1027.369995,1025.239990,1026.319946,16838
2026-06-29 17:30:00+00:00,1026.319946,1028.079956,1025.040039,1028.000000,15287
2026-06-29 17:35:00+00:00,1028.000000,1029.880005,1027.810059,1029.459961,16577
2026-06-29 17:40:00+00:00,1029.459961,1030.479980,1028.984985,1029.849976,19078
2026-06-29 17:45:00+00:00,1029.849976,1030.949951,1029.500000,1030.790039,26206
2026-06-29 17:50:00+00:00,1030.849976,1032.449951,1030.670044,1032.050049,23172
2026-06-29 17:55:00+00:00,1032.390015,1033.359985,1031.770020,1033.187622,18861
2026-06-29 18:00:00+00:00,1033.359985,1035.939941,1032.949951,1034.780029,38520
2026-06-29 18:05:00+00:00,1035.009888,1037.000000,1034.744995,1036.935059,31416
2026-06-29 18:10:00+00:00,1036.915039,1038.000000,1036.680054,1037.339966,19454
2026-06-29 18:15:00+00:00,1037.229980,1039.069946,1037.219971,1038.339966,21094
2026-06-29 18:20:00+00:00,1038.385010,1038.724976,1037.630005,1038.165039,19383
2026-06-29 18:25:00+00:00,1038.195068,1038.669922,1034.739990,1035.050049,26443
2026-06-29 18:30:00+00:00,1035.119995,1035.250000,1033.850098,1034.724976,24466
2026-06-29 18:35:00+00:00,1034.859985,1036.199951,1034.785034,1035.964966,17502
2026-06-29 18:40:00+00:00,1036.260010,1036.962036,1034.969971,1035.714966,15648
2026-06-29 18:45:00+00:00,1035.670044,1036.920044,1034.939941,1036.204956,20126
2026-06-29 18:50:00+00:00,1036.750000,1036.750000,1033.699951,1033.890015,17791
2026-06-29 18:55:00+00:00,1033.890015,1034.430054,1033.650024,1033.969971,20406
2026-06-29 19:00:00+00:00,1033.969971,1035.040039,1033.486816,1033.520142,17503
2026-06-29 19:05:00+00:00,1033.520020,1035.949951,1033.380005,1034.239990,17435
2026-06-29 19:10:00+00:00,1034.000000,1034.234985,1032.609985,1033.010010,21660
2026-06-29 19:15:00+00:00,1032.880005,1034.420044,1032.535034,1033.900024,29524
2026-06-29 19:20:00+00:00,1034.000000,1034.489990,1032.619995,1033.104980,33403
2026-06-29 19:25:00+00:00,1032.949951,1034.229980,1032.829956,1033.760010,35909
2026-06-29 19:30:00+00:00,1033.689941,1034.579956,1033.000000,1034.359985,217095
2026-06-29 19:35:00+00:00,1034.349976,1034.979980,1032.564941,1034.880005,26584
2026-06-29 19:40:00+00:00,1034.790039,1036.869995,1034.545044,1036.729980,35261
2026-06-29 19:45:00+00:00,1036.494995,1036.829956,1032.347534,1033.109985,45129
2026-06-29 19:50:00+00:00,1033.329956,1033.780029,1030.969971,1031.515015,63112
2026-06-29 19:55:00+00:00,1031.739990,1034.449951,1031.290039,1032.849976,179461
2026-06-30 13:30:00+00:00,1045.000000,1047.771729,1037.209961,1037.915039,152453
2026-06-30 13:35:00+00:00,1037.935059,1044.000000,1037.229980,1042.510010,28451
2026-06-30 13:40:00+00:00,1042.528320,1046.869995,1042.380005,1046.045044,39924
2026-06-30 13:45:00+00:00,1045.569946,1050.770020,1045.540039,1047.459961,52687
2026-06-30 13:50:00+00:00,1047.650024,1055.430054,1047.000000,1053.040039,40046
2026-06-30 13:55:00+00:00,1052.719971,1056.319946,1052.510010,1055.359985,16364
2026-06-30 14:00:00+00:00,1055.890015,1060.979980,1054.300049,1058.660034,40706
2026-06-30 14:05:00+00:00,1059.160034,1059.609985,1054.319946,1055.450073,22036
2026-06-30 14:10:00+00:00,1055.758911,1060.790039,1055.758911,1059.930054,19254
2026-06-30 14:15:00+00:00,1060.790039,1061.000000,1057.000000,1057.000000,15770
2026-06-30 14:20:00+00:00,1057.854980,1062.489990,1057.306641,1060.785034,20809
2026-06-30 14:25:00+00:00,1061.125000,1063.395020,1060.500000,1062.824951,16948
2026-06-30 14:30:00+00:00,1062.729980,1065.209961,1062.729980,1064.699951,22373
2026-06-30 14:35:00+00:00,1065.040039,1065.459961,1063.835449,1064.155029,24458
2026-06-30 14:40:00+00:00,1064.140015,1065.020020,1062.630005,1064.489990,16476
2026-06-30 14:45:00+00:00,1064.719971,1065.670044,1063.140015,1064.719971,26349
2026-06-30 14:50:00+00:00,1064.719971,1065.989990,1063.714966,1064.729980,24308
2026-06-30 14:55:00+00:00,1065.000000,1067.660034,1063.840942,1067.420044,30981
2026-06-30 15:00:00+00:00,1067.410034,1070.050049,1067.410034,1068.540039,44596
2026-06-30 15:05:00+00:00,1068.609985,1071.525024,1066.430054,1070.000000,20520
2026-06-30 15:10:00+00:00,1070.030029,1073.459961,1069.650024,1071.770020,24552
2026-06-30 15:15:00+00:00,1071.489990,1072.090210,1068.574951,1069.010010,18953
2026-06-30 15:20:00+00:00,1069.010010,1070.839966,1068.819946,1070.242554,13211
2026-06-30 15:25:00+00:00,1070.479980,1070.479980,1065.790039,1066.444946,26968
2026-06-30 15:30:00+00:00,1066.185059,1066.680054,1064.520020,1065.750000,18442
2026-06-30 15:35:00+00:00,1065.925049,1066.219971,1062.380127,1063.239990,19490
2026-06-30 15:40:00+00:00,1063.020020,1064.810059,1063.020020,1063.599976,20468
2026-06-30 15:45:00+00:00,1064.040039,1064.579956,1061.528198,1062.675049,12993
2026-06-30 15:50:00+00:00,1062.420044,1065.239990,1062.040039,1064.630005,24993
2026-06-30 15:55:00+00:00,1064.479980,1066.339966,1064.020996,1065.410034,19475
2026-06-30 16:00:00+00:00,1065.239990,1066.319946,1063.817627,1063.817627,21139
2026-06-30 16:05:00+00:00,1064.000000,1066.369995,1063.439941,1066.369995,7651
2026-06-30 16:10:00+00:00,1065.994995,1066.689941,1065.349976,1065.469971,13422
2026-06-30 16:15:00+00:00,1065.420044,1066.400024,1064.329956,1064.625000,16831
2026-06-30 16:20:00+00:00,1064.224976,1065.219971,1061.569946,1061.989990,15755
2026-06-30 16:25:00+00:00,1061.750000,1062.630005,1060.160034,1060.890015,30144
2026-06-30 16:30:00+00:00,1060.699951,1063.910034,1059.229980,1063.479980,18985
2026-06-30 16:35:00+00:00,1063.550049,1065.000000,1063.329956,1065.000000,11532
2026-06-30 16:40:00+00:00,1065.000000,1065.339966,1064.540039,1065.250000,12327
2026-06-30 16:45:00+00:00,1065.079956,1065.275024,1064.540039,1064.770020,13661
2026-06-30 16:50:00+00:00,1064.770020,1065.520020,1064.265015,1064.989990,18849
2026-06-30 16:55:00+00:00,1065.035034,1065.219971,1062.755005,1062.875000,12923
2026-06-30 17:00:00+00:00,1063.369995,1068.000000,1063.239990,1067.619995,16945
2026-06-30 17:05:00+00:00,1067.589966,1069.339966,1066.489990,1069.229980,10813
2026-06-30 17:10:00+00:00,1069.219971,1069.810059,1068.920044,1069.280029,5684
2026-06-30 17:15:00+00:00,1069.089966,1071.089966,1069.000000,1071.089966,17069
2026-06-30 17:20:00+00:00,1071.250000,1072.000000,1070.739990,1071.574707,13138
2026-06-30 17:25:00+00:00,1072.189941,1072.780029,1071.489990,1072.260010,29716
2026-06-30 17:30:00+00:00,1072.589966,1073.189941,1071.782837,1073.119995,28836
2026-06-30 17:35:00+00:00,1072.979980,1072.979980,1070.760010,1071.310059,37487
2026-06-30 17:40:00+00:00,1071.050049,1071.339966,1069.270020,1069.270020,14153
2026-06-30 17:45:00+00:00,1069.660034,1069.689941,1068.229980,1068.229980,12950
2026-06-30 17:50:00+00:00,1068.250000,1070.410034,1068.250000,1069.819946,9585
2026-06-30 17:55:00+00:00,1069.380005,1070.159058,1068.040039,1068.630005,15377
2026-06-30 18:00:00+00:00,1068.099976,1069.310059,1067.662842,1067.949951,16018
2026-06-30 18:05:00+00:00,1068.119995,1068.160034,1066.760010,1067.102051,16362
2026-06-30 18:10:00+00:00,1067.020020,1067.285034,1066.380005,1066.599976,9813
2026-06-30 18:15:00+00:00,1066.260010,1066.469971,1065.420776,1065.685059,10037
2026-06-30 18:20:00+00:00,1065.910034,1066.760010,1065.000000,1066.189941,11140
2026-06-30 18:25:00+00:00,1066.020020,1067.354980,1065.959961,1067.015015,11446
2026-06-30 18:30:00+00:00,1067.159912,1067.869995,1065.795044,1067.869995,12659
2026-06-30 18:35:00+00:00,1067.869995,1068.689941,1067.439941,1068.650024,67521
2026-06-30 18:40:00+00:00,1068.829956,1069.000000,1067.834961,1068.400024,12214
2026-06-30 18:45:00+00:00,1068.145020,1070.280029,1067.847412,1070.005005,23143
2026-06-30 18:50:00+00:00,1069.890015,1070.275024,1068.765015,1069.589966,15763
2026-06-30 18:55:00+00:00,1069.319946,1070.000000,1068.895020,1069.270020,10441
2026-06-30 19:00:00+00:00,1069.214966,1069.390015,1068.250000,1068.474976,14578
2026-06-30 19:05:00+00:00,1068.239990,1069.839966,1067.530029,1069.714966,17696
2026-06-30 19:10:00+00:00,1069.780029,1071.280029,1069.229980,1070.974976,20156
2026-06-30 19:15:00+00:00,1071.170044,1071.880005,1070.954956,1071.589966,24728
2026-06-30 19:20:00+00:00,1071.859985,1072.260010,1070.359985,1070.750000,35443
2026-06-30 19:25:00+00:00,1070.790039,1070.875000,1069.189941,1069.189941,29110
2026-06-30 19:30:00+00:00,1069.170044,1069.569946,1067.609985,1067.719971,31276
2026-06-30 19:35:00+00:00,1067.430054,1067.619995,1066.000000,1067.010010,32704
2026-06-30 19:40:00+00:00,1066.790039,1067.099976,1065.066895,1065.489990,35081
2026-06-30 19:45:00+00:00,1065.319946,1065.739868,1064.130005,1064.895020,46740
2026-06-30 19:50:00+00:00,1064.569946,1067.199951,1063.000000,1067.109985,55931
2026-06-30 19:55:00+00:00,1066.599976,1068.719971,1062.714966,1064.599976,197979
2026-07-01 13:30:00+00:00,1033.920044,1033.920044,1016.880005,1018.169983,219341
2026-07-01 13:35:00+00:00,1018.169983,1020.000000,1011.369995,1018.565002,72128
2026-07-01 13:40:00+00:00,1018.565002,1023.820007,1018.549988,1022.239990,51183
2026-07-01 13:45:00+00:00,1021.969971,1036.060059,1021.007507,1034.140015,57486
2026-07-01 13:50:00+00:00,1034.569946,1041.260010,1033.989990,1035.050049,41184
2026-07-01 13:55:00+00:00,1034.439941,1036.885010,1030.709961,1036.885010,134512
2026-07-01 14:00:00+00:00,1033.500000,1036.000000,1028.880005,1031.706299,29999
2026-07-01 14:05:00+00:00,1030.335205,1032.999878,1026.780029,1029.339966,45747
2026-07-01 14:10:00+00:00,1029.330078,1031.089966,1025.290039,1029.329956,31603
2026-07-01 14:15:00+00:00,1028.319946,1029.130005,1018.070007,1021.020020,29801
2026-07-01 14:20:00+00:00,1020.200012,1023.999878,1017.059998,1017.950012,58490
2026-07-01 14:25:00+00:00,1017.299988,1021.959900,1016.929993,1018.880005,42027
2026-07-01 14:30:00+00:00,1018.967529,1019.969910,1015.429993,1017.005005,42426
2026-07-01 14:35:00+00:00,1017.005005,1017.005005,1012.114990,1012.984985,69843
2026-07-01 14:40:00+00:00,1013.570007,1014.330017,1006.200012,1006.705017,81156
2026-07-01 14:45:00+00:00,1006.190002,1009.000000,1005.890015,1006.940002,39446
2026-07-01 14:50:00+00:00,1006.940002,1012.059998,1006.849976,1010.325012,50282
2026-07-01 14:55:00+00:00,1010.320007,1010.979980,1005.369995,1008.299988,44506
2026-07-01 15:00:00+00:00,1008.929993,1011.969971,1006.700073,1010.039978,37391
2026-07-01 15:05:00+00:00,1010.099976,1010.099976,1003.200012,1004.679993,32158
2026-07-01 15:10:00+00:00,1004.625000,1005.609985,1002.500000,1003.000000,43980
2026-07-01 15:15:00+00:00,1003.299988,1012.950012,1002.659973,1011.679993,55939
2026-07-01 15:20:00+00:00,1011.530029,1011.679993,1007.979980,1008.979980,34580
2026-07-01 15:25:00+00:00,1008.750000,1014.559998,1008.179993,1014.437195,25246
2026-07-01 15:30:00+00:00,1014.770020,1020.859985,1014.770020,1018.469971,42715
2026-07-01 15:35:00+00:00,1018.220093,1020.225525,1017.840027,1019.260010,12940
2026-07-01 15:40:00+00:00,1019.799988,1020.789978,1018.140015,1020.304993,22267
2026-07-01 15:45:00+00:00,1020.409973,1021.770020,1019.289978,1021.145020,41600
2026-07-01 15:50:00+00:00,1021.311951,1021.311951,1017.469971,1018.590027,43548
2026-07-01 15:55:00+00:00,1018.260010,1018.599976,1014.489990,1014.825012,30985
2026-07-01 16:00:00+00:00,1014.590820,1017.989929,1014.590820,1017.479980,18592
2026-07-01 16:05:00+00:00,1017.525024,1019.690002,1017.030029,1017.919983,23746
2026-07-01 16:10:00+00:00,1018.455017,1019.900024,1017.039978,1018.919983,20559
2026-07-01 16:15:00+00:00,1018.859985,1019.400024,1015.424988,1017.645020,17819
2026-07-01 16:20:00+00:00,1017.837891,1019.200012,1017.695007,1018.344971,11743
2026-07-01 16:25:00+00:00,1018.140015,1018.559998,1017.530029,1017.880005,11613
2026-07-01 16:30:00+00:00,1017.880005,1018.479980,1013.460022,1013.799988,36400
2026-07-01 16:35:00+00:00,1013.460022,1013.460022,1010.270020,1010.599976,40904
2026-07-01 16:40:00+00:00,1010.110107,1010.979980,1008.750000,1009.489990,26389
2026-07-01 16:45:00+00:00,1008.859985,1009.609985,1006.099976,1007.210022,15112
2026-07-01 16:50:00+00:00,1007.219971,1007.245789,1004.380005,1005.594971,18311
2026-07-01 16:55:00+00:00,1005.849976,1006.344971,1003.075012,1003.075012,24974
2026-07-01 17:00:00+00:00,1003.059998,1006.619995,1002.200012,1002.854980,27206
2026-07-01 17:05:00+00:00,1003.000000,1003.440002,1000.580017,1001.625000,28147
2026-07-01 17:10:00+00:00,1001.500000,1002.400024,999.200012,1000.390015,38403
2026-07-01 17:15:00+00:00,1000.000000,1000.929993,997.280029,1000.489990,52012
2026-07-01 17:20:00+00:00,1000.559998,1001.489990,998.745972,1000.710022,38958
2026-07-01 17:25:00+00:00,1000.500000,1003.146301,1000.080017,1000.109985,42577
2026-07-01 17:30:00+00:00,1000.210022,1000.260010,996.059998,996.734985,41443
2026-07-01 17:35:00+00:00,996.734985,998.099976,995.770020,997.859985,29346
2026-07-01 17:40:00+00:00,998.169983,999.869995,997.500000,997.539978,13039
2026-07-01 17:45:00+00:00,997.539978,998.482727,996.669983,996.679993,17793
2026-07-01 17:50:00+00:00,997.000000,997.794983,995.200012,995.690002,21256
2026-07-01 17:55:00+00:00,995.704590,996.070007,994.719971,995.250000,22202
2026-07-01 18:00:00+00:00,995.250000,996.934998,994.510010,995.429993,15477
2026-07-01 18:05:00+00:00,995.510010,995.510010,991.020020,992.130005,59778
2026-07-01 18:10:00+00:00,992.109985,992.750000,990.260010,991.359985,25624
2026-07-01 18:15:00+00:00,991.460022,992.729919,990.140015,990.469971,34017
2026-07-01 18:20:00+00:00,990.419983,991.799988,987.450012,989.275024,78431
2026-07-01 18:25:00+00:00,989.130005,989.710022,985.049988,988.219971,54490
2026-07-01 18:30:00+00:00,988.179993,988.179993,985.710022,987.369995,36533
2026-07-01 18:35:00+00:00,987.320007,987.950012,985.880005,985.880005,20522
2026-07-01 18:40:00+00:00,985.609985,987.599976,985.544983,986.799988,22387
2026-07-01 18:45:00+00:00,986.882507,988.375000,985.679993,986.465027,22218
2026-07-01 18:50:00+00:00,986.465027,987.840027,986.099976,987.515015,22587
2026-07-01 18:55:00+00:00,987.489990,989.419983,986.010010,988.544983,22477
2026-07-01 19:00:00+00:00,988.539978,990.409973,987.890015,989.409973,21905
2026-07-01 19:05:00+00:00,989.159973,992.450012,989.159973,990.835022,44683
2026-07-01 19:10:00+00:00,990.890015,993.079895,990.330017,992.635010,38182
2026-07-01 19:15:00+00:00,992.625000,995.445007,992.270020,995.445007,25975
2026-07-01 19:20:00+00:00,995.445007,996.409973,994.575012,995.494995,27302
2026-07-01 19:25:00+00:00,995.494995,995.659973,993.000000,994.309998,26865
2026-07-01 19:30:00+00:00,994.315002,994.859924,992.780029,993.434998,33229
2026-07-01 19:35:00+00:00,993.289978,993.690002,992.479980,993.590027,26236
2026-07-01 19:40:00+00:00,993.570007,994.030029,992.505005,993.219971,35638
2026-07-01 19:45:00+00:00,993.049988,995.320007,992.804993,994.724976,52734
2026-07-01 19:50:00+00:00,994.750000,996.059998,993.270020,994.159973,84110
2026-07-01 19:55:00+00:00,994.130005,995.900024,991.590027,991.809998,233708
2026-07-02 13:30:00+00:00,1001.280029,1001.280029,979.000000,985.869995,129883
2026-07-02 13:35:00+00:00,985.799988,991.599976,973.440002,978.974976,45776
2026-07-02 13:40:00+00:00,978.231628,989.799927,978.229980,986.477234,54921
2026-07-02 13:45:00+00:00,985.200012,993.099976,983.799988,990.890015,48663
2026-07-02 13:50:00+00:00,991.604980,999.276672,990.659973,995.104980,41216
2026-07-02 13:55:00+00:00,995.570007,996.200012,991.099976,992.659973,36802
2026-07-02 14:00:00+00:00,993.354980,993.909973,985.289978,987.909973,67990
2026-07-02 14:05:00+00:00,986.119995,990.869995,982.460022,990.679993,42597
2026-07-02 14:10:00+00:00,991.219971,998.000000,990.840027,997.739990,56352
2026-07-02 14:15:00+00:00,997.750000,998.890015,994.500000,995.540100,33103
2026-07-02 14:20:00+00:00,995.630005,996.090027,990.719971,991.344971,28113
2026-07-02 14:25:00+00:00,990.700012,990.700012,982.250000,983.400024,27967
2026-07-02 14:30:00+00:00,983.330017,985.020020,981.250000,982.804993,31889
2026-07-02 14:35:00+00:00,983.299988,987.039978,981.809998,985.609985,29612
2026-07-02 14:40:00+00:00,985.090027,985.320007,977.650024,979.390015,29023
2026-07-02 14:45:00+00:00,980.409973,983.193604,977.299988,982.299988,33340
2026-07-02 14:50:00+00:00,983.539001,987.179993,980.755005,982.844971,40327
2026-07-02 14:55:00+00:00,982.854980,985.400024,980.494995,985.399902,33720
2026-07-02 15:00:00+00:00,984.645020,985.049927,978.000000,978.469971,31378
2026-07-02 15:05:00+00:00,978.929993,978.955017,974.469971,977.400024,27911
2026-07-02 15:10:00+00:00,977.400024,981.059998,975.840027,976.507996,29351
2026-07-02 15:15:00+00:00,976.299988,976.299988,965.609985,968.135010,69234
2026-07-02 15:20:00+00:00,968.919983,975.460022,968.789978,975.010010,24357
2026-07-02 15:25:00+00:00,974.530029,975.729004,971.635010,971.914978,27329
2026-07-02 15:30:00+00:00,971.640015,977.422119,971.395020,976.239990,22219
2026-07-02 15:35:00+00:00,976.190002,980.619995,975.474976,977.027527,18997
2026-07-02 15:40:00+00:00,976.354980,978.498779,974.510010,974.510010,29357
2026-07-02 15:45:00+00:00,975.090027,976.859985,973.031494,973.900024,23863
2026-07-02 15:50:00+00:00,974.010010,974.854980,970.260010,971.469971,20674
2026-07-02 15:55:00+00:00,971.250000,973.960022,970.179993,973.880005,47296
2026-07-02 16:00:00+00:00,974.239990,975.289978,969.159973,969.824585,35645
2026-07-02 16:05:00+00:00,969.599976,971.219971,968.539978,969.690002,20155
2026-07-02 16:10:00+00:00,970.234985,972.349976,969.940002,970.500000,15095
2026-07-02 16:15:00+00:00,970.559998,970.710022,966.500122,966.520020,29740
2026-07-02 16:20:00+00:00,966.510010,966.510010,962.299988,962.530029,32648
2026-07-02 16:25:00+00:00,962.559998,966.210022,962.559998,964.140015,28897
2026-07-02 16:30:00+00:00,964.090027,964.530029,963.000000,963.049988,42452
2026-07-02 16:35:00+00:00,963.059998,964.119995,962.010010,962.059998,31347
2026-07-02 16:40:00+00:00,962.349976,964.635010,962.000000,963.109985,20538
2026-07-02 16:45:00+00:00,963.119995,965.416809,961.770020,964.690002,20345
2026-07-02 16:50:00+00:00,964.554993,967.919922,963.315002,966.299988,20179
2026-07-02 16:55:00+00:00,965.679993,965.679993,960.489990,962.532471,27800
2026-07-02 17:00:00+00:00,962.349976,963.049988,959.099976,959.765015,27464
2026-07-02 17:05:00+00:00,960.049988,961.530029,958.700989,959.830017,34413
2026-07-02 17:10:00+00:00,959.890015,960.195007,957.609985,959.780029,31288
2026-07-02 17:15:00+00:00,959.792480,961.532776,958.909973,959.164978,27814
2026-07-02 17:20:00+00:00,959.164978,961.330017,957.659973,957.934998,21639
2026-07-02 17:25:00+00:00,957.530029,958.340027,957.155029,957.909973,21987
2026-07-02 17:30:00+00:00,957.909973,958.255005,955.099976,955.465027,22998
2026-07-02 17:35:00+00:00,955.090027,955.710022,950.739990,950.900024,26692
2026-07-02 17:40:00+00:00,950.960022,952.580017,949.000000,950.880005,35394
2026-07-02 17:45:00+00:00,950.869995,951.890015,948.780029,950.912476,38298
2026-07-02 17:50:00+00:00,951.729980,953.330017,949.460022,952.330017,32403
2026-07-02 17:55:00+00:00,952.354980,952.729919,949.419983,950.500000,27837
2026-07-02 18:00:00+00:00,950.150024,952.219971,949.739990,952.219971,28561
2026-07-02 18:05:00+00:00,952.414978,956.289978,952.390015,956.289978,22023
2026-07-02 18:10:00+00:00,956.739990,957.619995,952.030029,952.104980,55825
2026-07-02 18:15:00+00:00,952.250000,952.804993,949.625000,951.900024,67253
2026-07-02 18:20:00+00:00,951.905029,953.455017,951.400024,953.280029,51444
2026-07-02 18:25:00+00:00,953.085022,955.609985,953.015015,955.130127,14897
2026-07-02 18:30:00+00:00,955.010010,957.699829,954.140015,955.585022,23140
2026-07-02 18:35:00+00:00,955.789978,957.659912,955.111023,956.674988,15904
2026-07-02 18:40:00+00:00,956.664978,958.729919,955.650024,957.849976,15935
2026-07-02 18:45:00+00:00,957.924988,958.650024,956.000000,958.650024,29820
2026-07-02 18:50:00+00:00,958.580017,959.505005,957.299988,958.244995,19876
2026-07-02 18:55:00+00:00,958.200012,959.886780,957.070129,959.799988,17771
2026-07-02 19:00:00+00:00,960.000000,960.729919,956.380005,956.559998,32676
2026-07-02 19:05:00+00:00,956.599976,957.400024,955.309998,956.010010,34736
2026-07-02 19:10:00+00:00,956.250000,956.659973,954.539978,954.539978,27524
2026-07-02 19:15:00+00:00,954.960022,955.750000,953.739990,953.739990,24045
2026-07-02 19:20:00+00:00,953.974976,954.140015,951.830017,952.710022,37185
2026-07-02 19:25:00+00:00,952.570007,956.839905,952.130127,954.750000,40347
2026-07-02 19:30:00+00:00,955.010010,956.000000,953.679993,955.400024,41795
2026-07-02 19:35:00+00:00,955.380005,958.280029,954.390076,958.280029,38202
2026-07-02 19:40:00+00:00,958.195007,959.799988,957.049988,959.280029,31119
2026-07-02 19:45:00+00:00,959.530029,961.130005,958.380127,959.395020,40739
2026-07-02 19:50:00+00:00,959.400024,963.849976,959.260010,963.729980,70300
2026-07-02 19:55:00+00:00,963.919983,967.000000,962.880005,963.335022,309617
2026-07-06 13:30:00+00:00,979.090027,991.000000,975.000000,988.820007,150007
2026-07-06 13:35:00+00:00,988.919983,990.500000,982.500000,985.989990,109955
2026-07-06 13:40:00+00:00,986.640015,989.900024,984.268677,987.890015,78622
2026-07-06 13:45:00+00:00,987.330017,989.820007,985.309998,986.520020,25367
2026-07-06 13:50:00+00:00,986.700012,990.000000,985.869995,988.294983,33067
2026-07-06 13:55:00+00:00,987.520020,989.210022,984.520020,985.914978,37274
2026-07-06 14:00:00+00:00,986.530029,987.849976,983.510010,983.799988,36487
2026-07-06 14:05:00+00:00,982.820007,986.570007,982.200012,982.872986,21667
2026-07-06 14:10:00+00:00,982.520020,988.369995,982.520020,987.945007,23653
2026-07-06 14:15:00+00:00,987.660828,988.590027,985.020020,986.212708,20084
2026-07-06 14:20:00+00:00,986.559998,987.044983,984.440002,985.700012,13808
2026-07-06 14:25:00+00:00,986.099976,987.609985,983.820007,984.869995,14224
2026-07-06 14:30:00+00:00,984.869995,986.679993,984.715027,986.020020,13627
2026-07-06 14:35:00+00:00,986.090027,989.044983,985.460022,988.005005,14328
2026-07-06 14:40:00+00:00,987.599976,988.030029,984.080017,987.270020,13791
2026-07-06 14:45:00+00:00,987.177490,987.520020,985.765015,986.250000,11870
2026-07-06 14:50:00+00:00,986.250000,987.000000,983.000000,983.325012,12663
2026-07-06 14:55:00+00:00,983.179993,984.090027,982.109985,983.359985,11122
2026-07-06 15:00:00+00:00,983.450012,984.979919,982.599976,983.515015,39433
2026-07-06 15:05:00+00:00,983.320129,984.530029,983.219971,984.344971,10982
2026-07-06 15:10:00+00:00,984.989990,985.000000,981.809998,983.815002,11579
2026-07-06 15:15:00+00:00,984.280029,984.280029,980.755005,981.320007,17061
2026-07-06 15:20:00+00:00,981.320007,981.950012,978.500000,978.776123,19299
2026-07-06 15:25:00+00:00,979.239990,980.479980,978.640015,980.320007,13239
2026-07-06 15:30:00+00:00,980.000000,980.599976,978.500000,978.895081,9957
2026-07-06 15:35:00+00:00,979.190002,979.539978,976.750000,978.679993,11775
2026-07-06 15:40:00+00:00,978.695007,979.509888,976.820007,977.789978,12928
2026-07-06 15:45:00+00:00,977.969971,978.999878,977.600098,978.999878,8520
2026-07-06 15:50:00+00:00,978.299988,979.609375,977.849976,977.849976,18452
2026-07-06 15:55:00+00:00,977.854980,978.489990,977.280029,977.719971,12979
2026-07-06 16:00:00+00:00,977.320007,977.538025,975.000000,975.210022,14399
2026-07-06 16:05:00+00:00,975.395020,976.659973,972.489990,975.650024,19708
2026-07-06 16:10:00+00:00,975.594971,976.659912,973.599976,973.895020,22984
2026-07-06 16:15:00+00:00,973.895020,973.895020,972.229980,972.659973,13141
2026-07-06 16:20:00+00:00,972.684998,972.684998,971.179993,972.039978,11994
2026-07-06 16:25:00+00:00,972.364990,973.899902,971.929993,973.275024,10963
2026-07-06 16:30:00+00:00,973.010010,975.265015,973.010010,974.590027,15172
2026-07-06 16:35:00+00:00,974.539978,975.700012,972.630005,973.440002,20368
2026-07-06 16:40:00+00:00,973.445007,973.445007,972.429993,973.250000,10180
2026-07-06 16:45:00+00:00,973.385010,974.530029,973.140015,973.974976,5505
2026-07-06 16:50:00+00:00,973.969971,974.250000,972.174988,972.174988,14110
2026-07-06 16:55:00+00:00,972.099976,973.039978,971.809998,971.936890,7774
2026-07-06 17:00:00+00:00,971.979980,972.449890,970.040100,972.449890,9475
2026-07-06 17:05:00+00:00,971.684998,974.164978,971.049988,974.164978,4579
2026-07-06 17:10:00+00:00,974.140015,975.000000,973.732300,974.619995,5876
2026-07-06 17:15:00+00:00,974.525024,974.780029,973.010010,973.515015,12295
2026-07-06 17:20:00+00:00,973.510010,974.010010,973.159973,973.479980,6066
2026-07-06 17:25:00+00:00,973.258972,973.619995,972.799988,972.864990,8347
2026-07-06 17:30:00+00:00,972.859985,972.867493,970.659973,971.609985,20455
2026-07-06 17:35:00+00:00,971.614990,972.559998,971.000000,972.380005,8496
2026-07-06 17:40:00+00:00,972.200012,972.200012,970.039978,971.669983,9218
2026-07-06 17:45:00+00:00,972.190002,973.109985,970.760010,972.625000,6579
2026-07-06 17:50:00+00:00,973.020020,973.434998,970.000000,970.109985,21210
2026-07-06 17:55:00+00:00,970.104980,970.989990,969.284973,970.639221,25635
2026-07-06 18:00:00+00:00,970.660095,973.090027,970.520020,972.239990,9936
2026-07-06 18:05:00+00:00,972.309998,974.440002,972.299988,973.844971,10245
2026-07-06 18:10:00+00:00,973.520081,974.255005,972.679993,973.437195,10918
2026-07-06 18:15:00+00:00,973.275024,974.724976,973.275024,974.559998,156224
2026-07-06 18:20:00+00:00,974.539978,974.539978,972.375000,973.025024,108112
2026-07-06 18:25:00+00:00,972.900024,973.549988,972.340027,972.900024,7162
2026-07-06 18:30:00+00:00,972.989990,973.315002,970.820007,971.169983,10387
2026-07-06 18:35:00+00:00,970.945007,971.075012,969.135193,969.159973,10417
2026-07-06 18:40:00+00:00,970.007385,970.690002,969.309998,970.690002,26024
2026-07-06 18:45:00+00:00,970.820007,971.487915,969.299988,969.354980,18656
2026-07-06 18:50:00+00:00,969.354980,969.710022,968.080017,968.125000,12105
2026-07-06 18:55:00+00:00,968.250000,969.710022,968.250000,969.710022,7041
2026-07-06 19:00:00+00:00,969.460022,970.590027,966.500000,966.705017,29515
2026-07-06 19:05:00+00:00,966.700012,968.049988,965.630005,966.135010,19641
2026-07-06 19:10:00+00:00,966.460022,966.885010,965.030029,966.469971,23462
2026-07-06 19:15:00+00:00,966.330017,967.659973,965.599976,966.164978,16865
2026-07-06 19:20:00+00:00,965.820007,967.710022,965.820007,967.710022,20047
2026-07-06 19:25:00+00:00,967.489990,967.489990,966.200012,966.250000,18531
2026-07-06 19:30:00+00:00,966.200012,966.630005,964.609985,965.520020,31383
2026-07-06 19:35:00+00:00,965.825012,966.635010,965.000000,965.000000,27103
2026-07-06 19:40:00+00:00,965.130005,965.260010,963.320007,964.340027,43247
2026-07-06 19:45:00+00:00,964.315002,965.585022,963.570007,964.854980,57028
2026-07-06 19:50:00+00:00,965.140015,967.369995,964.854980,966.474976,35278
2026-07-06 19:55:00+00:00,966.270020,970.239990,965.094971,969.989990,119639
2026-07-07 13:30:00+00:00,946.500000,950.000000,934.539978,934.539978,153318
2026-07-07 13:35:00+00:00,934.469971,934.469971,926.000977,926.484985,115595
2026-07-07 13:40:00+00:00,926.362732,935.299988,925.000000,935.070007,62897
2026-07-07 13:45:00+00:00,935.190002,936.999878,928.609985,929.359985,44241
2026-07-07 13:50:00+00:00,929.359985,930.929993,920.020020,920.299988,100518
2026-07-07 13:55:00+00:00,920.520020,922.070007,917.679993,922.070007,89856
2026-07-07 14:00:00+00:00,922.059998,926.195007,920.960022,924.520081,48904
2026-07-07 14:05:00+00:00,924.520020,928.049927,923.669983,925.115723,23124
2026-07-07 14:10:00+00:00,924.825012,924.825012,917.739990,918.239990,44436
2026-07-07 14:15:00+00:00,918.239990,923.580017,916.539978,923.429993,103772
2026-07-07 14:20:00+00:00,923.729980,924.940002,916.290100,917.460022,70526
2026-07-07 14:25:00+00:00,917.460022,922.000000,914.944092,921.530029,67942
2026-07-07 14:30:00+00:00,921.989990,922.909973,916.845215,916.845215,39744
2026-07-07 14:35:00+00:00,916.739990,919.005005,913.000000,914.250000,75164
2026-07-07 14:40:00+00:00,914.250000,914.599976,911.400024,912.525024,65115
2026-07-07 14:45:00+00:00,912.770020,915.034973,910.859985,914.809998,45794
2026-07-07 14:50:00+00:00,914.859985,916.659973,913.729980,915.000000,40198
2026-07-07 14:55:00+00:00,915.210022,919.020020,914.619995,915.500000,21932
2026-07-07 15:00:00+00:00,915.500000,916.440002,913.549988,915.429993,27461
2026-07-07 15:05:00+00:00,915.500000,916.520020,912.800110,916.224976,21442
2026-07-07 15:10:00+00:00,917.320007,918.704712,913.710022,913.710022,29264
2026-07-07 15:15:00+00:00,913.669983,914.075012,911.000000,912.880005,43179
2026-07-07 15:20:00+00:00,913.070007,914.880005,911.520020,912.299988,26992
2026-07-07 15:25:00+00:00,912.299988,914.450012,911.869995,913.770020,36241
2026-07-07 15:30:00+00:00,914.450012,914.520020,911.520020,912.510010,46010
2026-07-07 15:35:00+00:00,912.210022,912.969971,911.090027,911.500000,67312
2026-07-07 15:40:00+00:00,911.559998,911.559998,909.530029,910.664978,40921
2026-07-07 15:45:00+00:00,911.119995,913.437500,910.690002,910.690002,50895
2026-07-07 15:50:00+00:00,910.626160,914.799988,910.340027,911.255005,38255
2026-07-07 15:55:00+00:00,911.195007,913.210022,911.184998,913.039978,27989
2026-07-07 16:00:00+00:00,913.094971,916.750000,912.336670,915.284973,49161
2026-07-07 16:05:00+00:00,915.284973,917.710022,914.530029,915.865173,18954
2026-07-07 16:10:00+00:00,916.719971,920.000000,916.145020,917.840027,28578
2026-07-07 16:15:00+00:00,917.849976,918.513611,917.049988,918.513611,13170
2026-07-07 16:20:00+00:00,918.320007,922.479980,918.230103,920.510010,16408
2026-07-07 16:25:00+00:00,920.354980,921.989990,920.000000,921.320007,10670
2026-07-07 16:30:00+00:00,920.679993,921.940002,917.010010,918.200012,21763
2026-07-07 16:35:00+00:00,917.799988,919.500000,917.239990,918.039978,13640
2026-07-07 16:40:00+00:00,918.034973,918.034973,915.320190,916.614990,21150
2026-07-07 16:45:00+00:00,917.250000,918.390015,916.000000,918.390015,16735
2026-07-07 16:50:00+00:00,918.390015,919.950012,917.570007,917.570007,17754
2026-07-07 16:55:00+00:00,917.575012,919.534973,916.289978,919.419983,33880
2026-07-07 17:00:00+00:00,919.244995,920.450012,918.099976,918.549988,23731
2026-07-07 17:05:00+00:00,918.609985,921.077820,917.750000,920.960022,28716
2026-07-07 17:10:00+00:00,920.619995,921.789978,918.739990,919.789978,19534
2026-07-07 17:15:00+00:00,919.789978,919.991821,918.190002,919.604980,9380
2026-07-07 17:20:00+00:00,919.539978,925.099976,919.539978,924.830017,32799
2026-07-07 17:25:00+00:00,924.330017,925.780029,923.130127,924.906921,20047
2026-07-07 17:30:00+00:00,924.919983,926.000000,924.460022,924.989990,15885
2026-07-07 17:35:00+00:00,924.630005,925.809875,924.609985,925.077515,12728
2026-07-07 17:40:00+00:00,924.924988,927.799988,924.924988,927.799988,28917
2026-07-07 17:45:00+00:00,927.715027,927.835022,925.679993,926.890015,19857
2026-07-07 17:50:00+00:00,926.934998,927.250000,924.859985,926.849976,24636
2026-07-07 17:55:00+00:00,926.239990,928.455017,926.239990,928.455017,9264
2026-07-07 18:00:00+00:00,928.190002,930.000000,927.989990,928.575012,19788
2026-07-07 18:05:00+00:00,928.039978,929.559998,928.039978,928.750000,18986
2026-07-07 18:10:00+00:00,928.750000,929.530029,927.820007,929.380005,22040
2026-07-07 18:15:00+00:00,929.195007,930.000000,928.770020,929.799988,18965
2026-07-07 18:20:00+00:00,929.969971,930.909912,929.473022,930.090088,22085
2026-07-07 18:25:00+00:00,930.815002,930.815002,929.919983,930.320007,11692
2026-07-07 18:30:00+00:00,930.000000,930.780029,928.809998,929.729919,26408
2026-07-07 18:35:00+00:00,928.719971,929.890015,927.119995,927.210022,19235
2026-07-07 18:40:00+00:00,927.200012,927.825012,926.059998,926.249329,21370
2026-07-07 18:45:00+00:00,926.289978,929.034973,925.989990,927.559998,24114
2026-07-07 18:50:00+00:00,927.640015,928.533203,926.530090,927.340027,20276
2026-07-07 18:55:00+00:00,927.880005,928.429993,926.489990,926.739990,18152
2026-07-07 19:00:00+00:00,926.739990,927.200012,924.590027,925.580017,31550
2026-07-07 19:05:00+00:00,925.059998,927.239990,925.059998,926.059998,31907
2026-07-07 19:10:00+00:00,926.054993,928.190002,925.349976,928.190002,27391
2026-07-07 19:15:00+00:00,928.669983,929.135010,926.669983,927.979980,32386
2026-07-07 19:20:00+00:00,927.919983,929.385010,927.614990,929.039978,22486
2026-07-07 19:25:00+00:00,928.864990,929.130005,926.140015,926.349976,75383
2026-07-07 19:30:00+00:00,926.349976,930.549988,926.349976,930.549988,32764
2026-07-07 19:35:00+00:00,930.565002,931.429993,928.679993,930.054993,35400
2026-07-07 19:40:00+00:00,930.369995,931.460022,929.380676,931.190002,41067
2026-07-07 19:45:00+00:00,931.440002,935.969971,931.174988,935.919983,50853
2026-07-07 19:50:00+00:00,935.919983,937.640015,934.500000,937.000000,96915
2026-07-07 19:55:00+00:00,937.469971,942.000000,937.340027,940.075012,319649
2026-07-08 13:30:00+00:00,937.510010,952.281006,934.940002,951.919983,143388
2026-07-08 13:35:00+00:00,952.000000,952.743225,949.169983,951.219971,77769
2026-07-08 13:40:00+00:00,951.395020,954.745483,949.559998,951.025024,57353
2026-07-08 13:45:00+00:00,950.479980,955.000000,946.159973,947.340027,42892
2026-07-08 13:50:00+00:00,947.340027,949.200012,945.130005,947.682495,71311
2026-07-08 13:55:00+00:00,946.670105,951.789978,945.924988,949.799988,57190
2026-07-08 14:00:00+00:00,949.500000,950.840027,946.000000,947.000000,45684
2026-07-08 14:05:00+00:00,947.000000,949.849976,945.570007,946.450012,29022
2026-07-08 14:10:00+00:00,946.000000,946.312500,938.184998,940.489990,36786
2026-07-08 14:15:00+00:00,940.419983,940.469971,936.929993,938.294983,45699
2026-07-08 14:20:00+00:00,938.539978,943.969971,938.150024,942.744995,53845
2026-07-08 14:25:00+00:00,942.780029,943.969971,940.599976,943.049988,20577
2026-07-08 14:30:00+00:00,943.989990,944.070007,940.609985,942.520020,15268
2026-07-08 14:35:00+00:00,942.510010,943.979980,939.349976,939.349976,18106
2026-07-08 14:40:00+00:00,939.335022,940.731812,937.136475,939.279907,15271
2026-07-08 14:45:00+00:00,938.044983,938.989990,934.619995,935.039978,20763
2026-07-08 14:50:00+00:00,934.619995,939.000000,934.390015,937.859985,17580
2026-07-08 14:55:00+00:00,937.729980,939.150024,937.039978,938.155029,12737
2026-07-08 15:00:00+00:00,938.640015,938.640015,932.300110,932.862793,26570
2026-07-08 15:05:00+00:00,933.440002,934.450012,930.809998,931.390015,18600
2026-07-08 15:10:00+00:00,931.544983,933.169983,930.549988,931.630005,16384
2026-07-08 15:15:00+00:00,931.640015,933.169983,929.789978,933.135010,21548
2026-07-08 15:20:00+00:00,933.145020,933.390015,928.310120,929.460022,20315
2026-07-08 15:25:00+00:00,928.940002,929.530029,927.664978,929.229980,27373
2026-07-08 15:30:00+00:00,929.090027,931.140015,928.700012,930.525024,17757
2026-07-08 15:35:00+00:00,930.520020,931.369995,927.669983,927.869995,13406
2026-07-08 15:40:00+00:00,928.390015,929.428284,927.000000,927.804993,31062
2026-07-08 15:45:00+00:00,927.474976,928.059998,925.349976,925.905029,24485
2026-07-08 15:50:00+00:00,926.111328,926.919983,925.260010,926.919983,21825
2026-07-08 15:55:00+00:00,927.150024,927.820007,925.549988,926.520020,13823
2026-07-08 16:00:00+00:00,926.724976,929.409973,926.559998,928.914978,24121
2026-07-08 16:05:00+00:00,928.919983,931.219971,928.700012,931.219971,36224
2026-07-08 16:10:00+00:00,931.215027,932.979492,931.215027,931.859985,21888
2026-07-08 16:15:00+00:00,932.270020,934.500000,931.265015,934.500000,14584
2026-07-08 16:20:00+00:00,934.510010,936.549988,933.750000,933.750000,18595
2026-07-08 16:25:00+00:00,933.500000,935.909973,933.500000,935.859985,22938
2026-07-08 16:30:00+00:00,935.419983,936.219971,934.000000,934.000000,11514
2026-07-08 16:35:00+00:00,934.335022,935.530029,932.575012,933.750000,13906
2026-07-08 16:40:00+00:00,933.190002,935.909973,933.020020,935.489990,10245
2026-07-08 16:45:00+00:00,934.979980,937.298584,934.380005,937.030029,10178
2026-07-08 16:50:00+00:00,936.679993,939.530029,936.679993,937.760010,14660
2026-07-08 16:55:00+00:00,938.390015,938.580017,937.190002,937.440002,6681
2026-07-08 17:00:00+00:00,937.429993,937.429993,935.539978,937.010010,13755
2026-07-08 17:05:00+00:00,937.190002,938.674988,936.820007,937.260010,15422
2026-07-08 17:10:00+00:00,937.270020,938.030029,936.219971,936.244995,10957
2026-07-08 17:15:00+00:00,936.380005,939.330017,936.000000,938.750000,11068
2026-07-08 17:20:00+00:00,939.273987,940.409973,938.400024,940.349976,8933
2026-07-08 17:25:00+00:00,940.349976,941.219971,939.869995,940.840027,11190
2026-07-08 17:30:00+00:00,941.000000,942.010010,940.580322,941.909973,14259
2026-07-08 17:35:00+00:00,941.604980,942.799988,941.130005,941.830017,14639
2026-07-08 17:40:00+00:00,941.604980,942.109985,940.650085,940.650085,13199
2026-07-08 17:45:00+00:00,940.940002,941.340027,939.710022,940.440002,14272
2026-07-08 17:50:00+00:00,940.205017,942.190002,940.179993,940.950012,21629
2026-07-08 17:55:00+00:00,940.934998,941.299988,940.000000,941.075012,11425
2026-07-08 18:00:00+00:00,941.044983,944.260010,940.250000,943.349976,27173
2026-07-08 18:05:00+00:00,943.059998,944.289978,942.369995,943.900024,15911
2026-07-08 18:10:00+00:00,943.570007,946.030029,943.280090,945.619995,16793
2026-07-08 18:15:00+00:00,945.585022,946.520020,944.000000,945.859985,16471
2026-07-08 18:20:00+00:00,946.119995,949.059998,945.570007,948.049988,24766
2026-07-08 18:25:00+00:00,948.359985,948.700012,946.979980,947.284973,15972
2026-07-08 18:30:00+00:00,947.200012,947.780029,945.609985,946.179993,15737
2026-07-08 18:35:00+00:00,946.803894,947.549988,945.658875,947.020020,13322
2026-07-08 18:40:00+00:00,947.260010,947.674988,946.500000,947.500000,9965
2026-07-08 18:45:00+00:00,947.494995,947.950012,946.460022,947.562500,17451
2026-07-08 18:50:00+00:00,947.770020,948.559998,947.719971,948.369995,30000
2026-07-08 18:55:00+00:00,948.369995,948.789978,947.880005,948.565002,17124
2026-07-08 19:00:00+00:00,948.559998,949.674988,948.299988,949.674988,16838
2026-07-08 19:05:00+00:00,949.674988,949.809998,948.510010,949.260010,21180
2026-07-08 19:10:00+00:00,949.287476,949.580017,947.929993,948.280029,35889
2026-07-08 19:15:00+00:00,948.354980,948.940002,946.405029,946.739990,18632
2026-07-08 19:20:00+00:00,946.647522,948.630005,946.630005,948.277710,14646
2026-07-08 19:25:00+00:00,947.979980,949.140015,947.809998,948.770020,54184
2026-07-08 19:30:00+00:00,949.200012,949.200012,946.020020,946.260010,21538
2026-07-08 19:35:00+00:00,946.190002,948.059875,946.169983,947.304993,32533
2026-07-08 19:40:00+00:00,947.219971,947.500000,945.750000,947.089600,36995
2026-07-08 19:45:00+00:00,946.784973,947.650024,945.630005,946.085022,35885
2026-07-08 19:50:00+00:00,945.700012,948.549988,944.525024,947.924988,80119
2026-07-08 19:55:00+00:00,948.119995,949.479980,947.239990,947.659973,149630
2026-07-09 13:30:00+00:00,975.080017,983.159973,967.229980,968.989990,124796
2026-07-09 13:35:00+00:00,968.260010,970.530029,962.934998,963.315002,35706
2026-07-09 13:40:00+00:00,963.478027,964.849976,960.638000,964.065002,37196
2026-07-09 13:45:00+00:00,963.570007,965.609985,958.880005,960.729980,26335
2026-07-09 13:50:00+00:00,960.219971,967.320007,960.080017,966.469971,32133
2026-07-09 13:55:00+00:00,966.450012,967.140015,963.250000,963.250000,29418
2026-07-09 14:00:00+00:00,963.469971,965.799988,962.099976,963.820129,32526
2026-07-09 14:05:00+00:00,964.130005,968.539978,963.880005,966.099976,38387
2026-07-09 14:10:00+00:00,965.460022,965.700012,958.580017,958.840027,34063
2026-07-09 14:15:00+00:00,958.580017,958.900024,950.460022,951.304993,31842
2026-07-09 14:20:00+00:00,950.809998,951.500000,947.919983,950.890015,30343
2026-07-09 14:25:00+00:00,951.500000,954.940002,950.250000,953.835022,35957
2026-07-09 14:30:00+00:00,953.840027,954.119995,951.353210,953.179993,21989
2026-07-09 14:35:00+00:00,953.169983,954.780029,952.469971,953.229980,13834
2026-07-09 14:40:00+00:00,952.760010,957.775024,952.700012,957.700012,49449
2026-07-09 14:45:00+00:00,957.710022,958.630005,955.460083,956.344971,17606
2026-07-09 14:50:00+00:00,956.359985,957.520020,953.570007,955.539978,19096
2026-07-09 14:55:00+00:00,955.729980,956.770020,955.510010,955.950012,16428
2026-07-09 15:00:00+00:00,956.010010,957.424988,954.750000,956.530029,12292
2026-07-09 15:05:00+00:00,956.969971,959.559998,956.809998,959.309570,13116
2026-07-09 15:10:00+00:00,959.090027,959.098328,955.739990,957.429993,18831
2026-07-09 15:15:00+00:00,957.104980,957.429993,955.049988,956.000000,11530
2026-07-09 15:20:00+00:00,956.210022,957.789917,954.985596,957.780029,12529
2026-07-09 15:25:00+00:00,957.275024,958.559998,957.090027,957.794983,12553
2026-07-09 15:30:00+00:00,957.419983,957.960022,956.290100,957.500000,14157
2026-07-09 15:35:00+00:00,957.200012,960.369995,957.070007,959.575012,26879
2026-07-09 15:40:00+00:00,959.840027,961.999878,959.150024,961.999878,31493
2026-07-09 15:45:00+00:00,962.000000,962.650024,959.294983,959.570007,22435
2026-07-09 15:50:00+00:00,959.840027,960.650024,959.570007,960.020020,13495
2026-07-09 15:55:00+00:00,959.684998,960.159912,957.820007,958.150024,8191
2026-07-09 16:00:00+00:00,958.445007,958.969971,957.655029,957.930115,12163
2026-07-09 16:05:00+00:00,958.335022,959.867004,958.130005,959.429993,23295
2026-07-09 16:10:00+00:00,959.400024,959.609985,958.450012,958.690002,14965
2026-07-09 16:15:00+00:00,958.859985,958.969971,957.520020,958.340027,9575
2026-07-09 16:20:00+00:00,958.130005,959.075012,957.844971,958.900024,13053
2026-07-09 16:25:00+00:00,958.515015,959.549988,958.270020,959.530029,9422
2026-07-09 16:30:00+00:00,959.155029,959.559998,957.219971,957.219971,13923
2026-07-09 16:35:00+00:00,957.594971,957.799988,955.000000,956.210022,13826
2026-07-09 16:40:00+00:00,956.395020,956.395020,954.630005,955.880005,13972
2026-07-09 16:45:00+00:00,955.559998,955.859985,953.729980,953.849976,17930
2026-07-09 16:50:00+00:00,953.770020,953.919983,952.609985,952.760010,15198
2026-07-09 16:55:00+00:00,953.094971,954.085022,952.190002,952.630005,17850
2026-07-09 17:00:00+00:00,952.900024,953.309998,951.059998,952.500000,21696
2026-07-09 17:05:00+00:00,952.559998,953.109985,952.304993,952.590027,32132
2026-07-09 17:10:00+00:00,952.614990,953.109985,951.020020,951.719971,18364
2026-07-09 17:15:00+00:00,951.640015,952.030029,950.090027,951.155029,17571
2026-07-09 17:20:00+00:00,951.349976,951.849976,950.000000,950.619995,28803
2026-07-09 17:25:00+00:00,950.619995,950.799988,950.013977,950.099976,16337
2026-07-09 17:30:00+00:00,950.099976,951.640015,949.859985,950.080017,51284
2026-07-09 17:35:00+00:00,950.080017,952.799988,950.080017,952.049988,16129
2026-07-09 17:40:00+00:00,952.000000,952.005005,950.739990,950.830017,9587
2026-07-09 17:45:00+00:00,951.119995,951.450012,950.156189,951.114990,17216
2026-07-09 17:50:00+00:00,951.104980,951.859985,950.820007,951.140015,15258
2026-07-09 17:55:00+00:00,951.359985,951.440002,950.535583,951.085022,7047
2026-07-09 18:00:00+00:00,950.974976,951.525024,950.780029,950.958618,9417
2026-07-09 18:05:00+00:00,951.580017,952.369995,951.184998,951.904297,22331
2026-07-09 18:10:00+00:00,952.070007,952.320007,949.744995,949.929993,11028
2026-07-09 18:15:00+00:00,950.000000,950.219971,949.369995,949.789978,9247
2026-07-09 18:20:00+00:00,949.789978,950.000000,948.549988,949.349976,13936
2026-07-09 18:25:00+00:00,949.325012,949.450012,947.729980,948.215027,30174
2026-07-09 18:30:00+00:00,948.215027,948.940002,947.729980,948.020020,31424
2026-07-09 18:35:00+00:00,948.327393,948.739990,947.950012,948.520020,22014
2026-07-09 18:40:00+00:00,948.515076,949.075012,948.309998,949.025024,17345
2026-07-09 18:45:00+00:00,949.005005,950.589905,948.770020,949.114990,31746
2026-07-09 18:50:00+00:00,949.090027,949.469910,948.130005,948.489990,12758
2026-07-09 18:55:00+00:00,948.489990,948.489990,946.474976,946.715027,14714
2026-07-09 19:00:00+00:00,946.520020,946.520020,942.080017,942.568481,27919
2026-07-09 19:05:00+00:00,942.034973,943.155029,940.119995,940.619995,47487
2026-07-09 19:10:00+00:00,940.520020,941.049988,938.909973,939.900024,56281
2026-07-09 19:15:00+00:00,939.650085,940.315002,939.020020,939.664978,41859
2026-07-09 19:20:00+00:00,939.655029,940.000000,938.880005,939.489990,20241
2026-07-09 19:25:00+00:00,939.594971,940.275024,939.190002,939.664978,28927
2026-07-09 19:30:00+00:00,939.640015,939.640015,937.010010,937.440002,24350
2026-07-09 19:35:00+00:00,937.179993,937.631226,935.429993,935.734985,70930
2026-07-09 19:40:00+00:00,936.489990,936.679871,935.184998,935.842529,48465
2026-07-09 19:45:00+00:00,935.900024,936.429993,934.919983,936.000000,68584
2026-07-09 19:50:00+00:00,935.994995,940.965027,934.380005,938.539978,90390
2026-07-09 19:55:00+00:00,937.960022,939.929993,937.690002,938.155029,128585
