Datetime,Open,High,Low,Close,Volume
2026-04-08 13:30:00+00:00,191.410004,192.300003,188.600006,188.951294,1693872
2026-04-08 13:35:00+00:00,188.949997,190.089996,188.610001,190.000000,555429
2026-04-08 13:40:00+00:00,189.911804,191.869995,189.911804,191.869995,446613
2026-04-08 13:45:00+00:00,191.869995,192.000000,190.460007,190.580002,454928
2026-04-08 13:50:00+00:00,190.610001,191.270004,190.179993,190.740005,319914
2026-04-08 13:55:00+00:00,190.730103,191.315598,190.190002,191.039993,269671
2026-04-08 14:00:00+00:00,190.990005,191.809998,190.774994,190.899994,261013
2026-04-08 14:05:00+00:00,190.919998,191.419998,190.190002,190.720001,298997
2026-04-08 14:10:00+00:00,190.679993,190.899994,190.384995,190.544998,214860
2026-04-08 14:15:00+00:00,190.565002,190.619995,190.050995,190.369995,242295
2026-04-08 14:20:00+00:00,190.419998,190.729996,189.979996,190.330002,244454
2026-04-08 14:25:00+00:00,190.345001,190.550003,189.720001,190.070007,219637
2026-04-08 14:30:00+00:00,190.080002,190.619995,189.830002,190.380005,187439
2026-04-08 14:35:00+00:00,190.464996,190.936707,190.339996,190.679993,178502
2026-04-08 14:40:00+00:00,190.740005,190.830002,190.310104,190.729401,156409
2026-04-08 14:45:00+00:00,190.720001,190.729996,190.179993,190.399994,168771
2026-04-08 14:50:00+00:00,190.399994,190.759995,190.149994,190.679993,151760
2026-04-08 14:55:00+00:00,190.649994,191.250000,190.589996,191.054993,228640
2026-04-08 15:00:00+00:00,191.039993,191.074997,190.559998,190.824997,180212
2026-04-08 15:05:00+00:00,190.800003,190.869995,189.979996,190.330002,280679
2026-04-08 15:10:00+00:00,190.289993,190.439896,189.850006,190.320007,175342
2026-04-08 15:15:00+00:00,190.320007,190.529999,190.074997,190.130005,141586
2026-04-08 15:20:00+00:00,190.130005,190.250000,189.830002,190.070007,166385
2026-04-08 15:25:00+00:00,190.050003,190.095001,189.615005,189.729996,209866
2026-04-08 15:30:00+00:00,189.699997,190.479996,189.699997,190.235001,152799
2026-04-08 15:35:00+00:00,190.250000,190.570007,190.139999,190.399994,103700
2026-04-08 15:40:00+00:00,190.369995,191.199997,190.309998,190.860199,138156
2026-04-08 15:45:00+00:00,190.869995,191.000000,190.744995,190.940002,85165
2026-04-08 15:50:00+00:00,190.940002,191.199997,190.785004,190.899994,154771
2026-04-08 15:55:00+00:00,190.908600,191.072495,190.729996,190.824997,91877
2026-04-08 16:00:00+00:00,190.869995,190.910004,190.380005,190.420105,92920
2026-04-08 16:05:00+00:00,190.419998,190.419998,189.875000,190.070007,113790
2026-04-08 16:10:00+00:00,190.059998,190.149399,189.735001,190.149399,188239
2026-04-08 16:15:00+00:00,190.089996,190.384995,189.929993,190.320099,142771
2026-04-08 16:20:00+00:00,190.330093,190.399994,190.115005,190.300003,85817
2026-04-08 16:25:00+00:00,190.315002,190.630005,190.220001,190.360001,78298
2026-04-08 16:30:00+00:00,190.350006,190.529999,189.964996,190.119995,90024
2026-04-08 16:35:00+00:00,190.149994,190.259995,189.919998,190.039993,70776
2026-04-08 16:40:00+00:00,190.039993,190.130005,189.800003,190.095001,91181
2026-04-08 16:45:00+00:00,190.095901,190.220001,189.845001,189.949997,70060
2026-04-08 16:50:00+00:00,189.960007,190.089996,189.750000,189.789993,89481
2026-04-08 16:55:00+00:00,189.800003,190.009995,189.699997,189.960007,91664
2026-04-08 17:00:00+00:00,189.929993,190.190002,189.750000,189.910004,104738
2026-04-08 17:05:00+00:00,189.904999,189.970001,189.509995,189.600006,122015
2026-04-08 17:10:00+00:00,189.600006,190.119995,189.470993,190.014999,119407
2026-04-08 17:15:00+00:00,190.029999,190.479996,190.029999,190.330002,119831
2026-04-08 17:20:00+00:00,190.309998,190.470001,190.199997,190.419998,103460
2026-04-08 17:25:00+00:00,190.429993,190.600006,190.199997,190.350006,101732
2026-04-08 17:30:00+00:00,190.380005,190.750000,190.315002,190.710007,95639
2026-04-08 17:35:00+00:00,190.738495,191.139999,190.699997,190.800003,169935
2026-04-08 17:40:00+00:00,190.800003,190.990005,190.550095,190.610001,113376
2026-04-08 17:45:00+00:00,190.610001,190.630005,190.490005,190.559998,125955
2026-04-08 17:50:00+00:00,190.585007,190.800003,190.429993,190.640503,72941
2026-04-08 17:55:00+00:00,190.660004,190.709900,190.479996,190.529999,92391
2026-04-08 18:00:00+00:00,190.509995,190.520004,190.100006,190.100006,153124
2026-04-08 18:05:00+00:00,190.100006,190.559906,189.994995,190.380005,119498
2026-04-08 18:10:00+00:00,190.360001,190.369904,189.970001,190.024994,92052
2026-04-08 18:15:00+00:00,190.050003,190.235001,189.809998,189.932495,211862
2026-04-08 18:20:00+00:00,189.934998,190.470001,189.875000,190.354996,191646
2026-04-08 18:25:00+00:00,190.389999,190.830002,190.255005,190.470001,125536
2026-04-08 18:30:00+00:00,190.509903,190.729996,190.350006,190.539993,112187
2026-04-08 18:35:00+00:00,190.550003,190.804993,190.449997,190.790100,84945
2026-04-08 18:40:00+00:00,190.839996,191.210007,190.699997,191.184998,108343
2026-04-08 18:45:00+00:00,191.210007,191.509995,191.199997,191.369995,119032
2026-04-08 18:50:00+00:00,191.360001,191.839996,191.360001,191.794998,120243
2026-04-08 18:55:00+00:00,191.800003,192.220001,191.699997,192.110001,193053
2026-04-08 19:00:00+00:00,192.119995,192.710007,192.080002,192.110001,230504
2026-04-08 19:05:00+00:00,192.110001,192.285599,192.085007,192.259995,116807
2026-04-08 19:10:00+00:00,192.264999,192.419998,192.089996,192.199997,156026
2026-04-08 19:15:00+00:00,192.199997,192.589996,192.199997,192.447006,162683
2026-04-08 19:20:00+00:00,192.440002,192.669998,192.300095,192.515106,118676
2026-04-08 19:25:00+00:00,192.514999,193.039993,192.500000,192.910004,180670
2026-04-08 19:30:00+00:00,192.940002,193.119995,192.850006,192.960007,135603
2026-04-08 19:35:00+00:00,192.960007,193.169998,192.710007,193.074997,144001
2026-04-08 19:40:00+00:00,193.074997,193.075104,192.360001,192.559998,209028
2026-04-08 19:45:00+00:00,192.559998,192.809998,192.309998,192.800003,206786
2026-04-08 19:50:00+00:00,192.770004,193.119995,192.740005,192.815002,253868
2026-04-08 19:55:00+00:00,192.830002,192.979996,192.649994,192.889999,680582
2026-04-09 13:30:00+00:00,194.309998,196.050003,193.820007,195.929993,693130
2026-04-09 13:35:00+00:00,195.979996,196.330002,194.800095,195.169998,270061
2026-04-09 13:40:00+00:00,195.210007,195.679993,195.039993,195.184998,135138
2026-04-09 13:45:00+00:00,195.190002,195.774994,195.119995,195.720001,197473
2026-04-09 13:50:00+00:00,195.699997,196.130005,195.500000,196.085007,215552
2026-04-09 13:55:00+00:00,196.089996,196.479904,196.059998,196.440002,173073
2026-04-09 14:00:00+00:00,196.419998,196.669998,196.089996,196.089996,156135
2026-04-09 14:05:00+00:00,196.080002,196.130005,195.664993,195.695007,118519
2026-04-09 14:10:00+00:00,195.695007,196.000000,195.490005,195.804993,101587
2026-04-09 14:15:00+00:00,195.824997,195.850006,195.410004,195.749893,295615
2026-04-09 14:20:00+00:00,195.699997,195.809998,195.440094,195.649994,66743
2026-04-09 14:25:00+00:00,195.630005,195.880005,195.630005,195.800003,52860
2026-04-09 14:30:00+00:00,195.804993,196.264999,195.699997,196.250000,92333
2026-04-09 14:35:00+00:00,196.259995,196.389999,196.130005,196.365005,79041
2026-04-09 14:40:00+00:00,196.399994,196.529999,196.369995,196.429993,92862
2026-04-09 14:45:00+00:00,196.419998,196.434998,196.009995,196.089996,93970
2026-04-09 14:50:00+00:00,196.119995,196.229996,195.880005,195.929993,58102
2026-04-09 14:55:00+00:00,195.929993,195.960007,195.354996,195.449997,96415
2026-04-09 15:00:00+00:00,195.490005,195.509995,194.729996,195.059998,91038
2026-04-09 15:05:00+00:00,195.029999,195.199997,194.650101,194.809998,74806
2026-04-09 15:10:00+00:00,194.820007,194.820007,194.320007,194.410004,101285
2026-04-09 15:15:00+00:00,194.404999,194.509995,193.949997,194.039993,94538
2026-04-09 15:20:00+00:00,194.009995,194.106796,193.660004,193.710007,108563
2026-04-09 15:25:00+00:00,193.744995,194.149902,193.740005,194.139999,92977
2026-04-09 15:30:00+00:00,194.139999,194.184998,193.050095,193.529999,191006
2026-04-09 15:35:00+00:00,193.470001,193.470001,192.759995,192.919998,169419
2026-04-09 15:40:00+00:00,193.009995,193.054993,192.380005,192.600006,130584
2026-04-09 15:45:00+00:00,192.567505,192.750000,192.070007,192.255005,141130
2026-04-09 15:50:00+00:00,192.210007,192.529999,192.110001,192.244995,91474
2026-04-09 15:55:00+00:00,192.300003,192.309998,191.869995,191.899994,101778
2026-04-09 16:00:00+00:00,191.910004,192.059998,191.369995,191.774994,144794
2026-04-09 16:05:00+00:00,191.774994,191.939896,191.220001,191.490005,109465
2026-04-09 16:10:00+00:00,191.559998,191.750000,191.399994,191.460007,76920
2026-04-09 16:15:00+00:00,191.455002,191.660004,191.309998,191.500000,74072
2026-04-09 16:20:00+00:00,191.479996,191.845001,191.421005,191.589996,81943
2026-04-09 16:25:00+00:00,191.649994,191.699997,190.919998,190.955093,158866
2026-04-09 16:30:00+00:00,190.929993,191.029999,190.449997,190.580002,194712
2026-04-09 16:35:00+00:00,190.520004,190.789993,190.419998,190.679993,82755
2026-04-09 16:40:00+00:00,190.675003,190.779999,190.500000,190.580002,108338
2026-04-09 16:45:00+00:00,190.610001,190.830002,190.529999,190.759995,65123
2026-04-09 16:50:00+00:00,190.740005,190.970001,190.500000,190.929993,121100
2026-04-09 16:55:00+00:00,190.929993,190.940002,190.835007,190.899994,53263
2026-04-09 17:00:00+00:00,190.889999,191.020004,190.800003,190.800003,76071
2026-04-09 17:05:00+00:00,190.800003,190.985001,190.660004,190.660004,64640
2026-04-09 17:10:00+00:00,190.669998,190.690002,190.119995,190.240005,149636
2026-04-09 17:15:00+00:00,190.240005,190.639999,190.080002,190.359894,93002
2026-04-09 17:20:00+00:00,190.350006,190.375000,189.850006,189.889999,130342
2026-04-09 17:25:00+00:00,189.895004,189.940002,189.522003,189.789993,161809
2026-04-09 17:30:00+00:00,189.770004,190.020004,189.770004,189.809998,74278
2026-04-09 17:35:00+00:00,189.820007,189.910004,189.669998,189.764999,95470
2026-04-09 17:40:00+00:00,189.740005,189.809998,189.630005,189.740005,71337
2026-04-09 17:45:00+00:00,189.690002,189.774994,189.399994,189.410004,70426
2026-04-09 17:50:00+00:00,189.434998,189.899994,189.270004,189.820099,96206
2026-04-09 17:55:00+00:00,189.815002,190.149994,189.815002,190.070007,87054
2026-04-09 18:00:00+00:00,190.070007,190.210007,189.777496,190.210007,134050
2026-04-09 18:05:00+00:00,190.214996,190.729996,190.160004,190.714996,92391
2026-04-09 18:10:00+00:00,190.690002,190.809998,190.600006,190.720001,81691
2026-04-09 18:15:00+00:00,190.744995,190.759903,190.511795,190.669998,61768
2026-04-09 18:20:00+00:00,190.664993,190.985001,190.610001,190.914993,68797
2026-04-09 18:25:00+00:00,190.904999,191.029999,190.750000,190.960007,93568
2026-04-09 18:30:00+00:00,190.960007,191.100006,190.850006,191.039993,82806
2026-04-09 18:35:00+00:00,191.080002,191.240005,191.059998,191.080002,66341
2026-04-09 18:40:00+00:00,191.000000,191.029999,190.740005,190.967102,82080
2026-04-09 18:45:00+00:00,190.955002,191.070007,190.860001,191.070007,52133
2026-04-09 18:50:00+00:00,191.089996,191.250000,190.875000,190.960007,56547
2026-04-09 18:55:00+00:00,190.955002,190.955002,190.785004,190.919998,68540
2026-04-09 19:00:00+00:00,190.919998,190.934998,190.630005,190.695007,91403
2026-04-09 19:05:00+00:00,190.710007,191.100006,190.690002,190.949997,65067
2026-04-09 19:10:00+00:00,190.949997,191.169998,190.889999,191.169998,75066
2026-04-09 19:15:00+00:00,191.169998,191.289993,191.130005,191.179993,100007
2026-04-09 19:20:00+00:00,191.179993,191.539993,191.164993,191.419998,87991
2026-04-09 19:25:00+00:00,191.434998,191.439896,191.270004,191.410004,101666
2026-04-09 19:30:00+00:00,191.404999,191.498993,191.149994,191.190002,132453
2026-04-09 19:35:00+00:00,191.169998,191.169998,190.710007,190.820007,132250
2026-04-09 19:40:00+00:00,190.804993,190.860001,190.479996,190.539993,115275
2026-04-09 19:45:00+00:00,190.509995,190.539993,190.279999,190.490005,164327
2026-04-09 19:50:00+00:00,190.520004,190.699997,190.419998,190.419998,200648
2026-04-09 19:55:00+00:00,190.419998,190.654999,190.210007,190.389999,698133
2026-04-10 13:30:00+00:00,189.710007,190.960007,189.710007,190.470001,374672
2026-04-10 13:35:00+00:00,190.544998,190.880005,189.375000,189.925003,122429
2026-04-10 13:40:00+00:00,189.940811,190.130005,189.130005,189.955002,129476
2026-04-10 13:45:00+00:00,189.940002,189.940002,188.929993,189.479996,144390
2026-04-10 13:50:00+00:00,189.494995,189.550003,188.199997,188.339996,144219
2026-04-10 13:55:00+00:00,188.369995,188.934998,188.320007,188.729996,109930
2026-04-10 14:00:00+00:00,188.720001,188.869995,188.350006,188.475006,88819
2026-04-10 14:05:00+00:00,188.509995,188.509995,187.820007,188.160004,138531
2026-04-10 14:10:00+00:00,188.160004,188.339996,188.038193,188.190002,88012
2026-04-10 14:15:00+00:00,188.169998,188.169998,187.699997,187.710007,120712
2026-04-10 14:20:00+00:00,187.679993,187.740005,187.179993,187.330002,128695
2026-04-10 14:25:00+00:00,187.350006,187.380005,187.000000,187.179993,147460
2026-04-10 14:30:00+00:00,187.160004,187.320007,186.720001,186.755096,151098
2026-04-10 14:35:00+00:00,186.729996,186.949997,186.530106,186.750000,158102
2026-04-10 14:40:00+00:00,186.789993,186.910004,186.470001,186.910004,135290
2026-04-10 14:45:00+00:00,186.944000,187.440002,186.910004,187.139999,143914
2026-04-10 14:50:00+00:00,187.190002,187.380005,187.070007,187.259995,121253
2026-04-10 14:55:00+00:00,187.250000,187.490005,187.225006,187.285004,97441
2026-04-10 15:00:00+00:00,187.289993,187.479996,187.179993,187.250000,87223
2026-04-10 15:05:00+00:00,187.279999,187.320007,186.960007,187.240005,161772
2026-04-10 15:10:00+00:00,187.220001,187.350006,187.070007,187.199997,97227
2026-04-10 15:15:00+00:00,187.220001,187.350006,186.975006,187.320007,68340
2026-04-10 15:20:00+00:00,187.335007,187.350006,186.979996,186.990097,80607
2026-04-10 15:25:00+00:00,186.990005,187.339996,186.914993,187.244995,83216
2026-04-10 15:30:00+00:00,187.244995,187.419998,187.199997,187.360001,176955
2026-04-10 15:35:00+00:00,187.350006,187.720001,187.309998,187.699997,162018
2026-04-10 15:40:00+00:00,187.725098,187.759995,187.509995,187.520004,69182
2026-04-10 15:45:00+00:00,187.500595,187.649994,187.410004,187.470001,63113
2026-04-10 15:50:00+00:00,187.460007,187.539993,187.350494,187.524002,84386
2026-04-10 15:55:00+00:00,187.520004,187.679993,187.460007,187.639999,93166
2026-04-10 16:00:00+00:00,187.630005,187.809998,187.610001,187.740005,97871
2026-04-10 16:05:00+00:00,187.740005,187.949997,187.660004,187.929993,60828
2026-04-10 16:10:00+00:00,187.910004,187.910004,187.720001,187.750000,70257
2026-04-10 16:15:00+00:00,187.750000,187.770004,187.460007,187.630005,74721
2026-04-10 16:20:00+00:00,187.660004,187.699997,187.539993,187.569901,45901
2026-04-10 16:25:00+00:00,187.570007,187.630005,187.369995,187.369995,45031
2026-04-10 16:30:00+00:00,187.380005,187.449997,187.250000,187.330002,56554
2026-04-10 16:35:00+00:00,187.330002,187.399994,187.259995,187.289993,59631
2026-04-10 16:40:00+00:00,187.300003,187.350006,187.080002,187.199997,73676
2026-04-10 16:45:00+00:00,187.205002,187.300003,187.199997,187.300003,65822
2026-04-10 16:50:00+00:00,187.300003,187.720001,187.270004,187.695007,115949
2026-04-10 16:55:00+00:00,187.705002,187.755005,187.570007,187.570007,43753
2026-04-10 17:00:00+00:00,187.509995,187.919998,187.455002,187.914993,50640
2026-04-10 17:05:00+00:00,187.910004,188.179993,187.820007,188.169998,58739
2026-04-10 17:10:00+00:00,188.154999,188.160004,188.029999,188.115005,41072
2026-04-10 17:15:00+00:00,188.130005,188.169998,187.850006,187.929993,57884
2026-04-10 17:20:00+00:00,187.910004,188.149994,187.910004,187.940002,77762
2026-04-10 17:25:00+00:00,187.955002,187.970001,187.759995,187.759995,63593
2026-04-10 17:30:00+00:00,187.770004,187.940002,187.720001,187.794998,66751
2026-04-10 17:35:00+00:00,187.794998,187.949997,187.755005,187.919998,51926
2026-04-10 17:40:00+00:00,187.889999,187.899902,187.785004,187.830002,63427
2026-04-10 17:45:00+00:00,187.820007,187.869995,187.649994,187.690002,44729
2026-04-10 17:50:00+00:00,187.679993,187.729996,187.600006,187.639999,55347
2026-04-10 17:55:00+00:00,187.639999,187.770004,187.559998,187.600006,45017
2026-04-10 18:00:00+00:00,187.600006,188.119995,187.559998,187.940002,150750
2026-04-10 18:05:00+00:00,187.944199,188.080002,187.850006,187.850006,81770
2026-04-10 18:10:00+00:00,187.869995,187.979996,187.789993,187.824997,61921
2026-04-10 18:15:00+00:00,187.835007,187.890503,187.774994,187.774994,59068
2026-04-10 18:20:00+00:00,187.770004,187.839996,187.449997,187.500000,75163
2026-04-10 18:25:00+00:00,187.464996,187.520004,187.320007,187.509995,62830
2026-04-10 18:30:00+00:00,187.500000,187.539993,187.389999,187.429993,59628
2026-04-10 18:35:00+00:00,187.460007,187.600006,187.419998,187.559998,65991
2026-04-10 18:40:00+00:00,187.570007,187.610001,187.470001,187.490005,52372
2026-04-10 18:45:00+00:00,187.485001,187.589996,187.479996,187.585007,49882
2026-04-10 18:50:00+00:00,187.589996,187.750000,187.544998,187.749893,71212
2026-04-10 18:55:00+00:00,187.735001,187.735001,187.580002,187.630005,66685
2026-04-10 19:00:00+00:00,187.649994,188.000000,187.634995,187.869995,117874
2026-04-10 19:05:00+00:00,187.869995,187.919998,187.750000,187.860001,75521
2026-04-10 19:10:00+00:00,187.860001,187.934998,187.759995,187.934998,606729
2026-04-10 19:15:00+00:00,187.934998,187.949997,187.699997,187.789993,129925
2026-04-10 19:20:00+00:00,187.789993,188.220001,187.789993,188.172501,171170
2026-04-10 19:25:00+00:00,188.169998,188.350006,187.940002,188.309998,175858
2026-04-10 19:30:00+00:00,188.304993,188.350006,187.750000,188.054993,177980
2026-04-10 19:35:00+00:00,188.039993,188.229996,187.766006,187.979996,156907
2026-04-10 19:40:00+00:00,187.964996,188.009995,187.440002,187.440002,202513
2026-04-10 19:45:00+00:00,187.440002,187.679993,187.300003,187.479996,221352
2026-04-10 19:50:00+00:00,187.500000,188.210007,187.369995,188.031097,303294
2026-04-10 19:55:00+00:00,188.009995,188.720001,187.929993,188.539993,871396
2026-04-13 13:30:00+00:00,191.449997,191.539993,190.229996,191.300003,916394
2026-04-13 13:35:00+00:00,191.300003,192.175003,191.139999,191.669998,254283
2026-04-13 13:40:00+00:00,191.740753,192.429993,191.740753,192.294998,302633
2026-04-13 13:45:00+00:00,192.330002,192.604996,191.940002,191.945099,232608
2026-04-13 13:50:00+00:00,191.960007,192.035004,191.259995,191.725098,172162
2026-04-13 13:55:00+00:00,191.725006,191.725006,190.529999,190.589996,130004
2026-04-13 14:00:00+00:00,190.639999,190.750397,190.089996,190.250000,171099
2026-04-13 14:05:00+00:00,190.240005,190.470001,189.830002,190.220001,145161
2026-04-13 14:10:00+00:00,190.235001,190.419998,189.910004,190.384995,134993
2026-04-13 14:15:00+00:00,190.449997,190.899994,190.404999,190.440002,131597
2026-04-13 14:20:00+00:00,190.470001,190.820007,190.389999,190.750000,89413
2026-04-13 14:25:00+00:00,190.824997,190.839996,190.419998,190.440002,62926
2026-04-13 14:30:00+00:00,190.479996,190.580002,190.199997,190.339996,182025
2026-04-13 14:35:00+00:00,190.330002,190.369995,189.949997,190.039993,70816
2026-04-13 14:40:00+00:00,190.070007,190.149994,189.850006,189.850006,59677
2026-04-13 14:45:00+00:00,189.879898,190.020004,189.720001,189.949997,56375
2026-04-13 14:50:00+00:00,189.979996,190.210007,189.960007,190.009995,91885
2026-04-13 14:55:00+00:00,190.024994,190.220001,189.889999,189.889999,95666
2026-04-13 15:00:00+00:00,189.860001,190.304993,189.800003,190.259995,77363
2026-04-13 15:05:00+00:00,190.260101,190.479996,190.115005,190.115005,64051
2026-04-13 15:10:00+00:00,190.130005,190.390106,190.039993,190.385101,99616
2026-04-13 15:15:00+00:00,190.365005,190.384995,190.110001,190.320007,67130
2026-04-13 15:20:00+00:00,190.419800,190.670898,190.369995,190.565002,113802
2026-04-13 15:25:00+00:00,190.574997,191.179993,190.574997,191.179993,117252
2026-04-13 15:30:00+00:00,191.190002,191.220001,190.934998,191.160004,159296
2026-04-13 15:35:00+00:00,191.169998,191.600006,191.169998,191.279999,88257
2026-04-13 15:40:00+00:00,191.250000,191.309998,191.190002,191.220001,74703
2026-04-13 15:45:00+00:00,191.220001,191.369995,191.169998,191.225006,55250
2026-04-13 15:50:00+00:00,191.210007,191.600006,191.080002,191.559998,70260
2026-04-13 15:55:00+00:00,191.600006,191.949997,191.539993,191.839996,72498
2026-04-13 16:00:00+00:00,191.820999,192.085007,191.770004,191.979996,91967
2026-04-13 16:05:00+00:00,191.949997,192.199997,191.789993,191.869904,114196
2026-04-13 16:10:00+00:00,191.860001,191.899994,191.690002,191.750000,57370
2026-04-13 16:15:00+00:00,191.744995,191.910004,191.744995,191.880005,63523
2026-04-13 16:20:00+00:00,191.919998,192.069901,191.610001,191.610001,92947
2026-04-13 16:25:00+00:00,191.610001,191.850006,191.539993,191.630005,77799
2026-04-13 16:30:00+00:00,191.630096,191.679993,191.419998,191.529999,55386
2026-04-13 16:35:00+00:00,191.510101,191.554993,190.934998,190.979996,74976
2026-04-13 16:40:00+00:00,191.000000,191.289993,190.800003,191.149994,63469
2026-04-13 16:45:00+00:00,191.169998,191.210007,190.860001,190.929993,49561
2026-04-13 16:50:00+00:00,190.860001,190.889999,190.559998,190.690002,119666
2026-04-13 16:55:00+00:00,190.700104,190.820007,190.614105,190.669998,45728
2026-04-13 17:00:00+00:00,190.669998,190.740005,190.429993,190.429993,71862
2026-04-13 17:05:00+00:00,190.429993,190.695007,190.360001,190.690002,43128
2026-04-13 17:10:00+00:00,190.690002,190.860001,190.619995,190.770004,68508
2026-04-13 17:15:00+00:00,190.785004,190.785004,190.610001,190.619995,42846
2026-04-13 17:20:00+00:00,190.634995,190.830002,190.634995,190.750000,51035
2026-04-13 17:25:00+00:00,190.744995,190.810104,190.669998,190.720001,43109
2026-04-13 17:30:00+00:00,190.714996,190.839996,190.669998,190.779999,55549
2026-04-13 17:35:00+00:00,190.832504,190.949997,190.759995,190.815002,54799
2026-04-13 17:40:00+00:00,190.829300,190.829300,190.669998,190.710007,52774
2026-04-13 17:45:00+00:00,190.714996,190.860001,190.679993,190.815002,40658
2026-04-13 17:50:00+00:00,190.820007,190.919998,190.809998,190.899994,33187
2026-04-13 17:55:00+00:00,190.899994,190.929993,190.839996,190.854996,40493
2026-04-13 18:00:00+00:00,190.839996,190.919998,190.699997,190.779999,48597
2026-04-13 18:05:00+00:00,190.779999,190.910004,190.699997,190.729996,100628
2026-04-13 18:10:00+00:00,190.729904,190.779999,190.589996,190.660004,118160
2026-04-13 18:15:00+00:00,190.666351,190.750000,190.589996,190.740005,71296
2026-04-13 18:20:00+00:00,190.720093,190.854996,190.630005,190.634995,68893
2026-04-13 18:25:00+00:00,190.600006,190.764999,190.600006,190.645004,61812
2026-04-13 18:30:00+00:00,190.630005,190.770004,190.570007,190.735001,73897
2026-04-13 18:35:00+00:00,190.729996,191.000000,190.720001,190.940002,69935
2026-04-13 18:40:00+00:00,190.945007,191.080002,190.940002,191.070007,52071
2026-04-13 18:45:00+00:00,191.070007,191.110001,190.949997,191.080002,116944
2026-04-13 18:50:00+00:00,191.080002,191.169998,190.884995,190.899994,60229
2026-04-13 18:55:00+00:00,190.910004,191.070007,190.880005,191.050003,69726
2026-04-13 19:00:00+00:00,191.050003,191.205002,190.740005,190.820007,76708
2026-04-13 19:05:00+00:00,190.839996,190.949997,190.429993,190.470001,117913
2026-04-13 19:10:00+00:00,190.479996,190.649994,190.330002,190.330002,88824
2026-04-13 19:15:00+00:00,190.320007,190.460007,190.300003,190.455002,85194
2026-04-13 19:20:00+00:00,190.479996,190.580002,190.389999,190.539993,133493
2026-04-13 19:25:00+00:00,190.520004,190.582504,190.380005,190.559998,128327
2026-04-13 19:30:00+00:00,190.550003,190.679993,190.449997,190.509995,117711
2026-04-13 19:35:00+00:00,190.500000,190.710007,190.399994,190.675003,113851
2026-04-13 19:40:00+00:00,190.690002,191.020004,190.669998,191.000000,141791
2026-04-13 19:45:00+00:00,190.979996,191.080002,190.789993,190.789993,155401
2026-04-13 19:50:00+00:00,190.809998,191.639999,190.800003,191.637497,293887
2026-04-13 19:55:00+00:00,191.669998,191.899994,191.500000,191.720001,741148
2026-04-14 13:30:00+00:00,188.600006,189.169998,185.949997,186.270004,659728
2026-04-14 13:35:00+00:00,186.270004,186.270004,184.600006,185.643997,319085
2026-04-14 13:40:00+00:00,185.500000,187.580002,185.440002,187.419998,366622
2026-04-14 13:45:00+00:00,187.380005,188.020004,187.080002,187.520096,166104
2026-04-14 13:50:00+00:00,187.580002,187.869995,187.229996,187.565002,117689
2026-04-14 13:55:00+00:00,187.544998,187.760101,187.339996,187.645004,94732
2026-04-14 14:00:00+00:00,187.669998,187.710007,186.830002,186.880005,141966
2026-04-14 14:05:00+00:00,186.910004,187.080002,186.619995,186.694397,111748
2026-04-14 14:10:00+00:00,186.630005,187.040100,186.539993,186.699997,90513
2026-04-14 14:15:00+00:00,186.660004,187.139893,186.570007,186.925003,181722
2026-04-14 14:20:00+00:00,186.899994,187.070007,186.720001,186.970001,124235
2026-04-14 14:25:00+00:00,186.970001,187.159607,186.479996,186.710007,308775
2026-04-14 14:30:00+00:00,186.729996,186.800003,186.399994,186.740005,198535
2026-04-14 14:35:00+00:00,186.729996,186.750000,186.160004,186.220001,151255
2026-04-14 14:40:00+00:00,186.220001,186.300003,185.940002,186.130005,151761
2026-04-14 14:45:00+00:00,186.130005,186.130005,185.449997,185.544998,132954
2026-04-14 14:50:00+00:00,185.554993,185.554993,185.100006,185.309998,174267
2026-04-14 14:55:00+00:00,185.229996,185.869995,185.179993,185.839996,144652
2026-04-14 15:00:00+00:00,185.860001,186.339996,185.809998,186.339996,96602
2026-04-14 15:05:00+00:00,186.365005,187.067398,186.339996,186.770004,131501
2026-04-14 15:10:00+00:00,186.800003,186.949997,186.699997,186.759995,95048
2026-04-14 15:15:00+00:00,186.759995,187.089996,186.699997,186.899994,73612
2026-04-14 15:20:00+00:00,186.889999,186.940002,186.490005,186.514999,61779
2026-04-14 15:25:00+00:00,186.520004,186.740005,186.410004,186.679993,78756
2026-04-14 15:30:00+00:00,186.750000,186.830002,186.520004,186.585007,84087
2026-04-14 15:35:00+00:00,186.580002,186.699997,186.559998,186.619995,62872
2026-04-14 15:40:00+00:00,186.649994,186.759995,186.559998,186.675003,61498
2026-04-14 15:45:00+00:00,186.649994,186.740005,186.490005,186.570007,74136
2026-04-14 15:50:00+00:00,186.550003,186.619995,186.360001,186.432999,52631
2026-04-14 15:55:00+00:00,186.429993,186.494995,186.360992,186.429993,44807
2026-04-14 16:00:00+00:00,186.449997,186.559998,186.289993,186.302002,60144
2026-04-14 16:05:00+00:00,186.339996,186.399994,186.179993,186.208603,57064
2026-04-14 16:10:00+00:00,186.190002,186.190002,186.050003,186.089905,36859
2026-04-14 16:15:00+00:00,186.059998,186.159302,185.919998,185.962997,81345
2026-04-14 16:20:00+00:00,185.949997,185.979996,185.839996,185.919998,58351
2026-04-14 16:25:00+00:00,185.899994,185.899994,185.789993,185.860001,63335
2026-04-14 16:30:00+00:00,185.880005,185.960007,185.779999,185.800003,73188
2026-04-14 16:35:00+00:00,185.779999,185.839996,185.490005,185.539993,104008
2026-04-14 16:40:00+00:00,185.554993,185.570007,185.429993,185.485001,85941
2026-04-14 16:45:00+00:00,185.509995,185.550003,185.315002,185.315002,71921
2026-04-14 16:50:00+00:00,185.315002,185.398697,185.070007,185.100006,124705
2026-04-14 16:55:00+00:00,185.115005,185.149994,184.949997,185.044998,153910
2026-04-14 17:00:00+00:00,185.054993,185.500000,185.000000,185.490005,117649
2026-04-14 17:05:00+00:00,185.479996,185.639999,185.330002,185.589996,107657
2026-04-14 17:10:00+00:00,185.619995,185.669998,185.509995,185.580002,64554
2026-04-14 17:15:00+00:00,185.570007,185.779999,185.552994,185.595001,73020
2026-04-14 17:20:00+00:00,185.619995,185.739899,185.550003,185.630005,92824
2026-04-14 17:25:00+00:00,185.619995,185.690002,185.550003,185.570999,59300
2026-04-14 17:30:00+00:00,185.580002,185.669998,185.490005,185.580002,65776
2026-04-14 17:35:00+00:00,185.570007,185.570007,185.410004,185.430099,75211
2026-04-14 17:40:00+00:00,185.479996,185.550003,185.389999,185.395004,142460
2026-04-14 17:45:00+00:00,185.395004,185.490005,185.300003,185.460007,55446
2026-04-14 17:50:00+00:00,185.440002,185.580002,185.429993,185.429993,64469
2026-04-14 17:55:00+00:00,185.434998,185.602493,185.369995,185.585007,70095
2026-04-14 18:00:00+00:00,185.599899,185.820007,185.598999,185.744995,97633
2026-04-14 18:05:00+00:00,185.770004,185.929993,185.753998,185.850006,103104
2026-04-14 18:10:00+00:00,185.889999,185.940002,185.779999,185.809998,64114
2026-04-14 18:15:00+00:00,185.813004,185.820007,185.690002,185.729996,62661
2026-04-14 18:20:00+00:00,185.740005,185.740005,185.539993,185.559998,77076
2026-04-14 18:25:00+00:00,185.559998,185.699997,185.490005,185.604996,60935
2026-04-14 18:30:00+00:00,185.589996,186.029999,185.589996,185.955002,63184
2026-04-14 18:35:00+00:00,185.940002,186.050003,185.839996,186.050003,57545
2026-04-14 18:40:00+00:00,186.050003,186.279999,186.039993,186.250000,87897
2026-04-14 18:45:00+00:00,186.240005,186.320007,186.199997,186.244995,98741
2026-04-14 18:50:00+00:00,186.244995,186.384995,186.199997,186.384995,78354
2026-04-14 18:55:00+00:00,186.399994,186.419998,186.270004,186.369995,79076
2026-04-14 19:00:00+00:00,186.375000,186.449997,186.225006,186.320099,155071
2026-04-14 19:05:00+00:00,186.320007,186.326996,186.220001,186.270004,71004
2026-04-14 19:10:00+00:00,186.259995,186.460007,186.229996,186.419998,86453
2026-04-14 19:15:00+00:00,186.410004,186.500000,186.389999,186.490005,66449
2026-04-14 19:20:00+00:00,186.479996,186.639999,186.270004,186.375000,218741
2026-04-14 19:25:00+00:00,186.375000,186.645004,186.360001,186.570007,122130
2026-04-14 19:30:00+00:00,186.580002,186.720001,186.509995,186.550003,148225
2026-04-14 19:35:00+00:00,186.539993,186.542999,186.250000,186.399994,118551
2026-04-14 19:40:00+00:00,186.402496,186.509995,186.240005,186.429993,146140
2026-04-14 19:45:00+00:00,186.449997,186.975006,186.429993,186.949997,187685
2026-04-14 19:50:00+00:00,186.960007,187.220001,186.889999,187.139999,275978
2026-04-14 19:55:00+00:00,187.149994,187.529999,186.899994,186.949997,765813
2026-04-15 13:30:00+00:00,186.354996,187.240005,185.910004,186.389999,532388
2026-04-15 13:35:00+00:00,186.429993,186.429993,184.990005,185.139999,245174
2026-04-15 13:40:00+00:00,185.121887,185.750000,184.800003,185.597397,177579
2026-04-15 13:45:00+00:00,185.639999,185.639999,184.449997,184.539993,147489
2026-04-15 13:50:00+00:00,184.514999,184.820007,184.040100,184.773102,132587
2026-04-15 13:55:00+00:00,184.809998,185.365005,184.690002,185.304993,158605
2026-04-15 14:00:00+00:00,185.304993,185.399994,184.740005,184.800003,128283
2026-04-15 14:05:00+00:00,184.830002,185.205002,184.830002,185.089996,71195
2026-04-15 14:10:00+00:00,185.149994,185.399994,185.080002,185.240005,66049
2026-04-15 14:15:00+00:00,185.229996,185.554993,185.210007,185.544998,52978
2026-04-15 14:20:00+00:00,185.539993,185.679993,185.479996,185.550003,94169
2026-04-15 14:25:00+00:00,185.570007,185.675003,185.440002,185.509995,56599
2026-04-15 14:30:00+00:00,185.520004,185.550003,185.190002,185.220001,114563
2026-04-15 14:35:00+00:00,185.220001,185.539993,185.190002,185.539993,67996
2026-04-15 14:40:00+00:00,185.550003,185.600006,185.380005,185.470001,101308
2026-04-15 14:45:00+00:00,185.440002,185.470001,185.270004,185.270004,60777
2026-04-15 14:50:00+00:00,185.250000,185.380005,185.070007,185.139999,96454
2026-04-15 14:55:00+00:00,185.179993,185.259995,185.000000,185.220001,70393
2026-04-15 15:00:00+00:00,185.220001,185.649994,185.179993,185.539993,134152
2026-04-15 15:05:00+00:00,185.544998,185.739899,185.490005,185.645004,52128
2026-04-15 15:10:00+00:00,185.669998,185.702057,185.500000,185.500000,69746
2026-04-15 15:15:00+00:00,185.479996,185.500000,185.175003,185.225006,49933
2026-04-15 15:20:00+00:00,185.240005,185.589996,185.210007,185.440002,104154
2026-04-15 15:25:00+00:00,185.479996,185.490005,185.350006,185.389999,89803
2026-04-15 15:30:00+00:00,185.389999,185.410004,185.199997,185.369995,74809
2026-04-15 15:35:00+00:00,185.380005,185.600006,185.339996,185.550003,60941
2026-04-15 15:40:00+00:00,185.539993,185.559998,185.220001,185.220001,49805
2026-04-15 15:45:00+00:00,185.240005,185.259995,184.860001,184.870407,107695
2026-04-15 15:50:00+00:00,184.889999,184.889999,184.710098,184.800003,52158
2026-04-15 15:55:00+00:00,184.809998,184.889999,184.699997,184.850006,67717
2026-04-15 16:00:00+00:00,184.860001,185.029999,184.820007,184.990005,60990
2026-04-15 16:05:00+00:00,185.000000,185.000000,184.820007,184.875000,75036
2026-04-15 16:10:00+00:00,184.869995,184.919998,184.789993,184.871902,82068
2026-04-15 16:15:00+00:00,184.854996,184.949997,184.820099,184.850006,44647
2026-04-15 16:20:00+00:00,184.860001,185.149994,184.860001,185.149994,41838
2026-04-15 16:25:00+00:00,185.154999,185.345001,185.140106,185.310104,37141
2026-04-15 16:30:00+00:00,185.330002,185.565002,185.330002,185.565002,60899
2026-04-15 16:35:00+00:00,185.565002,185.850006,185.490005,185.725006,111896
2026-04-15 16:40:00+00:00,185.779999,186.100006,185.779999,185.930099,64173
2026-04-15 16:45:00+00:00,185.949997,186.175003,185.919998,186.139999,46403
2026-04-15 16:50:00+00:00,186.160004,186.350006,186.050003,186.169998,76860
2026-04-15 16:55:00+00:00,186.160004,186.330002,186.160004,186.259995,43752
2026-04-15 17:00:00+00:00,186.300003,186.470001,186.300003,186.404999,38808
2026-04-15 17:05:00+00:00,186.389999,186.490005,186.369995,186.389999,36529
2026-04-15 17:10:00+00:00,186.399994,186.660004,186.399994,186.660004,36572
2026-04-15 17:15:00+00:00,186.654999,186.660004,186.289993,186.320099,117372
2026-04-15 17:20:00+00:00,186.350006,186.449905,185.990005,186.052002,188400
2026-04-15 17:25:00+00:00,186.065002,186.069107,185.800003,185.899994,54862
2026-04-15 17:30:00+00:00,185.910004,186.020004,185.860001,185.904999,45640
2026-04-15 17:35:00+00:00,185.891098,186.054993,185.891098,186.039993,57097
2026-04-15 17:40:00+00:00,186.089996,186.119995,185.960007,186.070007,52322
2026-04-15 17:45:00+00:00,186.085007,186.104996,185.940002,185.949905,96458
2026-04-15 17:50:00+00:00,185.949997,186.089996,185.940308,186.074997,52079
2026-04-15 17:55:00+00:00,186.074997,186.130005,186.009995,186.130005,71211
2026-04-15 18:00:00+00:00,186.130005,186.270004,185.850006,185.900101,282746
2026-04-15 18:05:00+00:00,185.945007,185.970001,185.570007,185.630005,79762
2026-04-15 18:10:00+00:00,185.610001,185.710007,185.279999,185.410095,58388
2026-04-15 18:15:00+00:00,185.399994,185.414993,185.100006,185.365005,51095
2026-04-15 18:20:00+00:00,185.375000,185.410004,185.160004,185.300003,61637
2026-04-15 18:25:00+00:00,185.330002,185.440002,185.320007,185.440002,42956
2026-04-15 18:30:00+00:00,185.440002,185.589996,185.410004,185.479996,66075
2026-04-15 18:35:00+00:00,185.500000,185.500000,185.289993,185.309998,70832
2026-04-15 18:40:00+00:00,185.304993,185.429993,185.279999,185.369995,66229
2026-04-15 18:45:00+00:00,185.365005,185.380005,185.280106,185.350006,55791
2026-04-15 18:50:00+00:00,185.340103,185.389999,185.300003,185.345001,60210
2026-04-15 18:55:00+00:00,185.350006,185.389999,185.289993,185.375000,66108
2026-04-15 19:00:00+00:00,185.369995,185.500000,185.369995,185.449997,60206
2026-04-15 19:05:00+00:00,185.449997,185.449997,185.255005,185.274994,63240
2026-04-15 19:10:00+00:00,185.274994,185.380005,185.225006,185.354996,60561
2026-04-15 19:15:00+00:00,185.354996,185.539993,185.320007,185.509995,66317
2026-04-15 19:20:00+00:00,185.500000,185.520004,185.274994,185.339996,53477
2026-04-15 19:25:00+00:00,185.339996,185.380005,185.149994,185.285004,95482
2026-04-15 19:30:00+00:00,185.270004,185.300003,185.190002,185.199997,86257
2026-04-15 19:35:00+00:00,185.195007,185.199997,184.940002,184.949997,110416
2026-04-15 19:40:00+00:00,184.919998,184.919998,184.740005,184.899994,97427
2026-04-15 19:45:00+00:00,184.899994,185.100098,184.880005,184.990005,88227
2026-04-15 19:50:00+00:00,184.970001,185.070007,184.580002,184.604996,160295
2026-04-15 19:55:00+00:00,184.589996,184.929993,184.520004,184.830002,391345
2026-04-16 13:30:00+00:00,185.899994,187.419998,185.339996,186.742294,338571
2026-04-16 13:35:00+00:00,186.886993,187.000000,185.960007,186.300003,102926
2026-04-16 13:40:00+00:00,186.290466,186.410004,185.850006,185.934998,66353
2026-04-16 13:45:00+00:00,185.869995,187.024994,185.779999,186.979996,87312
2026-04-16 13:50:00+00:00,187.000000,187.803299,187.000000,187.800003,114215
2026-04-16 13:55:00+00:00,187.789993,188.130005,187.750000,187.949997,110819
2026-04-16 14:00:00+00:00,187.945007,188.100006,187.570099,187.711197,109517
2026-04-16 14:05:00+00:00,187.710007,187.929993,187.320007,187.410004,160841
2026-04-16 14:10:00+00:00,187.384995,187.500000,187.059998,187.250000,77259
2026-04-16 14:15:00+00:00,187.250000,187.250000,186.949997,187.005005,81613
2026-04-16 14:20:00+00:00,187.005005,187.160004,186.899994,187.110001,81923
2026-04-16 14:25:00+00:00,187.130005,187.264999,187.080002,187.220001,128383
2026-04-16 14:30:00+00:00,187.210007,187.470001,187.179993,187.315002,74871
2026-04-16 14:35:00+00:00,187.330002,187.354996,187.130005,187.179993,60295
2026-04-16 14:40:00+00:00,187.160004,187.249893,187.020004,187.175003,65482
2026-04-16 14:45:00+00:00,187.179993,187.199997,187.009995,187.190002,64736
2026-04-16 14:50:00+00:00,187.175003,187.380005,187.029999,187.320099,45417
2026-04-16 14:55:00+00:00,187.369995,187.608505,187.309998,187.550003,53437
2026-04-16 15:00:00+00:00,187.570007,187.710007,187.500107,187.679993,61017
2026-04-16 15:05:00+00:00,187.649994,187.970001,187.649994,187.750000,63533
2026-04-16 15:10:00+00:00,187.690002,187.690002,187.220001,187.429993,70922
2026-04-16 15:15:00+00:00,187.360001,187.399994,187.020004,187.039993,51468
2026-04-16 15:20:00+00:00,187.080002,187.190002,186.759995,187.029999,81524
2026-04-16 15:25:00+00:00,187.020004,187.119995,186.919998,187.065002,45194
2026-04-16 15:30:00+00:00,187.125000,187.279999,187.100006,187.190002,50104
2026-04-16 15:35:00+00:00,187.190002,187.239899,186.899994,187.000000,48810
2026-04-16 15:40:00+00:00,186.970001,186.990005,186.820007,186.960007,43748
2026-04-16 15:45:00+00:00,186.964996,187.179993,186.860001,187.119995,59701
2026-04-16 15:50:00+00:00,187.111893,187.440002,187.100006,187.324997,45626
2026-04-16 15:55:00+00:00,187.324997,187.360001,187.229996,187.250000,33441
2026-04-16 16:00:00+00:00,187.240005,187.349899,187.220001,187.339996,46565
2026-04-16 16:05:00+00:00,187.339996,187.410004,187.259995,187.339996,43149
2026-04-16 16:10:00+00:00,187.399902,187.410004,187.309998,187.330002,25904
2026-04-16 16:15:00+00:00,187.320007,187.320007,187.089996,187.270004,50282
2026-04-16 16:20:00+00:00,187.300003,187.350006,187.160004,187.310104,23708
2026-04-16 16:25:00+00:00,187.330002,187.380005,187.244995,187.350006,31554
2026-04-16 16:30:00+00:00,187.339996,187.757004,187.330002,187.757004,50172
2026-04-16 16:35:00+00:00,187.725006,188.014999,187.669998,187.880005,76061
2026-04-16 16:40:00+00:00,187.889999,188.039993,187.770004,187.910004,64008
2026-04-16 16:45:00+00:00,187.889999,187.940002,187.740005,187.770004,44103
2026-04-16 16:50:00+00:00,187.789902,187.880005,187.740005,187.770004,34954
2026-04-16 16:55:00+00:00,187.770004,187.860001,187.759995,187.804993,33470
2026-04-16 17:00:00+00:00,187.820007,187.850006,187.740005,187.850006,39592
2026-04-16 17:05:00+00:00,187.835007,187.929993,187.774994,187.899994,32766
2026-04-16 17:10:00+00:00,187.889999,188.080002,187.860001,188.059998,46872
2026-04-16 17:15:00+00:00,188.059998,188.210007,188.059998,188.190002,52168
2026-04-16 17:20:00+00:00,188.190002,188.229996,188.070007,188.149994,41117
2026-04-16 17:25:00+00:00,188.160004,188.210007,188.029999,188.119995,89556
2026-04-16 17:30:00+00:00,188.125000,188.169998,187.970001,188.000000,59640
2026-04-16 17:35:00+00:00,188.014999,188.059998,187.949997,187.990005,51765
2026-04-16 17:40:00+00:00,187.994995,188.039993,187.839996,187.839996,145011
2026-04-16 17:45:00+00:00,187.835007,188.039993,187.804993,187.899994,77623
2026-04-16 17:50:00+00:00,187.904999,187.970001,187.850006,187.930099,22093
2026-04-16 17:55:00+00:00,187.940002,187.979996,187.785004,187.850006,48260
2026-04-16 18:00:00+00:00,187.860001,187.880005,187.679993,187.789993,67528
2026-04-16 18:05:00+00:00,187.779999,187.880005,187.690002,187.750000,68149
2026-04-16 18:10:00+00:00,187.729996,187.850006,187.710007,187.750000,39834
2026-04-16 18:15:00+00:00,187.770004,187.934998,187.725006,187.934998,44715
2026-04-16 18:20:00+00:00,187.949997,187.970001,187.824997,187.889999,62123
2026-04-16 18:25:00+00:00,187.899994,187.910004,187.770004,187.815002,61079
2026-04-16 18:30:00+00:00,187.815002,187.910004,187.809998,187.880005,64531
2026-04-16 18:35:00+00:00,187.869995,187.929993,187.809998,187.880005,48247
2026-04-16 18:40:00+00:00,187.880005,187.929993,187.660004,187.690002,39612
2026-04-16 18:45:00+00:00,187.705002,187.720001,187.529999,187.580002,55584
2026-04-16 18:50:00+00:00,187.570007,187.570007,187.375000,187.449997,81259
2026-04-16 18:55:00+00:00,187.440002,187.604996,187.400101,187.550003,52542
2026-04-16 19:00:00+00:00,187.544998,187.660004,187.490005,187.580002,45467
2026-04-16 19:05:00+00:00,187.619995,187.740005,187.589996,187.740005,77316
2026-04-16 19:10:00+00:00,187.750000,187.949997,187.744995,187.919998,43918
2026-04-16 19:15:00+00:00,187.929993,187.970001,187.880005,187.910004,43204
2026-04-16 19:20:00+00:00,187.910004,187.929993,187.830002,187.850998,58593
2026-04-16 19:25:00+00:00,187.860001,187.919998,187.800003,187.800003,60163
2026-04-16 19:30:00+00:00,187.800003,187.809998,187.529999,187.602402,88501
2026-04-16 19:35:00+00:00,187.580002,187.619995,187.500000,187.580002,91112
2026-04-16 19:40:00+00:00,187.589996,187.759995,187.559998,187.710007,86427
2026-04-16 19:45:00+00:00,187.699997,187.839996,187.619995,187.770004,126843
2026-04-16 19:50:00+00:00,187.750000,187.800003,187.490005,187.615005,120053
2026-04-16 19:55:00+00:00,187.619995,188.229996,187.619995,188.149994,531518
2026-04-17 13:30:00+00:00,181.889999,181.985001,179.160004,180.574997,1671264
2026-04-17 13:35:00+00:00,180.460098,180.600006,179.649994,180.074997,473843
2026-04-17 13:40:00+00:00,180.070496,181.000000,179.509995,180.600098,529469
2026-04-17 13:45:00+00:00,180.619995,181.404999,179.630005,180.380005,434151
2026-04-17 13:50:00+00:00,180.301895,180.459900,179.910004,180.054993,216761
2026-04-17 13:55:00+00:00,180.054993,180.289993,179.639999,180.184998,198154
2026-04-17 14:00:00+00:00,180.235001,180.250000,178.899994,178.949997,297668
2026-04-17 14:05:00+00:00,178.950104,179.324997,178.729996,179.285004,415248
2026-04-17 14:10:00+00:00,179.300095,179.619995,178.899994,179.154999,198475
2026-04-17 14:15:00+00:00,179.149994,179.630096,179.000000,179.365005,211996
2026-04-17 14:20:00+00:00,179.380005,179.804993,179.350006,179.404999,272599
2026-04-17 14:25:00+00:00,179.419998,179.589996,179.250000,179.429993,144361
2026-04-17 14:30:00+00:00,179.419998,179.470001,178.460007,178.489807,223223
2026-04-17 14:35:00+00:00,178.460007,178.880005,178.199997,178.339996,267801
2026-04-17 14:40:00+00:00,178.335007,178.429993,177.800003,177.940002,289162
2026-04-17 14:45:00+00:00,177.934998,178.199997,177.740005,178.089996,285855
2026-04-17 14:50:00+00:00,178.110001,178.210007,177.770004,177.789993,173928
2026-04-17 14:55:00+00:00,177.830002,178.595001,177.820007,178.559998,205831
2026-04-17 15:00:00+00:00,178.554993,178.869995,178.520004,178.580002,220647
2026-04-17 15:05:00+00:00,178.589996,178.750000,178.259995,178.309998,308924
2026-04-17 15:10:00+00:00,178.309998,178.660004,178.240005,178.561600,231109
2026-04-17 15:15:00+00:00,178.559998,179.350006,178.470001,179.320007,217834
2026-04-17 15:20:00+00:00,179.360001,179.860001,179.039993,179.800003,171783
2026-04-17 15:25:00+00:00,179.800003,180.399994,179.779999,180.270004,172880
2026-04-17 15:30:00+00:00,180.250000,180.440002,179.735001,179.860001,148236
2026-04-17 15:35:00+00:00,179.860001,180.160004,179.759995,180.095001,132616
2026-04-17 15:40:00+00:00,180.070007,180.789993,180.070007,180.679993,182050
2026-04-17 15:45:00+00:00,180.710007,180.759995,180.429993,180.464996,153067
2026-04-17 15:50:00+00:00,180.449997,180.449997,180.187241,180.270004,85369
2026-04-17 15:55:00+00:00,180.289993,180.300003,180.024994,180.240005,84597
2026-04-17 16:00:00+00:00,180.210007,180.570007,180.210007,180.539993,76798
2026-04-17 16:05:00+00:00,180.529999,180.610001,180.330002,180.460007,47904
2026-04-17 16:10:00+00:00,180.464996,180.630005,180.380005,180.580002,121689
2026-04-17 16:15:00+00:00,180.589996,180.809998,180.550003,180.774994,63717
2026-04-17 16:20:00+00:00,180.759995,180.975006,180.639999,180.949997,80574
2026-04-17 16:25:00+00:00,180.979996,181.190002,180.960098,181.179993,72828
2026-04-17 16:30:00+00:00,181.195007,181.419907,181.195007,181.330002,80373
2026-04-17 16:35:00+00:00,181.309998,181.669998,181.279999,181.660004,74986
2026-04-17 16:40:00+00:00,181.669998,181.809998,181.494995,181.794998,62612
2026-04-17 16:45:00+00:00,181.800003,182.154999,181.729996,182.119995,151885
2026-04-17 16:50:00+00:00,182.110001,182.239594,182.050003,182.210007,86795
2026-04-17 16:55:00+00:00,182.229996,182.240005,181.929993,181.940002,73702
2026-04-17 17:00:00+00:00,181.925003,181.960007,181.780106,181.880005,91092
2026-04-17 17:05:00+00:00,181.869995,182.115005,181.830002,182.115005,85359
2026-04-17 17:10:00+00:00,182.110001,182.195007,181.990707,182.050003,60862
2026-04-17 17:15:00+00:00,182.089996,182.350006,182.000000,182.289993,55503
2026-04-17 17:20:00+00:00,182.330002,182.604996,182.259995,182.500000,89969
2026-04-17 17:25:00+00:00,182.464996,182.589996,182.410004,182.502502,74413
2026-04-17 17:30:00+00:00,182.539993,182.589996,182.434998,182.559998,70173
2026-04-17 17:35:00+00:00,182.589996,182.720001,182.460007,182.660004,94332
2026-04-17 17:40:00+00:00,182.660004,182.789993,182.559998,182.600098,69210
2026-04-17 17:45:00+00:00,182.649994,182.660004,182.380005,182.505005,72819
2026-04-17 17:50:00+00:00,182.520004,182.610001,182.410095,182.520096,58562
2026-04-17 17:55:00+00:00,182.520004,182.539993,182.360001,182.490005,58010
2026-04-17 18:00:00+00:00,182.520004,182.770004,182.440002,182.710007,64217
2026-04-17 18:05:00+00:00,182.740005,183.169998,182.740005,183.160004,81539
2026-04-17 18:10:00+00:00,183.139999,183.485001,183.070007,183.460007,70661
2026-04-17 18:15:00+00:00,183.479004,183.479004,183.210007,183.320007,80593
2026-04-17 18:20:00+00:00,183.309998,183.358994,183.089996,183.110703,146037
2026-04-17 18:25:00+00:00,183.119995,183.339996,182.929993,183.309998,114053
2026-04-17 18:30:00+00:00,183.309998,183.809998,183.309998,183.701706,94719
2026-04-17 18:35:00+00:00,183.770004,183.820007,183.610001,183.779999,66376
2026-04-17 18:40:00+00:00,183.789993,183.789993,183.570007,183.660004,88001
2026-04-17 18:45:00+00:00,183.669998,183.675003,183.440002,183.460007,92152
2026-04-17 18:50:00+00:00,183.460007,183.509995,183.339996,183.384995,66222
2026-04-17 18:55:00+00:00,183.380005,183.589996,183.310104,183.559998,79052
2026-04-17 19:00:00+00:00,183.570007,183.770004,183.570007,183.699997,101822
2026-04-17 19:05:00+00:00,183.729996,183.800003,183.675003,183.740005,53607
2026-04-17 19:10:00+00:00,183.750000,184.139999,183.750000,184.130005,82147
2026-04-17 19:15:00+00:00,184.119995,184.300003,183.800003,183.839996,92123
2026-04-17 19:20:00+00:00,183.820007,184.009995,183.619995,183.630005,97455
2026-04-17 19:25:00+00:00,183.630005,183.934998,183.610001,183.914993,85365
2026-04-17 19:30:00+00:00,183.910004,184.039993,183.735001,183.910004,121805
2026-04-17 19:35:00+00:00,183.919998,183.979996,183.690094,183.759995,127956
2026-04-17 19:40:00+00:00,183.770004,183.919998,183.455002,183.899994,168116
2026-04-17 19:45:00+00:00,183.884995,184.300003,183.860001,183.949997,197564
2026-04-17 19:50:00+00:00,183.979996,184.279999,183.925003,184.059998,228398
2026-04-17 19:55:00+00:00,184.080002,184.289993,183.945007,183.979996,575934
2026-04-20 13:30:00+00:00,184.500000,185.285004,183.960007,184.199997,581194
2026-04-20 13:35:00+00:00,184.184998,186.096802,184.081299,186.096802,175879
2026-04-20 13:40:00+00:00,186.110001,186.115005,185.539993,185.669998,149478
2026-04-20 13:45:00+00:00,185.649994,186.270004,185.472504,186.139999,135824
2026-04-20 13:50:00+00:00,186.125000,186.164993,185.479294,185.500000,112334
2026-04-20 13:55:00+00:00,185.479996,185.580002,185.199997,185.565002,82342
2026-04-20 14:00:00+00:00,185.520004,185.589996,185.119995,185.250000,87866
2026-04-20 14:05:00+00:00,185.300003,185.500000,185.240005,185.455994,88976
2026-04-20 14:10:00+00:00,185.414993,185.529999,185.000000,185.020004,113564
2026-04-20 14:15:00+00:00,184.975006,185.585007,184.960007,185.460007,107588
2026-04-20 14:20:00+00:00,185.460007,185.675003,185.320007,185.335007,70609
2026-04-20 14:25:00+00:00,185.335007,185.619995,185.179993,185.610001,83529
2026-04-20 14:30:00+00:00,185.639999,185.710007,185.449997,185.449997,68585
2026-04-20 14:35:00+00:00,185.449997,185.479996,185.309998,185.309998,70868
2026-04-20 14:40:00+00:00,185.309998,185.800003,185.300003,185.695007,86627
2026-04-20 14:45:00+00:00,185.679993,185.720001,185.279999,185.324997,73685
2026-04-20 14:50:00+00:00,185.309998,185.970001,185.225006,185.470001,162143
2026-04-20 14:55:00+00:00,185.464996,185.559998,185.350006,185.410004,78297
2026-04-20 15:00:00+00:00,185.399994,185.419998,185.190002,185.384995,99509
2026-04-20 15:05:00+00:00,185.389999,185.679901,185.134995,185.134995,103271
2026-04-20 15:10:00+00:00,185.139999,185.179993,184.750000,184.830002,156722
2026-04-20 15:15:00+00:00,184.824997,185.029999,184.809998,184.955002,64807
2026-04-20 15:20:00+00:00,184.940002,185.044998,184.330093,184.434998,119539
2026-04-20 15:25:00+00:00,184.429993,184.500000,184.089996,184.279999,122019
2026-04-20 15:30:00+00:00,184.330002,184.539902,184.280106,184.440002,95261
2026-04-20 15:35:00+00:00,184.445007,184.490005,184.229996,184.330002,98098
2026-04-20 15:40:00+00:00,184.345001,184.410004,184.009995,184.039993,336377
2026-04-20 15:45:00+00:00,184.039993,184.070007,183.839996,184.024994,126459
2026-04-20 15:50:00+00:00,184.000000,184.460007,183.975006,184.380005,197578
2026-04-20 15:55:00+00:00,184.360001,184.410004,184.149994,184.179993,65599
2026-04-20 16:00:00+00:00,184.179993,184.319000,184.080002,184.279999,66408
2026-04-20 16:05:00+00:00,184.289902,184.360001,184.220001,184.240005,42893
2026-04-20 16:10:00+00:00,184.240005,184.240005,184.009995,184.080002,45837
2026-04-20 16:15:00+00:00,184.085007,184.099899,183.910095,183.914993,47554
2026-04-20 16:20:00+00:00,183.919998,184.129105,183.865005,184.059998,54341
2026-04-20 16:25:00+00:00,184.059998,184.160004,184.039993,184.134995,28572
2026-04-20 16:30:00+00:00,184.130005,184.210007,184.110001,184.134995,44145
2026-04-20 16:35:00+00:00,184.149994,184.220001,183.979996,184.039993,61468
2026-04-20 16:40:00+00:00,184.039703,184.050003,183.850006,183.988861,59320
2026-04-20 16:45:00+00:00,183.979996,184.039993,183.910004,184.029999,42693
2026-04-20 16:50:00+00:00,184.024994,184.130005,183.990005,184.130005,47767
2026-04-20 16:55:00+00:00,184.115005,184.190002,184.080002,184.154999,36106
2026-04-20 17:00:00+00:00,184.160004,184.199997,183.880005,183.889999,50233
2026-04-20 17:05:00+00:00,183.899994,183.983002,183.820007,183.970093,73105
2026-04-20 17:10:00+00:00,184.000000,184.240005,183.990005,184.240005,44789
2026-04-20 17:15:00+00:00,184.250000,184.250000,184.039993,184.039993,48335
2026-04-20 17:20:00+00:00,184.030396,184.244995,184.030396,184.242996,35283
2026-04-20 17:25:00+00:00,184.259995,184.330002,184.240005,184.285004,39296
2026-04-20 17:30:00+00:00,184.289993,184.360001,184.169998,184.199997,35210
2026-04-20 17:35:00+00:00,184.199997,184.199997,183.949997,184.009995,45333
2026-04-20 17:40:00+00:00,184.014999,184.044998,183.895004,184.020004,44295
2026-04-20 17:45:00+00:00,184.039993,184.110001,183.990005,184.059006,30625
2026-04-20 17:50:00+00:00,184.039993,184.080002,184.000000,184.070007,22429
2026-04-20 17:55:00+00:00,184.050003,184.100006,183.990097,184.089996,28991
2026-04-20 18:00:00+00:00,184.080002,184.160004,184.070007,184.110001,43353
2026-04-20 18:05:00+00:00,184.119995,184.170105,184.100006,184.104996,39771
2026-04-20 18:10:00+00:00,184.100006,184.190002,184.080002,184.080002,53178
2026-04-20 18:15:00+00:00,184.070007,184.119995,184.000000,184.009995,58349
2026-04-20 18:20:00+00:00,184.000000,184.009995,183.940002,183.979996,36098
2026-04-20 18:25:00+00:00,183.979996,184.020004,183.830002,183.869995,43631
2026-04-20 18:30:00+00:00,183.869995,183.919998,183.759293,183.879898,70167
2026-04-20 18:35:00+00:00,183.869995,184.039993,183.779999,184.000000,51880
2026-04-20 18:40:00+00:00,183.994995,183.994995,183.830002,183.860001,30198
2026-04-20 18:45:00+00:00,183.860001,183.889999,183.720001,183.740005,45580
2026-04-20 18:50:00+00:00,183.729996,183.804993,183.670105,183.789993,54861
2026-04-20 18:55:00+00:00,183.779999,183.902481,183.770004,183.860001,585696
2026-04-20 19:00:00+00:00,183.839996,183.960007,183.660004,183.710007,100750
2026-04-20 19:05:00+00:00,183.679993,183.770004,183.570007,183.740005,86344
2026-04-20 19:10:00+00:00,183.759995,183.839996,183.669998,183.820007,84416
2026-04-20 19:15:00+00:00,183.809998,183.809998,183.699997,183.725006,55918
2026-04-20 19:20:00+00:00,183.729996,183.750000,183.574997,183.649994,77043
2026-04-20 19:25:00+00:00,183.660004,183.660004,183.399994,183.410004,82105
2026-04-20 19:30:00+00:00,183.399994,183.399994,183.095001,183.095001,113157
2026-04-20 19:35:00+00:00,183.070007,183.110001,182.880005,182.929993,133986
2026-04-20 19:40:00+00:00,182.899994,183.070007,182.830002,183.035004,89269
2026-04-20 19:45:00+00:00,183.020004,183.190002,182.970001,183.130005,95597
2026-04-20 19:50:00+00:00,183.130005,183.210007,182.910004,182.925003,156697
2026-04-20 19:55:00+00:00,182.919998,183.270004,182.889999,183.240005,364216
2026-04-21 13:30:00+00:00,183.970001,184.949997,183.460007,183.895004,640253
2026-04-21 13:35:00+00:00,183.910004,184.039993,183.199997,183.785095,73209
2026-04-21 13:40:00+00:00,183.803192,183.990005,183.350006,183.630005,120983
2026-04-21 13:45:00+00:00,183.669998,183.669998,183.279999,183.520004,137933
2026-04-21 13:50:00+00:00,183.559998,183.839996,183.479996,183.539993,96197
2026-04-21 13:55:00+00:00,183.619995,183.690002,183.024994,183.024994,68178
2026-04-21 14:00:00+00:00,183.009995,183.399994,183.000000,183.360001,70821
2026-04-21 14:05:00+00:00,183.389999,183.410004,182.679993,182.699997,99845
2026-04-21 14:10:00+00:00,182.720001,182.880005,182.509995,182.729996,70777
2026-04-21 14:15:00+00:00,182.729996,182.919998,182.610001,182.919403,50993
2026-04-21 14:20:00+00:00,182.929993,183.039993,182.800003,182.880005,61232
2026-04-21 14:25:00+00:00,182.899994,182.985001,182.759995,182.770004,83278
2026-04-21 14:30:00+00:00,182.807007,182.807007,182.475006,182.535004,75634
2026-04-21 14:35:00+00:00,182.520004,183.000000,182.339996,182.994995,99680
2026-04-21 14:40:00+00:00,183.000000,183.389999,182.919998,183.369995,73414
2026-04-21 14:45:00+00:00,183.369995,183.619995,183.339996,183.520004,93062
2026-04-21 14:50:00+00:00,183.539993,183.539993,183.250000,183.300003,62389
2026-04-21 14:55:00+00:00,183.294998,183.750000,183.270004,183.679993,90210
2026-04-21 15:00:00+00:00,183.660004,184.419998,183.660004,184.384995,175806
2026-04-21 15:05:00+00:00,184.404999,184.440002,183.720001,183.740005,83445
2026-04-21 15:10:00+00:00,183.710007,183.940002,183.619995,183.904999,68541
2026-04-21 15:15:00+00:00,183.884995,184.250000,183.839996,184.190002,127304
2026-04-21 15:20:00+00:00,184.175003,184.250000,183.720001,184.044998,104531
2026-04-21 15:25:00+00:00,184.044998,184.419998,184.044998,184.240005,90508
2026-04-21 15:30:00+00:00,184.240005,184.250000,183.800003,183.800003,72321
2026-04-21 15:35:00+00:00,183.860001,184.250000,183.830002,184.169998,84713
2026-04-21 15:40:00+00:00,184.149994,184.240005,184.100006,184.160004,62359
2026-04-21 15:45:00+00:00,184.160004,184.509995,184.149994,184.509995,80572
2026-04-21 15:50:00+00:00,184.520004,184.679993,184.520004,184.650101,74408
2026-04-21 15:55:00+00:00,184.662598,184.687805,184.274094,184.350006,99661
2026-04-21 16:00:00+00:00,184.330002,184.429993,184.175003,184.419998,72439
2026-04-21 16:05:00+00:00,184.414993,184.570007,184.380005,184.514999,61307
2026-04-21 16:10:00+00:00,184.500000,184.759995,184.449997,184.744995,64854
2026-04-21 16:15:00+00:00,184.740005,184.770004,184.440002,184.459900,89665
2026-04-21 16:20:00+00:00,184.449997,184.460007,184.139999,184.285004,55802
2026-04-21 16:25:00+00:00,184.324997,184.520004,184.320007,184.460007,35583
2026-04-21 16:30:00+00:00,184.470001,184.539993,184.289993,184.510498,48298
2026-04-21 16:35:00+00:00,184.524994,184.729996,184.500000,184.725006,84160
2026-04-21 16:40:00+00:00,184.729996,184.735001,184.434998,184.490005,103756
2026-04-21 16:45:00+00:00,184.470001,184.485001,184.324997,184.365005,35485
2026-04-21 16:50:00+00:00,184.384995,184.490005,184.320007,184.345001,86542
2026-04-21 16:55:00+00:00,184.335007,184.645004,184.289993,184.580002,64572
2026-04-21 17:00:00+00:00,184.570007,184.570007,184.429993,184.440002,57004
2026-04-21 17:05:00+00:00,184.445007,184.679993,184.445007,184.565002,73405
2026-04-21 17:10:00+00:00,184.565002,184.929993,184.565002,184.880005,171977
2026-04-21 17:15:00+00:00,184.880005,185.270004,184.870102,185.210007,107151
2026-04-21 17:20:00+00:00,185.214996,185.330002,185.160004,185.279999,62301
2026-04-21 17:25:00+00:00,185.279999,185.315002,185.220001,185.270004,61630
2026-04-21 17:30:00+00:00,185.324997,185.520004,185.240005,185.240005,107830
2026-04-21 17:35:00+00:00,185.250000,185.330002,184.899994,184.934998,121753
2026-04-21 17:40:00+00:00,184.940002,184.940002,184.414993,184.524994,137154
2026-04-21 17:45:00+00:00,184.524994,184.830002,184.500000,184.654999,91677
2026-04-21 17:50:00+00:00,184.664993,184.750000,184.589996,184.720001,78093
2026-04-21 17:55:00+00:00,184.764999,184.949997,184.677307,184.910004,89259
2026-04-21 18:00:00+00:00,184.899994,184.899994,184.710007,184.729996,102194
2026-04-21 18:05:00+00:00,184.750000,185.000000,184.679993,184.960007,48491
2026-04-21 18:10:00+00:00,184.960007,185.110001,184.960007,185.070007,363341
2026-04-21 18:15:00+00:00,185.089996,185.380005,185.089996,185.335495,65620
2026-04-21 18:20:00+00:00,185.350006,185.438629,185.330002,185.410004,50247
2026-04-21 18:25:00+00:00,185.419998,185.434998,185.339996,185.410004,54500
2026-04-21 18:30:00+00:00,185.420105,185.570007,185.399994,185.460007,114839
2026-04-21 18:35:00+00:00,185.479996,185.750000,185.479996,185.669998,92455
2026-04-21 18:40:00+00:00,185.684998,185.779999,185.639999,185.649994,65557
2026-04-21 18:45:00+00:00,185.649994,185.729996,185.530106,185.720001,54496
2026-04-21 18:50:00+00:00,185.720001,185.770004,185.149994,185.169998,86891
2026-04-21 18:55:00+00:00,185.210007,185.315002,185.020004,185.160004,88508
2026-04-21 19:00:00+00:00,185.149994,185.580002,185.149994,185.490005,71757
2026-04-21 19:05:00+00:00,185.509995,185.550003,185.350006,185.514999,77707
2026-04-21 19:10:00+00:00,185.529999,185.820007,185.520004,185.779999,105551
2026-04-21 19:15:00+00:00,185.759995,185.820007,185.649994,185.654999,76874
2026-04-21 19:20:00+00:00,185.653000,185.710007,185.460007,185.500000,111881
2026-04-21 19:25:00+00:00,185.494995,185.589996,185.479996,185.509995,73399
2026-04-21 19:30:00+00:00,185.529999,185.720001,185.490097,185.690002,100857
2026-04-21 19:35:00+00:00,185.679993,186.110001,185.679993,186.054993,156181
2026-04-21 19:40:00+00:00,186.059998,186.210007,185.899994,186.210007,181653
2026-04-21 19:45:00+00:00,186.210007,186.369995,186.054993,186.264999,147848
2026-04-21 19:50:00+00:00,186.250000,186.309998,186.054993,186.080002,212428
2026-04-21 19:55:00+00:00,186.080002,186.350006,185.940002,185.994995,442931
2026-04-22 13:30:00+00:00,187.270004,189.419998,187.270004,188.985001,488484
2026-04-22 13:35:00+00:00,188.998398,188.998398,187.979996,188.169998,188585
2026-04-22 13:40:00+00:00,188.160004,188.649994,188.089996,188.399994,158411
2026-04-22 13:45:00+00:00,188.384995,188.600006,188.210007,188.449997,197100
2026-04-22 13:50:00+00:00,188.509003,189.059998,188.460007,188.509995,178621
2026-04-22 13:55:00+00:00,188.520004,188.725006,188.414993,188.529999,130821
2026-04-22 14:00:00+00:00,188.520004,188.580002,187.750000,187.755005,175131
2026-04-22 14:05:00+00:00,187.750000,188.020004,187.679993,187.979996,156791
2026-04-22 14:10:00+00:00,188.014999,188.190002,187.960007,187.990005,106064
2026-04-22 14:15:00+00:00,187.979996,187.979996,187.425003,187.440002,117814
2026-04-22 14:20:00+00:00,187.410004,187.529999,187.270004,187.440002,66997
2026-04-22 14:25:00+00:00,187.419998,187.479996,187.179993,187.360001,73630
2026-04-22 14:30:00+00:00,187.360001,187.970001,187.319901,187.880005,162749
2026-04-22 14:35:00+00:00,187.880005,187.910004,187.259995,187.285004,87832
2026-04-22 14:40:00+00:00,187.279999,187.740005,187.160004,187.690002,67606
2026-04-22 14:45:00+00:00,187.690002,187.740005,187.250000,187.250000,107311
2026-04-22 14:50:00+00:00,187.250000,187.479996,187.130005,187.419998,67907
2026-04-22 14:55:00+00:00,187.470001,187.470001,187.009995,187.119995,59693
2026-04-22 15:00:00+00:00,187.184998,187.449997,187.139999,187.440002,67588
2026-04-22 15:05:00+00:00,187.429993,187.470001,187.119995,187.199997,78145
2026-04-22 15:10:00+00:00,187.199997,187.220001,187.000000,187.110001,95204
2026-04-22 15:15:00+00:00,187.110001,187.235001,186.945007,187.050003,61804
2026-04-22 15:20:00+00:00,187.070007,187.207108,186.960007,187.190002,63757
2026-04-22 15:25:00+00:00,187.190002,187.419998,187.190002,187.375000,68172
2026-04-22 15:30:00+00:00,187.380005,187.460007,187.320007,187.419998,62186
2026-04-22 15:35:00+00:00,187.440002,187.570007,187.399994,187.410004,63505
2026-04-22 15:40:00+00:00,187.434998,187.509995,187.399994,187.479996,53163
2026-04-22 15:45:00+00:00,187.485001,187.589996,187.419998,187.419998,67004
2026-04-22 15:50:00+00:00,187.434998,187.539993,187.399994,187.470001,31659
2026-04-22 15:55:00+00:00,187.470001,187.470001,187.300003,187.339996,49654
2026-04-22 16:00:00+00:00,187.339996,187.369995,187.250000,187.250000,40571
2026-04-22 16:05:00+00:00,187.259995,187.279999,187.160004,187.189697,45376
2026-04-22 16:10:00+00:00,187.160004,187.259995,187.119995,187.199997,45078
2026-04-22 16:15:00+00:00,187.205002,187.279999,187.011002,187.130005,60837
2026-04-22 16:20:00+00:00,187.139999,187.279999,187.139999,187.179993,36847
2026-04-22 16:25:00+00:00,187.164993,187.190002,186.929993,186.931000,51913
2026-04-22 16:30:00+00:00,186.919998,186.949997,186.729996,186.789993,37955
2026-04-22 16:35:00+00:00,186.800003,187.000000,186.800003,186.940002,37620
2026-04-22 16:40:00+00:00,186.919998,186.959900,186.799301,186.845001,41506
2026-04-22 16:45:00+00:00,186.860001,186.899902,186.710007,186.770004,30814
2026-04-22 16:50:00+00:00,186.770004,186.970001,186.764999,186.970001,23342
2026-04-22 16:55:00+00:00,186.962936,187.050003,186.929993,186.929993,55220
2026-04-22 17:00:00+00:00,186.929993,187.089996,186.880005,186.884995,41853
2026-04-22 17:05:00+00:00,186.875000,186.910004,186.809998,186.839996,32539
2026-04-22 17:10:00+00:00,186.835007,187.080002,186.740005,187.070007,57640
2026-04-22 17:15:00+00:00,187.089996,187.149994,187.029999,187.089996,30645
2026-04-22 17:20:00+00:00,187.089996,187.190002,187.074997,187.160004,41912
2026-04-22 17:25:00+00:00,187.179993,187.249802,187.169998,187.190002,30503
2026-04-22 17:30:00+00:00,187.190002,187.190002,187.044998,187.059998,32886
2026-04-22 17:35:00+00:00,187.080002,187.190002,187.014999,187.179993,32491
2026-04-22 17:40:00+00:00,187.199997,187.240005,187.065002,187.110001,33795
2026-04-22 17:45:00+00:00,187.125000,187.250000,187.110001,187.139999,36622
2026-04-22 17:50:00+00:00,187.130005,187.240005,187.105103,187.105103,31090
2026-04-22 17:55:00+00:00,187.100006,187.199997,187.089996,187.190002,36629
2026-04-22 18:00:00+00:00,187.179993,187.225006,187.104996,187.139999,49787
2026-04-22 18:05:00+00:00,187.139999,187.239899,187.110001,187.239899,28552
2026-04-22 18:10:00+00:00,187.250000,187.264999,187.100006,187.100006,56694
2026-04-22 18:15:00+00:00,187.119995,187.309998,187.095001,187.289993,33600
2026-04-22 18:20:00+00:00,187.309998,187.350006,187.240005,187.250000,42209
2026-04-22 18:25:00+00:00,187.255005,187.270004,187.184998,187.259995,28120
2026-04-22 18:30:00+00:00,187.270004,187.320007,187.210007,187.259995,42186
2026-04-22 18:35:00+00:00,187.270004,187.419998,187.270004,187.389999,29902
2026-04-22 18:40:00+00:00,187.399994,187.449997,187.240005,187.240005,36186
2026-04-22 18:45:00+00:00,187.244995,187.250000,187.100006,187.110001,35552
2026-04-22 18:50:00+00:00,187.119995,187.149994,186.910004,187.139999,55845
2026-04-22 18:55:00+00:00,187.139999,187.250000,187.139999,187.240005,41214
2026-04-22 19:00:00+00:00,187.240005,187.500000,187.160004,187.429993,63978
2026-04-22 19:05:00+00:00,187.429993,187.440002,187.149994,187.149994,84608
2026-04-22 19:10:00+00:00,187.110001,187.190002,187.000000,187.110001,83857
2026-04-22 19:15:00+00:00,187.104996,187.160004,187.000000,187.029999,52686
2026-04-22 19:20:00+00:00,187.029999,187.199997,187.009995,187.195007,68781
2026-04-22 19:25:00+00:00,187.199997,187.250000,187.020004,187.059998,84061
2026-04-22 19:30:00+00:00,187.070007,187.169998,186.919998,187.029999,91738
2026-04-22 19:35:00+00:00,187.020004,187.029999,186.759995,186.759995,97309
2026-04-22 19:40:00+00:00,186.750000,186.779999,186.619995,186.660004,347525
2026-04-22 19:45:00+00:00,186.679993,186.785004,186.529999,186.636993,99691
2026-04-22 19:50:00+00:00,186.630005,186.669998,186.270004,186.270004,202199
2026-04-22 19:55:00+00:00,186.259995,186.369995,186.119995,186.320007,586784
2026-04-23 13:30:00+00:00,187.119995,188.419998,186.949997,186.949997,284172
2026-04-23 13:35:00+00:00,186.899994,186.929993,186.365005,186.410004,77275
2026-04-23 13:40:00+00:00,186.410004,186.779999,186.250000,186.770004,85539
2026-04-23 13:45:00+00:00,186.839996,187.039993,186.100006,186.529999,118395
2026-04-23 13:50:00+00:00,186.600006,187.050003,186.600006,186.880005,89886
2026-04-23 13:55:00+00:00,186.889999,187.080002,186.688995,187.024994,63363
2026-04-23 14:00:00+00:00,187.050003,187.229996,186.679993,186.740005,88907
2026-04-23 14:05:00+00:00,186.750000,187.065002,186.690002,186.979996,50884
2026-04-23 14:10:00+00:00,187.039993,187.210007,187.029999,187.065002,51435
2026-04-23 14:15:00+00:00,187.080002,187.080002,186.701004,186.990005,108066
2026-04-23 14:20:00+00:00,186.979996,187.070007,186.639999,186.660004,59697
2026-04-23 14:25:00+00:00,186.695496,186.720001,186.470001,186.570007,48340
2026-04-23 14:30:00+00:00,186.559998,186.559998,186.300003,186.320007,60856
2026-04-23 14:35:00+00:00,186.339996,186.575104,186.250000,186.521103,44325
2026-04-23 14:40:00+00:00,186.535004,186.820007,186.535004,186.580002,43153
2026-04-23 14:45:00+00:00,186.570007,186.816803,186.460007,186.764999,33328
2026-04-23 14:50:00+00:00,186.800003,186.815002,186.429993,186.429993,39028
2026-04-23 14:55:00+00:00,186.449997,186.449997,186.039993,186.070007,53928
2026-04-23 15:00:00+00:00,186.070007,186.100006,185.949997,186.070007,48528
2026-04-23 15:05:00+00:00,186.070007,186.130005,185.990005,186.070007,56079
2026-04-23 15:10:00+00:00,186.089996,186.160004,185.990005,186.024994,32668
2026-04-23 15:15:00+00:00,186.039993,186.059998,185.600006,185.660004,75154
2026-04-23 15:20:00+00:00,185.660004,185.740005,185.539993,185.639999,73398
2026-04-23 15:25:00+00:00,185.645004,185.785065,185.625000,185.770004,45792
2026-04-23 15:30:00+00:00,185.800003,185.880005,185.744995,185.830002,40824
2026-04-23 15:35:00+00:00,185.809998,185.910004,185.789993,185.809998,31018
2026-04-23 15:40:00+00:00,185.820007,185.880005,185.720001,185.880005,37440
2026-04-23 15:45:00+00:00,185.889999,186.160004,185.889999,186.110001,68888
2026-04-23 15:50:00+00:00,186.139999,186.190002,185.955002,185.960007,38641
2026-04-23 15:55:00+00:00,185.970001,186.029999,185.865005,185.990005,45982
2026-04-23 16:00:00+00:00,185.994995,186.179993,185.960007,186.179993,48285
2026-04-23 16:05:00+00:00,186.184998,186.220001,186.110001,186.199997,32567
2026-04-23 16:10:00+00:00,186.190002,186.190002,186.020096,186.029907,36909
2026-04-23 16:15:00+00:00,186.024994,186.085007,185.960007,186.029999,45041
2026-04-23 16:20:00+00:00,186.039993,186.229996,186.039993,186.229996,34701
2026-04-23 16:25:00+00:00,186.240005,186.279999,186.210007,186.255005,49387
2026-04-23 16:30:00+00:00,186.255005,186.259995,185.970001,185.970001,47127
2026-04-23 16:35:00+00:00,185.960007,186.029999,185.850006,186.029999,44748
2026-04-23 16:40:00+00:00,186.029999,186.080002,185.970001,186.020004,54250
2026-04-23 16:45:00+00:00,186.000000,186.020004,185.714996,185.750000,43032
2026-04-23 16:50:00+00:00,185.750000,185.770004,185.494995,185.648605,55570
2026-04-23 16:55:00+00:00,185.630005,185.800003,185.630005,185.729996,33834
2026-04-23 17:00:00+00:00,185.729996,186.309998,185.729996,186.179993,108963
2026-04-23 17:05:00+00:00,186.199997,186.470001,186.169998,186.449997,53056
2026-04-23 17:10:00+00:00,186.429993,186.789993,186.289993,186.579498,101741
2026-04-23 17:15:00+00:00,186.529999,186.889999,186.529999,186.880005,92666
2026-04-23 17:20:00+00:00,186.875000,186.990005,186.550003,186.630005,91649
2026-04-23 17:25:00+00:00,186.619995,186.899994,186.589996,186.779999,90407
2026-04-23 17:30:00+00:00,186.800003,187.080002,186.800003,186.919998,62189
2026-04-23 17:35:00+00:00,186.929993,187.119995,186.794998,187.110001,62378
2026-04-23 17:40:00+00:00,187.100006,187.759995,187.080002,187.750000,129227
2026-04-23 17:45:00+00:00,187.729996,188.000000,187.419998,187.440002,140168
2026-04-23 17:50:00+00:00,187.520004,187.714996,186.639999,187.149994,203458
2026-04-23 17:55:00+00:00,187.169998,187.369995,186.975006,187.240005,78589
2026-04-23 18:00:00+00:00,187.259995,187.330002,187.000000,187.260498,87100
2026-04-23 18:05:00+00:00,187.300003,187.589996,187.240005,187.550003,53056
2026-04-23 18:10:00+00:00,187.550003,187.759995,187.500000,187.759995,65228
2026-04-23 18:15:00+00:00,187.789993,187.804993,187.664993,187.789993,48107
2026-04-23 18:20:00+00:00,187.779999,187.899994,187.690002,187.759995,51012
2026-04-23 18:25:00+00:00,187.759995,187.815308,187.619995,187.779999,52701
2026-04-23 18:30:00+00:00,187.770004,187.809998,187.630005,187.690002,48254
2026-04-23 18:35:00+00:00,187.705002,187.779999,187.589996,187.765305,44179
2026-04-23 18:40:00+00:00,187.770004,187.809998,187.690002,187.740097,45430
2026-04-23 18:45:00+00:00,187.750000,187.805099,187.600006,187.779999,44250
2026-04-23 18:50:00+00:00,187.779999,187.880005,187.619995,187.679901,47571
2026-04-23 18:55:00+00:00,187.679993,187.779999,187.470001,187.559998,59313
2026-04-23 19:00:00+00:00,187.570007,187.695007,187.470001,187.585007,70914
2026-04-23 19:05:00+00:00,187.580002,187.705002,187.529999,187.610001,61078
2026-04-23 19:10:00+00:00,187.610001,187.735001,187.610001,187.729996,57681
2026-04-23 19:15:00+00:00,187.729294,187.740005,187.600006,187.729996,56953
2026-04-23 19:20:00+00:00,187.720001,187.800003,187.675003,187.770004,54967
2026-04-23 19:25:00+00:00,187.759995,187.794998,187.500000,187.539993,64830
2026-04-23 19:30:00+00:00,187.500000,187.714996,187.470001,187.714996,78525
2026-04-23 19:35:00+00:00,187.714996,187.789993,187.600006,187.619995,82352
2026-04-23 19:40:00+00:00,187.619995,187.809998,187.410004,187.559998,99490
2026-04-23 19:45:00+00:00,187.550003,187.589996,187.464996,187.500000,81448
2026-04-23 19:50:00+00:00,187.490005,187.520004,187.279999,187.279999,146212
2026-04-23 19:55:00+00:00,187.270004,187.759995,187.270004,187.589996,375077
2026-04-24 13:30:00+00:00,185.229996,186.419998,185.110001,185.690002,445897
2026-04-24 13:35:00+00:00,185.774994,185.819901,184.770996,184.889999,263675
2026-04-24 13:40:00+00:00,184.880005,185.580002,184.660004,185.389999,154627
2026-04-24 13:45:00+00:00,185.380005,185.539993,184.985001,185.100006,85673
2026-04-24 13:50:00+00:00,185.070007,185.759995,185.000000,185.710007,66962
2026-04-24 13:55:00+00:00,185.710007,185.955994,185.550003,185.619995,72912
2026-04-24 14:00:00+00:00,185.630005,185.649994,185.162994,185.179993,70688
2026-04-24 14:05:00+00:00,185.190002,185.300003,184.949997,185.101501,79782
2026-04-24 14:10:00+00:00,185.154999,185.309998,184.949997,185.289993,63245
2026-04-24 14:15:00+00:00,185.270004,185.479996,185.259995,185.379501,56868
2026-04-24 14:20:00+00:00,185.369995,185.554993,185.175003,185.550003,61403
2026-04-24 14:25:00+00:00,185.550003,185.649994,185.490005,185.580002,55809
2026-04-24 14:30:00+00:00,185.565002,185.579895,184.970001,185.000000,95857
2026-04-24 14:35:00+00:00,185.050003,185.050003,184.800400,184.899902,74378
2026-04-24 14:40:00+00:00,184.869995,184.929993,184.779999,184.866806,35599
2026-04-24 14:45:00+00:00,184.880005,185.169998,184.820007,185.080002,60854
2026-04-24 14:50:00+00:00,185.085007,185.100006,184.960007,185.000000,121167
2026-04-24 14:55:00+00:00,185.020004,185.154999,184.925003,185.100006,173144
2026-04-24 15:00:00+00:00,185.169006,185.270004,185.110001,185.130005,62239
2026-04-24 15:05:00+00:00,185.119995,185.130600,184.929993,184.929993,46456
2026-04-24 15:10:00+00:00,184.929993,184.994995,184.710007,184.714996,64239
2026-04-24 15:15:00+00:00,184.710007,184.880005,184.669998,184.820099,55526
2026-04-24 15:20:00+00:00,184.830002,184.830002,184.550003,184.639999,52750
2026-04-24 15:25:00+00:00,184.610001,184.779999,184.559998,184.565002,48143
2026-04-24 15:30:00+00:00,184.559998,184.690002,184.320007,184.399994,66080
2026-04-24 15:35:00+00:00,184.389999,184.460007,184.240005,184.250000,36585
2026-04-24 15:40:00+00:00,184.229996,184.440002,183.949997,183.979996,91012
2026-04-24 15:45:00+00:00,183.979996,184.080002,183.720001,183.940002,119638
2026-04-24 15:50:00+00:00,183.970001,183.979996,183.529999,183.679993,67418
2026-04-24 15:55:00+00:00,183.669998,183.720001,183.199997,183.445007,418143
2026-04-24 16:00:00+00:00,183.449997,183.770004,183.250000,183.705002,486712
2026-04-24 16:05:00+00:00,183.729996,184.095001,183.684998,184.095001,69810
2026-04-24 16:10:00+00:00,184.089996,184.115005,183.910004,184.000000,96359
2026-04-24 16:15:00+00:00,184.029999,184.139893,183.929993,184.119995,85612
2026-04-24 16:20:00+00:00,184.100006,184.210007,184.050095,184.199997,40810
2026-04-24 16:25:00+00:00,184.199997,184.440002,184.190002,184.389999,33045
2026-04-24 16:30:00+00:00,184.380005,184.380005,184.169998,184.300003,77204
2026-04-24 16:35:00+00:00,184.289993,184.289993,184.139999,184.250000,44644
2026-04-24 16:40:00+00:00,184.289993,184.539993,184.279999,184.429993,44312
2026-04-24 16:45:00+00:00,184.440002,184.455597,184.320007,184.350006,46419
2026-04-24 16:50:00+00:00,184.350098,184.350098,183.929993,183.990005,76182
2026-04-24 16:55:00+00:00,184.000000,184.009995,183.779999,183.865005,50009
2026-04-24 17:00:00+00:00,183.865005,183.865005,183.669998,183.699997,83431
2026-04-24 17:05:00+00:00,183.699997,183.729996,183.559006,183.580002,54042
2026-04-24 17:10:00+00:00,183.589996,183.688705,183.559998,183.645004,43889
2026-04-24 17:15:00+00:00,183.649994,183.809998,183.610001,183.669998,94449
2026-04-24 17:20:00+00:00,183.669998,183.880005,183.645004,183.839996,53864
2026-04-24 17:25:00+00:00,183.839996,183.975006,183.839996,183.865005,80334
2026-04-24 17:30:00+00:00,183.860001,183.880005,183.625000,183.634995,65771
2026-04-24 17:35:00+00:00,183.630005,183.804993,183.460007,183.779999,60014
2026-04-24 17:40:00+00:00,183.783203,184.020004,183.764999,184.000000,34974
2026-04-24 17:45:00+00:00,184.024994,184.080002,183.990005,184.009995,30824
2026-04-24 17:50:00+00:00,183.990005,184.009995,183.839996,183.945007,51460
2026-04-24 17:55:00+00:00,183.940002,183.979996,183.809998,183.941193,28520
2026-04-24 18:00:00+00:00,183.970001,184.119995,183.970001,184.109894,32259
2026-04-24 18:05:00+00:00,184.100006,184.184998,184.039993,184.085007,27253
2026-04-24 18:10:00+00:00,184.104996,184.179993,184.020004,184.029999,39905
2026-04-24 18:15:00+00:00,184.039993,184.160004,184.020004,184.160004,32684
2026-04-24 18:20:00+00:00,184.160004,184.169998,184.070007,184.130005,43475
2026-04-24 18:25:00+00:00,184.119995,184.220001,184.119995,184.210007,28317
2026-04-24 18:30:00+00:00,184.220001,184.380005,184.149994,184.169998,63655
2026-04-24 18:35:00+00:00,184.132004,184.179993,184.059998,184.169998,41053
2026-04-24 18:40:00+00:00,184.160004,184.200104,184.035004,184.130005,43177
2026-04-24 18:45:00+00:00,184.119995,184.229996,184.100006,184.119995,43269
2026-04-24 18:50:00+00:00,184.119995,184.169998,183.898499,183.940002,65904
2026-04-24 18:55:00+00:00,183.949997,184.110001,183.910004,184.029999,72116
2026-04-24 19:00:00+00:00,184.070007,184.139999,183.945007,183.979904,89950
2026-04-24 19:05:00+00:00,183.970001,183.979996,183.830002,183.970001,68884
2026-04-24 19:10:00+00:00,183.975006,183.990005,183.869995,183.925003,81293
2026-04-24 19:15:00+00:00,183.919998,184.000000,183.869995,183.960007,77050
2026-04-24 19:20:00+00:00,183.960007,184.020004,183.865005,183.914993,77623
2026-04-24 19:25:00+00:00,183.910004,184.199997,183.910004,184.199997,81367
2026-04-24 19:30:00+00:00,184.195007,184.389999,184.009995,184.080002,126482
2026-04-24 19:35:00+00:00,184.080002,184.244995,183.979996,184.149994,117980
2026-04-24 19:40:00+00:00,184.139999,184.259995,184.095001,184.095001,113130
2026-04-24 19:45:00+00:00,184.100006,184.279999,184.014999,184.240005,132286
2026-04-24 19:50:00+00:00,184.250000,184.639999,184.160004,184.554993,235443
2026-04-24 19:55:00+00:00,184.554993,185.279999,184.550003,185.110001,871012
2026-04-27 13:30:00+00:00,186.190002,188.369995,185.779999,187.500000,422568
2026-04-27 13:35:00+00:00,187.550003,187.610001,186.970001,187.339996,99834
2026-04-27 13:40:00+00:00,187.309998,187.380005,186.690002,186.850006,236000
2026-04-27 13:45:00+00:00,186.848007,187.240005,186.779999,187.089996,101994
2026-04-27 13:50:00+00:00,187.089996,187.679993,186.970001,186.985001,108915
2026-04-27 13:55:00+00:00,186.960007,187.139999,186.875000,187.100006,88573
2026-04-27 14:00:00+00:00,187.110001,187.130005,186.449997,186.539993,115510
2026-04-27 14:05:00+00:00,186.550003,186.940002,186.360001,186.924500,119925
2026-04-27 14:10:00+00:00,186.929993,187.054993,186.789993,186.960007,135636
2026-04-27 14:15:00+00:00,186.960007,187.024994,186.779999,186.970001,140791
2026-04-27 14:20:00+00:00,186.990005,187.000000,186.699997,186.729996,73749
2026-04-27 14:25:00+00:00,186.710007,186.899994,186.600006,186.649994,82204
2026-04-27 14:30:00+00:00,186.649994,186.964996,186.580002,186.589996,89716
2026-04-27 14:35:00+00:00,186.580002,186.580002,186.139999,186.255005,129817
2026-04-27 14:40:00+00:00,186.240005,186.250000,185.429993,185.440002,109048
2026-04-27 14:45:00+00:00,185.445007,185.619995,185.419998,185.520004,84596
2026-04-27 14:50:00+00:00,185.520004,185.600006,185.429993,185.570007,107268
2026-04-27 14:55:00+00:00,185.559998,185.789993,185.520004,185.664993,69961
2026-04-27 15:00:00+00:00,185.660004,186.179901,185.600006,186.110001,94306
2026-04-27 15:05:00+00:00,186.115005,186.130005,185.600006,185.619995,118729
2026-04-27 15:10:00+00:00,185.600006,185.770004,185.529999,185.639999,72454
2026-04-27 15:15:00+00:00,185.660004,185.735001,185.494995,185.559998,89441
2026-04-27 15:20:00+00:00,185.539993,185.764999,185.500000,185.699997,68060
2026-04-27 15:25:00+00:00,185.692001,185.740005,185.470001,185.475006,76037
2026-04-27 15:30:00+00:00,185.479996,185.615005,185.479996,185.490005,59397
2026-04-27 15:35:00+00:00,185.490005,185.514999,185.289993,185.350006,75853
2026-04-27 15:40:00+00:00,185.339996,185.339996,184.880005,184.899994,90184
2026-04-27 15:45:00+00:00,184.914993,184.919998,184.669998,184.710007,87506
2026-04-27 15:50:00+00:00,184.690002,184.845001,184.690002,184.710007,91195
2026-04-27 15:55:00+00:00,184.705002,184.850006,184.639999,184.809998,73187
2026-04-27 16:00:00+00:00,184.815002,184.919998,184.729996,184.839005,66962
2026-04-27 16:05:00+00:00,184.839996,184.899994,184.789993,184.800003,57137
2026-04-27 16:10:00+00:00,184.789993,185.000000,184.764999,184.979996,55292
2026-04-27 16:15:00+00:00,184.990005,184.990005,184.570007,184.580002,74015
2026-04-27 16:20:00+00:00,184.570007,184.710007,184.414993,184.570007,66203
2026-04-27 16:25:00+00:00,184.580002,184.600006,184.179993,184.250000,120899
2026-04-27 16:30:00+00:00,184.259995,184.259995,184.050003,184.205002,104159
2026-04-27 16:35:00+00:00,184.199997,184.229996,183.950104,184.059998,115924
2026-04-27 16:40:00+00:00,184.049896,184.220001,183.964996,184.205002,54295
2026-04-27 16:45:00+00:00,184.195007,184.410004,184.169998,184.339996,76024
2026-04-27 16:50:00+00:00,184.335007,184.365005,184.240005,184.279999,45017
2026-04-27 16:55:00+00:00,184.270004,184.345001,184.220001,184.289993,55835
2026-04-27 17:00:00+00:00,184.294998,184.294998,183.990005,184.070007,69442
2026-04-27 17:05:00+00:00,184.074997,184.149994,183.979996,184.104996,50826
2026-04-27 17:10:00+00:00,184.104996,184.330002,184.104996,184.255096,79487
2026-04-27 17:15:00+00:00,184.255005,184.570007,184.214996,184.559998,42170
2026-04-27 17:20:00+00:00,184.550003,184.710007,184.320007,184.320007,90727
2026-04-27 17:25:00+00:00,184.309998,184.309998,184.080002,184.080002,96627
2026-04-27 17:30:00+00:00,184.050003,184.119995,183.949997,183.964996,89735
2026-04-27 17:35:00+00:00,183.964996,183.974777,183.800003,183.919998,129749
2026-04-27 17:40:00+00:00,183.910004,183.979996,183.800003,183.800003,88529
2026-04-27 17:45:00+00:00,183.820007,183.839996,183.669998,183.710007,108008
2026-04-27 17:50:00+00:00,183.710007,183.824997,183.679993,183.750000,82135
2026-04-27 17:55:00+00:00,183.740005,183.815002,183.679993,183.690002,77408
2026-04-27 18:00:00+00:00,183.710007,184.500000,183.699997,184.485001,101213
2026-04-27 18:05:00+00:00,184.500000,184.710007,184.414993,184.654999,79514
2026-04-27 18:10:00+00:00,184.630005,185.009995,184.610001,184.949997,57516
2026-04-27 18:15:00+00:00,184.955002,185.250000,184.910004,185.179199,81884
2026-04-27 18:20:00+00:00,185.190002,185.380005,185.070007,185.380005,72679
2026-04-27 18:25:00+00:00,185.380005,185.429993,185.195007,185.335007,66070
2026-04-27 18:30:00+00:00,185.335007,185.520004,185.310104,185.479996,52855
2026-04-27 18:35:00+00:00,185.479996,185.580002,185.460007,185.570007,57780
2026-04-27 18:40:00+00:00,185.575104,185.705002,185.559998,185.589996,50615
2026-04-27 18:45:00+00:00,185.604996,185.925003,185.585999,185.889999,61339
2026-04-27 18:50:00+00:00,185.899994,185.939804,185.779999,185.929993,50630
2026-04-27 18:55:00+00:00,185.929993,186.000000,185.804993,185.819901,84005
2026-04-27 19:00:00+00:00,185.809998,185.985001,185.759995,185.940002,110547
2026-04-27 19:05:00+00:00,185.919998,186.009995,185.625000,185.625000,72109
2026-04-27 19:10:00+00:00,185.630005,185.649994,185.389999,185.440002,66365
2026-04-27 19:15:00+00:00,185.449997,185.449997,185.220001,185.259995,66197
2026-04-27 19:20:00+00:00,185.250000,185.399994,185.195007,185.285004,74088
2026-04-27 19:25:00+00:00,185.289993,185.380005,185.214996,185.279999,81149
2026-04-27 19:30:00+00:00,185.279999,185.289993,185.054993,185.059998,104837
2026-04-27 19:35:00+00:00,185.020004,185.190002,184.860001,184.899994,93720
2026-04-27 19:40:00+00:00,184.889999,185.039993,184.789993,184.860001,106729
2026-04-27 19:45:00+00:00,184.860001,185.009995,184.820007,184.910004,106346
2026-04-27 19:50:00+00:00,184.899994,185.429993,184.789993,185.095001,265330
2026-04-27 19:55:00+00:00,185.089996,185.179993,184.750000,184.880005,744358
2026-04-28 13:30:00+00:00,188.279999,188.912201,187.889999,188.145004,686323
2026-04-28 13:35:00+00:00,188.145004,188.240005,187.539993,187.750000,262723
2026-04-28 13:40:00+00:00,187.725006,187.949997,187.119995,187.270004,150734
2026-04-28 13:45:00+00:00,187.309998,187.470001,187.059998,187.059998,206974
2026-04-28 13:50:00+00:00,187.039993,187.104996,186.550003,186.869995,164538
2026-04-28 13:55:00+00:00,186.850006,187.759995,186.809998,187.609100,209990
2026-04-28 14:00:00+00:00,187.649994,187.889999,187.350098,187.524994,199733
2026-04-28 14:05:00+00:00,187.529999,188.214996,187.439896,188.195007,166376
2026-04-28 14:10:00+00:00,188.210007,188.490005,188.130005,188.389999,166632
2026-04-28 14:15:00+00:00,188.389999,188.539993,187.854996,187.959396,138090
2026-04-28 14:20:00+00:00,187.949997,188.009995,187.580002,187.910004,135569
2026-04-28 14:25:00+00:00,187.889999,188.240005,187.669998,188.190002,158914
2026-04-28 14:30:00+00:00,188.210007,188.550003,188.000000,188.449997,250964
2026-04-28 14:35:00+00:00,188.449997,189.190002,188.449997,189.169998,230815
2026-04-28 14:40:00+00:00,189.179993,189.330002,188.589996,188.660004,176795
2026-04-28 14:45:00+00:00,188.639999,189.270004,188.509995,189.244995,205713
2026-04-28 14:50:00+00:00,189.259995,189.440002,188.949997,189.087906,213588
2026-04-28 14:55:00+00:00,189.080002,189.119995,188.460007,188.464996,138485
2026-04-28 15:00:00+00:00,188.460007,188.570007,188.250000,188.300003,138000
2026-04-28 15:05:00+00:00,188.289993,188.940002,188.270004,188.759995,174544
2026-04-28 15:10:00+00:00,188.770004,189.050003,188.720001,188.949997,192962
2026-04-28 15:15:00+00:00,188.970001,189.279999,188.934998,189.255005,121381
2026-04-28 15:20:00+00:00,189.255005,189.610001,189.255005,189.490005,192787
2026-04-28 15:25:00+00:00,189.494995,189.679993,189.479996,189.570007,110116
2026-04-28 15:30:00+00:00,189.570007,189.899994,189.539993,189.860001,116219
2026-04-28 15:35:00+00:00,189.865005,189.960007,189.740005,189.794998,132245
2026-04-28 15:40:00+00:00,189.779999,189.919998,189.550003,189.699997,141667
2026-04-28 15:45:00+00:00,189.679993,189.690002,189.365005,189.449997,97640
2026-04-28 15:50:00+00:00,189.440002,189.449997,189.134995,189.160004,66723
2026-04-28 15:55:00+00:00,189.169998,189.339996,189.169998,189.244995,49628
2026-04-28 16:00:00+00:00,189.229996,189.250000,189.020004,189.179993,75661
2026-04-28 16:05:00+00:00,189.190002,189.294998,189.160004,189.214996,44628
2026-04-28 16:10:00+00:00,189.225098,189.419998,189.214996,189.339996,43100
2026-04-28 16:15:00+00:00,189.339996,189.440002,189.259995,189.330002,40078
2026-04-28 16:20:00+00:00,189.320007,189.369995,189.110001,189.130005,50595
2026-04-28 16:25:00+00:00,189.130005,189.300003,189.092957,189.229996,55122
2026-04-28 16:30:00+00:00,189.210007,189.279999,189.154999,189.279999,52120
2026-04-28 16:35:00+00:00,189.279999,189.339996,189.169998,189.304993,43913
2026-04-28 16:40:00+00:00,189.309998,189.365005,189.250000,189.320007,45829
2026-04-28 16:45:00+00:00,189.309998,189.335007,189.179993,189.309998,58720
2026-04-28 16:50:00+00:00,189.315002,189.380005,189.210007,189.320007,74793
2026-04-28 16:55:00+00:00,189.324997,189.324997,189.059998,189.089996,109576
2026-04-28 17:00:00+00:00,189.065002,189.089996,188.929993,189.020004,72597
2026-04-28 17:05:00+00:00,189.020004,189.020004,188.860001,188.929993,57671
2026-04-28 17:10:00+00:00,188.925003,189.035004,188.889999,189.000000,74364
2026-04-28 17:15:00+00:00,189.005005,189.054993,188.880005,189.029999,56938
2026-04-28 17:20:00+00:00,189.029999,189.039993,188.889999,188.895004,56348
2026-04-28 17:25:00+00:00,188.899994,189.020004,188.869995,188.970001,67485
2026-04-28 17:30:00+00:00,188.970001,189.029999,188.860001,188.910004,59068
2026-04-28 17:35:00+00:00,188.899994,188.949997,188.800003,188.824997,48625
2026-04-28 17:40:00+00:00,188.820007,188.820007,188.649994,188.750000,75586
2026-04-28 17:45:00+00:00,188.744995,188.839996,188.670502,188.670502,54822
2026-04-28 17:50:00+00:00,188.675003,188.710007,188.384995,188.409897,71214
2026-04-28 17:55:00+00:00,188.399902,188.419998,188.300705,188.339996,45031
2026-04-28 18:00:00+00:00,188.339996,188.380005,188.020004,188.100006,94588
2026-04-28 18:05:00+00:00,188.080002,188.160004,187.999893,188.160004,73272
2026-04-28 18:10:00+00:00,188.160004,188.294998,188.149994,188.289993,60346
2026-04-28 18:15:00+00:00,188.289993,188.339996,188.207001,188.250000,104495
2026-04-28 18:20:00+00:00,188.250000,188.285004,188.149994,188.169907,82226
2026-04-28 18:25:00+00:00,188.154999,188.300003,188.100006,188.285004,45724
2026-04-28 18:30:00+00:00,188.289993,188.434998,188.285004,188.399994,66771
2026-04-28 18:35:00+00:00,188.399994,188.426193,188.257004,188.365005,44819
2026-04-28 18:40:00+00:00,188.360001,188.360001,188.250000,188.264603,51499
2026-04-28 18:45:00+00:00,188.259995,188.309998,188.080002,188.100006,70981
2026-04-28 18:50:00+00:00,188.100006,188.100098,187.945007,188.000000,66427
2026-04-28 18:55:00+00:00,188.020004,188.199997,188.020004,188.040298,64203
2026-04-28 19:00:00+00:00,188.039993,188.059998,187.860001,187.860001,79634
2026-04-28 19:05:00+00:00,187.865005,187.949997,187.820007,187.889999,68874
2026-04-28 19:10:00+00:00,187.895004,188.089996,187.800003,188.080002,80434
2026-04-28 19:15:00+00:00,188.100006,188.149902,188.005005,188.089996,70246
2026-04-28 19:20:00+00:00,188.080002,188.214996,188.060699,188.089005,68814
2026-04-28 19:25:00+00:00,188.085007,188.139999,187.964996,188.139999,83007
2026-04-28 19:30:00+00:00,188.149994,188.220001,188.054993,188.115005,82350
2026-04-28 19:35:00+00:00,188.119995,188.300003,187.985001,188.300003,99258
2026-04-28 19:40:00+00:00,188.279999,188.330002,188.104996,188.134995,84626
2026-04-28 19:45:00+00:00,188.119995,188.270004,188.054993,188.240005,98354
2026-04-28 19:50:00+00:00,188.220001,188.220001,187.910004,187.970001,222157
2026-04-28 19:55:00+00:00,187.970001,188.360001,187.949997,188.354996,514001
2026-04-29 13:30:00+00:00,190.130005,191.490005,189.500000,190.350006,527933
2026-04-29 13:35:00+00:00,190.345001,191.050003,189.940002,190.039993,196671
2026-04-29 13:40:00+00:00,190.000000,190.149994,189.600006,189.979996,123933
2026-04-29 13:45:00+00:00,189.960007,190.554993,189.710007,189.770004,142316
2026-04-29 13:50:00+00:00,189.785004,190.309998,189.539993,190.309998,144971
2026-04-29 13:55:00+00:00,190.330002,190.899994,190.309998,190.889999,101421
2026-04-29 14:00:00+00:00,190.899994,191.139999,190.580002,191.035004,166041
2026-04-29 14:05:00+00:00,191.039993,191.199997,190.779999,190.820007,86366
2026-04-29 14:10:00+00:00,190.839996,190.850006,190.455002,190.610001,66589
2026-04-29 14:15:00+00:00,190.570007,190.600006,190.139999,190.210007,68235
2026-04-29 14:20:00+00:00,190.199997,190.380005,190.149994,190.149994,57378
2026-04-29 14:25:00+00:00,190.145004,190.250000,190.000000,190.050003,86163
2026-04-29 14:30:00+00:00,190.035004,190.570007,190.035004,190.139999,82497
2026-04-29 14:35:00+00:00,190.119995,190.160004,190.000000,190.149994,55218
2026-04-29 14:40:00+00:00,190.179092,190.279999,190.020004,190.024994,55471
2026-04-29 14:45:00+00:00,190.024994,190.240005,190.000000,190.240005,55045
2026-04-29 14:50:00+00:00,190.235001,190.330002,190.010101,190.130005,58871
2026-04-29 14:55:00+00:00,190.110001,190.380005,190.100006,190.279999,76904
2026-04-29 15:00:00+00:00,190.285004,190.550003,190.264999,190.500000,67101
2026-04-29 15:05:00+00:00,190.509796,190.554993,190.309998,190.380005,55988
2026-04-29 15:10:00+00:00,190.395004,190.634995,190.335007,190.540100,70466
2026-04-29 15:15:00+00:00,190.559998,190.639999,190.460007,190.544998,51030
2026-04-29 15:20:00+00:00,190.529999,190.574997,190.380005,190.520004,58967
2026-04-29 15:25:00+00:00,190.539993,190.789993,190.535004,190.759995,70921
2026-04-29 15:30:00+00:00,190.750000,190.825104,190.550003,190.660004,111591
2026-04-29 15:35:00+00:00,190.660004,190.750000,190.550003,190.610001,95007
2026-04-29 15:40:00+00:00,190.630005,190.839996,190.565002,190.820007,55430
2026-04-29 15:45:00+00:00,190.815002,190.880005,190.699997,190.869995,72646
2026-04-29 15:50:00+00:00,190.869995,191.330002,190.809998,191.330002,135896
2026-04-29 15:55:00+00:00,191.320007,191.559998,191.250000,191.559998,66503
2026-04-29 16:00:00+00:00,191.550003,191.725006,191.335007,191.625000,96284
2026-04-29 16:05:00+00:00,191.630005,191.940002,191.600006,191.940002,130750
2026-04-29 16:10:00+00:00,191.949997,192.080002,191.839996,191.934998,111973
2026-04-29 16:15:00+00:00,191.910004,192.399994,191.910004,192.360001,119461
2026-04-29 16:20:00+00:00,192.380005,192.410004,192.100098,192.389999,106571
2026-04-29 16:25:00+00:00,192.399994,192.399994,192.240005,192.339996,86557
2026-04-29 16:30:00+00:00,192.345001,192.559998,192.300003,192.429993,157534
2026-04-29 16:35:00+00:00,192.429993,192.619995,191.990005,191.990005,81218
2026-04-29 16:40:00+00:00,191.645004,191.679993,191.425003,191.589996,96496
2026-04-29 16:45:00+00:00,191.600006,191.779999,191.500000,191.759995,40523
2026-04-29 16:50:00+00:00,191.779999,191.809998,191.619995,191.740005,36141
2026-04-29 16:55:00+00:00,191.750000,192.039993,191.729996,191.960007,77951
2026-04-29 17:00:00+00:00,191.940002,192.500000,191.869995,192.440002,130537
2026-04-29 17:05:00+00:00,192.419998,192.419998,192.059998,192.119995,85823
2026-04-29 17:10:00+00:00,192.115005,192.429993,191.979996,192.339905,65687
2026-04-29 17:15:00+00:00,192.324997,192.419998,192.179993,192.289993,50464
2026-04-29 17:20:00+00:00,192.279999,192.279999,191.949997,192.059998,61797
2026-04-29 17:25:00+00:00,191.990005,192.130005,191.860001,191.860001,47475
2026-04-29 17:30:00+00:00,191.860001,191.860001,191.580002,191.645004,88916
2026-04-29 17:35:00+00:00,191.645004,192.039993,191.645004,192.020004,57451
2026-04-29 17:40:00+00:00,192.039993,192.250000,191.960007,192.130005,93504
2026-04-29 17:45:00+00:00,192.119995,192.250000,192.039993,192.089996,54700
2026-04-29 17:50:00+00:00,192.070007,192.100006,191.779999,191.899994,45282
2026-04-29 17:55:00+00:00,191.904999,191.904999,191.679993,191.679993,40319
2026-04-29 18:00:00+00:00,191.679993,191.839996,191.565002,191.779999,60984
2026-04-29 18:05:00+00:00,191.787003,191.880005,191.729996,191.830002,72751
2026-04-29 18:10:00+00:00,191.839996,191.899994,191.710007,191.820007,52602
2026-04-29 18:15:00+00:00,191.830002,191.830002,191.485001,191.520004,52354
2026-04-29 18:20:00+00:00,191.509995,191.520004,191.382004,191.479996,39288
2026-04-29 18:25:00+00:00,191.479996,191.619904,191.419998,191.580002,55954
2026-04-29 18:30:00+00:00,191.580002,191.720001,191.479996,191.512497,65309
2026-04-29 18:35:00+00:00,191.540802,191.559998,191.225006,191.404999,85327
2026-04-29 18:40:00+00:00,191.429993,191.485001,191.270004,191.330002,56172
2026-04-29 18:45:00+00:00,191.309998,191.369995,191.059998,191.070007,76407
2026-04-29 18:50:00+00:00,191.059998,191.479996,190.981003,191.339996,64502
2026-04-29 18:55:00+00:00,191.289993,191.490005,191.229996,191.360001,62689
2026-04-29 19:00:00+00:00,191.369995,191.449997,191.250000,191.449997,60847
2026-04-29 19:05:00+00:00,191.449997,191.589996,191.449997,191.470001,84159
2026-04-29 19:10:00+00:00,191.470001,191.735107,191.320007,191.720001,80208
2026-04-29 19:15:00+00:00,191.725006,191.794998,191.639999,191.750000,71821
2026-04-29 19:20:00+00:00,191.740005,191.824997,191.679993,191.770004,62043
2026-04-29 19:25:00+00:00,191.770004,191.839996,191.619995,191.835007,94913
2026-04-29 19:30:00+00:00,192.000000,192.270004,192.000000,192.130005,129253
2026-04-29 19:35:00+00:00,192.149994,192.205093,191.990005,192.070007,97004
2026-04-29 19:40:00+00:00,192.059998,192.059998,191.720001,191.759995,91057
2026-04-29 19:45:00+00:00,191.729996,192.100006,191.710007,191.960007,97145
2026-04-29 19:50:00+00:00,191.940002,192.179993,191.899994,191.925003,181045
2026-04-29 19:55:00+00:00,191.940002,192.289993,191.929993,192.210007,446670
2026-04-30 13:30:00+00:00,190.250000,191.070007,188.500000,191.029999,432964
2026-04-30 13:35:00+00:00,191.169998,191.600006,190.750000,191.600006,111304
2026-04-30 13:40:00+00:00,191.571640,191.899994,191.429993,191.705002,87448
2026-04-30 13:45:00+00:00,191.789993,192.110001,191.699997,191.949997,121640
2026-04-30 13:50:00+00:00,192.009995,192.220001,191.785004,192.110001,68459
2026-04-30 13:55:00+00:00,192.160004,192.289993,191.669998,191.669998,106544
2026-04-30 14:00:00+00:00,191.630005,191.979996,191.449997,191.550003,112443
2026-04-30 14:05:00+00:00,191.520004,191.800003,191.414993,191.429993,137186
2026-04-30 14:10:00+00:00,191.455002,191.729996,191.080002,191.179993,82217
2026-04-30 14:15:00+00:00,191.139999,191.690002,191.089996,191.520004,100833
2026-04-30 14:20:00+00:00,191.524994,191.755005,191.360001,191.600006,112872
2026-04-30 14:25:00+00:00,191.660004,192.000000,191.634995,191.649994,85324
2026-04-30 14:30:00+00:00,191.664993,192.089996,191.619995,192.070007,103653
2026-04-30 14:35:00+00:00,192.000000,192.509995,191.880005,192.509995,123936
2026-04-30 14:40:00+00:00,192.500000,192.570007,192.119995,192.270004,105783
2026-04-30 14:45:00+00:00,192.259995,192.360001,192.110001,192.358505,69602
2026-04-30 14:50:00+00:00,192.380005,192.550003,192.160004,192.380005,172237
2026-04-30 14:55:00+00:00,192.199997,192.520004,192.199997,192.509995,70742
2026-04-30 15:00:00+00:00,192.520004,193.134995,192.389999,193.125000,115431
2026-04-30 15:05:00+00:00,193.139999,193.169998,192.549713,192.574997,490670
2026-04-30 15:10:00+00:00,192.574997,192.960007,192.574997,192.850006,131801
2026-04-30 15:15:00+00:00,192.859894,192.964996,192.690002,192.860001,53548
2026-04-30 15:20:00+00:00,192.839996,193.294998,192.839996,193.190002,79857
2026-04-30 15:25:00+00:00,193.190002,193.500000,193.190002,193.460007,74976
2026-04-30 15:30:00+00:00,193.455002,193.630005,193.339996,193.630005,104914
2026-04-30 15:35:00+00:00,193.649994,193.845001,193.589996,193.639999,113899
2026-04-30 15:40:00+00:00,193.630203,193.660004,193.369995,193.429993,68432
2026-04-30 15:45:00+00:00,193.419998,193.529999,193.199997,193.199997,52159
2026-04-30 15:50:00+00:00,193.199997,193.330002,193.089996,193.119995,66481
2026-04-30 15:55:00+00:00,193.080002,193.309998,193.070007,193.279999,50800
2026-04-30 16:00:00+00:00,193.270004,193.740005,193.270004,193.600006,76708
2026-04-30 16:05:00+00:00,193.617203,193.740005,193.589996,193.649994,52978
2026-04-30 16:10:00+00:00,193.664993,193.699997,193.509995,193.550003,44330
2026-04-30 16:15:00+00:00,193.570007,193.789993,193.490005,193.700104,44999
2026-04-30 16:20:00+00:00,193.669998,193.839905,193.649994,193.785004,45800
2026-04-30 16:25:00+00:00,193.800003,193.960007,193.800003,193.929993,47013
2026-04-30 16:30:00+00:00,193.929993,194.029999,193.863464,194.029907,69997
2026-04-30 16:35:00+00:00,194.020004,194.054993,193.970001,194.009995,48039
2026-04-30 16:40:00+00:00,194.010406,194.044998,193.869995,193.979996,43572
2026-04-30 16:45:00+00:00,193.975006,194.050003,193.830002,193.860001,71796
2026-04-30 16:50:00+00:00,193.875000,194.020004,193.859497,194.000000,55474
2026-04-30 16:55:00+00:00,194.000000,194.130005,193.979996,194.119995,59822
2026-04-30 17:00:00+00:00,194.119995,194.119995,193.604996,193.615005,49880
2026-04-30 17:05:00+00:00,193.615005,193.660004,193.440002,193.449997,53065
2026-04-30 17:10:00+00:00,193.425003,193.500000,193.229996,193.229996,60143
2026-04-30 17:15:00+00:00,193.229996,193.350006,193.110001,193.240005,71026
2026-04-30 17:20:00+00:00,193.220001,193.235001,193.009995,193.119995,63582
2026-04-30 17:25:00+00:00,193.110001,193.330002,193.050003,193.089996,50882
2026-04-30 17:30:00+00:00,192.860001,192.880005,192.560104,192.630005,112055
2026-04-30 17:35:00+00:00,192.639999,193.154999,192.600006,193.145004,86722
2026-04-30 17:40:00+00:00,193.145004,193.179993,192.940002,192.979996,79013
2026-04-30 17:45:00+00:00,192.960007,192.960007,192.630997,192.729996,86713
2026-04-30 17:50:00+00:00,192.729996,192.899994,192.720001,192.850006,60797
2026-04-30 17:55:00+00:00,192.860001,192.869995,192.720001,192.720001,50291
2026-04-30 18:00:00+00:00,192.710007,192.750000,192.559998,192.559998,73129
2026-04-30 18:05:00+00:00,192.570007,192.860001,192.550003,192.839996,75514
2026-04-30 18:10:00+00:00,192.841507,193.104996,192.839996,193.089996,61854
2026-04-30 18:15:00+00:00,193.095001,193.149994,193.000000,193.149994,59664
2026-04-30 18:20:00+00:00,193.134995,193.339996,193.070007,193.330002,66046
2026-04-30 18:25:00+00:00,193.350006,193.429993,193.294998,193.309998,68349
2026-04-30 18:30:00+00:00,193.320007,193.470001,193.300003,193.339905,72474
2026-04-30 18:35:00+00:00,193.339996,193.490005,193.259995,193.490005,59530
2026-04-30 18:40:00+00:00,193.479996,193.509995,193.380005,193.399994,61830
2026-04-30 18:45:00+00:00,193.399994,193.470001,193.199997,193.289993,63319
2026-04-30 18:50:00+00:00,193.300003,193.339996,193.100006,193.100006,69521
2026-04-30 18:55:00+00:00,193.100006,193.190002,192.899994,192.960007,108056
2026-04-30 19:00:00+00:00,192.949997,192.949997,192.710007,192.729996,90664
2026-04-30 19:05:00+00:00,192.729996,192.796494,192.559998,192.610001,148535
2026-04-30 19:10:00+00:00,192.610001,192.860001,192.550003,192.770004,68968
2026-04-30 19:15:00+00:00,192.750000,192.884995,192.695007,192.779999,76251
2026-04-30 19:20:00+00:00,192.779999,192.979996,192.710007,192.949997,65512
2026-04-30 19:25:00+00:00,192.949997,193.130005,192.900101,193.050003,71684
2026-04-30 19:30:00+00:00,193.059998,193.192505,192.979996,193.192505,92820
2026-04-30 19:35:00+00:00,193.190002,193.500000,193.070007,193.440002,81124
2026-04-30 19:40:00+00:00,193.455002,193.529999,193.380005,193.490005,95183
2026-04-30 19:45:00+00:00,193.479996,193.699997,193.384995,193.399994,143838
2026-04-30 19:50:00+00:00,193.399994,194.009995,193.389999,194.005005,255895
2026-04-30 19:55:00+00:00,194.005005,194.089996,193.339996,193.339996,706731
2026-05-01 13:30:00+00:00,191.300003,193.559998,190.328796,193.389999,608449
2026-05-01 13:35:00+00:00,193.440002,193.940002,192.810104,193.419998,200862
2026-05-01 13:40:00+00:00,193.403122,193.990005,193.020004,193.266800,170700
2026-05-01 13:45:00+00:00,193.139999,194.085007,193.050003,193.460007,127949
2026-05-01 13:50:00+00:00,193.580002,193.919998,192.600006,192.760101,114063
2026-05-01 13:55:00+00:00,192.679993,192.679993,191.392395,191.570007,263351
2026-05-01 14:00:00+00:00,191.419998,191.500000,190.500000,190.975006,138976
2026-05-01 14:05:00+00:00,190.975006,191.262497,190.214996,190.509995,150456
2026-05-01 14:10:00+00:00,190.520004,190.759995,189.839996,190.690002,138528
2026-05-01 14:15:00+00:00,190.699997,191.429993,190.494995,191.140106,229390
2026-05-01 14:20:00+00:00,191.024994,191.440002,190.880005,191.320007,101321
2026-05-01 14:25:00+00:00,191.500000,191.589996,191.130005,191.330002,62585
2026-05-01 14:30:00+00:00,191.270004,191.869995,191.210007,191.399994,101834
2026-05-01 14:35:00+00:00,191.429993,192.029999,191.399994,191.449997,90484
2026-05-01 14:40:00+00:00,191.429993,191.899994,191.410004,191.835007,113198
2026-05-01 14:45:00+00:00,191.869995,191.970001,191.220001,191.514999,97841
2026-05-01 14:50:00+00:00,191.520004,191.800003,191.389999,191.714996,72636
2026-05-01 14:55:00+00:00,191.750000,192.169998,191.615005,192.169998,76977
2026-05-01 15:00:00+00:00,192.190002,192.750000,192.179993,192.500000,70121
2026-05-01 15:05:00+00:00,192.449997,192.679993,192.259995,192.264999,68619
2026-05-01 15:10:00+00:00,192.279999,192.285004,191.690002,191.735001,74730
2026-05-01 15:15:00+00:00,191.711502,191.735001,191.399994,191.455002,56998
2026-05-01 15:20:00+00:00,191.440002,191.440002,191.139999,191.410004,104832
2026-05-01 15:25:00+00:00,191.485001,191.509995,191.139999,191.229996,60632
2026-05-01 15:30:00+00:00,191.199997,191.324997,190.899994,191.324997,379027
2026-05-01 15:35:00+00:00,191.309998,191.445007,191.003998,191.089996,59992
2026-05-01 15:40:00+00:00,191.070007,191.130005,190.800003,190.850006,88174
2026-05-01 15:45:00+00:00,190.809998,190.990005,190.649994,190.750000,56580
2026-05-01 15:50:00+00:00,190.774994,190.839996,190.539993,190.539993,79978
2026-05-01 15:55:00+00:00,190.539993,190.725006,190.289993,190.619995,66584
2026-05-01 16:00:00+00:00,190.630005,190.699997,190.160004,190.179993,265210
2026-05-01 16:05:00+00:00,190.195007,190.411194,190.080002,190.300003,62695
2026-05-01 16:10:00+00:00,190.329895,190.329895,190.020004,190.149994,48311
2026-05-01 16:15:00+00:00,190.164993,190.380005,190.020004,190.279999,53484
2026-05-01 16:20:00+00:00,190.259995,190.500000,190.214996,190.479996,178980
2026-05-01 16:25:00+00:00,190.479996,190.509995,190.210007,190.235001,111716
2026-05-01 16:30:00+00:00,190.199997,190.399994,189.925003,189.934998,184606
2026-05-01 16:35:00+00:00,189.934998,190.220001,189.830002,190.119995,118606
2026-05-01 16:40:00+00:00,190.139999,190.220001,190.029999,190.190002,63384
2026-05-01 16:45:00+00:00,190.203644,190.279999,190.054993,190.229996,64984
2026-05-01 16:50:00+00:00,190.225006,190.259995,190.050003,190.061005,71960
2026-05-01 16:55:00+00:00,190.054993,190.360001,190.009995,190.350006,48317
2026-05-01 17:00:00+00:00,190.347504,190.369995,190.230103,190.320007,45326
2026-05-01 17:05:00+00:00,190.309998,190.309998,189.830002,189.895004,65543
2026-05-01 17:10:00+00:00,189.891006,189.999893,189.744995,189.809998,55505
2026-05-01 17:15:00+00:00,189.800003,190.110001,189.794998,190.029999,47456
2026-05-01 17:20:00+00:00,190.009995,190.070007,189.809998,189.910004,38296
2026-05-01 17:25:00+00:00,189.919998,190.289993,189.899994,190.250000,41203
2026-05-01 17:30:00+00:00,190.250000,190.500000,190.229996,190.500000,103934
2026-05-01 17:35:00+00:00,190.500000,190.559998,190.199997,190.419998,112645
2026-05-01 17:40:00+00:00,190.419998,190.750000,190.380096,190.610001,128164
2026-05-01 17:45:00+00:00,190.610001,190.729996,190.472504,190.589996,319167
2026-05-01 17:50:00+00:00,190.619995,190.769897,190.460098,190.509995,74128
2026-05-01 17:55:00+00:00,190.509995,190.720001,190.429993,190.690002,51700
2026-05-01 18:00:00+00:00,190.709900,190.710007,190.020004,190.289993,71170
2026-05-01 18:05:00+00:00,190.274994,190.460007,190.210007,190.460007,49294
2026-05-01 18:10:00+00:00,190.460007,190.625000,190.380005,190.625000,37765
2026-05-01 18:15:00+00:00,190.630005,191.000000,190.509995,190.940002,89590
2026-05-01 18:20:00+00:00,190.940002,190.940002,190.520004,190.539993,108628
2026-05-01 18:25:00+00:00,190.529999,190.860001,190.529999,190.800003,56421
2026-05-01 18:30:00+00:00,190.789993,190.960007,190.639999,190.684998,60176
2026-05-01 18:35:00+00:00,190.639999,190.789993,190.630005,190.630005,55751
2026-05-01 18:40:00+00:00,190.630005,190.820007,190.610001,190.740005,55615
2026-05-01 18:45:00+00:00,190.750000,190.860001,190.740005,190.830002,42092
2026-05-01 18:50:00+00:00,190.830002,190.899994,190.750000,190.815002,48417
2026-05-01 18:55:00+00:00,190.934998,190.979996,190.804993,190.899994,66879
2026-05-01 19:00:00+00:00,190.899994,190.979996,190.720001,190.720001,70300
2026-05-01 19:05:00+00:00,190.729996,190.809998,190.550003,190.684998,149237
2026-05-01 19:10:00+00:00,190.690002,190.800003,190.580002,190.654999,87844
2026-05-01 19:15:00+00:00,190.660004,190.750000,190.630005,190.750000,98639
2026-05-01 19:20:00+00:00,190.750000,190.809998,190.630005,190.679993,101034
2026-05-01 19:25:00+00:00,190.705002,190.860001,190.580002,190.595001,143480
2026-05-01 19:30:00+00:00,190.570007,190.869995,190.479996,190.695007,81900
2026-05-01 19:35:00+00:00,190.690002,190.725006,190.500000,190.595001,76512
2026-05-01 19:40:00+00:00,190.589996,190.619995,190.270706,190.379898,198074
2026-05-01 19:45:00+00:00,190.350006,190.919998,190.350006,190.847000,133894
2026-05-01 19:50:00+00:00,190.850006,191.149994,190.539993,190.720001,284459
2026-05-01 19:55:00+00:00,190.690002,190.940002,190.589996,190.619995,414304
2026-05-04 13:30:00+00:00,190.850006,190.970001,188.119995,188.119995,355369
2026-05-04 13:35:00+00:00,188.169998,188.910004,187.972000,188.500000,168081
2026-05-04 13:40:00+00:00,188.512482,189.610001,188.404999,189.600006,87383
2026-05-04 13:45:00+00:00,189.710007,189.710007,188.360001,188.451797,108660
2026-05-04 13:50:00+00:00,188.490005,189.809998,188.490005,189.440002,109742
2026-05-04 13:55:00+00:00,189.449997,190.380005,189.449997,190.119995,69330
2026-05-04 14:00:00+00:00,190.160004,190.384995,189.789993,190.000000,131887
2026-05-04 14:05:00+00:00,189.990005,190.520004,189.990005,190.500000,167583
2026-05-04 14:10:00+00:00,190.500000,190.500000,189.919998,190.300003,74169
2026-05-04 14:15:00+00:00,190.309998,190.740005,190.250000,190.309998,82724
2026-05-04 14:20:00+00:00,190.309998,191.039993,190.259995,191.020004,179189
2026-05-04 14:25:00+00:00,191.039993,191.639999,191.029999,191.619995,109820
2026-05-04 14:30:00+00:00,191.610001,191.654999,190.830002,190.860001,93616
2026-05-04 14:35:00+00:00,190.800003,190.850006,190.460007,190.460007,44094
2026-05-04 14:40:00+00:00,190.460007,190.559998,190.365005,190.449997,72614
2026-05-04 14:45:00+00:00,190.464996,190.589996,190.350006,190.470001,68422
2026-05-04 14:50:00+00:00,190.485001,190.612396,190.369995,190.419998,72743
2026-05-04 14:55:00+00:00,190.330002,190.660004,190.304993,190.550003,97122
2026-05-04 15:00:00+00:00,190.600006,190.699997,190.220001,190.360001,53123
2026-05-04 15:05:00+00:00,190.360001,190.369995,190.050003,190.259995,60604
2026-05-04 15:10:00+00:00,190.300003,190.574997,190.229996,190.529297,54439
2026-05-04 15:15:00+00:00,190.529999,190.990005,190.490005,190.949997,300169
2026-05-04 15:20:00+00:00,190.949997,191.500000,190.870102,191.449997,126107
2026-05-04 15:25:00+00:00,191.449997,191.479996,191.110001,191.389999,57931
2026-05-04 15:30:00+00:00,191.395004,191.850006,191.365005,191.479996,104512
2026-05-04 15:35:00+00:00,191.490005,192.360001,191.490005,192.339996,137374
2026-05-04 15:40:00+00:00,192.380005,192.660004,191.880005,191.899994,166585
2026-05-04 15:45:00+00:00,191.919998,192.020004,191.660004,191.830002,77972
2026-05-04 15:50:00+00:00,191.850006,192.080002,191.475006,191.479996,89359
2026-05-04 15:55:00+00:00,191.500000,191.934998,191.440002,191.770004,75505
2026-05-04 16:00:00+00:00,191.740005,191.919998,191.729996,191.830002,63963
2026-05-04 16:05:00+00:00,191.850006,193.000000,191.850006,192.059998,220880
2026-05-04 16:10:00+00:00,192.080002,192.500000,191.949997,192.399994,85289
2026-05-04 16:15:00+00:00,192.399994,192.824997,192.089996,192.089996,105470
2026-05-04 16:20:00+00:00,192.074997,192.119995,191.839996,192.020004,47006
2026-05-04 16:25:00+00:00,191.979996,192.009995,191.750000,191.889999,45189
2026-05-04 16:30:00+00:00,191.880005,192.434998,191.880005,192.274994,63680
2026-05-04 16:35:00+00:00,192.289993,192.519897,192.179993,192.300003,60714
2026-05-04 16:40:00+00:00,192.255005,192.404999,192.199997,192.264999,55151
2026-05-04 16:45:00+00:00,192.250000,192.600006,192.240097,192.589996,89158
2026-05-04 16:50:00+00:00,192.595001,192.839996,192.554993,192.779999,70378
2026-05-04 16:55:00+00:00,192.770004,192.809998,192.645004,192.744995,40045
2026-05-04 17:00:00+00:00,192.770004,192.839996,192.350006,192.750000,65437
2026-05-04 17:05:00+00:00,192.759995,193.270004,192.750000,193.259995,63341
2026-05-04 17:10:00+00:00,193.300003,193.710007,193.270004,193.630005,88951
2026-05-04 17:15:00+00:00,193.610001,193.630005,192.580002,192.615005,135634
2026-05-04 17:20:00+00:00,192.612503,192.949997,192.479996,192.820007,84264
2026-05-04 17:25:00+00:00,192.889999,193.000000,192.580002,192.660004,47820
2026-05-04 17:30:00+00:00,192.619995,192.792496,192.529999,192.750000,41415
2026-05-04 17:35:00+00:00,192.770004,192.770004,192.571793,192.639999,35209
2026-05-04 17:40:00+00:00,192.664993,192.729996,192.380005,192.380005,40193
2026-05-04 17:45:00+00:00,192.369995,192.660004,192.369995,192.619995,40734
2026-05-04 17:50:00+00:00,192.600006,192.605103,192.454193,192.520004,30817
2026-05-04 17:55:00+00:00,192.520004,192.630005,192.464996,192.550003,55360
2026-05-04 18:00:00+00:00,192.559998,192.559998,192.190094,192.365005,52140
2026-05-04 18:05:00+00:00,192.350006,192.350006,192.059998,192.149994,47656
2026-05-04 18:10:00+00:00,192.195007,192.279999,192.080002,192.169998,84323
2026-05-04 18:15:00+00:00,192.190002,192.429993,192.110001,192.414993,36020
2026-05-04 18:20:00+00:00,192.414993,192.440002,192.240005,192.244995,62477
2026-05-04 18:25:00+00:00,192.259995,192.354996,192.160004,192.179993,45077
2026-05-04 18:30:00+00:00,192.164993,192.250000,192.080002,192.220001,55022
2026-05-04 18:35:00+00:00,192.222672,192.509995,192.199997,192.479996,79039
2026-05-04 18:40:00+00:00,192.485306,192.610001,192.449997,192.595001,39540
2026-05-04 18:45:00+00:00,192.595001,192.639999,192.350006,192.350006,56697
2026-05-04 18:50:00+00:00,192.350006,192.369995,192.220093,192.330002,46876
2026-05-04 18:55:00+00:00,192.330002,192.369995,192.080002,192.100006,51863
2026-05-04 19:00:00+00:00,192.080002,192.350006,192.009995,192.350006,55443
2026-05-04 19:05:00+00:00,192.369995,192.414993,191.660004,191.684998,82159
2026-05-04 19:10:00+00:00,191.679993,192.112503,191.639999,192.054993,53465
2026-05-04 19:15:00+00:00,192.089996,192.225006,191.949997,192.225006,59703
2026-05-04 19:20:00+00:00,192.220001,192.279999,191.810104,191.889999,111979
2026-05-04 19:25:00+00:00,191.899994,191.899994,191.789993,191.884995,72037
2026-05-04 19:30:00+00:00,191.880005,191.970001,191.740005,191.945007,58853
2026-05-04 19:35:00+00:00,191.960007,192.169998,191.839996,192.080002,0
2026-05-04 19:40:00+00:00,192.039993,192.149994,191.880005,192.035004,6326437
2026-05-04 19:45:00+00:00,192.000000,192.100006,191.979996,192.089996,61472
2026-05-04 19:50:00+00:00,192.089996,192.119995,191.880005,191.985001,131183
2026-05-04 19:55:00+00:00,192.029999,192.509995,192.029999,192.350006,370679
2026-05-05 13:30:00+00:00,191.220001,191.884995,190.470093,191.029999,289274
2026-05-05 13:35:00+00:00,190.970001,191.699997,190.449997,191.695007,96356
2026-05-05 13:40:00+00:00,191.750000,191.940002,191.210007,191.339996,83729
2026-05-05 13:45:00+00:00,191.244995,191.414993,190.960007,191.289993,70099
2026-05-05 13:50:00+00:00,191.250000,191.889999,191.170105,191.824997,100940
2026-05-05 13:55:00+00:00,191.789993,191.789993,191.509995,191.630005,46837
2026-05-05 14:00:00+00:00,191.589996,191.589996,190.919998,191.110001,54088
2026-05-05 14:05:00+00:00,191.110001,191.610001,191.100006,191.350006,65361
2026-05-05 14:10:00+00:00,191.320007,192.154999,191.244995,192.154999,82863
2026-05-05 14:15:00+00:00,192.190002,192.699997,192.190002,192.699997,76887
2026-05-05 14:20:00+00:00,192.675003,192.675003,191.990005,192.029999,53127
2026-05-05 14:25:00+00:00,192.012497,192.020004,191.740005,191.860001,32224
2026-05-05 14:30:00+00:00,191.830002,191.830002,191.399994,191.479996,39292
2026-05-05 14:35:00+00:00,191.509995,192.054993,191.419998,192.054993,43041
2026-05-05 14:40:00+00:00,192.100006,192.184998,191.600906,191.770004,37867
2026-05-05 14:45:00+00:00,191.820007,192.289993,191.679993,192.130005,53305
2026-05-05 14:50:00+00:00,192.164993,192.389999,192.009995,192.009995,65016
2026-05-05 14:55:00+00:00,192.009995,192.057495,191.570007,191.639999,48632
2026-05-05 15:00:00+00:00,191.660004,191.867996,191.570007,191.669998,38765
2026-05-05 15:05:00+00:00,191.679993,191.850006,191.574997,191.619995,45903
2026-05-05 15:10:00+00:00,191.610001,191.928696,191.554993,191.785004,51663
2026-05-05 15:15:00+00:00,191.830002,192.289993,191.759995,192.289993,78155
2026-05-05 15:20:00+00:00,192.300003,192.425003,192.229996,192.369995,105228
2026-05-05 15:25:00+00:00,192.389999,192.824997,192.315002,192.589996,52904
2026-05-05 15:30:00+00:00,192.604996,192.720001,192.470001,192.669998,26213
2026-05-05 15:35:00+00:00,192.660004,192.660004,192.199997,192.279999,42441
2026-05-05 15:40:00+00:00,192.220001,192.375000,192.210007,192.375000,31257
2026-05-05 15:45:00+00:00,192.440002,192.449997,192.225006,192.384995,26932
2026-05-05 15:50:00+00:00,192.380005,192.550003,192.369995,192.550003,34794
2026-05-05 15:55:00+00:00,192.550003,193.020004,192.539993,193.000000,54564
2026-05-05 16:00:00+00:00,193.110001,193.184998,193.001007,193.085007,48998
2026-05-05 16:05:00+00:00,193.080002,193.220001,192.960007,193.009995,34384
2026-05-05 16:10:00+00:00,193.005005,193.369995,193.005005,193.339996,35490
2026-05-05 16:15:00+00:00,193.339996,193.414993,193.290100,193.339996,32806
2026-05-05 16:20:00+00:00,193.360001,193.419998,193.279999,193.410004,20257
2026-05-05 16:25:00+00:00,193.410004,193.550003,193.367996,193.389999,33179
2026-05-05 16:30:00+00:00,193.420105,193.589996,193.360001,193.360001,42170
2026-05-05 16:35:00+00:00,193.339996,193.339996,193.139999,193.264999,28973
2026-05-05 16:40:00+00:00,193.270004,193.399994,193.119995,193.119995,24285
2026-05-05 16:45:00+00:00,193.139999,193.184998,193.050003,193.095001,23019
2026-05-05 16:50:00+00:00,193.100006,193.145142,193.070007,193.089996,17463
2026-05-05 16:55:00+00:00,193.089996,193.089996,192.854996,192.925003,37662
2026-05-05 17:00:00+00:00,192.925003,192.949997,192.789993,192.845001,42895
2026-05-05 17:05:00+00:00,192.889999,193.035004,192.830002,192.979996,26793
2026-05-05 17:10:00+00:00,193.020004,193.119995,192.669998,192.759995,38979
2026-05-05 17:15:00+00:00,192.750000,192.779999,192.679993,192.779999,25505
2026-05-05 17:20:00+00:00,192.759995,192.759995,192.600006,192.630005,30481
2026-05-05 17:25:00+00:00,192.654999,192.710007,192.470993,192.479996,54055
2026-05-05 17:30:00+00:00,192.500000,192.615005,192.369995,192.389999,27808
2026-05-05 17:35:00+00:00,192.485001,192.539993,192.399994,192.505005,31298
2026-05-05 17:40:00+00:00,192.490005,192.610001,192.339996,192.589996,59431
2026-05-05 17:45:00+00:00,192.595001,192.875000,192.595001,192.854996,63957
2026-05-05 17:50:00+00:00,192.850006,192.949997,192.809998,192.934998,25802
2026-05-05 17:55:00+00:00,192.940002,192.990005,192.820007,192.910004,41485
2026-05-05 18:00:00+00:00,192.919998,193.039993,192.815002,192.949997,45644
2026-05-05 18:05:00+00:00,192.945007,193.035004,192.800003,193.029999,46992
2026-05-05 18:10:00+00:00,193.100006,193.199997,193.039993,193.195007,59097
2026-05-05 18:15:00+00:00,193.199997,193.300003,193.110001,193.250000,53158
2026-05-05 18:20:00+00:00,193.235001,193.500000,193.199997,193.425003,80294
2026-05-05 18:25:00+00:00,193.410004,193.410095,193.260101,193.279999,36330
2026-05-05 18:30:00+00:00,193.279999,193.389999,193.210007,193.289993,44204
2026-05-05 18:35:00+00:00,193.280396,193.320007,193.100006,193.149994,33129
2026-05-05 18:40:00+00:00,193.115005,193.270004,193.080002,193.214996,24004
2026-05-05 18:45:00+00:00,193.229996,193.240005,193.029999,193.220001,49505
2026-05-05 18:50:00+00:00,193.210007,193.324997,193.130005,193.220001,37179
2026-05-05 18:55:00+00:00,193.182495,193.229996,193.074997,193.074997,24578
2026-05-05 19:00:00+00:00,193.080002,193.119995,192.945007,192.979996,46804
2026-05-05 19:05:00+00:00,192.990005,193.164993,192.970093,193.164993,33622
2026-05-05 19:10:00+00:00,193.169998,193.350006,193.089996,193.330002,56647
2026-05-05 19:15:00+00:00,193.309998,193.389999,193.259995,193.360001,54167
2026-05-05 19:20:00+00:00,193.360001,193.580002,193.330002,193.580002,65176
2026-05-05 19:25:00+00:00,193.580002,193.639999,193.475006,193.539993,65360
2026-05-05 19:30:00+00:00,193.570007,193.660004,193.500000,193.649994,50980
2026-05-05 19:35:00+00:00,193.649994,193.664993,193.470001,193.570007,71151
2026-05-05 19:40:00+00:00,193.419998,193.570007,193.240097,193.289993,44992
2026-05-05 19:45:00+00:00,193.279999,193.350006,192.850006,192.850006,95680
2026-05-05 19:50:00+00:00,192.889999,193.029999,192.729996,192.979996,138370
2026-05-05 19:55:00+00:00,192.970001,193.039993,192.509995,192.660004,329929
2026-05-06 13:30:00+00:00,185.585007,186.699997,185.119995,185.774994,735222
2026-05-06 13:35:00+00:00,185.774994,186.774994,185.449997,185.490005,261335
2026-05-06 13:40:00+00:00,185.479996,186.639999,185.311401,186.470001,221336
2026-05-06 13:45:00+00:00,186.500000,186.500000,185.535004,185.649994,125755
2026-05-06 13:50:00+00:00,185.639999,185.869995,185.009995,185.190002,170571
2026-05-06 13:55:00+00:00,185.229996,185.710007,184.699997,184.699997,166887
2026-05-06 14:00:00+00:00,184.740005,184.979996,184.539993,184.679993,154363
2026-05-06 14:05:00+00:00,184.669998,185.050003,184.130005,184.139999,167012
2026-05-06 14:10:00+00:00,184.110001,184.259995,183.240005,183.270004,161417
2026-05-06 14:15:00+00:00,183.274994,183.940002,183.134995,183.850006,164349
2026-05-06 14:20:00+00:00,183.809998,184.309998,183.589996,184.300003,129011
2026-05-06 14:25:00+00:00,184.320007,184.705002,183.979996,184.699997,215125
2026-05-06 14:30:00+00:00,184.710007,184.710007,183.920105,183.970093,112556
2026-05-06 14:35:00+00:00,183.985001,184.649994,183.985001,184.509995,82265
2026-05-06 14:40:00+00:00,184.479996,184.904999,184.369995,184.369995,101534
2026-05-06 14:45:00+00:00,184.384995,184.654999,184.300003,184.369995,99330
2026-05-06 14:50:00+00:00,184.350006,184.669998,184.279999,184.550003,66798
2026-05-06 14:55:00+00:00,184.559998,184.612503,184.339996,184.529999,87137
2026-05-06 15:00:00+00:00,184.485001,184.550003,184.233002,184.419998,85990
2026-05-06 15:05:00+00:00,184.500000,184.550003,184.220093,184.300003,106185
2026-05-06 15:10:00+00:00,184.281799,184.714996,184.179993,184.470001,99733
2026-05-06 15:15:00+00:00,184.475006,184.589996,184.190002,184.440002,75365
2026-05-06 15:20:00+00:00,184.449997,184.570007,184.270004,184.330002,158171
2026-05-06 15:25:00+00:00,184.300003,184.300003,183.870102,184.044998,123153
2026-05-06 15:30:00+00:00,184.009995,184.119995,183.854996,183.919998,193611
2026-05-06 15:35:00+00:00,183.990005,184.190002,183.822800,184.134995,73696
2026-05-06 15:40:00+00:00,184.104996,184.160004,183.820007,183.869995,121982
2026-05-06 15:45:00+00:00,183.940002,183.990005,183.554993,183.865005,105178
2026-05-06 15:50:00+00:00,183.854996,184.039993,183.759995,183.800003,55903
2026-05-06 15:55:00+00:00,183.759995,184.095001,183.740005,183.809998,63654
2026-05-06 16:00:00+00:00,183.820007,184.009796,183.809998,183.970001,64959
2026-05-06 16:05:00+00:00,184.012497,184.300003,183.960007,184.300003,60137
2026-05-06 16:10:00+00:00,184.285004,184.330002,183.985001,183.985001,73744
2026-05-06 16:15:00+00:00,183.990005,184.315002,183.960007,184.290100,49169
2026-05-06 16:20:00+00:00,184.315002,184.529999,184.190002,184.529999,92873
2026-05-06 16:25:00+00:00,184.509995,184.664993,184.419998,184.660004,52307
2026-05-06 16:30:00+00:00,184.649994,184.809998,184.600006,184.809998,86911
2026-05-06 16:35:00+00:00,184.839996,184.979996,184.800003,184.809998,48034
2026-05-06 16:40:00+00:00,184.850006,185.169998,184.820007,185.164993,74962
2026-05-06 16:45:00+00:00,185.160004,185.270004,185.089996,185.255005,51451
2026-05-06 16:50:00+00:00,185.289993,185.320007,185.110001,185.315002,72156
2026-05-06 16:55:00+00:00,185.330002,185.475006,185.240005,185.279999,44129
2026-05-06 17:00:00+00:00,185.289993,185.384995,185.100006,185.142502,64728
2026-05-06 17:05:00+00:00,185.119995,185.279999,185.089996,185.270004,56835
2026-05-06 17:10:00+00:00,185.259995,185.259995,185.039993,185.039993,61566
2026-05-06 17:15:00+00:00,185.070007,185.220001,184.919998,184.964996,51471
2026-05-06 17:20:00+00:00,184.970001,185.005005,184.820007,184.990097,46069
2026-05-06 17:25:00+00:00,185.000000,185.070007,184.850006,184.860001,203926
2026-05-06 17:30:00+00:00,184.865005,185.005005,184.850006,184.919998,42610
2026-05-06 17:35:00+00:00,184.919998,185.169998,184.880005,185.119995,60040
2026-05-06 17:40:00+00:00,185.110001,185.110001,184.850006,184.871002,42716
2026-05-06 17:45:00+00:00,184.889999,185.179596,184.889999,185.110107,44176
2026-05-06 17:50:00+00:00,185.119995,185.210007,185.020004,185.100006,42638
2026-05-06 17:55:00+00:00,185.119995,185.179993,185.039993,185.149994,37424
2026-05-06 18:00:00+00:00,185.154999,185.229996,185.000000,185.085007,53628
2026-05-06 18:05:00+00:00,185.089996,185.115005,184.800003,184.839996,58819
2026-05-06 18:10:00+00:00,184.809998,184.860001,184.509995,184.589996,119582
2026-05-06 18:15:00+00:00,184.604996,184.619995,184.210007,184.279999,63475
2026-05-06 18:20:00+00:00,184.289993,184.490005,184.250000,184.470001,72254
2026-05-06 18:25:00+00:00,184.490005,184.669998,184.429993,184.600006,54245
2026-05-06 18:30:00+00:00,184.580002,184.610001,184.029999,184.029999,115971
2026-05-06 18:35:00+00:00,184.050003,184.089996,183.729996,183.735001,89204
2026-05-06 18:40:00+00:00,183.729996,184.149994,183.675003,184.139999,62359
2026-05-06 18:45:00+00:00,184.119995,184.205002,183.889999,184.139999,48113
2026-05-06 18:50:00+00:00,184.179993,184.389999,184.139999,184.315002,46696
2026-05-06 18:55:00+00:00,184.315002,184.770004,184.315002,184.770004,97603
2026-05-06 19:00:00+00:00,184.789993,185.080002,184.649994,184.940002,121207
2026-05-06 19:05:00+00:00,184.959000,185.020004,184.639999,184.660095,99963
2026-05-06 19:10:00+00:00,184.660004,184.880005,184.434998,184.604996,82127
2026-05-06 19:15:00+00:00,184.570007,184.639999,184.429993,184.580002,60923
2026-05-06 19:20:00+00:00,184.580002,184.919998,184.509995,184.809998,83996
2026-05-06 19:25:00+00:00,184.830002,184.949997,184.589996,184.744995,100432
2026-05-06 19:30:00+00:00,184.615005,184.899994,184.610001,184.899994,91295
2026-05-06 19:35:00+00:00,184.889999,185.052505,184.839996,185.000000,116558
2026-05-06 19:40:00+00:00,184.997498,185.119995,184.669998,185.119995,116827
2026-05-06 19:45:00+00:00,185.110001,185.229996,184.869995,185.134995,161130
2026-05-06 19:50:00+00:00,185.160004,185.625000,185.160004,185.395004,209137
2026-05-06 19:55:00+00:00,185.380005,185.419998,185.050003,185.130005,587169
2026-05-07 13:30:00+00:00,181.580002,181.889999,180.315002,181.289993,611443
2026-05-07 13:35:00+00:00,181.309998,181.869904,181.169998,181.399994,234731
2026-05-07 13:40:00+00:00,181.312958,181.814499,181.000000,181.720001,169794
2026-05-07 13:45:00+00:00,181.720001,182.080002,181.330002,181.520996,101320
2026-05-07 13:50:00+00:00,181.520004,181.880005,181.380005,181.494995,144224
2026-05-07 13:55:00+00:00,181.485001,181.809998,181.240005,181.250000,95098
2026-05-07 14:00:00+00:00,181.240005,181.240005,180.619995,180.710007,166488
2026-05-07 14:05:00+00:00,180.699997,180.910004,180.460007,180.460007,188307
2026-05-07 14:10:00+00:00,180.464996,180.580002,180.250000,180.300003,153422
2026-05-07 14:15:00+00:00,180.309998,180.789993,180.289993,180.585007,141444
2026-05-07 14:20:00+00:00,180.570007,180.570007,180.110001,180.365005,169562
2026-05-07 14:25:00+00:00,180.339996,180.479996,179.539993,179.729996,284582
2026-05-07 14:30:00+00:00,179.729996,179.985001,179.630005,179.940002,143603
2026-05-07 14:35:00+00:00,179.929993,180.210007,179.550003,179.550003,170157
2026-05-07 14:40:00+00:00,179.589996,180.000000,179.529999,179.880005,180508
2026-05-07 14:45:00+00:00,179.850006,179.970001,179.589996,179.804993,92770
2026-05-07 14:50:00+00:00,179.869995,180.190002,179.869995,180.009995,146329
2026-05-07 14:55:00+00:00,180.024094,180.240005,179.750000,180.100006,79397
2026-05-07 15:00:00+00:00,180.080002,180.524994,180.059998,180.524994,99037
2026-05-07 15:05:00+00:00,180.524994,180.669998,180.395004,180.395004,93886
2026-05-07 15:10:00+00:00,180.369995,180.690002,180.285004,180.550003,359616
2026-05-07 15:15:00+00:00,180.570007,180.699997,180.419998,180.660004,109967
2026-05-07 15:20:00+00:00,180.649994,180.770004,180.550003,180.710007,89329
2026-05-07 15:25:00+00:00,180.695999,181.009995,180.559998,180.880005,192858
2026-05-07 15:30:00+00:00,180.929993,180.945007,180.550003,180.869995,171294
2026-05-07 15:35:00+00:00,180.850006,180.880005,180.630005,180.755096,61433
2026-05-07 15:40:00+00:00,180.750000,180.860001,180.710007,180.729996,60108
2026-05-07 15:45:00+00:00,180.669998,180.789993,180.615005,180.679993,89244
2026-05-07 15:50:00+00:00,180.679993,181.070007,180.679993,180.949997,95355
2026-05-07 15:55:00+00:00,180.960007,181.574997,180.945007,181.404999,108574
2026-05-07 16:00:00+00:00,181.440002,181.520004,181.309998,181.380005,91322
2026-05-07 16:05:00+00:00,181.399994,181.559998,181.369995,181.480103,76386
2026-05-07 16:10:00+00:00,181.479996,181.770004,181.360001,181.690002,92722
2026-05-07 16:15:00+00:00,181.699997,182.164993,181.699997,182.160004,92427
2026-05-07 16:20:00+00:00,182.190002,182.240005,181.770004,181.951996,125942
2026-05-07 16:25:00+00:00,181.949997,181.949997,181.619995,181.619995,98836
2026-05-07 16:30:00+00:00,181.600006,181.880005,181.595001,181.755005,83714
2026-05-07 16:35:00+00:00,181.744995,181.970001,181.729996,181.919998,52295
2026-05-07 16:40:00+00:00,181.940002,182.089996,181.850006,181.955002,61204
2026-05-07 16:45:00+00:00,181.949997,182.470001,181.949997,182.419998,118864
2026-05-07 16:50:00+00:00,182.419998,182.529907,182.320007,182.449997,73881
2026-05-07 16:55:00+00:00,182.330002,182.649994,182.330002,182.475006,53854
2026-05-07 17:00:00+00:00,182.419998,182.709900,182.354996,182.589996,76501
2026-05-07 17:05:00+00:00,182.589996,182.829895,182.550003,182.809998,124939
2026-05-07 17:10:00+00:00,182.839996,182.899994,182.720001,182.729996,66312
2026-05-07 17:15:00+00:00,182.750000,183.050003,182.610001,182.649994,67338
2026-05-07 17:20:00+00:00,182.649994,182.729996,182.429993,182.479996,76476
2026-05-07 17:25:00+00:00,182.500000,183.190002,182.389999,183.020004,135609
2026-05-07 17:30:00+00:00,183.070007,183.440002,182.880005,183.139999,120903
2026-05-07 17:35:00+00:00,183.119995,183.259995,182.880005,182.940002,105683
2026-05-07 17:40:00+00:00,182.934998,182.940002,182.600006,182.725098,96977
2026-05-07 17:45:00+00:00,182.725006,183.029999,182.720001,182.955002,72761
2026-05-07 17:50:00+00:00,182.979996,183.070007,182.759995,182.770004,57048
2026-05-07 17:55:00+00:00,182.729996,182.809998,182.390106,182.470001,70915
2026-05-07 18:00:00+00:00,182.470001,182.529999,182.089996,182.139999,79084
2026-05-07 18:05:00+00:00,182.130005,182.369995,182.029999,182.360001,141634
2026-05-07 18:10:00+00:00,182.365005,182.419907,182.110001,182.214996,53264
2026-05-07 18:15:00+00:00,182.190002,182.329895,182.074997,182.175003,57367
2026-05-07 18:20:00+00:00,182.149994,182.410004,182.149994,182.399994,39714
2026-05-07 18:25:00+00:00,182.419998,182.500000,182.259995,182.419998,50467
2026-05-07 18:30:00+00:00,182.429993,182.470001,182.320007,182.410004,80021
2026-05-07 18:35:00+00:00,182.419998,182.509995,182.304993,182.304993,48423
2026-05-07 18:40:00+00:00,182.300003,182.649994,182.274994,182.630005,69443
2026-05-07 18:45:00+00:00,182.604996,182.660004,182.440002,182.550003,59985
2026-05-07 18:50:00+00:00,182.570007,182.729996,182.509995,182.699997,62029
2026-05-07 18:55:00+00:00,182.684998,182.750000,182.384995,182.550003,76421
2026-05-07 19:00:00+00:00,182.554993,182.789993,182.554993,182.690002,67586
2026-05-07 19:05:00+00:00,182.699997,182.839996,182.590103,182.829895,95507
2026-05-07 19:10:00+00:00,182.830002,182.839005,182.640106,182.785004,62833
2026-05-07 19:15:00+00:00,182.789993,183.070007,182.750000,183.059998,86570
2026-05-07 19:20:00+00:00,183.050003,183.134995,182.880005,183.125000,83439
2026-05-07 19:25:00+00:00,183.149994,183.169998,182.839996,182.839996,106146
2026-05-07 19:30:00+00:00,182.850006,183.050003,182.759995,182.850006,98199
2026-05-07 19:35:00+00:00,182.850006,182.960007,182.570007,182.610001,99784
2026-05-07 19:40:00+00:00,182.615005,182.880005,182.610001,182.770004,123715
2026-05-07 19:45:00+00:00,182.729996,182.770004,182.399994,182.550003,131798
2026-05-07 19:50:00+00:00,182.559998,182.630005,182.229996,182.229996,217724
2026-05-07 19:55:00+00:00,182.250000,182.559998,182.100006,182.539993,639231
2026-05-08 13:30:00+00:00,182.039993,182.725006,181.110001,181.244995,286096
2026-05-08 13:35:00+00:00,181.240005,181.630005,180.960007,181.300003,116198
2026-05-08 13:40:00+00:00,181.326630,181.615005,180.960007,181.199997,78444
2026-05-08 13:45:00+00:00,181.179993,181.339996,180.869995,180.975006,95947
2026-05-08 13:50:00+00:00,180.940002,181.490005,180.889999,181.229996,94806
2026-05-08 13:55:00+00:00,181.210098,181.690002,181.149994,181.449997,79278
2026-05-08 14:00:00+00:00,181.460007,181.699997,181.360001,181.649994,83641
2026-05-08 14:05:00+00:00,181.509003,181.714996,181.300095,181.381897,124838
2026-05-08 14:10:00+00:00,181.360001,181.899994,181.180099,181.839996,122916
2026-05-08 14:15:00+00:00,181.845001,181.860001,181.660004,181.720001,73124
2026-05-08 14:20:00+00:00,181.699997,182.080002,181.620102,182.070007,73640
2026-05-08 14:25:00+00:00,182.065002,182.600006,182.020004,182.580002,80669
2026-05-08 14:30:00+00:00,182.539993,182.669998,182.169998,182.195007,66243
2026-05-08 14:35:00+00:00,182.210007,182.389999,181.880005,181.940002,91232
2026-05-08 14:40:00+00:00,181.949997,181.994995,181.720093,181.869995,66485
2026-05-08 14:45:00+00:00,181.880005,181.899994,181.699997,181.789993,72358
2026-05-08 14:50:00+00:00,181.800003,182.199997,181.789993,181.880005,91979
2026-05-08 14:55:00+00:00,181.929993,181.979996,181.720795,181.785004,47501
2026-05-08 15:00:00+00:00,181.630005,181.789993,181.520004,181.589996,58221
2026-05-08 15:05:00+00:00,181.589996,181.619995,181.410004,181.589996,82448
2026-05-08 15:10:00+00:00,181.550003,181.750000,181.240005,181.699997,96350
2026-05-08 15:15:00+00:00,181.705002,182.029999,181.690002,181.899994,53710
2026-05-08 15:20:00+00:00,181.880005,181.880005,181.649994,181.755005,55430
2026-05-08 15:25:00+00:00,181.759995,181.839996,181.660004,181.660004,64642
2026-05-08 15:30:00+00:00,181.679993,181.934998,181.664993,181.845001,89515
2026-05-08 15:35:00+00:00,181.820007,181.820007,181.460007,181.639999,73755
2026-05-08 15:40:00+00:00,181.649994,181.979996,181.649994,181.975006,55630
2026-05-08 15:45:00+00:00,181.970001,181.975006,181.679993,181.699997,605635
2026-05-08 15:50:00+00:00,181.710007,182.005005,181.684998,182.005005,56225
2026-05-08 15:55:00+00:00,182.005005,182.110001,181.949997,182.044998,81171
2026-05-08 16:00:00+00:00,182.044998,182.139999,181.910004,182.119995,54318
2026-05-08 16:05:00+00:00,182.059998,182.330093,182.009995,182.300003,64466
2026-05-08 16:10:00+00:00,182.330002,182.335007,182.184998,182.205002,46783
2026-05-08 16:15:00+00:00,182.220001,182.330002,182.089996,182.130005,44480
2026-05-08 16:20:00+00:00,182.139999,182.139999,181.899994,181.990005,72440
2026-05-08 16:25:00+00:00,181.970001,181.970001,181.675003,181.717499,47185
2026-05-08 16:30:00+00:00,181.714996,181.839996,181.600006,181.755005,49796
2026-05-08 16:35:00+00:00,181.740005,181.789993,181.625000,181.750000,49102
2026-05-08 16:40:00+00:00,181.750000,181.880005,181.720001,181.845001,107056
2026-05-08 16:45:00+00:00,181.809998,181.809998,181.664993,181.705002,59783
2026-05-08 16:50:00+00:00,181.705002,181.824997,181.699997,181.824997,44966
2026-05-08 16:55:00+00:00,181.824997,181.839996,181.720001,181.770004,40422
2026-05-08 17:00:00+00:00,181.785004,181.940002,181.740005,181.830002,48700
2026-05-08 17:05:00+00:00,181.830002,182.005005,181.785004,181.839996,49382
2026-05-08 17:10:00+00:00,181.839996,181.879501,181.710007,181.720001,42349
2026-05-08 17:15:00+00:00,181.720001,181.740005,181.540100,181.649994,48518
2026-05-08 17:20:00+00:00,181.654999,181.710007,181.509995,181.639999,44197
2026-05-08 17:25:00+00:00,181.630005,181.639999,181.470001,181.490005,39646
2026-05-08 17:30:00+00:00,181.460007,181.669998,181.429993,181.559998,41547
2026-05-08 17:35:00+00:00,181.574997,181.835007,181.550003,181.835007,48660
2026-05-08 17:40:00+00:00,181.835007,181.854996,181.720001,181.789993,38723
2026-05-08 17:45:00+00:00,181.800003,181.800003,181.669998,181.695999,55433
2026-05-08 17:50:00+00:00,181.699997,181.750000,181.570007,181.600006,43438
2026-05-08 17:55:00+00:00,181.619995,181.625000,181.500107,181.550003,53843
2026-05-08 18:00:00+00:00,181.550003,181.600006,181.212997,181.485001,88617
2026-05-08 18:05:00+00:00,181.479996,181.710007,181.410004,181.704895,63543
2026-05-08 18:10:00+00:00,181.699997,181.770004,181.660004,181.750000,40454
2026-05-08 18:15:00+00:00,181.750000,181.880005,181.729996,181.759995,48859
2026-05-08 18:20:00+00:00,181.759995,181.830093,181.705002,181.830093,46377
2026-05-08 18:25:00+00:00,181.720001,181.835007,181.539993,181.539993,56338
2026-05-08 18:30:00+00:00,181.520004,181.630005,181.410004,181.449997,34998
2026-05-08 18:35:00+00:00,181.460007,181.520004,181.365005,181.520004,36113
2026-05-08 18:40:00+00:00,181.520004,181.699997,181.509995,181.570007,46856
2026-05-08 18:45:00+00:00,181.589996,181.610001,181.460007,181.509995,48594
2026-05-08 18:50:00+00:00,181.490005,181.539993,181.429993,181.429993,42471
2026-05-08 18:55:00+00:00,181.429993,181.589996,181.429993,181.490005,43617
2026-05-08 19:00:00+00:00,181.500000,181.679993,181.270004,181.270004,85734
2026-05-08 19:05:00+00:00,181.270004,181.304993,181.169998,181.179993,67320
2026-05-08 19:10:00+00:00,181.169998,181.360001,181.166748,181.250000,63207
2026-05-08 19:15:00+00:00,181.304993,181.330002,181.130005,181.205002,74503
2026-05-08 19:20:00+00:00,181.205002,181.220001,181.070007,181.145004,83343
2026-05-08 19:25:00+00:00,181.160004,181.414993,181.160004,181.229996,83540
2026-05-08 19:30:00+00:00,181.229996,181.294998,181.119995,181.250000,85137
2026-05-08 19:35:00+00:00,181.259995,181.339996,181.214996,181.220001,74191
2026-05-08 19:40:00+00:00,181.199997,181.199997,181.080002,181.130096,85009
2026-05-08 19:45:00+00:00,181.149994,181.304993,181.139999,181.179993,117589
2026-05-08 19:50:00+00:00,181.199997,181.229996,180.770004,180.809998,189532
2026-05-08 19:55:00+00:00,180.830002,181.539993,180.740005,181.460007,695971
2026-05-11 13:30:00+00:00,183.000000,185.000000,183.000000,184.630005,519271
2026-05-11 13:35:00+00:00,185.000000,185.199997,184.395004,184.455002,182085
2026-05-11 13:40:00+00:00,184.449997,184.639999,183.559998,183.589996,83843
2026-05-11 13:45:00+00:00,183.520004,184.300003,183.470001,184.250000,82025
2026-05-11 13:50:00+00:00,184.199997,184.619995,183.940002,184.550003,106261
2026-05-11 13:55:00+00:00,184.580002,184.580002,184.040100,184.335007,82950
2026-05-11 14:00:00+00:00,184.339996,184.419998,184.029999,184.419998,48828
2026-05-11 14:05:00+00:00,184.399994,184.410004,183.850006,183.975006,85932
2026-05-11 14:10:00+00:00,183.990005,184.110001,183.699997,183.720001,47248
2026-05-11 14:15:00+00:00,183.710007,183.889999,183.600006,183.810394,64203
2026-05-11 14:20:00+00:00,183.830002,184.000000,183.720001,183.970001,67713
2026-05-11 14:25:00+00:00,183.949997,184.389999,183.880005,184.369995,57813
2026-05-11 14:30:00+00:00,184.380005,184.649994,184.179993,184.479996,85469
2026-05-11 14:35:00+00:00,184.440002,184.514999,184.000000,184.169998,76785
2026-05-11 14:40:00+00:00,184.184998,184.419907,184.089996,184.330002,44561
2026-05-11 14:45:00+00:00,184.335007,184.679993,184.240005,184.610001,60248
2026-05-11 14:50:00+00:00,184.589996,184.705002,184.520004,184.549194,51565
2026-05-11 14:55:00+00:00,184.550003,184.649994,184.440002,184.619995,44296
2026-05-11 15:00:00+00:00,184.580002,184.710007,184.445007,184.494995,44176
2026-05-11 15:05:00+00:00,184.520004,184.649994,184.320007,184.324997,37952
2026-05-11 15:10:00+00:00,184.330002,184.740005,184.330002,184.660004,44407
2026-05-11 15:15:00+00:00,184.615005,184.679993,184.440002,184.440002,38076
2026-05-11 15:20:00+00:00,184.419998,184.604996,184.389999,184.500000,37722
2026-05-11 15:25:00+00:00,184.460007,184.559998,184.410004,184.554993,43843
2026-05-11 15:30:00+00:00,184.539993,184.639999,184.455002,184.455002,48837
2026-05-11 15:35:00+00:00,184.449997,184.630005,184.419998,184.514999,48919
2026-05-11 15:40:00+00:00,184.500000,184.520004,184.229996,184.389999,42084
2026-05-11 15:45:00+00:00,184.395004,184.449997,184.210007,184.419998,45851
2026-05-11 15:50:00+00:00,184.429993,184.490005,184.210007,184.220001,43117
2026-05-11 15:55:00+00:00,184.249405,184.419998,184.199997,184.419998,31874
2026-05-11 16:00:00+00:00,184.389999,184.460007,184.339996,184.365005,39829
2026-05-11 16:05:00+00:00,184.360001,184.460007,184.244995,184.250000,32185
2026-05-11 16:10:00+00:00,184.265106,184.289993,184.150101,184.240005,32819
2026-05-11 16:15:00+00:00,184.255005,184.360001,184.149994,184.320007,51612
2026-05-11 16:20:00+00:00,184.330002,184.330002,184.119995,184.169998,63660
2026-05-11 16:25:00+00:00,184.190002,184.199997,184.009995,184.100006,34725
2026-05-11 16:30:00+00:00,184.100006,184.149994,184.029999,184.070007,31704
2026-05-11 16:35:00+00:00,184.080002,184.514999,184.080002,184.500000,58175
2026-05-11 16:40:00+00:00,184.509995,184.910004,184.380005,184.804993,89751
2026-05-11 16:45:00+00:00,184.799469,184.799469,184.559998,184.669998,53563
2026-05-11 16:50:00+00:00,184.679993,184.699997,184.550003,184.580002,40242
2026-05-11 16:55:00+00:00,184.580002,184.720001,184.399994,184.464996,58376
2026-05-11 17:00:00+00:00,184.440002,184.455002,184.244995,184.270004,55054
2026-05-11 17:05:00+00:00,184.255005,184.414993,184.199997,184.270004,62020
2026-05-11 17:10:00+00:00,184.270004,184.639893,184.199997,184.619995,45516
2026-05-11 17:15:00+00:00,184.630005,184.659805,184.494995,184.533905,40000
2026-05-11 17:20:00+00:00,184.539993,184.550003,184.330002,184.330002,36167
2026-05-11 17:25:00+00:00,184.339996,184.389999,184.160004,184.339996,39683
2026-05-11 17:30:00+00:00,184.330002,184.529999,184.279999,184.529999,36299
2026-05-11 17:35:00+00:00,184.550003,184.600006,184.470001,184.534195,60262
2026-05-11 17:40:00+00:00,184.544998,184.610001,184.440002,184.440002,45292
2026-05-11 17:45:00+00:00,184.448181,184.550003,184.324997,184.490005,36195
2026-05-11 17:50:00+00:00,184.479996,184.710007,184.460007,184.679993,46536
2026-05-11 17:55:00+00:00,184.690002,184.770004,184.675003,184.720001,43173
2026-05-11 18:00:00+00:00,184.699997,184.850006,184.679993,184.759995,81780
2026-05-11 18:05:00+00:00,184.770004,184.820007,184.535004,184.580002,36908
2026-05-11 18:10:00+00:00,184.589996,184.750000,184.559998,184.729996,46859
2026-05-11 18:15:00+00:00,184.720001,184.830002,184.699997,184.779999,40156
2026-05-11 18:20:00+00:00,184.779999,184.880005,184.720093,184.770004,52182
2026-05-11 18:25:00+00:00,184.770004,184.779999,184.554993,184.600006,43772
2026-05-11 18:30:00+00:00,184.619995,184.815002,184.570007,184.815002,52451
2026-05-11 18:35:00+00:00,184.815002,184.979996,184.740005,184.902496,56025
2026-05-11 18:40:00+00:00,184.889999,184.889999,184.649994,184.690002,49135
2026-05-11 18:45:00+00:00,184.679993,184.732498,184.550003,184.699997,44457
2026-05-11 18:50:00+00:00,184.699997,184.789993,184.589996,184.759995,43525
2026-05-11 18:55:00+00:00,184.770004,184.880005,184.740005,184.744995,61779
2026-05-11 19:00:00+00:00,184.750000,184.779999,184.595001,184.669998,70875
2026-05-11 19:05:00+00:00,184.619995,184.630005,184.410004,184.460007,66323
2026-05-11 19:10:00+00:00,184.399994,184.570007,184.380005,184.509995,71277
2026-05-11 19:15:00+00:00,184.480103,184.759995,184.480103,184.750000,70145
2026-05-11 19:20:00+00:00,184.759995,184.820007,184.619995,184.669998,88884
2026-05-11 19:25:00+00:00,184.660004,184.800003,184.595001,184.600006,196587
2026-05-11 19:30:00+00:00,184.610001,184.889999,184.550003,184.869995,99956
2026-05-11 19:35:00+00:00,184.869995,184.910004,184.479996,184.500000,75133
2026-05-11 19:40:00+00:00,184.490005,184.490005,184.149994,184.350006,107361
2026-05-11 19:45:00+00:00,184.350006,184.750000,184.330002,184.619995,106954
2026-05-11 19:50:00+00:00,184.639999,184.865005,184.610001,184.860001,121354
2026-05-11 19:55:00+00:00,184.869995,184.910004,184.589996,184.770004,371567
2026-05-12 13:30:00+00:00,186.500000,186.589996,185.649994,185.860001,385812
2026-05-12 13:35:00+00:00,185.892502,186.324997,185.500000,185.500000,123290
2026-05-12 13:40:00+00:00,185.419998,185.473999,184.949997,184.994003,99424
2026-05-12 13:45:00+00:00,184.940002,185.169998,184.664597,185.169998,78805
2026-05-12 13:50:00+00:00,185.195007,185.710007,184.960007,185.074997,120486
2026-05-12 13:55:00+00:00,185.074997,185.914993,185.059998,185.779999,121210
2026-05-12 14:00:00+00:00,185.750000,186.175003,185.690002,185.725006,134295
2026-05-12 14:05:00+00:00,185.779907,185.820007,185.460007,185.574997,102283
2026-05-12 14:10:00+00:00,185.550003,185.720001,185.470001,185.610001,67595
2026-05-12 14:15:00+00:00,185.600006,185.949905,185.539993,185.585007,99936
2026-05-12 14:20:00+00:00,185.589996,185.949997,185.520004,185.839996,72224
2026-05-12 14:25:00+00:00,185.835007,186.050003,185.680099,186.050003,93911
2026-05-12 14:30:00+00:00,186.039993,186.350006,185.830002,185.839996,120692
2026-05-12 14:35:00+00:00,185.820007,186.044998,185.759995,186.035004,55344
2026-05-12 14:40:00+00:00,186.020004,186.214996,185.820007,185.899994,60773
2026-05-12 14:45:00+00:00,185.895004,186.149994,185.809998,186.089996,53035
2026-05-12 14:50:00+00:00,186.130005,186.190002,185.979996,186.089996,64722
2026-05-12 14:55:00+00:00,186.134995,186.350006,186.050003,186.199997,71911
2026-05-12 15:00:00+00:00,186.210007,186.490005,186.149994,186.190002,64123
2026-05-12 15:05:00+00:00,186.199997,186.300003,185.925003,185.970001,61534
2026-05-12 15:10:00+00:00,185.990005,186.139999,185.850006,186.070007,48784
2026-05-12 15:15:00+00:00,186.059998,186.199997,185.960007,186.059998,46053
2026-05-12 15:20:00+00:00,186.029999,186.229996,186.020004,186.110001,49229
2026-05-12 15:25:00+00:00,186.252502,186.410004,186.149994,186.162399,62833
2026-05-12 15:30:00+00:00,186.199997,186.199997,185.759995,185.759995,55891
2026-05-12 15:35:00+00:00,185.770004,185.949997,185.750000,185.929993,51696
2026-05-12 15:40:00+00:00,185.889999,185.889999,185.610001,185.645004,47333
2026-05-12 15:45:00+00:00,185.660004,186.100006,185.580002,186.100006,59804
2026-05-12 15:50:00+00:00,186.130005,186.320007,186.054993,186.139999,46084
2026-05-12 15:55:00+00:00,186.139999,186.320007,186.000000,186.000000,54711
2026-05-12 16:00:00+00:00,186.039993,186.229996,186.009995,186.085007,66258
2026-05-12 16:05:00+00:00,186.250000,186.360001,186.070007,186.354996,54764
2026-05-12 16:10:00+00:00,186.330002,186.449997,186.199997,186.210007,50010
2026-05-12 16:15:00+00:00,186.240005,186.309906,186.080002,186.255005,61825
2026-05-12 16:20:00+00:00,186.279999,186.460007,186.210007,186.403702,33556
2026-05-12 16:25:00+00:00,186.404999,186.550003,186.350006,186.441101,44368
2026-05-12 16:30:00+00:00,186.434998,186.588104,186.399994,186.475006,44524
2026-05-12 16:35:00+00:00,186.479996,186.619995,186.475006,186.599899,31316
2026-05-12 16:40:00+00:00,186.470001,186.770004,186.440002,186.529999,52126
2026-05-12 16:45:00+00:00,186.529999,186.529999,186.300003,186.330002,36035
2026-05-12 16:50:00+00:00,186.354996,186.469894,186.279999,186.469894,39477
2026-05-12 16:55:00+00:00,186.345001,186.610001,186.320007,186.514999,48927
2026-05-12 17:00:00+00:00,186.500000,186.740005,186.475006,186.630005,28464
2026-05-12 17:05:00+00:00,186.589996,186.639999,186.429993,186.639999,36666
2026-05-12 17:10:00+00:00,186.649994,186.779999,186.514999,186.759995,40843
2026-05-12 17:15:00+00:00,186.800003,186.889999,186.720001,186.750000,32519
2026-05-12 17:20:00+00:00,186.710007,186.750000,186.554993,186.649994,63902
2026-05-12 17:25:00+00:00,186.639999,186.860001,186.639999,186.770004,41900
2026-05-12 17:30:00+00:00,186.750000,186.820206,186.460098,186.520004,57916
2026-05-12 17:35:00+00:00,186.524994,186.630005,186.494995,186.610001,25918
2026-05-12 17:40:00+00:00,186.580002,186.619995,186.479996,186.589996,23423
2026-05-12 17:45:00+00:00,186.589996,186.839996,186.508301,186.779999,36466
2026-05-12 17:50:00+00:00,186.788300,186.820007,186.639999,186.710007,24719
2026-05-12 17:55:00+00:00,186.710007,186.779999,186.540100,186.540100,57683
2026-05-12 18:00:00+00:00,186.559998,186.699997,186.520004,186.574997,41576
2026-05-12 18:05:00+00:00,186.600006,186.600006,186.339996,186.350006,29151
2026-05-12 18:10:00+00:00,186.350006,186.759003,186.311005,186.449997,44640
2026-05-12 18:15:00+00:00,186.455002,186.479996,186.270004,186.312500,46152
2026-05-12 18:20:00+00:00,186.320007,186.470001,186.259995,186.470001,33252
2026-05-12 18:25:00+00:00,186.350006,186.425003,186.104996,186.225006,83394
2026-05-12 18:30:00+00:00,186.250000,186.250000,186.050003,186.179993,50403
2026-05-12 18:35:00+00:00,186.160004,186.210007,185.960007,186.039993,47700
2026-05-12 18:40:00+00:00,186.020004,186.080002,185.979996,186.020004,33543
2026-05-12 18:45:00+00:00,186.027802,186.160004,186.009995,186.119995,48212
2026-05-12 18:50:00+00:00,186.080002,186.095001,185.910004,186.000000,38670
2026-05-12 18:55:00+00:00,186.009995,186.220001,185.970001,186.205002,44527
2026-05-12 19:00:00+00:00,186.179993,186.360001,186.160004,186.350006,71251
2026-05-12 19:05:00+00:00,186.339996,186.419998,186.285004,186.399994,58153
2026-05-12 19:10:00+00:00,186.389999,186.399994,186.289993,186.369995,50183
2026-05-12 19:15:00+00:00,186.389999,186.559998,186.350006,186.549896,45248
2026-05-12 19:20:00+00:00,186.520004,186.520004,186.330002,186.330002,55746
2026-05-12 19:25:00+00:00,186.309998,186.355804,186.175003,186.259995,69734
2026-05-12 19:30:00+00:00,186.259995,186.309998,186.195007,186.225006,60771
2026-05-12 19:35:00+00:00,186.240005,186.360001,185.919998,185.949997,89683
2026-05-12 19:40:00+00:00,185.970001,186.169998,185.929993,186.149994,90718
2026-05-12 19:45:00+00:00,186.139999,186.240005,186.080002,186.175003,87734
2026-05-12 19:50:00+00:00,186.160004,186.425003,186.100006,186.360001,163179
2026-05-12 19:55:00+00:00,186.369995,186.490005,185.789993,185.979996,573380
2026-05-13 13:30:00+00:00,185.809998,186.000000,184.645004,184.679993,299674
2026-05-13 13:35:00+00:00,184.679993,185.160004,184.580002,184.925003,60317
2026-05-13 13:40:00+00:00,184.925003,185.250000,184.774994,185.149994,65180
2026-05-13 13:45:00+00:00,185.149994,185.615005,185.059998,185.149994,75070
2026-05-13 13:50:00+00:00,185.220001,185.570007,184.820007,184.910095,56649
2026-05-13 13:55:00+00:00,184.880005,185.490005,184.789993,185.360001,49026
2026-05-13 14:00:00+00:00,185.380005,185.979996,185.354996,185.919998,78936
2026-05-13 14:05:00+00:00,185.750000,185.889999,185.570007,185.610107,55265
2026-05-13 14:10:00+00:00,185.559998,185.710007,185.369995,185.434998,40062
2026-05-13 14:15:00+00:00,185.419998,185.595001,185.274994,185.434998,49168
2026-05-13 14:20:00+00:00,185.440002,185.549500,185.164993,185.429993,71148
2026-05-13 14:25:00+00:00,185.429993,185.550003,185.210007,185.470001,45267
2026-05-13 14:30:00+00:00,185.449997,185.649994,185.399994,185.399994,63364
2026-05-13 14:35:00+00:00,185.389999,185.479996,185.169998,185.189697,53573
2026-05-13 14:40:00+00:00,185.190002,185.270004,184.979996,184.994995,49342
2026-05-13 14:45:00+00:00,184.949997,185.149994,184.910004,184.994995,44567
2026-05-13 14:50:00+00:00,185.000000,185.169998,184.800003,184.820007,77582
2026-05-13 14:55:00+00:00,184.809998,184.865005,184.669998,184.809998,38164
2026-05-13 15:00:00+00:00,184.839996,184.889999,184.690002,184.800003,29836
2026-05-13 15:05:00+00:00,184.850006,184.970001,184.529999,184.619995,66214
2026-05-13 15:10:00+00:00,184.630005,184.630005,184.360001,184.445007,60716
2026-05-13 15:15:00+00:00,184.449997,184.449997,184.160004,184.180099,67593
2026-05-13 15:20:00+00:00,184.229996,184.460007,184.179993,184.454407,53199
2026-05-13 15:25:00+00:00,184.440002,184.589996,184.360001,184.372498,61631
2026-05-13 15:30:00+00:00,184.399994,184.470001,184.184998,184.195007,54735
2026-05-13 15:35:00+00:00,184.170105,184.440002,184.170105,184.389999,41837
2026-05-13 15:40:00+00:00,184.250000,184.369995,183.960007,184.130005,75982
2026-05-13 15:45:00+00:00,184.110001,184.419998,184.050003,184.369995,57833
2026-05-13 15:50:00+00:00,184.399994,184.649994,184.389999,184.524994,37825
2026-05-13 15:55:00+00:00,184.539993,184.820007,184.524994,184.820007,74654
2026-05-13 16:00:00+00:00,184.820007,184.857498,184.679993,184.720001,64092
2026-05-13 16:05:00+00:00,184.699997,184.910004,184.699997,184.755005,40642
2026-05-13 16:10:00+00:00,184.755005,184.979996,184.750000,184.880005,43761
2026-05-13 16:15:00+00:00,184.880005,184.934998,184.740005,184.779999,37762
2026-05-13 16:20:00+00:00,184.779999,184.860001,184.539993,184.619995,52556
2026-05-13 16:25:00+00:00,184.600006,184.600006,184.289993,184.395004,28388
2026-05-13 16:30:00+00:00,184.384995,184.634995,184.324997,184.600006,51817
2026-05-13 16:35:00+00:00,184.550003,184.577499,184.320007,184.449997,40193
2026-05-13 16:40:00+00:00,184.419998,184.509995,184.384995,184.470001,24655
2026-05-13 16:45:00+00:00,184.449997,184.750000,184.449997,184.720001,46709
2026-05-13 16:50:00+00:00,184.729996,184.949997,184.699997,184.779999,33159
2026-05-13 16:55:00+00:00,184.750000,184.750000,184.650894,184.660004,32729
2026-05-13 17:00:00+00:00,184.669998,184.807602,184.589996,184.750000,43585
2026-05-13 17:05:00+00:00,184.770004,184.789993,184.600006,184.729996,52911
2026-05-13 17:10:00+00:00,184.740005,184.759995,184.619995,184.690002,27626
2026-05-13 17:15:00+00:00,184.649994,184.914993,184.630005,184.910004,39473
2026-05-13 17:20:00+00:00,184.915436,185.179901,184.899994,185.100006,42516
2026-05-13 17:25:00+00:00,185.110001,185.119995,184.820007,184.830002,43740
2026-05-13 17:30:00+00:00,184.809998,184.839996,184.690094,184.839996,33766
2026-05-13 17:35:00+00:00,184.820007,185.020004,184.820007,185.005005,44066
2026-05-13 17:40:00+00:00,185.000000,185.029999,184.929993,185.000000,34941
2026-05-13 17:45:00+00:00,184.960007,184.964996,184.789993,184.789993,39328
2026-05-13 17:50:00+00:00,184.800003,184.880005,184.750000,184.880005,36021
2026-05-13 17:55:00+00:00,184.880005,184.934998,184.809998,184.860001,29416
2026-05-13 18:00:00+00:00,184.860001,184.860001,184.589996,184.750000,187883
2026-05-13 18:05:00+00:00,184.750000,184.869995,184.750000,184.860001,36485
2026-05-13 18:10:00+00:00,184.850006,184.880005,184.682999,184.750000,42874
2026-05-13 18:15:00+00:00,184.744995,184.744995,184.570007,184.570007,39744
2026-05-13 18:20:00+00:00,184.570007,184.580002,184.479996,184.580002,46036
2026-05-13 18:25:00+00:00,184.580002,184.732498,184.520004,184.720001,47536
2026-05-13 18:30:00+00:00,184.720001,184.929993,184.679993,184.679993,93324
2026-05-13 18:35:00+00:00,184.699997,184.779999,184.639999,184.740005,40054
2026-05-13 18:40:00+00:00,184.779999,184.779999,184.660004,184.735001,42517
2026-05-13 18:45:00+00:00,184.750000,184.910004,184.725006,184.839996,54140
2026-05-13 18:50:00+00:00,184.839996,184.979996,184.830002,184.930099,36887
2026-05-13 18:55:00+00:00,184.955002,185.000000,184.809998,184.940002,69843
2026-05-13 19:00:00+00:00,184.919998,185.130005,184.889999,185.130005,45611
2026-05-13 19:05:00+00:00,185.134995,185.220001,185.070007,185.164993,42812
2026-05-13 19:10:00+00:00,185.190002,185.350006,185.149994,185.300003,41309
2026-05-13 19:15:00+00:00,185.300003,185.360001,185.289993,185.309998,40917
2026-05-13 19:20:00+00:00,185.300003,185.490005,185.279999,185.470001,68432
2026-05-13 19:25:00+00:00,185.470001,185.490005,185.384995,185.399994,67243
2026-05-13 19:30:00+00:00,185.389999,185.449997,185.335007,185.425003,60356
2026-05-13 19:35:00+00:00,185.419998,185.580002,185.380005,185.529999,64753
2026-05-13 19:40:00+00:00,185.539993,185.589996,185.470001,185.520004,80692
2026-05-13 19:45:00+00:00,185.509995,185.800003,185.509995,185.740005,71978
2026-05-13 19:50:00+00:00,185.770004,185.934998,185.740005,185.809998,125975
2026-05-13 19:55:00+00:00,185.809998,185.990005,185.589996,185.990005,468502
2026-05-14 13:30:00+00:00,186.190002,186.630005,186.050003,186.399994,227070
2026-05-14 13:35:00+00:00,186.479996,187.278000,186.190002,187.264999,71126
2026-05-14 13:40:00+00:00,187.228439,187.570007,186.320007,186.350006,88944
2026-05-14 13:45:00+00:00,186.339996,186.610001,186.050003,186.101303,107267
2026-05-14 13:50:00+00:00,186.220001,186.639008,186.190002,186.589996,115812
2026-05-14 13:55:00+00:00,186.595001,186.949997,186.500000,186.770004,92291
2026-05-14 14:00:00+00:00,186.809998,186.820007,186.125000,186.130005,51875
2026-05-14 14:05:00+00:00,186.179993,186.651993,186.080002,186.369995,66584
2026-05-14 14:10:00+00:00,186.289993,186.539993,186.270004,186.470001,54044
2026-05-14 14:15:00+00:00,186.455002,186.470001,186.050003,186.074997,37845
2026-05-14 14:20:00+00:00,186.074997,186.380005,186.020004,186.330002,57514
2026-05-14 14:25:00+00:00,186.369995,186.499893,186.300003,186.320007,64029
2026-05-14 14:30:00+00:00,186.289993,186.479996,186.145004,186.199905,51151
2026-05-14 14:35:00+00:00,186.160004,186.320007,186.000000,186.285004,44536
2026-05-14 14:40:00+00:00,186.259995,186.353851,186.070007,186.210007,24955
2026-05-14 14:45:00+00:00,186.195007,186.229996,185.619995,185.710007,70390
2026-05-14 14:50:00+00:00,185.699997,185.750000,185.434998,185.675003,53660
2026-05-14 14:55:00+00:00,185.650497,185.710007,185.429993,185.575104,42668
2026-05-14 15:00:00+00:00,185.630005,185.649994,185.250000,185.630005,142697
2026-05-14 15:05:00+00:00,185.660004,185.710007,185.300003,185.389999,33136
2026-05-14 15:10:00+00:00,185.369995,185.789993,185.369995,185.645004,42195
2026-05-14 15:15:00+00:00,185.600006,185.630798,185.389999,185.389999,44454
2026-05-14 15:20:00+00:00,185.479996,185.710007,185.389999,185.696198,35327
2026-05-14 15:25:00+00:00,185.660004,185.902802,185.649994,185.740005,37370
2026-05-14 15:30:00+00:00,185.750000,185.885101,185.649994,185.885101,34074
2026-05-14 15:35:00+00:00,185.899994,185.960007,185.770004,185.949997,41138
2026-05-14 15:40:00+00:00,185.940002,186.160004,185.800095,186.000000,51077
2026-05-14 15:45:00+00:00,185.960007,186.119995,185.929993,186.009995,25008
2026-05-14 15:50:00+00:00,186.009995,186.335007,186.009995,186.330002,26057
2026-05-14 15:55:00+00:00,186.359894,186.419998,186.139999,186.404999,32314
2026-05-14 16:00:00+00:00,186.429993,186.455002,186.259995,186.360001,36785
2026-05-14 16:05:00+00:00,186.360001,186.375000,186.210007,186.250000,42467
2026-05-14 16:10:00+00:00,186.235001,186.380005,186.235001,186.360001,24502
2026-05-14 16:15:00+00:00,186.330002,186.369995,186.154999,186.214996,28144
2026-05-14 16:20:00+00:00,186.244995,186.309998,186.149994,186.270004,67629
2026-05-14 16:25:00+00:00,186.309906,186.479996,186.160004,186.320007,29628
2026-05-14 16:30:00+00:00,186.309998,186.409897,186.229996,186.229996,33802
2026-05-14 16:35:00+00:00,186.270004,186.410004,186.250000,186.410004,28330
2026-05-14 16:40:00+00:00,186.399994,186.449997,186.339996,186.360001,27708
2026-05-14 16:45:00+00:00,186.320007,186.429993,186.289993,186.429993,29783
2026-05-14 16:50:00+00:00,186.389999,186.490005,186.214996,186.300003,29873
2026-05-14 16:55:00+00:00,186.279999,186.550003,186.229996,186.500000,23031
2026-05-14 17:00:00+00:00,186.470001,186.630005,186.470001,186.589996,59841
2026-05-14 17:05:00+00:00,186.589996,186.779999,186.580002,186.615005,56609
2026-05-14 17:10:00+00:00,186.600006,186.689896,186.559998,186.669998,33118
2026-05-14 17:15:00+00:00,186.690002,186.869995,186.600006,186.789993,47734
2026-05-14 17:20:00+00:00,186.770004,186.800003,186.550003,186.759995,40477
2026-05-14 17:25:00+00:00,186.750000,186.904999,186.440002,186.440002,39778
2026-05-14 17:30:00+00:00,186.460007,186.720001,186.420105,186.649994,35742
2026-05-14 17:35:00+00:00,186.600006,186.720001,186.490005,186.500000,44988
2026-05-14 17:40:00+00:00,186.479996,186.589996,186.449997,186.529999,27499
2026-05-14 17:45:00+00:00,186.539902,186.600006,186.500000,186.550003,22901
2026-05-14 17:50:00+00:00,186.540894,186.570007,186.315002,186.350006,29883
2026-05-14 17:55:00+00:00,186.300003,186.300003,186.119995,186.270004,41100
2026-05-14 18:00:00+00:00,186.300003,186.440002,186.259995,186.399994,29068
2026-05-14 18:05:00+00:00,186.380096,186.649994,186.360001,186.649994,46881
2026-05-14 18:10:00+00:00,186.664993,186.664993,186.455002,186.500000,39503
2026-05-14 18:15:00+00:00,186.520004,186.600006,186.464996,186.464996,27985
2026-05-14 18:20:00+00:00,186.455002,186.650894,186.430099,186.639999,57861
2026-05-14 18:25:00+00:00,186.639893,186.729904,186.529999,186.570007,35425
2026-05-14 18:30:00+00:00,186.559998,186.675003,186.425797,186.610001,28778
2026-05-14 18:35:00+00:00,186.591400,186.699997,186.570007,186.699997,31487
2026-05-14 18:40:00+00:00,186.684998,186.740005,186.639999,186.735001,23070
2026-05-14 18:45:00+00:00,186.740005,186.770004,186.684998,186.729996,30838
2026-05-14 18:50:00+00:00,186.729996,186.800003,186.539993,186.559998,87587
2026-05-14 18:55:00+00:00,186.580002,186.698105,186.529999,186.639999,32650
2026-05-14 19:00:00+00:00,186.630005,186.660004,186.440002,186.449997,35578
2026-05-14 19:05:00+00:00,186.470001,186.559998,186.395004,186.544998,42319
2026-05-14 19:10:00+00:00,186.533005,186.649994,186.505005,186.619995,35483
2026-05-14 19:15:00+00:00,186.589996,186.634995,186.425003,186.492493,38145
2026-05-14 19:20:00+00:00,186.479996,186.539993,186.414993,186.539993,43558
2026-05-14 19:25:00+00:00,186.539993,186.550003,186.434998,186.434998,46514
2026-05-14 19:30:00+00:00,186.449997,186.460007,186.270004,186.324997,72841
2026-05-14 19:35:00+00:00,186.320007,186.389999,186.179993,186.199997,69080
2026-05-14 19:40:00+00:00,186.179993,186.259995,186.100006,186.170105,69975
2026-05-14 19:45:00+00:00,186.179993,186.369995,186.139999,186.369995,78282
2026-05-14 19:50:00+00:00,186.369995,186.559998,186.119995,186.149994,123651
2026-05-14 19:55:00+00:00,186.160004,186.639999,186.130005,186.639999,419436
2026-05-15 13:30:00+00:00,188.500000,188.889999,187.979996,188.789993,729866
2026-05-15 13:35:00+00:00,188.802505,189.399994,188.494995,188.750000,147449
2026-05-15 13:40:00+00:00,188.812286,188.830002,188.175003,188.645004,93440
2026-05-15 13:45:00+00:00,188.645004,189.440002,188.529999,189.089996,100100
2026-05-15 13:50:00+00:00,189.059998,189.600006,188.880005,189.509995,96223
2026-05-15 13:55:00+00:00,189.460007,189.970001,189.360001,189.889999,84849
2026-05-15 14:00:00+00:00,189.804993,189.889206,189.339996,189.360001,75596
2026-05-15 14:05:00+00:00,189.369995,189.439896,188.929993,188.929993,76398
2026-05-15 14:10:00+00:00,188.850006,189.270004,188.800003,189.160004,82699
2026-05-15 14:15:00+00:00,189.164993,189.164993,188.759995,188.794998,70220
2026-05-15 14:20:00+00:00,188.820007,188.879898,188.559998,188.779999,61723
2026-05-15 14:25:00+00:00,188.779999,189.039993,188.750107,188.800003,45145
2026-05-15 14:30:00+00:00,188.800003,189.330002,188.800003,189.220001,56170
2026-05-15 14:35:00+00:00,189.220001,189.399994,188.729996,188.839996,77810
2026-05-15 14:40:00+00:00,188.809998,189.259995,188.779999,189.229996,56377
2026-05-15 14:45:00+00:00,189.270004,189.720001,189.089996,189.627502,155669
2026-05-15 14:50:00+00:00,189.639999,189.759995,189.399994,189.505005,74938
2026-05-15 14:55:00+00:00,189.470001,189.509995,189.130005,189.509995,0
2026-05-15 15:00:00+00:00,189.580002,189.609894,189.250000,189.279999,2185566
2026-05-15 15:05:00+00:00,189.309998,189.350006,188.720001,188.760101,49551
2026-05-15 15:10:00+00:00,188.770004,189.085205,188.770004,188.934998,55660
2026-05-15 15:15:00+00:00,188.960007,189.139999,188.800003,189.110001,82063
2026-05-15 15:20:00+00:00,189.039993,189.104996,188.929993,189.029999,60540
2026-05-15 15:25:00+00:00,189.067505,189.330002,189.030106,189.179993,322660
2026-05-15 15:30:00+00:00,189.179993,189.304993,189.080002,189.220001,63309
2026-05-15 15:35:00+00:00,189.169998,189.327103,189.050003,189.279999,86635
2026-05-15 15:40:00+00:00,189.259995,189.259995,189.089996,189.100006,62276
2026-05-15 15:45:00+00:00,189.100006,189.329895,189.020004,189.240005,46705
2026-05-15 15:50:00+00:00,189.240005,189.324997,188.850006,188.990005,60422
2026-05-15 15:55:00+00:00,189.020004,189.119995,188.889999,188.949997,40389
2026-05-15 16:00:00+00:00,188.929993,189.059998,188.800003,188.899994,39945
2026-05-15 16:05:00+00:00,188.880005,189.020004,188.750000,188.889999,51770
2026-05-15 16:10:00+00:00,188.929993,189.070007,188.820007,188.830002,45785
2026-05-15 16:15:00+00:00,188.875000,189.242004,188.789993,189.145004,110918
2026-05-15 16:20:00+00:00,189.190002,189.199997,189.039993,189.130005,45652
2026-05-15 16:25:00+00:00,189.110001,189.160004,188.940002,189.049896,36567
2026-05-15 16:30:00+00:00,188.979996,189.119995,188.910004,189.119995,41575
2026-05-15 16:35:00+00:00,189.125000,189.345001,189.110107,189.235001,60978
2026-05-15 16:40:00+00:00,189.240005,189.559998,189.240005,189.559601,90042
2026-05-15 16:45:00+00:00,189.539993,189.539993,189.389999,189.410004,48929
2026-05-15 16:50:00+00:00,189.429993,189.619995,189.380005,189.565002,65911
2026-05-15 16:55:00+00:00,189.570007,189.759995,189.570007,189.690002,59403
2026-05-15 17:00:00+00:00,189.690002,189.869995,189.619995,189.860001,55805
2026-05-15 17:05:00+00:00,189.875000,189.899994,189.789993,189.880005,42583
2026-05-15 17:10:00+00:00,189.875000,189.899902,189.699997,189.779999,70584
2026-05-15 17:15:00+00:00,189.779999,189.835007,189.690002,189.710007,42393
2026-05-15 17:20:00+00:00,189.710007,189.740005,189.654999,189.699997,43800
2026-05-15 17:25:00+00:00,189.690002,189.774994,189.589996,189.710007,61912
2026-05-15 17:30:00+00:00,189.699997,189.705002,189.500000,189.509995,45331
2026-05-15 17:35:00+00:00,189.549896,189.549896,189.389999,189.460007,32722
2026-05-15 17:40:00+00:00,189.440094,189.755005,189.440002,189.720001,60536
2026-05-15 17:45:00+00:00,189.740005,189.800003,189.615005,189.774994,46065
2026-05-15 17:50:00+00:00,189.779999,189.860504,189.619995,189.720001,52673
2026-05-15 17:55:00+00:00,189.705093,189.750000,189.310104,189.399994,59213
2026-05-15 18:00:00+00:00,189.395004,189.410004,189.220001,189.300003,62137
2026-05-15 18:05:00+00:00,189.294998,189.509995,189.235001,189.479996,43995
2026-05-15 18:10:00+00:00,189.460007,189.669998,189.429993,189.604996,79968
2026-05-15 18:15:00+00:00,189.595001,189.740005,189.529999,189.714996,55851
2026-05-15 18:20:00+00:00,189.669998,189.755005,189.630005,189.684998,45041
2026-05-15 18:25:00+00:00,189.697998,189.830002,189.610107,189.755005,68876
2026-05-15 18:30:00+00:00,189.740005,190.020004,189.737106,189.979996,154152
2026-05-15 18:35:00+00:00,189.919998,189.979996,189.744995,189.845001,61215
2026-05-15 18:40:00+00:00,189.865005,189.949997,189.800003,189.854996,62334
2026-05-15 18:45:00+00:00,189.839996,189.979996,189.809998,189.832993,68760
2026-05-15 18:50:00+00:00,189.839996,190.100006,189.835007,189.934998,112375
2026-05-15 18:55:00+00:00,189.940002,190.227005,189.940002,190.149994,79290
2026-05-15 19:00:00+00:00,190.110001,190.449997,190.089996,190.369995,91617
2026-05-15 19:05:00+00:00,190.360001,190.380005,190.210007,190.250000,70103
2026-05-15 19:10:00+00:00,190.240005,190.354996,190.199997,190.300003,62480
2026-05-15 19:15:00+00:00,190.300003,190.470001,190.260101,190.389999,84116
2026-05-15 19:20:00+00:00,190.369995,190.690002,190.320007,190.561005,83190
2026-05-15 19:25:00+00:00,190.570007,190.675003,190.456802,190.456802,102589
2026-05-15 19:30:00+00:00,190.455002,190.535004,190.139999,190.240005,262232
2026-05-15 19:35:00+00:00,190.229996,190.309998,190.000000,190.250000,96356
2026-05-15 19:40:00+00:00,190.240005,190.449997,190.210007,190.315002,104584
2026-05-15 19:45:00+00:00,190.300003,190.580002,190.240005,190.395004,216195
2026-05-15 19:50:00+00:00,190.429993,190.639999,190.380005,190.610001,299733
2026-05-15 19:55:00+00:00,190.615005,191.500000,190.530106,191.089996,916954
2026-05-18 13:30:00+00:00,191.169998,191.169998,189.580002,189.690002,418102
2026-05-18 13:35:00+00:00,189.699997,189.779999,189.110001,189.675003,131152
2026-05-18 13:40:00+00:00,189.697800,190.360001,189.520004,190.184998,146150
2026-05-18 13:45:00+00:00,190.270004,190.270004,189.029999,189.585007,159080
2026-05-18 13:50:00+00:00,189.585007,189.929993,189.529999,189.919998,85337
2026-05-18 13:55:00+00:00,189.970001,190.750000,189.770004,190.380005,116562
2026-05-18 14:00:00+00:00,190.330002,191.429993,190.315002,191.240005,92677
2026-05-18 14:05:00+00:00,191.279999,191.330093,190.315002,190.410004,100436
2026-05-18 14:10:00+00:00,190.500000,190.800003,190.500000,190.570007,66636
2026-05-18 14:15:00+00:00,190.625000,191.080002,190.429993,191.014999,95986
2026-05-18 14:20:00+00:00,191.039902,191.600006,191.039902,191.597397,83675
2026-05-18 14:25:00+00:00,191.610001,192.130005,191.559998,191.919998,115688
2026-05-18 14:30:00+00:00,191.929993,192.899994,191.929993,192.850006,156625
2026-05-18 14:35:00+00:00,192.800003,192.800003,192.220001,192.479996,80188
2026-05-18 14:40:00+00:00,192.445007,192.889999,192.360001,192.857498,79563
2026-05-18 14:45:00+00:00,192.865005,193.399994,192.830002,193.399994,75048
2026-05-18 14:50:00+00:00,193.369995,193.429993,192.779999,193.289993,164832
2026-05-18 14:55:00+00:00,193.264999,193.500000,193.059998,193.059998,106425
2026-05-18 15:00:00+00:00,193.149994,193.529999,193.149994,193.301498,113501
2026-05-18 15:05:00+00:00,193.309998,194.100006,193.300003,194.089905,126232
2026-05-18 15:10:00+00:00,194.070007,194.134003,193.479996,193.740005,100417
2026-05-18 15:15:00+00:00,193.740005,194.169998,193.740005,194.169907,85381
2026-05-18 15:20:00+00:00,194.149994,194.149994,193.679993,193.830002,68596
2026-05-18 15:25:00+00:00,193.835007,194.059998,193.550003,194.050003,73316
2026-05-18 15:30:00+00:00,194.059998,194.087799,193.889999,194.009995,59314
2026-05-18 15:35:00+00:00,194.029999,194.139999,193.850006,194.059998,184805
2026-05-18 15:40:00+00:00,194.050003,194.160004,193.929993,194.100006,83416
2026-05-18 15:45:00+00:00,194.110001,194.259995,194.000107,194.100006,118156
2026-05-18 15:50:00+00:00,194.125000,194.589996,194.115005,194.490005,120601
2026-05-18 15:55:00+00:00,194.500000,194.629898,194.479996,194.550003,75369
2026-05-18 16:00:00+00:00,194.529999,195.139999,194.509995,195.119995,150292
2026-05-18 16:05:00+00:00,195.110001,195.190002,194.720001,194.880005,109012
2026-05-18 16:10:00+00:00,194.919998,195.190002,194.919998,195.005005,109071
2026-05-18 16:15:00+00:00,194.990005,195.039993,194.850006,194.875000,78976
2026-05-18 16:20:00+00:00,194.940002,195.177094,194.860001,195.130005,72298
2026-05-18 16:25:00+00:00,195.089996,195.300003,195.009995,195.236496,58040
2026-05-18 16:30:00+00:00,195.240005,195.250000,194.960007,195.149994,58621
2026-05-18 16:35:00+00:00,195.210007,195.250000,195.044998,195.210098,84155
2026-05-18 16:40:00+00:00,195.250000,195.289993,195.070007,195.100006,40291
2026-05-18 16:45:00+00:00,195.125000,195.199997,195.000000,195.020004,50376
2026-05-18 16:50:00+00:00,195.029999,195.089996,194.860001,194.949997,57764
2026-05-18 16:55:00+00:00,194.945999,195.039993,194.649994,194.669998,68389
2026-05-18 17:00:00+00:00,194.679993,194.893997,194.630005,194.820007,82900
2026-05-18 17:05:00+00:00,194.829178,194.940002,194.710693,194.759995,67624
2026-05-18 17:10:00+00:00,194.774994,195.050003,194.729996,194.960007,46661
2026-05-18 17:15:00+00:00,194.970001,195.020004,194.695007,194.779999,74292
2026-05-18 17:20:00+00:00,194.789993,195.289993,194.789993,195.160004,84949
2026-05-18 17:25:00+00:00,195.149994,195.169998,194.899994,195.009995,63521
2026-05-18 17:30:00+00:00,194.979996,195.110001,194.899994,195.009995,348627
2026-05-18 17:35:00+00:00,195.009995,195.160004,194.994995,195.080002,42415
2026-05-18 17:40:00+00:00,195.059998,195.089996,194.720001,194.949997,75356
2026-05-18 17:45:00+00:00,194.945007,195.139999,194.919998,195.139999,41045
2026-05-18 17:50:00+00:00,195.139999,195.139999,195.000000,195.059998,47939
2026-05-18 17:55:00+00:00,195.059998,195.160004,194.919998,194.945007,42605
2026-05-18 18:00:00+00:00,194.959900,195.029999,194.839996,194.904999,45174
2026-05-18 18:05:00+00:00,194.889999,195.139999,194.880005,195.125000,64849
2026-05-18 18:10:00+00:00,195.125000,195.365005,195.110001,195.289993,58136
2026-05-18 18:15:00+00:00,195.365005,195.679993,195.345001,195.630005,67796
2026-05-18 18:20:00+00:00,195.610001,195.699997,195.490005,195.660004,67594
2026-05-18 18:25:00+00:00,195.649994,195.830002,195.429993,195.470001,90426
2026-05-18 18:30:00+00:00,195.470001,195.820007,195.470001,195.820007,54521
2026-05-18 18:35:00+00:00,195.839996,195.949905,195.779999,195.910004,76792
2026-05-18 18:40:00+00:00,195.900101,196.029907,195.839996,196.009995,72787
2026-05-18 18:45:00+00:00,196.009995,196.009995,195.789993,195.789993,63286
2026-05-18 18:50:00+00:00,195.789993,196.080002,195.720001,196.071732,59602
2026-05-18 18:55:00+00:00,196.080002,196.080002,195.880005,195.899994,59368
2026-05-18 19:00:00+00:00,195.964996,195.964996,194.610001,194.757507,225806
2026-05-18 19:05:00+00:00,194.774994,195.149994,194.410004,195.039993,126142
2026-05-18 19:10:00+00:00,195.059998,195.389999,195.059998,195.320007,71521
2026-05-18 19:15:00+00:00,195.350006,195.589996,195.300003,195.580002,100921
2026-05-18 19:20:00+00:00,195.559998,195.729996,195.320007,195.339996,85331
2026-05-18 19:25:00+00:00,195.369995,195.529999,195.279999,195.339996,118990
2026-05-18 19:30:00+00:00,195.369995,195.750000,195.339996,195.660004,137748
2026-05-18 19:35:00+00:00,195.649994,195.699997,195.384995,195.429993,117328
2026-05-18 19:40:00+00:00,195.429993,195.720001,195.369995,195.690002,120922
2026-05-18 19:45:00+00:00,195.679596,195.884995,195.490005,195.490005,156556
2026-05-18 19:50:00+00:00,195.509995,195.919998,195.479996,195.914993,220027
2026-05-18 19:55:00+00:00,195.929993,196.199997,195.869995,196.149994,670589
2026-05-19 13:30:00+00:00,195.009995,195.130005,193.500000,193.604996,404714
2026-05-19 13:35:00+00:00,193.585007,194.610001,193.585007,193.869995,101125
2026-05-19 13:40:00+00:00,193.724304,194.679993,193.649994,194.479996,105312
2026-05-19 13:45:00+00:00,194.490005,194.630005,193.889999,194.320007,65901
2026-05-19 13:50:00+00:00,194.375000,194.649994,193.471497,193.850006,155271
2026-05-19 13:55:00+00:00,193.850006,194.399994,193.619995,194.242599,102356
2026-05-19 14:00:00+00:00,194.229996,194.940002,194.229996,194.412811,180241
2026-05-19 14:05:00+00:00,194.399994,194.850006,194.311996,194.524994,108373
2026-05-19 14:10:00+00:00,194.524994,195.059998,194.100006,195.005005,135334
2026-05-19 14:15:00+00:00,195.050003,195.294998,194.911102,194.911102,130143
2026-05-19 14:20:00+00:00,194.925003,195.270004,194.925003,195.227493,78395
2026-05-19 14:25:00+00:00,195.179993,195.365005,195.154999,195.324997,89528
2026-05-19 14:30:00+00:00,195.324997,195.554993,195.229996,195.520004,103542
2026-05-19 14:35:00+00:00,195.485001,195.610001,195.070007,195.080002,89191
2026-05-19 14:40:00+00:00,195.110001,195.229996,194.869995,195.179993,107352
2026-05-19 14:45:00+00:00,195.179993,195.289993,195.000000,195.130005,71950
2026-05-19 14:50:00+00:00,195.123001,195.250000,194.490005,194.679993,146885
2026-05-19 14:55:00+00:00,194.649994,194.740005,194.250000,194.350006,88123
2026-05-19 15:00:00+00:00,194.320007,194.820007,194.290100,194.580002,102922
2026-05-19 15:05:00+00:00,194.539993,194.936996,194.479996,194.550003,92182
2026-05-19 15:10:00+00:00,194.559998,194.559998,194.259995,194.529999,68686
2026-05-19 15:15:00+00:00,194.544998,194.699997,194.399994,194.699997,63836
2026-05-19 15:20:00+00:00,194.660004,194.690002,194.440002,194.559998,83801
2026-05-19 15:25:00+00:00,194.570007,194.654999,194.289993,194.440002,79143
2026-05-19 15:30:00+00:00,194.434998,194.470001,194.250000,194.389999,62813
2026-05-19 15:35:00+00:00,194.410004,194.449997,194.220001,194.309998,65292
2026-05-19 15:40:00+00:00,194.320007,194.395004,194.160004,194.289993,71116
2026-05-19 15:45:00+00:00,194.309998,194.850006,194.309998,194.850006,108511
2026-05-19 15:50:00+00:00,194.845001,196.119995,194.800003,195.309998,155624
2026-05-19 15:55:00+00:00,195.294998,195.669998,195.270004,195.649994,81723
2026-05-19 16:00:00+00:00,195.625000,195.649994,195.199997,195.369995,108113
2026-05-19 16:05:00+00:00,195.360001,195.479996,195.300003,195.380005,66419
2026-05-19 16:10:00+00:00,195.440002,195.699997,195.250000,195.699997,57342
2026-05-19 16:15:00+00:00,195.669998,195.860001,195.619995,195.800003,53221
2026-05-19 16:20:00+00:00,195.785004,195.889999,195.725006,195.750000,54033
2026-05-19 16:25:00+00:00,195.750000,196.029999,195.690002,195.919998,77690
2026-05-19 16:30:00+00:00,195.990005,196.259995,195.919998,196.145004,54936
2026-05-19 16:35:00+00:00,196.120102,196.205002,196.070007,196.149994,60422
2026-05-19 16:40:00+00:00,196.154999,196.199997,195.979996,196.095001,59976
2026-05-19 16:45:00+00:00,196.080002,196.259995,195.985001,196.255005,52842
2026-05-19 16:50:00+00:00,196.279999,196.464996,196.270004,196.369995,53256
2026-05-19 16:55:00+00:00,196.350006,196.369995,196.029999,196.154999,64774
2026-05-19 17:00:00+00:00,196.220001,196.399994,196.199997,196.350006,58383
2026-05-19 17:05:00+00:00,196.320007,196.500000,196.250000,196.324997,117819
2026-05-19 17:10:00+00:00,196.330002,196.434998,196.259995,196.419998,92669
2026-05-19 17:15:00+00:00,196.399994,196.455002,196.240005,196.429993,110371
2026-05-19 17:20:00+00:00,196.399994,196.537994,196.380005,196.460999,57241
2026-05-19 17:25:00+00:00,196.475006,196.550003,196.345093,196.429993,87525
2026-05-19 17:30:00+00:00,196.442123,196.690002,196.410004,196.690002,66048
2026-05-19 17:35:00+00:00,196.664993,196.679993,196.380005,196.419998,41955
2026-05-19 17:40:00+00:00,196.425003,196.739899,196.399994,196.699997,125918
2026-05-19 17:45:00+00:00,196.699997,196.860001,196.630005,196.766006,60478
2026-05-19 17:50:00+00:00,196.770004,196.940002,196.649994,196.895004,69026
2026-05-19 17:55:00+00:00,196.869995,196.910004,196.699997,196.770004,80861
2026-05-19 18:00:00+00:00,196.759995,196.839996,196.710007,196.789993,169135
2026-05-19 18:05:00+00:00,196.794998,196.804993,196.649994,196.774994,80431
2026-05-19 18:10:00+00:00,196.774994,196.940002,196.660004,196.850006,59697
2026-05-19 18:15:00+00:00,196.830093,197.169998,196.830093,197.059998,115121
2026-05-19 18:20:00+00:00,197.070007,197.160004,196.940002,197.080002,52997
2026-05-19 18:25:00+00:00,197.059998,197.210007,196.970001,197.184998,55289
2026-05-19 18:30:00+00:00,197.199997,197.279999,197.113998,197.130005,52341
2026-05-19 18:35:00+00:00,197.130096,197.149994,197.009995,197.044998,56002
2026-05-19 18:40:00+00:00,197.065002,197.130005,197.000000,197.029999,47729
2026-05-19 18:45:00+00:00,197.024994,197.130005,197.020004,197.080002,57167
2026-05-19 18:50:00+00:00,197.080002,197.274994,197.029999,197.210007,47906
2026-05-19 18:55:00+00:00,197.199997,197.259995,197.000000,197.110001,91271
2026-05-19 19:00:00+00:00,197.080002,197.250000,197.080002,197.229996,94799
2026-05-19 19:05:00+00:00,197.199997,197.500000,197.179993,197.389999,95871
2026-05-19 19:10:00+00:00,197.395004,197.820007,197.395004,197.690002,88056
2026-05-19 19:15:00+00:00,197.679993,197.929993,197.580002,197.850006,91660
2026-05-19 19:20:00+00:00,197.839996,197.949997,197.759995,197.772003,122659
2026-05-19 19:25:00+00:00,197.804993,197.910004,197.740097,197.899994,119638
2026-05-19 19:30:00+00:00,197.880005,198.269897,197.839996,198.250000,216253
2026-05-19 19:35:00+00:00,198.270004,198.539902,198.122498,198.539902,373397
2026-05-19 19:40:00+00:00,198.535004,198.839996,198.500000,198.720001,520244
2026-05-19 19:45:00+00:00,198.720001,198.869904,198.330994,198.350006,250610
2026-05-19 19:50:00+00:00,198.375000,198.429993,197.809998,197.979996,291719
2026-05-19 19:55:00+00:00,198.009995,198.089996,197.020004,197.320007,796891
2026-05-20 13:30:00+00:00,196.250000,197.899994,196.240005,197.434998,286120
2026-05-20 13:35:00+00:00,197.434998,198.190002,197.029999,197.070007,114637
2026-05-20 13:40:00+00:00,197.121246,197.173492,196.013199,196.929993,158953
2026-05-20 13:45:00+00:00,196.929993,196.929993,195.940704,196.300003,102091
2026-05-20 13:50:00+00:00,196.259995,197.270004,196.244995,197.250000,98403
2026-05-20 13:55:00+00:00,197.384995,197.639999,197.000000,197.000000,73187
2026-05-20 14:00:00+00:00,197.024994,197.134995,196.440002,196.699997,61986
2026-05-20 14:05:00+00:00,196.675003,196.759995,196.375000,196.550095,71753
2026-05-20 14:10:00+00:00,196.585007,197.070007,195.830002,196.070007,119642
2026-05-20 14:15:00+00:00,196.100006,196.190002,194.199997,194.289993,284833
2026-05-20 14:20:00+00:00,194.289993,195.330002,193.839996,195.317505,181826
2026-05-20 14:25:00+00:00,195.309998,195.440002,194.809998,195.014999,85036
2026-05-20 14:30:00+00:00,194.979996,194.979996,193.830002,194.324997,150945
2026-05-20 14:35:00+00:00,194.339996,194.839996,194.110001,194.839996,114464
2026-05-20 14:40:00+00:00,194.820007,194.994995,194.330002,194.479996,78520
2026-05-20 14:45:00+00:00,194.479996,194.899994,194.339996,194.705002,78166
2026-05-20 14:50:00+00:00,194.660004,194.839996,194.345001,194.550003,76772
2026-05-20 14:55:00+00:00,194.539993,194.720001,194.470001,194.654999,71929
2026-05-20 15:00:00+00:00,194.610001,194.755005,194.320007,194.384995,86156
2026-05-20 15:05:00+00:00,194.360001,194.589996,193.979996,194.100098,118397
2026-05-20 15:10:00+00:00,194.119995,194.375000,194.050003,194.210007,132548
2026-05-20 15:15:00+00:00,194.205002,194.330002,193.090302,193.824997,437016
2026-05-20 15:20:00+00:00,193.820007,193.955002,193.479996,193.529999,143685
2026-05-20 15:25:00+00:00,193.494995,193.899994,193.494995,193.660095,99352
2026-05-20 15:30:00+00:00,193.705002,194.149994,193.664993,194.145004,63764
2026-05-20 15:35:00+00:00,194.149994,194.460007,193.990097,194.399994,75952
2026-05-20 15:40:00+00:00,194.425003,194.809998,194.419998,194.460007,119264
2026-05-20 15:45:00+00:00,194.419998,194.419998,194.000000,194.059998,76361
2026-05-20 15:50:00+00:00,194.054993,194.309998,194.009995,194.289993,90309
2026-05-20 15:55:00+00:00,194.289993,194.399994,194.044998,194.205002,109735
2026-05-20 16:00:00+00:00,194.214996,194.309998,193.750000,193.925003,90269
2026-05-20 16:05:00+00:00,193.940002,193.940002,193.389999,193.427094,75003
2026-05-20 16:10:00+00:00,193.440002,193.440002,192.820007,192.839996,195582
2026-05-20 16:15:00+00:00,192.880096,193.600006,192.880005,193.550003,90841
2026-05-20 16:20:00+00:00,193.550003,193.660004,193.345001,193.524994,71479
2026-05-20 16:25:00+00:00,193.520004,193.690002,193.255005,193.345001,54237
2026-05-20 16:30:00+00:00,193.345001,193.509995,193.289993,193.315002,51605
2026-05-20 16:35:00+00:00,193.304993,193.369995,193.119995,193.149994,66385
2026-05-20 16:40:00+00:00,193.149994,193.169998,192.422073,192.500000,95142
2026-05-20 16:45:00+00:00,192.497498,192.794998,192.410004,192.794998,67466
2026-05-20 16:50:00+00:00,192.779999,193.119995,192.669998,193.104996,80451
2026-05-20 16:55:00+00:00,193.050003,193.199997,192.869995,192.990005,90442
2026-05-20 17:00:00+00:00,192.970001,193.229996,192.970001,193.059998,109328
2026-05-20 17:05:00+00:00,193.059998,193.419998,193.059998,193.085007,64715
2026-05-20 17:10:00+00:00,193.089996,193.490005,193.059998,193.175003,60978
2026-05-20 17:15:00+00:00,193.220001,193.429993,193.059998,193.179993,84382
2026-05-20 17:20:00+00:00,193.179993,193.399994,193.123703,193.380005,38904
2026-05-20 17:25:00+00:00,193.389999,193.740005,193.389999,193.630005,170880
2026-05-20 17:30:00+00:00,193.600006,193.639999,193.220001,193.389999,107638
2026-05-20 17:35:00+00:00,193.259995,193.330002,192.899994,193.160004,120932
2026-05-20 17:40:00+00:00,193.179993,193.300003,193.070007,193.119995,70971
2026-05-20 17:45:00+00:00,193.160004,193.220001,192.809998,192.860001,97219
2026-05-20 17:50:00+00:00,192.865005,192.899994,192.139999,192.285004,75074
2026-05-20 17:55:00+00:00,192.294998,192.490005,192.160004,192.300003,166589
2026-05-20 18:00:00+00:00,192.320007,192.830002,192.255005,192.520004,76694
2026-05-20 18:05:00+00:00,192.510300,192.660004,192.460007,192.544998,64136
2026-05-20 18:10:00+00:00,192.529999,192.679993,192.460007,192.467499,93906
2026-05-20 18:15:00+00:00,192.464996,192.559998,192.280106,192.479904,78345
2026-05-20 18:20:00+00:00,192.434998,192.929993,192.434998,192.889999,54274
2026-05-20 18:25:00+00:00,192.850006,193.020004,192.711899,192.850006,52418
2026-05-20 18:30:00+00:00,192.839996,192.910004,192.690002,192.729904,77795
2026-05-20 18:35:00+00:00,192.710007,192.880005,192.690002,192.727493,55235
2026-05-20 18:40:00+00:00,192.710007,192.860001,192.690002,192.779999,44481
2026-05-20 18:45:00+00:00,192.779999,192.929901,192.619995,192.830002,56344
2026-05-20 18:50:00+00:00,192.839996,193.039993,192.830002,192.940002,148865
2026-05-20 18:55:00+00:00,192.880005,193.029999,192.690002,192.779999,154759
2026-05-20 19:00:00+00:00,192.779999,192.929901,192.649994,192.899994,79307
2026-05-20 19:05:00+00:00,192.899994,192.970001,192.839996,192.940002,69683
2026-05-20 19:10:00+00:00,192.940002,193.009995,192.820007,192.820007,120957
2026-05-20 19:15:00+00:00,192.830002,192.979996,192.729996,192.940002,67776
2026-05-20 19:20:00+00:00,192.955002,193.229996,192.910095,193.149994,82456
2026-05-20 19:25:00+00:00,193.145004,193.235001,193.020004,193.070007,92476
2026-05-20 19:30:00+00:00,193.080002,193.100006,192.869995,192.904999,169478
2026-05-20 19:35:00+00:00,192.880005,192.990005,192.679993,192.800003,178913
2026-05-20 19:40:00+00:00,192.785004,192.850006,192.639999,192.649994,190972
2026-05-20 19:45:00+00:00,192.639999,192.750000,192.100006,192.119995,232673
2026-05-20 19:50:00+00:00,192.125000,192.339996,191.880005,191.907501,296675
2026-05-20 19:55:00+00:00,191.919998,191.929993,191.300003,191.360001,934271
2026-05-21 13:30:00+00:00,193.789993,194.160004,192.110001,192.195007,1800192
2026-05-21 13:35:00+00:00,192.199997,193.529999,192.100006,193.529999,109403
2026-05-21 13:40:00+00:00,193.483521,193.483521,192.800003,193.154999,66746
2026-05-21 13:45:00+00:00,193.199997,193.739899,193.100006,193.309998,58103
2026-05-21 13:50:00+00:00,193.255005,193.660004,192.240005,192.240005,69678
2026-05-21 13:55:00+00:00,192.110107,192.449997,191.880005,192.440002,73931
2026-05-21 14:00:00+00:00,192.529999,192.809998,192.110001,192.259995,92748
2026-05-21 14:05:00+00:00,192.179993,192.649994,192.119995,192.240005,49180
2026-05-21 14:10:00+00:00,192.339996,192.779999,192.210007,192.320007,267300
2026-05-21 14:15:00+00:00,192.360001,192.464996,192.050003,192.154999,67223
2026-05-21 14:20:00+00:00,192.199997,192.360001,192.059998,192.360001,48330
2026-05-21 14:25:00+00:00,192.360001,192.410004,191.960007,192.149994,55124
2026-05-21 14:30:00+00:00,192.125000,192.139999,191.600006,191.740005,39975
2026-05-21 14:35:00+00:00,191.720001,191.940002,191.509995,191.554993,42584
2026-05-21 14:40:00+00:00,191.559998,191.919998,191.559998,191.610001,57913
2026-05-21 14:45:00+00:00,191.610001,191.910004,191.610001,191.679993,36364
2026-05-21 14:50:00+00:00,191.649994,191.869995,191.600006,191.809998,55493
2026-05-21 14:55:00+00:00,191.750107,191.779999,191.451401,191.570007,44682
2026-05-21 15:00:00+00:00,191.529999,191.869995,191.315002,191.410004,44489
2026-05-21 15:05:00+00:00,191.410004,191.770004,191.369995,191.580002,46190
2026-05-21 15:10:00+00:00,191.639999,191.860001,191.270004,191.315002,59908
2026-05-21 15:15:00+00:00,191.320007,191.794998,191.320007,191.794998,28002
2026-05-21 15:20:00+00:00,191.794998,191.830002,191.660004,191.789993,53435
2026-05-21 15:25:00+00:00,191.809998,191.970001,191.720001,191.899994,36969
2026-05-21 15:30:00+00:00,191.939896,192.000000,191.860001,191.934998,30001
2026-05-21 15:35:00+00:00,191.979904,191.979904,191.590698,191.779999,31023
2026-05-21 15:40:00+00:00,191.809998,191.839996,191.520004,191.679993,37364
2026-05-21 15:45:00+00:00,191.679993,191.679993,191.570007,191.610001,27122
2026-05-21 15:50:00+00:00,191.639999,191.785004,191.639999,191.770004,27208
2026-05-21 15:55:00+00:00,191.740005,192.089905,191.740005,191.990097,62269
2026-05-21 16:00:00+00:00,191.979996,192.080002,191.770004,192.070007,137599
2026-05-21 16:05:00+00:00,192.074997,192.279999,191.964996,192.050003,68453
2026-05-21 16:10:00+00:00,192.059998,192.130005,191.850006,191.919907,75786
2026-05-21 16:15:00+00:00,191.919998,192.259995,191.919998,192.020004,30201
2026-05-21 16:20:00+00:00,191.970001,192.220001,191.970001,192.089996,30921
2026-05-21 16:25:00+00:00,192.110001,192.210007,192.000000,192.139999,33227
2026-05-21 16:30:00+00:00,192.149994,192.154999,192.000000,192.095001,27000
2026-05-21 16:35:00+00:00,192.089996,192.244995,192.050003,192.220001,20246
2026-05-21 16:40:00+00:00,192.210007,192.300003,192.169998,192.220001,26049
2026-05-21 16:45:00+00:00,192.193314,192.380005,192.190002,192.265106,24305
2026-05-21 16:50:00+00:00,192.285004,192.330002,192.210098,192.279999,20494
2026-05-21 16:55:00+00:00,192.289993,192.309998,192.199997,192.250000,21331
2026-05-21 17:00:00+00:00,192.220001,192.270004,192.039993,192.229996,46081
2026-05-21 17:05:00+00:00,192.179993,192.315002,192.169998,192.220001,24795
2026-05-21 17:10:00+00:00,192.235001,192.235001,191.509995,191.800003,87757
2026-05-21 17:15:00+00:00,191.779999,191.779999,190.279999,190.350006,150243
2026-05-21 17:20:00+00:00,190.460007,190.576996,190.089996,190.429993,126741
2026-05-21 17:25:00+00:00,190.410004,190.419998,190.050003,190.369995,68722
2026-05-21 17:30:00+00:00,190.389999,190.839996,190.279999,190.350006,83367
2026-05-21 17:35:00+00:00,190.360001,190.695007,190.360001,190.639999,43098
2026-05-21 17:40:00+00:00,190.649994,190.690002,190.059998,190.059998,81990
2026-05-21 17:45:00+00:00,190.059998,190.270004,189.723404,189.740005,140075
2026-05-21 17:50:00+00:00,189.729996,189.729996,189.339996,189.529999,84898
2026-05-21 17:55:00+00:00,189.500000,189.699997,189.000000,189.360001,126990
2026-05-21 18:00:00+00:00,189.399994,189.580002,189.179993,189.554993,102239
2026-05-21 18:05:00+00:00,189.580002,190.100006,189.544998,190.070007,75749
2026-05-21 18:10:00+00:00,190.104996,190.139999,189.880005,189.940002,94848
2026-05-21 18:15:00+00:00,189.970001,190.070007,189.740005,189.740005,51575
2026-05-21 18:20:00+00:00,189.744995,189.809998,189.524994,189.589996,62923
2026-05-21 18:25:00+00:00,189.610001,189.699997,189.059998,189.240005,60827
2026-05-21 18:30:00+00:00,189.240005,189.990005,189.229996,189.869995,55031
2026-05-21 18:35:00+00:00,189.850006,190.059998,189.794998,190.059998,42135
2026-05-21 18:40:00+00:00,190.054993,190.139999,189.830002,190.089996,55566
2026-05-21 18:45:00+00:00,190.085007,190.149994,189.970001,189.979996,57538
2026-05-21 18:50:00+00:00,189.949997,190.410004,189.800003,190.139999,75519
2026-05-21 18:55:00+00:00,190.160004,190.500000,189.990005,190.324997,97769
2026-05-21 19:00:00+00:00,190.339996,190.619995,190.250000,190.524994,60925
2026-05-21 19:05:00+00:00,190.514999,190.830002,190.449997,190.699997,71896
2026-05-21 19:10:00+00:00,190.720001,190.899994,190.690002,190.710007,58408
2026-05-21 19:15:00+00:00,190.740005,191.014999,190.710098,190.990005,55572
2026-05-21 19:20:00+00:00,190.985001,191.080002,190.920105,191.039993,62070
2026-05-21 19:25:00+00:00,191.029999,191.059998,190.824997,190.860001,76775
2026-05-21 19:30:00+00:00,190.860001,191.009995,190.744995,190.839996,109653
2026-05-21 19:35:00+00:00,190.860001,191.080002,190.699997,190.779999,116437
2026-05-21 19:40:00+00:00,190.714996,190.815002,190.369995,190.595001,79321
2026-05-21 19:45:00+00:00,190.580002,191.024994,190.580002,190.600006,84673
2026-05-21 19:50:00+00:00,190.619995,190.940002,190.589996,190.880005,131456
2026-05-21 19:55:00+00:00,190.869995,191.259995,190.869995,191.020004,469105
2026-05-22 13:30:00+00:00,190.369995,191.179993,189.830002,191.009995,228756
2026-05-22 13:35:00+00:00,191.089996,191.419998,190.505005,190.729996,101031
2026-05-22 13:40:00+00:00,190.716965,191.100006,190.699997,191.000000,67685
2026-05-22 13:45:00+00:00,190.910004,191.299896,190.720001,191.149994,98701
2026-05-22 13:50:00+00:00,191.179993,191.500000,191.024994,191.339996,61497
2026-05-22 13:55:00+00:00,191.350006,191.565002,191.309998,191.350006,48624
2026-05-22 14:00:00+00:00,191.339996,191.634995,190.940002,191.070007,84709
2026-05-22 14:05:00+00:00,191.095993,191.279999,190.720001,190.723007,72753
2026-05-22 14:10:00+00:00,190.764999,191.149994,190.710007,190.820007,90698
2026-05-22 14:15:00+00:00,190.820007,191.184998,190.720093,191.184998,39631
2026-05-22 14:20:00+00:00,191.214996,191.380600,191.160004,191.360001,64091
2026-05-22 14:25:00+00:00,191.352493,191.410004,190.960007,191.139999,54529
2026-05-22 14:30:00+00:00,191.115005,191.119995,190.949997,191.039993,41106
2026-05-22 14:35:00+00:00,191.009995,191.380005,191.009995,191.179993,47350
2026-05-22 14:40:00+00:00,191.214996,191.300003,191.100006,191.259995,46122
2026-05-22 14:45:00+00:00,191.229996,191.309998,190.880005,190.985001,52372
2026-05-22 14:50:00+00:00,190.994995,191.014008,190.410095,190.539993,70813
2026-05-22 14:55:00+00:00,190.539993,190.610001,190.479996,190.500000,44846
2026-05-22 15:00:00+00:00,190.529999,190.660004,190.399994,190.450104,70514
2026-05-22 15:05:00+00:00,190.500000,190.580002,190.365005,190.369995,42462
2026-05-22 15:10:00+00:00,190.330002,190.569107,190.300003,190.320007,51077
2026-05-22 15:15:00+00:00,190.320007,190.350006,190.184998,190.279999,44774
2026-05-22 15:20:00+00:00,190.315002,190.389999,190.190002,190.350006,44208
2026-05-22 15:25:00+00:00,190.354996,190.479996,190.184998,190.220001,57176
2026-05-22 15:30:00+00:00,190.250000,190.389999,190.059998,190.389999,58017
2026-05-22 15:35:00+00:00,190.399994,190.524994,190.259995,190.380005,51291
2026-05-22 15:40:00+00:00,190.389999,190.410706,190.184998,190.244995,60147
2026-05-22 15:45:00+00:00,190.279999,190.520004,190.261993,190.479996,37477
2026-05-22 15:50:00+00:00,190.500000,190.580002,190.164993,190.220001,76745
2026-05-22 15:55:00+00:00,190.270004,190.699997,190.259995,190.559998,49286
2026-05-22 16:00:00+00:00,190.565002,190.669998,190.550003,190.610001,46462
2026-05-22 16:05:00+00:00,190.630005,190.800003,190.590103,190.759995,37888
2026-05-22 16:10:00+00:00,190.759995,190.809998,190.619995,190.770004,63735
2026-05-22 16:15:00+00:00,190.770004,191.020004,190.740005,191.009995,50224
2026-05-22 16:20:00+00:00,190.990005,191.119995,190.919998,190.919998,38062
2026-05-22 16:25:00+00:00,190.919998,190.919998,190.750000,190.845001,35641
2026-05-22 16:30:00+00:00,190.860001,190.889999,190.645004,190.699997,31100
2026-05-22 16:35:00+00:00,190.705093,191.020004,190.705002,191.000000,28066
2026-05-22 16:40:00+00:00,190.994995,191.119995,190.970001,191.050003,32409
2026-05-22 16:45:00+00:00,191.050003,191.050003,190.789993,190.899994,29850
2026-05-22 16:50:00+00:00,190.904999,191.000000,190.779999,190.899994,36330
2026-05-22 16:55:00+00:00,190.925003,191.059998,190.899994,190.934998,42822
2026-05-22 17:00:00+00:00,190.910004,190.949997,190.570007,190.814194,62870
2026-05-22 17:05:00+00:00,190.789993,190.899994,190.654999,190.669998,48152
2026-05-22 17:10:00+00:00,190.690002,190.880005,190.669998,190.854996,36595
2026-05-22 17:15:00+00:00,190.830002,190.979996,190.750000,190.979996,58619
2026-05-22 17:20:00+00:00,191.000000,191.039993,190.820007,190.889999,83498
2026-05-22 17:25:00+00:00,190.884995,190.969894,190.175003,190.179993,119320
2026-05-22 17:30:00+00:00,190.149994,190.565598,189.800003,190.565598,130008
2026-05-22 17:35:00+00:00,190.550003,190.759995,190.500000,190.684998,83119
2026-05-22 17:40:00+00:00,190.690002,190.710007,190.360001,190.459000,113050
2026-05-22 17:45:00+00:00,190.460007,190.660004,190.419998,190.619995,52608
2026-05-22 17:50:00+00:00,190.669998,190.869995,190.576004,190.589996,35170
2026-05-22 17:55:00+00:00,190.604996,190.800003,190.479996,190.800003,33880
2026-05-22 18:00:00+00:00,190.830002,191.330002,190.830002,191.119995,83964
2026-05-22 18:05:00+00:00,191.130005,191.259995,191.070007,191.070007,37111
2026-05-22 18:10:00+00:00,191.100006,191.100006,190.919998,190.990005,38845
2026-05-22 18:15:00+00:00,190.990005,191.020004,190.839996,190.869995,34112
2026-05-22 18:20:00+00:00,190.899994,191.059998,190.850006,190.945007,43721
2026-05-22 18:25:00+00:00,190.970001,190.990005,190.830002,190.945007,38814
2026-05-22 18:30:00+00:00,190.929993,191.009995,190.854996,190.880005,37619
2026-05-22 18:35:00+00:00,190.889999,190.910004,190.565002,190.580002,63261
2026-05-22 18:40:00+00:00,190.580002,190.679993,190.449997,190.589996,42938
2026-05-22 18:45:00+00:00,190.580002,190.809998,190.500000,190.684998,54550
2026-05-22 18:50:00+00:00,190.695007,190.839996,190.649994,190.785004,31962
2026-05-22 18:55:00+00:00,190.789993,190.959900,190.770004,190.900818,55858
2026-05-22 19:00:00+00:00,190.880005,191.029999,190.729996,190.929993,83222
2026-05-22 19:05:00+00:00,190.899994,191.149994,190.770004,191.130005,63901
2026-05-22 19:10:00+00:00,191.145004,191.380005,191.145004,191.223999,53441
2026-05-22 19:15:00+00:00,191.270004,191.649994,191.259995,191.600006,65982
2026-05-22 19:20:00+00:00,191.610001,191.750000,191.503403,191.539993,55600
2026-05-22 19:25:00+00:00,191.565002,191.759995,191.539993,191.720001,72026
2026-05-22 19:30:00+00:00,191.750000,192.000000,191.740005,191.919998,71562
2026-05-22 19:35:00+00:00,191.910004,191.929993,191.740005,191.914993,75518
2026-05-22 19:40:00+00:00,191.949997,191.970001,191.365005,191.490005,133405
2026-05-22 19:45:00+00:00,191.500000,191.539993,191.210007,191.470001,136141
2026-05-22 19:50:00+00:00,191.500000,191.500000,191.259995,191.464996,175729
2026-05-22 19:55:00+00:00,191.490005,191.550003,191.000000,191.429993,516460
2026-05-26 13:30:00+00:00,190.000000,190.466003,188.250000,188.914993,2086916
2026-05-26 13:35:00+00:00,188.812500,190.220001,188.600006,190.139999,225090
2026-05-26 13:40:00+00:00,190.229996,190.339996,189.759995,189.759995,81840
2026-05-26 13:45:00+00:00,189.750000,189.899994,189.509995,189.804993,79650
2026-05-26 13:50:00+00:00,189.804993,190.429993,189.639999,190.235001,114036
2026-05-26 13:55:00+00:00,190.352905,190.490005,189.529999,189.619995,109625
2026-05-26 14:00:00+00:00,189.610001,189.664993,189.210098,189.339996,86391
2026-05-26 14:05:00+00:00,189.289993,189.304993,188.570007,188.585007,171131
2026-05-26 14:10:00+00:00,188.615005,188.639999,188.050003,188.050003,113228
2026-05-26 14:15:00+00:00,188.110001,188.490005,188.110001,188.365005,63505
2026-05-26 14:20:00+00:00,188.360107,188.490005,187.395004,187.395004,161301
2026-05-26 14:25:00+00:00,187.384995,187.529999,186.759995,186.903900,345926
2026-05-26 14:30:00+00:00,186.904999,187.160004,186.811996,186.865005,147445
2026-05-26 14:35:00+00:00,186.850006,186.940002,186.619995,186.750000,96935
2026-05-26 14:40:00+00:00,186.774994,187.000000,186.559998,186.710007,182406
2026-05-26 14:45:00+00:00,186.710007,186.880005,186.289993,186.565002,127163
2026-05-26 14:50:00+00:00,186.580002,186.759995,186.524994,186.669998,87863
2026-05-26 14:55:00+00:00,186.690002,187.464996,186.660004,187.279999,116100
2026-05-26 15:00:00+00:00,187.289993,187.350006,186.919998,186.979996,136272
2026-05-26 15:05:00+00:00,186.970001,187.509995,186.940002,187.089996,243268
2026-05-26 15:10:00+00:00,187.085007,187.470001,187.080002,187.104996,127863
2026-05-26 15:15:00+00:00,187.139999,187.389999,187.039993,187.070007,94375
2026-05-26 15:20:00+00:00,187.050003,187.475006,187.024994,187.330002,67523
2026-05-26 15:25:00+00:00,187.289993,187.440002,187.117493,187.440002,57972
2026-05-26 15:30:00+00:00,187.470001,187.619995,187.342499,187.410004,104425
2026-05-26 15:35:00+00:00,187.425064,187.630005,187.289993,187.419998,57813
2026-05-26 15:40:00+00:00,187.440002,187.610001,187.339996,187.460007,72040
2026-05-26 15:45:00+00:00,187.460007,187.639999,187.440002,187.600006,54546
2026-05-26 15:50:00+00:00,187.600006,187.679993,187.529999,187.544998,47151
2026-05-26 15:55:00+00:00,187.550003,187.764999,187.309998,187.554993,60081
2026-05-26 16:00:00+00:00,187.529999,187.675003,187.410004,187.445007,52246
2026-05-26 16:05:00+00:00,187.429993,187.500000,187.220093,187.279999,63283
2026-05-26 16:10:00+00:00,187.289993,187.419998,187.289993,187.399994,48635
2026-05-26 16:15:00+00:00,187.399994,187.539993,187.294998,187.369995,45302
2026-05-26 16:20:00+00:00,187.360001,187.419998,187.130005,187.164993,47123
2026-05-26 16:25:00+00:00,187.169998,187.179993,186.779999,186.854996,44324
2026-05-26 16:30:00+00:00,186.860001,186.880005,186.500000,186.509995,50449
2026-05-26 16:35:00+00:00,186.490005,186.830002,186.449997,186.479996,42396
2026-05-26 16:40:00+00:00,186.492294,186.639999,186.429993,186.639999,47525
2026-05-26 16:45:00+00:00,186.639999,186.639999,186.440002,186.529999,45525
2026-05-26 16:50:00+00:00,186.550003,186.569901,186.000000,186.029999,94082
2026-05-26 16:55:00+00:00,186.024994,186.059998,185.889999,186.000000,98764
2026-05-26 17:00:00+00:00,185.994995,186.320007,185.991196,186.169998,42972
2026-05-26 17:05:00+00:00,186.149994,186.339996,186.125000,186.205002,43579
2026-05-26 17:10:00+00:00,186.220001,186.389999,186.039993,186.110001,76624
2026-05-26 17:15:00+00:00,186.115250,186.300003,186.089996,186.190002,62582
2026-05-26 17:20:00+00:00,186.190002,186.270004,185.949997,186.229996,51833
2026-05-26 17:25:00+00:00,186.225006,186.354996,186.080002,186.080002,52172
2026-05-26 17:30:00+00:00,186.080002,186.289993,186.070099,186.195007,61803
2026-05-26 17:35:00+00:00,186.220001,186.220001,186.070007,186.119995,47656
2026-05-26 17:40:00+00:00,186.110001,186.169998,185.850006,185.964996,73375
2026-05-26 17:45:00+00:00,185.964996,186.100006,185.889999,186.000000,54920
2026-05-26 17:50:00+00:00,185.994995,185.994995,185.610001,185.970001,158277
2026-05-26 17:55:00+00:00,185.975006,186.000000,185.490005,185.505005,99123
2026-05-26 18:00:00+00:00,185.494995,185.800003,185.179993,185.565002,150700
2026-05-26 18:05:00+00:00,185.529999,185.750000,185.479996,185.640106,80535
2026-05-26 18:10:00+00:00,185.654999,185.794998,185.490005,185.539993,81809
2026-05-26 18:15:00+00:00,185.544998,185.619293,184.690002,184.899994,156639
2026-05-26 18:20:00+00:00,184.910004,185.020004,184.779999,184.950104,77351
2026-05-26 18:25:00+00:00,184.979996,185.059998,184.880005,184.880005,95431
2026-05-26 18:30:00+00:00,184.929901,185.199997,184.904999,185.005005,118513
2026-05-26 18:35:00+00:00,185.005005,185.050003,184.600006,184.634995,72945
2026-05-26 18:40:00+00:00,184.664993,184.839493,184.520004,184.565002,118051
2026-05-26 18:45:00+00:00,184.539993,184.570007,184.250000,184.250000,199283
2026-05-26 18:50:00+00:00,184.240005,184.479996,184.130005,184.330002,180113
2026-05-26 18:55:00+00:00,184.339996,184.550003,184.210098,184.309998,109126
2026-05-26 19:00:00+00:00,184.315002,184.410004,184.029999,184.039993,157039
2026-05-26 19:05:00+00:00,184.050003,184.220001,184.050003,184.190002,151494
2026-05-26 19:10:00+00:00,184.170898,184.205002,183.899994,184.070007,112750
2026-05-26 19:15:00+00:00,184.065002,184.229996,184.000000,184.169998,150297
2026-05-26 19:20:00+00:00,184.184998,184.669998,184.184998,184.630005,106952
2026-05-26 19:25:00+00:00,184.634995,184.750000,184.539993,184.660004,118117
2026-05-26 19:30:00+00:00,184.669998,184.880005,184.589996,184.774994,89502
2026-05-26 19:35:00+00:00,184.779999,184.983398,184.710007,184.929993,111723
2026-05-26 19:40:00+00:00,184.910004,184.919998,184.559998,184.695007,139576
2026-05-26 19:45:00+00:00,184.690002,184.690002,184.229996,184.320007,157561
2026-05-26 19:50:00+00:00,184.304993,184.660004,184.304993,184.589996,168112
2026-05-26 19:55:00+00:00,184.589996,184.889999,184.259995,184.720001,682119
2026-05-27 13:30:00+00:00,181.850006,182.000000,181.000000,181.220001,378803
2026-05-27 13:35:00+00:00,181.360001,182.375000,181.274994,182.375000,172639
2026-05-27 13:40:00+00:00,182.350357,182.490005,181.770004,181.850006,193406
2026-05-27 13:45:00+00:00,181.904999,182.109894,181.500000,182.065002,174783
2026-05-27 13:50:00+00:00,182.100006,182.100006,181.570007,181.800003,115203
2026-05-27 13:55:00+00:00,181.830002,182.500000,181.830002,181.919998,213523
2026-05-27 14:00:00+00:00,181.899994,181.899994,181.399994,181.490005,121927
2026-05-27 14:05:00+00:00,181.494995,182.300003,181.429993,181.830002,168241
2026-05-27 14:10:00+00:00,181.815002,182.039993,181.429993,181.440002,163083
2026-05-27 14:15:00+00:00,181.460007,181.539993,180.785004,180.869995,149508
2026-05-27 14:20:00+00:00,180.889999,181.250000,180.669998,180.960007,153068
2026-05-27 14:25:00+00:00,180.979996,181.559998,180.949997,181.345001,161836
2026-05-27 14:30:00+00:00,181.330002,182.139999,181.270004,181.889999,176143
2026-05-27 14:35:00+00:00,181.919998,182.000000,181.369995,181.449997,148958
2026-05-27 14:40:00+00:00,181.514999,182.119995,181.470001,182.009995,104148
2026-05-27 14:45:00+00:00,182.040100,182.199997,181.970001,182.179993,72184
2026-05-27 14:50:00+00:00,182.169998,182.272507,181.750000,182.255005,52129
2026-05-27 14:55:00+00:00,182.255005,182.669998,182.179993,182.550003,97114
2026-05-27 15:00:00+00:00,182.619995,182.740005,182.350006,182.410004,70737
2026-05-27 15:05:00+00:00,182.360001,182.800003,182.289993,182.570007,91186
2026-05-27 15:10:00+00:00,182.610001,182.720001,182.529999,182.615005,53015
2026-05-27 15:15:00+00:00,182.639999,182.899994,182.639999,182.899994,60875
2026-05-27 15:20:00+00:00,182.889999,183.029999,182.710007,182.735001,85649
2026-05-27 15:25:00+00:00,182.750000,182.800003,182.330002,182.449997,51928
2026-05-27 15:30:00+00:00,182.490005,182.669998,182.460007,182.500000,56287
2026-05-27 15:35:00+00:00,182.500000,182.740005,182.470001,182.695007,48285
2026-05-27 15:40:00+00:00,182.669998,182.929993,182.634995,182.759995,63763
2026-05-27 15:45:00+00:00,182.759995,183.179993,182.630005,183.035004,74486
2026-05-27 15:50:00+00:00,183.074997,183.160004,182.839996,182.940002,83538
2026-05-27 15:55:00+00:00,182.945007,183.085007,182.839996,182.841995,72865
2026-05-27 16:00:00+00:00,182.850006,183.000000,182.800003,182.845001,73047
2026-05-27 16:05:00+00:00,182.830002,183.000000,182.729996,182.880005,66851
2026-05-27 16:10:00+00:00,182.904999,183.104996,182.854996,182.994995,58091
2026-05-27 16:15:00+00:00,183.020004,183.149994,183.009995,183.009995,47997
2026-05-27 16:20:00+00:00,183.044998,183.127502,182.820007,183.127502,68661
2026-05-27 16:25:00+00:00,183.100006,183.169998,183.039993,183.080002,68882
2026-05-27 16:30:00+00:00,183.070007,183.210007,183.009995,183.100006,107517
2026-05-27 16:35:00+00:00,183.139999,183.160004,182.699997,182.750000,79575
2026-05-27 16:40:00+00:00,182.774994,182.899994,182.570007,182.869995,57188
2026-05-27 16:45:00+00:00,182.854996,183.190002,182.839996,182.970001,50427
2026-05-27 16:50:00+00:00,182.949997,183.179993,182.884995,183.179993,41534
2026-05-27 16:55:00+00:00,183.160004,183.236496,183.000000,183.020004,39575
2026-05-27 17:00:00+00:00,183.050003,183.309998,183.050003,183.259995,46093
2026-05-27 17:05:00+00:00,183.270004,183.470001,183.230499,183.419998,82404
2026-05-27 17:10:00+00:00,183.419998,183.720001,183.300003,183.630005,81412
2026-05-27 17:15:00+00:00,183.619995,183.649994,183.429993,183.535004,86509
2026-05-27 17:20:00+00:00,183.559998,183.639999,183.300003,183.309998,47452
2026-05-27 17:25:00+00:00,183.300003,183.409897,183.250000,183.328918,48673
2026-05-27 17:30:00+00:00,183.300003,183.315002,182.899994,182.910004,83147
2026-05-27 17:35:00+00:00,182.880005,183.100006,182.835007,183.070007,115620
2026-05-27 17:40:00+00:00,183.050003,183.130005,183.009995,183.070007,54588
2026-05-27 17:45:00+00:00,183.050003,183.119995,183.020004,183.059998,40399
2026-05-27 17:50:00+00:00,183.087494,183.109894,182.854996,182.929993,44834
2026-05-27 17:55:00+00:00,182.919998,182.949997,182.817505,182.869995,44918
2026-05-27 18:00:00+00:00,182.910004,182.910004,182.585007,182.645004,70174
2026-05-27 18:05:00+00:00,182.649994,182.710007,182.369995,182.695007,46865
2026-05-27 18:10:00+00:00,182.695007,182.800003,182.664993,182.710007,35178
2026-05-27 18:15:00+00:00,182.699997,182.740005,182.580002,182.619995,39703
2026-05-27 18:20:00+00:00,182.640106,182.750000,182.559998,182.710007,47170
2026-05-27 18:25:00+00:00,182.710907,182.740005,182.500000,182.529999,39348
2026-05-27 18:30:00+00:00,182.529999,182.714996,182.529999,182.619995,37644
2026-05-27 18:35:00+00:00,182.619995,182.770004,182.619995,182.690002,41384
2026-05-27 18:40:00+00:00,182.690002,182.850006,182.630005,182.759995,65952
2026-05-27 18:45:00+00:00,182.770004,182.839905,182.604996,182.649994,61960
2026-05-27 18:50:00+00:00,182.649994,182.960007,182.649994,182.779999,61544
2026-05-27 18:55:00+00:00,182.809998,182.850006,182.729996,182.800598,42323
2026-05-27 19:00:00+00:00,182.800003,182.899994,182.625000,182.679993,46894
2026-05-27 19:05:00+00:00,182.690002,182.770004,182.639999,182.667404,68380
2026-05-27 19:10:00+00:00,182.710007,182.850006,182.590103,182.590103,48205
2026-05-27 19:15:00+00:00,182.625000,182.839996,182.580002,182.830002,81128
2026-05-27 19:20:00+00:00,182.789993,182.830002,182.710007,182.809204,54661
2026-05-27 19:25:00+00:00,182.804993,182.869995,182.750000,182.750000,70401
2026-05-27 19:30:00+00:00,182.750000,182.759995,182.419998,182.477997,90654
2026-05-27 19:35:00+00:00,182.500000,182.500000,182.220001,182.250000,103057
2026-05-27 19:40:00+00:00,182.259995,182.309998,182.145004,182.210007,80216
2026-05-27 19:45:00+00:00,182.210007,182.210007,181.949997,182.050003,143296
2026-05-27 19:50:00+00:00,182.050003,182.490005,182.020004,182.300003,239164
2026-05-27 19:55:00+00:00,182.330002,182.440002,182.059998,182.399994,473257
2026-05-28 13:30:00+00:00,183.710007,184.725006,183.710007,184.490005,320400
2026-05-28 13:35:00+00:00,184.440002,184.529999,183.850006,184.429993,118160
2026-05-28 13:40:00+00:00,184.449997,185.110001,184.350006,185.000000,128370
2026-05-28 13:45:00+00:00,184.979996,185.259995,184.632202,184.679993,136526
2026-05-28 13:50:00+00:00,184.679993,184.779999,184.070007,184.408997,98428
2026-05-28 13:55:00+00:00,184.414993,184.414993,183.949997,184.029999,78649
2026-05-28 14:00:00+00:00,184.035004,184.100006,183.699997,183.779999,102818
2026-05-28 14:05:00+00:00,183.800003,184.160004,183.800003,184.160004,108607
2026-05-28 14:10:00+00:00,184.190002,184.619995,182.369995,182.494995,236286
2026-05-28 14:15:00+00:00,182.410004,183.109894,182.085007,182.384995,156635
2026-05-28 14:20:00+00:00,182.384995,183.089996,182.309998,182.779999,114456
2026-05-28 14:25:00+00:00,182.859894,183.070007,182.725006,182.881958,45855
2026-05-28 14:30:00+00:00,182.889999,183.410004,182.750000,183.395004,47319
2026-05-28 14:35:00+00:00,183.399994,183.460007,183.289993,183.399994,55505
2026-05-28 14:40:00+00:00,183.339996,183.369995,182.800003,183.051804,56813
2026-05-28 14:45:00+00:00,183.029999,183.339996,183.000000,183.225006,59200
2026-05-28 14:50:00+00:00,183.235001,183.304993,182.770004,182.910004,56118
2026-05-28 14:55:00+00:00,182.850006,183.125000,182.837006,183.005005,43927
2026-05-28 15:00:00+00:00,183.005005,183.059998,182.740005,182.860001,45722
2026-05-28 15:05:00+00:00,182.889999,183.009995,182.820007,182.965698,50544
2026-05-28 15:10:00+00:00,182.990005,183.330002,182.979996,183.300003,54400
2026-05-28 15:15:00+00:00,183.300003,183.440002,183.279999,183.339996,35988
2026-05-28 15:20:00+00:00,183.330002,183.529999,183.330002,183.419998,30471
2026-05-28 15:25:00+00:00,183.419998,183.479996,183.149994,183.360001,48158
2026-05-28 15:30:00+00:00,183.360001,183.478394,183.300003,183.464996,51710
2026-05-28 15:35:00+00:00,183.445007,183.479996,183.240005,183.304993,47199
2026-05-28 15:40:00+00:00,183.339996,183.449905,183.274994,183.354996,37006
2026-05-28 15:45:00+00:00,183.330002,183.600006,183.259995,183.580002,52659
2026-05-28 15:50:00+00:00,183.570007,183.600006,183.464996,183.570007,39083
2026-05-28 15:55:00+00:00,183.589996,183.610001,183.500000,183.529999,39314
2026-05-28 16:00:00+00:00,183.550003,183.645004,183.500000,183.580002,87191
2026-05-28 16:05:00+00:00,183.589996,183.589996,183.320007,183.410004,143531
2026-05-28 16:10:00+00:00,183.419998,183.559998,183.330002,183.429993,61543
2026-05-28 16:15:00+00:00,183.410004,183.440002,183.080002,183.080002,299937
2026-05-28 16:20:00+00:00,183.095001,183.160004,182.925003,182.949997,45460
2026-05-28 16:25:00+00:00,182.919998,182.979904,182.770004,182.910095,47649
2026-05-28 16:30:00+00:00,182.945007,183.070007,182.899994,183.059998,34122
2026-05-28 16:35:00+00:00,183.080002,183.130005,183.020004,183.074997,33953
2026-05-28 16:40:00+00:00,183.070099,183.151993,182.889999,182.914993,53716
2026-05-28 16:45:00+00:00,182.910004,182.960007,182.830002,182.880005,34772
2026-05-28 16:50:00+00:00,182.894501,182.990005,182.840103,182.914993,28886
2026-05-28 16:55:00+00:00,182.900101,182.979996,182.860001,182.979996,58449
2026-05-28 17:00:00+00:00,183.029999,183.050003,182.770004,182.789993,54134
2026-05-28 17:05:00+00:00,182.770004,182.860001,182.759995,182.860001,47241
2026-05-28 17:10:00+00:00,182.850006,183.039993,182.839996,182.985001,33103
2026-05-28 17:15:00+00:00,182.970001,183.080002,182.940002,183.054993,51334
2026-05-28 17:20:00+00:00,183.070007,183.139999,182.919998,183.009995,53396
2026-05-28 17:25:00+00:00,183.009995,183.039993,182.929993,182.990005,41076
2026-05-28 17:30:00+00:00,182.990005,183.074997,182.970001,183.070007,37900
2026-05-28 17:35:00+00:00,183.056396,183.065002,182.940704,182.970001,37250
2026-05-28 17:40:00+00:00,182.960007,182.970001,182.639999,182.714996,56249
2026-05-28 17:45:00+00:00,182.699997,182.740005,182.529999,182.539993,62427
2026-05-28 17:50:00+00:00,182.539993,182.570007,182.274994,182.460007,78850
2026-05-28 17:55:00+00:00,182.455002,182.630005,182.419998,182.572998,58303
2026-05-28 18:00:00+00:00,182.585007,182.610001,182.490005,182.600006,45469
2026-05-28 18:05:00+00:00,182.615005,182.615005,182.470001,182.529999,38397
2026-05-28 18:10:00+00:00,182.524994,182.705002,182.520996,182.679993,540782
2026-05-28 18:15:00+00:00,182.710007,182.849899,182.705002,182.785004,45081
2026-05-28 18:20:00+00:00,182.789993,182.979996,182.781006,182.960007,36479
2026-05-28 18:25:00+00:00,182.940002,182.949997,182.785004,182.908005,43947
2026-05-28 18:30:00+00:00,182.919998,182.945007,182.746002,182.794998,39924
2026-05-28 18:35:00+00:00,182.800003,182.937607,182.790405,182.854996,44365
2026-05-28 18:40:00+00:00,182.854996,182.869995,182.684998,182.714996,99256
2026-05-28 18:45:00+00:00,182.714996,182.910004,182.714996,182.771698,37365
2026-05-28 18:50:00+00:00,182.759995,182.759995,182.559998,182.615005,48854
2026-05-28 18:55:00+00:00,182.589996,182.634995,182.539993,182.580002,48286
2026-05-28 19:00:00+00:00,182.574997,182.770004,182.574997,182.729996,51982
2026-05-28 19:05:00+00:00,182.735001,182.949997,182.729996,182.925003,39746
2026-05-28 19:10:00+00:00,182.929993,183.100006,182.929993,183.074997,62074
2026-05-28 19:15:00+00:00,183.074997,183.229996,183.074997,183.169998,63541
2026-05-28 19:20:00+00:00,183.175003,183.240005,183.119995,183.190002,72528
2026-05-28 19:25:00+00:00,183.184998,183.509995,183.160004,183.500000,88488
2026-05-28 19:30:00+00:00,183.502502,183.660004,183.399994,183.404999,97239
2026-05-28 19:35:00+00:00,183.419998,183.429993,183.175003,183.304993,109088
2026-05-28 19:40:00+00:00,183.320007,183.339996,183.179993,183.225006,51292
2026-05-28 19:45:00+00:00,183.210007,183.259995,183.100006,183.250000,132177
2026-05-28 19:50:00+00:00,183.270004,183.710007,183.220001,183.365005,144224
2026-05-28 19:55:00+00:00,183.320007,183.440002,183.059998,183.130005,419195
2026-05-29 13:30:00+00:00,182.714996,182.970001,181.979996,182.690002,239267
2026-05-29 13:35:00+00:00,182.589996,182.594101,181.979996,182.149994,88396
2026-05-29 13:40:00+00:00,182.140244,182.289993,181.220001,181.220001,128511
2026-05-29 13:45:00+00:00,181.199997,181.690002,181.059998,181.289993,86344
2026-05-29 13:50:00+00:00,181.304993,181.600006,181.290100,181.520004,68028
2026-05-29 13:55:00+00:00,181.509995,181.580002,180.830002,180.830002,112000
2026-05-29 14:00:00+00:00,180.839996,181.270004,180.800003,181.229996,142401
2026-05-29 14:05:00+00:00,181.229996,181.735107,181.220001,181.735107,113117
2026-05-29 14:10:00+00:00,181.759995,181.960007,181.714996,181.899994,64200
2026-05-29 14:15:00+00:00,181.889999,181.960007,181.729996,181.759995,70825
2026-05-29 14:20:00+00:00,181.768997,181.919998,181.690002,181.714996,68696
2026-05-29 14:25:00+00:00,181.714996,182.330002,181.690002,182.104996,153019
2026-05-29 14:30:00+00:00,182.080002,182.125000,181.970001,182.080002,54125
2026-05-29 14:35:00+00:00,182.059998,182.119995,181.869995,182.039993,71031
2026-05-29 14:40:00+00:00,182.039993,182.304993,181.890106,182.300003,65373
2026-05-29 14:45:00+00:00,182.320007,182.409805,182.119995,182.160004,53978
2026-05-29 14:50:00+00:00,182.179993,182.199997,181.335007,181.649994,188967
2026-05-29 14:55:00+00:00,181.645004,181.699997,181.229996,181.574997,82541
2026-05-29 15:00:00+00:00,181.574997,181.639999,181.332397,181.414993,58748
2026-05-29 15:05:00+00:00,181.399994,181.479996,180.699997,180.860001,116226
2026-05-29 15:10:00+00:00,180.839996,180.880005,180.395004,180.500000,91763
2026-05-29 15:15:00+00:00,180.529907,180.949997,180.445007,180.919998,57817
2026-05-29 15:20:00+00:00,180.949997,181.085098,180.945007,181.000000,54431
2026-05-29 15:25:00+00:00,180.964706,181.109894,180.869995,181.000000,60282
2026-05-29 15:30:00+00:00,181.029999,181.210007,180.860001,181.199997,61647
2026-05-29 15:35:00+00:00,181.199997,181.550003,181.179993,181.434998,56014
2026-05-29 15:40:00+00:00,181.460007,181.739899,181.449997,181.544998,88835
2026-05-29 15:45:00+00:00,181.550003,181.714996,181.520096,181.634995,53321
2026-05-29 15:50:00+00:00,181.645004,181.929993,181.630005,181.809998,44360
2026-05-29 15:55:00+00:00,181.800003,181.850006,181.699997,181.757507,40956
2026-05-29 16:00:00+00:00,181.729996,181.919998,181.690002,181.919998,30817
2026-05-29 16:05:00+00:00,181.890106,182.015594,181.852402,181.970001,55549
2026-05-29 16:10:00+00:00,181.940002,182.020004,181.720001,181.720001,39215
2026-05-29 16:15:00+00:00,181.750000,181.929993,181.684998,181.800003,47946
2026-05-29 16:20:00+00:00,181.789993,181.809998,181.649994,181.750000,33767
2026-05-29 16:25:00+00:00,181.755005,181.809998,181.710007,181.720001,41475
2026-05-29 16:30:00+00:00,181.699997,181.789993,181.600006,181.630295,59912
2026-05-29 16:35:00+00:00,181.630295,181.669998,181.470001,181.529999,45482
2026-05-29 16:40:00+00:00,181.500000,181.629898,181.449997,181.544998,45117
2026-05-29 16:45:00+00:00,181.570007,181.639999,181.479996,181.479996,46792
2026-05-29 16:50:00+00:00,181.479996,181.559998,181.470001,181.479996,36087
2026-05-29 16:55:00+00:00,181.470001,181.649994,181.470001,181.559998,51458
2026-05-29 17:00:00+00:00,181.559998,181.705002,181.559998,181.690002,44240
2026-05-29 17:05:00+00:00,181.679993,181.860001,181.604996,181.824997,36539
2026-05-29 17:10:00+00:00,181.809998,181.990005,181.809998,181.970001,52454
2026-05-29 17:15:00+00:00,181.990005,182.050003,181.960007,182.024994,45055
2026-05-29 17:20:00+00:00,182.029999,182.300003,182.020004,182.160095,69296
2026-05-29 17:25:00+00:00,182.175003,182.320007,182.139999,182.190002,51652
2026-05-29 17:30:00+00:00,182.190002,182.309998,182.175003,182.289993,28480
2026-05-29 17:35:00+00:00,182.279999,182.330002,182.160095,182.240005,35753
2026-05-29 17:40:00+00:00,182.240005,182.240005,182.110001,182.110001,37375
2026-05-29 17:45:00+00:00,182.110001,182.309998,182.080002,182.100403,42253
2026-05-29 17:50:00+00:00,182.110001,182.199997,181.960007,182.059097,69081
2026-05-29 17:55:00+00:00,182.050003,182.179993,182.000000,182.100006,44496
2026-05-29 18:00:00+00:00,182.100006,182.160004,182.070007,182.160004,50387
2026-05-29 18:05:00+00:00,182.160004,182.389999,182.110001,182.339996,53698
2026-05-29 18:10:00+00:00,182.339996,182.479996,182.339996,182.419998,43703
2026-05-29 18:15:00+00:00,182.419998,182.599899,182.399994,182.460007,61065
2026-05-29 18:20:00+00:00,182.460007,182.639999,182.449997,182.615005,40411
2026-05-29 18:25:00+00:00,182.610001,182.649994,182.530106,182.570007,40090
2026-05-29 18:30:00+00:00,182.529999,182.539993,182.240005,182.429993,92154
2026-05-29 18:35:00+00:00,182.434998,182.460007,182.320007,182.360001,61372
2026-05-29 18:40:00+00:00,182.360001,182.360001,182.164993,182.179993,66401
2026-05-29 18:45:00+00:00,182.190002,182.399994,182.190002,182.380005,102683
2026-05-29 18:50:00+00:00,182.369995,182.460007,182.300003,182.380005,129958
2026-05-29 18:55:00+00:00,182.380005,182.485001,182.300003,182.300003,79776
2026-05-29 19:00:00+00:00,182.279999,182.300003,181.901001,181.975006,85992
2026-05-29 19:05:00+00:00,181.975006,182.210007,181.931000,182.149994,74355
2026-05-29 19:10:00+00:00,182.160004,182.289993,182.100006,182.119995,61694
2026-05-29 19:15:00+00:00,182.100998,182.100998,181.930099,181.990005,64578
2026-05-29 19:20:00+00:00,182.009995,182.104996,181.960007,182.100006,58355
2026-05-29 19:25:00+00:00,182.100006,182.169907,181.979996,182.020004,63105
2026-05-29 19:30:00+00:00,182.029999,182.050003,181.889999,181.990005,77751
2026-05-29 19:35:00+00:00,182.009995,182.110001,181.891495,182.100006,82395
2026-05-29 19:40:00+00:00,182.130005,182.365005,182.125000,182.350006,80054
2026-05-29 19:45:00+00:00,182.330002,182.600006,182.229996,182.270004,121389
2026-05-29 19:50:00+00:00,182.250000,182.350006,181.889999,181.910004,221383
2026-05-29 19:55:00+00:00,181.940002,182.500000,181.820007,182.460007,459061
2026-06-01 13:30:00+00:00,184.375000,185.190002,184.020004,184.500000,379011
2026-06-01 13:35:00+00:00,184.529999,184.710007,184.110001,184.619904,183574
2026-06-01 13:40:00+00:00,184.559998,185.240005,184.559998,185.080002,137518
2026-06-01 13:45:00+00:00,185.039993,185.179993,184.640106,185.100006,161377
2026-06-01 13:50:00+00:00,185.125397,185.990005,185.110001,185.970001,222384
2026-06-01 13:55:00+00:00,185.949997,186.429993,185.839996,186.419998,120167
2026-06-01 14:00:00+00:00,186.380005,186.380005,185.871399,186.270004,108629
2026-06-01 14:05:00+00:00,186.259995,186.940002,186.190002,186.600006,152043
2026-06-01 14:10:00+00:00,186.660004,186.820007,186.550003,186.740005,154793
2026-06-01 14:15:00+00:00,186.750000,187.160004,186.639999,186.779999,201774
2026-06-01 14:20:00+00:00,186.830002,187.080002,186.660004,187.059998,103963
2026-06-01 14:25:00+00:00,187.070007,187.580002,187.070007,187.490005,110822
2026-06-01 14:30:00+00:00,187.429993,187.559998,187.139999,187.339996,134790
2026-06-01 14:35:00+00:00,187.309998,187.660004,187.279999,187.649994,89197
2026-06-01 14:40:00+00:00,187.669998,187.750000,187.479996,187.529999,98797
2026-06-01 14:45:00+00:00,187.539993,187.669998,187.490005,187.610001,63969
2026-06-01 14:50:00+00:00,187.649994,187.860001,187.600006,187.850006,82755
2026-06-01 14:55:00+00:00,187.854996,187.940002,187.710007,187.714996,85189
2026-06-01 15:00:00+00:00,187.720001,187.899994,187.539993,187.585007,240163
2026-06-01 15:05:00+00:00,187.589996,187.669998,187.229996,187.380005,79477
2026-06-01 15:10:00+00:00,187.449997,187.455002,187.080002,187.119995,55546
2026-06-01 15:15:00+00:00,187.149994,187.259903,186.779999,186.789993,146758
2026-06-01 15:20:00+00:00,186.779999,187.130005,186.720001,187.125000,92822
2026-06-01 15:25:00+00:00,187.154999,187.369995,186.822800,186.875000,137094
2026-06-01 15:30:00+00:00,186.850006,186.850006,185.860001,185.869995,195562
2026-06-01 15:35:00+00:00,185.839996,185.940002,185.699997,185.914993,71099
2026-06-01 15:40:00+00:00,185.889999,186.065002,185.770004,186.059998,51665
2026-06-01 15:45:00+00:00,186.080002,186.440002,186.074997,186.410004,44697
2026-06-01 15:50:00+00:00,186.442505,186.509995,186.225006,186.389999,41157
2026-06-01 15:55:00+00:00,186.362503,186.630005,186.309998,186.544998,28049
2026-06-01 16:00:00+00:00,186.520004,186.535004,186.289993,186.429993,54526
2026-06-01 16:05:00+00:00,186.429993,186.589996,186.384995,186.449997,31734
2026-06-01 16:10:00+00:00,186.470001,186.770004,186.429993,186.710007,43836
2026-06-01 16:15:00+00:00,186.729996,186.839996,186.725006,186.800003,44567
2026-06-01 16:20:00+00:00,186.820007,186.949997,186.710007,186.949997,36163
2026-06-01 16:25:00+00:00,186.929993,187.000000,186.770004,186.829895,39958
2026-06-01 16:30:00+00:00,186.740005,186.789993,186.589996,186.774994,41881
2026-06-01 16:35:00+00:00,186.759995,187.039993,186.740005,186.910004,55995
2026-06-01 16:40:00+00:00,186.919998,187.005005,186.759995,187.005005,41813
2026-06-01 16:45:00+00:00,187.059998,187.255005,186.979996,187.009995,43047
2026-06-01 16:50:00+00:00,187.000000,187.020004,186.410004,186.410004,36998
2026-06-01 16:55:00+00:00,186.440002,186.479996,186.100006,186.110001,39269
2026-06-01 17:00:00+00:00,186.139999,186.190002,186.050003,186.169998,31403
2026-06-01 17:05:00+00:00,186.197495,186.309998,186.119995,186.214996,36214
2026-06-01 17:10:00+00:00,186.205002,186.239899,186.100006,186.110001,25427
2026-06-01 17:15:00+00:00,186.089996,186.309998,186.039993,186.130005,31326
2026-06-01 17:20:00+00:00,186.125000,186.320007,186.089996,186.285004,51668
2026-06-01 17:25:00+00:00,186.259995,186.350006,185.630005,185.809998,109065
2026-06-01 17:30:00+00:00,185.800003,185.869995,185.440002,185.839996,79418
2026-06-01 17:35:00+00:00,185.810104,186.429993,185.727997,186.425003,60626
2026-06-01 17:40:00+00:00,186.449997,186.589996,186.070007,186.250000,99094
2026-06-01 17:45:00+00:00,186.210007,186.639999,186.149994,186.539993,36799
2026-06-01 17:50:00+00:00,186.565002,186.565002,186.350098,186.425003,45935
2026-06-01 17:55:00+00:00,186.429993,186.639999,186.380005,186.529999,43233
2026-06-01 18:00:00+00:00,186.509995,186.582504,186.375000,186.440002,58896
2026-06-01 18:05:00+00:00,186.419998,186.449997,186.339996,186.404999,89244
2026-06-01 18:10:00+00:00,186.404999,186.429993,186.281006,186.384995,50138
2026-06-01 18:15:00+00:00,186.360001,186.429993,186.255005,186.320007,44745
2026-06-01 18:20:00+00:00,186.315002,186.404999,186.160004,186.365005,52173
2026-06-01 18:25:00+00:00,186.343994,186.419998,186.320007,186.419998,41675
2026-06-01 18:30:00+00:00,186.414993,186.479996,186.300003,186.419998,47215
2026-06-01 18:35:00+00:00,186.440002,186.470001,186.340607,186.470001,34299
2026-06-01 18:40:00+00:00,186.470001,186.470001,186.315002,186.360001,43816
2026-06-01 18:45:00+00:00,186.350006,186.380005,186.169998,186.296204,43190
2026-06-01 18:50:00+00:00,186.300003,186.384995,186.220001,186.365005,52610
2026-06-01 18:55:00+00:00,186.360001,186.517502,186.169998,186.244995,176370
2026-06-01 19:00:00+00:00,186.240005,186.330002,186.160004,186.289993,51310
2026-06-01 19:05:00+00:00,186.309998,186.339996,186.183395,186.183395,55049
2026-06-01 19:10:00+00:00,186.169998,186.199997,186.014999,186.020004,48235
2026-06-01 19:15:00+00:00,186.035095,186.149994,185.970001,186.119995,71251
2026-06-01 19:20:00+00:00,186.119995,186.369904,186.110001,186.320007,53727
2026-06-01 19:25:00+00:00,186.330002,186.440002,186.289993,186.330002,70393
2026-06-01 19:30:00+00:00,186.309998,186.639999,186.309998,186.630005,65686
2026-06-01 19:35:00+00:00,186.639999,186.740005,186.509995,186.544998,75451
2026-06-01 19:40:00+00:00,186.520004,186.600006,186.279999,186.320007,80099
2026-06-01 19:45:00+00:00,186.320007,186.339996,186.039993,186.100601,93208
2026-06-01 19:50:00+00:00,186.169998,186.210007,185.669998,185.729996,174150
2026-06-01 19:55:00+00:00,185.729996,185.880005,185.520004,185.830002,537054
2026-06-02 13:30:00+00:00,184.875000,186.729996,184.875000,186.619995,263426
2026-06-02 13:35:00+00:00,186.559998,187.050003,186.500000,186.904999,81719
2026-06-02 13:40:00+00:00,186.910004,187.580002,186.889999,186.940002,77539
2026-06-02 13:45:00+00:00,186.979996,187.179993,186.664993,186.899994,56638
2026-06-02 13:50:00+00:00,186.839996,187.210007,186.839996,187.160004,67231
2026-06-02 13:55:00+00:00,187.210007,187.440002,186.979996,187.139999,58893
2026-06-02 14:00:00+00:00,187.119995,187.246002,186.820007,187.009995,60323
2026-06-02 14:05:00+00:00,187.009995,187.190002,186.930298,187.059998,55082
2026-06-02 14:10:00+00:00,187.065002,187.125000,186.699997,186.830002,55406
2026-06-02 14:15:00+00:00,186.845001,187.179993,186.820007,186.880005,82903
2026-06-02 14:20:00+00:00,186.880005,187.380005,186.820007,187.279999,57634
2026-06-02 14:25:00+00:00,187.320007,187.479996,187.160004,187.199997,50268
2026-06-02 14:30:00+00:00,187.164993,187.164993,186.770004,186.889893,44358
2026-06-02 14:35:00+00:00,186.880005,186.889999,186.649994,186.735901,38807
2026-06-02 14:40:00+00:00,186.759995,186.910004,186.669998,186.774994,54995
2026-06-02 14:45:00+00:00,186.869995,186.884995,186.479996,186.710007,53749
2026-06-02 14:50:00+00:00,186.720001,186.869995,186.410004,186.419998,63484
2026-06-02 14:55:00+00:00,186.419998,186.470001,186.289993,186.309998,66294
2026-06-02 15:00:00+00:00,186.309998,186.470001,186.229996,186.349396,48717
2026-06-02 15:05:00+00:00,186.350006,186.539993,186.320007,186.429993,37778
2026-06-02 15:10:00+00:00,186.414993,186.570007,186.360001,186.475006,62638
2026-06-02 15:15:00+00:00,186.490005,186.720001,186.389999,186.425003,39455
2026-06-02 15:20:00+00:00,186.425003,186.690002,186.425003,186.690002,32804
2026-06-02 15:25:00+00:00,186.690002,186.830002,186.669998,186.800003,27989
2026-06-02 15:30:00+00:00,186.830002,187.065002,186.809998,187.065002,34557
2026-06-02 15:35:00+00:00,187.054993,187.285004,187.039993,187.250000,38698
2026-06-02 15:40:00+00:00,187.250000,187.450500,187.229996,187.440002,55770
2026-06-02 15:45:00+00:00,187.445007,187.604996,187.274994,187.604996,59283
2026-06-02 15:50:00+00:00,187.619995,187.722595,187.509995,187.682297,43545
2026-06-02 15:55:00+00:00,187.699997,187.949997,187.699997,187.949997,37861
2026-06-02 16:00:00+00:00,187.960007,188.119995,187.880005,188.039993,61306
2026-06-02 16:05:00+00:00,188.020004,188.079697,187.710007,187.880005,45586
2026-06-02 16:10:00+00:00,187.880005,187.929993,187.800003,187.869995,21856
2026-06-02 16:15:00+00:00,187.880005,188.179901,187.860001,188.044998,37776
2026-06-02 16:20:00+00:00,188.029999,188.100006,187.950500,188.000000,24905
2026-06-02 16:25:00+00:00,188.029907,188.110001,188.009995,188.070007,17779
2026-06-02 16:30:00+00:00,188.074997,188.259995,188.070007,188.259995,28749
2026-06-02 16:35:00+00:00,188.274994,188.300003,188.149994,188.149994,31052
2026-06-02 16:40:00+00:00,188.139999,188.389999,188.110001,188.350006,33214
2026-06-02 16:45:00+00:00,188.360001,188.364502,188.059998,188.059998,41957
2026-06-02 16:50:00+00:00,188.089996,188.089996,187.910004,187.994995,30611
2026-06-02 16:55:00+00:00,188.005005,188.039993,187.929993,187.960007,27589
2026-06-02 17:00:00+00:00,188.000000,188.029999,187.750000,187.774994,43974
2026-06-02 17:05:00+00:00,187.770004,187.809998,187.559998,187.630005,64216
2026-06-02 17:10:00+00:00,187.630005,187.800003,187.630005,187.779999,46782
2026-06-02 17:15:00+00:00,187.789993,188.014999,187.729996,188.014999,46549
2026-06-02 17:20:00+00:00,187.990005,187.990005,187.820007,187.835007,37198
2026-06-02 17:25:00+00:00,187.820099,187.899994,187.800095,187.809998,35783
2026-06-02 17:30:00+00:00,187.820007,188.074997,187.820007,188.050003,37110
2026-06-02 17:35:00+00:00,188.035004,188.074997,187.880005,187.910004,52639
2026-06-02 17:40:00+00:00,187.940002,188.000000,187.800003,187.949997,41281
2026-06-02 17:45:00+00:00,187.960007,187.975006,187.860001,187.949997,25899
2026-06-02 17:50:00+00:00,187.934998,188.020004,187.839996,187.964996,29551
2026-06-02 17:55:00+00:00,187.970001,187.970001,187.809998,187.835007,26801
2026-06-02 18:00:00+00:00,187.809998,188.059998,187.809998,188.050003,47822
2026-06-02 18:05:00+00:00,188.044998,188.100998,187.890106,188.039993,26394
2026-06-02 18:10:00+00:00,188.044998,188.110001,187.990097,188.110001,24828
2026-06-02 18:15:00+00:00,188.139999,188.250000,188.110001,188.199997,22806
2026-06-02 18:20:00+00:00,188.220001,188.339996,188.220001,188.250000,19705
2026-06-02 18:25:00+00:00,188.255096,188.255096,188.110001,188.169998,24930
2026-06-02 18:30:00+00:00,188.160004,188.160004,188.080002,188.125000,26611
2026-06-02 18:35:00+00:00,188.139999,188.330002,188.139999,188.289993,30176
2026-06-02 18:40:00+00:00,188.300003,188.379898,188.300003,188.354996,20879
2026-06-02 18:45:00+00:00,188.339996,188.447800,188.300003,188.330002,33664
2026-06-02 18:50:00+00:00,188.330002,188.380005,188.210007,188.244995,26769
2026-06-02 18:55:00+00:00,188.244995,188.289993,188.199997,188.220001,22175
2026-06-02 19:00:00+00:00,188.210007,188.309998,188.184998,188.184998,27939
2026-06-02 19:05:00+00:00,188.190002,188.190002,188.029999,188.059998,28109
2026-06-02 19:10:00+00:00,188.080002,188.080002,187.940002,188.029999,33677
2026-06-02 19:15:00+00:00,188.014999,188.179993,188.014999,188.050003,41454
2026-06-02 19:20:00+00:00,188.039993,188.149994,187.960007,188.119995,32390
2026-06-02 19:25:00+00:00,188.100006,188.199997,188.027496,188.199997,33898
2026-06-02 19:30:00+00:00,188.210007,188.289993,188.149994,188.225006,50906
2026-06-02 19:35:00+00:00,188.225006,188.225006,187.970001,188.035004,35489
2026-06-02 19:40:00+00:00,188.020004,188.029999,187.900101,187.994995,40252
2026-06-02 19:45:00+00:00,187.979996,188.119995,187.964996,188.104996,82574
2026-06-02 19:50:00+00:00,188.110001,188.229996,188.014999,188.106293,84634
2026-06-02 19:55:00+00:00,188.080002,188.085007,187.619995,187.630005,383667
2026-06-03 13:30:00+00:00,188.889999,189.044998,187.960007,188.429993,365652
2026-06-03 13:35:00+00:00,188.440002,189.000000,188.160004,188.324997,80680
2026-06-03 13:40:00+00:00,188.329315,188.865005,188.270004,188.865005,93333
2026-06-03 13:45:00+00:00,188.830002,189.470001,188.830002,189.440002,119482
2026-06-03 13:50:00+00:00,189.470001,189.520004,188.720001,188.949997,103188
2026-06-03 13:55:00+00:00,188.990005,189.520004,188.931702,189.380005,83554
2026-06-03 14:00:00+00:00,189.404999,189.819901,189.279999,189.494995,134201
2026-06-03 14:05:00+00:00,189.494995,190.139999,189.220001,190.089996,126684
2026-06-03 14:10:00+00:00,190.089996,190.300003,189.910004,189.929993,107364
2026-06-03 14:15:00+00:00,189.940002,190.449997,189.860001,190.449997,83876
2026-06-03 14:20:00+00:00,190.440002,190.550003,190.229996,190.415100,85774
2026-06-03 14:25:00+00:00,190.460007,190.610001,190.369995,190.434998,55490
2026-06-03 14:30:00+00:00,190.440002,190.619995,190.380997,190.500000,54837
2026-06-03 14:35:00+00:00,190.479996,190.539993,190.110001,190.110001,71060
2026-06-03 14:40:00+00:00,190.039993,190.089996,189.809998,190.050003,49448
2026-06-03 14:45:00+00:00,190.050003,190.199997,190.000000,190.080002,47011
2026-06-03 14:50:00+00:00,190.149994,190.169998,189.580002,189.679993,50378
2026-06-03 14:55:00+00:00,189.690002,190.029999,189.649994,190.020004,63151
2026-06-03 15:00:00+00:00,190.000000,190.497803,190.000000,190.449997,53595
2026-06-03 15:05:00+00:00,190.419998,190.419998,190.190002,190.380005,41102
2026-06-03 15:10:00+00:00,190.380005,190.380005,190.040604,190.076096,43485
2026-06-03 15:15:00+00:00,190.054993,190.279999,190.039993,190.119995,36625
2026-06-03 15:20:00+00:00,190.070007,190.289993,190.059998,190.289993,29036
2026-06-03 15:25:00+00:00,190.289993,190.479996,190.250000,190.300003,33845
2026-06-03 15:30:00+00:00,190.320007,190.330002,190.110001,190.289993,41615
2026-06-03 15:35:00+00:00,190.300003,190.819305,190.289993,190.710007,55385
2026-06-03 15:40:00+00:00,190.789993,191.000000,190.710007,190.720001,64671
2026-06-03 15:45:00+00:00,190.789993,191.100006,190.755005,190.850006,59404
2026-06-03 15:50:00+00:00,190.839996,190.839996,190.690002,190.785004,25864
2026-06-03 15:55:00+00:00,190.839996,190.839996,190.667999,190.699997,53368
2026-06-03 16:00:00+00:00,190.710007,190.940002,190.679993,190.860001,35296
2026-06-03 16:05:00+00:00,190.869995,191.029999,190.865005,190.979996,37529
2026-06-03 16:10:00+00:00,191.009995,191.015106,190.789993,190.929993,28846
2026-06-03 16:15:00+00:00,190.949997,191.210007,190.949997,191.179993,52317
2026-06-03 16:20:00+00:00,191.160004,191.324997,191.060593,191.304794,37568
2026-06-03 16:25:00+00:00,191.309998,191.479996,191.279999,191.399994,36265
2026-06-03 16:30:00+00:00,191.380005,191.380005,191.009995,191.009995,91675
2026-06-03 16:35:00+00:00,191.000000,191.149994,190.919998,191.134995,41087
2026-06-03 16:40:00+00:00,191.089996,191.207199,191.070007,191.080002,26561
2026-06-03 16:45:00+00:00,191.065002,191.350006,191.045898,191.339996,38611
2026-06-03 16:50:00+00:00,191.335007,191.335007,190.955002,191.149994,57721
2026-06-03 16:55:00+00:00,191.160004,191.190002,190.860001,190.945007,62256
2026-06-03 17:00:00+00:00,190.960007,191.020004,190.850006,190.935898,43716
2026-06-03 17:05:00+00:00,190.945007,191.009995,190.610001,190.720001,45186
2026-06-03 17:10:00+00:00,190.720001,191.085007,190.679993,191.085007,32606
2026-06-03 17:15:00+00:00,191.020004,191.279999,191.020004,191.130005,38832
2026-06-03 17:20:00+00:00,191.130005,191.160004,190.830002,190.830002,36313
2026-06-03 17:25:00+00:00,190.830002,190.910004,190.729996,190.729996,32991
2026-06-03 17:30:00+00:00,190.750000,190.850006,190.690002,190.720001,33846
2026-06-03 17:35:00+00:00,190.695007,190.755005,190.500000,190.639999,32466
2026-06-03 17:40:00+00:00,190.580002,190.669998,190.470093,190.509995,24972
2026-06-03 17:45:00+00:00,190.524994,190.600006,190.479996,190.529999,39073
2026-06-03 17:50:00+00:00,190.509995,190.599899,190.460007,190.475006,22608
2026-06-03 17:55:00+00:00,190.490005,190.500000,190.360107,190.380005,45425
2026-06-03 18:00:00+00:00,190.399994,190.410004,190.250000,190.350006,27653
2026-06-03 18:05:00+00:00,190.300003,190.389999,190.250000,190.335007,35138
2026-06-03 18:10:00+00:00,190.309998,190.339996,190.095001,190.175003,32651
2026-06-03 18:15:00+00:00,190.134995,190.210007,189.794998,189.794998,46158
2026-06-03 18:20:00+00:00,189.820007,189.880005,189.522598,189.535004,35946
2026-06-03 18:25:00+00:00,189.529999,189.610001,189.490005,189.510101,36288
2026-06-03 18:30:00+00:00,189.529999,189.630005,189.440002,189.490097,44932
2026-06-03 18:35:00+00:00,189.514999,189.690002,189.514999,189.559998,30366
2026-06-03 18:40:00+00:00,189.539993,189.770004,189.539993,189.725006,38762
2026-06-03 18:45:00+00:00,189.700104,189.720001,189.429993,189.445007,32888
2026-06-03 18:50:00+00:00,189.470001,189.710007,189.460007,189.664993,45949
2026-06-03 18:55:00+00:00,189.660004,189.789993,189.639999,189.645599,39047
2026-06-03 19:00:00+00:00,189.639999,189.750000,189.559998,189.720001,45433
2026-06-03 19:05:00+00:00,189.740005,189.859894,189.710007,189.800003,35400
2026-06-03 19:10:00+00:00,189.804993,189.919998,189.740005,189.857498,41607
2026-06-03 19:15:00+00:00,189.839996,189.899994,189.720001,189.860001,70026
2026-06-03 19:20:00+00:00,189.899994,189.979996,189.869995,189.975006,57077
2026-06-03 19:25:00+00:00,189.970001,190.179993,189.970001,190.149994,61916
2026-06-03 19:30:00+00:00,190.139999,190.289993,190.039993,190.220001,94768
2026-06-03 19:35:00+00:00,190.250000,190.320007,190.175003,190.220001,82460
2026-06-03 19:40:00+00:00,190.199997,190.389999,190.100006,190.389999,80452
2026-06-03 19:45:00+00:00,190.369995,190.710007,190.309998,190.539993,160059
2026-06-03 19:50:00+00:00,190.570007,190.639999,190.240005,190.639999,157964
2026-06-03 19:55:00+00:00,190.710007,190.710007,189.660004,189.820007,621289
2026-06-04 13:30:00+00:00,189.000000,189.505005,188.320007,189.175003,354018
2026-06-04 13:35:00+00:00,189.229996,189.490005,188.661301,189.039993,53324
2026-06-04 13:40:00+00:00,189.085007,189.669998,188.970001,189.455002,57027
2026-06-04 13:45:00+00:00,189.440002,189.710007,189.084000,189.100006,53904
2026-06-04 13:50:00+00:00,189.105103,189.509995,188.550003,188.580002,51991
2026-06-04 13:55:00+00:00,188.595795,188.625000,188.123993,188.375000,69569
2026-06-04 14:00:00+00:00,188.389999,188.839996,188.190002,188.470001,65248
2026-06-04 14:05:00+00:00,188.509995,188.759995,188.270004,188.475006,52070
2026-06-04 14:10:00+00:00,188.419998,188.490005,187.860001,187.880005,52066
2026-06-04 14:15:00+00:00,187.850204,188.237396,187.669998,188.210007,60971
2026-06-04 14:20:00+00:00,188.160004,188.750000,188.154999,188.710007,42957
2026-06-04 14:25:00+00:00,188.679993,188.720001,188.460007,188.559998,46079
2026-06-04 14:30:00+00:00,188.595093,188.880005,188.530106,188.809998,48546
2026-06-04 14:35:00+00:00,188.869995,189.119995,188.830002,188.875000,48050
2026-06-04 14:40:00+00:00,188.830002,188.964996,188.800003,188.929993,24132
2026-06-04 14:45:00+00:00,188.929993,189.270004,188.919998,188.919998,38098
2026-06-04 14:50:00+00:00,188.919998,189.119995,188.800003,188.970001,35041
2026-06-04 14:55:00+00:00,189.020004,189.330002,189.020004,189.160004,22945
2026-06-04 15:00:00+00:00,189.169998,189.747803,189.164993,189.714996,39814
2026-06-04 15:05:00+00:00,189.740005,189.875000,189.699997,189.789993,31659
2026-06-04 15:10:00+00:00,189.804993,189.830002,189.440002,189.479996,33214
2026-06-04 15:15:00+00:00,189.490005,189.589996,189.350006,189.484955,34371
2026-06-04 15:20:00+00:00,189.475006,189.740005,189.475006,189.529999,27031
2026-06-04 15:25:00+00:00,189.524994,189.675903,189.470001,189.524994,28511
2026-06-04 15:30:00+00:00,189.539993,189.610001,189.449997,189.570007,46691
2026-06-04 15:35:00+00:00,189.600006,189.649994,189.404999,189.420105,29291
2026-06-04 15:40:00+00:00,189.450104,189.580002,189.434998,189.509995,41351
2026-06-04 15:45:00+00:00,189.520004,189.789993,189.520004,189.789993,19475
2026-06-04 15:50:00+00:00,189.800003,189.850006,189.740005,189.835007,23245
2026-06-04 15:55:00+00:00,189.835007,189.880005,189.740005,189.770004,32188
2026-06-04 16:00:00+00:00,189.759995,189.809998,189.669998,189.699997,41322
2026-06-04 16:05:00+00:00,189.690002,189.809998,189.684998,189.789993,30849
2026-06-04 16:10:00+00:00,189.820099,189.940002,189.820099,189.920502,25208
2026-06-04 16:15:00+00:00,189.940002,190.069901,189.919998,190.050003,37243
2026-06-04 16:20:00+00:00,190.070007,190.089996,189.740005,189.869995,31257
2026-06-04 16:25:00+00:00,189.850006,190.050003,189.850006,190.050003,25503
2026-06-04 16:30:00+00:00,190.050003,190.100006,189.770004,189.889999,39545
2026-06-04 16:35:00+00:00,189.884995,189.960007,189.820007,189.880005,22674
2026-06-04 16:40:00+00:00,189.863007,189.880005,189.779999,189.820007,23878
2026-06-04 16:45:00+00:00,189.820007,189.889999,189.729996,189.750000,21823
2026-06-04 16:50:00+00:00,189.759903,189.759903,189.464996,189.535004,29233
2026-06-04 16:55:00+00:00,189.535004,189.710007,189.535004,189.660004,17149
2026-06-04 17:00:00+00:00,189.710007,189.809998,189.619995,189.619995,29622
2026-06-04 17:05:00+00:00,189.604996,189.764999,189.559998,189.690002,21102
2026-06-04 17:10:00+00:00,189.714996,189.714996,189.639999,189.660004,22190
2026-06-04 17:15:00+00:00,189.639999,189.720001,189.630005,189.690002,24914
2026-06-04 17:20:00+00:00,189.675003,189.729996,189.600006,189.660004,24995
2026-06-04 17:25:00+00:00,189.660004,189.669998,189.509995,189.559998,25778
2026-06-04 17:30:00+00:00,189.565002,189.600006,189.240005,189.350006,26424
2026-06-04 17:35:00+00:00,189.359894,189.570007,189.320007,189.570007,20056
2026-06-04 17:40:00+00:00,189.580002,189.617996,189.500000,189.569901,27237
2026-06-04 17:45:00+00:00,189.539993,189.570007,189.380005,189.429993,27233
2026-06-04 17:50:00+00:00,189.429993,189.460007,189.306000,189.429993,27911
2026-06-04 17:55:00+00:00,189.455002,189.600006,189.419998,189.580002,22588
2026-06-04 18:00:00+00:00,189.600006,189.669998,189.240005,189.369995,80688
2026-06-04 18:05:00+00:00,189.384995,189.389999,189.259995,189.360001,22472
2026-06-04 18:10:00+00:00,189.389999,189.389999,189.050003,189.119995,25092
2026-06-04 18:15:00+00:00,189.149994,189.225006,189.119995,189.175003,20970
2026-06-04 18:20:00+00:00,189.199997,189.345505,189.169998,189.259995,34177
2026-06-04 18:25:00+00:00,189.244995,189.439896,189.244995,189.429993,20612
2026-06-04 18:30:00+00:00,189.429993,189.565002,189.380005,189.479996,42172
2026-06-04 18:35:00+00:00,189.460007,189.589996,189.449997,189.490005,20819
2026-06-04 18:40:00+00:00,189.490005,189.583694,189.460098,189.514999,18275
2026-06-04 18:45:00+00:00,189.514999,189.559998,189.389999,189.389999,53443
2026-06-04 18:50:00+00:00,189.389999,189.500000,189.279999,189.304993,103410
2026-06-04 18:55:00+00:00,189.320007,189.399994,189.169998,189.350006,80369
2026-06-04 19:00:00+00:00,189.389999,189.414993,189.150101,189.350006,38509
2026-06-04 19:05:00+00:00,189.365005,189.389999,189.130005,189.139999,39078
2026-06-04 19:10:00+00:00,189.119995,189.320007,189.119995,189.239899,29736
2026-06-04 19:15:00+00:00,189.220001,189.240005,189.050003,189.059998,35372
2026-06-04 19:20:00+00:00,189.074997,189.160004,188.915100,188.919998,68792
2026-06-04 19:25:00+00:00,188.919998,188.949997,188.619995,188.669998,46245
2026-06-04 19:30:00+00:00,188.660004,188.899994,188.539993,188.850006,67894
2026-06-04 19:35:00+00:00,188.865005,188.865005,188.729996,188.800003,53361
2026-06-04 19:40:00+00:00,188.809998,188.869995,188.740005,188.789993,62349
2026-06-04 19:45:00+00:00,188.770004,188.770004,188.400894,188.410004,89494
2026-06-04 19:50:00+00:00,188.419998,188.500000,188.020004,188.070007,128605
2026-06-04 19:55:00+00:00,188.100006,188.520004,188.080002,188.339996,431355
2026-06-05 13:30:00+00:00,189.059998,189.610001,187.970505,188.130005,217991
2026-06-05 13:35:00+00:00,188.024994,188.505005,187.860001,188.255005,70953
2026-06-05 13:40:00+00:00,188.263580,188.263580,187.619995,188.005005,62524
2026-06-05 13:45:00+00:00,187.949997,188.169998,187.419998,187.607193,99744
2026-06-05 13:50:00+00:00,187.630096,187.910004,187.220001,187.869995,94312
2026-06-05 13:55:00+00:00,187.875000,188.220001,187.589996,187.970001,99334
2026-06-05 14:00:00+00:00,187.975006,188.044998,186.610001,187.514999,105304
2026-06-05 14:05:00+00:00,187.500000,187.710007,187.139999,187.399994,57972
2026-06-05 14:10:00+00:00,187.419998,187.675003,187.289993,187.380005,64114
2026-06-05 14:15:00+00:00,187.365005,187.729996,187.350006,187.404999,56483
2026-06-05 14:20:00+00:00,187.389999,187.729996,187.229996,187.729996,68564
2026-06-05 14:25:00+00:00,187.774994,187.899994,187.660004,187.695007,82114
2026-06-05 14:30:00+00:00,187.729996,187.979996,187.602005,187.960007,87470
2026-06-05 14:35:00+00:00,187.979996,188.470001,187.869995,188.449997,63153
2026-06-05 14:40:00+00:00,188.470001,188.565002,188.199997,188.545105,94744
2026-06-05 14:45:00+00:00,188.559998,188.570007,188.059998,188.119995,98945
2026-06-05 14:50:00+00:00,188.160004,188.389999,188.143997,188.315002,31571
2026-06-05 14:55:00+00:00,188.395004,188.529999,188.259995,188.404999,42825
2026-06-05 15:00:00+00:00,188.395004,188.744995,188.395004,188.589996,53241
2026-06-05 15:05:00+00:00,188.600098,188.914993,188.529999,188.574997,39691
2026-06-05 15:10:00+00:00,188.625000,188.735001,188.389999,188.710007,57502
2026-06-05 15:15:00+00:00,188.660004,188.845001,188.636002,188.699997,69564
2026-06-05 15:20:00+00:00,188.699997,188.789993,188.389999,188.529999,93470
2026-06-05 15:25:00+00:00,188.529999,188.699997,188.410004,188.470001,77853
2026-06-05 15:30:00+00:00,188.500000,188.544998,188.139999,188.179993,50716
2026-06-05 15:35:00+00:00,188.190002,188.300003,188.065002,188.169998,49159
2026-06-05 15:40:00+00:00,188.173096,188.259903,188.000000,188.149994,70069
2026-06-05 15:45:00+00:00,188.089996,188.089996,187.794998,187.804993,40591
2026-06-05 15:50:00+00:00,187.809998,187.809998,187.360001,187.360001,33417
2026-06-05 15:55:00+00:00,187.339996,187.389999,186.884995,186.994995,62074
2026-06-05 16:00:00+00:00,187.039993,187.449997,187.020004,187.425003,54244
2026-06-05 16:05:00+00:00,187.419998,187.639999,187.419998,187.600006,32526
2026-06-05 16:10:00+00:00,187.610001,187.710007,187.360001,187.449905,46287
2026-06-05 16:15:00+00:00,187.429993,187.550003,187.235001,187.300003,39010
2026-06-05 16:20:00+00:00,187.300003,187.360001,187.000000,187.000000,39173
2026-06-05 16:25:00+00:00,187.009995,187.029999,186.589996,186.789993,58054
2026-06-05 16:30:00+00:00,186.809998,186.910004,186.759995,186.860001,31861
2026-06-05 16:35:00+00:00,186.845001,186.929993,186.759995,186.830093,35275
2026-06-05 16:40:00+00:00,186.865005,187.110001,186.824997,187.039993,46768
2026-06-05 16:45:00+00:00,187.009995,187.345001,186.899994,187.035004,59136
2026-06-05 16:50:00+00:00,187.020004,187.339996,187.020004,187.309906,59865
2026-06-05 16:55:00+00:00,187.270004,187.470001,187.250000,187.280502,47358
2026-06-05 17:00:00+00:00,187.320007,187.399994,187.175003,187.289993,43645
2026-06-05 17:05:00+00:00,187.289993,187.565002,187.289993,187.529999,52270
2026-06-05 17:10:00+00:00,187.529999,187.839996,187.500000,187.830002,30506
2026-06-05 17:15:00+00:00,187.820007,188.110001,187.800003,188.065002,34390
2026-06-05 17:20:00+00:00,188.080002,188.130005,187.830002,187.929993,45302
2026-06-05 17:25:00+00:00,187.925003,188.070007,187.845001,187.880005,59964
2026-06-05 17:30:00+00:00,187.889999,188.009995,187.770004,187.800003,67068
2026-06-05 17:35:00+00:00,187.794998,188.050003,187.794998,187.990005,40214
2026-06-05 17:40:00+00:00,187.985001,188.100006,187.820007,187.839996,45734
2026-06-05 17:45:00+00:00,187.820007,187.880005,187.690002,187.720001,34987
2026-06-05 17:50:00+00:00,187.729996,187.753555,187.509995,187.610001,29145
2026-06-05 17:55:00+00:00,187.630005,187.850006,187.625000,187.830002,27331
2026-06-05 18:00:00+00:00,187.809998,187.899994,187.779999,187.830002,40722
2026-06-05 18:05:00+00:00,187.835007,187.949997,187.800003,187.850006,34191
2026-06-05 18:10:00+00:00,187.845001,188.130005,187.699997,188.130005,52880
2026-06-05 18:15:00+00:00,188.160004,188.419907,188.125000,188.360001,56952
2026-06-05 18:20:00+00:00,188.360001,188.360001,188.059998,188.250000,50485
2026-06-05 18:25:00+00:00,188.244995,188.289993,188.089996,188.270004,51959
2026-06-05 18:30:00+00:00,188.285004,188.289993,188.059998,188.119995,47115
2026-06-05 18:35:00+00:00,188.115005,188.287292,188.080002,188.119995,36522
2026-06-05 18:40:00+00:00,188.125000,188.315002,188.104996,188.160004,41687
2026-06-05 18:45:00+00:00,188.164993,188.199997,187.940002,187.960007,61530
2026-06-05 18:50:00+00:00,187.975006,188.085693,187.690002,187.690002,45009
2026-06-05 18:55:00+00:00,187.695007,187.820007,187.414703,187.529999,95100
2026-06-05 19:00:00+00:00,187.529999,187.830002,187.440002,187.509995,65056
2026-06-05 19:05:00+00:00,187.505005,187.770004,187.429993,187.649994,61197
2026-06-05 19:10:00+00:00,187.654999,187.800003,187.619995,187.710007,58346
2026-06-05 19:15:00+00:00,187.725006,187.830002,187.610001,187.789993,88167
2026-06-05 19:20:00+00:00,187.800003,188.039993,187.649994,187.990005,71296
2026-06-05 19:25:00+00:00,187.985001,188.279007,187.955002,188.080002,74973
2026-06-05 19:30:00+00:00,188.080002,188.268600,187.910004,188.029999,88839
2026-06-05 19:35:00+00:00,188.014999,188.070007,187.750000,187.789993,130777
2026-06-05 19:40:00+00:00,187.770004,187.850006,187.369995,187.589996,93645
2026-06-05 19:45:00+00:00,187.580002,187.679993,187.309998,187.395004,96802
2026-06-05 19:50:00+00:00,187.410004,187.809998,187.384995,187.679993,158994
2026-06-05 19:55:00+00:00,187.690002,187.729996,187.179993,187.369995,342248
2026-06-08 13:30:00+00:00,188.699997,189.940002,188.500000,189.820007,229262
2026-06-08 13:35:00+00:00,189.899994,190.050003,189.460007,189.839996,75476
2026-06-08 13:40:00+00:00,189.848312,190.190002,189.720001,189.990005,99270
2026-06-08 13:45:00+00:00,189.979996,190.630005,189.979996,190.300003,92656
2026-06-08 13:50:00+00:00,190.210007,190.524994,190.020004,190.445007,78823
2026-06-08 13:55:00+00:00,190.455002,191.020004,190.360001,190.929993,93688
2026-06-08 14:00:00+00:00,190.899994,191.029999,190.604996,190.740005,151822
2026-06-08 14:05:00+00:00,190.809998,190.809998,190.550003,190.649994,64977
2026-06-08 14:10:00+00:00,190.679993,190.764999,189.509995,189.740097,69793
2026-06-08 14:15:00+00:00,189.850006,190.020004,189.610001,189.690002,63049
2026-06-08 14:20:00+00:00,189.649994,189.779999,189.380005,189.750000,45735
2026-06-08 14:25:00+00:00,189.750000,190.050003,189.669998,190.024994,73506
2026-06-08 14:30:00+00:00,190.039993,190.350006,189.929993,190.100006,59770
2026-06-08 14:35:00+00:00,190.110001,190.360001,189.929993,190.107697,50367
2026-06-08 14:40:00+00:00,190.220001,190.259995,189.949997,190.039993,124605
2026-06-08 14:45:00+00:00,190.020004,190.199997,189.690002,190.000000,60357
2026-06-08 14:50:00+00:00,189.985001,190.190002,189.919998,190.080002,50164
2026-06-08 14:55:00+00:00,190.080093,190.164993,189.940002,189.985001,41907
2026-06-08 15:00:00+00:00,190.005005,190.259995,189.949997,190.229996,70645
2026-06-08 15:05:00+00:00,190.240005,190.300003,189.970001,189.979996,38093
2026-06-08 15:10:00+00:00,190.000000,190.139999,189.690002,189.740005,49250
2026-06-08 15:15:00+00:00,189.720001,189.860001,189.574997,189.710007,67105
2026-06-08 15:20:00+00:00,189.690002,189.899994,189.570007,189.570007,27509
2026-06-08 15:25:00+00:00,189.649994,189.770004,189.580002,189.679993,33247
2026-06-08 15:30:00+00:00,189.699997,189.710007,189.339996,189.360001,29466
2026-06-08 15:35:00+00:00,189.380005,189.550003,189.264999,189.509995,34040
2026-06-08 15:40:00+00:00,189.500000,189.665604,189.457504,189.589996,43119
2026-06-08 15:45:00+00:00,189.574997,189.660004,189.539993,189.570099,21979
2026-06-08 15:50:00+00:00,189.580002,189.820007,189.570007,189.770004,33369
2026-06-08 15:55:00+00:00,189.720001,189.850006,189.580002,189.610001,36717
2026-06-08 16:00:00+00:00,189.610001,189.660004,189.534500,189.570999,25696
2026-06-08 16:05:00+00:00,189.550003,189.625000,189.479996,189.625000,31501
2026-06-08 16:10:00+00:00,189.639999,189.720001,189.490005,189.720001,40169
2026-06-08 16:15:00+00:00,189.720001,189.720001,189.380005,189.380005,24088
2026-06-08 16:20:00+00:00,189.414993,189.500000,189.360001,189.490005,37660
2026-06-08 16:25:00+00:00,189.479996,189.559998,189.419998,189.514999,24868
2026-06-08 16:30:00+00:00,189.479996,189.539993,189.289993,189.300003,26364
2026-06-08 16:35:00+00:00,189.330002,189.380005,189.169998,189.309998,32215
2026-06-08 16:40:00+00:00,189.270004,189.339996,189.139999,189.139999,24098
2026-06-08 16:45:00+00:00,189.149994,189.349594,189.149994,189.285004,24543
2026-06-08 16:50:00+00:00,189.259995,189.470001,189.229996,189.460007,27672
2026-06-08 16:55:00+00:00,189.429993,189.539993,189.369995,189.369995,20522
2026-06-08 17:00:00+00:00,189.360001,189.360001,189.210007,189.270004,26030
2026-06-08 17:05:00+00:00,189.279999,189.339905,189.250000,189.289993,19370
2026-06-08 17:10:00+00:00,189.329895,189.380005,189.270096,189.380005,25584
2026-06-08 17:15:00+00:00,189.360001,189.500000,189.350006,189.490005,27233
2026-06-08 17:20:00+00:00,189.479996,189.479996,189.264999,189.335007,25946
2026-06-08 17:25:00+00:00,189.335007,189.335007,189.210007,189.210007,21696
2026-06-08 17:30:00+00:00,189.220001,189.300003,189.059998,189.095001,44895
2026-06-08 17:35:00+00:00,189.110001,189.460007,189.110001,189.440002,27566
2026-06-08 17:40:00+00:00,189.479996,189.520004,189.350006,189.520004,24364
2026-06-08 17:45:00+00:00,189.490005,189.630005,189.490005,189.580002,25069
2026-06-08 17:50:00+00:00,189.660004,189.675003,189.460098,189.580002,19053
2026-06-08 17:55:00+00:00,189.580002,189.759995,189.579895,189.750000,20987
2026-06-08 18:00:00+00:00,189.750000,190.027496,189.750000,189.983200,34776
2026-06-08 18:05:00+00:00,189.981705,190.169998,189.970001,190.149994,34711
2026-06-08 18:10:00+00:00,190.119995,190.119995,189.929993,190.009995,33827
2026-06-08 18:15:00+00:00,190.059998,190.139999,190.020004,190.089996,27444
2026-06-08 18:20:00+00:00,190.074997,190.119995,190.020096,190.020096,22959
2026-06-08 18:25:00+00:00,190.039993,190.115005,190.020004,190.070007,32727
2026-06-08 18:30:00+00:00,190.089996,190.149994,189.860001,189.860001,151793
2026-06-08 18:35:00+00:00,189.830002,189.850006,189.550003,189.550003,27025
2026-06-08 18:40:00+00:00,189.559998,189.619995,189.399994,189.479996,77779
2026-06-08 18:45:00+00:00,189.479996,189.505096,189.380005,189.399994,43207
2026-06-08 18:50:00+00:00,189.399994,189.419998,189.210007,189.210007,61978
2026-06-08 18:55:00+00:00,189.210007,189.360001,189.210007,189.270004,51356
2026-06-08 19:00:00+00:00,189.240005,189.369995,189.220001,189.235001,48721
2026-06-08 19:05:00+00:00,189.210007,189.309998,189.100006,189.220001,49257
2026-06-08 19:10:00+00:00,189.199997,189.225006,189.080002,189.080002,39959
2026-06-08 19:15:00+00:00,189.128098,189.128098,188.979996,188.990005,63978
2026-06-08 19:20:00+00:00,188.970001,189.085007,188.910004,188.919998,64998
2026-06-08 19:25:00+00:00,188.919998,188.949997,188.699997,188.740005,80341
2026-06-08 19:30:00+00:00,188.735001,188.990005,188.714996,188.985001,84835
2026-06-08 19:35:00+00:00,188.970001,189.190002,188.960007,189.139999,74989
2026-06-08 19:40:00+00:00,189.149994,189.210007,188.994995,189.089996,89108
2026-06-08 19:45:00+00:00,189.080002,189.380005,189.035004,189.205002,99776
2026-06-08 19:50:00+00:00,189.220001,189.419998,189.100006,189.240005,133944
2026-06-08 19:55:00+00:00,189.250000,189.369995,189.059998,189.220001,419835
2026-06-09 13:30:00+00:00,188.500000,189.382904,187.764999,188.130005,232572
2026-06-09 13:35:00+00:00,188.149994,188.149994,187.460007,187.729996,114407
2026-06-09 13:40:00+00:00,187.740005,188.369995,187.399994,187.479996,84861
2026-06-09 13:45:00+00:00,187.460007,187.789993,187.112900,187.139999,136813
2026-06-09 13:50:00+00:00,187.190002,187.550003,187.020004,187.360001,76540
2026-06-09 13:55:00+00:00,187.380005,187.630005,187.020004,187.089996,82476
2026-06-09 14:00:00+00:00,187.250000,187.250000,186.630005,187.044998,100749
2026-06-09 14:05:00+00:00,187.115005,187.320007,186.839996,187.169998,102080
2026-06-09 14:10:00+00:00,187.209000,187.229996,186.764999,186.764999,153275
2026-06-09 14:15:00+00:00,186.759995,186.964996,186.240005,186.570007,124014
2026-06-09 14:20:00+00:00,186.580002,186.660004,186.009995,186.190002,61883
2026-06-09 14:25:00+00:00,186.110001,186.289993,185.880005,186.210007,52281
2026-06-09 14:30:00+00:00,186.210007,186.539993,186.130005,186.130005,111138
2026-06-09 14:35:00+00:00,186.130005,186.539993,185.899994,186.475006,71064
2026-06-09 14:40:00+00:00,186.460007,186.479996,186.190002,186.350006,62654
2026-06-09 14:45:00+00:00,186.350006,186.460007,185.960007,186.000000,66360
2026-06-09 14:50:00+00:00,186.000000,186.009995,185.479996,185.559998,83927
2026-06-09 14:55:00+00:00,185.509995,185.789993,185.470001,185.487503,71543
2026-06-09 15:00:00+00:00,185.500000,186.070007,185.470001,186.005005,63791
2026-06-09 15:05:00+00:00,186.000000,186.130005,185.690002,186.100006,66178
2026-06-09 15:10:00+00:00,186.100006,186.929993,186.044998,186.830002,69630
2026-06-09 15:15:00+00:00,186.809998,186.929993,186.639999,186.759995,72825
2026-06-09 15:20:00+00:00,186.770004,187.309998,186.755005,186.980103,62149
2026-06-09 15:25:00+00:00,186.994995,187.309998,186.929993,187.169998,89317
2026-06-09 15:30:00+00:00,187.160004,187.210007,186.860001,187.014999,85878
2026-06-09 15:35:00+00:00,187.024994,187.210007,186.940002,187.070007,61529
2026-06-09 15:40:00+00:00,187.134995,187.134995,186.669998,186.699997,56628
2026-06-09 15:45:00+00:00,186.679993,186.789993,186.389999,186.415100,60363
2026-06-09 15:50:00+00:00,186.380005,186.380005,186.050003,186.199997,61125
2026-06-09 15:55:00+00:00,186.179993,186.184998,185.770004,186.039993,106280
2026-06-09 16:00:00+00:00,186.070007,186.270004,185.800003,186.259995,89366
2026-06-09 16:05:00+00:00,186.270004,186.445007,186.000000,186.110001,97731
2026-06-09 16:10:00+00:00,186.154999,186.369995,186.100006,186.160004,49511
2026-06-09 16:15:00+00:00,186.164993,186.830002,186.100006,186.399994,81121
2026-06-09 16:20:00+00:00,186.360001,186.649994,185.970001,185.970001,62734
2026-06-09 16:25:00+00:00,185.929993,186.300003,185.690002,186.279999,58145
2026-06-09 16:30:00+00:00,186.279999,186.520004,186.240005,186.285004,64964
2026-06-09 16:35:00+00:00,186.250000,187.429993,186.100006,187.309998,180848
2026-06-09 16:40:00+00:00,187.335007,187.669998,187.080002,187.270004,167062
2026-06-09 16:45:00+00:00,187.309998,187.750000,187.259995,187.365005,125514
2026-06-09 16:50:00+00:00,187.380005,187.820099,187.169998,187.820099,125958
2026-06-09 16:55:00+00:00,187.839996,187.914993,187.335007,187.529999,85428
2026-06-09 17:00:00+00:00,187.460007,187.779999,187.050003,187.110001,98998
2026-06-09 17:05:00+00:00,187.179993,187.259995,187.029999,187.089996,69830
2026-06-09 17:10:00+00:00,187.100006,187.550003,186.970001,187.044998,108147
2026-06-09 17:15:00+00:00,187.024994,187.100006,186.770004,187.100006,108394
2026-06-09 17:20:00+00:00,187.119995,187.210007,186.740005,186.757996,75699
2026-06-09 17:25:00+00:00,186.770004,186.929993,186.664993,186.884995,54754
2026-06-09 17:30:00+00:00,186.889999,187.279999,186.869995,186.869995,47606
2026-06-09 17:35:00+00:00,186.860107,186.869995,186.550003,186.699997,51577
2026-06-09 17:40:00+00:00,186.690002,186.785004,186.440002,186.460007,107176
2026-06-09 17:45:00+00:00,186.440002,186.839996,186.429993,186.789993,70921
2026-06-09 17:50:00+00:00,186.820007,186.899994,186.600006,186.774994,58371
2026-06-09 17:55:00+00:00,186.759995,186.809998,186.645004,186.660095,47154
2026-06-09 18:00:00+00:00,186.619995,186.929993,186.559998,186.794998,51813
2026-06-09 18:05:00+00:00,186.804993,186.895004,186.750107,186.820007,40518
2026-06-09 18:10:00+00:00,186.789993,187.029907,186.785004,186.895660,59385
2026-06-09 18:15:00+00:00,186.929993,187.029999,186.889999,186.940002,41303
2026-06-09 18:20:00+00:00,186.919998,186.964996,186.710007,186.789993,42242
2026-06-09 18:25:00+00:00,186.809906,186.899994,186.750000,186.779999,36245
2026-06-09 18:30:00+00:00,186.789993,186.793198,186.600006,186.793198,42446
2026-06-09 18:35:00+00:00,186.779999,186.854996,186.729996,186.800003,28336
2026-06-09 18:40:00+00:00,186.839996,186.839996,186.619995,186.789993,34973
2026-06-09 18:45:00+00:00,186.779999,186.949997,186.710007,186.929993,33833
2026-06-09 18:50:00+00:00,186.919998,186.934998,186.710007,186.929993,31601
2026-06-09 18:55:00+00:00,186.914993,187.130005,186.914993,186.914993,57084
2026-06-09 19:00:00+00:00,186.925003,186.949997,186.684998,186.770004,55014
2026-06-09 19:05:00+00:00,186.759995,186.850006,186.690002,186.770004,55536
2026-06-09 19:10:00+00:00,186.789993,186.940002,186.770004,186.934998,51341
2026-06-09 19:15:00+00:00,186.929993,187.000000,186.835007,186.884995,60084
2026-06-09 19:20:00+00:00,186.884995,186.884995,186.529999,186.619995,61139
2026-06-09 19:25:00+00:00,186.619995,186.710007,186.490005,186.559998,45300
2026-06-09 19:30:00+00:00,186.604996,186.604996,186.320007,186.330002,73111
2026-06-09 19:35:00+00:00,186.330002,186.350006,186.110001,186.330002,75705
2026-06-09 19:40:00+00:00,186.369995,186.470001,186.242798,186.399994,64882
2026-06-09 19:45:00+00:00,186.419998,186.675003,186.417694,186.570007,78051
2026-06-09 19:50:00+00:00,186.570007,187.095001,186.539993,186.889999,142361
2026-06-09 19:55:00+00:00,186.899994,186.949997,186.580002,186.750000,385620
2026-06-10 13:30:00+00:00,189.190002,190.149994,188.229996,189.350006,574632
2026-06-10 13:35:00+00:00,189.309998,189.389999,188.820007,189.050003,138747
2026-06-10 13:40:00+00:00,189.100006,189.190002,188.399994,188.639999,156264
2026-06-10 13:45:00+00:00,188.630005,189.110001,188.535004,188.610001,74969
2026-06-10 13:50:00+00:00,188.600006,189.369995,188.595001,189.339996,82840
2026-06-10 13:55:00+00:00,189.350006,189.599899,189.160004,189.505005,77294
2026-06-10 14:00:00+00:00,189.500000,189.705002,189.250000,189.270004,96570
2026-06-10 14:05:00+00:00,189.300003,189.339996,188.850006,189.179993,95330
2026-06-10 14:10:00+00:00,189.169998,189.300003,188.350006,188.470001,140022
2026-06-10 14:15:00+00:00,188.462097,189.160004,188.460007,189.119995,104255
2026-06-10 14:20:00+00:00,189.139999,189.509995,189.100006,189.324997,105764
2026-06-10 14:25:00+00:00,189.300003,189.639999,189.240005,189.369995,97220
2026-06-10 14:30:00+00:00,189.369995,189.809906,189.169998,189.539993,109886
2026-06-10 14:35:00+00:00,189.600006,190.139999,189.559998,190.139999,155180
2026-06-10 14:40:00+00:00,190.149994,190.410004,190.089996,190.350006,90273
2026-06-10 14:45:00+00:00,190.320007,190.794998,190.315002,190.740005,89289
2026-06-10 14:50:00+00:00,190.740005,190.740005,190.304993,190.411804,106042
2026-06-10 14:55:00+00:00,190.399994,190.904999,190.339996,190.740005,87651
2026-06-10 15:00:00+00:00,190.729996,190.940002,190.429993,190.710007,101366
2026-06-10 15:05:00+00:00,190.710007,190.830002,190.639999,190.764999,74225
2026-06-10 15:10:00+00:00,190.770004,191.029999,190.669998,190.990005,109632
2026-06-10 15:15:00+00:00,190.994995,191.279999,190.809998,190.949997,121386
2026-06-10 15:20:00+00:00,190.949997,191.220001,190.815002,191.190002,129775
2026-06-10 15:25:00+00:00,191.214996,191.326904,191.000000,191.080002,68733
2026-06-10 15:30:00+00:00,191.100006,191.119995,190.869995,190.990005,86921
2026-06-10 15:35:00+00:00,191.000000,191.259995,190.990005,191.080002,85602
2026-06-10 15:40:00+00:00,191.110001,191.149902,190.800003,190.831406,43456
2026-06-10 15:45:00+00:00,190.845001,191.630005,190.740005,191.600098,130478
2026-06-10 15:50:00+00:00,191.639893,191.940002,191.520004,191.779999,118424
2026-06-10 15:55:00+00:00,191.740005,191.820007,191.529999,191.639999,70362
2026-06-10 16:00:00+00:00,191.634995,191.875000,191.520004,191.761398,86665
2026-06-10 16:05:00+00:00,191.764999,191.839996,191.610001,191.699997,72187
2026-06-10 16:10:00+00:00,191.660004,191.940002,191.660004,191.800003,71245
2026-06-10 16:15:00+00:00,191.820007,191.830002,191.520004,191.539902,63282
2026-06-10 16:20:00+00:00,191.520004,191.559998,191.309998,191.520004,64600
2026-06-10 16:25:00+00:00,191.539993,191.620102,191.425003,191.570007,55212
2026-06-10 16:30:00+00:00,191.580002,191.729996,191.520004,191.589996,41789
2026-06-10 16:35:00+00:00,191.580002,191.689697,191.460007,191.664993,43675
2026-06-10 16:40:00+00:00,191.649994,191.759995,191.600006,191.660004,34067
2026-06-10 16:45:00+00:00,191.669998,191.729996,191.589996,191.649994,31980
2026-06-10 16:50:00+00:00,191.649994,191.699997,191.554993,191.610001,33773
2026-06-10 16:55:00+00:00,191.570007,191.669998,191.514999,191.559998,30088
2026-06-10 17:00:00+00:00,191.551300,191.850006,191.490005,191.850006,51515
2026-06-10 17:05:00+00:00,191.860001,192.235001,191.860001,192.199997,97704
2026-06-10 17:10:00+00:00,192.209793,192.570007,192.199997,192.475006,84914
2026-06-10 17:15:00+00:00,192.470001,192.684998,192.460007,192.576538,65660
2026-06-10 17:20:00+00:00,192.570007,192.570007,192.339996,192.485001,62445
2026-06-10 17:25:00+00:00,192.490005,192.617004,192.460007,192.535004,45249
2026-06-10 17:30:00+00:00,192.554001,192.554001,192.270004,192.309998,42446
2026-06-10 17:35:00+00:00,192.320007,192.380005,192.040100,192.139999,58222
2026-06-10 17:40:00+00:00,192.119995,192.130005,191.940002,191.960007,56176
2026-06-10 17:45:00+00:00,191.979996,192.000000,191.649994,191.904999,83689
2026-06-10 17:50:00+00:00,191.940002,192.059998,191.789993,191.880005,89424
2026-06-10 17:55:00+00:00,191.880005,191.899994,191.671005,191.779999,54472
2026-06-10 18:00:00+00:00,191.779999,191.779999,191.309998,191.309998,84774
2026-06-10 18:05:00+00:00,191.250000,191.410004,191.169998,191.410004,71136
2026-06-10 18:10:00+00:00,191.419998,191.419998,191.235001,191.249893,45178
2026-06-10 18:15:00+00:00,191.240005,191.259995,191.050003,191.110001,52787
2026-06-10 18:20:00+00:00,191.100006,191.110001,190.945007,191.029999,98435
2026-06-10 18:25:00+00:00,191.000000,191.059998,190.750107,190.770096,67134
2026-06-10 18:30:00+00:00,190.770004,191.100006,190.720001,191.059998,60840
2026-06-10 18:35:00+00:00,191.085007,191.199997,190.850006,190.940002,77210
2026-06-10 18:40:00+00:00,190.929993,191.039993,190.899994,190.979996,68489
2026-06-10 18:45:00+00:00,190.970001,191.110001,190.860001,191.070007,84285
2026-06-10 18:50:00+00:00,191.089996,191.160004,190.996994,191.020004,56700
2026-06-10 18:55:00+00:00,191.029999,191.154999,190.990005,191.035004,59133
2026-06-10 19:00:00+00:00,191.029999,191.119995,190.889999,190.985001,55194
2026-06-10 19:05:00+00:00,190.990005,191.205002,190.979996,191.130005,55066
2026-06-10 19:10:00+00:00,191.139999,191.279999,191.130005,191.279999,58248
2026-06-10 19:15:00+00:00,191.259995,191.449997,191.195007,191.449997,69515
2026-06-10 19:20:00+00:00,191.440002,191.544998,191.360001,191.445007,68019
2026-06-10 19:25:00+00:00,191.460007,191.550003,191.429993,191.429993,89605
2026-06-10 19:30:00+00:00,191.470001,191.539993,191.380005,191.414993,93924
2026-06-10 19:35:00+00:00,191.410004,191.419998,190.770004,190.779999,76008
2026-06-10 19:40:00+00:00,190.759995,190.759995,190.509995,190.619995,115896
2026-06-10 19:45:00+00:00,190.589996,190.729996,190.509995,190.600006,141042
2026-06-10 19:50:00+00:00,190.589996,190.789993,190.229996,190.270004,187120
2026-06-10 19:55:00+00:00,190.270004,190.330002,189.720001,189.830002,535985
2026-06-11 13:30:00+00:00,191.809998,192.250000,191.100006,191.389999,239800
2026-06-11 13:35:00+00:00,191.419998,192.014999,191.039993,192.014999,101812
2026-06-11 13:40:00+00:00,192.059998,192.149994,191.169998,191.324997,75641
2026-06-11 13:45:00+00:00,191.304993,191.490005,190.550003,190.824997,86253
2026-06-11 13:50:00+00:00,190.779999,190.889999,190.160004,190.169998,77494
2026-06-11 13:55:00+00:00,190.250000,190.259995,189.580002,189.850006,63279
2026-06-11 14:00:00+00:00,189.854996,190.369995,189.774994,190.350006,81344
2026-06-11 14:05:00+00:00,190.339996,191.750000,190.190002,190.389999,114621
2026-06-11 14:10:00+00:00,190.384995,190.524994,190.009995,190.199997,74424
2026-06-11 14:15:00+00:00,190.229996,190.880005,190.179993,190.869995,106391
2026-06-11 14:20:00+00:00,190.869995,191.085007,190.434998,190.570007,75456
2026-06-11 14:25:00+00:00,190.610001,190.630005,190.160004,190.175507,37634
2026-06-11 14:30:00+00:00,190.210007,190.559998,190.179993,190.354996,46641
2026-06-11 14:35:00+00:00,190.350006,190.350006,189.860001,190.020004,40757
2026-06-11 14:40:00+00:00,189.940002,190.059998,189.809998,189.940002,42508
2026-06-11 14:45:00+00:00,189.949997,189.960007,189.649994,189.850006,45421
2026-06-11 14:50:00+00:00,189.869995,189.910004,189.669998,189.720001,37602
2026-06-11 14:55:00+00:00,189.690002,189.880005,189.554993,189.809998,44237
2026-06-11 15:00:00+00:00,189.800003,189.960007,189.339996,189.360001,59188
2026-06-11 15:05:00+00:00,189.440002,189.820007,189.404999,189.759995,40510
2026-06-11 15:10:00+00:00,189.720001,189.929993,189.669998,189.925003,32729
2026-06-11 15:15:00+00:00,189.970001,189.979996,189.789993,189.839996,35475
2026-06-11 15:20:00+00:00,189.880005,189.919998,189.699997,189.759995,36241
2026-06-11 15:25:00+00:00,189.755005,190.050003,189.679993,189.770004,40016
2026-06-11 15:30:00+00:00,189.740005,189.896698,189.684998,189.809998,44378
2026-06-11 15:35:00+00:00,189.809998,190.190002,189.809998,190.059998,37411
2026-06-11 15:40:00+00:00,190.029999,190.259995,190.020004,190.169998,25724
2026-06-11 15:45:00+00:00,190.169998,190.289993,190.065002,190.259995,44834
2026-06-11 15:50:00+00:00,190.250000,190.389999,190.154999,190.294998,29906
2026-06-11 15:55:00+00:00,190.279999,190.589996,190.270004,190.475006,58163
2026-06-11 16:00:00+00:00,190.475006,190.699997,190.294998,190.445007,35109
2026-06-11 16:05:00+00:00,190.470001,190.672501,190.389999,190.660004,26679
2026-06-11 16:10:00+00:00,190.630005,190.690002,190.445007,190.490005,39522
2026-06-11 16:15:00+00:00,190.434998,190.520004,190.369995,190.410004,28364
2026-06-11 16:20:00+00:00,190.380005,190.509995,190.300003,190.434998,34002
2026-06-11 16:25:00+00:00,190.399994,190.399994,190.160004,190.160004,27060
2026-06-11 16:30:00+00:00,190.160004,190.184998,189.889999,190.000000,37531
2026-06-11 16:35:00+00:00,190.000000,190.354996,190.000000,190.300003,29533
2026-06-11 16:40:00+00:00,190.300003,190.429993,190.199997,190.210007,29721
2026-06-11 16:45:00+00:00,190.210007,190.229996,190.139999,190.169998,26832
2026-06-11 16:50:00+00:00,190.190002,190.330002,190.173492,190.175003,37706
2026-06-11 16:55:00+00:00,190.190002,190.289993,189.994995,190.020004,26259
2026-06-11 17:00:00+00:00,190.024994,190.044998,189.830002,189.880005,36994
2026-06-11 17:05:00+00:00,189.899994,189.929993,189.669998,189.779999,34106
2026-06-11 17:10:00+00:00,189.809998,189.889999,189.660004,189.660004,30587
2026-06-11 17:15:00+00:00,189.679993,189.880005,189.679993,189.800003,28800
2026-06-11 17:20:00+00:00,189.794998,189.800003,189.610001,189.669998,28026
2026-06-11 17:25:00+00:00,189.660004,189.740005,188.199997,188.199997,161261
2026-06-11 17:30:00+00:00,188.259995,188.639999,187.820007,188.000000,163686
2026-06-11 17:35:00+00:00,187.970001,188.175003,187.169998,187.289993,80599
2026-06-11 17:40:00+00:00,187.285004,187.359894,186.669998,186.710007,107669
2026-06-11 17:45:00+00:00,186.669998,187.000000,186.339996,186.470001,95471
2026-06-11 17:50:00+00:00,186.460007,187.195007,186.375000,187.149994,75248
2026-06-11 17:55:00+00:00,187.179993,187.639999,187.020996,187.539993,72609
2026-06-11 18:00:00+00:00,187.550003,187.949997,187.479996,187.925003,90403
2026-06-11 18:05:00+00:00,187.940002,188.330002,187.929993,188.279999,66587
2026-06-11 18:10:00+00:00,188.240005,188.369995,188.089996,188.100006,32348
2026-06-11 18:15:00+00:00,188.154999,188.190002,187.759995,187.764999,47001
2026-06-11 18:20:00+00:00,187.779999,187.850006,187.520004,187.830002,68572
2026-06-11 18:25:00+00:00,187.800003,188.220001,187.770004,188.220001,55936
2026-06-11 18:30:00+00:00,188.210007,188.550003,188.169998,188.529999,43712
2026-06-11 18:35:00+00:00,188.500000,188.619995,188.235001,188.289993,37097
2026-06-11 18:40:00+00:00,188.289993,188.289993,188.059998,188.160004,38807
2026-06-11 18:45:00+00:00,188.149994,188.199997,188.110001,188.119995,38150
2026-06-11 18:50:00+00:00,188.110001,188.110001,187.785004,187.895004,46062
2026-06-11 18:55:00+00:00,187.869995,187.940002,187.710007,187.865005,67358
2026-06-11 19:00:00+00:00,187.860001,188.059998,187.830002,188.009995,65040
2026-06-11 19:05:00+00:00,188.000000,188.130005,187.850006,187.919998,41915
2026-06-11 19:10:00+00:00,187.899994,188.009995,187.500000,187.845001,77303
2026-06-11 19:15:00+00:00,187.800003,187.839996,187.475006,187.539993,61144
2026-06-11 19:20:00+00:00,187.539993,187.559998,187.264999,187.432495,63387
2026-06-11 19:25:00+00:00,187.439896,187.440002,187.164993,187.244995,68142
2026-06-11 19:30:00+00:00,187.250000,187.250000,186.199997,186.417496,213281
2026-06-11 19:35:00+00:00,186.419998,186.899994,186.360001,186.429993,153864
2026-06-11 19:40:00+00:00,186.440002,186.750000,186.279999,186.705002,117939
2026-06-11 19:45:00+00:00,186.720001,186.759995,186.360107,186.380005,154341
2026-06-11 19:50:00+00:00,186.369995,186.369995,186.009995,186.059998,189627
2026-06-11 19:55:00+00:00,186.110001,186.210007,185.559998,185.779999,565838
2026-06-12 13:30:00+00:00,185.080002,186.210007,184.360001,186.139999,471971
2026-06-12 13:35:00+00:00,186.130005,187.024994,185.404999,186.585007,116362
2026-06-12 13:40:00+00:00,186.563461,187.229996,186.399994,186.429993,142518
2026-06-12 13:45:00+00:00,186.399994,186.949997,186.250000,186.945007,108853
2026-06-12 13:50:00+00:00,186.964996,187.845001,186.914993,187.839996,128756
2026-06-12 13:55:00+00:00,187.860001,187.899994,187.360001,187.830002,107291
2026-06-12 14:00:00+00:00,187.869995,187.949997,187.479996,187.820007,105327
2026-06-12 14:05:00+00:00,187.839996,188.139999,187.279999,187.449997,110173
2026-06-12 14:10:00+00:00,187.414993,187.470001,187.110001,187.339996,95991
2026-06-12 14:15:00+00:00,187.289993,187.639999,187.210007,187.559998,80213
2026-06-12 14:20:00+00:00,187.600006,187.869995,187.500000,187.789993,93036
2026-06-12 14:25:00+00:00,187.809998,187.809998,187.464996,187.735001,82184
2026-06-12 14:30:00+00:00,187.735001,187.970001,187.580002,187.880005,75918
2026-06-12 14:35:00+00:00,187.880005,187.960007,187.420105,187.960007,119066
2026-06-12 14:40:00+00:00,187.979996,188.270004,187.899994,188.059998,81288
2026-06-12 14:45:00+00:00,188.054993,188.210007,187.839996,188.160004,81603
2026-06-12 14:50:00+00:00,188.210007,188.210007,186.950104,187.460007,188458
2026-06-12 14:55:00+00:00,187.479996,187.500000,187.100098,187.399994,106942
2026-06-12 15:00:00+00:00,187.419998,187.755005,186.800003,187.500000,162422
2026-06-12 15:05:00+00:00,187.539993,187.649994,187.289993,187.510101,91178
2026-06-12 15:10:00+00:00,187.520004,187.559998,187.184998,187.414993,94529
2026-06-12 15:15:00+00:00,187.419998,187.580002,187.285004,187.315002,55078
2026-06-12 15:20:00+00:00,187.270004,187.479996,186.960007,187.320007,78555
2026-06-12 15:25:00+00:00,187.324997,187.684998,187.300003,187.634995,82768
2026-06-12 15:30:00+00:00,187.679993,187.830002,187.600006,187.714996,72791
2026-06-12 15:35:00+00:00,187.710007,187.899994,187.360001,187.460007,139827
2026-06-12 15:40:00+00:00,187.470001,188.300003,187.399994,188.270004,106806
2026-06-12 15:45:00+00:00,188.289993,188.309998,187.949997,188.139999,76120
2026-06-12 15:50:00+00:00,188.100006,188.149994,187.850006,187.934998,52560
2026-06-12 15:55:00+00:00,187.949997,188.229996,187.919998,188.229996,57447
2026-06-12 16:00:00+00:00,188.235001,188.350006,188.089996,188.240005,74447
2026-06-12 16:05:00+00:00,188.259995,188.399994,188.119995,188.199997,54036
2026-06-12 16:10:00+00:00,188.210007,188.350006,187.630005,187.975006,171783
2026-06-12 16:15:00+00:00,187.964996,188.179993,187.740005,188.119995,66487
2026-06-12 16:20:00+00:00,188.100006,188.283005,187.940002,187.940002,59770
2026-06-12 16:25:00+00:00,187.960007,188.029999,187.850006,188.000000,65000
2026-06-12 16:30:00+00:00,188.005005,188.210007,187.899994,188.130005,46617
2026-06-12 16:35:00+00:00,188.119995,188.139999,187.820007,187.854996,56964
2026-06-12 16:40:00+00:00,187.860001,188.149994,187.779999,188.149994,63295
2026-06-12 16:45:00+00:00,188.154999,188.169998,187.470001,187.550003,60221
2026-06-12 16:50:00+00:00,187.509995,187.565002,187.250000,187.339996,52807
2026-06-12 16:55:00+00:00,187.350006,187.529999,187.300095,187.399994,46422
2026-06-12 17:00:00+00:00,187.389999,187.520004,187.315002,187.335007,39098
2026-06-12 17:05:00+00:00,187.335007,187.350006,186.880005,187.229996,131451
2026-06-12 17:10:00+00:00,187.210007,187.449997,187.210007,187.289993,53593
2026-06-12 17:15:00+00:00,187.320007,187.490005,187.279999,187.404999,40562
2026-06-12 17:20:00+00:00,187.399994,187.464996,187.250000,187.274994,38589
2026-06-12 17:25:00+00:00,187.259995,187.274994,186.880005,186.889999,35625
2026-06-12 17:30:00+00:00,186.910004,187.014999,186.869995,186.940002,36702
2026-06-12 17:35:00+00:00,186.940002,187.235001,186.880005,187.214996,39883
2026-06-12 17:40:00+00:00,187.220001,187.360001,187.125000,187.330002,35074
2026-06-12 17:45:00+00:00,187.324997,187.425003,187.320007,187.389999,33043
2026-06-12 17:50:00+00:00,187.360001,187.505005,187.350998,187.500000,39117
2026-06-12 17:55:00+00:00,187.470001,187.550003,187.320007,187.399994,41447
2026-06-12 18:00:00+00:00,187.389999,187.509995,187.389999,187.419998,39751
2026-06-12 18:05:00+00:00,187.404999,187.529999,187.389999,187.500000,35855
2026-06-12 18:10:00+00:00,187.491302,187.610001,187.479996,187.529999,36317
2026-06-12 18:15:00+00:00,187.529999,187.589996,187.494995,187.500000,32794
2026-06-12 18:20:00+00:00,187.504593,187.570007,187.425003,187.520004,38961
2026-06-12 18:25:00+00:00,187.524994,187.570007,187.490005,187.529999,43399
2026-06-12 18:30:00+00:00,187.539993,187.559998,187.345001,187.410004,55630
2026-06-12 18:35:00+00:00,187.399994,187.419998,187.250107,187.304993,39636
2026-06-12 18:40:00+00:00,187.285004,187.289993,187.095001,187.220001,39914
2026-06-12 18:45:00+00:00,187.199997,187.229996,187.039993,187.110001,39934
2026-06-12 18:50:00+00:00,187.100006,187.410004,187.089996,187.399994,50126
2026-06-12 18:55:00+00:00,187.389999,187.389999,187.169998,187.169998,41139
2026-06-12 19:00:00+00:00,187.179993,187.320007,187.119995,187.279999,53699
2026-06-12 19:05:00+00:00,187.270004,187.380005,187.229996,187.240005,51502
2026-06-12 19:10:00+00:00,187.240005,187.330002,187.110001,187.134995,63143
2026-06-12 19:15:00+00:00,187.119995,187.199997,187.089996,187.160004,56777
2026-06-12 19:20:00+00:00,187.179993,187.300003,187.139999,187.220001,67928
2026-06-12 19:25:00+00:00,187.250000,187.339996,187.210007,187.220001,65299
2026-06-12 19:30:00+00:00,187.229996,187.404999,187.220001,187.369995,83987
2026-06-12 19:35:00+00:00,187.380005,187.449997,187.229996,187.259995,97576
2026-06-12 19:40:00+00:00,187.250000,187.389999,187.175003,187.360001,50242
2026-06-12 19:45:00+00:00,187.339996,187.350006,186.889999,186.990005,114298
2026-06-12 19:50:00+00:00,187.020004,187.070007,186.679993,186.800003,127481
2026-06-12 19:55:00+00:00,186.824997,187.229996,186.565002,187.210007,457500
2026-06-15 13:30:00+00:00,178.899994,180.169998,178.130005,178.470001,784312
2026-06-15 13:35:00+00:00,178.490005,179.500000,177.804001,179.229996,201448
2026-06-15 13:40:00+00:00,179.341309,179.731094,179.035004,179.665100,198113
2026-06-15 13:45:00+00:00,179.729996,180.509995,179.639999,179.904999,268259
2026-06-15 13:50:00+00:00,179.869995,179.889999,179.059998,179.304993,146908
2026-06-15 13:55:00+00:00,179.270004,179.350006,178.759995,179.065002,144056
2026-06-15 14:00:00+00:00,179.029999,179.649994,178.940002,179.649994,131927
2026-06-15 14:05:00+00:00,179.639999,179.809601,179.164612,179.460007,131327
2026-06-15 14:10:00+00:00,179.455002,179.789993,179.330002,179.729996,141070
2026-06-15 14:15:00+00:00,179.679993,180.149994,179.520004,179.910004,160141
2026-06-15 14:20:00+00:00,179.929993,180.570007,179.889999,180.570007,122642
2026-06-15 14:25:00+00:00,180.565002,180.619995,180.149994,180.449997,90797
2026-06-15 14:30:00+00:00,180.419998,180.490005,180.050003,180.289993,87723
2026-06-15 14:35:00+00:00,180.350006,180.600006,180.199997,180.600006,156563
2026-06-15 14:40:00+00:00,180.580002,180.729996,180.509995,180.714996,82905
2026-06-15 14:45:00+00:00,180.705002,181.179993,180.679993,181.085007,106055
2026-06-15 14:50:00+00:00,181.100006,181.669998,181.089996,181.360001,99354
2026-06-15 14:55:00+00:00,181.330002,181.470001,181.154999,181.309998,127710
2026-06-15 15:00:00+00:00,181.339996,181.585007,181.240997,181.460007,144813
2026-06-15 15:05:00+00:00,181.464996,181.559097,180.929993,180.970001,123677
2026-06-15 15:10:00+00:00,180.940002,180.940002,180.324997,180.807190,179766
2026-06-15 15:15:00+00:00,180.794998,180.820007,180.449997,180.494995,81182
2026-06-15 15:20:00+00:00,180.479996,180.529999,180.134995,180.270004,119307
2026-06-15 15:25:00+00:00,180.264999,180.410004,180.000000,180.410004,105524
2026-06-15 15:30:00+00:00,180.389999,180.740005,180.389999,180.684998,81668
2026-06-15 15:35:00+00:00,180.675003,180.770004,180.479996,180.482498,99239
2026-06-15 15:40:00+00:00,180.500000,180.580002,180.229996,180.229996,114348
2026-06-15 15:45:00+00:00,180.220001,180.339996,180.029999,180.050003,76766
2026-06-15 15:50:00+00:00,180.050003,180.350006,179.880005,180.279999,119199
2026-06-15 15:55:00+00:00,180.350006,180.419998,180.119995,180.199997,51863
2026-06-15 16:00:00+00:00,180.179993,180.259995,179.889999,179.934998,85856
2026-06-15 16:05:00+00:00,179.955002,180.065002,179.919998,179.929993,48300
2026-06-15 16:10:00+00:00,179.940002,180.014999,179.809998,179.875000,55726
2026-06-15 16:15:00+00:00,179.875000,179.985001,179.800003,179.949997,50616
2026-06-15 16:20:00+00:00,179.929993,180.009995,179.809998,179.934998,49461
2026-06-15 16:25:00+00:00,179.949997,180.080002,179.880005,179.960007,54694
2026-06-15 16:30:00+00:00,179.955002,180.350006,179.865005,180.339996,52998
2026-06-15 16:35:00+00:00,180.335007,180.570007,180.300003,180.550003,36912
2026-06-15 16:40:00+00:00,180.505005,180.720001,180.500000,180.650803,49945
2026-06-15 16:45:00+00:00,180.679993,180.848007,180.585007,180.600006,55216
2026-06-15 16:50:00+00:00,180.575104,180.779999,180.479996,180.710007,51326
2026-06-15 16:55:00+00:00,180.690002,180.899994,180.660004,180.695007,55134
2026-06-15 17:00:00+00:00,180.720001,180.904999,180.710007,180.779999,47862
2026-06-15 17:05:00+00:00,180.752701,181.054001,180.750000,180.899994,73060
2026-06-15 17:10:00+00:00,180.884995,181.110107,180.884995,181.029999,49092
2026-06-15 17:15:00+00:00,181.029999,181.080002,180.860001,180.919998,55063
2026-06-15 17:20:00+00:00,180.949997,180.985001,180.729996,180.850006,50390
2026-06-15 17:25:00+00:00,180.839996,180.919998,180.750000,180.880005,34952
2026-06-15 17:30:00+00:00,180.880005,180.949997,180.848007,180.880005,31306
2026-06-15 17:35:00+00:00,180.880005,180.889999,180.645004,180.699997,41807
2026-06-15 17:40:00+00:00,180.710007,180.824997,180.649994,180.720001,37020
2026-06-15 17:45:00+00:00,180.770004,180.850006,180.729996,180.759995,34617
2026-06-15 17:50:00+00:00,180.759995,180.845001,180.660004,180.660004,48488
2026-06-15 17:55:00+00:00,180.668503,180.679993,180.370102,180.402603,45366
2026-06-15 18:00:00+00:00,180.419998,180.669998,180.395004,180.620102,103491
2026-06-15 18:05:00+00:00,180.634995,180.634995,180.455002,180.455002,59336
2026-06-15 18:10:00+00:00,180.479996,180.559998,180.449997,180.500000,58754
2026-06-15 18:15:00+00:00,180.494995,180.780304,180.449997,180.766907,98206
2026-06-15 18:20:00+00:00,180.779999,180.889999,180.740005,180.809998,55583
2026-06-15 18:25:00+00:00,180.810104,181.070007,180.779999,180.940002,56368
2026-06-15 18:30:00+00:00,180.954407,181.210007,180.880005,181.009995,69791
2026-06-15 18:35:00+00:00,181.070007,181.259995,181.040100,181.201508,47190
2026-06-15 18:40:00+00:00,181.210007,181.275101,181.000000,181.104004,48627
2026-06-15 18:45:00+00:00,181.080002,181.259995,181.020004,181.141693,38369
2026-06-15 18:50:00+00:00,181.139999,181.190002,181.000000,181.125000,38754
2026-06-15 18:55:00+00:00,181.139999,181.139999,180.861694,180.979996,68445
2026-06-15 19:00:00+00:00,181.000000,181.149994,180.940002,181.149994,49768
2026-06-15 19:05:00+00:00,181.125000,181.309998,181.050003,181.179993,77517
2026-06-15 19:10:00+00:00,181.190002,181.440002,181.130005,181.384995,59147
2026-06-15 19:15:00+00:00,181.385101,181.389999,181.130005,181.179993,60904
2026-06-15 19:20:00+00:00,181.210007,181.320007,181.119995,181.139999,89359
2026-06-15 19:25:00+00:00,181.160004,181.179993,181.050003,181.139999,79136
2026-06-15 19:30:00+00:00,181.160004,181.274994,181.070007,181.134995,96076
2026-06-15 19:35:00+00:00,181.119995,181.270004,181.059998,181.160004,101927
2026-06-15 19:40:00+00:00,181.169998,181.279999,181.056793,181.110001,105613
2026-06-15 19:45:00+00:00,181.110001,181.118698,180.750000,180.789993,146645
2026-06-15 19:50:00+00:00,180.800003,180.949997,180.339996,180.399994,240920
2026-06-15 19:55:00+00:00,180.419998,180.585007,180.270004,180.429993,578448
2026-06-16 13:30:00+00:00,178.615005,179.926300,178.330093,179.640106,347294
2026-06-16 13:35:00+00:00,179.755005,179.755005,178.479996,179.449493,88723
2026-06-16 13:40:00+00:00,179.478500,179.559998,178.880005,179.199997,103941
2026-06-16 13:45:00+00:00,179.205002,179.649994,179.089996,179.470001,65817
2026-06-16 13:50:00+00:00,179.460007,179.759995,179.320007,179.660004,74300
2026-06-16 13:55:00+00:00,179.660004,179.735001,179.250000,179.460007,52927
2026-06-16 14:00:00+00:00,179.429993,179.490005,179.184998,179.430099,92030
2026-06-16 14:05:00+00:00,179.440002,179.824997,179.029999,179.029999,75373
2026-06-16 14:10:00+00:00,179.029999,179.440002,178.869995,179.330002,135437
2026-06-16 14:15:00+00:00,179.360001,179.949997,179.360001,179.699997,85722
2026-06-16 14:20:00+00:00,179.735001,180.089996,179.732498,180.020004,76829
2026-06-16 14:25:00+00:00,180.009995,180.024994,179.699997,180.000000,90213
2026-06-16 14:30:00+00:00,180.020004,180.029999,179.470093,179.570007,96369
2026-06-16 14:35:00+00:00,179.580002,179.664993,179.339996,179.479996,48036
2026-06-16 14:40:00+00:00,179.462708,179.529999,179.139999,179.369995,62984
2026-06-16 14:45:00+00:00,179.360001,179.589996,179.350006,179.410004,42538
2026-06-16 14:50:00+00:00,179.380005,179.570007,179.289993,179.520004,81670
2026-06-16 14:55:00+00:00,179.460007,179.460007,179.059998,179.130005,44639
2026-06-16 15:00:00+00:00,179.149994,179.440002,179.119995,179.440002,55518
2026-06-16 15:05:00+00:00,179.440002,179.440002,179.119995,179.339996,55154
2026-06-16 15:10:00+00:00,179.330002,179.770004,179.229996,179.770004,60247
2026-06-16 15:15:00+00:00,179.759995,179.774994,179.490005,179.619995,39192
2026-06-16 15:20:00+00:00,179.570007,179.919998,179.559998,179.840103,30611
2026-06-16 15:25:00+00:00,179.850006,179.979996,179.710007,179.809998,46265
2026-06-16 15:30:00+00:00,179.820007,180.039993,179.820007,179.899994,46012
2026-06-16 15:35:00+00:00,179.925400,180.089005,179.800003,179.970001,46729
2026-06-16 15:40:00+00:00,179.979996,180.119995,179.929993,180.050003,28217
2026-06-16 15:45:00+00:00,180.070007,180.250000,180.050003,180.210007,68148
2026-06-16 15:50:00+00:00,180.179993,180.240997,179.755005,179.860001,73051
2026-06-16 15:55:00+00:00,179.865005,179.940002,179.580002,179.889999,58718
2026-06-16 16:00:00+00:00,179.880005,180.000000,179.770004,179.914993,46091
2026-06-16 16:05:00+00:00,179.889999,180.009995,179.789993,179.910004,50976
2026-06-16 16:10:00+00:00,179.919998,179.979996,179.699997,179.970001,89050
2026-06-16 16:15:00+00:00,179.960007,179.960007,179.649994,179.714996,67683
2026-06-16 16:20:00+00:00,179.690704,179.869995,179.610001,179.645004,57086
2026-06-16 16:25:00+00:00,179.639999,179.649994,179.419998,179.514999,57234
2026-06-16 16:30:00+00:00,179.500000,179.660004,179.460007,179.509995,40283
2026-06-16 16:35:00+00:00,179.520004,179.570007,179.470001,179.509995,31888
2026-06-16 16:40:00+00:00,179.509995,179.589996,179.470001,179.524994,36253
2026-06-16 16:45:00+00:00,179.524994,179.559998,179.410004,179.529999,34495
2026-06-16 16:50:00+00:00,179.535004,179.639999,179.360001,179.539993,67066
2026-06-16 16:55:00+00:00,179.535004,179.535004,179.399994,179.485001,60987
2026-06-16 17:00:00+00:00,179.509995,179.679993,179.410004,179.570007,48136
2026-06-16 17:05:00+00:00,179.574997,179.914993,179.520096,179.914993,45543
2026-06-16 17:10:00+00:00,179.919998,179.960007,179.610001,179.630005,72777
2026-06-16 17:15:00+00:00,179.669998,179.690002,179.501205,179.539993,48353
2026-06-16 17:20:00+00:00,179.574997,179.659897,179.500000,179.589996,40760
2026-06-16 17:25:00+00:00,179.595001,179.619904,179.479996,179.500000,34453
2026-06-16 17:30:00+00:00,179.494995,179.494995,179.345001,179.425003,41489
2026-06-16 17:35:00+00:00,179.429993,179.509903,179.369995,179.487503,39414
2026-06-16 17:40:00+00:00,179.490005,179.500000,179.199997,179.220001,37333
2026-06-16 17:45:00+00:00,179.214996,179.320007,179.190002,179.289993,43052
2026-06-16 17:50:00+00:00,179.259995,179.335007,179.100006,179.100006,31940
2026-06-16 17:55:00+00:00,179.119995,179.230103,179.119995,179.230103,35780
2026-06-16 18:00:00+00:00,179.240005,179.240005,179.000000,179.039993,55530
2026-06-16 18:05:00+00:00,179.039993,179.309998,179.029999,179.309998,30818
2026-06-16 18:10:00+00:00,179.339996,179.440002,179.300095,179.339996,29127
2026-06-16 18:15:00+00:00,179.330002,179.660004,179.319702,179.649902,49315
2026-06-16 18:20:00+00:00,179.630005,179.860001,179.630005,179.680099,33754
2026-06-16 18:25:00+00:00,179.669998,179.800003,179.660004,179.750000,40420
2026-06-16 18:30:00+00:00,179.750000,179.970001,179.750000,179.929993,44970
2026-06-16 18:35:00+00:00,179.919998,179.949997,179.720001,179.804993,36211
2026-06-16 18:40:00+00:00,179.789993,179.800003,179.679993,179.699997,31777
2026-06-16 18:45:00+00:00,179.720001,179.845001,179.654999,179.785004,42393
2026-06-16 18:50:00+00:00,179.770004,179.789993,179.449997,179.580002,74114
2026-06-16 18:55:00+00:00,179.570007,179.619995,179.470001,179.580002,79236
2026-06-16 19:00:00+00:00,179.580002,179.580002,179.335007,179.445007,65599
2026-06-16 19:05:00+00:00,179.434998,179.570007,179.389999,179.509995,48327
2026-06-16 19:10:00+00:00,179.509995,179.630005,179.500000,179.610001,49894
2026-06-16 19:15:00+00:00,179.630005,179.899994,179.625000,179.847504,64062
2026-06-16 19:20:00+00:00,179.860001,179.869995,179.639999,179.660004,87108
2026-06-16 19:25:00+00:00,179.654999,179.719894,179.440002,179.679993,96172
2026-06-16 19:30:00+00:00,179.669998,179.759995,179.470001,179.514999,77733
2026-06-16 19:35:00+00:00,179.509995,179.679993,179.395004,179.419998,76416
2026-06-16 19:40:00+00:00,179.434998,179.619995,179.410004,179.520004,79055
2026-06-16 19:45:00+00:00,179.490005,179.748001,179.330002,179.729996,80810
2026-06-16 19:50:00+00:00,179.750000,179.889999,179.649994,179.770004,139407
2026-06-16 19:55:00+00:00,179.789993,180.160004,179.770004,180.154999,421315
2026-06-17 13:30:00+00:00,179.009995,179.505005,178.910004,178.990005,235874
2026-06-17 13:35:00+00:00,179.039993,179.070007,178.399994,178.440002,71689
2026-06-17 13:40:00+00:00,178.424026,178.865005,178.369995,178.595001,87014
2026-06-17 13:45:00+00:00,178.679993,178.949997,178.490005,178.714996,118734
2026-06-17 13:50:00+00:00,178.735001,178.880005,178.399994,178.559998,131606
2026-06-17 13:55:00+00:00,178.580002,178.779999,178.470001,178.509995,72784
2026-06-17 14:00:00+00:00,178.544998,178.800003,178.410004,178.619995,58323
2026-06-17 14:05:00+00:00,178.615005,178.820007,178.279999,178.509995,67197
2026-06-17 14:10:00+00:00,178.509995,178.759995,178.289993,178.720001,97372
2026-06-17 14:15:00+00:00,178.720001,178.809998,178.580002,178.619995,78022
2026-06-17 14:20:00+00:00,178.600006,178.600006,178.369995,178.380005,49074
2026-06-17 14:25:00+00:00,178.410004,178.770004,178.410004,178.759995,33642
2026-06-17 14:30:00+00:00,178.779999,179.059998,178.750000,178.779999,73794
2026-06-17 14:35:00+00:00,178.779999,178.839996,178.619995,178.669998,61282
2026-06-17 14:40:00+00:00,178.664993,178.740005,178.559998,178.680099,60693
2026-06-17 14:45:00+00:00,178.729996,180.080002,178.699997,179.479996,264544
2026-06-17 14:50:00+00:00,179.460007,179.630005,179.279999,179.419998,87201
2026-06-17 14:55:00+00:00,179.440002,179.639999,179.369995,179.479996,121693
2026-06-17 15:00:00+00:00,179.490005,179.570007,178.889999,178.949997,61006
2026-06-17 15:05:00+00:00,178.955002,179.380005,178.949997,179.335007,48271
2026-06-17 15:10:00+00:00,179.330002,179.630005,179.330002,179.554993,51543
2026-06-17 15:15:00+00:00,179.559998,179.610001,179.195007,179.255005,62764
2026-06-17 15:20:00+00:00,179.220001,179.259995,178.990005,178.990005,79249
2026-06-17 15:25:00+00:00,178.975006,179.274994,178.970001,179.244995,52997
2026-06-17 15:30:00+00:00,179.250000,179.440002,179.199997,179.320007,70798
2026-06-17 15:35:00+00:00,179.380005,179.589905,179.330002,179.419998,90318
2026-06-17 15:40:00+00:00,179.389999,179.505005,179.335007,179.419998,57945
2026-06-17 15:45:00+00:00,179.410004,179.410004,179.139999,179.199997,45740
2026-06-17 15:50:00+00:00,179.220001,179.279999,179.035004,179.115005,39411
2026-06-17 15:55:00+00:00,179.149994,179.250000,179.149994,179.190002,33651
2026-06-17 16:00:00+00:00,179.179993,179.229996,179.100006,179.139999,43119
2026-06-17 16:05:00+00:00,179.149994,179.160004,178.964996,179.074203,35394
2026-06-17 16:10:00+00:00,179.070007,179.196899,179.050903,179.089996,31131
2026-06-17 16:15:00+00:00,179.089996,179.250000,179.039993,179.070007,41086
2026-06-17 16:20:00+00:00,179.039993,179.039993,178.804993,178.875000,44514
2026-06-17 16:25:00+00:00,178.889999,178.990005,178.630005,178.635101,48325
2026-06-17 16:30:00+00:00,178.634995,178.985001,178.600006,178.940002,43164
2026-06-17 16:35:00+00:00,178.929993,179.000000,178.750107,178.860001,64620
2026-06-17 16:40:00+00:00,178.880005,178.964996,178.710007,178.820007,52323
2026-06-17 16:45:00+00:00,178.820007,179.000000,178.820007,178.914993,50064
2026-06-17 16:50:00+00:00,178.899994,178.899994,178.559998,178.580002,43736
2026-06-17 16:55:00+00:00,178.589996,178.600006,178.330002,178.399994,60360
2026-06-17 17:00:00+00:00,178.399994,178.759995,178.330002,178.729996,135257
2026-06-17 17:05:00+00:00,178.729996,178.830002,178.410004,178.529999,102537
2026-06-17 17:10:00+00:00,178.500000,178.604996,178.304993,178.354996,43883
2026-06-17 17:15:00+00:00,178.360001,178.470001,178.350006,178.384995,30409
2026-06-17 17:20:00+00:00,178.384995,178.419998,178.220001,178.270004,52756
2026-06-17 17:25:00+00:00,178.264999,178.264999,178.170105,178.259995,40980
2026-06-17 17:30:00+00:00,178.270004,178.320007,177.669998,177.699997,123908
2026-06-17 17:35:00+00:00,177.690002,177.876328,177.580093,177.764999,115638
2026-06-17 17:40:00+00:00,177.760101,177.869995,177.720001,177.865005,74656
2026-06-17 17:45:00+00:00,177.839996,177.910004,177.730103,177.830002,63094
2026-06-17 17:50:00+00:00,177.839996,178.009995,177.830002,177.979996,68860
2026-06-17 17:55:00+00:00,177.979996,178.119995,177.929993,178.089996,43789
2026-06-17 18:00:00+00:00,178.110001,178.470001,177.845306,177.970001,112000
2026-06-17 18:05:00+00:00,177.949997,178.404999,177.879395,178.315002,78038
2026-06-17 18:10:00+00:00,178.285004,178.380005,178.080093,178.279999,57393
2026-06-17 18:15:00+00:00,178.259995,178.259995,177.759995,177.759995,55588
2026-06-17 18:20:00+00:00,177.759995,178.149994,177.759995,178.104996,56806
2026-06-17 18:25:00+00:00,178.089996,178.250000,177.979996,178.000000,50617
2026-06-17 18:30:00+00:00,178.000000,178.714996,177.985001,178.300003,135771
2026-06-17 18:35:00+00:00,178.279999,178.565002,178.229996,178.389999,67883
2026-06-17 18:40:00+00:00,178.384995,178.384995,178.050003,178.080002,52902
2026-06-17 18:45:00+00:00,178.080002,178.169998,177.910004,177.960007,51112
2026-06-17 18:50:00+00:00,177.949997,178.065002,177.880005,178.039993,51394
2026-06-17 18:55:00+00:00,178.014999,178.270004,177.970001,178.070007,64397
2026-06-17 19:00:00+00:00,178.059998,178.266998,177.970001,178.078598,58987
2026-06-17 19:05:00+00:00,178.065002,178.169998,177.960007,178.089996,55972
2026-06-17 19:10:00+00:00,178.070007,178.300003,177.889999,177.889999,62203
2026-06-17 19:15:00+00:00,177.880005,178.080002,177.835007,177.910004,68822
2026-06-17 19:20:00+00:00,177.940002,177.960007,177.710007,177.779999,67600
2026-06-17 19:25:00+00:00,177.779999,177.779999,177.339996,177.490005,92463
2026-06-17 19:30:00+00:00,177.479996,177.550003,177.259995,177.384995,116206
2026-06-17 19:35:00+00:00,177.369995,177.430099,177.240005,177.365005,112666
2026-06-17 19:40:00+00:00,177.339996,177.514999,177.270004,177.304993,111538
2026-06-17 19:45:00+00:00,177.300003,177.539993,177.119995,177.237503,153768
2026-06-17 19:50:00+00:00,177.179993,177.660004,177.100006,177.529999,281907
2026-06-17 19:55:00+00:00,177.509995,177.750000,177.339996,177.580002,505149
2026-06-18 13:30:00+00:00,175.639999,175.639999,174.354996,175.065002,2589287
2026-06-18 13:35:00+00:00,175.169998,175.244995,173.520004,173.714996,138186
2026-06-18 13:40:00+00:00,173.739777,173.990005,173.270004,173.619995,133290
2026-06-18 13:45:00+00:00,173.630005,173.630005,172.979996,173.289993,168915
2026-06-18 13:50:00+00:00,173.240005,173.539993,173.020004,173.509995,149870
2026-06-18 13:55:00+00:00,173.539993,173.975006,173.500000,173.860001,150843
2026-06-18 14:00:00+00:00,173.860001,174.449997,173.860001,174.339996,177764
2026-06-18 14:05:00+00:00,174.309998,174.309998,173.615005,174.024994,184139
2026-06-18 14:10:00+00:00,174.059998,174.190002,173.210007,173.410599,125709
2026-06-18 14:15:00+00:00,173.389999,173.839996,173.184998,173.740005,112753
2026-06-18 14:20:00+00:00,173.820007,173.979996,173.729996,173.964996,79848
2026-06-18 14:25:00+00:00,173.940002,174.104996,173.350006,173.490005,87590
2026-06-18 14:30:00+00:00,173.544998,173.800003,173.365005,173.389999,85362
2026-06-18 14:35:00+00:00,173.440002,173.845688,173.440002,173.830002,76847
2026-06-18 14:40:00+00:00,173.815002,173.949997,173.670105,173.949997,71781
2026-06-18 14:45:00+00:00,173.919998,173.960007,173.740005,173.850006,75344
2026-06-18 14:50:00+00:00,173.820007,173.919998,173.759995,173.910004,53700
2026-06-18 14:55:00+00:00,173.910004,174.020004,173.774994,173.910004,81832
2026-06-18 15:00:00+00:00,173.914993,173.981003,173.660004,173.889999,53198
2026-06-18 15:05:00+00:00,173.875000,173.875000,173.589996,173.690002,61249
2026-06-18 15:10:00+00:00,173.699997,173.940002,173.634995,173.839996,49459
2026-06-18 15:15:00+00:00,173.820007,173.949997,173.619995,173.619995,51671
2026-06-18 15:20:00+00:00,173.634995,173.899994,173.600006,173.875000,51447
2026-06-18 15:25:00+00:00,173.880005,173.880005,173.649994,173.690002,75029
2026-06-18 15:30:00+00:00,173.669998,173.690002,173.330002,173.330002,54796
2026-06-18 15:35:00+00:00,173.330002,173.388794,173.190002,173.330002,84403
2026-06-18 15:40:00+00:00,173.330002,173.550003,173.279999,173.479996,75899
2026-06-18 15:45:00+00:00,173.500000,173.740005,173.500000,173.619995,41301
2026-06-18 15:50:00+00:00,173.619995,173.660004,173.500000,173.589996,45648
2026-06-18 15:55:00+00:00,173.570007,173.574997,173.210007,173.369995,108663
2026-06-18 16:00:00+00:00,173.369995,173.410004,173.270004,173.300003,73365
2026-06-18 16:05:00+00:00,173.270004,173.360001,173.179993,173.350006,61631
2026-06-18 16:10:00+00:00,173.330002,173.369995,173.220001,173.220001,52953
2026-06-18 16:15:00+00:00,173.220001,173.309998,173.199997,173.309998,48602
2026-06-18 16:20:00+00:00,173.320007,173.360001,173.020004,173.050003,79255
2026-06-18 16:25:00+00:00,173.050003,173.080002,172.880005,173.080002,129113
2026-06-18 16:30:00+00:00,173.100006,173.117203,172.835007,172.845001,65272
2026-06-18 16:35:00+00:00,172.845001,172.880005,172.710007,172.759995,76822
2026-06-18 16:40:00+00:00,172.750000,172.779999,172.608994,172.690002,63879
2026-06-18 16:45:00+00:00,172.710007,173.000000,172.690002,172.889999,89153
2026-06-18 16:50:00+00:00,172.860001,172.949997,172.740005,172.789993,68143
2026-06-18 16:55:00+00:00,172.789993,172.830002,172.639999,172.649994,78761
2026-06-18 17:00:00+00:00,172.660004,172.809998,172.610001,172.770004,120221
2026-06-18 17:05:00+00:00,172.809006,172.960007,172.766800,172.789993,81082
2026-06-18 17:10:00+00:00,172.796402,172.979996,172.770004,172.929993,47464
2026-06-18 17:15:00+00:00,172.950104,173.110001,172.910004,173.095001,55072
2026-06-18 17:20:00+00:00,173.089996,173.151443,172.820007,172.839996,76304
2026-06-18 17:25:00+00:00,172.820007,172.989899,172.779999,172.839996,55531
2026-06-18 17:30:00+00:00,172.860001,172.960007,172.750000,172.764999,54702
2026-06-18 17:35:00+00:00,172.757309,172.860001,172.615005,172.860001,48642
2026-06-18 17:40:00+00:00,172.854996,172.869995,172.779999,172.820007,56177
2026-06-18 17:45:00+00:00,172.830002,172.869995,172.770004,172.820007,47215
2026-06-18 17:50:00+00:00,172.820007,172.919998,172.770004,172.919998,53687
2026-06-18 17:55:00+00:00,172.914993,172.919998,172.699997,172.720001,56934
2026-06-18 18:00:00+00:00,172.740005,172.899994,172.600006,172.899994,94132
2026-06-18 18:05:00+00:00,172.940002,173.145004,172.869995,173.145004,59878
2026-06-18 18:10:00+00:00,173.127502,173.410004,173.009995,173.410004,107694
2026-06-18 18:15:00+00:00,173.420898,173.619995,173.420898,173.494995,54149
2026-06-18 18:20:00+00:00,173.490005,173.750000,173.490005,173.664993,59801
2026-06-18 18:25:00+00:00,173.639999,173.820007,173.630005,173.815002,89848
2026-06-18 18:30:00+00:00,173.800003,174.100006,173.770004,173.835007,123221
2026-06-18 18:35:00+00:00,173.820007,173.835007,173.690002,173.699997,62828
2026-06-18 18:40:00+00:00,173.690002,173.695007,173.380005,173.460007,70302
2026-06-18 18:45:00+00:00,173.460007,173.595001,173.320007,173.574997,58549
2026-06-18 18:50:00+00:00,173.559998,173.679993,173.509995,173.669998,54545
2026-06-18 18:55:00+00:00,173.649994,173.770004,173.600006,173.669998,67734
2026-06-18 19:00:00+00:00,173.660004,173.705002,173.470093,173.539993,75364
2026-06-18 19:05:00+00:00,173.520004,173.800003,173.470001,173.684998,77006
2026-06-18 19:10:00+00:00,173.684998,173.759995,173.485001,173.514999,84085
2026-06-18 19:15:00+00:00,173.514999,173.619995,173.419998,173.610001,108472
2026-06-18 19:20:00+00:00,173.610107,173.820007,173.610001,173.610001,94380
2026-06-18 19:25:00+00:00,173.600006,173.729996,173.410004,173.610001,152970
2026-06-18 19:30:00+00:00,173.625000,173.729996,173.529999,173.589996,135830
2026-06-18 19:35:00+00:00,173.559998,173.610001,173.360001,173.365005,88878
2026-06-18 19:40:00+00:00,173.360001,173.550003,173.190002,173.190002,134225
2026-06-18 19:45:00+00:00,173.179993,173.179993,172.229996,172.345001,393995
2026-06-18 19:50:00+00:00,172.330002,173.169998,172.289993,172.910004,289373
2026-06-18 19:55:00+00:00,172.929993,173.919998,172.889999,173.580002,1075672
2026-06-22 13:30:00+00:00,174.080002,174.850006,174.059998,174.718201,534845
2026-06-22 13:35:00+00:00,174.645004,174.820007,174.085007,174.679993,137009
2026-06-22 13:40:00+00:00,174.690002,174.850006,173.830093,173.910004,158774
2026-06-22 13:45:00+00:00,173.910004,173.910004,172.860001,172.865005,176296
2026-06-22 13:50:00+00:00,172.880005,173.940002,172.880005,173.875000,92795
2026-06-22 13:55:00+00:00,173.910004,173.977493,173.445099,173.860001,140683
2026-06-22 14:00:00+00:00,173.820007,174.029999,173.500000,173.589294,100977
2026-06-22 14:05:00+00:00,173.550095,173.619995,173.110001,173.175003,77349
2026-06-22 14:10:00+00:00,173.218994,173.500000,173.080002,173.490005,73501
2026-06-22 14:15:00+00:00,173.445007,173.570007,173.100006,173.350006,92349
2026-06-22 14:20:00+00:00,173.339996,173.929504,173.250000,173.929504,73213
2026-06-22 14:25:00+00:00,173.929993,173.929993,173.300003,173.369995,75016
2026-06-22 14:30:00+00:00,173.389999,173.850006,173.369995,173.520004,77226
2026-06-22 14:35:00+00:00,173.529907,173.740005,173.389999,173.710007,70873
2026-06-22 14:40:00+00:00,173.710007,174.059998,173.550003,174.029999,98464
2026-06-22 14:45:00+00:00,174.054993,174.100006,173.779999,173.970001,81194
2026-06-22 14:50:00+00:00,173.960007,173.990005,173.669998,173.919998,72625
2026-06-22 14:55:00+00:00,173.960007,173.990005,173.789993,173.869995,52063
2026-06-22 15:00:00+00:00,173.889999,173.970001,173.610001,173.759995,79793
2026-06-22 15:05:00+00:00,173.759995,173.949997,173.710007,173.880005,113628
2026-06-22 15:10:00+00:00,173.869995,173.880005,173.660004,173.770004,75082
2026-06-22 15:15:00+00:00,173.770004,174.054993,173.750000,173.839996,84942
2026-06-22 15:20:00+00:00,173.850006,174.080002,173.770004,174.059998,120230
2026-06-22 15:25:00+00:00,174.039993,174.259995,173.970001,174.210007,129846
2026-06-22 15:30:00+00:00,174.240005,174.410004,174.070007,174.149994,151327
2026-06-22 15:35:00+00:00,174.154999,174.289993,174.130005,174.184998,72623
2026-06-22 15:40:00+00:00,174.169998,174.169998,174.009995,174.070007,71089
2026-06-22 15:45:00+00:00,174.089996,174.690002,174.089996,174.654999,84783
2026-06-22 15:50:00+00:00,174.610001,174.639999,174.395004,174.395004,53124
2026-06-22 15:55:00+00:00,174.389999,174.389999,174.110001,174.270004,46151
2026-06-22 16:00:00+00:00,174.274994,174.509995,174.183197,174.445007,40911
2026-06-22 16:05:00+00:00,174.449997,174.639999,174.429993,174.639999,55296
2026-06-22 16:10:00+00:00,174.630005,174.710007,174.605606,174.690002,49043
2026-06-22 16:15:00+00:00,174.699997,174.960007,174.695007,174.884995,42905
2026-06-22 16:20:00+00:00,174.884995,174.914993,174.699997,174.770004,46248
2026-06-22 16:25:00+00:00,174.764465,174.859894,174.759995,174.785004,24177
2026-06-22 16:30:00+00:00,174.800003,175.159897,174.780106,175.085007,57502
2026-06-22 16:35:00+00:00,175.085007,175.320007,175.053802,175.300003,43377
2026-06-22 16:40:00+00:00,175.300003,175.389999,175.199997,175.335007,37735
2026-06-22 16:45:00+00:00,175.330002,175.445007,175.291702,175.330002,48848
2026-06-22 16:50:00+00:00,175.350006,175.380005,175.190002,175.225006,33147
2026-06-22 16:55:00+00:00,175.229996,175.289993,174.943695,174.943695,52521
2026-06-22 17:00:00+00:00,174.929993,175.115005,174.897003,175.115005,29461
2026-06-22 17:05:00+00:00,175.119995,175.160004,175.080002,175.130005,29635
2026-06-22 17:10:00+00:00,175.119995,175.149994,175.020004,175.070007,64523
2026-06-22 17:15:00+00:00,175.050003,175.050003,174.839996,174.839996,32577
2026-06-22 17:20:00+00:00,174.850006,174.889999,174.690002,174.740005,38814
2026-06-22 17:25:00+00:00,174.740005,174.770004,174.529999,174.529999,53382
2026-06-22 17:30:00+00:00,174.520004,174.740005,174.509995,174.664993,55516
2026-06-22 17:35:00+00:00,174.664993,174.779999,174.649994,174.755005,32748
2026-06-22 17:40:00+00:00,174.750000,174.768494,174.617294,174.669998,29136
2026-06-22 17:45:00+00:00,174.675003,174.679993,174.520004,174.520004,37838
2026-06-22 17:50:00+00:00,174.509995,174.589996,174.419998,174.462997,47812
2026-06-22 17:55:00+00:00,174.464996,174.479996,174.380005,174.410004,52958
2026-06-22 18:00:00+00:00,174.410004,174.544998,174.371002,174.404999,48169
2026-06-22 18:05:00+00:00,174.404999,174.589996,174.369995,174.529999,37232
2026-06-22 18:10:00+00:00,174.544998,174.649994,174.419998,174.639999,49075
2026-06-22 18:15:00+00:00,174.639999,174.830002,174.550003,174.830002,64575
2026-06-22 18:20:00+00:00,174.820007,174.985001,174.761398,174.809998,67341
2026-06-22 18:25:00+00:00,174.800003,174.829498,174.669998,174.779999,91057
2026-06-22 18:30:00+00:00,174.770096,174.869995,174.750000,174.759995,83868
2026-06-22 18:35:00+00:00,174.770004,174.854996,174.750000,174.839996,57548
2026-06-22 18:40:00+00:00,174.809998,174.899994,174.779999,174.899994,37595
2026-06-22 18:45:00+00:00,174.899994,174.940002,174.809998,174.850006,37076
2026-06-22 18:50:00+00:00,174.845001,174.910004,174.744995,174.889999,50439
2026-06-22 18:55:00+00:00,174.875000,174.960007,174.850006,174.914993,39020
2026-06-22 19:00:00+00:00,174.914993,175.009796,174.800003,174.910004,65136
2026-06-22 19:05:00+00:00,174.910004,175.085007,174.910004,175.059998,49761
2026-06-22 19:10:00+00:00,175.080002,175.199799,175.014999,175.190002,38162
2026-06-22 19:15:00+00:00,175.205002,175.289993,175.145004,175.169998,88452
2026-06-22 19:20:00+00:00,175.179993,175.229996,175.159195,175.179993,49886
2026-06-22 19:25:00+00:00,175.190002,175.374695,175.149994,175.250000,67250
2026-06-22 19:30:00+00:00,175.240005,175.307999,175.087494,175.139999,85476
2026-06-22 19:35:00+00:00,175.145004,175.179993,174.949997,174.970001,66187
2026-06-22 19:40:00+00:00,174.955002,175.095001,174.899994,175.000000,66098
2026-06-22 19:45:00+00:00,174.970001,175.255005,174.931793,175.250000,131496
2026-06-22 19:50:00+00:00,175.259995,175.423996,174.889999,175.009995,178465
2026-06-22 19:55:00+00:00,175.039993,175.139999,174.750000,175.070007,560047
2026-06-23 13:30:00+00:00,175.779999,175.904999,175.300003,175.509995,266597
2026-06-23 13:35:00+00:00,175.399994,175.830002,175.330002,175.610001,78865
2026-06-23 13:40:00+00:00,175.539993,175.740005,175.009995,175.410004,78766
2026-06-23 13:45:00+00:00,175.520004,175.660004,175.220001,175.585007,140558
2026-06-23 13:50:00+00:00,175.539993,175.899994,175.419998,175.470001,55041
2026-06-23 13:55:00+00:00,175.500000,175.529999,174.979996,175.369995,61337
2026-06-23 14:00:00+00:00,175.309998,175.380005,174.860001,174.940002,96026
2026-06-23 14:05:00+00:00,174.960007,175.279999,174.860001,175.009995,59571
2026-06-23 14:10:00+00:00,174.994995,175.175003,174.904999,175.080093,57469
2026-06-23 14:15:00+00:00,175.100006,175.260101,174.830002,175.220001,57150
2026-06-23 14:20:00+00:00,175.179993,175.199997,174.850006,174.960007,44997
2026-06-23 14:25:00+00:00,174.949997,174.955002,174.699997,174.899994,61596
2026-06-23 14:30:00+00:00,174.899994,175.160004,174.880005,175.059998,50022
2026-06-23 14:35:00+00:00,175.119995,175.259506,174.770004,175.009995,55847
2026-06-23 14:40:00+00:00,175.050003,175.460007,174.979996,175.455002,50958
2026-06-23 14:45:00+00:00,175.425003,175.619995,175.384995,175.539993,41891
2026-06-23 14:50:00+00:00,175.514999,175.554993,175.320007,175.354996,43008
2026-06-23 14:55:00+00:00,175.325500,175.539993,175.300995,175.470001,45995
2026-06-23 15:00:00+00:00,175.475006,175.710999,175.380005,175.679993,54869
2026-06-23 15:05:00+00:00,175.679993,175.750000,175.591003,175.690002,71161
2026-06-23 15:10:00+00:00,175.735016,176.029999,175.735016,176.029999,51731
2026-06-23 15:15:00+00:00,176.100006,176.190002,175.839996,176.130005,39375
2026-06-23 15:20:00+00:00,176.100006,176.235001,176.039993,176.070007,43137
2026-06-23 15:25:00+00:00,176.050003,176.110001,175.889999,176.009995,32329
2026-06-23 15:30:00+00:00,176.080002,176.095001,175.759995,175.759995,57078
2026-06-23 15:35:00+00:00,175.750000,175.859894,175.619995,175.835007,31426
2026-06-23 15:40:00+00:00,175.811996,176.000000,175.750000,175.869995,31862
2026-06-23 15:45:00+00:00,175.854996,176.110001,175.830002,176.050003,26459
2026-06-23 15:50:00+00:00,176.050003,176.070007,175.740005,175.835007,67051
2026-06-23 15:55:00+00:00,175.839996,175.904999,175.779999,175.820007,37886
2026-06-23 16:00:00+00:00,175.800003,176.039993,175.735001,175.919998,89239
2026-06-23 16:05:00+00:00,175.925003,176.049896,175.889999,176.000000,30899
2026-06-23 16:10:00+00:00,175.990005,176.033798,175.770004,175.859894,31727
2026-06-23 16:15:00+00:00,175.835007,175.949997,175.835007,175.941299,33151
2026-06-23 16:20:00+00:00,175.960007,176.039993,175.850006,175.880005,54620
2026-06-23 16:25:00+00:00,175.880005,176.089996,175.880005,176.080002,73748
2026-06-23 16:30:00+00:00,176.070007,176.070007,175.860001,175.949997,48565
2026-06-23 16:35:00+00:00,175.960007,175.990005,175.779999,175.820007,30574
2026-06-23 16:40:00+00:00,175.809998,175.860001,175.644104,175.679901,27564
2026-06-23 16:45:00+00:00,175.679993,175.869995,175.669998,175.817596,34369
2026-06-23 16:50:00+00:00,175.824997,175.869995,175.759995,175.860107,29056
2026-06-23 16:55:00+00:00,175.839996,175.899994,175.809998,175.890106,22107
2026-06-23 17:00:00+00:00,175.910004,176.104996,175.910004,176.035004,37053
2026-06-23 17:05:00+00:00,176.050003,176.160004,176.014999,176.070007,27691
2026-06-23 17:10:00+00:00,176.059998,176.149994,176.020004,176.119995,30937
2026-06-23 17:15:00+00:00,176.119995,176.292664,176.060104,176.240005,35657
2026-06-23 17:20:00+00:00,176.240005,176.250397,176.070007,176.119995,72249
2026-06-23 17:25:00+00:00,176.110001,176.179993,175.975006,176.139999,86335
2026-06-23 17:30:00+00:00,176.139999,176.199997,176.019104,176.059998,42493
2026-06-23 17:35:00+00:00,176.059998,176.149994,176.059998,176.149994,47123
2026-06-23 17:40:00+00:00,176.139999,176.179993,176.110001,176.160294,23943
2026-06-23 17:45:00+00:00,176.177994,176.240005,176.149994,176.225189,30854
2026-06-23 17:50:00+00:00,176.190002,176.229996,176.119995,176.130005,40223
2026-06-23 17:55:00+00:00,176.149994,176.149994,175.934998,176.085007,40756
2026-06-23 18:00:00+00:00,176.110001,176.199997,176.000000,176.145004,41601
2026-06-23 18:05:00+00:00,176.119995,176.279999,176.100098,176.184998,34362
2026-06-23 18:10:00+00:00,176.184998,176.273895,176.100006,176.190002,35041
2026-06-23 18:15:00+00:00,176.139999,176.139999,176.010101,176.010101,40941
2026-06-23 18:20:00+00:00,176.020004,176.129898,176.005005,176.020004,35692
2026-06-23 18:25:00+00:00,176.020004,176.145004,176.009995,176.130005,36095
2026-06-23 18:30:00+00:00,176.115005,176.289993,176.115005,176.289993,32071
2026-06-23 18:35:00+00:00,176.270004,176.380005,176.179993,176.210007,119659
2026-06-23 18:40:00+00:00,176.210007,176.240005,176.044998,176.104996,51407
2026-06-23 18:45:00+00:00,176.100006,176.330002,176.089996,176.255005,163233
2026-06-23 18:50:00+00:00,176.255005,176.300003,176.009995,176.020004,33897
2026-06-23 18:55:00+00:00,176.039993,176.095001,175.925003,175.970001,42579
2026-06-23 19:00:00+00:00,175.949997,175.990005,175.869995,175.914993,41684
2026-06-23 19:05:00+00:00,175.889999,175.925003,175.740005,175.764999,41120
2026-06-23 19:10:00+00:00,175.764999,175.789993,175.679993,175.699997,51451
2026-06-23 19:15:00+00:00,175.710007,175.820007,175.630005,175.815002,53332
2026-06-23 19:20:00+00:00,175.809998,175.964996,175.789993,175.910004,47467
2026-06-23 19:25:00+00:00,175.914993,176.115005,175.740005,176.085007,60062
2026-06-23 19:30:00+00:00,176.070007,176.104996,175.790100,175.919998,77575
2026-06-23 19:35:00+00:00,175.919998,176.095001,175.860001,175.934998,96924
2026-06-23 19:40:00+00:00,175.919998,176.184998,175.899994,176.180099,103953
2026-06-23 19:45:00+00:00,176.190002,176.360001,176.104996,176.345001,134242
2026-06-23 19:50:00+00:00,176.350006,176.399994,176.080002,176.130005,165531
2026-06-23 19:55:00+00:00,176.110001,176.389999,175.979996,175.990005,441884
2026-06-24 13:30:00+00:00,173.889999,173.990005,171.300995,171.815002,425762
2026-06-24 13:35:00+00:00,171.770004,172.289993,171.520004,171.869995,210960
2026-06-24 13:40:00+00:00,171.877563,172.779999,171.710007,172.679993,186067
2026-06-24 13:45:00+00:00,172.729996,173.000000,172.169998,172.429993,192207
2026-06-24 13:50:00+00:00,172.470001,172.860001,172.149994,172.184998,113239
2026-06-24 13:55:00+00:00,172.220001,172.649994,171.540100,171.815002,208057
2026-06-24 14:00:00+00:00,171.830002,172.475006,171.725006,171.970001,199565
2026-06-24 14:05:00+00:00,171.975006,172.050003,171.139999,171.190002,133437
2026-06-24 14:10:00+00:00,171.179993,171.419998,170.919998,171.119995,170712
2026-06-24 14:15:00+00:00,171.115005,171.779999,171.115005,171.642395,209949
2026-06-24 14:20:00+00:00,171.699997,171.759995,171.330002,171.575104,97742
2026-06-24 14:25:00+00:00,171.625000,171.899994,171.570007,171.695099,115778
2026-06-24 14:30:00+00:00,171.669998,171.669998,171.009995,171.179993,98666
2026-06-24 14:35:00+00:00,171.150101,171.389999,171.110001,171.279999,65085
2026-06-24 14:40:00+00:00,171.279999,171.434998,171.149994,171.429993,50256
2026-06-24 14:45:00+00:00,171.410004,171.429993,171.039993,171.130005,57152
2026-06-24 14:50:00+00:00,171.149994,171.270004,170.990005,171.199997,67830
2026-06-24 14:55:00+00:00,171.205002,171.369995,170.970001,171.089996,94252
2026-06-24 15:00:00+00:00,171.080002,171.419998,170.990005,171.179993,100410
2026-06-24 15:05:00+00:00,171.179993,171.214996,170.860001,171.020004,66535
2026-06-24 15:10:00+00:00,171.029999,171.199997,171.009995,171.080002,335939
2026-06-24 15:15:00+00:00,171.085007,171.455002,171.070007,171.410004,45425
2026-06-24 15:20:00+00:00,171.479996,171.679993,171.229996,171.410004,79817
2026-06-24 15:25:00+00:00,171.404999,171.449997,171.090103,171.119995,51074
2026-06-24 15:30:00+00:00,171.139999,171.229996,171.059998,171.220001,61312
2026-06-24 15:35:00+00:00,171.220001,171.589996,171.074997,171.559998,53862
2026-06-24 15:40:00+00:00,171.600006,171.949997,171.570007,171.929993,68901
2026-06-24 15:45:00+00:00,171.919998,171.949997,171.490005,171.565002,69616
2026-06-24 15:50:00+00:00,171.565002,171.729996,171.490005,171.630005,109866
2026-06-24 15:55:00+00:00,171.619995,171.619995,171.014999,171.014999,145806
2026-06-24 16:00:00+00:00,171.020004,171.350006,170.940002,171.279999,58380
2026-06-24 16:05:00+00:00,171.270004,171.410004,171.200104,171.320007,56402
2026-06-24 16:10:00+00:00,171.315002,171.320007,171.125000,171.139999,60040
2026-06-24 16:15:00+00:00,171.130005,171.268402,171.065002,171.175003,55848
2026-06-24 16:20:00+00:00,171.160004,171.210007,171.050003,171.210007,44075
2026-06-24 16:25:00+00:00,171.270004,171.309998,171.139999,171.309998,48819
2026-06-24 16:30:00+00:00,171.309998,171.434998,171.270004,171.419998,50406
2026-06-24 16:35:00+00:00,171.429993,171.669998,171.350006,171.574997,46915
2026-06-24 16:40:00+00:00,171.580002,171.679993,171.449997,171.600006,62289
2026-06-24 16:45:00+00:00,171.585007,171.770004,171.585007,171.744995,49271
2026-06-24 16:50:00+00:00,171.738998,171.860001,171.690094,171.722305,49978
2026-06-24 16:55:00+00:00,171.740005,171.869995,171.610001,171.835007,66659
2026-06-24 17:00:00+00:00,171.845001,172.160004,171.824997,172.139999,60664
2026-06-24 17:05:00+00:00,172.110001,172.389999,172.059998,172.350098,103596
2026-06-24 17:10:00+00:00,172.384995,172.399994,172.070007,172.149994,89127
2026-06-24 17:15:00+00:00,172.160004,172.404999,172.130005,172.404999,68973
2026-06-24 17:20:00+00:00,172.404999,172.440002,171.940002,171.975006,71636
2026-06-24 17:25:00+00:00,171.964996,172.039993,171.740005,171.839996,51720
2026-06-24 17:30:00+00:00,171.809998,171.880005,171.595001,171.630005,48220
2026-06-24 17:35:00+00:00,171.630005,171.785004,171.509995,171.750000,69424
2026-06-24 17:40:00+00:00,171.750000,172.000000,171.699997,171.929993,58169
2026-06-24 17:45:00+00:00,171.934998,172.000000,171.580002,171.610001,50685
2026-06-24 17:50:00+00:00,171.595001,171.679993,171.554993,171.600006,64977
2026-06-24 17:55:00+00:00,171.580093,171.639999,171.470001,171.485001,52996
2026-06-24 18:00:00+00:00,171.500000,171.800003,171.500000,171.764999,68515
2026-06-24 18:05:00+00:00,171.800003,171.929993,171.695007,171.789993,59734
2026-06-24 18:10:00+00:00,171.804993,171.875000,171.720001,171.804993,47154
2026-06-24 18:15:00+00:00,171.800003,171.820007,171.625000,171.645004,60057
2026-06-24 18:20:00+00:00,171.652496,171.820007,171.649994,171.729996,52662
2026-06-24 18:25:00+00:00,171.710007,171.824997,171.509995,171.800003,48319
2026-06-24 18:30:00+00:00,171.800003,171.899994,171.720001,171.779999,47860
2026-06-24 18:35:00+00:00,171.774994,171.865005,171.735001,171.740005,54418
2026-06-24 18:40:00+00:00,171.770004,171.945007,171.679993,171.889999,55472
2026-06-24 18:45:00+00:00,171.910004,171.949997,171.797302,171.839996,56789
2026-06-24 18:50:00+00:00,171.835007,171.899994,171.690002,171.860001,66697
2026-06-24 18:55:00+00:00,171.839996,171.860001,171.720001,171.782303,58958
2026-06-24 19:00:00+00:00,171.800003,172.029999,171.770004,171.895004,91566
2026-06-24 19:05:00+00:00,171.929993,172.020004,171.779999,171.824997,71234
2026-06-24 19:10:00+00:00,171.820007,172.125000,171.789993,172.065002,64531
2026-06-24 19:15:00+00:00,172.065002,172.100006,171.960007,172.085007,63680
2026-06-24 19:20:00+00:00,172.085007,172.085007,171.850006,171.904999,70145
2026-06-24 19:25:00+00:00,171.929993,171.970001,171.729996,171.800003,76868
2026-06-24 19:30:00+00:00,171.785004,171.869995,171.520004,171.535004,126024
2026-06-24 19:35:00+00:00,171.559998,171.630005,171.399994,171.535004,82867
2026-06-24 19:40:00+00:00,171.559998,171.860001,171.500000,171.820007,109397
2026-06-24 19:45:00+00:00,171.789993,172.339996,171.789993,172.339996,100238
2026-06-24 19:50:00+00:00,172.330002,172.460007,171.880005,172.059998,252808
2026-06-24 19:55:00+00:00,172.080002,172.080002,171.419998,171.550003,862354
2026-06-25 13:30:00+00:00,170.220001,170.410004,169.270004,169.419998,383480
2026-06-25 13:35:00+00:00,169.410004,170.345001,169.360001,170.324997,129449
2026-06-25 13:40:00+00:00,170.300186,170.330002,169.630005,169.889999,220155
2026-06-25 13:45:00+00:00,169.934998,170.779999,169.820007,170.500000,174411
2026-06-25 13:50:00+00:00,170.550003,170.580002,170.139999,170.330002,136822
2026-06-25 13:55:00+00:00,170.330002,171.008102,170.250000,170.949997,99093
2026-06-25 14:00:00+00:00,170.910004,171.699997,170.865005,171.485001,136244
2026-06-25 14:05:00+00:00,171.500000,171.509995,171.199997,171.350006,88355
2026-06-25 14:10:00+00:00,171.389999,171.389999,171.119995,171.279999,77897
2026-06-25 14:15:00+00:00,171.339996,171.520004,171.169998,171.445007,171289
2026-06-25 14:20:00+00:00,171.470001,171.520004,171.169998,171.377502,79577
2026-06-25 14:25:00+00:00,171.389999,171.489899,171.309998,171.377502,81295
2026-06-25 14:30:00+00:00,171.395004,171.535004,171.250000,171.445007,86846
2026-06-25 14:35:00+00:00,171.449997,171.464996,171.030106,171.044998,61741
2026-06-25 14:40:00+00:00,171.029999,171.460007,170.929993,171.445007,72570
2026-06-25 14:45:00+00:00,171.470001,171.639999,171.309998,171.429993,92835
2026-06-25 14:50:00+00:00,171.434998,171.470001,171.169998,171.220001,69588
2026-06-25 14:55:00+00:00,171.229996,171.410004,171.119995,171.220001,79124
2026-06-25 15:00:00+00:00,171.199997,171.300003,171.009995,171.134995,66497
2026-06-25 15:05:00+00:00,171.154999,171.669998,171.130005,171.449997,70461
2026-06-25 15:10:00+00:00,171.399994,171.975006,171.389999,171.880005,80981
2026-06-25 15:15:00+00:00,171.889999,172.535004,171.889999,172.429993,149775
2026-06-25 15:20:00+00:00,172.429993,172.600006,172.380005,172.520004,95944
2026-06-25 15:25:00+00:00,172.550003,172.729996,172.460007,172.460007,72573
2026-06-25 15:30:00+00:00,172.449997,172.709396,172.410004,172.445007,49985
2026-06-25 15:35:00+00:00,172.429993,172.447006,172.045105,172.045105,51222
2026-06-25 15:40:00+00:00,172.050003,172.130005,171.914993,171.960007,44752
2026-06-25 15:45:00+00:00,171.949997,172.035004,171.770004,171.779999,48045
2026-06-25 15:50:00+00:00,171.759995,171.938995,171.740005,171.880005,42816
2026-06-25 15:55:00+00:00,171.899994,171.910004,171.800003,171.830002,47652
2026-06-25 16:00:00+00:00,171.804993,171.850006,171.639999,171.639999,50691
2026-06-25 16:05:00+00:00,171.669998,171.759995,171.509995,171.559998,36379
2026-06-25 16:10:00+00:00,171.535004,171.580002,171.419998,171.451797,38049
2026-06-25 16:15:00+00:00,171.470001,171.500000,171.289993,171.445007,44789
2026-06-25 16:20:00+00:00,171.430099,171.577301,171.395004,171.559998,41256
2026-06-25 16:25:00+00:00,171.570007,171.664993,171.550003,171.595001,39764
2026-06-25 16:30:00+00:00,171.595001,171.639999,171.505005,171.580093,52680
2026-06-25 16:35:00+00:00,171.580002,171.589996,171.380005,171.529999,44240
2026-06-25 16:40:00+00:00,171.529999,171.660004,171.460007,171.559998,39772
2026-06-25 16:45:00+00:00,171.565002,171.710007,171.520004,171.539993,46147
2026-06-25 16:50:00+00:00,171.539993,171.669998,171.505005,171.529999,42567
2026-06-25 16:55:00+00:00,171.510101,171.630005,171.429993,171.471603,32735
2026-06-25 17:00:00+00:00,171.460007,171.460007,171.330002,171.330002,41434
2026-06-25 17:05:00+00:00,171.350006,171.369995,171.085007,171.085007,39639
2026-06-25 17:10:00+00:00,171.099899,171.099899,170.931000,171.024994,49340
2026-06-25 17:15:00+00:00,171.050003,171.178207,170.990005,171.178207,46811
2026-06-25 17:20:00+00:00,171.164993,171.350006,171.164993,171.320007,47554
2026-06-25 17:25:00+00:00,171.300003,171.384995,171.244995,171.375000,59684
2026-06-25 17:30:00+00:00,171.389999,171.460007,171.320007,171.360001,34699
2026-06-25 17:35:00+00:00,171.339996,171.610001,171.309998,171.559998,38493
2026-06-25 17:40:00+00:00,171.570007,171.729996,171.570007,171.604996,39524
2026-06-25 17:45:00+00:00,171.610001,171.645004,171.539993,171.589996,40914
2026-06-25 17:50:00+00:00,171.580002,171.729996,171.570007,171.675003,38017
2026-06-25 17:55:00+00:00,171.660004,172.009995,171.619995,172.009995,59901
2026-06-25 18:00:00+00:00,172.014999,172.210007,172.014999,172.205002,64643
2026-06-25 18:05:00+00:00,172.190002,172.440002,172.110001,172.440002,58523
2026-06-25 18:10:00+00:00,172.470001,172.570007,172.425003,172.479996,58997
2026-06-25 18:15:00+00:00,172.479996,172.550003,172.360001,172.460007,64141
2026-06-25 18:20:00+00:00,172.464996,172.509995,172.360001,172.479996,49102
2026-06-25 18:25:00+00:00,172.475006,172.529999,172.414993,172.485001,74009
2026-06-25 18:30:00+00:00,172.460007,172.529999,172.410004,172.460007,44287
2026-06-25 18:35:00+00:00,172.470001,172.770004,172.440002,172.649994,63882
2026-06-25 18:40:00+00:00,172.639999,172.693802,172.570007,172.589996,39920
2026-06-25 18:45:00+00:00,172.600006,172.639496,172.520004,172.589996,47374
2026-06-25 18:50:00+00:00,172.585007,172.619995,172.550003,172.550003,55506
2026-06-25 18:55:00+00:00,172.539993,172.610001,172.479996,172.550003,56905
2026-06-25 19:00:00+00:00,172.559998,172.610001,172.460007,172.529999,64728
2026-06-25 19:05:00+00:00,172.550003,172.550003,172.339996,172.410004,59494
2026-06-25 19:10:00+00:00,172.410004,172.509995,172.384995,172.384995,55767
2026-06-25 19:15:00+00:00,172.384995,172.485001,172.309998,172.354996,59819
2026-06-25 19:20:00+00:00,172.339996,172.475006,172.250000,172.274994,69395
2026-06-25 19:25:00+00:00,172.250000,172.285004,172.070007,172.085007,70936
2026-06-25 19:30:00+00:00,172.070007,172.229996,171.970001,172.059998,84457
2026-06-25 19:35:00+00:00,172.039993,172.190002,171.990005,172.164993,60486
2026-06-25 19:40:00+00:00,172.149994,172.179993,172.009995,172.089996,95421
2026-06-25 19:45:00+00:00,172.080002,172.235001,171.940002,172.149994,95389
2026-06-25 19:50:00+00:00,172.169998,172.330002,171.940002,172.139999,284798
2026-06-25 19:55:00+00:00,172.160004,172.399994,172.080002,172.270004,502553
2026-06-26 13:30:00+00:00,172.240005,172.250000,171.360001,171.850006,360295
2026-06-26 13:35:00+00:00,171.830002,172.199997,171.240005,171.330002,142321
2026-06-26 13:40:00+00:00,171.360001,171.410004,170.570007,171.139999,166709
2026-06-26 13:45:00+00:00,171.160004,171.830002,171.119995,171.608994,105235
2026-06-26 13:50:00+00:00,171.639999,171.860001,171.285004,171.835007,52376
2026-06-26 13:55:00+00:00,171.850006,171.895004,171.440002,171.470001,97924
2026-06-26 14:00:00+00:00,171.500000,171.639999,170.449997,170.449997,128172
2026-06-26 14:05:00+00:00,170.449997,170.860001,170.375000,170.690002,130902
2026-06-26 14:10:00+00:00,170.699997,170.964996,170.520004,170.804993,109621
2026-06-26 14:15:00+00:00,170.779999,171.009995,170.750000,170.839996,61851
2026-06-26 14:20:00+00:00,170.839996,170.860001,170.470093,170.539993,90604
2026-06-26 14:25:00+00:00,170.500000,170.600098,170.149994,170.300003,140816
2026-06-26 14:30:00+00:00,170.309998,170.309998,169.940002,170.210007,100031
2026-06-26 14:35:00+00:00,170.199997,170.879898,170.184998,170.839996,76145
2026-06-26 14:40:00+00:00,170.850006,170.979996,170.570007,170.600006,56621
2026-06-26 14:45:00+00:00,170.600006,170.875000,170.419998,170.460007,56578
2026-06-26 14:50:00+00:00,170.520004,170.529999,170.190002,170.360001,70823
2026-06-26 14:55:00+00:00,170.380005,170.630005,170.369995,170.600006,65171
2026-06-26 15:00:00+00:00,170.610001,170.800003,170.460007,170.800003,52775
2026-06-26 15:05:00+00:00,170.770004,170.940002,170.600006,170.630005,62863
2026-06-26 15:10:00+00:00,170.679993,170.919998,170.660004,170.830002,47026
2026-06-26 15:15:00+00:00,170.835007,170.869995,170.580002,170.645004,57131
2026-06-26 15:20:00+00:00,170.630005,170.699997,170.508911,170.600006,57165
2026-06-26 15:25:00+00:00,170.614105,170.779999,170.570007,170.684998,50987
2026-06-26 15:30:00+00:00,170.669998,170.690002,170.289993,170.320007,70756
2026-06-26 15:35:00+00:00,170.330002,170.360001,170.119995,170.179993,77231
2026-06-26 15:40:00+00:00,170.164993,170.449997,170.164993,170.274994,49598
2026-06-26 15:45:00+00:00,170.270004,170.485001,170.160004,170.320007,47457
2026-06-26 15:50:00+00:00,170.320007,170.800003,170.289993,170.755005,114455
2026-06-26 15:55:00+00:00,170.755005,170.919998,170.630005,170.889999,85027
2026-06-26 16:00:00+00:00,170.889999,170.990005,170.774994,170.889999,66002
2026-06-26 16:05:00+00:00,170.929993,171.000000,170.794998,170.875000,92525
2026-06-26 16:10:00+00:00,170.830002,170.839996,170.464996,170.479996,58831
2026-06-26 16:15:00+00:00,170.485001,171.059998,170.320007,171.000000,257623
2026-06-26 16:20:00+00:00,170.989899,171.070007,170.670197,170.699997,80913
2026-06-26 16:25:00+00:00,170.725098,170.725098,170.330002,170.399994,118820
2026-06-26 16:30:00+00:00,170.369995,170.429993,170.145004,170.160004,78078
2026-06-26 16:35:00+00:00,170.179993,170.514999,170.169998,170.399994,77469
2026-06-26 16:40:00+00:00,170.455002,170.509995,170.389999,170.419998,61077
2026-06-26 16:45:00+00:00,170.429993,170.460007,170.330002,170.339996,73791
2026-06-26 16:50:00+00:00,170.345001,170.490005,170.229996,170.414993,51366
2026-06-26 16:55:00+00:00,170.440002,170.610001,170.410004,170.570007,47283
2026-06-26 17:00:00+00:00,170.559998,170.640106,170.479996,170.610001,40928
2026-06-26 17:05:00+00:00,170.630005,170.770004,170.621506,170.725006,66311
2026-06-26 17:10:00+00:00,170.729996,170.815002,170.660004,170.809998,38030
2026-06-26 17:15:00+00:00,170.789993,170.789993,170.539993,170.630005,64991
2026-06-26 17:20:00+00:00,170.639999,170.679993,170.529999,170.589996,39733
2026-06-26 17:25:00+00:00,170.595001,170.809998,170.580002,170.789993,41646
2026-06-26 17:30:00+00:00,170.800003,170.884995,170.759995,170.759995,45438
2026-06-26 17:35:00+00:00,170.764999,170.770004,170.639999,170.695007,45983
2026-06-26 17:40:00+00:00,170.695007,170.770004,170.660004,170.759995,35252
2026-06-26 17:45:00+00:00,170.759995,170.789993,170.610107,170.720001,49863
2026-06-26 17:50:00+00:00,170.729996,170.800003,170.654999,170.684998,43542
2026-06-26 17:55:00+00:00,170.669998,170.669998,170.389999,170.440002,83781
2026-06-26 18:00:00+00:00,170.410599,170.664993,170.410004,170.664993,54961
2026-06-26 18:05:00+00:00,170.679993,170.770004,170.619995,170.654999,59940
2026-06-26 18:10:00+00:00,170.640106,170.669998,170.580002,170.669998,45573
2026-06-26 18:15:00+00:00,170.669998,170.705002,170.580002,170.705002,47679
2026-06-26 18:20:00+00:00,170.709000,170.779999,170.639999,170.759995,54826
2026-06-26 18:25:00+00:00,170.750000,170.755005,170.630005,170.660004,46182
2026-06-26 18:30:00+00:00,170.639999,170.759995,170.520004,170.559998,98286
2026-06-26 18:35:00+00:00,170.559998,170.559998,170.399994,170.554993,50320
2026-06-26 18:40:00+00:00,170.570007,170.580002,170.344604,170.399994,64224
2026-06-26 18:45:00+00:00,170.410004,170.410004,170.240005,170.274994,55826
2026-06-26 18:50:00+00:00,170.264999,170.315002,170.220001,170.229996,43411
2026-06-26 18:55:00+00:00,170.244995,170.244995,170.039993,170.115005,77171
2026-06-26 19:00:00+00:00,170.115005,170.210007,170.085007,170.119995,68294
2026-06-26 19:05:00+00:00,170.130005,170.220001,170.050003,170.050003,78747
2026-06-26 19:10:00+00:00,170.050003,170.145004,169.929993,170.110001,100652
2026-06-26 19:15:00+00:00,170.089996,170.264999,170.089996,170.210007,68475
2026-06-26 19:20:00+00:00,170.210007,170.244995,170.080002,170.214996,67073
2026-06-26 19:25:00+00:00,170.199997,170.424896,170.139999,170.395004,86637
2026-06-26 19:30:00+00:00,170.410004,170.470001,170.290100,170.429993,109390
2026-06-26 19:35:00+00:00,170.429993,170.615005,170.179993,170.375000,122382
2026-06-26 19:40:00+00:00,170.389999,170.539993,170.320007,170.399994,79191
2026-06-26 19:45:00+00:00,170.410004,170.544998,170.050003,170.544998,223988
2026-06-26 19:50:00+00:00,170.589996,171.158798,170.589996,170.925003,306071
2026-06-26 19:55:00+00:00,170.904999,171.000000,170.479996,170.925003,801390
2026-06-29 13:30:00+00:00,171.369995,171.600006,170.503403,171.350006,205869
2026-06-29 13:35:00+00:00,171.327606,171.589996,170.820007,171.080002,61654
2026-06-29 13:40:00+00:00,171.077271,171.219894,170.800003,170.970001,81192
2026-06-29 13:45:00+00:00,170.929993,170.990005,170.449997,170.649994,93020
2026-06-29 13:50:00+00:00,170.639999,171.039993,170.410004,170.949997,98310
2026-06-29 13:55:00+00:00,170.960007,170.990005,170.399994,170.399994,60846
2026-06-29 14:00:00+00:00,170.429993,170.440002,169.615005,169.679993,119087
2026-06-29 14:05:00+00:00,169.709900,169.809998,169.419998,169.445007,85797
2026-06-29 14:10:00+00:00,169.440002,169.869995,169.223007,169.570007,103077
2026-06-29 14:15:00+00:00,169.610001,169.919998,169.570007,169.669998,115981
2026-06-29 14:20:00+00:00,169.710007,169.919998,169.649994,169.820007,83567
2026-06-29 14:25:00+00:00,169.809998,169.814301,169.119995,169.210007,88797
2026-06-29 14:30:00+00:00,169.229996,169.404999,168.929993,169.020004,134462
2026-06-29 14:35:00+00:00,169.005096,169.250000,168.949997,169.130005,86630
2026-06-29 14:40:00+00:00,169.139999,169.149994,168.660995,168.934998,104064
2026-06-29 14:45:00+00:00,168.929993,169.179993,168.759995,168.770004,108316
2026-06-29 14:50:00+00:00,168.750000,168.750000,168.500000,168.610001,96013
2026-06-29 14:55:00+00:00,168.619995,168.649994,168.449997,168.550003,91060
2026-06-29 15:00:00+00:00,168.550003,168.770004,168.470001,168.750000,74991
2026-06-29 15:05:00+00:00,168.809998,168.960007,168.710007,168.934998,52549
2026-06-29 15:10:00+00:00,168.934998,168.995804,168.860001,168.949997,63553
2026-06-29 15:15:00+00:00,168.940002,169.110001,168.729996,169.059998,98879
2026-06-29 15:20:00+00:00,169.039993,169.039993,168.869995,168.940002,53141
2026-06-29 15:25:00+00:00,168.929993,168.929993,168.630005,168.699997,79352
2026-06-29 15:30:00+00:00,168.710007,168.949997,168.669998,168.934998,67873
2026-06-29 15:35:00+00:00,168.945007,168.970001,168.759995,168.914993,49593
2026-06-29 15:40:00+00:00,168.914993,168.960007,168.809998,168.869995,41250
2026-06-29 15:45:00+00:00,168.910004,169.039993,168.899994,168.934998,57682
2026-06-29 15:50:00+00:00,168.949997,168.949997,168.710007,168.839996,56999
2026-06-29 15:55:00+00:00,168.830002,168.835602,168.684998,168.770004,62749
2026-06-29 16:00:00+00:00,168.750000,168.919998,168.732605,168.869995,46995
2026-06-29 16:05:00+00:00,168.870102,169.029999,168.850006,169.020004,49159
2026-06-29 16:10:00+00:00,169.029999,169.339996,169.029999,169.279999,70314
2026-06-29 16:15:00+00:00,169.309998,169.380005,169.210007,169.294998,56651
2026-06-29 16:20:00+00:00,169.309998,169.319794,169.115005,169.169998,63949
2026-06-29 16:25:00+00:00,169.169998,169.399902,169.160004,169.354996,62969
2026-06-29 16:30:00+00:00,169.354996,169.429993,169.300003,169.304993,62969
2026-06-29 16:35:00+00:00,169.305603,169.309998,169.179993,169.220001,57004
2026-06-29 16:40:00+00:00,169.225006,169.289993,169.220001,169.220001,41521
2026-06-29 16:45:00+00:00,169.218002,169.384995,169.179993,169.255005,72987
2026-06-29 16:50:00+00:00,169.255005,169.309998,169.169998,169.309998,66017
2026-06-29 16:55:00+00:00,169.309998,169.309998,169.199997,169.250000,60659
2026-06-29 17:00:00+00:00,169.240005,169.330002,169.199997,169.315002,55222
2026-06-29 17:05:00+00:00,169.315002,169.460007,169.300003,169.460007,85080
2026-06-29 17:10:00+00:00,169.440002,169.509995,169.360306,169.505005,50883
2026-06-29 17:15:00+00:00,169.505005,169.550003,169.419998,169.505005,55997
2026-06-29 17:20:00+00:00,169.500000,169.809998,169.500000,169.800003,60900
2026-06-29 17:25:00+00:00,169.779999,169.880005,169.669998,169.729996,119228
2026-06-29 17:30:00+00:00,169.729996,170.054993,169.720093,169.875000,77781
2026-06-29 17:35:00+00:00,169.860992,169.899994,169.600006,169.710007,97102
2026-06-29 17:40:00+00:00,169.699997,169.759903,169.615005,169.759903,46243
2026-06-29 17:45:00+00:00,169.759995,169.794998,169.630005,169.660004,70395
2026-06-29 17:50:00+00:00,169.639999,169.774994,169.639999,169.755005,54253
2026-06-29 17:55:00+00:00,169.755005,169.830002,169.720001,169.820007,55065
2026-06-29 18:00:00+00:00,169.820007,169.889999,169.654999,169.669998,58974
2026-06-29 18:05:00+00:00,169.679993,169.725006,169.630005,169.690002,91217
2026-06-29 18:10:00+00:00,169.679993,169.940002,169.660004,169.820007,52029
2026-06-29 18:15:00+00:00,169.809998,169.884995,169.570007,169.615005,61070
2026-06-29 18:20:00+00:00,169.600006,169.750000,169.449997,169.669998,85989
2026-06-29 18:25:00+00:00,169.690002,169.934998,169.679993,169.919998,76422
2026-06-29 18:30:00+00:00,169.934998,169.979904,169.830002,169.869995,74709
2026-06-29 18:35:00+00:00,169.860001,169.935501,169.779999,169.850006,75557
2026-06-29 18:40:00+00:00,169.830002,169.919998,169.800003,169.869995,50441
2026-06-29 18:45:00+00:00,169.880005,169.919998,169.759995,169.889893,83186
2026-06-29 18:50:00+00:00,169.875000,169.899994,169.770004,169.804993,117538
2026-06-29 18:55:00+00:00,169.809998,169.850006,169.750000,169.845001,107874
2026-06-29 19:00:00+00:00,169.845001,169.919998,169.699997,169.770004,130514
2026-06-29 19:05:00+00:00,169.774994,169.867203,169.570007,169.619995,103895
2026-06-29 19:10:00+00:00,169.619995,169.690002,169.419998,169.479996,82778
2026-06-29 19:15:00+00:00,169.470001,169.479996,169.279999,169.380005,87146
2026-06-29 19:20:00+00:00,169.369995,169.395004,169.139999,169.199997,85995
2026-06-29 19:25:00+00:00,169.199997,169.250000,169.080002,169.080002,100802
2026-06-29 19:30:00+00:00,169.070007,169.119995,168.809998,168.910004,132148
2026-06-29 19:35:00+00:00,168.929993,169.009995,168.850006,168.949997,118189
2026-06-29 19:40:00+00:00,168.949997,168.979996,168.770004,168.857666,123615
2026-06-29 19:45:00+00:00,168.860001,168.884995,168.619995,168.705002,165336
2026-06-29 19:50:00+00:00,168.720001,168.949997,168.445007,168.449997,230579
2026-06-29 19:55:00+00:00,168.429993,168.774994,168.369995,168.419998,593896
2026-06-30 13:30:00+00:00,169.699997,170.460007,169.460007,169.589996,222421
2026-06-30 13:35:00+00:00,169.600006,169.695099,168.660004,168.809998,147323
2026-06-30 13:40:00+00:00,168.899994,169.190002,168.570007,168.770004,82158
2026-06-30 13:45:00+00:00,168.690002,168.875000,168.259995,168.289993,145995
2026-06-30 13:50:00+00:00,168.294998,168.410004,167.750000,168.145004,123759
2026-06-30 13:55:00+00:00,168.179993,168.589996,168.179993,168.554993,92971
2026-06-30 14:00:00+00:00,168.520004,168.550003,168.050003,168.220001,160389
2026-06-30 14:05:00+00:00,168.199997,168.199997,167.479996,167.909302,102603
2026-06-30 14:10:00+00:00,167.899994,167.979996,167.570007,167.839996,94529
2026-06-30 14:15:00+00:00,167.860001,168.035004,167.400101,167.490005,142057
2026-06-30 14:20:00+00:00,167.470001,167.570007,167.199997,167.520004,146172
2026-06-30 14:25:00+00:00,167.509995,167.750000,167.490005,167.710052,58917
2026-06-30 14:30:00+00:00,167.720001,167.770004,167.350006,167.384995,83892
2026-06-30 14:35:00+00:00,167.390106,167.800003,167.380005,167.800003,51357
2026-06-30 14:40:00+00:00,167.835007,167.835007,167.565002,167.729996,128016
2026-06-30 14:45:00+00:00,167.699997,167.759995,167.425003,167.505005,91136
2026-06-30 14:50:00+00:00,167.520004,167.679993,167.389999,167.679993,62618
2026-06-30 14:55:00+00:00,167.649994,167.830002,167.445007,167.554993,129458
2026-06-30 15:00:00+00:00,167.559998,167.559998,167.261398,167.410004,97968
2026-06-30 15:05:00+00:00,167.414993,167.880005,167.389999,167.850006,104220
2026-06-30 15:10:00+00:00,167.865005,168.145004,167.850006,167.899994,119568
2026-06-30 15:15:00+00:00,167.929993,168.125000,167.804993,168.115005,102227
2026-06-30 15:20:00+00:00,168.130005,168.240005,167.720001,167.720001,97398
2026-06-30 15:25:00+00:00,167.699997,167.860001,167.520004,167.720001,70678
2026-06-30 15:30:00+00:00,167.740005,167.875000,167.600006,167.699997,98628
2026-06-30 15:35:00+00:00,167.699997,167.860001,167.690002,167.820007,51270
2026-06-30 15:40:00+00:00,167.835007,168.009995,167.835007,167.949997,39866
2026-06-30 15:45:00+00:00,167.970001,168.020004,167.840103,167.940002,53336
2026-06-30 15:50:00+00:00,167.929993,167.949997,167.710007,167.770004,63607
2026-06-30 15:55:00+00:00,167.770004,167.899994,167.679993,167.854996,63759
2026-06-30 16:00:00+00:00,167.860001,168.160004,167.839996,168.070007,77344
2026-06-30 16:05:00+00:00,168.100006,168.309998,168.040100,168.240005,252889
2026-06-30 16:10:00+00:00,168.259995,168.460007,168.210007,168.410004,55820
2026-06-30 16:15:00+00:00,168.399994,168.500000,168.100006,168.210007,80639
2026-06-30 16:20:00+00:00,168.190002,168.229996,167.970001,168.039993,48268
2026-06-30 16:25:00+00:00,168.039993,168.065002,167.600006,167.619995,71296
2026-06-30 16:30:00+00:00,167.639999,167.669998,167.539993,167.600006,90798
2026-06-30 16:35:00+00:00,167.589996,167.630005,167.360001,167.360001,64199
2026-06-30 16:40:00+00:00,167.354996,167.389999,167.050003,167.320099,171111
2026-06-30 16:45:00+00:00,167.335007,167.420105,167.229996,167.420105,75475
2026-06-30 16:50:00+00:00,167.440002,167.460007,167.134995,167.175003,158788
2026-06-30 16:55:00+00:00,167.190002,167.220001,166.955002,167.000000,120174
2026-06-30 17:00:00+00:00,166.990005,166.990005,166.830002,166.869995,92004
2026-06-30 17:05:00+00:00,166.850006,167.039993,166.830002,166.994995,84699
2026-06-30 17:10:00+00:00,166.960007,167.089996,166.929993,167.059998,119700
2026-06-30 17:15:00+00:00,167.029999,167.085007,166.919998,166.940002,75044
2026-06-30 17:20:00+00:00,166.940002,166.979996,166.649994,166.800003,135594
2026-06-30 17:25:00+00:00,166.755005,166.880005,166.669998,166.770004,110475
2026-06-30 17:30:00+00:00,166.770004,167.130005,166.764999,167.050003,103769
2026-06-30 17:35:00+00:00,167.029999,167.130005,166.860001,167.089996,64601
2026-06-30 17:40:00+00:00,167.089996,167.095001,166.940002,166.975006,65381
2026-06-30 17:45:00+00:00,166.975006,167.130005,166.975006,167.020004,77661
2026-06-30 17:50:00+00:00,167.020004,167.104706,166.960007,167.029999,62022
2026-06-30 17:55:00+00:00,167.020004,167.115005,167.009995,167.065002,40557
2026-06-30 18:00:00+00:00,167.065002,167.279999,167.009995,167.199997,93379
2026-06-30 18:05:00+00:00,167.190002,167.220001,167.014999,167.149994,90816
2026-06-30 18:10:00+00:00,167.160004,167.255005,167.039993,167.065002,89356
2026-06-30 18:15:00+00:00,167.050003,167.149994,166.830002,166.830002,64219
2026-06-30 18:20:00+00:00,166.860001,166.949997,166.839996,166.839996,71938
2026-06-30 18:25:00+00:00,166.845001,167.040100,166.809998,167.040100,85414
2026-06-30 18:30:00+00:00,167.029999,167.139999,166.990005,167.100006,82534
2026-06-30 18:35:00+00:00,167.139999,167.169998,166.860001,166.869995,82454
2026-06-30 18:40:00+00:00,166.869995,167.089996,166.869995,167.043503,122869
2026-06-30 18:45:00+00:00,167.059998,167.074997,166.759995,166.910004,87420
2026-06-30 18:50:00+00:00,166.899994,166.910004,166.740005,166.809998,79668
2026-06-30 18:55:00+00:00,166.809998,166.964996,166.750000,166.925003,75847
2026-06-30 19:00:00+00:00,166.945007,166.988998,166.820007,166.875000,73790
2026-06-30 19:05:00+00:00,166.875000,167.000000,166.750000,166.914993,110697
2026-06-30 19:10:00+00:00,166.914993,166.919998,166.779999,166.873993,100821
2026-06-30 19:15:00+00:00,166.860001,166.899994,166.529999,166.580002,170033
2026-06-30 19:20:00+00:00,166.574997,166.710007,166.539993,166.600006,147037
2026-06-30 19:25:00+00:00,166.595001,166.630005,166.330002,166.449997,192471
2026-06-30 19:30:00+00:00,166.445007,166.490005,166.289993,166.320007,133631
2026-06-30 19:35:00+00:00,166.335007,166.335007,165.949997,165.949997,194276
2026-06-30 19:40:00+00:00,165.960007,165.979996,165.500000,165.764999,455046
2026-06-30 19:45:00+00:00,165.764999,166.070007,165.550003,165.960007,425114
2026-06-30 19:50:00+00:00,165.990005,166.289993,165.750000,165.869995,299992
2026-06-30 19:55:00+00:00,165.839996,165.850006,165.199997,165.804993,1395615
2026-07-01 13:30:00+00:00,164.779999,167.199997,164.779999,166.845001,248263
2026-07-01 13:35:00+00:00,166.860001,167.470001,166.800003,167.410004,108609
2026-07-01 13:40:00+00:00,167.399246,167.410004,166.509995,167.000000,88944
2026-07-01 13:45:00+00:00,166.964996,167.139999,166.279999,166.339996,67307
2026-07-01 13:50:00+00:00,166.304993,166.720001,166.285004,166.440002,61520
2026-07-01 13:55:00+00:00,166.419998,166.720001,166.389999,166.529999,57386
2026-07-01 14:00:00+00:00,166.460007,166.460007,166.044998,166.304993,83700
2026-07-01 14:05:00+00:00,166.300003,166.330002,165.449997,165.470001,118822
2026-07-01 14:10:00+00:00,165.470001,165.869995,165.419998,165.869995,91882
2026-07-01 14:15:00+00:00,165.949997,166.080002,165.820007,165.904999,57646
2026-07-01 14:20:00+00:00,165.904999,166.149994,165.610001,165.979996,75986
2026-07-01 14:25:00+00:00,165.910004,165.914993,165.600006,165.610001,56498
2026-07-01 14:30:00+00:00,165.599899,165.839996,165.270004,165.759995,92081
2026-07-01 14:35:00+00:00,165.800003,166.139999,165.759995,166.074997,53848
2026-07-01 14:40:00+00:00,166.089996,166.259995,166.029999,166.220001,43244
2026-07-01 14:45:00+00:00,166.199997,166.270004,165.940002,165.940002,79542
2026-07-01 14:50:00+00:00,165.929993,166.050003,165.809998,165.899994,72858
2026-07-01 14:55:00+00:00,165.919998,165.929993,165.610001,165.664993,137567
2026-07-01 15:00:00+00:00,165.690002,165.850006,165.570007,165.619995,74586
2026-07-01 15:05:00+00:00,165.639999,165.824997,165.449997,165.794998,159747
2026-07-01 15:10:00+00:00,165.804993,166.395004,165.804993,166.250000,121894
2026-07-01 15:15:00+00:00,166.240005,166.309998,166.029999,166.095001,104235
2026-07-01 15:20:00+00:00,166.100098,166.270004,166.080002,166.149994,79469
2026-07-01 15:25:00+00:00,166.145004,166.220001,165.789993,165.789993,77536
2026-07-01 15:30:00+00:00,165.789993,166.059998,165.699997,166.050003,88312
2026-07-01 15:35:00+00:00,166.050003,166.130005,165.919998,165.994995,56067
2026-07-01 15:40:00+00:00,166.020004,166.179993,165.889999,166.080002,141874
2026-07-01 15:45:00+00:00,166.080002,166.389999,166.070007,166.360001,84084
2026-07-01 15:50:00+00:00,166.389999,166.470001,166.285004,166.369995,51980
2026-07-01 15:55:00+00:00,166.389999,166.419998,166.264999,166.419998,52979
2026-07-01 16:00:00+00:00,166.419998,166.729996,166.399994,166.669998,50426
2026-07-01 16:05:00+00:00,166.675003,166.774994,166.539993,166.539993,68929
2026-07-01 16:10:00+00:00,166.529999,166.580002,166.360107,166.460007,72382
2026-07-01 16:15:00+00:00,166.449997,166.660004,166.410004,166.610001,94335
2026-07-01 16:20:00+00:00,166.595001,166.690002,166.559998,166.610001,71583
2026-07-01 16:25:00+00:00,166.610001,166.610001,166.389999,166.460007,60031
2026-07-01 16:30:00+00:00,166.440002,166.815002,166.440002,166.789993,70902
2026-07-01 16:35:00+00:00,166.789993,166.800003,166.630493,166.664993,32146
2026-07-01 16:40:00+00:00,166.660004,166.779999,166.639999,166.729996,49545
2026-07-01 16:45:00+00:00,166.750000,166.839996,166.690002,166.740005,72984
2026-07-01 16:50:00+00:00,166.764999,166.820007,166.610001,166.649994,55917
2026-07-01 16:55:00+00:00,166.649994,166.660004,166.560104,166.600006,55395
2026-07-01 17:00:00+00:00,166.619995,166.660004,166.350006,166.445007,93826
2026-07-01 17:05:00+00:00,166.460007,166.500000,166.199997,166.289993,61325
2026-07-01 17:10:00+00:00,166.289993,166.449600,166.285004,166.419998,59948
2026-07-01 17:15:00+00:00,166.419998,166.559998,166.399994,166.500000,84869
2026-07-01 17:20:00+00:00,166.479996,166.559998,166.455002,166.505005,58444
2026-07-01 17:25:00+00:00,166.490005,166.539993,166.365005,166.505005,74149
2026-07-01 17:30:00+00:00,166.520004,166.729996,166.509995,166.729996,90941
2026-07-01 17:35:00+00:00,166.738998,166.740005,166.570007,166.585007,86303
2026-07-01 17:40:00+00:00,166.580002,166.580002,166.339996,166.360001,63375
2026-07-01 17:45:00+00:00,166.360001,166.380005,166.285004,166.315002,43481
2026-07-01 17:50:00+00:00,166.315002,166.315002,166.160004,166.229996,56444
2026-07-01 17:55:00+00:00,166.229996,166.354996,166.214996,166.314499,47953
2026-07-01 18:00:00+00:00,166.320007,166.460007,166.300003,166.410004,71105
2026-07-01 18:05:00+00:00,166.380096,166.439896,166.205002,166.294998,60503
2026-07-01 18:10:00+00:00,166.294998,166.360001,166.255005,166.289993,57043
2026-07-01 18:15:00+00:00,166.309998,166.399994,166.250000,166.395004,61744
2026-07-01 18:20:00+00:00,166.384995,166.429993,166.050003,166.054993,57462
2026-07-01 18:25:00+00:00,166.054993,166.309998,166.029999,166.250000,68051
2026-07-01 18:30:00+00:00,166.270004,166.330002,166.050003,166.259995,64013
2026-07-01 18:35:00+00:00,166.259995,166.410004,166.190002,166.339996,80372
2026-07-01 18:40:00+00:00,166.359894,166.460007,166.309998,166.440002,43049
2026-07-01 18:45:00+00:00,166.460007,166.479996,166.250000,166.315002,52209
2026-07-01 18:50:00+00:00,166.330002,166.419998,166.160995,166.199997,112106
2026-07-01 18:55:00+00:00,166.179993,166.229996,166.009995,166.089996,89582
2026-07-01 19:00:00+00:00,166.104996,166.110001,165.904999,165.904999,64545
2026-07-01 19:05:00+00:00,165.910004,165.910904,165.750000,165.770004,62458
2026-07-01 19:10:00+00:00,165.755005,165.865005,165.710403,165.850006,70359
2026-07-01 19:15:00+00:00,165.850006,165.955002,165.759995,165.759995,123289
2026-07-01 19:20:00+00:00,165.740005,165.755005,165.610596,165.675003,92153
2026-07-01 19:25:00+00:00,165.679993,165.690002,165.380005,165.524994,103895
2026-07-01 19:30:00+00:00,165.524994,165.529999,165.279999,165.464996,181255
2026-07-01 19:35:00+00:00,165.470001,165.835007,165.470001,165.690002,151158
2026-07-01 19:40:00+00:00,165.679993,165.852493,165.639999,165.720001,152727
2026-07-01 19:45:00+00:00,165.720001,165.960007,165.639999,165.649994,211713
2026-07-01 19:50:00+00:00,165.639999,165.759995,165.410004,165.425003,396664
2026-07-01 19:55:00+00:00,165.429993,165.800003,165.289993,165.699997,702871
2026-07-02 13:30:00+00:00,168.279999,168.710007,167.399994,168.074997,295476
2026-07-02 13:35:00+00:00,168.160004,168.190002,167.669998,168.139999,158499
2026-07-02 13:40:00+00:00,168.100006,168.729996,167.919998,168.729996,149883
2026-07-02 13:45:00+00:00,168.750000,169.449997,168.630005,169.445007,99460
2026-07-02 13:50:00+00:00,169.449997,169.548401,168.770004,168.815002,107392
2026-07-02 13:55:00+00:00,168.820999,168.889999,168.570007,168.770004,78917
2026-07-02 14:00:00+00:00,168.729996,168.729996,168.130096,168.389999,95157
2026-07-02 14:05:00+00:00,168.360001,168.414993,167.990005,168.169998,80395
2026-07-02 14:10:00+00:00,168.138000,168.429993,167.975006,168.300003,76814
2026-07-02 14:15:00+00:00,168.289993,168.835007,168.289993,168.774994,68179
2026-07-02 14:20:00+00:00,168.779999,168.871994,168.425003,168.649994,49934
2026-07-02 14:25:00+00:00,168.669998,169.000000,168.660004,168.860001,65087
2026-07-02 14:30:00+00:00,168.889999,169.270004,168.755005,169.210037,129799
2026-07-02 14:35:00+00:00,169.179993,169.270004,168.815002,168.960007,82889
2026-07-02 14:40:00+00:00,168.949997,169.285004,168.809998,169.210007,106049
2026-07-02 14:45:00+00:00,169.205002,169.229996,168.720001,168.729996,107464
2026-07-02 14:50:00+00:00,168.735001,168.919998,168.580002,168.843094,107666
2026-07-02 14:55:00+00:00,168.856995,168.929993,168.580002,168.684998,84289
2026-07-02 15:00:00+00:00,168.684998,168.804993,168.389999,168.460007,68536
2026-07-02 15:05:00+00:00,168.449997,168.800003,168.380005,168.639999,118068
2026-07-02 15:10:00+00:00,168.690002,169.080002,168.660004,168.975006,112513
2026-07-02 15:15:00+00:00,169.029999,169.289993,168.949997,169.085007,119176
2026-07-02 15:20:00+00:00,169.070007,169.070007,168.789993,168.789993,76108
2026-07-02 15:25:00+00:00,168.804993,168.910004,168.539993,168.559998,75667
2026-07-02 15:30:00+00:00,168.529999,168.529999,168.179993,168.225006,75657
2026-07-02 15:35:00+00:00,168.220001,168.229996,167.914993,168.020004,61930
2026-07-02 15:40:00+00:00,168.039993,168.039993,167.869995,167.929993,59671
2026-07-02 15:45:00+00:00,167.949997,167.970001,167.839996,167.910995,50281
2026-07-02 15:50:00+00:00,167.889999,168.039993,167.825104,167.930099,132238
2026-07-02 15:55:00+00:00,167.945007,168.000000,167.899994,167.949997,119775
2026-07-02 16:00:00+00:00,167.960007,168.059998,167.880005,167.889999,138482
2026-07-02 16:05:00+00:00,167.919998,168.190002,167.835007,168.190002,106697
2026-07-02 16:10:00+00:00,168.199997,168.279999,167.970001,167.970001,82692
2026-07-02 16:15:00+00:00,167.970001,168.039993,167.880005,167.949997,232857
2026-07-02 16:20:00+00:00,167.960007,168.149994,167.919998,168.029999,46869
2026-07-02 16:25:00+00:00,168.029999,168.119904,167.940002,168.080002,70072
2026-07-02 16:30:00+00:00,168.059998,168.130005,167.940002,167.970001,77025
2026-07-02 16:35:00+00:00,167.970001,168.149994,167.910004,168.119995,67138
2026-07-02 16:40:00+00:00,168.119995,168.199997,168.000000,168.080002,65489
2026-07-02 16:45:00+00:00,168.074997,168.139999,167.914993,168.139999,49215
2026-07-02 16:50:00+00:00,168.149994,168.350006,168.149902,168.279999,46742
2026-07-02 16:55:00+00:00,168.279999,168.389999,168.225006,168.279999,39285
2026-07-02 17:00:00+00:00,168.270004,168.460007,168.225006,168.399994,46399
2026-07-02 17:05:00+00:00,168.360001,168.490005,168.330093,168.490005,42501
2026-07-02 17:10:00+00:00,168.490005,168.619995,168.440002,168.619995,57959
2026-07-02 17:15:00+00:00,168.630005,168.750000,168.434998,168.434998,45985
2026-07-02 17:20:00+00:00,168.410004,168.440002,168.320007,168.427002,38894
2026-07-02 17:25:00+00:00,168.414993,168.500000,168.288605,168.330002,48127
2026-07-02 17:30:00+00:00,168.289993,168.356003,168.184998,168.184998,43064
2026-07-02 17:35:00+00:00,168.195007,168.410004,168.195007,168.350006,59019
2026-07-02 17:40:00+00:00,168.350006,168.389999,168.289993,168.339996,41329
2026-07-02 17:45:00+00:00,168.350006,168.468994,168.342499,168.380005,59718
2026-07-02 17:50:00+00:00,168.380005,168.380005,168.229996,168.279999,44432
2026-07-02 17:55:00+00:00,168.259995,168.270004,168.149994,168.229996,53395
2026-07-02 18:00:00+00:00,168.250000,168.345001,168.190002,168.190002,52596
2026-07-02 18:05:00+00:00,168.184998,168.210007,168.089005,168.115005,68104
2026-07-02 18:10:00+00:00,168.130005,168.130005,167.960007,168.095001,50592
2026-07-02 18:15:00+00:00,168.080002,168.389999,168.080002,168.369995,95353
2026-07-02 18:20:00+00:00,168.350006,168.565002,168.320007,168.464996,69353
2026-07-02 18:25:00+00:00,168.460007,168.475006,168.369995,168.410004,73208
2026-07-02 18:30:00+00:00,168.414993,168.514999,168.320099,168.339996,85022
2026-07-02 18:35:00+00:00,168.335007,168.470001,168.289993,168.410004,111816
2026-07-02 18:40:00+00:00,168.395004,168.429993,168.350006,168.350006,64350
2026-07-02 18:45:00+00:00,168.389999,168.460007,168.360001,168.414993,38756
2026-07-02 18:50:00+00:00,168.410004,168.440002,168.279999,168.320007,65931
2026-07-02 18:55:00+00:00,168.320007,168.429993,168.289993,168.304993,65657
2026-07-02 19:00:00+00:00,168.304993,168.339996,168.220001,168.240005,80296
2026-07-02 19:05:00+00:00,168.250000,168.274994,168.059998,168.149994,79758
2026-07-02 19:10:00+00:00,168.134995,168.195007,168.089996,168.169998,57971
2026-07-02 19:15:00+00:00,168.179993,168.274994,168.100006,168.274994,59988
2026-07-02 19:20:00+00:00,168.259995,168.520004,168.259995,168.520004,60961
2026-07-02 19:25:00+00:00,168.550003,168.839996,168.500000,168.755005,107537
2026-07-02 19:30:00+00:00,168.759995,168.829895,168.669998,168.669998,115690
2026-07-02 19:35:00+00:00,168.690002,168.899994,168.570007,168.899994,87729
2026-07-02 19:40:00+00:00,168.889999,169.229996,168.889999,169.179993,90801
2026-07-02 19:45:00+00:00,169.169998,169.330002,169.145004,169.280106,143245
2026-07-02 19:50:00+00:00,169.279999,169.279999,168.820999,168.854996,209411
2026-07-02 19:55:00+00:00,168.860001,169.229996,168.699997,169.199997,580783
2026-07-06 13:30:00+00:00,168.860001,169.130005,167.919006,168.089996,654412
2026-07-06 13:35:00+00:00,167.979996,168.649994,167.820007,168.559998,87265
2026-07-06 13:40:00+00:00,168.518127,168.740005,168.270004,168.350006,77446
2026-07-06 13:45:00+00:00,168.389999,168.830002,168.160004,168.625000,63216
2026-07-06 13:50:00+00:00,168.619995,169.119995,168.410004,169.100006,57429
2026-07-06 13:55:00+00:00,169.154999,169.259995,168.779999,169.049500,61002
2026-07-06 14:00:00+00:00,168.960007,168.998001,168.660004,168.860001,103902
2026-07-06 14:05:00+00:00,168.889999,168.949997,168.550003,168.699997,119776
2026-07-06 14:10:00+00:00,168.759995,168.895004,168.190002,168.255005,77168
2026-07-06 14:15:00+00:00,168.264999,168.300003,168.000000,168.289993,53051
2026-07-06 14:20:00+00:00,168.300003,168.740005,168.220001,168.720001,42011
2026-07-06 14:25:00+00:00,168.850006,169.019897,168.580002,168.610001,51748
2026-07-06 14:30:00+00:00,168.619995,168.764999,168.287506,168.309998,57805
2026-07-06 14:35:00+00:00,168.363693,168.369995,168.179993,168.309998,35704
2026-07-06 14:40:00+00:00,168.330002,168.359894,168.030106,168.279999,87297
2026-07-06 14:45:00+00:00,168.294998,168.330002,168.009995,168.110001,62891
2026-07-06 14:50:00+00:00,168.104996,168.169998,167.880005,167.910004,149093
2026-07-06 14:55:00+00:00,167.910004,168.190002,167.889999,168.057007,156062
2026-07-06 15:00:00+00:00,168.056396,168.074997,167.740005,167.740005,96678
2026-07-06 15:05:00+00:00,167.770004,168.265900,167.750000,168.229996,108302
2026-07-06 15:10:00+00:00,168.270004,168.449997,168.240005,168.315002,130669
2026-07-06 15:15:00+00:00,168.309998,168.380005,168.139999,168.255005,68590
2026-07-06 15:20:00+00:00,168.250000,168.304993,168.020004,168.160004,141649
2026-07-06 15:25:00+00:00,168.190002,168.259903,168.089996,168.160004,56237
2026-07-06 15:30:00+00:00,168.229996,168.244995,167.880005,167.990005,73671
2026-07-06 15:35:00+00:00,167.990005,168.000000,167.800003,167.960098,49468
2026-07-06 15:40:00+00:00,167.960007,167.970001,167.440002,167.479996,81155
2026-07-06 15:45:00+00:00,167.464996,167.509995,167.300003,167.365005,88474
2026-07-06 15:50:00+00:00,167.360001,167.675003,167.315002,167.600098,94447
2026-07-06 15:55:00+00:00,167.600006,167.690002,167.429993,167.570007,78775
2026-07-06 16:00:00+00:00,167.559998,167.630005,167.479996,167.625000,55385
2026-07-06 16:05:00+00:00,167.600006,167.639999,167.460007,167.464996,74161
2026-07-06 16:10:00+00:00,167.479996,167.479996,167.160095,167.410004,85029
2026-07-06 16:15:00+00:00,167.389999,167.649902,167.350006,167.620102,79831
2026-07-06 16:20:00+00:00,167.619995,167.839996,167.490005,167.820007,48092
2026-07-06 16:25:00+00:00,167.809998,167.929993,167.770004,167.889999,76642
2026-07-06 16:30:00+00:00,167.845001,167.850006,167.610001,167.664993,91303
2026-07-06 16:35:00+00:00,167.690002,167.809998,167.660004,167.720001,59683
2026-07-06 16:40:00+00:00,167.740005,167.815002,167.710007,167.789993,44820
2026-07-06 16:45:00+00:00,167.784195,167.839996,167.740005,167.740005,57327
2026-07-06 16:50:00+00:00,167.735001,167.800003,167.699997,167.759995,44324
2026-07-06 16:55:00+00:00,167.759995,167.830002,167.690002,167.815002,66405
2026-07-06 17:00:00+00:00,167.830002,167.910004,167.660004,167.690002,78321
2026-07-06 17:05:00+00:00,167.699997,167.770004,167.690002,167.744995,50281
2026-07-06 17:10:00+00:00,167.744995,167.744995,167.585007,167.664993,75224
2026-07-06 17:15:00+00:00,167.664993,167.720001,167.610001,167.690002,61324
2026-07-06 17:20:00+00:00,167.690094,167.809998,167.690094,167.750000,73611
2026-07-06 17:25:00+00:00,167.740005,167.860001,167.729996,167.789993,60345
2026-07-06 17:30:00+00:00,167.789993,168.130005,167.779999,168.029999,87108
2026-07-06 17:35:00+00:00,168.035004,168.179993,168.009995,168.059998,78591
2026-07-06 17:40:00+00:00,168.080002,168.110001,168.000000,168.009995,84013
2026-07-06 17:45:00+00:00,168.020004,168.130005,167.979996,168.085007,93559
2026-07-06 17:50:00+00:00,168.070007,168.119995,168.024994,168.100006,106991
2026-07-06 17:55:00+00:00,168.119995,168.169998,168.050003,168.130005,46294
2026-07-06 18:00:00+00:00,168.130005,168.389999,168.130005,168.380005,93925
2026-07-06 18:05:00+00:00,168.369995,168.399994,168.149994,168.169998,70931
2026-07-06 18:10:00+00:00,168.169998,168.229996,168.080002,168.169998,131241
2026-07-06 18:15:00+00:00,168.169998,168.240005,168.149994,168.229996,59371
2026-07-06 18:20:00+00:00,168.210007,168.212494,167.970001,167.970001,76701
2026-07-06 18:25:00+00:00,167.990005,168.020004,167.869995,167.945007,74877
2026-07-06 18:30:00+00:00,167.929993,167.979996,167.809998,167.970001,60716
2026-07-06 18:35:00+00:00,167.949997,168.029999,167.949997,167.985107,46927
2026-07-06 18:40:00+00:00,167.985001,168.020004,167.919998,167.940002,53645
2026-07-06 18:45:00+00:00,167.940002,168.000000,167.850006,167.940002,63493
2026-07-06 18:50:00+00:00,167.919998,167.940002,167.869995,167.919998,53311
2026-07-06 18:55:00+00:00,167.919998,167.929993,167.809998,167.925003,96668
2026-07-06 19:00:00+00:00,167.925003,167.929993,167.820007,167.884995,57728
2026-07-06 19:05:00+00:00,167.884995,167.884995,167.649994,167.675003,72098
2026-07-06 19:10:00+00:00,167.660004,167.690002,167.440002,167.550003,125306
2026-07-06 19:15:00+00:00,167.539993,167.639999,167.490005,167.544998,107590
2026-07-06 19:20:00+00:00,167.550003,167.559998,167.440002,167.550003,90163
2026-07-06 19:25:00+00:00,167.550003,167.619995,167.500000,167.589996,98442
2026-07-06 19:30:00+00:00,167.580002,167.860001,167.524994,167.830002,134560
2026-07-06 19:35:00+00:00,167.830002,168.134995,167.809998,168.089996,118900
2026-07-06 19:40:00+00:00,168.139999,168.389999,167.960007,168.229996,140083
2026-07-06 19:45:00+00:00,168.250000,168.410004,168.139999,168.279999,147726
2026-07-06 19:50:00+00:00,168.279999,168.520004,168.080002,168.100006,230754
2026-07-06 19:55:00+00:00,168.104996,168.270004,167.940002,168.130005,691173
2026-07-07 13:30:00+00:00,170.139999,171.736404,170.000000,171.429993,240933
2026-07-07 13:35:00+00:00,171.445007,172.729996,171.289993,172.490005,130931
2026-07-07 13:40:00+00:00,172.449997,172.569901,172.070007,172.229996,79847
2026-07-07 13:45:00+00:00,172.274002,172.360001,171.729996,171.970001,86718
2026-07-07 13:50:00+00:00,171.964996,172.100006,171.759995,171.899994,68697
2026-07-07 13:55:00+00:00,171.910004,172.074997,171.565002,171.585007,58823
2026-07-07 14:00:00+00:00,171.550003,171.699997,171.339996,171.580002,83876
2026-07-07 14:05:00+00:00,171.634995,171.849899,171.610001,171.799896,73859
2026-07-07 14:10:00+00:00,171.779999,172.050003,171.770004,171.900101,75706
2026-07-07 14:15:00+00:00,171.925003,172.380005,171.865005,172.270004,99771
2026-07-07 14:20:00+00:00,172.289993,172.759995,172.289993,172.740005,82402
2026-07-07 14:25:00+00:00,172.725006,172.725006,172.410004,172.625000,105727
2026-07-07 14:30:00+00:00,172.649994,173.230103,172.630005,173.220001,123113
2026-07-07 14:35:00+00:00,173.240707,173.300003,173.029999,173.095001,77414
2026-07-07 14:40:00+00:00,173.082504,173.082504,172.589996,172.690002,112774
2026-07-07 14:45:00+00:00,172.729996,172.729996,172.440002,172.600006,63851
2026-07-07 14:50:00+00:00,172.645004,172.645004,172.340103,172.464996,107996
2026-07-07 14:55:00+00:00,172.449997,172.539993,172.320099,172.399994,67879
2026-07-07 15:00:00+00:00,172.464005,172.464005,172.089996,172.110001,66484
2026-07-07 15:05:00+00:00,172.089996,172.339996,172.044998,172.300003,57188
2026-07-07 15:10:00+00:00,172.320007,172.399994,172.009995,172.160004,71457
2026-07-07 15:15:00+00:00,172.145004,172.240005,171.839996,171.869995,83743
2026-07-07 15:20:00+00:00,171.869995,171.940002,171.539993,171.550003,93915
2026-07-07 15:25:00+00:00,171.539993,171.822006,171.354996,171.500000,117807
2026-07-07 15:30:00+00:00,171.470001,171.490005,171.229996,171.289993,58167
2026-07-07 15:35:00+00:00,171.289993,171.320007,171.000000,171.115005,63275
2026-07-07 15:40:00+00:00,171.169998,171.429993,171.149994,171.404999,94773
2026-07-07 15:45:00+00:00,171.429993,171.604996,171.389999,171.569504,79667
2026-07-07 15:50:00+00:00,171.539993,171.649994,171.450104,171.479996,53429
2026-07-07 15:55:00+00:00,171.460007,171.520004,171.214996,171.214996,49921
2026-07-07 16:00:00+00:00,171.210007,171.360001,171.210007,171.255005,44118
2026-07-07 16:05:00+00:00,171.240005,171.339996,171.190002,171.240005,57496
2026-07-07 16:10:00+00:00,171.259995,171.309998,171.080002,171.119995,72351
2026-07-07 16:15:00+00:00,171.119995,171.175003,170.809998,170.869995,68439
2026-07-07 16:20:00+00:00,170.869995,170.889999,170.684998,170.830002,49187
2026-07-07 16:25:00+00:00,170.809998,170.815002,170.690002,170.729996,37046
2026-07-07 16:30:00+00:00,170.729996,170.809998,170.539993,170.544998,45339
2026-07-07 16:35:00+00:00,170.559998,170.634995,170.509995,170.550003,39104
2026-07-07 16:40:00+00:00,170.539993,170.610001,170.460007,170.490005,42835
2026-07-07 16:45:00+00:00,170.485001,170.589996,170.460007,170.559998,39264
2026-07-07 16:50:00+00:00,170.589996,170.610001,170.490005,170.559998,48094
2026-07-07 16:55:00+00:00,170.565002,171.080002,170.539993,171.024994,87294
2026-07-07 17:00:00+00:00,171.024994,171.220001,170.910004,171.220001,69922
2026-07-07 17:05:00+00:00,171.195007,171.419998,171.160004,171.419998,50865
2026-07-07 17:10:00+00:00,171.404404,171.410004,171.229996,171.229996,42620
2026-07-07 17:15:00+00:00,171.244995,171.505005,171.199997,171.485001,52662
2026-07-07 17:20:00+00:00,171.494995,171.509995,171.279999,171.320007,56133
2026-07-07 17:25:00+00:00,171.339996,171.434998,171.320007,171.395004,52194
2026-07-07 17:30:00+00:00,171.380005,171.509995,171.330002,171.475006,65856
2026-07-07 17:35:00+00:00,171.490005,171.520004,171.250000,171.250000,52604
2026-07-07 17:40:00+00:00,171.259995,171.279999,171.160004,171.270004,43814
2026-07-07 17:45:00+00:00,171.270004,171.410004,171.259995,171.339996,71117
2026-07-07 17:50:00+00:00,171.339996,171.360001,171.289993,171.330002,30489
2026-07-07 17:55:00+00:00,171.330002,171.425003,171.309998,171.414993,42437
2026-07-07 18:00:00+00:00,171.429993,171.529999,171.380005,171.490005,76248
2026-07-07 18:05:00+00:00,171.490005,171.964996,171.479996,171.934998,89076
2026-07-07 18:10:00+00:00,171.945007,172.158600,171.945007,172.134995,82681
2026-07-07 18:15:00+00:00,172.160004,172.210007,172.000000,172.119995,64937
2026-07-07 18:20:00+00:00,172.104996,172.184998,172.050003,172.060806,53469
2026-07-07 18:25:00+00:00,172.100006,172.214996,172.095001,172.169998,45969
2026-07-07 18:30:00+00:00,172.190002,172.279999,171.880005,171.910004,63415
2026-07-07 18:35:00+00:00,171.919998,172.110001,171.889999,172.044998,47580
2026-07-07 18:40:00+00:00,172.050003,172.264008,172.050003,172.195007,48140
2026-07-07 18:45:00+00:00,172.199997,172.470001,172.190002,172.450104,77977
2026-07-07 18:50:00+00:00,172.490005,172.809998,172.440002,172.809998,95580
2026-07-07 18:55:00+00:00,172.809998,173.535004,172.809998,173.345001,149698
2026-07-07 19:00:00+00:00,173.339996,173.589996,173.339996,173.429993,117468
2026-07-07 19:05:00+00:00,173.429993,173.529999,173.100006,173.309998,91793
2026-07-07 19:10:00+00:00,173.360001,173.699997,173.309998,173.675003,90652
2026-07-07 19:15:00+00:00,173.652603,174.369995,173.649994,174.054993,176456
2026-07-07 19:20:00+00:00,174.059998,174.449997,173.979996,174.440002,157547
2026-07-07 19:25:00+00:00,174.419998,174.429993,174.220001,174.250000,152797
2026-07-07 19:30:00+00:00,174.270004,174.330002,174.080002,174.225006,165902
2026-07-07 19:35:00+00:00,174.225006,174.429993,174.130005,174.429993,126422
2026-07-07 19:40:00+00:00,174.414993,174.490005,174.279999,174.324997,149049
2026-07-07 19:45:00+00:00,174.320007,174.610001,174.195007,174.195007,174015
2026-07-07 19:50:00+00:00,174.220001,174.380005,174.139999,174.270004,238276
2026-07-07 19:55:00+00:00,174.259995,174.440002,173.820007,173.910004,618280
2026-07-08 13:30:00+00:00,176.800003,178.000000,175.970001,176.434998,790495
2026-07-08 13:35:00+00:00,176.440002,176.710007,175.800003,176.320007,199705
2026-07-08 13:40:00+00:00,176.320007,176.425003,175.000000,175.074997,168055
2026-07-08 13:45:00+00:00,175.050003,175.489899,174.949997,175.404999,146056
2026-07-08 13:50:00+00:00,175.440002,175.800003,175.190002,175.764999,166451
2026-07-08 13:55:00+00:00,175.744995,175.909897,175.500000,175.779999,104989
2026-07-08 14:00:00+00:00,175.850006,176.300003,175.750000,176.020004,87504
2026-07-08 14:05:00+00:00,176.039993,176.600006,175.990005,176.464996,100792
2026-07-08 14:10:00+00:00,176.500000,176.839996,176.250000,176.794998,112327
2026-07-08 14:15:00+00:00,176.880005,177.449997,176.820007,177.330002,130372
2026-07-08 14:20:00+00:00,177.330002,177.330002,176.759995,177.070007,149112
2026-07-08 14:25:00+00:00,177.085007,177.320007,176.929993,177.259995,110275
2026-07-08 14:30:00+00:00,177.289993,177.664993,177.229996,177.440002,117763
2026-07-08 14:35:00+00:00,177.464996,177.910004,177.410004,177.759995,111395
2026-07-08 14:40:00+00:00,177.750000,177.880005,177.649994,177.744995,80759
2026-07-08 14:45:00+00:00,177.779999,178.070007,177.695007,178.000000,97984
2026-07-08 14:50:00+00:00,178.074997,178.365005,177.675003,177.860001,131145
2026-07-08 14:55:00+00:00,177.899994,178.080002,177.809998,177.949997,93488
2026-07-08 15:00:00+00:00,177.890594,178.000000,177.639999,178.000000,97421
2026-07-08 15:05:00+00:00,178.009995,178.020004,177.669998,177.868195,95954
2026-07-08 15:10:00+00:00,177.925003,178.169998,177.839996,178.059998,65957
2026-07-08 15:15:00+00:00,178.080002,178.309998,178.070007,178.160004,105519
2026-07-08 15:20:00+00:00,178.160004,178.264999,178.050003,178.160004,67566
2026-07-08 15:25:00+00:00,178.175003,178.339996,177.960007,177.990005,78608
2026-07-08 15:30:00+00:00,177.990005,178.449997,177.990005,178.449997,71644
2026-07-08 15:35:00+00:00,178.434998,178.580002,178.279999,178.304993,111818
2026-07-08 15:40:00+00:00,178.339996,178.350006,177.960007,178.169998,61559
2026-07-08 15:45:00+00:00,178.169998,178.289993,178.169998,178.279999,61466
2026-07-08 15:50:00+00:00,178.235001,178.550003,178.210098,178.509995,86587
2026-07-08 15:55:00+00:00,178.490005,178.490005,177.869995,177.889999,123548
2026-07-08 16:00:00+00:00,177.854996,177.955002,177.729996,177.929993,84330
2026-07-08 16:05:00+00:00,177.899994,177.949997,177.565002,177.600006,62284
2026-07-08 16:10:00+00:00,177.589996,177.589996,177.160004,177.240005,70649
2026-07-08 16:15:00+00:00,177.279205,177.419998,177.225006,177.335007,48159
2026-07-08 16:20:00+00:00,177.330002,177.369995,176.930099,176.975006,48748
2026-07-08 16:25:00+00:00,176.960007,177.029999,176.759995,176.800003,63537
2026-07-08 16:30:00+00:00,176.809998,176.869995,176.320099,176.679993,68978
2026-07-08 16:35:00+00:00,176.669998,176.725006,176.440002,176.460007,81942
2026-07-08 16:40:00+00:00,176.449997,176.460007,175.729996,176.149994,131647
2026-07-08 16:45:00+00:00,176.149994,176.210007,175.949997,176.029999,48641
2026-07-08 16:50:00+00:00,176.029999,176.090805,175.759995,175.869995,74639
2026-07-08 16:55:00+00:00,175.796997,176.029999,175.679993,176.005005,53708
2026-07-08 17:00:00+00:00,176.020004,176.130005,175.940002,175.955002,41504
2026-07-08 17:05:00+00:00,175.970001,176.029999,175.720001,175.789993,56483
2026-07-08 17:10:00+00:00,175.789993,176.059998,175.600006,176.050003,74569
2026-07-08 17:15:00+00:00,176.020004,176.029999,175.619995,175.839996,36674
2026-07-08 17:20:00+00:00,175.889999,175.965500,175.740005,175.740005,51190
2026-07-08 17:25:00+00:00,175.750000,175.750000,175.479996,175.494995,77471
2026-07-08 17:30:00+00:00,175.479996,175.649994,175.380005,175.625000,165206
2026-07-08 17:35:00+00:00,175.630005,175.809998,175.479996,175.785004,74430
2026-07-08 17:40:00+00:00,175.789993,175.839996,175.639999,175.764999,66535
2026-07-08 17:45:00+00:00,175.770004,175.929901,175.649994,175.770004,60044
2026-07-08 17:50:00+00:00,175.770004,175.770004,175.589996,175.604996,49901
2026-07-08 17:55:00+00:00,175.604996,175.880005,175.589996,175.880005,55855
2026-07-08 18:00:00+00:00,175.875000,175.959900,175.679993,175.785004,64144
2026-07-08 18:05:00+00:00,175.759995,175.960007,175.699997,175.875000,49165
2026-07-08 18:10:00+00:00,175.880005,175.914993,175.729996,175.910004,41874
2026-07-08 18:15:00+00:00,175.929993,176.380005,175.854996,176.104004,91276
2026-07-08 18:20:00+00:00,176.125000,176.160004,175.940002,175.940002,65468
2026-07-08 18:25:00+00:00,175.970001,176.115005,175.889999,175.970001,45845
2026-07-08 18:30:00+00:00,175.955002,176.015594,175.804993,175.869995,62684
2026-07-08 18:35:00+00:00,175.875000,176.020004,175.850006,175.880005,64320
2026-07-08 18:40:00+00:00,175.830002,175.842300,175.630005,175.720001,55525
2026-07-08 18:45:00+00:00,175.739105,175.860001,175.600006,175.820007,136008
2026-07-08 18:50:00+00:00,175.800003,175.919998,175.750000,175.869995,39967
2026-07-08 18:55:00+00:00,175.880005,175.990005,175.850006,175.940002,70192
2026-07-08 19:00:00+00:00,175.929993,176.000000,175.820007,175.860001,56062
2026-07-08 19:05:00+00:00,175.860001,175.889999,175.729996,175.735001,79515
2026-07-08 19:10:00+00:00,175.750000,175.750000,175.380005,175.399994,70329
2026-07-08 19:15:00+00:00,175.395004,175.399994,175.190002,175.229996,75306
2026-07-08 19:20:00+00:00,175.235001,175.539505,175.220001,175.500000,80500
2026-07-08 19:25:00+00:00,175.490005,175.539993,175.369995,175.429993,76090
2026-07-08 19:30:00+00:00,175.434998,175.969803,175.399994,175.969803,91848
2026-07-08 19:35:00+00:00,175.955002,176.115005,175.869995,175.979996,122057
2026-07-08 19:40:00+00:00,175.979996,176.270004,175.979996,176.259995,119223
2026-07-08 19:45:00+00:00,176.274994,176.274994,175.610001,175.789993,148908
2026-07-08 19:50:00+00:00,175.770004,175.979996,175.630005,175.899994,214072
2026-07-08 19:55:00+00:00,175.910004,175.985001,175.789993,175.940002,524139
2026-07-09 13:30:00+00:00,174.630005,175.589996,174.380005,174.524994,218914
2026-07-09 13:35:00+00:00,174.494797,175.250000,174.470993,174.820007,69205
2026-07-09 13:40:00+00:00,174.830994,175.054993,174.505005,174.654999,85164
2026-07-09 13:45:00+00:00,174.729996,174.755005,174.360001,174.634995,70094
2026-07-09 13:50:00+00:00,174.634995,174.889999,174.070007,174.598694,85963
2026-07-09 13:55:00+00:00,174.589996,174.699997,174.119995,174.229996,75208
2026-07-09 14:00:00+00:00,174.289993,174.429993,174.020004,174.365005,74864
2026-07-09 14:05:00+00:00,174.410004,174.880005,174.350006,174.490005,62555
2026-07-09 14:10:00+00:00,174.505005,174.835007,174.505005,174.615005,81225
2026-07-09 14:15:00+00:00,174.580002,174.714996,174.350006,174.660004,55864
2026-07-09 14:20:00+00:00,174.649994,174.949997,174.600006,174.830002,53912
2026-07-09 14:25:00+00:00,174.809998,174.884995,174.440002,174.490005,81847
2026-07-09 14:30:00+00:00,174.490005,174.610001,174.160004,174.455002,62186
2026-07-09 14:35:00+00:00,174.445007,174.699997,174.330002,174.389999,44434
2026-07-09 14:40:00+00:00,174.399994,174.764999,174.399994,174.720001,46471
2026-07-09 14:45:00+00:00,174.744995,174.809906,174.600006,174.735001,39578
2026-07-09 14:50:00+00:00,174.750000,174.860107,174.410004,174.440002,65558
2026-07-09 14:55:00+00:00,174.434998,174.669998,174.434998,174.570007,52844
2026-07-09 15:00:00+00:00,174.589996,174.589996,174.259995,174.259995,77208
2026-07-09 15:05:00+00:00,174.250000,174.600006,174.100006,174.600006,49017
2026-07-09 15:10:00+00:00,174.600006,174.701996,174.429993,174.630005,75994
2026-07-09 15:15:00+00:00,174.630005,174.645004,174.429993,174.550003,37205
2026-07-09 15:20:00+00:00,174.520004,174.714996,174.419998,174.705002,39907
2026-07-09 15:25:00+00:00,174.690002,174.729996,174.485001,174.570007,68231
2026-07-09 15:30:00+00:00,174.539993,174.770004,174.539307,174.630005,94832
2026-07-09 15:35:00+00:00,174.610001,174.705002,174.520096,174.649994,53950
2026-07-09 15:40:00+00:00,174.649994,174.830002,174.440002,174.440002,65452
2026-07-09 15:45:00+00:00,174.429993,174.449997,174.220001,174.380005,38570
2026-07-09 15:50:00+00:00,174.365005,174.365005,173.899994,174.259995,127588
2026-07-09 15:55:00+00:00,174.270004,174.320007,174.080002,174.184998,66156
2026-07-09 16:00:00+00:00,174.179993,174.179993,173.979996,174.029999,63490
2026-07-09 16:05:00+00:00,174.035004,174.490005,173.949997,174.490005,83448
2026-07-09 16:10:00+00:00,174.505005,174.630005,174.440094,174.455002,39128
2026-07-09 16:15:00+00:00,174.419998,174.419998,174.169998,174.309998,45394
2026-07-09 16:20:00+00:00,174.304993,174.389999,174.169998,174.225006,289384
2026-07-09 16:25:00+00:00,174.220001,174.419998,174.173401,174.274994,53095
2026-07-09 16:30:00+00:00,174.300003,174.350006,174.169998,174.309998,29057
2026-07-09 16:35:00+00:00,174.320007,174.395004,174.250000,174.270004,26839
2026-07-09 16:40:00+00:00,174.250107,174.389999,174.195007,174.380005,31641
2026-07-09 16:45:00+00:00,174.389999,174.389999,174.220001,174.300003,38873
2026-07-09 16:50:00+00:00,174.289993,174.300003,174.085007,174.120102,44784
2026-07-09 16:55:00+00:00,174.145004,174.229996,174.039993,174.210007,35025
2026-07-09 17:00:00+00:00,174.220001,174.259995,174.029999,174.029999,25734
2026-07-09 17:05:00+00:00,174.039993,174.164993,174.035004,174.119995,28949
2026-07-09 17:10:00+00:00,174.100006,174.149994,174.020004,174.080002,21856
2026-07-09 17:15:00+00:00,174.100006,174.100006,173.934998,173.990005,59917
2026-07-09 17:20:00+00:00,173.990005,174.330002,173.979996,174.235001,97390
2026-07-09 17:25:00+00:00,174.229996,174.380005,174.229996,174.359894,40669
2026-07-09 17:30:00+00:00,174.339996,174.419998,174.309998,174.354996,40636
2026-07-09 17:35:00+00:00,174.330002,174.375000,174.220001,174.309998,36146
2026-07-09 17:40:00+00:00,174.279999,174.479996,174.255478,174.462097,43602
2026-07-09 17:45:00+00:00,174.479996,174.485001,174.369995,174.369995,43570
2026-07-09 17:50:00+00:00,174.369995,174.429993,174.330002,174.365005,43240
2026-07-09 17:55:00+00:00,174.365005,174.380005,174.220001,174.244995,47607
2026-07-09 18:00:00+00:00,174.244995,174.259995,174.115005,174.139999,45735
2026-07-09 18:05:00+00:00,174.169998,174.240005,174.039993,174.039993,29926
2026-07-09 18:10:00+00:00,174.029999,174.139999,173.899994,173.979996,40050
2026-07-09 18:15:00+00:00,174.000000,174.309998,174.000000,174.300003,37308
2026-07-09 18:20:00+00:00,174.309998,174.520004,174.300003,174.490005,40736
2026-07-09 18:25:00+00:00,174.500000,174.529999,174.279999,174.328995,46810
2026-07-09 18:30:00+00:00,174.320007,174.350006,174.214706,174.339996,52229
2026-07-09 18:35:00+00:00,174.309998,174.410004,174.190002,174.240005,68855
2026-07-09 18:40:00+00:00,174.259995,174.270004,174.170105,174.195007,25609
2026-07-09 18:45:00+00:00,174.179993,174.309998,174.179993,174.270004,45223
2026-07-09 18:50:00+00:00,174.279999,174.279999,174.080002,174.110001,35285
2026-07-09 18:55:00+00:00,174.089996,174.110001,173.934998,174.100006,58237
2026-07-09 19:00:00+00:00,174.119995,174.164993,174.009995,174.029999,37055
2026-07-09 19:05:00+00:00,174.050003,174.059906,173.910004,173.949997,40392
2026-07-09 19:10:00+00:00,173.955002,174.100006,173.955002,174.095001,35848
2026-07-09 19:15:00+00:00,174.095001,174.190002,174.085007,174.149994,50245
2026-07-09 19:20:00+00:00,174.134995,174.210007,173.990005,174.139999,122964
2026-07-09 19:25:00+00:00,174.184998,174.250000,174.119995,174.220001,51795
2026-07-09 19:30:00+00:00,174.229996,174.240005,174.080002,174.139999,78310
2026-07-09 19:35:00+00:00,174.139999,174.169998,173.945007,173.960007,71345
2026-07-09 19:40:00+00:00,173.940002,174.389999,173.919998,174.389999,95433
2026-07-09 19:45:00+00:00,174.380005,174.384995,174.190002,174.345001,107864
2026-07-09 19:50:00+00:00,174.330002,174.389999,174.125000,174.384995,123654
2026-07-09 19:55:00+00:00,174.369995,174.369995,173.979996,174.050003,478877
2026-07-10 13:30:00+00:00,174.964996,175.470001,174.610001,175.259995,241154
2026-07-10 13:35:00+00:00,175.220001,176.119995,175.169998,176.050003,76799
2026-07-10 13:40:00+00:00,175.999969,176.160004,175.529999,175.539993,45876
2026-07-10 13:45:00+00:00,175.604996,175.710007,175.130005,175.274994,40819
2026-07-10 13:50:00+00:00,175.229996,175.380005,174.880005,174.880005,42608
2026-07-10 13:55:00+00:00,174.880005,175.250000,174.750000,174.979996,37347
2026-07-10 14:00:00+00:00,175.005005,175.350006,174.910004,175.169998,41179
2026-07-10 14:05:00+00:00,175.195007,175.410004,175.130005,175.199997,60275
2026-07-10 14:10:00+00:00,175.160004,175.279999,174.759995,174.801102,75818
2026-07-10 14:15:00+00:00,174.804993,174.929993,174.704803,174.929993,56276
2026-07-10 14:20:00+00:00,174.964996,175.160004,174.865005,175.059998,35252
2026-07-10 14:25:00+00:00,175.089996,175.160004,174.729996,174.729996,38409
2026-07-10 14:30:00+00:00,174.720001,175.860001,174.460007,174.845001,238479
2026-07-10 14:35:00+00:00,174.750000,174.750000,174.259995,174.619995,85799
2026-07-10 14:40:00+00:00,174.690002,174.800003,174.509995,174.720001,45717
2026-07-10 14:45:00+00:00,174.750000,174.845001,174.669998,174.779999,35878
2026-07-10 14:50:00+00:00,174.779999,174.860001,174.630005,174.860001,82149
2026-07-10 14:55:00+00:00,174.860001,174.919998,174.690002,174.865005,31283
2026-07-10 15:00:00+00:00,174.850006,174.949997,174.490097,174.625000,42038
2026-07-10 15:05:00+00:00,174.580002,174.580002,174.380005,174.502396,45263
2026-07-10 15:10:00+00:00,174.470001,174.500000,174.250000,174.419907,30943
2026-07-10 15:15:00+00:00,174.354996,174.490005,174.259995,174.455002,72998
2026-07-10 15:20:00+00:00,174.457901,174.457901,174.240005,174.360001,39932
2026-07-10 15:25:00+00:00,174.320007,174.324997,174.220001,174.220001,32586
2026-07-10 15:30:00+00:00,174.205002,174.270004,174.060104,174.089996,52082
2026-07-10 15:35:00+00:00,174.119995,174.210007,174.039993,174.190002,30584
2026-07-10 15:40:00+00:00,174.259995,174.625000,174.259995,174.625000,23316
2026-07-10 15:45:00+00:00,174.619995,174.619995,174.479996,174.505005,23895
2026-07-10 15:50:00+00:00,174.460007,174.490005,174.190002,174.440002,28195
2026-07-10 15:55:00+00:00,174.419998,174.464996,174.229996,174.229996,28838
2026-07-10 16:00:00+00:00,174.279999,174.315002,174.169998,174.220001,44391
2026-07-10 16:05:00+00:00,174.173904,174.220001,174.085007,174.103897,24871
2026-07-10 16:10:00+00:00,174.059998,174.080002,173.869995,174.050003,41928
2026-07-10 16:15:00+00:00,174.020004,174.020004,173.779999,173.809998,38587
2026-07-10 16:20:00+00:00,173.809998,173.820007,173.565002,173.589996,39005
2026-07-10 16:25:00+00:00,173.604996,173.710007,173.509995,173.649994,37548
2026-07-10 16:30:00+00:00,173.669998,173.789993,173.619995,173.744995,28356
2026-07-10 16:35:00+00:00,173.725006,173.789993,173.570007,173.755005,33633
2026-07-10 16:40:00+00:00,173.740005,173.889999,173.729996,173.889999,20738
2026-07-10 16:45:00+00:00,173.884995,174.111603,173.845001,174.044998,37043
2026-07-10 16:50:00+00:00,174.054993,174.270004,173.960007,174.240005,37200
2026-07-10 16:55:00+00:00,174.259995,174.479996,174.240005,174.339996,50370
2026-07-10 17:00:00+00:00,174.345001,174.429993,174.250000,174.399902,28551
2026-07-10 17:05:00+00:00,174.389999,174.639999,174.339996,174.630005,33607
2026-07-10 17:10:00+00:00,174.610001,174.639999,174.529999,174.559998,25560
2026-07-10 17:15:00+00:00,174.580002,174.634995,174.500000,174.615005,52793
2026-07-10 17:20:00+00:00,174.649902,174.750000,174.589996,174.619995,28614
2026-07-10 17:25:00+00:00,174.610001,174.699997,174.589996,174.639999,15634
2026-07-10 17:30:00+00:00,174.649994,174.750000,174.649994,174.664993,21711
2026-07-10 17:35:00+00:00,174.684998,174.755005,174.664993,174.664993,26771
2026-07-10 17:40:00+00:00,174.679794,174.725006,174.625000,174.639999,22087
2026-07-10 17:45:00+00:00,174.619995,174.649994,174.570007,174.589996,55900
2026-07-10 17:50:00+00:00,174.600006,174.630005,174.490005,174.520004,23142
2026-07-10 17:55:00+00:00,174.520004,174.542007,174.449997,174.449997,27093
2026-07-10 18:00:00+00:00,174.445007,174.550003,174.429993,174.550003,30877
2026-07-10 18:05:00+00:00,174.575104,174.710007,174.559998,174.679993,34808
2026-07-10 18:10:00+00:00,174.679993,174.740005,174.610001,174.660004,44386
2026-07-10 18:15:00+00:00,174.664993,174.815002,174.645004,174.729996,30383
2026-07-10 18:20:00+00:00,174.729996,174.789993,174.714996,174.714996,19475
2026-07-10 18:25:00+00:00,174.699997,174.779999,174.580093,174.779999,38424
2026-07-10 18:30:00+00:00,174.805298,174.899994,174.785004,174.835007,27854
2026-07-10 18:35:00+00:00,174.858093,174.969894,174.831299,174.960007,27220
2026-07-10 18:40:00+00:00,174.964996,175.029999,174.904160,174.910004,28855
2026-07-10 18:45:00+00:00,174.923798,174.979996,174.899994,174.964996,22976
2026-07-10 18:50:00+00:00,174.960007,175.005005,174.940002,174.964996,24238
2026-07-10 18:55:00+00:00,174.950104,174.969894,174.880005,174.914993,29964
2026-07-10 19:00:00+00:00,174.929901,174.970001,174.847504,174.880005,39560
2026-07-10 19:05:00+00:00,174.899994,174.960007,174.882004,174.949997,32842
2026-07-10 19:10:00+00:00,174.960007,175.134995,174.960007,175.130005,33921
2026-07-10 19:15:00+00:00,175.139999,175.300003,175.130005,175.220001,54533
2026-07-10 19:20:00+00:00,175.220001,175.330002,175.190002,175.320007,43440
2026-07-10 19:25:00+00:00,175.315002,175.399994,175.279999,175.279999,51045
2026-07-10 19:30:00+00:00,175.259995,175.440002,175.229401,175.369995,69598
2026-07-10 19:35:00+00:00,175.399902,175.625000,175.369995,175.625000,56657
2026-07-10 19:40:00+00:00,175.619995,175.740005,175.619995,175.729996,77705
2026-07-10 19:45:00+00:00,175.720001,175.789001,175.524994,175.744995,225154
2026-07-10 19:50:00+00:00,175.759995,176.029007,175.669998,176.029007,167632
2026-07-10 19:55:00+00:00,176.020004,176.419998,176.009995,176.384995,575604
2026-07-13 13:30:00+00:00,179.014999,180.500000,179.014999,180.490005,455636
2026-07-13 13:35:00+00:00,180.430099,181.000000,180.199997,180.259995,150824
2026-07-13 13:40:00+00:00,180.449997,180.809998,180.449997,180.679993,90512
2026-07-13 13:45:00+00:00,180.649994,181.149994,180.550003,180.830002,123411
2026-07-13 13:50:00+00:00,180.830002,181.190002,180.759995,181.130005,165977
2026-07-13 13:55:00+00:00,181.139999,181.240005,180.279999,180.300003,87359
2026-07-13 14:00:00+00:00,180.294998,180.350006,179.899994,180.029999,101582
2026-07-13 14:05:00+00:00,180.020004,180.089996,179.610001,179.690002,79593
2026-07-13 14:10:00+00:00,179.679993,179.839996,179.550003,179.600006,80861
2026-07-13 14:15:00+00:00,179.595001,180.309998,179.529999,179.759995,273188
2026-07-13 14:20:00+00:00,179.802505,180.130005,179.690002,179.820007,66855
2026-07-13 14:25:00+00:00,179.800003,180.039993,179.729996,179.729996,50286
2026-07-13 14:30:00+00:00,179.699997,179.869995,179.660004,179.735001,46642
2026-07-13 14:35:00+00:00,179.710098,179.899994,179.710098,179.865005,49286
2026-07-13 14:40:00+00:00,179.869995,180.054993,179.750000,180.054993,54028
2026-07-13 14:45:00+00:00,180.085007,180.279999,180.009995,180.039993,66010
2026-07-13 14:50:00+00:00,179.979996,180.005005,179.771500,180.005005,33418
2026-07-13 14:55:00+00:00,180.029999,180.059998,179.729996,179.871994,53945
2026-07-13 15:00:00+00:00,179.910004,179.960007,179.580002,179.699997,46648
2026-07-13 15:05:00+00:00,179.709091,179.919998,179.600006,179.880096,45939
2026-07-13 15:10:00+00:00,179.865005,180.080002,179.824997,180.000000,53128
2026-07-13 15:15:00+00:00,180.039993,180.164993,179.850006,180.040604,55419
2026-07-13 15:20:00+00:00,180.009995,180.045105,179.880005,179.949997,32186
2026-07-13 15:25:00+00:00,179.990005,180.029999,179.779999,179.820007,44662
2026-07-13 15:30:00+00:00,179.904999,180.061996,179.872498,180.000000,44307
2026-07-13 15:35:00+00:00,180.009995,180.130005,179.940002,180.009995,36438
2026-07-13 15:40:00+00:00,180.029999,180.220001,179.960007,180.179993,54810
2026-07-13 15:45:00+00:00,180.220001,180.419998,180.199997,180.285004,41901
2026-07-13 15:50:00+00:00,180.289993,180.369995,180.240097,180.255005,46787
2026-07-13 15:55:00+00:00,180.255005,180.339996,180.149994,180.270004,90945
2026-07-13 16:00:00+00:00,180.279999,180.440002,180.175003,180.244995,56247
2026-07-13 16:05:00+00:00,180.229996,180.270004,180.149994,180.225006,40306
2026-07-13 16:10:00+00:00,180.250000,180.360001,180.210007,180.244995,38919
2026-07-13 16:15:00+00:00,180.242004,180.380005,180.190002,180.264999,41140
2026-07-13 16:20:00+00:00,180.279999,180.610001,180.240005,180.509995,79357
2026-07-13 16:25:00+00:00,180.559998,180.699997,180.509995,180.520004,55063
2026-07-13 16:30:00+00:00,180.559998,180.615005,180.414993,180.500000,49322
2026-07-13 16:35:00+00:00,180.490005,180.669998,180.490005,180.565002,53645
2026-07-13 16:40:00+00:00,180.572205,180.572205,180.309998,180.419998,45894
2026-07-13 16:45:00+00:00,180.429993,180.809998,180.389999,180.792435,48141
2026-07-13 16:50:00+00:00,180.820007,181.179993,180.820007,181.130005,100236
2026-07-13 16:55:00+00:00,181.130005,181.130005,180.860001,181.000000,56139
2026-07-13 17:00:00+00:00,181.020004,181.050003,180.875000,180.929993,46275
2026-07-13 17:05:00+00:00,180.940002,180.940002,180.759995,180.889999,40551
2026-07-13 17:10:00+00:00,180.919998,181.089996,180.860001,181.009995,50963
2026-07-13 17:15:00+00:00,181.050003,181.300003,181.029999,181.259995,42357
2026-07-13 17:20:00+00:00,181.270004,181.449997,181.187515,181.384995,61532
2026-07-13 17:25:00+00:00,181.410004,181.490005,181.339996,181.410004,64554
2026-07-13 17:30:00+00:00,181.389999,181.559998,181.380005,181.380005,52987
2026-07-13 17:35:00+00:00,181.429993,181.690002,181.419998,181.684998,36832
2026-07-13 17:40:00+00:00,181.669998,181.820007,181.669998,181.804993,50874
2026-07-13 17:45:00+00:00,181.800003,181.940002,181.789993,181.839996,64579
2026-07-13 17:50:00+00:00,181.830002,182.139999,181.804993,182.125000,63159
2026-07-13 17:55:00+00:00,182.119995,182.220001,181.940903,182.065002,63977
2026-07-13 18:00:00+00:00,182.065002,182.139999,181.875000,181.899994,65716
2026-07-13 18:05:00+00:00,181.889999,181.889999,181.585007,181.675003,69273
2026-07-13 18:10:00+00:00,181.669998,181.829498,181.544998,181.570007,60848
2026-07-13 18:15:00+00:00,181.585007,181.710007,181.550003,181.679993,41386
2026-07-13 18:20:00+00:00,181.705002,181.960007,181.660004,181.889999,51147
2026-07-13 18:25:00+00:00,181.880005,182.250000,181.770096,182.250000,56494
2026-07-13 18:30:00+00:00,182.250000,182.379898,182.050003,182.095001,70817
2026-07-13 18:35:00+00:00,182.080002,182.080002,181.809998,181.979996,65344
2026-07-13 18:40:00+00:00,182.000000,182.210007,181.960007,182.070007,51826
2026-07-13 18:45:00+00:00,182.070007,182.149994,182.009995,182.095001,48783
2026-07-13 18:50:00+00:00,182.110001,182.220001,182.089996,182.160095,49444
2026-07-13 18:55:00+00:00,182.149994,182.229996,182.110001,182.130005,43630
2026-07-13 19:00:00+00:00,182.134995,182.229996,181.979996,182.000000,56358
2026-07-13 19:05:00+00:00,181.990005,182.149994,181.949997,182.029999,45343
2026-07-13 19:10:00+00:00,182.029999,182.070007,181.970001,182.000000,46922
2026-07-13 19:15:00+00:00,182.020004,182.190002,181.820007,182.169998,117189
2026-07-13 19:20:00+00:00,182.139999,182.257507,181.979996,182.015106,98576
2026-07-13 19:25:00+00:00,182.020004,182.020004,181.679993,181.679993,81155
2026-07-13 19:30:00+00:00,181.679993,181.710007,181.289993,181.339996,127269
2026-07-13 19:35:00+00:00,181.330002,181.649994,181.330002,181.634995,98204
2026-07-13 19:40:00+00:00,181.630005,181.949997,181.630005,181.880295,95481
2026-07-13 19:45:00+00:00,181.860001,182.020004,181.640106,181.975098,186796
2026-07-13 19:50:00+00:00,181.990005,182.229996,181.869995,182.089996,210591
2026-07-13 19:55:00+00:00,182.089996,182.274994,181.880005,182.210007,494012
2026-07-14 13:30:00+00:00,182.750000,183.360504,181.809998,182.020004,365442
2026-07-14 13:35:00+00:00,182.020004,182.509995,181.669998,182.020004,126568
2026-07-14 13:40:00+00:00,182.005005,182.369995,181.669998,181.669998,90045
2026-07-14 13:45:00+00:00,181.684998,181.865005,180.925400,181.865005,127150
2026-07-14 13:50:00+00:00,181.865005,182.149994,181.720001,181.910004,84356
2026-07-14 13:55:00+00:00,181.910004,182.100006,181.910004,181.985001,63595
2026-07-14 14:00:00+00:00,181.949997,182.419907,181.919998,182.350006,64720
2026-07-14 14:05:00+00:00,182.369995,182.410004,182.000000,182.149994,83310
2026-07-14 14:10:00+00:00,182.119995,182.639893,182.095001,182.589996,40973
2026-07-14 14:15:00+00:00,182.610001,182.733093,182.259995,182.369995,44150
2026-07-14 14:20:00+00:00,182.369995,182.460007,182.000000,182.119995,70960
2026-07-14 14:25:00+00:00,182.100006,182.320007,182.000000,182.059998,46849
2026-07-14 14:30:00+00:00,182.050003,182.375000,181.600006,181.884995,193986
2026-07-14 14:35:00+00:00,181.869995,182.000000,181.500000,181.875000,68433
2026-07-14 14:40:00+00:00,181.854996,181.939896,181.520004,181.524994,66731
2026-07-14 14:45:00+00:00,181.524994,181.819901,181.365005,181.800003,55900
2026-07-14 14:50:00+00:00,181.800003,181.934998,181.214996,181.289993,45736
2026-07-14 14:55:00+00:00,181.260101,181.475006,181.110001,181.110001,79225
2026-07-14 15:00:00+00:00,181.125000,181.369904,180.820007,181.020004,111028
2026-07-14 15:05:00+00:00,181.050003,181.270004,180.630005,180.699997,73600
2026-07-14 15:10:00+00:00,180.669998,181.479996,180.649994,181.470001,41009
2026-07-14 15:15:00+00:00,181.500000,181.639999,181.389999,181.470001,45614
2026-07-14 15:20:00+00:00,181.520004,181.559998,181.139999,181.214996,36144
2026-07-14 15:25:00+00:00,181.210007,181.214996,180.934998,181.005005,56094
2026-07-14 15:30:00+00:00,181.039993,181.520004,181.020203,181.500000,30488
2026-07-14 15:35:00+00:00,181.490005,181.779999,181.490005,181.729996,33893
2026-07-14 15:40:00+00:00,181.779999,181.800003,181.589996,181.740005,27033
2026-07-14 15:45:00+00:00,181.740005,181.970001,181.675003,181.889999,25896
2026-07-14 15:50:00+00:00,181.919998,181.934998,181.809998,181.895004,24787
2026-07-14 15:55:00+00:00,181.919998,182.000000,181.779999,181.929993,65509
2026-07-14 16:00:00+00:00,181.929993,182.199600,181.919998,182.145004,75619
2026-07-14 16:05:00+00:00,182.139999,182.240005,182.035004,182.070007,81278
2026-07-14 16:10:00+00:00,182.070007,182.070007,181.839996,181.940002,33339
2026-07-14 16:15:00+00:00,181.960007,182.014999,181.869995,181.975006,32242
2026-07-14 16:20:00+00:00,181.975006,182.050003,181.850006,181.860001,48411
2026-07-14 16:25:00+00:00,181.839996,181.899994,181.690002,181.899994,38996
2026-07-14 16:30:00+00:00,181.839996,181.904999,181.800003,181.889999,25683
2026-07-14 16:35:00+00:00,181.919998,181.919998,181.660706,181.660706,32926
2026-07-14 16:40:00+00:00,181.690002,181.699997,181.600006,181.610001,31063
2026-07-14 16:45:00+00:00,181.589996,181.619995,181.470001,181.610001,33155
2026-07-14 16:50:00+00:00,181.595001,181.619995,181.399994,181.470001,29089
2026-07-14 16:55:00+00:00,181.479996,181.509995,181.369995,181.509995,25708
2026-07-14 17:00:00+00:00,181.529999,181.580002,181.300003,181.309998,52046
2026-07-14 17:05:00+00:00,181.309998,181.410004,181.270004,181.339996,39513
2026-07-14 17:10:00+00:00,181.345001,181.449997,181.244995,181.395004,88166
2026-07-14 17:15:00+00:00,181.403732,181.419998,181.229996,181.350006,41537
2026-07-14 17:20:00+00:00,181.360001,181.399994,181.315002,181.354996,27813
2026-07-14 17:25:00+00:00,181.360001,181.360001,181.095001,181.324997,45774
2026-07-14 17:30:00+00:00,181.320007,181.410004,181.264999,181.410004,36015
2026-07-14 17:35:00+00:00,181.410004,181.410004,181.297501,181.335007,25293
2026-07-14 17:40:00+00:00,181.330002,181.520004,181.324997,181.449997,38409
2026-07-14 17:45:00+00:00,181.449997,181.485001,181.279999,181.335007,33192
2026-07-14 17:50:00+00:00,181.300003,181.395004,181.210007,181.309998,25122
2026-07-14 17:55:00+00:00,181.300003,181.309998,181.089996,181.154999,105028
2026-07-14 18:00:00+00:00,181.179993,181.460007,181.160004,181.455002,32144
2026-07-14 18:05:00+00:00,181.455093,181.520004,181.410004,181.505005,42657
2026-07-14 18:10:00+00:00,181.529999,181.539993,181.399994,181.449997,25169
2026-07-14 18:15:00+00:00,181.470001,181.509995,181.429993,181.490005,30858
2026-07-14 18:20:00+00:00,181.479996,181.539993,181.430099,181.485001,37952
2026-07-14 18:25:00+00:00,181.497192,181.684998,181.449997,181.684998,30722
2026-07-14 18:30:00+00:00,181.710007,181.839996,181.660004,181.701004,45239
2026-07-14 18:35:00+00:00,181.669998,181.690002,181.570007,181.690002,39917
2026-07-14 18:40:00+00:00,181.720001,181.839996,181.699997,181.735001,35089
2026-07-14 18:45:00+00:00,181.740005,181.865005,181.669998,181.854996,46975
2026-07-14 18:50:00+00:00,181.880005,181.919998,181.759995,181.880005,44718
2026-07-14 18:55:00+00:00,181.850006,182.074997,181.850006,182.059998,39876
2026-07-14 19:00:00+00:00,182.080002,182.100006,181.938507,181.938507,66021
2026-07-14 19:05:00+00:00,181.949997,182.000000,181.837402,181.964996,31246
2026-07-14 19:10:00+00:00,181.960007,181.960007,181.830002,181.925003,47071
2026-07-14 19:15:00+00:00,181.919998,181.929993,181.800003,181.929993,47326
2026-07-14 19:20:00+00:00,181.914993,182.009995,181.899994,181.940002,46896
2026-07-14 19:25:00+00:00,181.960007,182.130005,181.929993,182.080002,47202
2026-07-14 19:30:00+00:00,182.070007,182.279999,181.979996,181.990005,106550
2026-07-14 19:35:00+00:00,181.990005,182.300003,181.990005,182.279999,84932
2026-07-14 19:40:00+00:00,182.294998,182.369995,182.039993,182.048676,116319
2026-07-14 19:45:00+00:00,182.039993,182.139999,181.720993,181.759995,106851
2026-07-14 19:50:00+00:00,181.789993,181.889999,181.639999,181.850006,143865
2026-07-14 19:55:00+00:00,181.889999,181.975006,181.610001,181.764999,484473
2026-07-15 13:30:00+00:00,182.169998,182.400894,181.449997,181.509995,283560
2026-07-15 13:35:00+00:00,181.464996,181.464996,180.910004,181.399994,110298
2026-07-15 13:40:00+00:00,181.399994,181.610001,180.529999,180.770004,100451
2026-07-15 13:45:00+00:00,180.770004,180.940002,180.500000,180.529999,90195
2026-07-15 13:50:00+00:00,180.509995,180.830002,180.410004,180.785004,94217
2026-07-15 13:55:00+00:00,180.729996,180.759995,180.309998,180.410004,63582
2026-07-15 14:00:00+00:00,180.449997,180.545105,180.110001,180.479996,81377
2026-07-15 14:05:00+00:00,180.440002,180.479996,180.119995,180.160095,66630
2026-07-15 14:10:00+00:00,180.169998,180.179993,179.860001,180.080002,73394
2026-07-15 14:15:00+00:00,180.039993,180.285004,180.039993,180.115005,76886
2026-07-15 14:20:00+00:00,180.149994,180.520004,180.149994,180.350006,127444
2026-07-15 14:25:00+00:00,180.330093,180.479996,179.684998,179.690002,80967
2026-07-15 14:30:00+00:00,179.720001,179.860001,179.279999,179.619995,98260
2026-07-15 14:35:00+00:00,179.580002,179.589996,179.240005,179.479996,55717
2026-07-15 14:40:00+00:00,179.509995,180.210007,179.434998,180.139999,66138
2026-07-15 14:45:00+00:00,180.160004,180.229996,179.664993,179.664993,45729
2026-07-15 14:50:00+00:00,179.660004,179.729996,179.429993,179.630005,40475
2026-07-15 14:55:00+00:00,179.589996,179.860001,179.529999,179.820007,40908
2026-07-15 15:00:00+00:00,179.850006,179.979996,179.800003,179.860001,47847
2026-07-15 15:05:00+00:00,179.889999,179.910095,179.404999,179.475098,58337
2026-07-15 15:10:00+00:00,179.490005,179.910004,179.490005,179.884995,49934
2026-07-15 15:15:00+00:00,179.830002,179.850006,179.529999,179.639999,65173
2026-07-15 15:20:00+00:00,179.660004,179.740005,179.300003,179.300003,50384
2026-07-15 15:25:00+00:00,179.289993,179.320007,178.770004,178.869995,92018
2026-07-15 15:30:00+00:00,178.809998,179.049896,178.710007,178.860001,77725
2026-07-15 15:35:00+00:00,178.809998,178.940002,178.740005,178.934998,47064
2026-07-15 15:40:00+00:00,178.919998,178.949997,178.619995,178.860001,44723
2026-07-15 15:45:00+00:00,178.880005,178.964996,178.574997,178.785004,57743
2026-07-15 15:50:00+00:00,178.789993,179.179993,178.789993,179.175003,50527
2026-07-15 15:55:00+00:00,179.229996,179.380005,179.100006,179.380005,36036
2026-07-15 16:00:00+00:00,179.399994,179.419998,179.179993,179.250000,53664
2026-07-15 16:05:00+00:00,179.250000,179.440002,179.160004,179.230103,42387
2026-07-15 16:10:00+00:00,179.240005,179.580002,179.199997,179.440002,33653
2026-07-15 16:15:00+00:00,179.460007,179.460007,179.240005,179.335007,37569
2026-07-15 16:20:00+00:00,179.339996,179.649994,179.210007,179.589996,45757
2026-07-15 16:25:00+00:00,179.604996,179.699997,179.449997,179.520004,50212
2026-07-15 16:30:00+00:00,179.509995,179.740005,179.470001,179.710007,31530
2026-07-15 16:35:00+00:00,179.729996,179.934998,179.725006,179.820007,40197
2026-07-15 16:40:00+00:00,179.830002,180.065002,179.690002,180.039993,73880
2026-07-15 16:45:00+00:00,180.050003,180.160004,179.720001,179.835007,104249
2026-07-15 16:50:00+00:00,179.850006,179.860001,179.710007,179.820007,34315
2026-07-15 16:55:00+00:00,179.789993,179.899994,179.730392,179.759995,41367
2026-07-15 17:00:00+00:00,179.729996,179.835007,179.610001,179.824997,27366
2026-07-15 17:05:00+00:00,179.830002,179.839996,179.690002,179.759995,29145
2026-07-15 17:10:00+00:00,179.750000,179.860001,179.750000,179.839996,31381
2026-07-15 17:15:00+00:00,179.884995,179.899994,179.740005,179.850006,41638
2026-07-15 17:20:00+00:00,179.850006,179.904999,179.720001,179.845001,33553
2026-07-15 17:25:00+00:00,179.830002,179.839996,179.600098,179.610001,39052
2026-07-15 17:30:00+00:00,179.610001,179.729996,179.509995,179.729996,47707
2026-07-15 17:35:00+00:00,179.725006,179.820007,179.529999,179.539993,38333
2026-07-15 17:40:00+00:00,179.520004,179.660004,179.389999,179.589996,38698
2026-07-15 17:45:00+00:00,179.570007,179.675003,179.535004,179.580002,34067
2026-07-15 17:50:00+00:00,179.585007,179.695007,179.559998,179.669998,32581
2026-07-15 17:55:00+00:00,179.710007,179.990005,179.695007,179.835007,86853
2026-07-15 18:00:00+00:00,179.830002,180.175003,179.779999,180.160004,35254
2026-07-15 18:05:00+00:00,180.160004,180.419907,180.119995,180.399994,27148
2026-07-15 18:10:00+00:00,180.419998,180.419998,180.199997,180.250000,52194
2026-07-15 18:15:00+00:00,180.300003,180.520004,180.300003,180.460007,32844
2026-07-15 18:20:00+00:00,180.410004,180.529999,180.395004,180.419998,25607
2026-07-15 18:25:00+00:00,180.550003,180.690002,180.500000,180.664993,29163
2026-07-15 18:30:00+00:00,180.669998,180.850006,180.669998,180.829697,39668
2026-07-15 18:35:00+00:00,180.860001,180.869995,180.589996,180.699997,36613
2026-07-15 18:40:00+00:00,180.690002,180.735001,180.630005,180.735001,27790
2026-07-15 18:45:00+00:00,180.735001,180.820007,180.610001,180.660004,84560
2026-07-15 18:50:00+00:00,180.669998,180.830002,180.649994,180.744995,31858
2026-07-15 18:55:00+00:00,180.755005,180.889999,180.720001,180.860001,26449
2026-07-15 19:00:00+00:00,180.860001,180.860001,180.494995,180.494995,48829
2026-07-15 19:05:00+00:00,180.529999,180.569901,180.389999,180.520004,33575
2026-07-15 19:10:00+00:00,180.524994,180.639999,180.429993,180.570007,63951
2026-07-15 19:15:00+00:00,180.550003,180.729996,180.529999,180.729996,35144
2026-07-15 19:20:00+00:00,180.720001,181.009995,180.714996,181.009995,61473
2026-07-15 19:25:00+00:00,181.014999,181.059998,180.895004,180.910004,50509
2026-07-15 19:30:00+00:00,180.899994,181.449997,180.820007,181.449997,108560
2026-07-15 19:35:00+00:00,181.500000,181.585007,181.268005,181.419998,104792
2026-07-15 19:40:00+00:00,181.419998,181.455002,181.160095,181.160095,133304
2026-07-15 19:45:00+00:00,181.160004,181.360001,181.039993,181.289993,134120
2026-07-15 19:50:00+00:00,181.300003,181.660004,181.220001,181.619995,198583
2026-07-15 19:55:00+00:00,181.610001,181.649994,181.399994,181.649994,574744
2026-07-16 13:30:00+00:00,182.570007,183.505005,181.949997,183.404999,288239
2026-07-16 13:35:00+00:00,183.460007,183.539993,182.839996,182.975006,132240
2026-07-16 13:40:00+00:00,182.994568,183.740005,182.979996,183.664993,86636
2026-07-16 13:45:00+00:00,183.720001,184.100006,183.330002,183.550003,109677
2026-07-16 13:50:00+00:00,183.630005,183.750000,183.160095,183.449997,64002
2026-07-16 13:55:00+00:00,183.455002,183.455002,182.824997,182.824997,48841
2026-07-16 14:00:00+00:00,182.895004,182.979996,182.649994,182.817993,53012
2026-07-16 14:05:00+00:00,182.876602,183.100006,182.779999,183.007004,47172
2026-07-16 14:10:00+00:00,183.005005,183.039993,182.500000,182.869995,50662
2026-07-16 14:15:00+00:00,182.869995,182.940002,182.660004,182.779999,60872
2026-07-16 14:20:00+00:00,182.860001,183.520004,182.854996,183.389999,52415
2026-07-16 14:25:00+00:00,183.429993,183.550003,183.058426,183.135605,47260
2026-07-16 14:30:00+00:00,183.149994,183.279999,183.020004,183.160004,49039
2026-07-16 14:35:00+00:00,183.160004,183.175003,182.949997,183.149994,45326
2026-07-16 14:40:00+00:00,183.220001,183.339996,182.994995,183.050003,40501
2026-07-16 14:45:00+00:00,183.059998,183.330002,182.960007,183.000000,53017
2026-07-16 14:50:00+00:00,183.020004,183.820007,183.020004,183.809998,51094
2026-07-16 14:55:00+00:00,183.869995,183.929993,183.449997,183.610001,78570
2026-07-16 15:00:00+00:00,183.619995,183.929993,183.500000,183.869995,76392
2026-07-16 15:05:00+00:00,183.929993,184.320007,183.869995,183.910004,66968
2026-07-16 15:10:00+00:00,183.960007,184.199997,183.949997,184.080002,44399
2026-07-16 15:15:00+00:00,184.089996,184.281296,184.039993,184.195007,65246
2026-07-16 15:20:00+00:00,184.179993,184.389999,184.085007,184.169998,85324
2026-07-16 15:25:00+00:00,184.130005,184.169998,183.949997,184.050003,51356
2026-07-16 15:30:00+00:00,184.029999,184.263397,183.951004,184.059998,49436
2026-07-16 15:35:00+00:00,184.080002,184.080002,183.850006,183.895004,47519
2026-07-16 15:40:00+00:00,183.899994,184.250000,183.875000,184.220001,48340
2026-07-16 15:45:00+00:00,184.220001,184.365005,184.154999,184.229996,48635
2026-07-16 15:50:00+00:00,184.210007,184.259903,184.070007,184.104996,39770
2026-07-16 15:55:00+00:00,184.110001,184.309998,184.110001,184.270004,42596
2026-07-16 16:00:00+00:00,184.250000,184.669998,184.220001,184.615005,56211
2026-07-16 16:05:00+00:00,184.589996,184.759995,184.460007,184.507507,83423
2026-07-16 16:10:00+00:00,184.520004,184.550003,184.285004,184.460007,59904
2026-07-16 16:15:00+00:00,184.490005,184.539993,184.320007,184.480103,55338
2026-07-16 16:20:00+00:00,184.509995,184.830002,184.509995,184.660004,79196
2026-07-16 16:25:00+00:00,184.660004,184.729996,184.300095,184.350006,59807
2026-07-16 16:30:00+00:00,184.350006,184.350006,184.089996,184.145004,45167
2026-07-16 16:35:00+00:00,184.139999,184.300003,184.070007,184.199997,45335
2026-07-16 16:40:00+00:00,184.190002,184.190002,183.830093,183.889999,31454
2026-07-16 16:45:00+00:00,183.925003,183.949997,183.759995,183.830002,39529
2026-07-16 16:50:00+00:00,183.800003,183.889999,183.699997,183.710007,33001
2026-07-16 16:55:00+00:00,183.710007,183.710007,183.470001,183.559998,50624
2026-07-16 17:00:00+00:00,183.550003,183.779999,183.550003,183.679993,33223
2026-07-16 17:05:00+00:00,183.750000,183.750000,183.520004,183.600006,36657
2026-07-16 17:10:00+00:00,183.625000,183.789993,183.625000,183.750000,28769
2026-07-16 17:15:00+00:00,183.759598,183.789993,183.649994,183.695007,38039
2026-07-16 17:20:00+00:00,183.690002,183.770004,183.630005,183.679993,24051
2026-07-16 17:25:00+00:00,183.660004,183.710007,183.550003,183.570007,40215
2026-07-16 17:30:00+00:00,183.565002,183.750000,183.500000,183.720001,35174
2026-07-16 17:35:00+00:00,183.710007,183.764999,183.639999,183.669998,29765
2026-07-16 17:40:00+00:00,183.649994,183.679993,183.530396,183.675003,45504
2026-07-16 17:45:00+00:00,183.660004,183.835007,183.660004,183.794998,38866
2026-07-16 17:50:00+00:00,183.779999,183.800003,183.660004,183.699997,22745
2026-07-16 17:55:00+00:00,183.679993,183.889999,183.679993,183.880005,29364
2026-07-16 18:00:00+00:00,183.899994,183.910202,183.770004,183.830002,30408
2026-07-16 18:05:00+00:00,183.839996,184.147903,183.800095,184.125000,34043
2026-07-16 18:10:00+00:00,184.110001,184.115005,183.851807,183.970001,34004
2026-07-16 18:15:00+00:00,183.990005,184.063385,183.880005,184.014999,49965
2026-07-16 18:20:00+00:00,184.000000,184.130005,183.979996,184.039993,49027
2026-07-16 18:25:00+00:00,184.070007,184.179993,184.059998,184.059998,29911
2026-07-16 18:30:00+00:00,184.050003,184.235001,184.035004,184.235001,40254
2026-07-16 18:35:00+00:00,184.255005,184.449997,184.255005,184.410004,43515
2026-07-16 18:40:00+00:00,184.370102,184.500000,184.369995,184.490005,32040
2026-07-16 18:45:00+00:00,184.500000,184.500000,184.195007,184.195007,47524
2026-07-16 18:50:00+00:00,184.195007,184.229996,184.020096,184.020096,35945
2026-07-16 18:55:00+00:00,184.059998,184.164993,184.050003,184.080002,109699
2026-07-16 19:00:00+00:00,184.089996,184.089996,183.985001,184.070007,35978
2026-07-16 19:05:00+00:00,184.050003,184.190002,183.970001,184.095001,49128
2026-07-16 19:10:00+00:00,184.110001,184.210007,183.970993,184.190002,46175
2026-07-16 19:15:00+00:00,184.190002,184.270004,184.127304,184.259995,65174
2026-07-16 19:20:00+00:00,184.255005,184.339996,184.130005,184.164993,60278
2026-07-16 19:25:00+00:00,184.169998,184.169998,183.820007,183.830002,56180
2026-07-16 19:30:00+00:00,183.820007,183.860001,183.619995,183.634995,74085
2026-07-16 19:35:00+00:00,183.630005,183.719894,183.589996,183.619995,87124
2026-07-16 19:40:00+00:00,183.600006,183.639999,183.389999,183.610001,88583
2026-07-16 19:45:00+00:00,183.600006,183.684998,183.539993,183.669998,107334
2026-07-16 19:50:00+00:00,183.690002,184.119995,183.649994,183.929993,127423
2026-07-16 19:55:00+00:00,183.929993,184.000000,183.559998,183.880005,366608
2026-07-17 13:30:00+00:00,187.470001,188.149994,186.445007,186.690002,886489
2026-07-17 13:35:00+00:00,186.674133,187.449997,186.529999,187.449997,98464
2026-07-17 13:40:00+00:00,187.389999,188.119995,187.335007,187.725006,130366
2026-07-17 13:45:00+00:00,187.649994,187.979996,187.529999,187.679993,112305
2026-07-17 13:50:00+00:00,187.619995,187.899994,187.119995,187.189407,81116
2026-07-17 13:55:00+00:00,187.240005,187.593994,187.160095,187.447998,80996
2026-07-17 14:00:00+00:00,187.500000,187.600006,187.210098,187.570007,64809
2026-07-17 14:05:00+00:00,187.565002,187.699997,187.000000,187.250000,99131
2026-07-17 14:10:00+00:00,187.237793,187.249100,186.889999,187.054993,67298
2026-07-17 14:15:00+00:00,187.020004,187.029999,186.475006,186.950104,66929
2026-07-17 14:20:00+00:00,186.949997,187.009995,186.770004,186.975006,47658
2026-07-17 14:25:00+00:00,186.949997,187.029999,186.570007,186.815002,55123
2026-07-17 14:30:00+00:00,186.794998,186.914993,186.550003,186.789993,59448
2026-07-17 14:35:00+00:00,186.820007,186.975006,186.654999,186.660004,144196
2026-07-17 14:40:00+00:00,186.619995,186.654999,186.339996,186.509995,33892
2026-07-17 14:45:00+00:00,186.579895,186.744995,186.520004,186.524994,41610
2026-07-17 14:50:00+00:00,186.500000,186.509995,186.300095,186.404999,34365
2026-07-17 14:55:00+00:00,186.429993,186.429993,186.050003,186.255005,179505
2026-07-17 15:00:00+00:00,186.259995,186.274704,185.604996,185.630005,53404
2026-07-17 15:05:00+00:00,185.610001,185.985001,185.500000,185.949997,44044
2026-07-17 15:10:00+00:00,185.949997,186.119904,185.910004,186.080002,43310
2026-07-17 15:15:00+00:00,186.100006,186.449997,186.040100,186.335007,45044
2026-07-17 15:20:00+00:00,186.339996,186.725006,186.255005,186.699997,30388
2026-07-17 15:25:00+00:00,186.720001,186.829895,186.300003,186.300003,44048
2026-07-17 15:30:00+00:00,186.300003,186.580002,186.160004,186.259995,96305
2026-07-17 15:35:00+00:00,186.270004,186.324997,186.039993,186.059998,40130
2026-07-17 15:40:00+00:00,186.059998,186.410004,186.029999,186.335007,150320
2026-07-17 15:45:00+00:00,186.389999,186.396103,185.960007,185.970001,50913
2026-07-17 15:50:00+00:00,185.979996,186.059494,185.919998,186.059494,35551
2026-07-17 15:55:00+00:00,186.020004,186.050003,185.804993,186.050003,28440
2026-07-17 16:00:00+00:00,186.039993,186.214996,185.899994,185.990005,84814
2026-07-17 16:05:00+00:00,185.979996,186.149994,185.850006,186.149994,35743
2026-07-17 16:10:00+00:00,186.080002,186.250000,185.990005,186.199997,36880
2026-07-17 16:15:00+00:00,186.220001,186.389999,186.110001,186.169998,44648
2026-07-17 16:20:00+00:00,186.199997,186.595001,186.100006,186.554993,48432
2026-07-17 16:25:00+00:00,186.579895,186.639999,186.360001,186.399994,32441
2026-07-17 16:30:00+00:00,186.395004,186.460007,186.250000,186.360001,24569
2026-07-17 16:35:00+00:00,186.389999,186.475006,186.350006,186.399994,20568
2026-07-17 16:40:00+00:00,186.380005,186.389999,186.009995,186.009995,47616
2026-07-17 16:45:00+00:00,186.020004,186.235001,185.960007,186.229996,72711
2026-07-17 16:50:00+00:00,186.250000,186.250000,186.059998,186.110001,37490
2026-07-17 16:55:00+00:00,186.100006,186.339996,186.085007,186.315002,42305
2026-07-17 17:00:00+00:00,186.320007,186.410004,186.210007,186.300003,36579
2026-07-17 17:05:00+00:00,186.300003,186.300003,186.029999,186.100006,39961
2026-07-17 17:10:00+00:00,186.089996,186.115005,185.964996,186.029999,39920
2026-07-17 17:15:00+00:00,186.000000,186.160004,185.919998,186.134995,64658
2026-07-17 17:20:00+00:00,186.184998,186.434998,186.139999,186.419998,42589
2026-07-17 17:25:00+00:00,186.419998,186.434998,186.300003,186.350006,34972
2026-07-17 17:30:00+00:00,186.354996,186.529999,186.330002,186.520004,34425
2026-07-17 17:35:00+00:00,186.500000,186.559998,186.300003,186.500000,75715
2026-07-17 17:40:00+00:00,186.509995,186.880005,186.490005,186.830002,60980
2026-07-17 17:45:00+00:00,186.830002,186.919998,186.580597,186.639999,68613
2026-07-17 17:50:00+00:00,186.639999,186.679993,186.485001,186.535004,30583
2026-07-17 17:55:00+00:00,186.529999,186.679993,186.500000,186.625000,40988
2026-07-17 18:00:00+00:00,186.600006,186.684998,186.530197,186.630005,33609
2026-07-17 18:05:00+00:00,186.669998,186.839996,186.664993,186.774994,47799
2026-07-17 18:10:00+00:00,186.759995,186.764999,186.654999,186.710007,47014
2026-07-17 18:15:00+00:00,186.710007,186.809998,186.639999,186.669998,35157
2026-07-17 18:20:00+00:00,186.670105,186.779999,186.630005,186.759995,46803
2026-07-17 18:25:00+00:00,186.759995,186.869995,186.660004,186.695007,34037
2026-07-17 18:30:00+00:00,186.699997,186.839996,186.699997,186.740005,39401
2026-07-17 18:35:00+00:00,186.750000,186.889999,186.679993,186.800003,37008
2026-07-17 18:40:00+00:00,186.794998,186.820007,186.645004,186.645004,42134
2026-07-17 18:45:00+00:00,186.645004,186.763000,186.589996,186.675003,36850
2026-07-17 18:50:00+00:00,186.690002,186.850006,186.639999,186.850006,40533
2026-07-17 18:55:00+00:00,186.830002,186.919998,186.759995,186.884995,37616
2026-07-17 19:00:00+00:00,186.889999,186.889999,186.639999,186.675003,36427
2026-07-17 19:05:00+00:00,186.669998,186.800003,186.650101,186.779999,32201
2026-07-17 19:10:00+00:00,186.770004,186.869995,186.735001,186.789993,42330
2026-07-17 19:15:00+00:00,186.800003,186.899994,186.630005,186.630005,51534
2026-07-17 19:20:00+00:00,186.630005,186.690002,186.559998,186.649994,50994
2026-07-17 19:25:00+00:00,186.630005,186.710007,186.570007,186.669998,63564
2026-07-17 19:30:00+00:00,186.649994,186.860001,186.440002,186.815002,88675
2026-07-17 19:35:00+00:00,186.830002,187.000000,186.779999,186.875000,101560
2026-07-17 19:40:00+00:00,186.839996,186.970001,186.720001,186.779999,78779
2026-07-17 19:45:00+00:00,186.789993,187.070007,186.720001,187.070007,119402
2026-07-17 19:50:00+00:00,187.089996,187.350006,187.050003,187.279999,154317
2026-07-17 19:55:00+00:00,187.289993,187.669998,187.270004,187.360001,473788
2026-07-20 13:30:00+00:00,186.289993,186.789993,185.929993,186.119995,267201
2026-07-20 13:35:00+00:00,186.130005,187.145004,186.130005,187.009995,82765
2026-07-20 13:40:00+00:00,187.014999,187.645004,186.865005,187.505005,58170
2026-07-20 13:45:00+00:00,187.520004,187.795105,187.339996,187.714996,120633
2026-07-20 13:50:00+00:00,187.690002,188.279999,187.500000,188.205002,108292
2026-07-20 13:55:00+00:00,188.145004,188.250000,188.000107,188.171005,70873
2026-07-20 14:00:00+00:00,188.210007,188.819901,188.100006,188.720001,91653
2026-07-20 14:05:00+00:00,188.720001,188.740005,187.994995,187.994995,58623
2026-07-20 14:10:00+00:00,188.039993,188.279999,187.884995,188.220001,36311
2026-07-20 14:15:00+00:00,188.270004,188.630005,188.190002,188.619995,51810
2026-07-20 14:20:00+00:00,188.630005,189.100006,188.559998,188.699997,61833
2026-07-20 14:25:00+00:00,188.654999,188.889999,188.480103,188.679993,57195
2026-07-20 14:30:00+00:00,188.619995,189.074997,188.550003,188.919998,48575
2026-07-20 14:35:00+00:00,188.869995,188.979996,188.779999,188.925003,31528
2026-07-20 14:40:00+00:00,188.899994,189.039993,188.845001,189.039993,32796
2026-07-20 14:45:00+00:00,189.039993,189.389999,189.039993,189.250000,68773
2026-07-20 14:50:00+00:00,189.229996,189.719894,189.199997,189.684998,79591
2026-07-20 14:55:00+00:00,189.690002,189.789993,189.320007,189.449997,53665
2026-07-20 15:00:00+00:00,189.455002,189.500000,188.789993,188.884995,84212
2026-07-20 15:05:00+00:00,188.875000,189.089996,188.570007,188.619995,67197
2026-07-20 15:10:00+00:00,188.649994,188.850006,188.645004,188.850006,73838
2026-07-20 15:15:00+00:00,188.899994,189.255005,188.899994,189.250000,122156
2026-07-20 15:20:00+00:00,189.270004,189.460007,189.250000,189.449997,112976
2026-07-20 15:25:00+00:00,189.455002,189.630005,189.419998,189.589996,49999
2026-07-20 15:30:00+00:00,189.595001,189.662506,189.399994,189.490005,54339
2026-07-20 15:35:00+00:00,189.490005,189.539993,189.380005,189.419998,553144
2026-07-20 15:40:00+00:00,189.440002,189.630005,189.429993,189.577606,68025
2026-07-20 15:45:00+00:00,189.565002,189.759995,189.559998,189.735001,45627
2026-07-20 15:50:00+00:00,189.710007,189.750000,189.470001,189.634995,62039
2026-07-20 15:55:00+00:00,189.635101,189.649902,187.552399,189.604996,78543
2026-07-20 16:00:00+00:00,189.604996,189.669998,189.360107,189.402496,38402
2026-07-20 16:05:00+00:00,189.354996,189.589996,189.259995,189.494995,84631
2026-07-20 16:10:00+00:00,189.490005,189.559906,189.294998,189.509995,131940
2026-07-20 16:15:00+00:00,189.470001,189.619995,189.470001,189.542496,34067
2026-07-20 16:20:00+00:00,189.529999,189.559998,189.399994,189.535004,31487
2026-07-20 16:25:00+00:00,189.589996,189.884995,189.550003,189.869995,80338
2026-07-20 16:30:00+00:00,189.839996,189.899994,189.639999,189.669998,37311
2026-07-20 16:35:00+00:00,189.667999,189.774994,189.520004,189.559998,30797
2026-07-20 16:40:00+00:00,189.556503,189.899994,189.554993,189.860001,74896
2026-07-20 16:45:00+00:00,189.850006,189.889999,189.669998,189.720001,29818
2026-07-20 16:50:00+00:00,189.729996,190.220001,189.720001,190.195999,120193
2026-07-20 16:55:00+00:00,190.179993,190.190002,189.940002,189.990005,33295
2026-07-20 17:00:00+00:00,189.994995,190.024994,189.869995,189.964996,32764
2026-07-20 17:05:00+00:00,189.979996,189.979996,189.815002,189.889999,34197
2026-07-20 17:10:00+00:00,189.875000,190.070007,189.869995,190.000000,66151
2026-07-20 17:15:00+00:00,190.009995,190.080002,189.800003,189.919998,35961
2026-07-20 17:20:00+00:00,189.899994,189.989899,189.800003,189.930099,36975
2026-07-20 17:25:00+00:00,189.945007,190.210007,189.945007,190.160004,39958
2026-07-20 17:30:00+00:00,190.164993,190.320007,190.089996,190.169998,36413
2026-07-20 17:35:00+00:00,190.199997,190.309998,190.151505,190.229996,40021
2026-07-20 17:40:00+00:00,190.250000,190.270004,190.070007,190.145004,31979
2026-07-20 17:45:00+00:00,190.154999,190.240005,190.095001,190.210007,34323
2026-07-20 17:50:00+00:00,190.190002,190.350006,190.139999,190.169998,49010
2026-07-20 17:55:00+00:00,190.149994,190.270004,190.080002,190.175003,59499
2026-07-20 18:00:00+00:00,190.175003,190.289993,190.129898,190.160004,51572
2026-07-20 18:05:00+00:00,190.139999,190.220001,189.925003,189.949997,42871
2026-07-20 18:10:00+00:00,189.899994,190.119995,189.830002,189.845001,37954
2026-07-20 18:15:00+00:00,189.860001,190.005005,189.860001,189.975006,38698
2026-07-20 18:20:00+00:00,189.983810,190.149994,189.970001,190.050003,43010
2026-07-20 18:25:00+00:00,190.044998,190.205002,190.000000,190.199997,37319
2026-07-20 18:30:00+00:00,190.199997,190.270004,190.040100,190.075500,50431
2026-07-20 18:35:00+00:00,190.080002,190.100006,189.889999,189.929596,52965
2026-07-20 18:40:00+00:00,189.929993,189.979996,189.830002,189.889893,31274
2026-07-20 18:45:00+00:00,189.889999,189.985001,189.820007,189.860107,75914
2026-07-20 18:50:00+00:00,189.839996,189.889999,189.550003,189.619995,55751
2026-07-20 18:55:00+00:00,189.615005,189.720001,189.479996,189.565002,71879
2026-07-20 19:00:00+00:00,189.559998,189.735001,189.559998,189.699997,41599
2026-07-20 19:05:00+00:00,189.710007,189.779999,189.580002,189.639999,38422
2026-07-20 19:10:00+00:00,189.679993,189.684998,189.524994,189.559998,36749
2026-07-20 19:15:00+00:00,189.554993,189.750000,189.535004,189.699997,41043
2026-07-20 19:20:00+00:00,189.720001,189.850006,189.690094,189.699997,84028
2026-07-20 19:25:00+00:00,189.720001,189.809998,189.509995,189.539993,63716
2026-07-20 19:30:00+00:00,189.544998,189.580002,189.335007,189.359894,490676
2026-07-20 19:35:00+00:00,189.360001,189.660004,189.240997,189.649994,86499
2026-07-20 19:40:00+00:00,189.649994,189.779999,189.384995,189.410004,71769
2026-07-20 19:45:00+00:00,189.360001,189.600006,189.350006,189.380005,104771
2026-07-20 19:50:00+00:00,189.399994,189.539993,189.389999,189.460007,135397
2026-07-20 19:55:00+00:00,189.470001,189.820007,189.330002,189.669998,525261
