Datetime,Open,High,Low,Close,Volume
2026-04-08 13:30:00+00:00,98.099998,98.690002,97.690002,98.290001,910214
2026-04-08 13:35:00+00:00,98.250000,98.570000,98.129997,98.379997,256336
2026-04-08 13:40:00+00:00,98.389999,98.559998,98.250099,98.275002,224518
2026-04-08 13:45:00+00:00,98.300003,98.739998,98.290001,98.724998,211900
2026-04-08 13:50:00+00:00,98.709999,98.720001,98.470001,98.570000,129069
2026-04-08 13:55:00+00:00,98.570000,98.720001,98.459999,98.699997,157927
2026-04-08 14:00:00+00:00,98.709999,98.839996,98.570000,98.650002,174097
2026-04-08 14:05:00+00:00,98.639999,98.639999,98.470001,98.495003,104144
2026-04-08 14:10:00+00:00,98.500000,98.620003,98.419998,98.519997,152221
2026-04-08 14:15:00+00:00,98.580002,98.660004,98.449997,98.480003,95089
2026-04-08 14:20:00+00:00,98.470001,98.589996,98.400002,98.480003,69754
2026-04-08 14:25:00+00:00,98.460899,98.470001,98.300003,98.370003,66209
2026-04-08 14:30:00+00:00,98.370003,98.459999,98.285004,98.430000,103872
2026-04-08 14:35:00+00:00,98.419998,98.504997,98.315002,98.440002,93946
2026-04-08 14:40:00+00:00,98.440002,98.568901,98.360001,98.440002,117229
2026-04-08 14:45:00+00:00,98.440002,98.449997,98.206398,98.364998,84290
2026-04-08 14:50:00+00:00,98.370003,98.470001,98.300003,98.459999,73255
2026-04-08 14:55:00+00:00,98.449997,98.519997,98.309998,98.489998,85869
2026-04-08 15:00:00+00:00,98.489998,98.623100,98.489998,98.570000,90024
2026-04-08 15:05:00+00:00,98.570000,98.620003,98.489998,98.510002,71695
2026-04-08 15:10:00+00:00,98.489998,98.589996,98.470001,98.489998,59972
2026-04-08 15:15:00+00:00,98.489998,98.529999,98.400002,98.459999,84032
2026-04-08 15:20:00+00:00,98.459999,98.470001,98.370003,98.440002,62297
2026-04-08 15:25:00+00:00,98.430000,98.459999,98.330002,98.349998,142465
2026-04-08 15:30:00+00:00,98.339996,98.510002,98.339996,98.495003,73467
2026-04-08 15:35:00+00:00,98.500000,98.629997,98.460098,98.610001,56184
2026-04-08 15:40:00+00:00,98.599998,98.639999,98.535004,98.570000,71574
2026-04-08 15:45:00+00:00,98.580002,98.639999,98.550003,98.629997,44326
2026-04-08 15:50:00+00:00,98.625000,98.639900,98.519997,98.519997,48700
2026-04-08 15:55:00+00:00,98.519997,98.529999,98.370003,98.455002,89663
2026-04-08 16:00:00+00:00,98.459999,98.610001,98.459999,98.529999,73533
2026-04-08 16:05:00+00:00,98.529999,98.565002,98.449997,98.474998,47061
2026-04-08 16:10:00+00:00,98.474998,98.599998,98.459999,98.559998,59084
2026-04-08 16:15:00+00:00,98.559998,98.650002,98.529999,98.625000,41798
2026-04-08 16:20:00+00:00,98.629997,98.690102,98.620003,98.675003,69712
2026-04-08 16:25:00+00:00,98.675003,98.735001,98.589996,98.605003,93936
2026-04-08 16:30:00+00:00,98.620003,98.625000,98.489998,98.510002,42695
2026-04-08 16:35:00+00:00,98.519997,98.654999,98.455002,98.635002,56109
2026-04-08 16:40:00+00:00,98.644997,98.675003,98.610001,98.650002,50182
2026-04-08 16:45:00+00:00,98.639999,98.739998,98.635002,98.714996,39546
2026-04-08 16:50:00+00:00,98.720001,98.815002,98.669998,98.800003,104028
2026-04-08 16:55:00+00:00,98.800003,98.945000,98.790001,98.860001,114263
2026-04-08 17:00:00+00:00,98.860001,98.989998,98.860001,98.900002,53078
2026-04-08 17:05:00+00:00,98.894997,98.980003,98.889999,98.910004,72843
2026-04-08 17:10:00+00:00,98.899399,98.955002,98.849998,98.882797,67899
2026-04-08 17:15:00+00:00,98.900002,98.909897,98.760002,98.775703,70667
2026-04-08 17:20:00+00:00,98.769997,98.830002,98.730003,98.775002,63307
2026-04-08 17:25:00+00:00,98.775002,98.790001,98.699997,98.699997,89329
2026-04-08 17:30:00+00:00,98.699997,98.769997,98.650002,98.695000,50817
2026-04-08 17:35:00+00:00,98.699997,98.809998,98.669998,98.690002,65795
2026-04-08 17:40:00+00:00,98.699997,98.735001,98.660004,98.720001,48404
2026-04-08 17:45:00+00:00,98.720100,98.745003,98.610001,98.610001,53896
2026-04-08 17:50:00+00:00,98.614998,98.820000,98.614998,98.805000,49038
2026-04-08 17:55:00+00:00,98.805000,98.805000,98.750000,98.779999,43329
2026-04-08 18:00:00+00:00,98.769997,98.889999,98.750000,98.889999,50709
2026-04-08 18:05:00+00:00,98.889999,98.955002,98.864998,98.945000,107434
2026-04-08 18:10:00+00:00,98.945000,99.070000,98.910004,99.029999,148313
2026-04-08 18:15:00+00:00,99.039703,99.084999,98.820000,98.865097,71015
2026-04-08 18:20:00+00:00,98.849998,98.955002,98.849998,98.919998,58599
2026-04-08 18:25:00+00:00,98.919998,99.000000,98.879997,98.964996,48383
2026-04-08 18:30:00+00:00,98.964996,99.050003,98.964996,99.010002,49847
2026-04-08 18:35:00+00:00,99.010002,99.059998,99.000000,99.049896,50510
2026-04-08 18:40:00+00:00,99.050003,99.050003,98.959999,98.970001,68253
2026-04-08 18:45:00+00:00,98.970001,99.019997,98.940002,98.940002,56027
2026-04-08 18:50:00+00:00,98.930000,98.940002,98.870003,98.930000,71135
2026-04-08 18:55:00+00:00,98.915001,98.915001,98.809998,98.855003,71871
2026-04-08 19:00:00+00:00,98.849998,98.930000,98.839996,98.859901,80585
2026-04-08 19:05:00+00:00,98.849998,98.879997,98.809998,98.862503,54474
2026-04-08 19:10:00+00:00,98.875000,99.019997,98.871696,99.010002,85559
2026-04-08 19:15:00+00:00,99.010002,99.035004,98.779999,98.830002,88007
2026-04-08 19:20:00+00:00,98.830002,98.849998,98.680000,98.739998,113394
2026-04-08 19:25:00+00:00,98.750000,98.790001,98.705002,98.709999,114774
2026-04-08 19:30:00+00:00,98.709999,98.864998,98.709999,98.860001,102946
2026-04-08 19:35:00+00:00,98.864998,98.940002,98.830002,98.870003,316280
2026-04-08 19:40:00+00:00,98.875000,98.915001,98.720001,98.830002,171012
2026-04-08 19:45:00+00:00,98.820000,99.025002,98.820000,99.010002,213977
2026-04-08 19:50:00+00:00,99.029999,99.040001,98.919998,98.964996,219159
2026-04-08 19:55:00+00:00,98.959999,99.190002,98.860001,99.180000,695560
2026-04-09 13:30:00+00:00,98.660004,98.762802,97.959999,98.010002,206715
2026-04-09 13:35:00+00:00,97.995003,98.269997,97.800003,98.269997,84465
2026-04-09 13:40:00+00:00,98.265877,98.360001,97.930000,97.930000,136528
2026-04-09 13:45:00+00:00,97.949997,97.990898,97.709999,97.839996,120771
2026-04-09 13:50:00+00:00,97.820000,97.900002,97.690002,97.720001,85139
2026-04-09 13:55:00+00:00,97.720001,98.084999,97.720001,97.959999,109688
2026-04-09 14:00:00+00:00,97.980003,97.989998,97.675003,97.849998,92885
2026-04-09 14:05:00+00:00,97.860001,98.019997,97.849998,98.000000,46800
2026-04-09 14:10:00+00:00,97.980003,98.264999,97.970001,98.235001,115168
2026-04-09 14:15:00+00:00,98.230003,98.299896,98.050003,98.276802,80558
2026-04-09 14:20:00+00:00,98.285004,98.320000,98.175003,98.189903,60198
2026-04-09 14:25:00+00:00,98.169998,98.370003,98.099998,98.195000,141045
2026-04-09 14:30:00+00:00,98.180000,98.459999,98.160004,98.400002,85658
2026-04-09 14:35:00+00:00,98.400002,98.400002,98.209999,98.349998,90781
2026-04-09 14:40:00+00:00,98.339996,98.660004,98.330002,98.559998,159914
2026-04-09 14:45:00+00:00,98.550003,98.820000,98.510002,98.569298,246630
2026-04-09 14:50:00+00:00,98.559998,98.635002,98.459999,98.495003,194857
2026-04-09 14:55:00+00:00,98.489998,98.514999,98.379997,98.464996,47354
2026-04-09 15:00:00+00:00,98.449997,98.480003,98.165001,98.269997,90578
2026-04-09 15:05:00+00:00,98.290001,98.375000,98.220001,98.290001,43047
2026-04-09 15:10:00+00:00,98.290001,98.330002,98.269997,98.309998,58093
2026-04-09 15:15:00+00:00,98.300003,98.360001,98.239998,98.360001,84325
2026-04-09 15:20:00+00:00,98.349998,98.389999,98.269997,98.349998,85804
2026-04-09 15:25:00+00:00,98.339996,98.352203,98.230003,98.230003,45697
2026-04-09 15:30:00+00:00,98.220001,98.480003,98.160004,98.379997,161764
2026-04-09 15:35:00+00:00,98.400002,98.577499,98.320000,98.415001,128080
2026-04-09 15:40:00+00:00,98.423500,98.589996,98.423500,98.570000,99889
2026-04-09 15:45:00+00:00,98.550003,98.669899,98.514999,98.580002,41531
2026-04-09 15:50:00+00:00,98.559998,98.629997,98.540001,98.570000,45983
2026-04-09 15:55:00+00:00,98.570000,98.610001,98.449997,98.459999,68840
2026-04-09 16:00:00+00:00,98.470001,98.764999,98.470001,98.669998,91618
2026-04-09 16:05:00+00:00,98.669998,98.839996,98.625000,98.839996,225339
2026-04-09 16:10:00+00:00,98.820000,98.940002,98.820000,98.860001,50858
2026-04-09 16:15:00+00:00,98.860001,99.150002,98.849998,99.129997,147372
2026-04-09 16:20:00+00:00,99.121201,99.169998,99.000000,99.000000,47201
2026-04-09 16:25:00+00:00,98.989998,99.059998,98.919998,98.989998,98678
2026-04-09 16:30:00+00:00,99.000000,99.123802,98.930099,98.959999,120957
2026-04-09 16:35:00+00:00,98.959999,99.040001,98.760002,98.839996,73630
2026-04-09 16:40:00+00:00,98.860001,98.889999,98.809998,98.860001,37596
2026-04-09 16:45:00+00:00,98.849998,98.949997,98.800003,98.949997,83359
2026-04-09 16:50:00+00:00,98.959999,99.129997,98.959999,99.025002,46298
2026-04-09 16:55:00+00:00,99.014999,99.035004,98.934998,98.970001,62306
2026-04-09 17:00:00+00:00,98.980003,99.190002,98.970001,99.139999,101913
2026-04-09 17:05:00+00:00,99.150002,99.239998,99.050003,99.209999,105297
2026-04-09 17:10:00+00:00,99.220001,99.220001,99.089996,99.150002,45363
2026-04-09 17:15:00+00:00,99.160004,99.330002,99.160004,99.330002,65186
2026-04-09 17:20:00+00:00,99.339996,99.410004,99.339996,99.360001,58261
2026-04-09 17:25:00+00:00,99.360001,99.385002,99.309998,99.349998,53170
2026-04-09 17:30:00+00:00,99.345001,99.360001,99.300003,99.347298,46440
2026-04-09 17:35:00+00:00,99.345001,99.464996,99.330002,99.455002,54733
2026-04-09 17:40:00+00:00,99.449997,99.495003,99.430000,99.460098,64970
2026-04-09 17:45:00+00:00,99.459999,99.675102,99.459999,99.605003,158730
2026-04-09 17:50:00+00:00,99.599998,99.610001,99.540001,99.559998,41457
2026-04-09 17:55:00+00:00,99.570000,99.574997,99.510002,99.540001,40964
2026-04-09 18:00:00+00:00,99.540001,99.540001,99.290001,99.290001,62101
2026-04-09 18:05:00+00:00,99.290001,99.430000,99.290001,99.339996,85065
2026-04-09 18:10:00+00:00,99.339996,99.370003,99.230003,99.269997,52107
2026-04-09 18:15:00+00:00,99.269997,99.415001,99.214996,99.355003,69108
2026-04-09 18:20:00+00:00,99.360001,99.430000,99.339996,99.419998,79874
2026-04-09 18:25:00+00:00,99.419998,99.644997,99.410004,99.629997,83993
2026-04-09 18:30:00+00:00,99.639999,99.669998,99.600601,99.610001,51092
2026-04-09 18:35:00+00:00,99.620003,99.650002,99.580002,99.629997,71484
2026-04-09 18:40:00+00:00,99.620003,99.665001,99.599998,99.620003,58677
2026-04-09 18:45:00+00:00,99.639999,99.714996,99.629997,99.645103,51662
2026-04-09 18:50:00+00:00,99.644997,99.654999,99.529999,99.599998,41966
2026-04-09 18:55:00+00:00,99.595001,99.730003,99.589996,99.705002,107637
2026-04-09 19:00:00+00:00,99.709999,99.779999,99.680000,99.769997,81579
2026-04-09 19:05:00+00:00,99.779999,99.940002,99.760002,99.930000,160963
2026-04-09 19:10:00+00:00,99.932701,100.040001,99.920197,99.959999,142360
2026-04-09 19:15:00+00:00,99.959999,100.059898,99.959999,100.000000,112708
2026-04-09 19:20:00+00:00,99.980003,100.084999,99.900002,100.074997,72490
2026-04-09 19:25:00+00:00,100.074203,100.080002,99.989998,99.989998,87357
2026-04-09 19:30:00+00:00,100.000000,100.224998,100.000000,100.125000,85273
2026-04-09 19:35:00+00:00,100.129997,100.160004,100.070000,100.125000,73390
2026-04-09 19:40:00+00:00,100.120003,100.120003,100.019997,100.099998,92379
2026-04-09 19:45:00+00:00,100.089996,100.154999,99.949997,99.959999,130060
2026-04-09 19:50:00+00:00,99.970001,100.110001,99.910004,100.040001,179223
2026-04-09 19:55:00+00:00,100.019997,100.019997,99.779999,99.779999,468391
2026-04-10 13:30:00+00:00,99.839996,100.158203,99.419998,99.610001,173615
2026-04-10 13:35:00+00:00,99.629997,99.769997,99.419998,99.738899,79803
2026-04-10 13:40:00+00:00,99.791458,99.900002,99.640999,99.680000,54105
2026-04-10 13:45:00+00:00,99.690002,99.699997,99.379997,99.440002,70917
2026-04-10 13:50:00+00:00,99.412003,99.540001,99.199997,99.480003,95715
2026-04-10 13:55:00+00:00,99.480003,99.656998,99.419998,99.656998,81731
2026-04-10 14:00:00+00:00,99.629997,99.750000,99.570000,99.709999,114247
2026-04-10 14:05:00+00:00,99.720001,99.800003,99.595001,99.595001,43335
2026-04-10 14:10:00+00:00,99.595001,99.708504,99.550003,99.650002,46732
2026-04-10 14:15:00+00:00,99.639999,99.730003,99.589996,99.639801,38958
2026-04-10 14:20:00+00:00,99.629997,99.775002,99.620003,99.650002,61071
2026-04-10 14:25:00+00:00,99.660004,99.820000,99.629997,99.785004,45292
2026-04-10 14:30:00+00:00,99.779999,99.779999,99.580002,99.629997,55814
2026-04-10 14:35:00+00:00,99.620003,99.639999,99.519997,99.519997,43779
2026-04-10 14:40:00+00:00,99.519997,99.639999,99.440002,99.535103,51793
2026-04-10 14:45:00+00:00,99.510002,99.559998,99.430000,99.430000,46568
2026-04-10 14:50:00+00:00,99.430000,99.440002,99.264999,99.379997,66873
2026-04-10 14:55:00+00:00,99.389999,99.400002,99.279999,99.290001,65077
2026-04-10 15:00:00+00:00,99.279999,99.290001,99.120003,99.230003,105390
2026-04-10 15:05:00+00:00,99.239998,99.370003,99.180000,99.339996,67307
2026-04-10 15:10:00+00:00,99.330101,99.389999,99.300003,99.349998,53145
2026-04-10 15:15:00+00:00,99.349998,99.364998,99.245003,99.250000,59986
2026-04-10 15:20:00+00:00,99.239998,99.269997,99.169998,99.220001,47932
2026-04-10 15:25:00+00:00,99.205002,99.239998,99.169998,99.200104,49022
2026-04-10 15:30:00+00:00,99.209999,99.240997,99.150002,99.180000,48999
2026-04-10 15:35:00+00:00,99.180000,99.230003,99.120003,99.120003,64964
2026-04-10 15:40:00+00:00,99.110001,99.110001,99.035004,99.050003,36331
2026-04-10 15:45:00+00:00,99.040001,99.099998,98.989998,99.000000,51832
2026-04-10 15:50:00+00:00,99.005096,99.050003,98.989998,99.004997,50169
2026-04-10 15:55:00+00:00,99.000000,99.050003,98.974998,99.004997,38262
2026-04-10 16:00:00+00:00,99.010002,99.120003,98.974998,99.080002,48397
2026-04-10 16:05:00+00:00,99.089996,99.110001,99.050102,99.070999,33999
2026-04-10 16:10:00+00:00,99.074997,99.144997,99.070000,99.120003,40616
2026-04-10 16:15:00+00:00,99.114998,99.239998,99.114998,99.230003,43415
2026-04-10 16:20:00+00:00,99.224998,99.224998,99.125000,99.154999,29745
2026-04-10 16:25:00+00:00,99.154999,99.154999,99.080002,99.114998,34903
2026-04-10 16:30:00+00:00,99.110001,99.120003,99.040001,99.084999,30492
2026-04-10 16:35:00+00:00,99.070000,99.070000,99.000000,99.004997,28635
2026-04-10 16:40:00+00:00,99.000000,99.025002,98.970001,98.980003,35598
2026-04-10 16:45:00+00:00,98.985001,99.044998,98.959999,99.019997,41530
2026-04-10 16:50:00+00:00,99.040001,99.110001,99.029999,99.074997,36179
2026-04-10 16:55:00+00:00,99.080002,99.110001,99.050301,99.105003,29979
2026-04-10 17:00:00+00:00,99.110001,99.139999,99.019997,99.059998,49670
2026-04-10 17:05:00+00:00,99.059998,99.129997,99.044998,99.080002,37629
2026-04-10 17:10:00+00:00,99.070000,99.154999,99.055000,99.120003,44265
2026-04-10 17:15:00+00:00,99.129997,99.180000,99.105003,99.154999,45163
2026-04-10 17:20:00+00:00,99.154999,99.190002,99.154999,99.175003,42481
2026-04-10 17:25:00+00:00,99.175003,99.209999,99.080002,99.080002,54228
2026-04-10 17:30:00+00:00,99.080002,99.114998,99.025002,99.050003,39328
2026-04-10 17:35:00+00:00,99.044998,99.079903,99.019997,99.040001,40185
2026-04-10 17:40:00+00:00,99.035004,99.139999,99.019997,99.065002,59916
2026-04-10 17:45:00+00:00,99.065002,99.139999,99.029999,99.105003,38933
2026-04-10 17:50:00+00:00,99.105003,99.135002,99.050003,99.129997,36071
2026-04-10 17:55:00+00:00,99.129997,99.139999,99.114998,99.129997,33739
2026-04-10 18:00:00+00:00,99.129997,99.129997,99.059998,99.105003,33451
2026-04-10 18:05:00+00:00,99.109703,99.269997,99.095001,99.224998,53892
2026-04-10 18:10:00+00:00,99.224998,99.269997,99.198219,99.239998,50403
2026-04-10 18:15:00+00:00,99.250000,99.419998,99.250000,99.394997,98628
2026-04-10 18:20:00+00:00,99.379997,99.389999,99.292000,99.345001,44767
2026-04-10 18:25:00+00:00,99.339996,99.394997,99.339996,99.349998,44773
2026-04-10 18:30:00+00:00,99.360001,99.360001,99.290001,99.294998,34859
2026-04-10 18:35:00+00:00,99.290001,99.339996,99.230003,99.275002,66223
2026-04-10 18:40:00+00:00,99.275002,99.275002,99.175003,99.214996,40793
2026-04-10 18:45:00+00:00,99.214996,99.219002,99.180000,99.184998,42579
2026-04-10 18:50:00+00:00,99.180199,99.180199,99.110001,99.139999,68791
2026-04-10 18:55:00+00:00,99.139999,99.139999,99.019997,99.099998,131226
2026-04-10 19:00:00+00:00,99.089996,99.098602,98.855003,99.059998,129591
2026-04-10 19:05:00+00:00,99.055000,99.055000,98.970001,99.000000,35460
2026-04-10 19:10:00+00:00,98.959999,99.019997,98.955002,99.014999,53252
2026-04-10 19:15:00+00:00,99.014999,99.019997,98.980003,98.995003,48382
2026-04-10 19:20:00+00:00,99.000000,99.050003,98.934998,99.014999,122412
2026-04-10 19:25:00+00:00,99.010002,99.070000,98.980003,99.070000,68305
2026-04-10 19:30:00+00:00,99.074997,99.080002,99.035004,99.044998,77899
2026-04-10 19:35:00+00:00,99.040100,99.044998,98.930000,98.959999,89740
2026-04-10 19:40:00+00:00,98.959999,98.959999,98.830002,98.845001,148672
2026-04-10 19:45:00+00:00,98.839996,98.930000,98.815002,98.889999,173346
2026-04-10 19:50:00+00:00,98.879997,98.970001,98.839996,98.845001,229080
2026-04-10 19:55:00+00:00,98.849998,99.180000,98.849998,99.160004,472952
2026-04-13 13:30:00+00:00,98.529999,99.110001,98.529999,99.099998,201030
2026-04-13 13:35:00+00:00,99.070000,99.110001,98.870003,99.065002,61240
2026-04-13 13:40:00+00:00,99.070000,99.074997,98.849998,98.959999,71924
2026-04-13 13:45:00+00:00,98.964996,99.349998,98.880798,99.330002,48424
2026-04-13 13:50:00+00:00,99.339996,99.459999,99.000000,99.014999,42738
2026-04-13 13:55:00+00:00,99.059998,99.449997,99.019997,99.400002,45082
2026-04-13 14:00:00+00:00,99.389999,99.459999,99.334999,99.410004,59240
2026-04-13 14:05:00+00:00,99.419998,99.529900,99.320000,99.449997,47794
2026-04-13 14:10:00+00:00,99.440002,99.510002,99.360001,99.377701,59583
2026-04-13 14:15:00+00:00,99.379997,99.379997,99.260002,99.261002,39581
2026-04-13 14:20:00+00:00,99.324997,99.389999,99.260002,99.335098,48864
2026-04-13 14:25:00+00:00,99.330002,99.489998,99.330002,99.410004,97497
2026-04-13 14:30:00+00:00,99.415001,99.665001,99.415001,99.599998,60737
2026-04-13 14:35:00+00:00,99.595001,99.650002,99.529999,99.639999,51743
2026-04-13 14:40:00+00:00,99.630302,99.639999,99.574997,99.589996,46607
2026-04-13 14:45:00+00:00,99.595001,99.720001,99.570000,99.665001,80182
2026-04-13 14:50:00+00:00,99.665001,99.830002,99.629997,99.830002,51575
2026-04-13 14:55:00+00:00,99.815002,100.139999,99.809998,100.110001,117716
2026-04-13 15:00:00+00:00,100.119904,100.125000,99.949997,100.059998,105416
2026-04-13 15:05:00+00:00,100.059998,100.105003,99.974998,100.085098,81721
2026-04-13 15:10:00+00:00,100.089996,100.160004,100.014999,100.059998,60465
2026-04-13 15:15:00+00:00,100.059196,100.084999,99.925003,99.930000,55959
2026-04-13 15:20:00+00:00,99.940002,99.980003,99.919998,99.919998,48468
2026-04-13 15:25:00+00:00,99.930000,99.945000,99.889999,99.940002,44114
2026-04-13 15:30:00+00:00,99.949997,99.959999,99.860001,99.900002,45159
2026-04-13 15:35:00+00:00,99.910004,100.010002,99.864998,99.985001,52609
2026-04-13 15:40:00+00:00,99.989998,100.059998,99.980003,100.059998,36632
2026-04-13 15:45:00+00:00,100.050003,100.150002,100.040001,100.150002,28717
2026-04-13 15:50:00+00:00,100.150002,100.239998,100.125000,100.239998,32499
2026-04-13 15:55:00+00:00,100.235001,100.239998,100.180099,100.230003,52828
2026-04-13 16:00:00+00:00,100.239998,100.279999,100.184998,100.235001,41561
2026-04-13 16:05:00+00:00,100.230003,100.459999,100.230003,100.410004,66891
2026-04-13 16:10:00+00:00,100.410004,100.650002,100.410004,100.620003,54764
2026-04-13 16:15:00+00:00,100.610001,100.730003,100.580803,100.675003,68236
2026-04-13 16:20:00+00:00,100.690002,100.760002,100.669998,100.709999,49716
2026-04-13 16:25:00+00:00,100.709999,100.849998,100.709999,100.849998,39287
2026-04-13 16:30:00+00:00,100.845001,100.970001,100.839996,100.894997,73456
2026-04-13 16:35:00+00:00,100.885002,101.040001,100.885002,100.919998,83155
2026-04-13 16:40:00+00:00,100.919998,100.964996,100.820000,100.910004,36162
2026-04-13 16:45:00+00:00,100.919998,100.974998,100.809998,100.940002,59686
2026-04-13 16:50:00+00:00,100.939903,101.059998,100.919998,101.019997,75149
2026-04-13 16:55:00+00:00,101.019997,101.040001,100.970100,101.019997,65330
2026-04-13 17:00:00+00:00,101.025002,101.120003,101.010002,101.115097,43087
2026-04-13 17:05:00+00:00,101.114998,101.129997,101.004997,101.014999,55475
2026-04-13 17:10:00+00:00,101.010002,101.105003,100.999901,101.050003,84793
2026-04-13 17:15:00+00:00,101.044998,101.074997,101.000000,101.029999,59927
2026-04-13 17:20:00+00:00,101.029999,101.035004,100.980003,101.014999,48527
2026-04-13 17:25:00+00:00,101.014999,101.160004,101.010002,101.160004,41421
2026-04-13 17:30:00+00:00,101.160004,101.269997,101.055000,101.055000,69170
2026-04-13 17:35:00+00:00,101.055000,101.080002,100.970001,101.070099,41966
2026-04-13 17:40:00+00:00,101.080002,101.089996,100.985001,101.025002,58284
2026-04-13 17:45:00+00:00,101.019997,101.099998,101.010002,101.099998,37863
2026-04-13 17:50:00+00:00,101.097298,101.097298,101.029999,101.059998,40315
2026-04-13 17:55:00+00:00,101.059998,101.120003,100.911499,101.095001,169612
2026-04-13 18:00:00+00:00,101.099998,101.160004,101.050003,101.129997,48540
2026-04-13 18:05:00+00:00,101.120003,101.135002,101.089996,101.124496,33005
2026-04-13 18:10:00+00:00,101.125000,101.175003,101.114998,101.125000,36362
2026-04-13 18:15:00+00:00,101.129997,101.150002,101.099998,101.110001,31531
2026-04-13 18:20:00+00:00,101.110001,101.169998,101.110001,101.129997,46931
2026-04-13 18:25:00+00:00,101.114998,101.160004,101.102501,101.150002,29638
2026-04-13 18:30:00+00:00,101.150002,101.180000,101.099998,101.110001,40110
2026-04-13 18:35:00+00:00,101.110001,101.144997,101.000000,101.010002,159553
2026-04-13 18:40:00+00:00,101.010002,101.110001,100.960197,101.089996,52512
2026-04-13 18:45:00+00:00,101.099998,101.139999,101.080002,101.129997,37633
2026-04-13 18:50:00+00:00,101.120003,101.190002,101.117302,101.175003,38083
2026-04-13 18:55:00+00:00,101.169998,101.175003,101.099998,101.129997,66974
2026-04-13 19:00:00+00:00,101.135002,101.169998,100.959999,100.970001,52483
2026-04-13 19:05:00+00:00,100.970001,100.970001,100.769997,100.779999,59644
2026-04-13 19:10:00+00:00,100.760002,100.860001,100.730003,100.794998,64521
2026-04-13 19:15:00+00:00,100.779999,100.839996,100.750000,100.764999,47919
2026-04-13 19:20:00+00:00,100.760002,100.841599,100.709999,100.820000,51813
2026-04-13 19:25:00+00:00,100.829903,100.855003,100.802002,100.849998,55304
2026-04-13 19:30:00+00:00,100.849998,100.940002,100.830002,100.860001,58379
2026-04-13 19:35:00+00:00,100.870003,100.999199,100.870003,100.900002,78745
2026-04-13 19:40:00+00:00,100.900002,100.934998,100.889999,100.919998,64634
2026-04-13 19:45:00+00:00,100.910004,100.940002,100.830002,100.860001,89117
2026-04-13 19:50:00+00:00,100.860001,101.129997,100.860001,101.095001,135954
2026-04-13 19:55:00+00:00,101.095001,101.180000,101.095001,101.150002,366370
2026-04-14 13:30:00+00:00,101.339996,102.004997,100.900002,101.900002,682154
2026-04-14 13:35:00+00:00,101.855003,102.239998,101.855003,102.180000,162464
2026-04-14 13:40:00+00:00,102.200302,102.200302,101.690002,101.730003,97064
2026-04-14 13:45:00+00:00,101.754997,101.769997,101.519997,101.769997,118832
2026-04-14 13:50:00+00:00,101.743347,101.764999,101.480003,101.762398,125139
2026-04-14 13:55:00+00:00,101.769997,101.959999,101.730003,101.860001,95593
2026-04-14 14:00:00+00:00,101.849998,101.959999,101.809998,101.864998,71032
2026-04-14 14:05:00+00:00,101.879204,102.040001,101.800003,102.040001,82442
2026-04-14 14:10:00+00:00,102.029999,102.119904,101.970001,102.084999,94823
2026-04-14 14:15:00+00:00,102.070000,102.169998,101.970100,102.165001,103200
2026-04-14 14:20:00+00:00,102.169998,102.175003,102.019997,102.019997,42486
2026-04-14 14:25:00+00:00,102.040001,102.120003,102.000000,102.000099,74636
2026-04-14 14:30:00+00:00,102.010002,102.099998,101.980003,102.099998,67704
2026-04-14 14:35:00+00:00,102.099998,102.169998,102.070000,102.129997,54161
2026-04-14 14:40:00+00:00,102.120003,102.139999,102.047501,102.129997,46231
2026-04-14 14:45:00+00:00,102.129997,102.269997,102.099998,102.150002,105990
2026-04-14 14:50:00+00:00,102.160004,102.190002,102.110001,102.180000,100859
2026-04-14 14:55:00+00:00,102.169998,102.309998,102.135002,102.269997,112515
2026-04-14 15:00:00+00:00,102.279999,102.324997,102.199997,102.239998,73233
2026-04-14 15:05:00+00:00,102.224998,102.264999,102.139999,102.214996,32854
2026-04-14 15:10:00+00:00,102.214996,102.419998,102.199997,102.260002,162079
2026-04-14 15:15:00+00:00,102.270798,102.324997,102.220001,102.290001,46056
2026-04-14 15:20:00+00:00,102.309998,102.529999,102.280098,102.480003,91136
2026-04-14 15:25:00+00:00,102.470001,102.589996,102.440002,102.550003,68393
2026-04-14 15:30:00+00:00,102.565002,102.570000,102.459999,102.519997,59928
2026-04-14 15:35:00+00:00,102.529999,102.529999,102.410004,102.415001,49103
2026-04-14 15:40:00+00:00,102.429901,102.489998,102.360001,102.445000,133027
2026-04-14 15:45:00+00:00,102.445000,102.540001,102.425003,102.440002,45481
2026-04-14 15:50:00+00:00,102.440002,102.629997,102.434998,102.588997,72320
2026-04-14 15:55:00+00:00,102.580002,102.699997,102.570000,102.670097,42506
2026-04-14 16:00:00+00:00,102.680000,102.830002,102.584999,102.779999,75002
2026-04-14 16:05:00+00:00,102.764999,102.764999,102.680000,102.720001,54474
2026-04-14 16:10:00+00:00,102.739998,102.739998,102.620003,102.669998,51661
2026-04-14 16:15:00+00:00,102.675003,102.790001,102.654999,102.779999,52921
2026-04-14 16:20:00+00:00,102.780098,102.830002,102.750000,102.775002,62616
2026-04-14 16:25:00+00:00,102.769997,102.794998,102.660004,102.660004,47149
2026-04-14 16:30:00+00:00,102.650002,102.690002,102.607101,102.620003,41364
2026-04-14 16:35:00+00:00,102.599998,102.619904,102.525002,102.525002,44604
2026-04-14 16:40:00+00:00,102.504997,102.535004,102.485001,102.510002,35772
2026-04-14 16:45:00+00:00,102.510002,102.525002,102.464996,102.480103,41464
2026-04-14 16:50:00+00:00,102.480003,102.489998,102.394997,102.445000,41436
2026-04-14 16:55:00+00:00,102.445000,102.610001,102.445000,102.605003,47848
2026-04-14 17:00:00+00:00,102.605003,102.675102,102.589996,102.625000,49776
2026-04-14 17:05:00+00:00,102.620003,102.709999,102.595001,102.630600,45026
2026-04-14 17:10:00+00:00,102.625000,102.669998,102.580002,102.644997,38178
2026-04-14 17:15:00+00:00,102.650002,102.680000,102.620003,102.635002,39880
2026-04-14 17:20:00+00:00,102.635002,102.660004,102.620003,102.639999,47441
2026-04-14 17:25:00+00:00,102.630096,102.665100,102.589996,102.610001,60524
2026-04-14 17:30:00+00:00,102.605003,102.699997,102.529999,102.555000,833038
2026-04-14 17:35:00+00:00,102.540001,102.610603,102.540001,102.559998,78113
2026-04-14 17:40:00+00:00,102.585098,102.599998,102.541801,102.559998,36990
2026-04-14 17:45:00+00:00,102.570000,102.595001,102.559998,102.587997,26481
2026-04-14 17:50:00+00:00,102.589996,102.610001,102.529999,102.540001,38930
2026-04-14 17:55:00+00:00,102.544998,102.570000,102.500000,102.570000,38528
2026-04-14 18:00:00+00:00,102.559998,102.690002,102.559998,102.689903,69158
2026-04-14 18:05:00+00:00,102.669998,102.709999,102.580002,102.620003,119331
2026-04-14 18:10:00+00:00,102.614998,102.669998,102.570000,102.660004,47894
2026-04-14 18:15:00+00:00,102.675003,102.675003,102.519997,102.580002,45181
2026-04-14 18:20:00+00:00,102.584999,102.584999,102.449997,102.449997,51041
2026-04-14 18:25:00+00:00,102.470001,102.514999,102.440002,102.485001,45749
2026-04-14 18:30:00+00:00,102.485001,102.610001,102.480003,102.489998,83846
2026-04-14 18:35:00+00:00,102.474998,102.610001,102.474998,102.605003,42892
2026-04-14 18:40:00+00:00,102.605003,102.690002,102.605003,102.629997,43307
2026-04-14 18:45:00+00:00,102.629997,102.709999,102.580002,102.709999,68743
2026-04-14 18:50:00+00:00,102.699997,102.820000,102.699997,102.800003,55834
2026-04-14 18:55:00+00:00,102.809998,102.930000,102.800003,102.919998,68324
2026-04-14 19:00:00+00:00,102.910500,102.980003,102.900002,102.970001,97729
2026-04-14 19:05:00+00:00,102.970001,102.980003,102.919701,102.929901,67386
2026-04-14 19:10:00+00:00,102.919998,103.070000,102.915001,103.055000,117855
2026-04-14 19:15:00+00:00,103.050003,103.099998,103.019997,103.029999,121446
2026-04-14 19:20:00+00:00,103.029999,103.070000,103.019997,103.070000,62404
2026-04-14 19:25:00+00:00,103.070000,103.074997,103.000000,103.014999,67731
2026-04-14 19:30:00+00:00,103.011002,103.059998,102.949997,102.964996,106524
2026-04-14 19:35:00+00:00,102.959999,102.959999,102.845001,102.889999,103628
2026-04-14 19:40:00+00:00,102.893501,102.989998,102.875000,102.919998,315875
2026-04-14 19:45:00+00:00,102.919998,102.925003,102.730003,102.750000,124066
2026-04-14 19:50:00+00:00,102.760002,102.889999,102.635002,102.805000,340179
2026-04-14 19:55:00+00:00,102.809998,102.830002,102.540001,102.595001,539228
2026-04-15 13:30:00+00:00,102.599998,103.089996,101.940002,102.300003,267402
2026-04-15 13:35:00+00:00,102.320000,102.949898,102.214996,102.620003,124678
2026-04-15 13:40:00+00:00,102.680000,102.879997,102.420998,102.489998,119390
2026-04-15 13:45:00+00:00,102.500000,102.830002,102.400002,102.650002,110828
2026-04-15 13:50:00+00:00,102.690002,102.839996,102.589996,102.839996,109786
2026-04-15 13:55:00+00:00,102.820000,102.839897,102.559998,102.660004,89302
2026-04-15 14:00:00+00:00,102.660004,102.690002,102.370003,102.379997,71510
2026-04-15 14:05:00+00:00,102.360001,102.519997,102.330002,102.380096,63228
2026-04-15 14:10:00+00:00,102.379997,102.500000,102.360001,102.434998,51283
2026-04-15 14:15:00+00:00,102.434998,102.470001,102.224998,102.279999,66049
2026-04-15 14:20:00+00:00,102.285004,102.360001,102.084999,102.120003,74272
2026-04-15 14:25:00+00:00,102.129997,102.254997,101.970001,102.025002,76170
2026-04-15 14:30:00+00:00,102.040001,102.099998,101.930000,102.040001,76362
2026-04-15 14:35:00+00:00,102.040001,102.099998,101.864998,101.889999,66143
2026-04-15 14:40:00+00:00,101.879997,101.930000,101.800003,101.820000,58667
2026-04-15 14:45:00+00:00,101.800003,101.919998,101.790001,101.910004,73811
2026-04-15 14:50:00+00:00,101.915001,102.089996,101.915001,101.980003,75551
2026-04-15 14:55:00+00:00,101.970001,102.040001,101.949997,101.970001,61869
2026-04-15 15:00:00+00:00,101.970001,102.065002,101.900002,102.010002,60106
2026-04-15 15:05:00+00:00,102.010002,102.049896,101.930000,102.029999,47645
2026-04-15 15:10:00+00:00,102.040001,102.139999,102.040001,102.099998,44089
2026-04-15 15:15:00+00:00,102.110001,102.260002,102.110001,102.239998,47803
2026-04-15 15:20:00+00:00,102.250000,102.300003,102.230003,102.285004,57324
2026-04-15 15:25:00+00:00,102.290001,102.389999,102.290001,102.339996,48934
2026-04-15 15:30:00+00:00,102.330002,102.339996,102.250000,102.315002,55589
2026-04-15 15:35:00+00:00,102.330002,102.410004,102.300003,102.400002,46250
2026-04-15 15:40:00+00:00,102.404999,102.410004,102.250000,102.290001,44544
2026-04-15 15:45:00+00:00,102.290001,102.309898,102.220001,102.294998,41926
2026-04-15 15:50:00+00:00,102.285004,102.349998,102.285004,102.309998,42229
2026-04-15 15:55:00+00:00,102.309998,102.422501,102.309998,102.410004,76462
2026-04-15 16:00:00+00:00,102.419998,102.589996,102.360001,102.565002,60969
2026-04-15 16:05:00+00:00,102.559998,102.610001,102.519997,102.570000,81810
2026-04-15 16:10:00+00:00,102.570000,102.739998,102.540001,102.709999,93587
2026-04-15 16:15:00+00:00,102.699997,103.040001,102.690002,103.019997,103073
2026-04-15 16:20:00+00:00,103.010002,103.080002,102.925003,102.925003,65369
2026-04-15 16:25:00+00:00,102.930000,102.975098,102.889999,102.974998,48816
2026-04-15 16:30:00+00:00,102.974998,103.029999,102.940002,102.970001,56849
2026-04-15 16:35:00+00:00,102.960098,102.980003,102.940002,102.945000,44923
2026-04-15 16:40:00+00:00,102.940002,102.940002,102.809998,102.860001,63286
2026-04-15 16:45:00+00:00,102.849998,102.964996,102.839996,102.959999,37775
2026-04-15 16:50:00+00:00,102.970001,103.059998,102.970001,103.035004,94397
2026-04-15 16:55:00+00:00,103.050003,103.059998,102.970001,103.025002,59256
2026-04-15 17:00:00+00:00,103.025002,103.029999,102.949997,102.985001,40830
2026-04-15 17:05:00+00:00,102.970001,103.029999,102.945000,102.959999,44283
2026-04-15 17:10:00+00:00,102.959999,103.000000,102.930000,102.970100,51573
2026-04-15 17:15:00+00:00,102.970001,103.000000,102.940002,102.949997,59866
2026-04-15 17:20:00+00:00,102.949997,103.070000,102.900002,103.029999,74171
2026-04-15 17:25:00+00:00,103.019997,103.099998,103.010002,103.080002,46477
2026-04-15 17:30:00+00:00,103.084999,103.129997,103.070297,103.110001,64328
2026-04-15 17:35:00+00:00,103.110001,103.184998,103.105003,103.160004,43894
2026-04-15 17:40:00+00:00,103.160004,103.160004,103.029999,103.029999,45916
2026-04-15 17:45:00+00:00,103.035004,103.065002,103.000397,103.019997,34163
2026-04-15 17:50:00+00:00,103.019997,103.095001,103.010002,103.040001,39230
2026-04-15 17:55:00+00:00,103.050003,103.139900,103.010002,103.019997,47519
2026-04-15 18:00:00+00:00,103.025703,103.190002,103.019997,103.120003,70443
2026-04-15 18:05:00+00:00,103.139999,103.269997,103.139999,103.242500,86949
2026-04-15 18:10:00+00:00,103.239998,103.279999,103.184998,103.184998,46844
2026-04-15 18:15:00+00:00,103.199997,103.209999,103.144997,103.165001,31257
2026-04-15 18:20:00+00:00,103.165001,103.230003,103.110001,103.183998,36948
2026-04-15 18:25:00+00:00,103.180000,103.180000,103.099998,103.110001,39950
2026-04-15 18:30:00+00:00,103.099998,103.169998,103.095001,103.160004,41776
2026-04-15 18:35:00+00:00,103.160004,103.190002,103.050003,103.120102,48095
2026-04-15 18:40:00+00:00,103.120003,103.139999,103.080002,103.080002,26173
2026-04-15 18:45:00+00:00,103.080002,103.230003,103.059998,103.225098,100524
2026-04-15 18:50:00+00:00,103.230003,103.245003,103.139999,103.210403,67567
2026-04-15 18:55:00+00:00,103.209999,103.290001,103.199997,103.250000,75070
2026-04-15 19:00:00+00:00,103.239998,103.279999,103.169998,103.264999,32844
2026-04-15 19:05:00+00:00,103.250000,103.253998,103.110001,103.120003,55576
2026-04-15 19:10:00+00:00,103.110100,103.205002,103.080002,103.095001,85379
2026-04-15 19:15:00+00:00,103.089996,103.165001,103.089996,103.089996,46168
2026-04-15 19:20:00+00:00,103.089996,103.220001,103.059998,103.199997,48643
2026-04-15 19:25:00+00:00,103.199997,103.230003,103.139999,103.150002,55511
2026-04-15 19:30:00+00:00,103.150002,103.260002,103.129997,103.150002,123198
2026-04-15 19:35:00+00:00,103.169998,103.239998,103.150002,103.180099,104661
2026-04-15 19:40:00+00:00,103.199997,103.330002,103.180000,103.309998,83313
2026-04-15 19:45:00+00:00,103.300003,103.375000,103.279999,103.290001,67065
2026-04-15 19:50:00+00:00,103.290001,103.370003,103.239998,103.269997,149615
2026-04-15 19:55:00+00:00,103.260002,103.269997,103.010002,103.050003,391752
2026-04-16 13:30:00+00:00,103.620003,104.529999,103.430000,104.031197,289334
2026-04-16 13:35:00+00:00,104.089996,104.290001,103.949997,104.199997,79703
2026-04-16 13:40:00+00:00,104.169998,104.205002,103.717796,103.769997,84654
2026-04-16 13:45:00+00:00,103.800003,103.875000,103.605003,103.860001,52591
2026-04-16 13:50:00+00:00,103.860001,103.900002,103.540001,103.580002,102846
2026-04-16 13:55:00+00:00,103.570000,103.589996,103.340103,103.449997,113001
2026-04-16 14:00:00+00:00,103.459999,103.489998,103.227303,103.300003,98142
2026-04-16 14:05:00+00:00,103.290001,103.339996,103.051903,103.080002,87617
2026-04-16 14:10:00+00:00,103.070000,103.110001,102.919998,103.019997,115471
2026-04-16 14:15:00+00:00,103.019997,103.129997,102.849998,102.849998,73962
2026-04-16 14:20:00+00:00,102.849998,102.949997,102.839996,102.910004,66666
2026-04-16 14:25:00+00:00,102.904999,102.989998,102.868042,102.989998,75263
2026-04-16 14:30:00+00:00,102.980003,103.025002,102.850098,102.919998,127914
2026-04-16 14:35:00+00:00,102.910004,102.949997,102.779999,102.849998,120086
2026-04-16 14:40:00+00:00,102.849998,102.959999,102.805000,102.955002,92975
2026-04-16 14:45:00+00:00,102.959999,103.139999,102.930000,103.129997,53999
2026-04-16 14:50:00+00:00,103.139999,103.184998,103.099998,103.169998,53986
2026-04-16 14:55:00+00:00,103.180000,103.230003,103.131897,103.180000,49036
2026-04-16 15:00:00+00:00,103.184998,103.184998,103.040001,103.095001,72610
2026-04-16 15:05:00+00:00,103.090302,103.109001,102.985001,103.059998,83315
2026-04-16 15:10:00+00:00,103.065002,103.279999,103.050003,103.260002,44073
2026-04-16 15:15:00+00:00,103.254997,103.379997,103.239998,103.360001,86960
2026-04-16 15:20:00+00:00,103.364998,103.489998,103.364998,103.459999,98989
2026-04-16 15:25:00+00:00,103.480003,103.514999,103.394997,103.459999,96912
2026-04-16 15:30:00+00:00,103.449997,103.559998,103.389999,103.389999,71740
2026-04-16 15:35:00+00:00,103.389999,103.610001,103.360001,103.510101,65378
2026-04-16 15:40:00+00:00,103.510002,103.565102,103.471497,103.525002,40423
2026-04-16 15:45:00+00:00,103.529999,103.629997,103.480003,103.530098,41743
2026-04-16 15:50:00+00:00,103.540001,103.639999,103.540001,103.605003,45206
2026-04-16 15:55:00+00:00,103.610001,103.644997,103.589996,103.644997,38250
2026-04-16 16:00:00+00:00,103.650002,103.769997,103.644997,103.730003,97441
2026-04-16 16:05:00+00:00,103.739998,103.879997,103.709999,103.809998,159551
2026-04-16 16:10:00+00:00,103.809998,103.860001,103.730003,103.849998,52803
2026-04-16 16:15:00+00:00,103.855003,103.980003,103.855003,103.964996,51145
2026-04-16 16:20:00+00:00,103.964996,104.004997,103.934998,103.980003,50407
2026-04-16 16:25:00+00:00,103.970001,104.084999,103.945000,104.051003,53368
2026-04-16 16:30:00+00:00,104.050003,104.050003,103.680000,103.699997,92271
2026-04-16 16:35:00+00:00,103.680000,103.849998,103.680000,103.739998,29683
2026-04-16 16:40:00+00:00,103.735001,103.815002,103.735001,103.815002,55311
2026-04-16 16:45:00+00:00,103.820000,103.870003,103.790001,103.820000,40101
2026-04-16 16:50:00+00:00,103.820000,103.845100,103.680000,103.690002,42834
2026-04-16 16:55:00+00:00,103.697701,103.709999,103.639999,103.639999,35574
2026-04-16 17:00:00+00:00,103.650002,103.669998,103.580002,103.599998,43343
2026-04-16 17:05:00+00:00,103.584999,103.584999,103.495003,103.559998,56058
2026-04-16 17:10:00+00:00,103.559998,103.709999,103.559998,103.650002,54838
2026-04-16 17:15:00+00:00,103.650002,103.680000,103.590500,103.595001,58102
2026-04-16 17:20:00+00:00,103.589996,103.629997,103.540001,103.629898,47340
2026-04-16 17:25:00+00:00,103.625000,103.690002,103.610001,103.650101,105927
2026-04-16 17:30:00+00:00,103.660004,103.760002,103.660004,103.730003,25490
2026-04-16 17:35:00+00:00,103.730003,103.779999,103.650002,103.769997,72469
2026-04-16 17:40:00+00:00,103.769997,103.800003,103.754997,103.760002,73171
2026-04-16 17:45:00+00:00,103.760002,103.769997,103.709999,103.739998,39657
2026-04-16 17:50:00+00:00,103.749901,103.760002,103.720001,103.724998,47308
2026-04-16 17:55:00+00:00,103.724998,103.750000,103.590103,103.699997,88487
2026-04-16 18:00:00+00:00,103.720001,103.879997,103.699997,103.824097,57088
2026-04-16 18:05:00+00:00,103.820000,103.900002,103.820000,103.879997,40292
2026-04-16 18:10:00+00:00,103.889999,103.970001,103.830002,103.959999,43487
2026-04-16 18:15:00+00:00,103.959999,104.004997,103.896172,103.930000,83511
2026-04-16 18:20:00+00:00,103.925003,103.934998,103.790001,103.790001,66622
2026-04-16 18:25:00+00:00,103.800003,103.839996,103.739998,103.785004,90430
2026-04-16 18:30:00+00:00,103.785004,103.889999,103.750000,103.864998,131980
2026-04-16 18:35:00+00:00,103.870003,103.900002,103.815002,103.815002,66382
2026-04-16 18:40:00+00:00,103.815002,103.885002,103.760002,103.885002,36733
2026-04-16 18:45:00+00:00,103.885002,103.910004,103.820000,103.860001,69461
2026-04-16 18:50:00+00:00,103.870003,103.910004,103.830101,103.860001,65162
2026-04-16 18:55:00+00:00,103.849998,103.889999,103.809998,103.870003,72414
2026-04-16 19:00:00+00:00,103.879997,103.970001,103.860001,103.930000,59158
2026-04-16 19:05:00+00:00,103.930000,104.135002,103.915001,104.125000,51159
2026-04-16 19:10:00+00:00,104.122498,104.160004,103.919998,103.925003,83169
2026-04-16 19:15:00+00:00,103.949997,104.089996,103.934998,104.070000,75719
2026-04-16 19:20:00+00:00,104.050003,104.070000,103.974998,104.029999,81413
2026-04-16 19:25:00+00:00,104.029999,104.046097,103.985001,103.985001,49508
2026-04-16 19:30:00+00:00,103.995003,104.125000,103.949997,104.125000,131116
2026-04-16 19:35:00+00:00,104.125000,104.220001,104.099998,104.220001,117540
2026-04-16 19:40:00+00:00,104.209999,104.360001,104.209999,104.300003,94376
2026-04-16 19:45:00+00:00,104.300003,104.324997,104.190002,104.269997,231042
2026-04-16 19:50:00+00:00,104.269997,104.330002,104.235001,104.315002,192151
2026-04-16 19:55:00+00:00,104.320000,104.379997,103.900002,103.904999,583950
2026-04-17 13:30:00+00:00,104.684998,105.680000,104.684998,105.129997,973250
2026-04-17 13:35:00+00:00,105.188400,105.294998,104.970001,105.070000,130041
2026-04-17 13:40:00+00:00,105.053238,105.099998,104.730003,104.839996,207265
2026-04-17 13:45:00+00:00,104.839996,105.106003,104.709999,104.910004,183413
2026-04-17 13:50:00+00:00,104.885002,105.224998,104.850998,105.224998,74774
2026-04-17 13:55:00+00:00,105.209999,105.455002,105.180000,105.294998,94570
2026-04-17 14:00:00+00:00,105.260002,105.519997,105.239998,105.480103,160893
2026-04-17 14:05:00+00:00,105.495003,105.529999,105.370003,105.519997,111833
2026-04-17 14:10:00+00:00,105.529999,105.550003,105.339996,105.382408,94710
2026-04-17 14:15:00+00:00,105.385002,105.540001,105.385002,105.489998,70510
2026-04-17 14:20:00+00:00,105.470001,105.550003,105.440002,105.504997,54713
2026-04-17 14:25:00+00:00,105.489998,105.550003,105.400002,105.434998,91934
2026-04-17 14:30:00+00:00,105.434998,105.550003,105.300003,105.489998,70480
2026-04-17 14:35:00+00:00,105.510002,105.550003,105.394997,105.464104,121955
2026-04-17 14:40:00+00:00,105.480003,105.629997,105.440002,105.614998,90642
2026-04-17 14:45:00+00:00,105.614998,105.614998,105.459999,105.570000,65081
2026-04-17 14:50:00+00:00,105.570000,105.800003,105.519997,105.785004,92959
2026-04-17 14:55:00+00:00,105.769997,105.769997,105.650002,105.660004,52107
2026-04-17 15:00:00+00:00,105.650002,106.099998,105.650002,106.084999,189576
2026-04-17 15:05:00+00:00,106.080002,106.205002,106.059998,106.065002,81577
2026-04-17 15:10:00+00:00,106.059998,106.150002,105.949997,105.980003,127177
2026-04-17 15:15:00+00:00,105.970001,106.065002,105.889999,105.949997,93639
2026-04-17 15:20:00+00:00,105.964996,106.035004,105.839996,105.885002,91478
2026-04-17 15:25:00+00:00,105.885002,105.910004,105.805000,105.879997,84639
2026-04-17 15:30:00+00:00,105.900002,105.949997,105.824997,105.949997,68412
2026-04-17 15:35:00+00:00,105.945000,106.000000,105.872200,105.980003,53471
2026-04-17 15:40:00+00:00,105.985001,106.000000,105.919998,105.932800,56280
2026-04-17 15:45:00+00:00,105.940002,106.080002,105.930000,106.044998,74723
2026-04-17 15:50:00+00:00,106.035004,106.190002,106.035004,106.139999,70568
2026-04-17 15:55:00+00:00,106.125000,106.209999,106.105003,106.190002,62835
2026-04-17 16:00:00+00:00,106.184998,106.279999,106.170097,106.264999,65486
2026-04-17 16:05:00+00:00,106.250000,106.279999,106.180000,106.230003,52029
2026-04-17 16:10:00+00:00,106.224998,106.224998,106.000099,106.014999,91123
2026-04-17 16:15:00+00:00,106.014999,106.129997,106.014999,106.105003,71260
2026-04-17 16:20:00+00:00,106.110001,106.154999,106.099998,106.150002,72743
2026-04-17 16:25:00+00:00,106.169998,106.209999,106.050003,106.074997,68381
2026-04-17 16:30:00+00:00,106.074997,106.180000,106.059998,106.154999,68008
2026-04-17 16:35:00+00:00,106.150002,106.230003,106.139999,106.220001,55593
2026-04-17 16:40:00+00:00,106.190002,106.220001,106.125000,106.190002,49232
2026-04-17 16:45:00+00:00,106.190002,106.209999,106.125000,106.127502,68634
2026-04-17 16:50:00+00:00,106.129997,106.205002,106.125000,106.160004,83689
2026-04-17 16:55:00+00:00,106.160004,106.205002,106.120003,106.165001,63446
2026-04-17 17:00:00+00:00,106.165001,106.190002,106.139999,106.175003,42064
2026-04-17 17:05:00+00:00,106.169998,106.175003,105.970001,106.070000,88699
2026-04-17 17:10:00+00:00,106.070000,106.070000,105.949997,106.000000,52016
2026-04-17 17:15:00+00:00,106.000000,106.004997,105.940002,105.970001,40528
2026-04-17 17:20:00+00:00,105.970001,106.000000,105.720001,105.800003,92407
2026-04-17 17:25:00+00:00,105.809998,105.940002,105.754997,105.910004,82379
2026-04-17 17:30:00+00:00,105.904999,105.930000,105.839996,105.900002,96033
2026-04-17 17:35:00+00:00,105.900002,106.000000,105.860001,105.900002,43463
2026-04-17 17:40:00+00:00,105.904999,105.949997,105.839996,105.930000,46511
2026-04-17 17:45:00+00:00,105.910004,106.070000,105.907501,105.989998,32312
2026-04-17 17:50:00+00:00,105.989998,106.040001,105.970001,106.000000,37600
2026-04-17 17:55:00+00:00,106.000000,106.004997,105.910004,105.910004,37719
2026-04-17 18:00:00+00:00,105.900002,105.970001,105.885002,105.930000,51931
2026-04-17 18:05:00+00:00,105.934998,106.004997,105.919998,105.949997,55931
2026-04-17 18:10:00+00:00,105.955002,106.004997,105.934998,105.949997,50332
2026-04-17 18:15:00+00:00,105.949997,105.980003,105.885002,105.889999,53260
2026-04-17 18:20:00+00:00,105.894997,105.894997,105.769997,105.839996,64101
2026-04-17 18:25:00+00:00,105.839996,105.940002,105.800003,105.809998,102503
2026-04-17 18:30:00+00:00,105.809998,105.849998,105.709999,105.845001,101607
2026-04-17 18:35:00+00:00,105.845001,105.900002,105.769997,105.779999,81260
2026-04-17 18:40:00+00:00,105.774101,105.820000,105.769997,105.820000,46959
2026-04-17 18:45:00+00:00,105.820000,105.889999,105.709999,105.709999,88472
2026-04-17 18:50:00+00:00,105.709999,105.769997,105.600098,105.760002,58154
2026-04-17 18:55:00+00:00,105.760002,105.790001,105.720001,105.735001,65148
2026-04-17 19:00:00+00:00,105.735001,105.800003,105.680397,105.764999,54471
2026-04-17 19:05:00+00:00,105.760002,105.820000,105.680000,105.764999,209258
2026-04-17 19:10:00+00:00,105.769997,105.769997,105.705002,105.709999,492661
2026-04-17 19:15:00+00:00,105.709999,105.846703,105.699997,105.775002,86512
2026-04-17 19:20:00+00:00,105.775002,105.839996,105.750000,105.830002,156028
2026-04-17 19:25:00+00:00,105.830002,105.860001,105.790001,105.824997,78244
2026-04-17 19:30:00+00:00,105.830002,106.010002,105.820000,105.980003,99844
2026-04-17 19:35:00+00:00,105.980003,106.169998,105.980003,106.120003,111390
2026-04-17 19:40:00+00:00,106.110001,106.169998,106.065002,106.135002,112504
2026-04-17 19:45:00+00:00,106.129997,106.160004,105.900002,105.979897,184900
2026-04-17 19:50:00+00:00,105.989998,106.230003,105.959999,106.211998,249445
2026-04-17 19:55:00+00:00,106.209999,106.330002,106.150101,106.279999,611343
2026-04-20 13:30:00+00:00,105.910004,106.470001,105.910004,106.269997,270415
2026-04-20 13:35:00+00:00,106.339996,106.440002,106.110001,106.184998,81453
2026-04-20 13:40:00+00:00,106.190002,106.330002,105.949997,106.059998,114646
2026-04-20 13:45:00+00:00,106.040001,106.360001,105.970001,106.360001,52650
2026-04-20 13:50:00+00:00,106.360001,106.489998,106.269997,106.455002,61524
2026-04-20 13:55:00+00:00,106.440002,106.470001,106.269997,106.375000,50822
2026-04-20 14:00:00+00:00,106.375000,106.550003,106.300003,106.550003,73495
2026-04-20 14:05:00+00:00,106.540001,106.644997,106.519997,106.540001,71111
2026-04-20 14:10:00+00:00,106.535004,106.555000,106.389999,106.519997,67508
2026-04-20 14:15:00+00:00,106.519997,106.580002,106.464996,106.495003,96286
2026-04-20 14:20:00+00:00,106.500000,106.529999,106.410004,106.504997,51359
2026-04-20 14:25:00+00:00,106.489998,106.525002,106.099998,106.230003,146267
2026-04-20 14:30:00+00:00,106.250000,106.404999,106.199997,106.349998,124339
2026-04-20 14:35:00+00:00,106.349998,106.440002,106.339996,106.389999,37118
2026-04-20 14:40:00+00:00,106.400002,106.429901,106.310097,106.400002,52819
2026-04-20 14:45:00+00:00,106.389999,106.610001,106.380096,106.589996,81671
2026-04-20 14:50:00+00:00,106.589996,106.639999,106.320000,106.485001,71839
2026-04-20 14:55:00+00:00,106.519997,106.529999,106.279999,106.420097,44315
2026-04-20 15:00:00+00:00,106.470001,106.470001,106.370003,106.410004,35207
2026-04-20 15:05:00+00:00,106.419998,106.440002,106.290001,106.300003,48004
2026-04-20 15:10:00+00:00,106.280998,106.334999,106.199997,106.300003,74941
2026-04-20 15:15:00+00:00,106.279999,106.364998,106.216713,106.320000,50199
2026-04-20 15:20:00+00:00,106.320000,106.449997,106.279999,106.380096,53591
2026-04-20 15:25:00+00:00,106.379997,106.419998,106.190002,106.260002,67548
2026-04-20 15:30:00+00:00,106.239998,106.269997,106.099998,106.160004,67880
2026-04-20 15:35:00+00:00,106.165001,106.209999,106.045502,106.160004,52488
2026-04-20 15:40:00+00:00,106.160004,106.324997,106.160004,106.305000,45995
2026-04-20 15:45:00+00:00,106.290001,106.430000,106.275002,106.389999,31030
2026-04-20 15:50:00+00:00,106.385002,106.510002,106.385002,106.449997,41114
2026-04-20 15:55:00+00:00,106.459999,106.491997,106.360001,106.370003,50026
2026-04-20 16:00:00+00:00,106.360001,106.389999,106.320000,106.364998,47141
2026-04-20 16:05:00+00:00,106.364998,106.470001,106.355003,106.440002,38675
2026-04-20 16:10:00+00:00,106.440002,106.466797,106.300102,106.389999,37831
2026-04-20 16:15:00+00:00,106.385002,106.394997,106.279999,106.324997,26973
2026-04-20 16:20:00+00:00,106.339996,106.430000,106.239998,106.430000,36402
2026-04-20 16:25:00+00:00,106.430000,106.470100,106.400002,106.459999,53073
2026-04-20 16:30:00+00:00,106.470001,106.589996,106.449997,106.589996,45992
2026-04-20 16:35:00+00:00,106.589996,106.599998,106.510002,106.540001,52268
2026-04-20 16:40:00+00:00,106.540001,106.620003,106.535004,106.610001,58605
2026-04-20 16:45:00+00:00,106.605003,106.620003,106.570000,106.620003,40847
2026-04-20 16:50:00+00:00,106.620003,106.820000,106.620003,106.800003,86663
2026-04-20 16:55:00+00:00,106.805000,106.894997,106.790001,106.794998,70482
2026-04-20 17:00:00+00:00,106.794998,106.860001,106.779999,106.805000,56196
2026-04-20 17:05:00+00:00,106.790001,106.930000,106.790001,106.930000,52875
2026-04-20 17:10:00+00:00,106.930000,106.980003,106.930000,106.974998,47647
2026-04-20 17:15:00+00:00,106.980003,107.089798,106.970001,107.065002,70231
2026-04-20 17:20:00+00:00,107.065002,107.070000,106.995003,107.044998,62762
2026-04-20 17:25:00+00:00,107.040001,107.110001,107.000000,107.040001,51529
2026-04-20 17:30:00+00:00,107.040001,107.040001,106.860100,106.885002,41847
2026-04-20 17:35:00+00:00,106.875000,106.940002,106.860001,106.877823,35589
2026-04-20 17:40:00+00:00,106.870003,106.894997,106.779999,106.800003,39560
2026-04-20 17:45:00+00:00,106.800003,106.889999,106.739998,106.764999,106209
2026-04-20 17:50:00+00:00,106.764999,106.864998,106.739998,106.864998,30735
2026-04-20 17:55:00+00:00,106.860001,106.875000,106.790001,106.800003,26914
2026-04-20 18:00:00+00:00,106.800003,106.805000,106.709999,106.769997,60175
2026-04-20 18:05:00+00:00,106.769997,106.815002,106.730103,106.769997,47616
2026-04-20 18:10:00+00:00,106.779999,106.790001,106.660004,106.720001,56777
2026-04-20 18:15:00+00:00,106.709999,106.720001,106.654999,106.699997,35432
2026-04-20 18:20:00+00:00,106.684998,106.769997,106.684998,106.769897,32415
2026-04-20 18:25:00+00:00,106.760002,106.800003,106.720001,106.760002,131186
2026-04-20 18:30:00+00:00,106.769997,106.779999,106.675003,106.769997,36298
2026-04-20 18:35:00+00:00,106.779999,106.820000,106.730003,106.739998,41815
2026-04-20 18:40:00+00:00,106.730003,106.739998,106.639999,106.650002,54444
2026-04-20 18:45:00+00:00,106.650002,106.680000,106.629997,106.669998,78073
2026-04-20 18:50:00+00:00,106.669998,106.754997,106.669998,106.750000,41983
2026-04-20 18:55:00+00:00,106.750000,106.750000,106.669998,106.690002,31175
2026-04-20 19:00:00+00:00,106.690002,106.699997,106.570000,106.699997,47924
2026-04-20 19:05:00+00:00,106.690002,106.779999,106.654999,106.709999,118962
2026-04-20 19:10:00+00:00,106.699997,106.699997,106.589996,106.609802,25236
2026-04-20 19:15:00+00:00,106.589996,106.589996,106.559998,106.580002,32970
2026-04-20 19:20:00+00:00,106.570000,106.580002,106.540001,106.540001,42780
2026-04-20 19:25:00+00:00,106.544998,106.610001,106.449997,106.480003,64098
2026-04-20 19:30:00+00:00,106.459999,106.559998,106.390099,106.489998,52028
2026-04-20 19:35:00+00:00,106.470001,106.500000,106.440002,106.470001,58704
2026-04-20 19:40:00+00:00,106.480003,106.489998,106.389999,106.389999,51303
2026-04-20 19:45:00+00:00,106.389999,106.480003,106.360001,106.430000,104709
2026-04-20 19:50:00+00:00,106.449997,106.489998,106.404999,106.434998,94523
2026-04-20 19:55:00+00:00,106.434998,106.449997,106.290001,106.309998,455236
2026-04-21 13:30:00+00:00,106.190002,106.389999,105.584999,106.305000,212576
2026-04-21 13:35:00+00:00,106.300003,106.375000,106.020103,106.120003,62643
2026-04-21 13:40:00+00:00,106.103317,106.379997,106.103317,106.290001,50454
2026-04-21 13:45:00+00:00,106.330002,106.690002,106.264999,106.680000,117575
2026-04-21 13:50:00+00:00,106.699997,106.875000,106.620003,106.635002,63163
2026-04-21 13:55:00+00:00,106.639999,106.660004,106.394997,106.419998,57326
2026-04-21 14:00:00+00:00,106.419998,106.419998,106.029999,106.055000,85730
2026-04-21 14:05:00+00:00,106.050003,106.050003,105.669998,105.760002,135739
2026-04-21 14:10:00+00:00,105.750000,105.900002,105.724998,105.864998,54871
2026-04-21 14:15:00+00:00,105.870003,106.040001,105.860001,105.860001,120456
2026-04-21 14:20:00+00:00,105.879997,105.879997,105.449997,105.449997,86876
2026-04-21 14:25:00+00:00,105.470001,105.559998,105.220001,105.529999,194767
2026-04-21 14:30:00+00:00,105.510002,105.779999,105.489998,105.690002,69858
2026-04-21 14:35:00+00:00,105.705002,105.720001,105.449997,105.489998,56155
2026-04-21 14:40:00+00:00,105.510002,105.625000,105.480003,105.495003,71990
2026-04-21 14:45:00+00:00,105.500000,105.510002,105.279999,105.370003,69880
2026-04-21 14:50:00+00:00,105.349998,105.492104,105.339996,105.449997,36074
2026-04-21 14:55:00+00:00,105.449997,105.480003,105.059998,105.059998,94315
2026-04-21 15:00:00+00:00,105.059998,105.073997,104.650002,104.730103,163753
2026-04-21 15:05:00+00:00,104.739998,104.949997,104.669998,104.900002,82293
2026-04-21 15:10:00+00:00,104.915001,104.957802,104.739998,104.800003,65829
2026-04-21 15:15:00+00:00,104.800003,104.870003,104.684998,104.767502,59398
2026-04-21 15:20:00+00:00,104.739998,104.821800,104.654999,104.669998,59364
2026-04-21 15:25:00+00:00,104.669998,104.680000,104.489998,104.580002,88083
2026-04-21 15:30:00+00:00,104.559998,104.739998,104.550003,104.620003,109486
2026-04-21 15:35:00+00:00,104.625000,104.660004,104.529999,104.605003,70697
2026-04-21 15:40:00+00:00,104.599998,104.810997,104.529999,104.720001,70463
2026-04-21 15:45:00+00:00,104.720001,104.750000,104.650002,104.669998,61492
2026-04-21 15:50:00+00:00,104.639999,104.660004,104.559998,104.589996,43788
2026-04-21 15:55:00+00:00,104.589996,104.809998,104.589996,104.720001,109620
2026-04-21 16:00:00+00:00,104.735001,104.830002,104.629997,104.665001,67932
2026-04-21 16:05:00+00:00,104.660004,104.785004,104.600601,104.785004,50918
2026-04-21 16:10:00+00:00,104.785004,104.809998,104.639999,104.660004,36767
2026-04-21 16:15:00+00:00,104.675003,104.800003,104.599998,104.800003,57375
2026-04-21 16:20:00+00:00,104.800003,104.801804,104.570000,104.760002,76951
2026-04-21 16:25:00+00:00,104.775002,104.794998,104.720001,104.790001,36824
2026-04-21 16:30:00+00:00,104.790001,104.834999,104.724998,104.809998,69008
2026-04-21 16:35:00+00:00,104.820000,104.830002,104.720001,104.720001,52330
2026-04-21 16:40:00+00:00,104.720001,104.730003,104.500000,104.535004,44683
2026-04-21 16:45:00+00:00,104.540001,104.809998,104.535004,104.779999,78148
2026-04-21 16:50:00+00:00,104.779999,104.785004,104.599998,104.619904,62410
2026-04-21 16:55:00+00:00,104.614998,104.614998,104.459999,104.474998,59835
2026-04-21 17:00:00+00:00,104.474998,104.620003,104.470001,104.540001,62130
2026-04-21 17:05:00+00:00,104.530998,104.530998,104.345001,104.434998,103928
2026-04-21 17:10:00+00:00,104.434998,104.470001,104.360001,104.422401,53744
2026-04-21 17:15:00+00:00,104.430000,104.430000,104.269997,104.269997,70741
2026-04-21 17:20:00+00:00,104.269997,104.500000,104.269997,104.419998,74279
2026-04-21 17:25:00+00:00,104.394997,104.535103,104.394997,104.495003,45374
2026-04-21 17:30:00+00:00,104.495003,104.544998,104.480003,104.504997,47447
2026-04-21 17:35:00+00:00,104.489998,104.629997,104.389999,104.565002,79768
2026-04-21 17:40:00+00:00,104.589996,104.910004,104.519997,104.809998,248860
2026-04-21 17:45:00+00:00,104.809998,104.915001,104.760002,104.879997,33410
2026-04-21 17:50:00+00:00,104.850098,104.910004,104.769997,104.790001,47193
2026-04-21 17:55:00+00:00,104.800003,104.800003,104.690002,104.769997,37036
2026-04-21 18:00:00+00:00,104.769997,104.849998,104.690002,104.690002,45082
2026-04-21 18:05:00+00:00,104.690002,104.730003,104.629997,104.629997,32779
2026-04-21 18:10:00+00:00,104.620003,104.635002,104.445000,104.500000,51085
2026-04-21 18:15:00+00:00,104.500000,104.589996,104.394997,104.480003,73805
2026-04-21 18:20:00+00:00,104.480003,104.550003,104.440002,104.544998,29293
2026-04-21 18:25:00+00:00,104.540001,104.565002,104.495003,104.555000,43154
2026-04-21 18:30:00+00:00,104.559998,104.660004,104.519997,104.620003,51870
2026-04-21 18:35:00+00:00,104.629997,104.635002,104.470001,104.510002,39854
2026-04-21 18:40:00+00:00,104.510002,104.519997,104.430000,104.485001,38512
2026-04-21 18:45:00+00:00,104.489998,104.519997,104.389999,104.400002,27731
2026-04-21 18:50:00+00:00,104.389999,104.669998,104.370003,104.610001,48528
2026-04-21 18:55:00+00:00,104.610001,104.669998,104.499001,104.589996,60175
2026-04-21 19:00:00+00:00,104.595001,104.660004,104.580002,104.650002,36673
2026-04-21 19:05:00+00:00,104.639999,104.680000,104.599998,104.610001,39912
2026-04-21 19:10:00+00:00,104.629997,104.709999,104.535004,104.595001,50519
2026-04-21 19:15:00+00:00,104.605003,104.660004,104.570000,104.660004,59846
2026-04-21 19:20:00+00:00,104.669998,104.945000,104.669998,104.930000,108365
2026-04-21 19:25:00+00:00,104.900002,104.959999,104.860001,104.910004,65382
2026-04-21 19:30:00+00:00,104.900002,104.919998,104.720001,104.730003,86543
2026-04-21 19:35:00+00:00,104.709999,104.714996,104.570000,104.669998,85435
2026-04-21 19:40:00+00:00,104.675003,104.695000,103.964996,104.040001,269767
2026-04-21 19:45:00+00:00,104.040001,104.370003,104.014999,104.324997,149458
2026-04-21 19:50:00+00:00,104.339996,104.459999,104.129997,104.160004,175396
2026-04-21 19:55:00+00:00,104.169998,104.440002,104.139999,104.305000,450354
2026-04-22 13:30:00+00:00,105.029999,105.849998,104.959999,105.040001,191440
2026-04-22 13:35:00+00:00,105.040001,105.720001,104.900002,105.680000,99083
2026-04-22 13:40:00+00:00,105.710526,105.720001,105.500000,105.540001,63390
2026-04-22 13:45:00+00:00,105.480003,105.949997,105.480003,105.830002,66079
2026-04-22 13:50:00+00:00,105.830002,105.959999,105.750000,105.885002,53248
2026-04-22 13:55:00+00:00,105.900002,106.089996,105.864998,106.089996,95946
2026-04-22 14:00:00+00:00,106.089996,106.279999,106.050102,106.129997,109780
2026-04-22 14:05:00+00:00,106.139999,106.139999,105.879997,105.980003,101148
2026-04-22 14:10:00+00:00,105.949997,106.044998,105.792503,105.870003,61675
2026-04-22 14:15:00+00:00,105.860001,105.940002,105.650002,105.680000,61994
2026-04-22 14:20:00+00:00,105.699997,105.699997,105.495003,105.495003,87164
2026-04-22 14:25:00+00:00,105.495003,105.620003,105.449997,105.510002,64551
2026-04-22 14:30:00+00:00,105.519997,105.529999,105.144997,105.150002,88583
2026-04-22 14:35:00+00:00,105.129997,105.330002,105.059998,105.310303,90586
2026-04-22 14:40:00+00:00,105.320000,105.389999,105.019997,105.050003,54472
2026-04-22 14:45:00+00:00,105.050003,105.059998,104.919998,105.035004,96014
2026-04-22 14:50:00+00:00,105.025002,105.109901,104.910004,104.980003,56853
2026-04-22 14:55:00+00:00,104.980003,105.129997,104.919998,105.125000,58307
2026-04-22 15:00:00+00:00,105.110001,105.150002,104.900002,104.910004,90530
2026-04-22 15:05:00+00:00,104.925003,105.150002,104.889999,105.110001,118680
2026-04-22 15:10:00+00:00,105.110001,105.169998,104.980003,105.010002,50422
2026-04-22 15:15:00+00:00,105.019997,105.050301,104.900002,105.029999,54734
2026-04-22 15:20:00+00:00,105.044998,105.220001,105.019997,105.129997,86905
2026-04-22 15:25:00+00:00,105.129997,105.129997,104.885002,105.025002,100259
2026-04-22 15:30:00+00:00,105.019997,105.019997,104.849998,104.855003,75475
2026-04-22 15:35:00+00:00,104.860001,104.876801,104.610001,104.629997,75263
2026-04-22 15:40:00+00:00,104.614998,104.680000,104.580002,104.580002,47962
2026-04-22 15:45:00+00:00,104.574997,104.730003,104.570000,104.680000,46770
2026-04-22 15:50:00+00:00,104.669998,104.669998,104.495003,104.540001,42620
2026-04-22 15:55:00+00:00,104.540001,104.639999,104.540001,104.599998,40909
2026-04-22 16:00:00+00:00,104.610001,104.675003,104.589996,104.660004,40610
2026-04-22 16:05:00+00:00,104.669998,104.680000,104.550003,104.675003,43100
2026-04-22 16:10:00+00:00,104.675003,104.684998,104.605003,104.669998,45042
2026-04-22 16:15:00+00:00,104.669998,104.750000,104.669998,104.720001,32616
2026-04-22 16:20:00+00:00,104.720001,104.720001,104.644997,104.660004,36362
2026-04-22 16:25:00+00:00,104.654999,104.669998,104.589996,104.599998,36466
2026-04-22 16:30:00+00:00,104.605003,104.699997,104.599998,104.650002,42579
2026-04-22 16:35:00+00:00,104.650002,104.699997,104.580002,104.699997,31752
2026-04-22 16:40:00+00:00,104.690002,104.709999,104.555000,104.599998,37552
2026-04-22 16:45:00+00:00,104.599998,104.620003,104.540001,104.555000,35574
2026-04-22 16:50:00+00:00,104.550003,104.589996,104.480003,104.540001,30985
2026-04-22 16:55:00+00:00,104.550003,104.569901,104.480003,104.559998,50527
2026-04-22 17:00:00+00:00,104.550003,104.639999,104.519997,104.540001,40689
2026-04-22 17:05:00+00:00,104.540001,104.540001,104.459999,104.510002,36576
2026-04-22 17:10:00+00:00,104.519997,104.595100,104.470001,104.489998,31284
2026-04-22 17:15:00+00:00,104.485001,104.529999,104.430000,104.449997,37169
2026-04-22 17:20:00+00:00,104.469902,104.510002,104.445000,104.449997,27619
2026-04-22 17:25:00+00:00,104.449997,104.485001,104.400002,104.480003,36518
2026-04-22 17:30:00+00:00,104.485001,104.519997,104.470001,104.470001,36303
2026-04-22 17:35:00+00:00,104.470001,104.489998,104.425003,104.439201,24562
2026-04-22 17:40:00+00:00,104.434998,104.550003,104.412598,104.489998,32810
2026-04-22 17:45:00+00:00,104.489998,104.669998,104.434998,104.662598,70574
2026-04-22 17:50:00+00:00,104.650002,104.665001,104.595001,104.629997,39071
2026-04-22 17:55:00+00:00,104.605003,104.699997,104.595001,104.684998,35701
2026-04-22 18:00:00+00:00,104.669998,104.699997,104.580002,104.580002,57028
2026-04-22 18:05:00+00:00,104.570000,104.588699,104.525002,104.529999,45831
2026-04-22 18:10:00+00:00,104.519997,104.529999,104.425003,104.430000,40283
2026-04-22 18:15:00+00:00,104.430000,104.529999,104.410004,104.430000,57882
2026-04-22 18:20:00+00:00,104.419998,104.430000,104.309998,104.370003,56951
2026-04-22 18:25:00+00:00,104.390800,104.449997,104.375000,104.449997,33479
2026-04-22 18:30:00+00:00,104.459999,104.470497,104.419998,104.440002,37320
2026-04-22 18:35:00+00:00,104.440002,104.500000,104.425003,104.440002,50111
2026-04-22 18:40:00+00:00,104.440002,104.449997,104.379997,104.389999,31815
2026-04-22 18:45:00+00:00,104.389999,104.389999,104.320000,104.339996,92706
2026-04-22 18:50:00+00:00,104.339996,104.370003,104.320000,104.334297,39954
2026-04-22 18:55:00+00:00,104.339996,104.349998,104.230003,104.330002,57451
2026-04-22 19:00:00+00:00,104.330002,104.459999,104.330002,104.390503,60564
2026-04-22 19:05:00+00:00,104.394997,104.430000,104.349998,104.425003,47328
2026-04-22 19:10:00+00:00,104.425003,104.430000,104.385002,104.419998,42941
2026-04-22 19:15:00+00:00,104.419998,104.529999,104.415001,104.525002,61478
2026-04-22 19:20:00+00:00,104.550003,104.595001,104.495003,104.529999,64939
2026-04-22 19:25:00+00:00,104.540001,104.660004,104.540001,104.629997,61280
2026-04-22 19:30:00+00:00,104.639999,104.660004,104.480698,104.489998,68098
2026-04-22 19:35:00+00:00,104.480003,104.589996,104.459999,104.580002,75481
2026-04-22 19:40:00+00:00,104.580101,104.644997,104.555000,104.639999,71287
2026-04-22 19:45:00+00:00,104.639999,104.699997,104.599998,104.699997,66298
2026-04-22 19:50:00+00:00,104.709999,104.730003,104.620003,104.695000,149856
2026-04-22 19:55:00+00:00,104.699997,104.849998,104.584999,104.830002,535653
2026-04-23 13:30:00+00:00,104.940002,105.199997,104.000000,104.309998,205304
2026-04-23 13:35:00+00:00,104.290001,104.565002,104.080002,104.349998,71780
2026-04-23 13:40:00+00:00,104.290001,104.339897,104.040001,104.260002,53240
2026-04-23 13:45:00+00:00,104.260002,104.419998,104.059998,104.180000,46854
2026-04-23 13:50:00+00:00,104.180000,104.260002,103.985001,103.985001,62652
2026-04-23 13:55:00+00:00,104.010002,104.089996,103.900002,104.080002,86367
2026-04-23 14:00:00+00:00,104.029999,104.169998,103.890999,104.160004,52772
2026-04-23 14:05:00+00:00,104.150002,104.250000,104.110001,104.199997,89808
2026-04-23 14:10:00+00:00,104.199997,104.470001,104.169998,104.470001,78807
2026-04-23 14:15:00+00:00,104.449997,104.500000,104.330002,104.370003,54173
2026-04-23 14:20:00+00:00,104.370003,104.404999,104.279999,104.400002,43309
2026-04-23 14:25:00+00:00,104.370003,104.459999,104.279999,104.279999,37601
2026-04-23 14:30:00+00:00,104.279999,104.449997,104.275002,104.400002,38205
2026-04-23 14:35:00+00:00,104.389999,104.470001,104.290001,104.400002,31062
2026-04-23 14:40:00+00:00,104.419998,104.570000,104.387497,104.559998,43111
2026-04-23 14:45:00+00:00,104.559998,104.595001,104.470001,104.550102,33375
2026-04-23 14:50:00+00:00,104.544998,104.584999,104.495003,104.574997,38091
2026-04-23 14:55:00+00:00,104.584999,104.589996,104.445000,104.449997,46731
2026-04-23 15:00:00+00:00,104.449997,104.480003,104.290001,104.305099,44735
2026-04-23 15:05:00+00:00,104.301498,104.360001,104.220001,104.317497,35245
2026-04-23 15:10:00+00:00,104.379997,104.400002,104.220001,104.239998,27968
2026-04-23 15:15:00+00:00,104.224998,104.339996,104.200104,104.269997,34404
2026-04-23 15:20:00+00:00,104.264999,104.264999,104.129997,104.169998,41301
2026-04-23 15:25:00+00:00,104.180000,104.290001,104.169998,104.230003,36309
2026-04-23 15:30:00+00:00,104.220001,104.290001,104.089996,104.089996,41610
2026-04-23 15:35:00+00:00,104.099998,104.120003,103.959999,103.989998,33888
2026-04-23 15:40:00+00:00,103.980003,103.989998,103.910004,103.915001,45337
2026-04-23 15:45:00+00:00,103.910004,103.919998,103.800003,103.890297,47552
2026-04-23 15:50:00+00:00,103.904999,103.964996,103.860001,103.964996,31852
2026-04-23 15:55:00+00:00,103.980003,104.070000,103.970001,104.000000,37830
2026-04-23 16:00:00+00:00,104.000000,104.029999,103.934998,103.940002,70234
2026-04-23 16:05:00+00:00,103.940002,104.088501,103.930000,104.080002,73878
2026-04-23 16:10:00+00:00,104.070000,104.159897,104.070000,104.099998,31696
2026-04-23 16:15:00+00:00,104.099998,104.109299,103.930000,103.959999,47961
2026-04-23 16:20:00+00:00,103.959999,103.989998,103.900002,103.980003,28573
2026-04-23 16:25:00+00:00,103.980003,104.010002,103.830002,103.830002,30645
2026-04-23 16:30:00+00:00,103.846497,103.900002,103.810303,103.870003,34703
2026-04-23 16:35:00+00:00,103.875000,103.889999,103.720001,103.720001,40712
2026-04-23 16:40:00+00:00,103.709999,103.769997,103.660004,103.751999,41736
2026-04-23 16:45:00+00:00,103.769997,103.820000,103.720001,103.720001,23781
2026-04-23 16:50:00+00:00,103.735001,103.830002,103.720001,103.830002,29077
2026-04-23 16:55:00+00:00,103.839996,103.860001,103.800003,103.820000,27357
2026-04-23 17:00:00+00:00,103.824997,103.839996,103.620003,103.660004,68315
2026-04-23 17:05:00+00:00,103.669998,103.684998,103.565002,103.565002,44205
2026-04-23 17:10:00+00:00,103.550003,103.639999,103.459999,103.470001,56750
2026-04-23 17:15:00+00:00,103.440002,103.455002,103.139999,103.140099,304209
2026-04-23 17:20:00+00:00,103.150002,103.199997,103.050003,103.114998,69306
2026-04-23 17:25:00+00:00,103.135002,103.150002,102.874496,102.894997,144573
2026-04-23 17:30:00+00:00,102.919998,103.199997,102.839996,103.175003,60554
2026-04-23 17:35:00+00:00,103.180000,103.214996,102.910004,102.930000,50320
2026-04-23 17:40:00+00:00,102.930000,102.930000,102.639999,102.760002,81996
2026-04-23 17:45:00+00:00,102.754997,102.860001,102.550003,102.720001,70766
2026-04-23 17:50:00+00:00,102.739998,103.279999,102.724998,103.099998,320242
2026-04-23 17:55:00+00:00,103.095001,103.290001,103.050003,103.160004,51440
2026-04-23 18:00:00+00:00,103.160004,103.300003,103.080002,103.250000,58974
2026-04-23 18:05:00+00:00,103.230003,103.349998,103.184097,103.230003,32441
2026-04-23 18:10:00+00:00,103.260002,103.415001,103.254997,103.394997,34526
2026-04-23 18:15:00+00:00,103.404999,103.467682,103.370003,103.425003,38931
2026-04-23 18:20:00+00:00,103.430000,103.470001,103.360001,103.430000,32751
2026-04-23 18:25:00+00:00,103.455002,103.479599,103.400002,103.419998,54256
2026-04-23 18:30:00+00:00,103.410004,103.489998,103.404999,103.419998,56900
2026-04-23 18:35:00+00:00,103.410004,103.410004,103.180000,103.199997,44196
2026-04-23 18:40:00+00:00,103.199997,103.209999,103.029999,103.129997,74083
2026-04-23 18:45:00+00:00,103.139999,103.190002,103.120003,103.135002,34357
2026-04-23 18:50:00+00:00,103.120003,103.224998,103.110001,103.209999,44599
2026-04-23 18:55:00+00:00,103.220001,103.250000,103.040001,103.199997,0
2026-04-23 19:00:00+00:00,103.190002,103.324997,103.160004,103.290001,45452
2026-04-23 19:05:00+00:00,103.300003,103.415100,103.300003,103.375000,40408
2026-04-23 19:10:00+00:00,103.375000,103.464996,103.300003,103.440002,75777
2026-04-23 19:15:00+00:00,103.440002,103.480003,103.385002,103.470001,71771
2026-04-23 19:20:00+00:00,103.464996,103.470001,103.400002,103.464996,35840
2026-04-23 19:25:00+00:00,103.464996,103.519997,103.400002,103.504997,63328
2026-04-23 19:30:00+00:00,103.504997,103.519997,103.300003,103.300003,57797
2026-04-23 19:35:00+00:00,103.290001,103.290001,103.199997,103.230003,81100
2026-04-23 19:40:00+00:00,103.239998,103.324997,103.220001,103.241096,70678
2026-04-23 19:45:00+00:00,103.230003,103.434998,103.214996,103.434998,65500
2026-04-23 19:50:00+00:00,103.430000,103.690002,103.279999,103.675003,155593
2026-04-23 19:55:00+00:00,103.669998,103.754997,103.500000,103.654999,349218
2026-04-24 13:30:00+00:00,103.595001,103.639999,102.280098,102.690002,259638
2026-04-24 13:35:00+00:00,102.690002,102.820000,102.279999,102.345001,89595
2026-04-24 13:40:00+00:00,102.375000,102.949898,102.375000,102.860001,86800
2026-04-24 13:45:00+00:00,102.870003,102.949997,102.389999,102.519997,102147
2026-04-24 13:50:00+00:00,102.550003,102.919899,102.550003,102.870003,45072
2026-04-24 13:55:00+00:00,102.830101,102.849998,102.589996,102.680000,51452
2026-04-24 14:00:00+00:00,102.639999,102.669998,102.315002,102.404999,66030
2026-04-24 14:05:00+00:00,102.379997,102.510002,102.300003,102.300003,74824
2026-04-24 14:10:00+00:00,102.309998,102.555000,102.260002,102.480003,59958
2026-04-24 14:15:00+00:00,102.470001,102.580002,102.440002,102.540001,42542
2026-04-24 14:20:00+00:00,102.519997,102.620003,102.459999,102.520103,54882
2026-04-24 14:25:00+00:00,102.519997,102.526199,102.320000,102.476410,38431
2026-04-24 14:30:00+00:00,102.474998,102.610001,102.410004,102.589600,53276
2026-04-24 14:35:00+00:00,102.589996,102.680000,102.430000,102.449997,41068
2026-04-24 14:40:00+00:00,102.430000,102.474998,102.290001,102.410004,55131
2026-04-24 14:45:00+00:00,102.410004,102.440002,102.320000,102.397499,40551
2026-04-24 14:50:00+00:00,102.394997,102.419998,102.330002,102.410004,43188
2026-04-24 14:55:00+00:00,102.410004,102.420868,102.209999,102.230003,40380
2026-04-24 15:00:00+00:00,102.230003,102.279999,102.080002,102.089996,81773
2026-04-24 15:05:00+00:00,102.089996,102.160004,101.970001,102.090599,58549
2026-04-24 15:10:00+00:00,102.089996,102.165001,102.010002,102.099998,67316
2026-04-24 15:15:00+00:00,102.110001,102.180000,102.065002,102.180000,39644
2026-04-24 15:20:00+00:00,102.190002,102.230003,102.160004,102.230003,41490
2026-04-24 15:25:00+00:00,102.209999,102.239998,102.129997,102.224998,59699
2026-04-24 15:30:00+00:00,102.220001,102.230003,102.129997,102.180099,50413
2026-04-24 15:35:00+00:00,102.180000,102.285004,102.150002,102.239998,31634
2026-04-24 15:40:00+00:00,102.230003,102.574997,102.230003,102.570000,44539
2026-04-24 15:45:00+00:00,102.570000,102.709999,102.550003,102.620003,69498
2026-04-24 15:50:00+00:00,102.680000,102.800003,102.620796,102.779999,47605
2026-04-24 15:55:00+00:00,102.790001,102.830002,102.730003,102.760002,533601
2026-04-24 16:00:00+00:00,102.779999,102.785004,102.709999,102.739998,29105
2026-04-24 16:05:00+00:00,102.739998,102.809998,102.735001,102.804901,27555
2026-04-24 16:10:00+00:00,102.800003,102.885002,102.699997,102.710098,35947
2026-04-24 16:15:00+00:00,102.705002,102.750000,102.639999,102.650002,24598
2026-04-24 16:20:00+00:00,102.650002,102.684998,102.599998,102.614998,30417
2026-04-24 16:25:00+00:00,102.650002,102.680000,102.620003,102.639999,24641
2026-04-24 16:30:00+00:00,102.669998,102.739998,102.669998,102.709999,23348
2026-04-24 16:35:00+00:00,102.699997,102.699997,102.610001,102.639999,17405
2026-04-24 16:40:00+00:00,102.650002,102.660004,102.605003,102.660004,20241
2026-04-24 16:45:00+00:00,102.669998,102.675003,102.580002,102.610001,23526
2026-04-24 16:50:00+00:00,102.620003,102.635002,102.540001,102.589996,28402
2026-04-24 16:55:00+00:00,102.589996,102.589996,102.519997,102.559998,31773
2026-04-24 17:00:00+00:00,102.555000,102.559998,102.430000,102.430000,36680
2026-04-24 17:05:00+00:00,102.430000,102.446800,102.375000,102.440002,21054
2026-04-24 17:10:00+00:00,102.430000,102.430000,102.360001,102.360001,18147
2026-04-24 17:15:00+00:00,102.360001,102.379997,102.309998,102.330002,33744
2026-04-24 17:20:00+00:00,102.320000,102.430000,102.309998,102.415001,32012
2026-04-24 17:25:00+00:00,102.419998,102.470001,102.415001,102.440002,26207
2026-04-24 17:30:00+00:00,102.440002,102.510002,102.419998,102.460098,37993
2026-04-24 17:35:00+00:00,102.470001,102.550003,102.440002,102.529999,32777
2026-04-24 17:40:00+00:00,102.519997,102.529999,102.419998,102.464996,31605
2026-04-24 17:45:00+00:00,102.459999,102.480003,102.425003,102.459999,28514
2026-04-24 17:50:00+00:00,102.449997,102.464996,102.309998,102.430000,60082
2026-04-24 17:55:00+00:00,102.410004,102.430000,102.320000,102.379997,40528
2026-04-24 18:00:00+00:00,102.360001,102.400002,102.309998,102.367203,77091
2026-04-24 18:05:00+00:00,102.370003,102.410004,102.349998,102.360001,40176
2026-04-24 18:10:00+00:00,102.349998,102.399902,102.300003,102.379997,58453
2026-04-24 18:15:00+00:00,102.389999,102.430000,102.379997,102.410004,24003
2026-04-24 18:20:00+00:00,102.400002,102.482262,102.383301,102.470001,34423
2026-04-24 18:25:00+00:00,102.480003,102.620003,102.474998,102.500000,58607
2026-04-24 18:30:00+00:00,102.500000,102.540001,102.485001,102.504997,59304
2026-04-24 18:35:00+00:00,102.510002,102.539001,102.480003,102.499901,40219
2026-04-24 18:40:00+00:00,102.480003,102.529999,102.459999,102.480103,35615
2026-04-24 18:45:00+00:00,102.480003,102.519997,102.480003,102.510002,29915
2026-04-24 18:50:00+00:00,102.504997,102.572502,102.500000,102.540001,46940
2026-04-24 18:55:00+00:00,102.540001,102.629997,102.540001,102.580002,91095
2026-04-24 19:00:00+00:00,102.589996,102.690002,102.589996,102.669998,44250
2026-04-24 19:05:00+00:00,102.660004,102.730003,102.639999,102.709999,45139
2026-04-24 19:10:00+00:00,102.699997,102.750000,102.610001,102.634048,63745
2026-04-24 19:15:00+00:00,102.635002,102.650002,102.589996,102.620003,55856
2026-04-24 19:20:00+00:00,102.620003,102.665001,102.599998,102.620201,33472
2026-04-24 19:25:00+00:00,102.629997,102.679001,102.605003,102.660004,47647
2026-04-24 19:30:00+00:00,102.650002,102.724998,102.610001,102.629997,57769
2026-04-24 19:35:00+00:00,102.629898,102.629898,102.480003,102.500000,86161
2026-04-24 19:40:00+00:00,102.489998,102.605003,102.459999,102.459999,75990
2026-04-24 19:45:00+00:00,102.449997,102.559898,102.430000,102.540001,58554
2026-04-24 19:50:00+00:00,102.570000,102.580002,102.379997,102.464996,131066
2026-04-24 19:55:00+00:00,102.459999,102.629997,102.449997,102.595001,401448
2026-04-27 13:30:00+00:00,102.620003,103.419998,102.620003,102.856400,183345
2026-04-27 13:35:00+00:00,102.809998,103.370598,102.769997,103.286301,43763
2026-04-27 13:40:00+00:00,103.318825,103.389999,103.051201,103.089996,41693
2026-04-27 13:45:00+00:00,103.125000,103.169998,102.785004,102.930000,70410
2026-04-27 13:50:00+00:00,102.930000,103.389999,102.930000,103.171822,79453
2026-04-27 13:55:00+00:00,103.160004,103.177322,102.904999,102.904999,41485
2026-04-27 14:00:00+00:00,102.889999,103.059998,102.879997,103.050003,68831
2026-04-27 14:05:00+00:00,103.050003,103.180000,103.000000,103.160004,50256
2026-04-27 14:10:00+00:00,103.160004,103.269997,103.120102,103.152496,44561
2026-04-27 14:15:00+00:00,103.180000,103.370003,103.169998,103.230003,59803
2026-04-27 14:20:00+00:00,103.254997,103.449997,103.250000,103.345001,73028
2026-04-27 14:25:00+00:00,103.360001,103.605003,103.349998,103.580002,48824
2026-04-27 14:30:00+00:00,103.599998,103.809998,103.574997,103.720001,95540
2026-04-27 14:35:00+00:00,103.730003,103.735001,103.445000,103.578003,103252
2026-04-27 14:40:00+00:00,103.580002,103.675003,103.514999,103.675003,69500
2026-04-27 14:45:00+00:00,103.675003,103.790001,103.669998,103.680099,52746
2026-04-27 14:50:00+00:00,103.699997,103.709999,103.550003,103.709999,35480
2026-04-27 14:55:00+00:00,103.720001,103.730003,103.529999,103.599998,56010
2026-04-27 15:00:00+00:00,103.638496,103.654999,103.370003,103.370003,36210
2026-04-27 15:05:00+00:00,103.375000,103.379997,103.269997,103.324997,52929
2026-04-27 15:10:00+00:00,103.339996,103.519997,103.290001,103.500000,55743
2026-04-27 15:15:00+00:00,103.500000,103.559998,103.459999,103.504997,44335
2026-04-27 15:20:00+00:00,103.499901,103.519997,103.410004,103.449997,35777
2026-04-27 15:25:00+00:00,103.440002,103.500000,103.385002,103.419998,35895
2026-04-27 15:30:00+00:00,103.410004,103.449997,103.250000,103.250000,84768
2026-04-27 15:35:00+00:00,103.250000,103.279999,103.199997,103.209999,42289
2026-04-27 15:40:00+00:00,103.199997,103.264999,103.199997,103.239998,33245
2026-04-27 15:45:00+00:00,103.259804,103.334999,103.259804,103.269997,33282
2026-04-27 15:50:00+00:00,103.279999,103.349998,103.260002,103.339996,21769
2026-04-27 15:55:00+00:00,103.349998,103.360001,103.310204,103.320000,21066
2026-04-27 16:00:00+00:00,103.309998,103.370003,103.300003,103.370003,21624
2026-04-27 16:05:00+00:00,103.380096,103.380096,103.330002,103.349998,24600
2026-04-27 16:10:00+00:00,103.360001,103.370003,103.302002,103.324997,33343
2026-04-27 16:15:00+00:00,103.339996,103.350098,103.250000,103.260002,26278
2026-04-27 16:20:00+00:00,103.269997,103.269997,103.209999,103.220001,29026
2026-04-27 16:25:00+00:00,103.220001,103.269997,103.220001,103.250603,21520
2026-04-27 16:30:00+00:00,103.269997,103.290001,103.169998,103.180000,26815
2026-04-27 16:35:00+00:00,103.184998,103.190002,103.150002,103.154999,23614
2026-04-27 16:40:00+00:00,103.150002,103.169998,103.065002,103.120003,37517
2026-04-27 16:45:00+00:00,103.099998,103.110001,103.050003,103.084999,30708
2026-04-27 16:50:00+00:00,103.084999,103.245003,103.080002,103.239998,36132
2026-04-27 16:55:00+00:00,103.230003,103.250000,103.180000,103.180000,45789
2026-04-27 17:00:00+00:00,103.180000,103.180000,103.110001,103.114998,26481
2026-04-27 17:05:00+00:00,103.114998,103.119698,103.044998,103.044998,29652
2026-04-27 17:10:00+00:00,103.040001,103.070000,103.025002,103.059998,40702
2026-04-27 17:15:00+00:00,103.059998,103.100098,103.044998,103.099998,23984
2026-04-27 17:20:00+00:00,103.099998,103.169998,103.099899,103.114998,26989
2026-04-27 17:25:00+00:00,103.114998,103.139999,102.550003,102.550003,285524
2026-04-27 17:30:00+00:00,102.570000,102.709999,102.190002,102.599998,445508
2026-04-27 17:35:00+00:00,102.610001,102.680000,102.160004,102.500000,191500
2026-04-27 17:40:00+00:00,102.480003,102.695000,102.360001,102.379997,71752
2026-04-27 17:45:00+00:00,102.389999,102.449997,102.230003,102.392502,95856
2026-04-27 17:50:00+00:00,102.339996,102.489998,102.290001,102.430000,44859
2026-04-27 17:55:00+00:00,102.434998,102.489998,102.339996,102.445000,48160
2026-04-27 18:00:00+00:00,102.459999,102.470001,102.330002,102.355003,37862
2026-04-27 18:05:00+00:00,102.349998,102.449997,102.070000,102.389999,178987
2026-04-27 18:10:00+00:00,102.389999,102.589996,102.389999,102.519997,54120
2026-04-27 18:15:00+00:00,102.529999,102.529999,102.445000,102.470001,27000
2026-04-27 18:20:00+00:00,102.459999,102.459999,102.180000,102.190002,90825
2026-04-27 18:25:00+00:00,102.190002,102.279999,102.059998,102.256905,80350
2026-04-27 18:30:00+00:00,102.250000,102.285004,102.099998,102.120003,47195
2026-04-27 18:35:00+00:00,102.125000,102.254997,102.110001,102.209999,55410
2026-04-27 18:40:00+00:00,102.209999,102.209999,102.150002,102.169998,38758
2026-04-27 18:45:00+00:00,102.167419,102.300003,102.160004,102.269997,45994
2026-04-27 18:50:00+00:00,102.269997,102.324997,102.209999,102.320000,63342
2026-04-27 18:55:00+00:00,102.320000,102.335999,102.269997,102.269997,42650
2026-04-27 19:00:00+00:00,102.275002,102.279999,102.120102,102.190102,68875
2026-04-27 19:05:00+00:00,102.180000,102.209999,102.095001,102.110001,59280
2026-04-27 19:10:00+00:00,102.089996,102.190002,102.070000,102.080002,93167
2026-04-27 19:15:00+00:00,102.098999,102.230003,102.098999,102.205002,56273
2026-04-27 19:20:00+00:00,102.199997,102.349998,102.175003,102.349998,51115
2026-04-27 19:25:00+00:00,102.360001,102.470001,102.339996,102.410004,80887
2026-04-27 19:30:00+00:00,102.400002,102.419998,102.260002,102.290001,85920
2026-04-27 19:35:00+00:00,102.300003,102.389000,102.300003,102.370102,78978
2026-04-27 19:40:00+00:00,102.379997,102.400002,102.300003,102.300003,91886
2026-04-27 19:45:00+00:00,102.300003,102.410004,102.279999,102.404999,93027
2026-04-27 19:50:00+00:00,102.410004,102.500000,102.260002,102.480003,140957
2026-04-27 19:55:00+00:00,102.510002,102.540001,102.349998,102.364998,322471
2026-04-28 13:30:00+00:00,102.660004,103.289902,102.500000,102.639999,220028
2026-04-28 13:35:00+00:00,102.599998,102.610001,102.000000,102.120003,74985
2026-04-28 13:40:00+00:00,102.129997,102.319397,101.910004,101.970001,70913
2026-04-28 13:45:00+00:00,102.019997,102.044998,100.889999,101.035004,309392
2026-04-28 13:50:00+00:00,101.019997,101.940002,100.610001,101.379997,464301
2026-04-28 13:55:00+00:00,101.330002,101.699997,101.169998,101.379997,110781
2026-04-28 14:00:00+00:00,101.379997,101.614998,101.224998,101.540001,76164
2026-04-28 14:05:00+00:00,101.535004,101.535004,101.099998,101.360001,171922
2026-04-28 14:10:00+00:00,101.371300,101.389999,101.224998,101.224998,70629
2026-04-28 14:15:00+00:00,101.245003,101.449997,101.199997,101.260002,68520
2026-04-28 14:20:00+00:00,101.269997,101.610001,101.260002,101.610001,105460
2026-04-28 14:25:00+00:00,101.620003,101.669998,101.485001,101.504997,69521
2026-04-28 14:30:00+00:00,101.480003,101.830002,101.449997,101.790001,48432
2026-04-28 14:35:00+00:00,101.790001,101.820000,101.684998,101.797501,89345
2026-04-28 14:40:00+00:00,101.800003,101.919998,101.739998,101.824997,60576
2026-04-28 14:45:00+00:00,101.830002,101.916702,101.760002,101.900002,43374
2026-04-28 14:50:00+00:00,101.905212,101.989998,101.760002,101.779999,106759
2026-04-28 14:55:00+00:00,101.779999,101.790001,101.519997,101.519997,86582
2026-04-28 15:00:00+00:00,101.510002,101.625000,101.379997,101.620003,156002
2026-04-28 15:05:00+00:00,101.610001,101.785004,101.555000,101.785004,37904
2026-04-28 15:10:00+00:00,101.779999,101.864998,101.589996,101.864998,99684
2026-04-28 15:15:00+00:00,101.864998,101.864998,101.650002,101.690002,43687
2026-04-28 15:20:00+00:00,101.705002,101.826103,101.639999,101.790001,47230
2026-04-28 15:25:00+00:00,101.800003,101.849998,101.570000,101.610001,76596
2026-04-28 15:30:00+00:00,101.629997,101.769997,101.489998,101.699997,66105
2026-04-28 15:35:00+00:00,101.699997,101.750000,101.620003,101.730003,34926
2026-04-28 15:40:00+00:00,101.720001,101.750000,101.589996,101.599998,25728
2026-04-28 15:45:00+00:00,101.599998,101.760002,101.599998,101.760002,36516
2026-04-28 15:50:00+00:00,101.758331,101.870003,101.720001,101.800003,59411
2026-04-28 15:55:00+00:00,101.800003,101.800003,101.635002,101.740097,63600
2026-04-28 16:00:00+00:00,101.750000,101.800003,101.714996,101.714996,26854
2026-04-28 16:05:00+00:00,101.730003,101.760002,101.699997,101.754997,27983
2026-04-28 16:10:00+00:00,101.750000,101.800003,101.724998,101.779999,53563
2026-04-28 16:15:00+00:00,101.779999,101.785004,101.690002,101.720001,38648
2026-04-28 16:20:00+00:00,101.730003,101.830002,101.709999,101.830002,21970
2026-04-28 16:25:00+00:00,101.839996,101.930000,101.739998,101.930000,47439
2026-04-28 16:30:00+00:00,101.925003,101.964996,101.730003,101.830002,67574
2026-04-28 16:35:00+00:00,101.839996,101.860001,101.760101,101.834999,22840
2026-04-28 16:40:00+00:00,101.839996,101.849998,101.757500,101.775002,18010
2026-04-28 16:45:00+00:00,101.764999,101.809998,101.690002,101.764999,46679
2026-04-28 16:50:00+00:00,101.739998,101.790001,101.739998,101.769997,21094
2026-04-28 16:55:00+00:00,101.769997,101.809998,101.769997,101.790001,27911
2026-04-28 17:00:00+00:00,101.785004,101.809998,101.750000,101.760002,24579
2026-04-28 17:05:00+00:00,101.760002,101.800003,101.730003,101.800003,28186
2026-04-28 17:10:00+00:00,101.800003,101.830002,101.739998,101.739998,40105
2026-04-28 17:15:00+00:00,101.750000,101.769997,101.709999,101.739998,34206
2026-04-28 17:20:00+00:00,101.750000,101.809998,101.699997,101.730003,47372
2026-04-28 17:25:00+00:00,101.750000,101.825279,101.739998,101.800003,30197
2026-04-28 17:30:00+00:00,101.809998,101.809998,101.720001,101.790001,24960
2026-04-28 17:35:00+00:00,101.784302,101.834999,101.730003,101.730003,30982
2026-04-28 17:40:00+00:00,101.724998,101.735001,101.660004,101.690002,26077
2026-04-28 17:45:00+00:00,101.699997,101.714996,101.620003,101.629997,26547
2026-04-28 17:50:00+00:00,101.639999,101.660004,101.610001,101.658997,27036
2026-04-28 17:55:00+00:00,101.654999,101.699997,101.650002,101.690002,19693
2026-04-28 18:00:00+00:00,101.690002,101.745003,101.669998,101.699997,30164
2026-04-28 18:05:00+00:00,101.684998,101.730003,101.669998,101.669998,21769
2026-04-28 18:10:00+00:00,101.660004,101.720001,101.650101,101.680000,20868
2026-04-28 18:15:00+00:00,101.680000,101.735001,101.669998,101.669998,22969
2026-04-28 18:20:00+00:00,101.690002,101.790001,101.400002,101.440002,79902
2026-04-28 18:25:00+00:00,101.430000,101.579399,101.355003,101.550003,57489
2026-04-28 18:30:00+00:00,101.550003,101.550003,101.419998,101.434998,38112
2026-04-28 18:35:00+00:00,101.440002,101.464996,101.370003,101.419998,42418
2026-04-28 18:40:00+00:00,101.430000,101.470001,101.370003,101.459999,48782
2026-04-28 18:45:00+00:00,101.449997,101.470001,101.410004,101.449997,35789
2026-04-28 18:50:00+00:00,101.445000,101.525002,101.410004,101.489998,41018
2026-04-28 18:55:00+00:00,101.480003,101.580002,101.480003,101.539902,41047
2026-04-28 19:00:00+00:00,101.510002,101.520103,101.449997,101.460297,38695
2026-04-28 19:05:00+00:00,101.470001,101.525002,101.459999,101.483803,29251
2026-04-28 19:10:00+00:00,101.480003,101.489998,101.370003,101.434998,69823
2026-04-28 19:15:00+00:00,101.434998,101.510002,101.309998,101.324997,67460
2026-04-28 19:20:00+00:00,101.309998,101.410004,101.294998,101.334602,77119
2026-04-28 19:25:00+00:00,101.339996,101.379997,101.260002,101.260002,89111
2026-04-28 19:30:00+00:00,101.269997,101.320000,101.150002,101.160004,79867
2026-04-28 19:35:00+00:00,101.199997,101.290001,101.175003,101.264999,84497
2026-04-28 19:40:00+00:00,101.269997,101.370003,101.235001,101.349998,58809
2026-04-28 19:45:00+00:00,101.339996,101.400002,101.309998,101.400002,86937
2026-04-28 19:50:00+00:00,101.410004,101.599998,101.400002,101.550003,135009
2026-04-28 19:55:00+00:00,101.540001,101.580002,101.459999,101.480003,301802
2026-04-29 13:30:00+00:00,100.940002,101.480003,100.940002,101.195000,143486
2026-04-29 13:35:00+00:00,101.150002,101.349998,100.959999,100.974998,55647
2026-04-29 13:40:00+00:00,100.959999,101.070000,100.764999,100.800003,64969
2026-04-29 13:45:00+00:00,100.820000,100.959999,100.739998,100.930000,62921
2026-04-29 13:50:00+00:00,100.940002,100.945000,100.760002,100.775002,39883
2026-04-29 13:55:00+00:00,100.769997,100.989998,100.760002,100.900002,56272
2026-04-29 14:00:00+00:00,100.860001,100.930000,100.769997,100.915001,59870
2026-04-29 14:05:00+00:00,100.919998,101.059998,100.885002,101.044998,54040
2026-04-29 14:10:00+00:00,101.050003,101.139900,100.940002,100.980003,46432
2026-04-29 14:15:00+00:00,100.970001,101.050003,100.940002,100.949997,30542
2026-04-29 14:20:00+00:00,100.970001,101.154999,100.970001,101.040001,40096
2026-04-29 14:25:00+00:00,101.050003,101.050003,100.870003,100.870003,41162
2026-04-29 14:30:00+00:00,100.870003,101.129997,100.870003,101.099998,69012
2026-04-29 14:35:00+00:00,101.110001,101.139999,100.989998,101.000000,43809
2026-04-29 14:40:00+00:00,100.989998,101.040001,100.910004,100.919998,38174
2026-04-29 14:45:00+00:00,100.915100,100.919998,100.800003,100.889999,43109
2026-04-29 14:50:00+00:00,100.879997,101.029999,100.849998,101.000000,43422
2026-04-29 14:55:00+00:00,101.019997,101.019997,100.889999,101.000000,50893
2026-04-29 15:00:00+00:00,100.989998,101.000000,100.889999,100.980003,48411
2026-04-29 15:05:00+00:00,100.990097,101.010002,100.925003,100.980003,50262
2026-04-29 15:10:00+00:00,100.980003,101.010002,100.760002,100.790001,37393
2026-04-29 15:15:00+00:00,100.790001,100.870003,100.779999,100.830002,45418
2026-04-29 15:20:00+00:00,100.809998,100.830002,100.740097,100.820000,48524
2026-04-29 15:25:00+00:00,100.820000,100.849998,100.730003,100.839996,52392
2026-04-29 15:30:00+00:00,100.849998,100.855003,100.690002,100.720001,54754
2026-04-29 15:35:00+00:00,100.720001,100.820000,100.720001,100.720001,34385
2026-04-29 15:40:00+00:00,100.730003,100.820000,100.720001,100.775002,29854
2026-04-29 15:45:00+00:00,100.800003,100.894997,100.779999,100.894997,23982
2026-04-29 15:50:00+00:00,100.894997,100.970001,100.790001,100.849998,54051
2026-04-29 15:55:00+00:00,100.870003,100.930000,100.860001,100.904999,38564
2026-04-29 16:00:00+00:00,100.915001,100.919998,100.830002,100.919998,80603
2026-04-29 16:05:00+00:00,100.919998,101.004997,100.910004,100.949997,37680
2026-04-29 16:10:00+00:00,100.949997,100.989998,100.919998,100.930000,34484
2026-04-29 16:15:00+00:00,100.934998,100.980003,100.919998,100.959999,51968
2026-04-29 16:20:00+00:00,100.974998,101.019997,100.959999,100.989998,31244
2026-04-29 16:25:00+00:00,101.000000,101.004997,100.940002,100.949997,44106
2026-04-29 16:30:00+00:00,100.940002,100.945000,100.839996,100.860001,39111
2026-04-29 16:35:00+00:00,100.860001,100.930000,100.849998,100.889999,23281
2026-04-29 16:40:00+00:00,100.900002,100.949997,100.889999,100.919998,29237
2026-04-29 16:45:00+00:00,100.910004,100.956001,100.800003,100.809998,303957
2026-04-29 16:50:00+00:00,100.809998,100.879997,100.800003,100.879997,21027
2026-04-29 16:55:00+00:00,100.879997,100.885002,100.800003,100.839996,23263
2026-04-29 17:00:00+00:00,100.849998,100.849998,100.705002,100.709999,37223
2026-04-29 17:05:00+00:00,100.714996,100.730003,100.680000,100.709999,25235
2026-04-29 17:10:00+00:00,100.709999,100.720001,100.620003,100.639999,24881
2026-04-29 17:15:00+00:00,100.639999,100.680000,100.599998,100.680000,26450
2026-04-29 17:20:00+00:00,100.680000,100.739998,100.680000,100.720100,28322
2026-04-29 17:25:00+00:00,100.724998,100.809998,100.695000,100.809998,31609
2026-04-29 17:30:00+00:00,100.800003,100.870003,100.800003,100.800003,34081
2026-04-29 17:35:00+00:00,100.800003,100.855003,100.800003,100.805000,29756
2026-04-29 17:40:00+00:00,100.800003,100.800003,100.739998,100.764999,25487
2026-04-29 17:45:00+00:00,100.769997,100.860001,100.769997,100.820000,27727
2026-04-29 17:50:00+00:00,100.820000,100.849998,100.760002,100.769997,35570
2026-04-29 17:55:00+00:00,100.760002,100.919998,100.739998,100.910004,35085
2026-04-29 18:00:00+00:00,100.900002,100.934998,100.830002,100.870003,52774
2026-04-29 18:05:00+00:00,100.865097,100.900002,100.769997,100.800003,39588
2026-04-29 18:10:00+00:00,100.790001,100.820503,100.730003,100.754997,48608
2026-04-29 18:15:00+00:00,100.750198,100.820000,100.739998,100.769997,27169
2026-04-29 18:20:00+00:00,100.750000,100.760002,100.680000,100.699997,28841
2026-04-29 18:25:00+00:00,100.699997,100.779999,100.660004,100.779999,34249
2026-04-29 18:30:00+00:00,100.779999,100.800003,100.730003,100.739998,47972
2026-04-29 18:35:00+00:00,100.750000,100.849998,100.750000,100.830002,63751
2026-04-29 18:40:00+00:00,100.820000,100.849998,100.690002,100.690002,46539
2026-04-29 18:45:00+00:00,100.690002,100.790001,100.690002,100.790001,42002
2026-04-29 18:50:00+00:00,100.779999,100.849998,100.750000,100.750000,51008
2026-04-29 18:55:00+00:00,100.739998,100.860001,100.730003,100.845001,50699
2026-04-29 19:00:00+00:00,100.839996,100.900002,100.800003,100.875000,37641
2026-04-29 19:05:00+00:00,100.860001,100.940002,100.820000,100.930000,38010
2026-04-29 19:10:00+00:00,100.949997,100.970001,100.900002,100.970001,41218
2026-04-29 19:15:00+00:00,100.970001,101.035004,100.930000,101.029999,50706
2026-04-29 19:20:00+00:00,101.029999,101.110001,101.025002,101.089996,62341
2026-04-29 19:25:00+00:00,101.089996,101.230003,101.070000,101.184998,99707
2026-04-29 19:30:00+00:00,101.184998,101.239998,101.004997,101.055000,95249
2026-04-29 19:35:00+00:00,101.055000,101.110001,101.019997,101.084999,44622
2026-04-29 19:40:00+00:00,101.084999,101.160004,101.084999,101.150002,63068
2026-04-29 19:45:00+00:00,101.139999,101.224998,101.129997,101.190002,86884
2026-04-29 19:50:00+00:00,101.180000,101.250000,101.139999,101.230003,154278
2026-04-29 19:55:00+00:00,101.230003,101.309998,101.180000,101.300003,275965
2026-04-30 13:30:00+00:00,100.910004,101.254997,100.419998,100.885002,950821
2026-04-30 13:35:00+00:00,100.930000,101.400002,100.904999,101.254997,127271
2026-04-30 13:40:00+00:00,101.257889,101.629997,101.230003,101.389999,103699
2026-04-30 13:45:00+00:00,101.385002,101.514999,101.315002,101.374496,64724
2026-04-30 13:50:00+00:00,101.389999,101.535004,101.239998,101.485001,96293
2026-04-30 13:55:00+00:00,101.470001,101.570000,101.339996,101.339996,96435
2026-04-30 14:00:00+00:00,101.349998,101.489998,101.320000,101.389999,83180
2026-04-30 14:05:00+00:00,101.400002,101.570000,101.400002,101.470001,108099
2026-04-30 14:10:00+00:00,101.459999,101.690002,101.449997,101.669998,144890
2026-04-30 14:15:00+00:00,101.680000,101.970001,101.680000,101.955002,92654
2026-04-30 14:20:00+00:00,101.964996,102.139999,101.889999,102.135002,87133
2026-04-30 14:25:00+00:00,102.137497,102.250000,102.080002,102.250000,79281
2026-04-30 14:30:00+00:00,102.250000,102.529999,102.250000,102.430000,80224
2026-04-30 14:35:00+00:00,102.400002,102.709999,102.400002,102.629997,96805
2026-04-30 14:40:00+00:00,102.629997,102.690002,102.500000,102.589996,78999
2026-04-30 14:45:00+00:00,102.589996,102.650002,102.495003,102.639999,53495
2026-04-30 14:50:00+00:00,102.639999,102.794998,102.639999,102.769997,47473
2026-04-30 14:55:00+00:00,102.779999,102.860001,102.729698,102.790001,85045
2026-04-30 15:00:00+00:00,102.794998,102.800003,102.605003,102.610001,55533
2026-04-30 15:05:00+00:00,102.599998,102.769997,102.550003,102.680000,45124
2026-04-30 15:10:00+00:00,102.680000,102.750000,102.660500,102.669998,64765
2026-04-30 15:15:00+00:00,102.669998,102.800003,102.669998,102.790001,55333
2026-04-30 15:20:00+00:00,102.805000,102.900002,102.754997,102.870003,51119
2026-04-30 15:25:00+00:00,102.870003,102.900002,102.800003,102.839996,47821
2026-04-30 15:30:00+00:00,102.830002,102.845001,102.699997,102.730003,58819
2026-04-30 15:35:00+00:00,102.730003,102.849998,102.699600,102.790001,71024
2026-04-30 15:40:00+00:00,102.760002,102.845001,102.739998,102.839996,41151
2026-04-30 15:45:00+00:00,102.830002,102.879997,102.800003,102.830002,27570
2026-04-30 15:50:00+00:00,102.820297,102.870003,102.809998,102.855003,44651
2026-04-30 15:55:00+00:00,102.860001,102.889999,102.735001,102.779999,46601
2026-04-30 16:00:00+00:00,102.769997,102.875000,102.760002,102.875000,22903
2026-04-30 16:05:00+00:00,102.879997,102.900002,102.760002,102.809998,60639
2026-04-30 16:10:00+00:00,102.815002,102.855003,102.805000,102.830101,27723
2026-04-30 16:15:00+00:00,102.849998,102.849998,102.769997,102.794998,39821
2026-04-30 16:20:00+00:00,102.794998,102.815002,102.769997,102.815002,29661
2026-04-30 16:25:00+00:00,102.809998,102.889999,102.809700,102.889999,37217
2026-04-30 16:30:00+00:00,102.889999,102.928497,102.839996,102.849998,60261
2026-04-30 16:35:00+00:00,102.839996,102.879997,102.809998,102.864998,34691
2026-04-30 16:40:00+00:00,102.870003,102.974998,102.830002,102.889999,99049
2026-04-30 16:45:00+00:00,102.904999,102.949997,102.860001,102.919998,45458
2026-04-30 16:50:00+00:00,102.915001,102.930000,102.849998,102.870003,32244
2026-04-30 16:55:00+00:00,102.860001,102.889999,102.750000,102.750000,65988
2026-04-30 17:00:00+00:00,102.760002,102.790001,102.660004,102.680000,26246
2026-04-30 17:05:00+00:00,102.689003,102.750000,102.689003,102.720001,35999
2026-04-30 17:10:00+00:00,102.709999,102.739502,102.680000,102.680000,27898
2026-04-30 17:15:00+00:00,102.669998,102.709999,102.650002,102.690002,31803
2026-04-30 17:20:00+00:00,102.699997,102.809998,102.699997,102.805000,51939
2026-04-30 17:25:00+00:00,102.800003,102.900002,102.779999,102.894997,28645
2026-04-30 17:30:00+00:00,102.904999,103.050003,102.904999,103.014999,47406
2026-04-30 17:35:00+00:00,103.014999,103.070000,102.985001,102.995003,31287
2026-04-30 17:40:00+00:00,102.995003,103.000000,102.940002,102.949997,26231
2026-04-30 17:45:00+00:00,102.945000,103.035004,102.940002,103.025002,24729
2026-04-30 17:50:00+00:00,103.029999,103.029999,102.959000,102.964996,24172
2026-04-30 17:55:00+00:00,102.940002,103.019997,102.930000,102.989998,45204
2026-04-30 18:00:00+00:00,102.995003,103.190002,102.989998,103.144997,44638
2026-04-30 18:05:00+00:00,103.139999,103.279999,103.120003,103.249901,56969
2026-04-30 18:10:00+00:00,103.260002,103.285004,103.220001,103.275002,59258
2026-04-30 18:15:00+00:00,103.279999,103.410004,103.275002,103.379997,49233
2026-04-30 18:20:00+00:00,103.375000,103.404999,103.305000,103.309998,31891
2026-04-30 18:25:00+00:00,103.305000,103.330002,103.280998,103.290001,30016
2026-04-30 18:30:00+00:00,103.290001,103.330002,103.245003,103.305000,57260
2026-04-30 18:35:00+00:00,103.309998,103.440002,103.290001,103.425003,50613
2026-04-30 18:40:00+00:00,103.419998,103.595001,103.415001,103.550003,61505
2026-04-30 18:45:00+00:00,103.559998,103.644997,103.519997,103.639999,46299
2026-04-30 18:50:00+00:00,103.629997,103.675003,103.595001,103.610001,43930
2026-04-30 18:55:00+00:00,103.610001,103.639999,103.540001,103.559998,63108
2026-04-30 19:00:00+00:00,103.550102,103.650002,103.529999,103.639999,53818
2026-04-30 19:05:00+00:00,103.635002,103.665001,103.570000,103.570000,54302
2026-04-30 19:10:00+00:00,103.570000,103.790001,103.559998,103.750000,58564
2026-04-30 19:15:00+00:00,103.739998,103.760002,103.630798,103.650002,61764
2026-04-30 19:20:00+00:00,103.639999,103.660004,103.559998,103.629997,65104
2026-04-30 19:25:00+00:00,103.629997,103.660004,103.529999,103.650002,81987
2026-04-30 19:30:00+00:00,103.639999,103.730003,103.620003,103.684998,110666
2026-04-30 19:35:00+00:00,103.669998,103.845001,103.629997,103.836998,87087
2026-04-30 19:40:00+00:00,103.830002,103.849998,103.760002,103.779999,91012
2026-04-30 19:45:00+00:00,103.779999,103.940002,103.750000,103.915001,116432
2026-04-30 19:50:00+00:00,103.919998,104.120003,103.910004,103.989998,306196
2026-04-30 19:55:00+00:00,103.980003,104.019997,103.699997,103.739998,717191
2026-05-01 13:30:00+00:00,104.400002,104.832497,103.680000,103.900002,256954
2026-05-01 13:35:00+00:00,104.019997,104.110001,103.495003,103.519997,89666
2026-05-01 13:40:00+00:00,103.529999,103.650002,103.199997,103.650002,63477
2026-05-01 13:45:00+00:00,103.550003,103.769997,103.504997,103.690002,71569
2026-05-01 13:50:00+00:00,103.730003,103.779999,103.510002,103.760002,50944
2026-05-01 13:55:00+00:00,103.769997,103.970001,103.739998,103.910004,90806
2026-05-01 14:00:00+00:00,103.879997,103.980003,103.695000,103.830002,72613
2026-05-01 14:05:00+00:00,103.820000,103.870003,103.589996,103.589996,50676
2026-05-01 14:10:00+00:00,103.599998,103.714996,103.580002,103.629997,46065
2026-05-01 14:15:00+00:00,103.660004,103.830002,103.660004,103.730003,56955
2026-05-01 14:20:00+00:00,103.739998,103.739998,103.500000,103.570000,57737
2026-05-01 14:25:00+00:00,103.559998,103.599998,103.370003,103.430000,35473
2026-05-01 14:30:00+00:00,103.445000,103.764999,103.445000,103.764999,46973
2026-05-01 14:35:00+00:00,103.690002,103.790001,103.610001,103.769997,100662
2026-05-01 14:40:00+00:00,103.750000,103.769997,103.639999,103.639999,51970
2026-05-01 14:45:00+00:00,103.644997,103.709999,103.570000,103.669998,35815
2026-05-01 14:50:00+00:00,103.669998,103.750000,103.559998,103.660004,70580
2026-05-01 14:55:00+00:00,103.660004,103.730003,103.620003,103.620003,37492
2026-05-01 15:00:00+00:00,103.620003,103.760002,103.599998,103.684998,38098
2026-05-01 15:05:00+00:00,103.660004,103.779999,103.660004,103.730103,43310
2026-05-01 15:10:00+00:00,103.760002,103.760002,103.639999,103.709999,45509
2026-05-01 15:15:00+00:00,103.720001,103.830002,103.699997,103.699997,63320
2026-05-01 15:20:00+00:00,103.720001,103.800003,103.699997,103.769997,46530
2026-05-01 15:25:00+00:00,103.760002,103.779999,103.660004,103.709999,71646
2026-05-01 15:30:00+00:00,103.724998,103.750000,103.610001,103.635002,33309
2026-05-01 15:35:00+00:00,103.639999,103.680000,103.580002,103.669998,51870
2026-05-01 15:40:00+00:00,103.680000,103.760002,103.660004,103.750000,49517
2026-05-01 15:45:00+00:00,103.769997,103.809998,103.720001,103.745003,49626
2026-05-01 15:50:00+00:00,103.754997,103.879997,103.699997,103.790001,111546
2026-05-01 15:55:00+00:00,103.790001,103.845100,103.769997,103.809998,54442
2026-05-01 16:00:00+00:00,103.820000,103.820000,103.720001,103.760002,35856
2026-05-01 16:05:00+00:00,103.760002,103.779999,103.629997,103.669998,45356
2026-05-01 16:10:00+00:00,103.650002,103.680000,103.599998,103.639999,42755
2026-05-01 16:15:00+00:00,103.650002,103.680000,103.629997,103.669998,25549
2026-05-01 16:20:00+00:00,103.680000,103.699997,103.570000,103.620003,34650
2026-05-01 16:25:00+00:00,103.595001,103.639999,103.530701,103.559998,33571
2026-05-01 16:30:00+00:00,103.540001,103.620003,103.500000,103.620003,31028
2026-05-01 16:35:00+00:00,103.610001,103.650002,103.550003,103.650002,21359
2026-05-01 16:40:00+00:00,103.669899,103.669899,103.589996,103.589996,25575
2026-05-01 16:45:00+00:00,103.580002,103.621002,103.542999,103.559998,25770
2026-05-01 16:50:00+00:00,103.580002,103.610001,103.540001,103.589996,35771
2026-05-01 16:55:00+00:00,103.589996,103.680000,103.550301,103.610001,47819
2026-05-01 17:00:00+00:00,103.610001,103.639999,103.540001,103.550797,57557
2026-05-01 17:05:00+00:00,103.540001,103.605003,103.470001,103.470001,29131
2026-05-01 17:10:00+00:00,103.475098,103.540001,103.470001,103.519897,55313
2026-05-01 17:15:00+00:00,103.519997,103.529999,103.443001,103.483002,31138
2026-05-01 17:20:00+00:00,103.485001,103.490303,103.449997,103.474998,27497
2026-05-01 17:25:00+00:00,103.480003,103.504997,103.440002,103.500000,38255
2026-05-01 17:30:00+00:00,103.480003,103.550003,103.480003,103.480003,37535
2026-05-01 17:35:00+00:00,103.480003,103.485001,103.410004,103.440002,53493
2026-05-01 17:40:00+00:00,103.449997,103.459999,103.389999,103.389999,48132
2026-05-01 17:45:00+00:00,103.394997,103.404999,103.364998,103.364998,60823
2026-05-01 17:50:00+00:00,103.364998,103.442299,103.310097,103.410004,61980
2026-05-01 17:55:00+00:00,103.419998,103.500000,103.410004,103.425003,37230
2026-05-01 18:00:00+00:00,103.430000,103.470001,103.375000,103.400002,29071
2026-05-01 18:05:00+00:00,103.370003,103.379997,103.334999,103.349998,29894
2026-05-01 18:10:00+00:00,103.345001,103.410004,103.269997,103.269997,51924
2026-05-01 18:15:00+00:00,103.250000,103.254997,103.190002,103.205002,66147
2026-05-01 18:20:00+00:00,103.190002,103.290001,103.169998,103.220100,61053
2026-05-01 18:25:00+00:00,103.220001,103.250000,103.150002,103.230003,59186
2026-05-01 18:30:00+00:00,103.239998,103.250000,103.110001,103.110001,85535
2026-05-01 18:35:00+00:00,103.114998,103.114998,102.970001,103.000702,111131
2026-05-01 18:40:00+00:00,103.010002,103.139999,102.970001,103.139999,77485
2026-05-01 18:45:00+00:00,103.171997,103.199997,103.059998,103.139999,92325
2026-05-01 18:50:00+00:00,103.150002,103.190102,103.070000,103.074997,72639
2026-05-01 18:55:00+00:00,103.080002,103.175003,103.050003,103.154999,62854
2026-05-01 19:00:00+00:00,103.150002,103.220001,103.107201,103.210098,79727
2026-05-01 19:05:00+00:00,103.230003,103.360001,103.220001,103.349998,64019
2026-05-01 19:10:00+00:00,103.360001,103.489998,103.339996,103.489998,43314
2026-05-01 19:15:00+00:00,103.489998,103.565002,103.455002,103.565002,59958
2026-05-01 19:20:00+00:00,103.559998,103.614998,103.535004,103.535004,46338
2026-05-01 19:25:00+00:00,103.540001,103.720001,103.540001,103.709999,89307
2026-05-01 19:30:00+00:00,103.714996,103.724998,103.570000,103.660004,72494
2026-05-01 19:35:00+00:00,103.660004,103.699997,103.590103,103.654999,86215
2026-05-01 19:40:00+00:00,103.660004,103.660004,103.500000,103.529999,64980
2026-05-01 19:45:00+00:00,103.525002,103.540001,103.430000,103.449997,64635
2026-05-01 19:50:00+00:00,103.449997,103.539902,103.339996,103.339996,149921
2026-05-01 19:55:00+00:00,103.339996,103.425003,103.059998,103.089996,480884
2026-05-04 13:30:00+00:00,102.739998,102.779999,101.675003,102.070000,361711
2026-05-04 13:35:00+00:00,102.029999,102.349998,101.875000,102.080002,171190
2026-05-04 13:40:00+00:00,102.099998,102.199997,101.910004,101.989998,91365
2026-05-04 13:45:00+00:00,102.010002,102.205002,101.989998,102.165001,136359
2026-05-04 13:50:00+00:00,102.190002,102.599998,102.080002,102.599998,90510
2026-05-04 13:55:00+00:00,102.610001,102.754997,102.430000,102.440002,115933
2026-05-04 14:00:00+00:00,102.449997,102.459999,102.205002,102.300003,81330
2026-05-04 14:05:00+00:00,102.275002,102.400002,102.220001,102.230003,65682
2026-05-04 14:10:00+00:00,102.220001,102.629997,102.199997,102.620003,148393
2026-05-04 14:15:00+00:00,102.620003,102.754997,102.480003,102.669998,272796
2026-05-04 14:20:00+00:00,102.690002,102.959999,102.690002,102.851196,80028
2026-05-04 14:25:00+00:00,102.860001,103.000000,102.849998,102.940002,90906
2026-05-04 14:30:00+00:00,102.940002,103.050003,102.900002,102.919998,72473
2026-05-04 14:35:00+00:00,102.900002,102.940002,102.769997,102.829903,71301
2026-05-04 14:40:00+00:00,102.830002,102.830002,102.599998,102.599998,60547
2026-05-04 14:45:00+00:00,102.610001,102.820000,102.570000,102.820000,83156
2026-05-04 14:50:00+00:00,102.805000,102.889999,102.769997,102.809998,45128
2026-05-04 14:55:00+00:00,102.830002,102.830002,102.589996,102.614998,45008
2026-05-04 15:00:00+00:00,102.589996,102.610001,102.480003,102.500000,51973
2026-05-04 15:05:00+00:00,102.489998,102.643997,102.430000,102.470001,62807
2026-05-04 15:10:00+00:00,102.470001,102.480003,102.370003,102.419998,113665
2026-05-04 15:15:00+00:00,102.410004,102.535004,102.330002,102.410004,66455
2026-05-04 15:20:00+00:00,102.394997,102.410004,102.110001,102.150002,90802
2026-05-04 15:25:00+00:00,102.120003,102.175102,102.050003,102.095001,66092
2026-05-04 15:30:00+00:00,102.099998,102.160004,102.059998,102.120003,108952
2026-05-04 15:35:00+00:00,102.110001,102.184998,102.040001,102.125000,51881
2026-05-04 15:40:00+00:00,102.120003,102.129997,102.010002,102.099998,46710
2026-05-04 15:45:00+00:00,102.089996,102.099998,101.870003,101.900002,79787
2026-05-04 15:50:00+00:00,101.900002,101.915001,101.779999,101.889999,99171
2026-05-04 15:55:00+00:00,101.889999,102.025002,101.849998,101.989998,111756
2026-05-04 16:00:00+00:00,101.989998,102.050003,101.940002,102.029900,48878
2026-05-04 16:05:00+00:00,102.019997,102.120003,101.809998,101.830002,140717
2026-05-04 16:10:00+00:00,101.790001,102.044998,101.760002,101.919998,59841
2026-05-04 16:15:00+00:00,101.915001,102.250000,101.904999,102.180000,376582
2026-05-04 16:20:00+00:00,102.269997,102.330002,102.150002,102.150002,65966
2026-05-04 16:25:00+00:00,102.154999,102.195000,102.040001,102.120003,49813
2026-05-04 16:30:00+00:00,102.180000,102.180000,102.110001,102.165001,29875
2026-05-04 16:35:00+00:00,102.165001,102.184998,102.040001,102.125000,37907
2026-05-04 16:40:00+00:00,102.120003,102.199997,102.040001,102.040001,58569
2026-05-04 16:45:00+00:00,102.050003,102.074997,101.879997,101.904999,78282
2026-05-04 16:50:00+00:00,101.904999,101.919998,101.739998,101.800003,155411
2026-05-04 16:55:00+00:00,101.805000,101.839996,101.740097,101.799896,38344
2026-05-04 17:00:00+00:00,101.809998,101.820000,101.629997,101.723602,54978
2026-05-04 17:05:00+00:00,101.720001,101.799797,101.705002,101.730003,33004
2026-05-04 17:10:00+00:00,101.720398,101.800003,101.720398,101.800003,29108
2026-05-04 17:15:00+00:00,101.800003,101.949997,101.730003,101.919998,54455
2026-05-04 17:20:00+00:00,101.949997,102.070000,101.925003,102.025002,53731
2026-05-04 17:25:00+00:00,102.049896,102.055000,102.004997,102.019997,33751
2026-05-04 17:30:00+00:00,102.029999,102.029999,101.856003,101.900002,50856
2026-05-04 17:35:00+00:00,101.900002,101.949997,101.864998,101.940002,27409
2026-05-04 17:40:00+00:00,101.930000,102.010002,101.910004,101.945000,30952
2026-05-04 17:45:00+00:00,101.945000,102.020599,101.930000,102.000000,46394
2026-05-04 17:50:00+00:00,101.989998,102.029999,101.907501,101.934998,50996
2026-05-04 17:55:00+00:00,101.940002,101.940002,101.720001,101.730003,70978
2026-05-04 18:00:00+00:00,101.720001,101.900002,101.720001,101.900002,46048
2026-05-04 18:05:00+00:00,101.904999,102.010002,101.889999,102.004997,35413
2026-05-04 18:10:00+00:00,102.010002,102.029999,101.949997,101.959999,29199
2026-05-04 18:15:00+00:00,101.930000,101.945000,101.900002,101.930000,26777
2026-05-04 18:20:00+00:00,101.919998,101.940002,101.849998,101.860001,46418
2026-05-04 18:25:00+00:00,101.860001,101.900002,101.830002,101.860001,72146
2026-05-04 18:30:00+00:00,101.870003,101.964996,101.830002,101.949997,41111
2026-05-04 18:35:00+00:00,101.959900,102.000000,101.889999,101.910004,73464
2026-05-04 18:40:00+00:00,101.904999,101.949997,101.879997,101.930000,34142
2026-05-04 18:45:00+00:00,101.922203,101.999901,101.900002,101.949997,50360
2026-05-04 18:50:00+00:00,101.959999,101.974998,101.779999,101.800003,55730
2026-05-04 18:55:00+00:00,101.805000,101.945000,101.779999,101.870003,57145
2026-05-04 19:00:00+00:00,101.879997,101.879997,101.775002,101.779999,44438
2026-05-04 19:05:00+00:00,101.779999,101.949997,101.730003,101.900002,54834
2026-05-04 19:10:00+00:00,101.879997,101.940002,101.849998,101.879997,42655
2026-05-04 19:15:00+00:00,101.900002,101.900002,101.779999,101.820000,60023
2026-05-04 19:20:00+00:00,101.809998,101.850098,101.785004,101.820000,64013
2026-05-04 19:25:00+00:00,101.830002,101.830002,101.709999,101.709999,99882
2026-05-04 19:30:00+00:00,101.730003,101.769997,101.559998,101.694702,132896
2026-05-04 19:35:00+00:00,101.695000,101.720001,101.550003,101.555000,88933
2026-05-04 19:40:00+00:00,101.555000,101.639999,101.544998,101.570000,93097
2026-05-04 19:45:00+00:00,101.559998,101.650002,101.555000,101.580002,122121
2026-05-04 19:50:00+00:00,101.580002,101.639999,101.307503,101.417503,267185
2026-05-04 19:55:00+00:00,101.419998,101.440002,101.269997,101.339996,517807
2026-05-05 13:30:00+00:00,101.529999,101.730003,101.059998,101.485001,386809
2026-05-05 13:35:00+00:00,101.449997,101.669998,101.070000,101.209999,169922
2026-05-05 13:40:00+00:00,101.209999,101.360001,101.110001,101.190002,115333
2026-05-05 13:45:00+00:00,101.184998,101.440002,101.095001,101.209999,90106
2026-05-05 13:50:00+00:00,101.214996,101.320000,101.059998,101.290001,69590
2026-05-05 13:55:00+00:00,101.290001,101.400002,101.194397,101.389999,108022
2026-05-05 14:00:00+00:00,101.379997,101.480003,101.250000,101.434998,261110
2026-05-05 14:05:00+00:00,101.430000,101.459999,100.779999,100.849998,181479
2026-05-05 14:10:00+00:00,100.849998,101.010002,100.651001,100.709999,196884
2026-05-05 14:15:00+00:00,100.705002,100.750000,100.559998,100.680000,145112
2026-05-05 14:20:00+00:00,100.680000,100.879997,100.485001,100.870697,175611
2026-05-05 14:25:00+00:00,100.889999,100.970001,100.510002,100.519997,133566
2026-05-05 14:30:00+00:00,100.519997,100.620003,100.230003,100.410004,182628
2026-05-05 14:35:00+00:00,100.419998,100.431000,100.169998,100.180000,128270
2026-05-05 14:40:00+00:00,100.180000,100.589996,100.169998,100.559998,258469
2026-05-05 14:45:00+00:00,100.565002,100.720001,100.470001,100.669998,102245
2026-05-05 14:50:00+00:00,100.680000,100.754997,100.650002,100.730003,88632
2026-05-05 14:55:00+00:00,100.730003,100.794998,100.580002,100.599998,139341
2026-05-05 15:00:00+00:00,100.599998,100.760002,100.540001,100.730003,118687
2026-05-05 15:05:00+00:00,100.739998,100.834999,100.660797,100.705002,108091
2026-05-05 15:10:00+00:00,100.699997,100.709999,100.565002,100.625000,238077
2026-05-05 15:15:00+00:00,100.625000,100.720001,100.529999,100.699997,118857
2026-05-05 15:20:00+00:00,100.690002,100.764999,100.559998,100.620003,105088
2026-05-05 15:25:00+00:00,100.629997,100.940002,100.620003,100.930000,69546
2026-05-05 15:30:00+00:00,100.940002,100.949997,100.580002,100.690002,105679
2026-05-05 15:35:00+00:00,100.690002,100.699997,100.510002,100.570000,125170
2026-05-05 15:40:00+00:00,100.574997,100.660004,100.470001,100.510002,177112
2026-05-05 15:45:00+00:00,100.519997,100.620003,100.489998,100.620003,106651
2026-05-05 15:50:00+00:00,100.620003,100.639999,100.470001,100.489998,89606
2026-05-05 15:55:00+00:00,100.489998,100.535004,100.430000,100.495003,87215
2026-05-05 16:00:00+00:00,100.495003,100.550003,100.485001,100.529999,75116
2026-05-05 16:05:00+00:00,100.529999,100.875000,100.529999,100.864998,94756
2026-05-05 16:10:00+00:00,100.875000,100.904999,100.760002,100.790001,107362
2026-05-05 16:15:00+00:00,100.767799,100.820000,100.724998,100.750000,48590
2026-05-05 16:20:00+00:00,100.750000,100.754997,100.650002,100.709999,78038
2026-05-05 16:25:00+00:00,100.709999,100.860001,100.709999,100.845001,54992
2026-05-05 16:30:00+00:00,100.849998,100.849998,100.750000,100.760002,85744
2026-05-05 16:35:00+00:00,100.760002,100.910004,100.699997,100.889999,86023
2026-05-05 16:40:00+00:00,100.889999,100.980003,100.785004,100.800003,120871
2026-05-05 16:45:00+00:00,100.800003,100.919998,100.764999,100.845100,69065
2026-05-05 16:50:00+00:00,100.830002,100.879997,100.769997,100.850098,53796
2026-05-05 16:55:00+00:00,100.849998,100.980003,100.815002,100.940002,113133
2026-05-05 17:00:00+00:00,100.940002,100.959999,100.760002,100.760002,83392
2026-05-05 17:05:00+00:00,100.760002,100.800003,100.669998,100.735001,62008
2026-05-05 17:10:00+00:00,100.735001,100.809402,100.690002,100.720001,53656
2026-05-05 17:15:00+00:00,100.710098,100.800003,100.709999,100.754997,49809
2026-05-05 17:20:00+00:00,100.750000,100.790001,100.709999,100.720001,65237
2026-05-05 17:25:00+00:00,100.710098,100.785004,100.709999,100.754997,69081
2026-05-05 17:30:00+00:00,100.754997,100.790001,100.750000,100.769997,62518
2026-05-05 17:35:00+00:00,100.769997,100.769997,100.625000,100.665100,116361
2026-05-05 17:40:00+00:00,100.665001,100.815102,100.654999,100.809998,101163
2026-05-05 17:45:00+00:00,100.800003,100.970001,100.779999,100.959999,153296
2026-05-05 17:50:00+00:00,100.955002,100.959999,100.690002,100.690002,149438
2026-05-05 17:55:00+00:00,100.705002,100.750000,100.660004,100.684998,80124
2026-05-05 18:00:00+00:00,100.699699,100.925003,100.699699,100.919998,149126
2026-05-05 18:05:00+00:00,100.929901,100.974998,100.849998,100.970100,122673
2026-05-05 18:10:00+00:00,100.970001,101.129997,100.860001,101.129997,107629
2026-05-05 18:15:00+00:00,101.120003,101.129997,101.070000,101.089897,61390
2026-05-05 18:20:00+00:00,101.080002,101.160004,100.964996,101.144997,198857
2026-05-05 18:25:00+00:00,101.139999,101.239998,101.114998,101.195000,61246
2026-05-05 18:30:00+00:00,101.190002,101.239899,101.089996,101.095001,59385
2026-05-05 18:35:00+00:00,101.099998,101.144997,101.059998,101.099998,68037
2026-05-05 18:40:00+00:00,101.099998,101.110001,101.050003,101.099899,52157
2026-05-05 18:45:00+00:00,101.099998,101.175003,101.089996,101.105003,68341
2026-05-05 18:50:00+00:00,101.110001,101.129997,100.989998,101.029999,107104
2026-05-05 18:55:00+00:00,101.025002,101.040001,100.860001,100.879997,105005
2026-05-05 19:00:00+00:00,100.879997,100.980003,100.860001,100.919998,106683
2026-05-05 19:05:00+00:00,100.919998,101.010002,100.864998,100.989998,123824
2026-05-05 19:10:00+00:00,100.980003,101.019997,100.955002,100.974998,79481
2026-05-05 19:15:00+00:00,100.974998,101.120003,100.974998,101.105003,117603
2026-05-05 19:20:00+00:00,101.114998,101.220001,101.089996,101.190002,132603
2026-05-05 19:25:00+00:00,101.180702,101.220001,101.019997,101.019997,156883
2026-05-05 19:30:00+00:00,101.019997,101.040001,100.739998,100.739998,194335
2026-05-05 19:35:00+00:00,100.750000,100.959999,100.709999,100.730003,294818
2026-05-05 19:40:00+00:00,100.739998,100.809998,100.550003,100.625000,351714
2026-05-05 19:45:00+00:00,100.620003,100.669998,100.425003,100.500000,320759
2026-05-05 19:50:00+00:00,100.489998,100.544998,100.099998,100.275002,578220
2026-05-05 19:55:00+00:00,100.279999,100.580002,100.059998,100.480003,1269782
2026-05-06 13:30:00+00:00,106.514999,108.089996,105.309998,107.254997,2669426
2026-05-06 13:35:00+00:00,107.190002,108.949997,107.089996,108.845001,820880
2026-05-06 13:40:00+00:00,108.889999,108.919998,107.529999,107.600098,557882
2026-05-06 13:45:00+00:00,107.599998,107.970001,107.330002,107.915001,549122
2026-05-06 13:50:00+00:00,107.940002,108.110001,107.440002,107.849998,338197
2026-05-06 13:55:00+00:00,107.849998,108.680000,107.720001,108.589996,555604
2026-05-06 14:00:00+00:00,108.599998,108.750000,108.224998,108.625000,453270
2026-05-06 14:05:00+00:00,108.610100,108.824997,108.349998,108.769997,345630
2026-05-06 14:10:00+00:00,108.760002,108.940002,108.169998,108.294998,328638
2026-05-06 14:15:00+00:00,108.290001,108.949997,108.190002,108.790001,495661
2026-05-06 14:20:00+00:00,108.790001,109.139999,108.709999,109.010002,424447
2026-05-06 14:25:00+00:00,109.010002,109.029999,108.129997,108.200203,398487
2026-05-06 14:30:00+00:00,108.230003,108.290001,107.700996,108.220001,373098
2026-05-06 14:35:00+00:00,108.230003,108.680000,108.139999,108.650002,386126
2026-05-06 14:40:00+00:00,108.650002,108.750000,108.290001,108.485001,303959
2026-05-06 14:45:00+00:00,108.485001,108.489998,107.900002,107.940002,351107
2026-05-06 14:50:00+00:00,107.970001,108.699997,107.889999,108.620003,305675
2026-05-06 14:55:00+00:00,108.620003,108.620003,107.809998,108.199997,289662
2026-05-06 15:00:00+00:00,108.190002,108.320000,107.650002,107.849998,465165
2026-05-06 15:05:00+00:00,107.875000,107.970001,107.455002,107.680000,321296
2026-05-06 15:10:00+00:00,107.690002,107.820000,107.484001,107.720001,327588
2026-05-06 15:15:00+00:00,107.720001,107.885002,107.500000,107.764999,225580
2026-05-06 15:20:00+00:00,107.769997,107.824997,107.500000,107.510002,240036
2026-05-06 15:25:00+00:00,107.510002,107.680000,106.919998,106.970001,304743
2026-05-06 15:30:00+00:00,106.980003,106.980003,106.470001,106.820000,420698
2026-05-06 15:35:00+00:00,106.809998,107.029999,106.660004,106.760002,158443
2026-05-06 15:40:00+00:00,106.739998,107.389999,106.690002,106.970001,278990
2026-05-06 15:45:00+00:00,106.959999,107.279999,106.830002,107.242699,98046
2026-05-06 15:50:00+00:00,107.269997,107.276100,106.990097,107.214996,102890
2026-05-06 15:55:00+00:00,107.180000,107.430000,106.989998,107.239998,155180
2026-05-06 16:00:00+00:00,107.220001,107.269997,106.930000,106.949997,105788
2026-05-06 16:05:00+00:00,106.919998,107.059998,106.830002,106.845100,89383
2026-05-06 16:10:00+00:00,106.830002,106.879997,106.599998,106.690002,125690
2026-05-06 16:15:00+00:00,106.680000,107.199997,106.669998,107.154999,140344
2026-05-06 16:20:00+00:00,107.165001,107.394997,107.139999,107.330002,92487
2026-05-06 16:25:00+00:00,107.349998,107.510002,107.250000,107.324997,182577
2026-05-06 16:30:00+00:00,107.324997,107.579903,107.165001,107.289902,190413
2026-05-06 16:35:00+00:00,107.241997,107.430000,107.199997,107.400002,117766
2026-05-06 16:40:00+00:00,107.419998,107.459999,107.269997,107.345001,102406
2026-05-06 16:45:00+00:00,107.330002,107.419998,107.264999,107.279999,156822
2026-05-06 16:50:00+00:00,107.290001,107.379997,107.250099,107.315002,79753
2026-05-06 16:55:00+00:00,107.315002,107.339996,107.089996,107.144997,146637
2026-05-06 17:00:00+00:00,107.129997,107.169998,107.050003,107.165001,86514
2026-05-06 17:05:00+00:00,107.169998,107.289902,106.989998,107.080002,164438
2026-05-06 17:10:00+00:00,107.059998,107.209999,107.019997,107.150002,78066
2026-05-06 17:15:00+00:00,107.150002,107.239998,107.029999,107.099998,143603
2026-05-06 17:20:00+00:00,107.099998,107.400002,106.790497,106.820000,313544
2026-05-06 17:25:00+00:00,106.815002,107.000000,106.690002,106.970001,108366
2026-05-06 17:30:00+00:00,106.989998,107.199997,106.989998,107.099998,74630
2026-05-06 17:35:00+00:00,107.120003,107.269997,106.919998,107.089996,114411
2026-05-06 17:40:00+00:00,107.080002,107.290001,106.959999,107.175003,214285
2026-05-06 17:45:00+00:00,107.190002,107.400002,106.959999,107.379997,130735
2026-05-06 17:50:00+00:00,107.400002,107.480003,107.180000,107.290001,106128
2026-05-06 17:55:00+00:00,107.290001,107.480003,107.290001,107.379997,96483
2026-05-06 18:00:00+00:00,107.379997,107.480003,107.269997,107.400101,130322
2026-05-06 18:05:00+00:00,107.419998,107.559998,107.254997,107.519997,116379
2026-05-06 18:10:00+00:00,107.529999,107.709999,107.470001,107.669998,152652
2026-05-06 18:15:00+00:00,107.669998,108.019997,107.669998,107.919998,141192
2026-05-06 18:20:00+00:00,107.919998,108.000000,107.860001,107.894997,85522
2026-05-06 18:25:00+00:00,107.910004,108.029999,107.879997,108.000000,97558
2026-05-06 18:30:00+00:00,108.000000,108.046501,107.889999,107.970001,149626
2026-05-06 18:35:00+00:00,107.980003,108.099998,107.949997,108.029999,175146
2026-05-06 18:40:00+00:00,108.029999,108.070000,107.693398,107.824997,205824
2026-05-06 18:45:00+00:00,107.839996,107.919899,107.773499,107.820000,85272
2026-05-06 18:50:00+00:00,107.820000,107.830002,107.519997,107.519997,165237
2026-05-06 18:55:00+00:00,107.519997,107.570000,107.260002,107.400002,130689
2026-05-06 19:00:00+00:00,107.404999,107.589996,107.379997,107.459999,91195
2026-05-06 19:05:00+00:00,107.459999,107.580002,107.428902,107.529999,70195
2026-05-06 19:10:00+00:00,107.540001,107.690002,107.519997,107.639999,95441
2026-05-06 19:15:00+00:00,107.620003,107.769997,107.620003,107.760002,105976
2026-05-06 19:20:00+00:00,107.760002,107.849998,107.574997,107.800102,136321
2026-05-06 19:25:00+00:00,107.809998,108.010002,107.690002,107.934998,204918
2026-05-06 19:30:00+00:00,107.930000,108.214996,107.900101,108.209999,317419
2026-05-06 19:35:00+00:00,108.209999,108.355003,108.105003,108.214996,292625
2026-05-06 19:40:00+00:00,108.199997,108.230003,108.089996,108.169998,251428
2026-05-06 19:45:00+00:00,108.169998,108.269997,107.945000,107.945000,361380
2026-05-06 19:50:00+00:00,107.959999,108.220001,107.959999,108.035004,325397
2026-05-06 19:55:00+00:00,108.035004,108.220001,107.940002,107.974998,980203
2026-05-07 13:30:00+00:00,109.050003,110.480003,108.970001,110.389999,817760
2026-05-07 13:35:00+00:00,110.389999,110.410004,109.440002,109.930000,192564
2026-05-07 13:40:00+00:00,109.944862,110.349998,109.904999,110.349998,285562
2026-05-07 13:45:00+00:00,110.330002,110.404999,109.910004,110.040001,457475
2026-05-07 13:50:00+00:00,110.035004,110.070000,109.610001,109.720001,154972
2026-05-07 13:55:00+00:00,109.720001,110.000000,109.559998,109.964996,149836
2026-05-07 14:00:00+00:00,110.000000,110.099998,109.849998,110.037102,227341
2026-05-07 14:05:00+00:00,110.035004,110.400002,109.974998,110.004234,212517
2026-05-07 14:10:00+00:00,110.029999,110.169998,109.904999,110.169998,138675
2026-05-07 14:15:00+00:00,110.160004,110.239998,109.925003,110.199997,152701
2026-05-07 14:20:00+00:00,110.250000,110.290001,110.059998,110.104103,127078
2026-05-07 14:25:00+00:00,110.059998,110.080002,109.460098,109.510002,138466
2026-05-07 14:30:00+00:00,109.529999,109.720001,109.440002,109.699997,114974
2026-05-07 14:35:00+00:00,109.699997,109.815002,109.600098,109.790001,106430
2026-05-07 14:40:00+00:00,109.769997,110.070000,109.614998,110.070000,102890
2026-05-07 14:45:00+00:00,110.070000,110.070000,109.550003,109.930000,238017
2026-05-07 14:50:00+00:00,109.900002,109.985001,109.810097,109.855003,135752
2026-05-07 14:55:00+00:00,109.855003,110.110001,109.855003,110.074997,77994
2026-05-07 15:00:00+00:00,110.070000,110.249001,110.044998,110.114998,97989
2026-05-07 15:05:00+00:00,110.120003,110.309998,110.099998,110.184998,141360
2026-05-07 15:10:00+00:00,110.190002,110.400002,110.129997,110.309998,133243
2026-05-07 15:15:00+00:00,110.318398,110.360001,110.220001,110.224998,88622
2026-05-07 15:20:00+00:00,110.209999,110.360001,110.160004,110.160004,81119
2026-05-07 15:25:00+00:00,110.160004,110.320000,110.089996,110.290001,111051
2026-05-07 15:30:00+00:00,110.290001,110.470001,110.260002,110.459999,143969
2026-05-07 15:35:00+00:00,110.459999,110.459999,110.324997,110.355003,74200
2026-05-07 15:40:00+00:00,110.355003,110.404999,110.239998,110.320000,74252
2026-05-07 15:45:00+00:00,110.315002,110.330002,110.175003,110.245003,75786
2026-05-07 15:50:00+00:00,110.245003,110.410004,110.230003,110.389999,101703
2026-05-07 15:55:00+00:00,110.379997,110.455002,110.290001,110.320000,108427
2026-05-07 16:00:00+00:00,110.320000,110.360001,110.220001,110.250000,83013
2026-05-07 16:05:00+00:00,110.230003,110.260002,110.070000,110.199997,104034
2026-05-07 16:10:00+00:00,110.199997,110.209999,110.110001,110.165001,74268
2026-05-07 16:15:00+00:00,110.160004,110.180000,110.000000,110.014999,125413
2026-05-07 16:20:00+00:00,110.014999,110.050003,109.889999,109.974998,113631
2026-05-07 16:25:00+00:00,109.980003,110.220001,109.949997,110.220001,67983
2026-05-07 16:30:00+00:00,110.220001,110.230003,110.000000,110.099998,106088
2026-05-07 16:35:00+00:00,110.099998,110.190002,109.940002,110.029999,61601
2026-05-07 16:40:00+00:00,110.025002,110.070000,109.690002,109.730003,115039
2026-05-07 16:45:00+00:00,109.705002,109.705002,109.440002,109.440002,334607
2026-05-07 16:50:00+00:00,109.430000,109.445000,109.230003,109.305000,173633
2026-05-07 16:55:00+00:00,109.320000,109.320000,109.110001,109.230003,71200
2026-05-07 17:00:00+00:00,109.230003,109.389999,109.169998,109.279999,60575
2026-05-07 17:05:00+00:00,109.250000,109.309998,109.089996,109.129997,99032
2026-05-07 17:10:00+00:00,109.129997,109.190002,108.910004,108.959999,72228
2026-05-07 17:15:00+00:00,108.949997,109.059998,108.930000,108.957497,89406
2026-05-07 17:20:00+00:00,108.959999,108.959999,108.669998,108.669998,93286
2026-05-07 17:25:00+00:00,108.677498,108.779999,108.309998,108.330002,132909
2026-05-07 17:30:00+00:00,108.339996,108.355003,108.010002,108.019997,132860
2026-05-07 17:35:00+00:00,108.019997,108.040001,107.629997,107.669998,273324
2026-05-07 17:40:00+00:00,107.669998,107.830002,107.300003,107.328003,207714
2026-05-07 17:45:00+00:00,107.300003,107.580002,107.239998,107.474998,182792
2026-05-07 17:50:00+00:00,107.470001,107.522499,107.089996,107.459999,181771
2026-05-07 17:55:00+00:00,107.464996,107.824997,107.375000,107.824997,170089
2026-05-07 18:00:00+00:00,107.839996,107.900002,107.665001,107.709999,174325
2026-05-07 18:05:00+00:00,107.705002,107.885002,107.669998,107.815002,181660
2026-05-07 18:10:00+00:00,107.800003,108.199997,107.775002,108.199997,101066
2026-05-07 18:15:00+00:00,108.205002,108.209999,108.110001,108.184998,74195
2026-05-07 18:20:00+00:00,108.180000,108.330002,108.180000,108.199997,75190
2026-05-07 18:25:00+00:00,108.199997,108.345100,108.150002,108.294998,68680
2026-05-07 18:30:00+00:00,108.294998,108.449997,108.239998,108.410004,98601
2026-05-07 18:35:00+00:00,108.410004,108.410004,108.250000,108.275002,75152
2026-05-07 18:40:00+00:00,108.275002,108.349899,108.019997,108.059998,79236
2026-05-07 18:45:00+00:00,108.029999,108.040001,107.769997,107.800003,122540
2026-05-07 18:50:00+00:00,107.779999,108.010002,107.699997,107.870003,174850
2026-05-07 18:55:00+00:00,107.870003,108.135002,107.864998,108.135002,187308
2026-05-07 19:00:00+00:00,108.129997,108.400002,108.080002,108.360001,112846
2026-05-07 19:05:00+00:00,108.360001,108.389999,108.065002,108.307503,119102
2026-05-07 19:10:00+00:00,108.305000,108.349998,108.230003,108.279999,69289
2026-05-07 19:15:00+00:00,108.260002,108.400002,108.227203,108.300003,126484
2026-05-07 19:20:00+00:00,108.290001,108.330002,108.135002,108.190002,123275
2026-05-07 19:25:00+00:00,108.199997,108.470001,108.099998,108.459999,176331
2026-05-07 19:30:00+00:00,108.455002,108.540001,108.400002,108.425003,121845
2026-05-07 19:35:00+00:00,108.425003,108.599998,108.385002,108.559998,98726
2026-05-07 19:40:00+00:00,108.550003,108.580002,108.485001,108.519997,165865
2026-05-07 19:45:00+00:00,108.519997,108.620003,108.379997,108.599998,229747
2026-05-07 19:50:00+00:00,108.599998,108.885002,108.449997,108.809998,561779
2026-05-07 19:55:00+00:00,108.809998,108.915001,108.629997,108.720001,778427
2026-05-08 13:30:00+00:00,109.029999,109.209999,108.230003,108.250000,272982
2026-05-08 13:35:00+00:00,108.279999,108.680000,108.150299,108.199997,145193
2026-05-08 13:40:00+00:00,108.250000,108.660004,108.160004,108.269997,69153
2026-05-08 13:45:00+00:00,108.339897,108.629997,108.260002,108.589996,67764
2026-05-08 13:50:00+00:00,108.599998,108.739899,108.160004,108.175003,123496
2026-05-08 13:55:00+00:00,108.139999,108.286102,107.995003,108.220001,116174
2026-05-08 14:00:00+00:00,108.190002,108.190002,107.971199,108.089996,69445
2026-05-08 14:05:00+00:00,108.070000,108.199997,107.970001,108.000000,80272
2026-05-08 14:10:00+00:00,108.010002,108.139999,107.779999,108.040001,102363
2026-05-08 14:15:00+00:00,108.044998,108.330002,108.044998,108.230003,62183
2026-05-08 14:20:00+00:00,108.220001,108.290001,108.161003,108.290001,54456
2026-05-08 14:25:00+00:00,108.309998,108.360001,108.199997,108.339996,68610
2026-05-08 14:30:00+00:00,108.330002,108.330002,108.129997,108.160004,89235
2026-05-08 14:35:00+00:00,108.190002,108.519997,108.160004,108.489998,54227
2026-05-08 14:40:00+00:00,108.495003,108.519997,108.320000,108.385002,76769
2026-05-08 14:45:00+00:00,108.399902,108.550003,108.360001,108.440002,108769
2026-05-08 14:50:00+00:00,108.449997,108.470001,108.339996,108.459999,122379
2026-05-08 14:55:00+00:00,108.459999,108.580002,108.309998,108.419998,114435
2026-05-08 15:00:00+00:00,108.419998,108.599998,108.410004,108.589996,80728
2026-05-08 15:05:00+00:00,108.570000,108.580002,108.349998,108.449997,77676
2026-05-08 15:10:00+00:00,108.480003,108.589996,108.449997,108.500000,81949
2026-05-08 15:15:00+00:00,108.495003,108.500000,108.349998,108.375000,101356
2026-05-08 15:20:00+00:00,108.379997,108.400002,108.150002,108.275002,72462
2026-05-08 15:25:00+00:00,108.275002,108.500000,108.275002,108.500000,82924
2026-05-08 15:30:00+00:00,108.510002,108.529999,108.345596,108.480003,78206
2026-05-08 15:35:00+00:00,108.485001,108.500000,108.315002,108.339996,44865
2026-05-08 15:40:00+00:00,108.339996,108.360001,108.209999,108.260002,44656
2026-05-08 15:45:00+00:00,108.269997,108.459900,108.226799,108.430000,50643
2026-05-08 15:50:00+00:00,108.449997,108.570000,108.309998,108.440002,86531
2026-05-08 15:55:00+00:00,108.449997,108.614998,108.449997,108.599998,60550
2026-05-08 16:00:00+00:00,108.589996,108.599998,108.500000,108.550003,32601
2026-05-08 16:05:00+00:00,108.540001,108.620003,108.540001,108.559998,56330
2026-05-08 16:10:00+00:00,108.570000,108.650002,108.529999,108.529999,46500
2026-05-08 16:15:00+00:00,108.529999,108.589996,108.470001,108.589996,34707
2026-05-08 16:20:00+00:00,108.587799,108.669998,108.559998,108.599998,29604
2026-05-08 16:25:00+00:00,108.614998,108.625000,108.519997,108.610001,38249
2026-05-08 16:30:00+00:00,108.610001,108.625000,108.480003,108.500000,35044
2026-05-08 16:35:00+00:00,108.490501,108.620003,108.470001,108.559998,39732
2026-05-08 16:40:00+00:00,108.559998,108.610001,108.464996,108.464996,32087
2026-05-08 16:45:00+00:00,108.459999,108.519997,108.419998,108.500000,36267
2026-05-08 16:50:00+00:00,108.489998,108.519997,108.440002,108.460098,32801
2026-05-08 16:55:00+00:00,108.470001,108.489998,108.349998,108.355003,37202
2026-05-08 17:00:00+00:00,108.355003,108.389999,108.250000,108.389999,45960
2026-05-08 17:05:00+00:00,108.400002,108.480003,108.389999,108.430000,34296
2026-05-08 17:10:00+00:00,108.419998,108.489998,108.345001,108.355003,27560
2026-05-08 17:15:00+00:00,108.360001,108.379997,108.285004,108.309998,39757
2026-05-08 17:20:00+00:00,108.309998,108.309998,108.120003,108.160004,27884
2026-05-08 17:25:00+00:00,108.169998,108.370003,108.150002,108.330002,59091
2026-05-08 17:30:00+00:00,108.324997,108.370003,108.300003,108.330002,46878
2026-05-08 17:35:00+00:00,108.339996,108.389999,108.269997,108.285004,41235
2026-05-08 17:40:00+00:00,108.269997,108.379997,108.240097,108.330002,32438
2026-05-08 17:45:00+00:00,108.334999,108.334999,108.250000,108.250000,33822
2026-05-08 17:50:00+00:00,108.250000,108.260002,108.199997,108.199997,25731
2026-05-08 17:55:00+00:00,108.199997,108.214996,108.139999,108.160004,38632
2026-05-08 18:00:00+00:00,108.160004,108.294998,108.129997,108.275002,60067
2026-05-08 18:05:00+00:00,108.279999,108.330002,108.144997,108.169998,46276
2026-05-08 18:10:00+00:00,108.180000,108.269997,108.160004,108.260002,59452
2026-05-08 18:15:00+00:00,108.260002,108.320000,108.160004,108.165001,58642
2026-05-08 18:20:00+00:00,108.139999,108.169899,108.050301,108.084999,52848
2026-05-08 18:25:00+00:00,108.089996,108.205002,108.080002,108.180000,39410
2026-05-08 18:30:00+00:00,108.169998,108.199997,108.099998,108.120003,38192
2026-05-08 18:35:00+00:00,108.129997,108.147797,108.099998,108.139999,36930
2026-05-08 18:40:00+00:00,108.144997,108.160004,107.970001,108.070000,98059
2026-05-08 18:45:00+00:00,108.070000,108.070000,107.824997,107.830002,85027
2026-05-08 18:50:00+00:00,107.839996,107.839996,107.709999,107.724998,57708
2026-05-08 18:55:00+00:00,107.720001,107.785004,107.620003,107.749901,69769
2026-05-08 19:00:00+00:00,107.725304,107.864998,107.699997,107.730003,63834
2026-05-08 19:05:00+00:00,107.739998,107.739998,107.650002,107.680000,52267
2026-05-08 19:10:00+00:00,107.690002,107.809998,107.639999,107.790001,91884
2026-05-08 19:15:00+00:00,107.779999,107.980003,107.750000,107.970001,68748
2026-05-08 19:20:00+00:00,107.964996,107.995003,107.875000,107.949997,66755
2026-05-08 19:25:00+00:00,107.940002,107.989998,107.889999,107.904999,66022
2026-05-08 19:30:00+00:00,107.889999,107.905502,107.769997,107.790001,78310
2026-05-08 19:35:00+00:00,107.790001,107.820000,107.550003,107.570000,117558
2026-05-08 19:40:00+00:00,107.559998,107.839996,107.540001,107.760002,153261
2026-05-08 19:45:00+00:00,107.750000,107.949997,107.750000,107.790001,173753
2026-05-08 19:50:00+00:00,107.809998,107.900002,107.709999,107.764999,249304
2026-05-08 19:55:00+00:00,107.760002,108.010002,107.699997,107.985001,825751
2026-05-11 13:30:00+00:00,108.000000,108.389999,107.510002,107.960098,579187
2026-05-11 13:35:00+00:00,107.959999,108.120003,107.360001,107.430000,111610
2026-05-11 13:40:00+00:00,107.434998,107.529999,106.849998,106.985001,153633
2026-05-11 13:45:00+00:00,107.000000,107.190002,106.889999,107.010300,150483
2026-05-11 13:50:00+00:00,107.029999,107.309998,106.870697,107.309998,122372
2026-05-11 13:55:00+00:00,107.269997,107.389999,107.050003,107.389999,122470
2026-05-11 14:00:00+00:00,107.375000,107.415001,106.870697,106.980003,96020
2026-05-11 14:05:00+00:00,106.989998,107.370003,106.950104,107.260002,66557
2026-05-11 14:10:00+00:00,107.264999,107.264999,106.800003,106.830002,143428
2026-05-11 14:15:00+00:00,106.809998,107.150002,106.760002,107.059998,122981
2026-05-11 14:20:00+00:00,107.074997,107.110001,106.845001,106.959999,76775
2026-05-11 14:25:00+00:00,106.959999,106.970001,106.650002,106.940002,151788
2026-05-11 14:30:00+00:00,106.930000,107.080002,106.650002,106.720001,109765
2026-05-11 14:35:00+00:00,106.700104,106.970001,106.570000,106.654999,172805
2026-05-11 14:40:00+00:00,106.660004,106.716202,106.570000,106.580002,42829
2026-05-11 14:45:00+00:00,106.595001,106.595001,106.349998,106.385002,128325
2026-05-11 14:50:00+00:00,106.389999,106.540001,106.279999,106.330002,84730
2026-05-11 14:55:00+00:00,106.339996,106.379997,106.050003,106.120003,68479
2026-05-11 15:00:00+00:00,106.120003,106.139999,105.879997,105.919998,125473
2026-05-11 15:05:00+00:00,105.925003,106.029900,105.889999,105.940002,70506
2026-05-11 15:10:00+00:00,105.940002,106.019096,105.815002,105.824997,84619
2026-05-11 15:15:00+00:00,105.800003,105.910004,105.714996,105.760002,141163
2026-05-11 15:20:00+00:00,105.760002,105.930000,105.750000,105.894997,116670
2026-05-11 15:25:00+00:00,105.879997,105.959999,105.809998,105.809998,97489
2026-05-11 15:30:00+00:00,105.809998,105.820000,105.584999,105.650002,90238
2026-05-11 15:35:00+00:00,105.629997,105.669998,105.500000,105.559998,78046
2026-05-11 15:40:00+00:00,105.559998,105.559998,105.290001,105.300003,75202
2026-05-11 15:45:00+00:00,105.294998,105.300003,105.035004,105.180000,124758
2026-05-11 15:50:00+00:00,105.169998,105.264999,105.090103,105.139999,90735
2026-05-11 15:55:00+00:00,105.129997,105.139900,104.870003,104.889999,136052
2026-05-11 16:00:00+00:00,104.879997,104.940002,104.610001,104.699997,104638
2026-05-11 16:05:00+00:00,104.709999,104.779999,104.669998,104.779999,61237
2026-05-11 16:10:00+00:00,104.779999,104.779999,104.610001,104.669998,90028
2026-05-11 16:15:00+00:00,104.680000,104.879997,104.680000,104.794998,72831
2026-05-11 16:20:00+00:00,104.785004,104.915001,104.739998,104.904999,69433
2026-05-11 16:25:00+00:00,104.889999,105.209999,104.860001,105.184998,69118
2026-05-11 16:30:00+00:00,105.184998,105.305000,105.059998,105.279999,58210
2026-05-11 16:35:00+00:00,105.279999,105.294998,105.070000,105.089996,67738
2026-05-11 16:40:00+00:00,105.099998,105.199997,104.959999,105.065002,106216
2026-05-11 16:45:00+00:00,105.065002,105.160004,104.919998,104.919998,57480
2026-05-11 16:50:00+00:00,104.919998,105.000000,104.834999,104.876297,80733
2026-05-11 16:55:00+00:00,104.870003,104.900002,104.724998,104.754997,73868
2026-05-11 17:00:00+00:00,104.730003,104.824997,104.690002,104.720001,94291
2026-05-11 17:05:00+00:00,104.714996,104.839996,104.714996,104.789902,53765
2026-05-11 17:10:00+00:00,104.779999,104.807503,104.610001,104.629997,158116
2026-05-11 17:15:00+00:00,104.639999,104.820000,104.629997,104.669998,80894
2026-05-11 17:20:00+00:00,104.669998,104.849998,104.665001,104.785004,41885
2026-05-11 17:25:00+00:00,104.789902,104.809998,104.629997,104.650002,70471
2026-05-11 17:30:00+00:00,104.650002,104.705002,104.610001,104.625000,57505
2026-05-11 17:35:00+00:00,104.620003,104.735001,104.620003,104.650002,58951
2026-05-11 17:40:00+00:00,104.639999,104.800003,104.610001,104.761101,58880
2026-05-11 17:45:00+00:00,104.769997,104.790001,104.589996,104.610001,78466
2026-05-11 17:50:00+00:00,104.620003,104.625000,104.550003,104.570000,49912
2026-05-11 17:55:00+00:00,104.565002,104.635002,104.559998,104.584999,44735
2026-05-11 18:00:00+00:00,104.589996,104.720001,104.544998,104.720001,93638
2026-05-11 18:05:00+00:00,104.724998,104.849998,104.705002,104.809998,55214
2026-05-11 18:10:00+00:00,104.790100,104.834999,104.629997,104.745003,63438
2026-05-11 18:15:00+00:00,104.745003,104.770103,104.680000,104.730003,53876
2026-05-11 18:20:00+00:00,104.730003,104.809998,104.680000,104.709999,39034
2026-05-11 18:25:00+00:00,104.709999,104.745003,104.589996,104.589996,48669
2026-05-11 18:30:00+00:00,104.589996,104.589996,104.440002,104.559998,92439
2026-05-11 18:35:00+00:00,104.550003,104.598000,104.489998,104.570099,48682
2026-05-11 18:40:00+00:00,104.580002,104.680000,104.500000,104.570000,91172
2026-05-11 18:45:00+00:00,104.570000,104.660004,104.500000,104.589996,63866
2026-05-11 18:50:00+00:00,104.584999,104.639999,104.519997,104.610001,67142
2026-05-11 18:55:00+00:00,104.629997,104.769997,104.610001,104.690002,76383
2026-05-11 19:00:00+00:00,104.699997,104.779999,104.669998,104.720001,102537
2026-05-11 19:05:00+00:00,104.699997,104.820000,104.695000,104.820000,74001
2026-05-11 19:10:00+00:00,104.824997,104.830002,104.669998,104.784103,76730
2026-05-11 19:15:00+00:00,104.785004,104.889999,104.735001,104.809998,78507
2026-05-11 19:20:00+00:00,104.809998,104.970001,104.730003,104.940002,121090
2026-05-11 19:25:00+00:00,104.949997,105.125000,104.877800,104.980003,205308
2026-05-11 19:30:00+00:00,104.995003,105.040001,104.589996,104.650002,164984
2026-05-11 19:35:00+00:00,104.650002,104.665001,104.379997,104.459999,118092
2026-05-11 19:40:00+00:00,104.460098,104.589996,104.415001,104.589996,119136
2026-05-11 19:45:00+00:00,104.589996,104.739998,104.589996,104.625000,217304
2026-05-11 19:50:00+00:00,104.610001,104.647499,104.379997,104.489998,311297
2026-05-11 19:55:00+00:00,104.480003,104.720001,104.459999,104.699997,688812
2026-05-12 13:30:00+00:00,104.989998,105.239998,104.618500,104.955002,197204
2026-05-12 13:35:00+00:00,104.955002,105.070000,104.500000,104.650002,95660
2026-05-12 13:40:00+00:00,104.648041,104.930000,104.370003,104.470001,68804
2026-05-12 13:45:00+00:00,104.470001,104.720001,104.260002,104.419998,97538
2026-05-12 13:50:00+00:00,104.440002,104.800003,104.379997,104.415001,92757
2026-05-12 13:55:00+00:00,104.425049,104.739998,104.370003,104.690002,72463
2026-05-12 14:00:00+00:00,104.690002,104.739998,104.214996,104.485001,150121
2026-05-12 14:05:00+00:00,104.440002,104.570000,104.349998,104.464996,60255
2026-05-12 14:10:00+00:00,104.459999,104.669998,104.389999,104.529999,89119
2026-05-12 14:15:00+00:00,104.549698,104.709999,104.489998,104.500000,60008
2026-05-12 14:20:00+00:00,104.510002,104.660004,104.480003,104.577499,149734
2026-05-12 14:25:00+00:00,104.610001,104.959999,104.610001,104.934998,62415
2026-05-12 14:30:00+00:00,104.949997,105.019997,104.629997,104.805000,81204
2026-05-12 14:35:00+00:00,104.790001,104.940002,104.589996,104.660004,85144
2026-05-12 14:40:00+00:00,104.680000,104.860001,104.680000,104.839996,56846
2026-05-12 14:45:00+00:00,104.845001,104.889999,104.720001,104.875000,56725
2026-05-12 14:50:00+00:00,104.860001,104.894997,104.690002,104.695000,62866
2026-05-12 14:55:00+00:00,104.709999,104.889999,104.660004,104.879997,49587
2026-05-12 15:00:00+00:00,104.860001,104.928802,104.779999,104.779999,59236
2026-05-12 15:05:00+00:00,104.800003,104.919998,104.782501,104.815002,107000
2026-05-12 15:10:00+00:00,104.815002,105.070000,104.754997,105.016197,88347
2026-05-12 15:15:00+00:00,105.014999,105.230003,105.014999,105.095001,105241
2026-05-12 15:20:00+00:00,105.095001,105.190002,105.065002,105.180000,58172
2026-05-12 15:25:00+00:00,105.165001,105.209999,105.040001,105.209999,54868
2026-05-12 15:30:00+00:00,105.209999,105.239998,105.019997,105.019997,71918
2026-05-12 15:35:00+00:00,105.019997,105.169998,105.010002,105.169998,53833
2026-05-12 15:40:00+00:00,105.165001,105.459999,105.105003,105.459999,49339
2026-05-12 15:45:00+00:00,105.449997,105.519997,105.355003,105.470001,59804
2026-05-12 15:50:00+00:00,105.480003,105.739998,105.464996,105.714996,58982
2026-05-12 15:55:00+00:00,105.714996,105.864998,105.680000,105.739998,101105
2026-05-12 16:00:00+00:00,105.745003,105.745003,105.500000,105.639999,45139
2026-05-12 16:05:00+00:00,105.650002,105.720001,105.580498,105.660004,54867
2026-05-12 16:10:00+00:00,105.669998,105.680000,105.529999,105.550003,37077
2026-05-12 16:15:00+00:00,105.550003,105.650002,105.510002,105.614998,35059
2026-05-12 16:20:00+00:00,105.629997,105.650002,105.589996,105.639999,29388
2026-05-12 16:25:00+00:00,105.635002,105.660004,105.570000,105.614998,145735
2026-05-12 16:30:00+00:00,105.629997,105.699997,105.525002,105.680000,54004
2026-05-12 16:35:00+00:00,105.690002,105.860001,105.640602,105.839996,56414
2026-05-12 16:40:00+00:00,105.830002,105.904999,105.739998,105.750000,60117
2026-05-12 16:45:00+00:00,105.745003,105.745003,105.588333,105.599998,43517
2026-05-12 16:50:00+00:00,105.580002,105.621399,105.519997,105.565002,36676
2026-05-12 16:55:00+00:00,105.559998,105.690002,105.525002,105.669998,42798
2026-05-12 17:00:00+00:00,105.660004,105.790001,105.599998,105.660004,43941
2026-05-12 17:05:00+00:00,105.684700,105.690002,105.584999,105.620003,48668
2026-05-12 17:10:00+00:00,105.599998,105.629997,105.430000,105.440002,41142
2026-05-12 17:15:00+00:00,105.440002,105.510002,105.370003,105.480003,43270
2026-05-12 17:20:00+00:00,105.480003,105.480003,105.275002,105.279999,46330
2026-05-12 17:25:00+00:00,105.279999,105.459999,105.269997,105.389999,41530
2026-05-12 17:30:00+00:00,105.385002,105.410004,105.269997,105.375000,75994
2026-05-12 17:35:00+00:00,105.370003,105.480003,105.345001,105.425003,54550
2026-05-12 17:40:00+00:00,105.415001,105.584999,105.404999,105.544998,46759
2026-05-12 17:45:00+00:00,105.550003,105.589996,105.510002,105.529999,37720
2026-05-12 17:50:00+00:00,105.519997,105.663002,105.495003,105.500000,51929
2026-05-12 17:55:00+00:00,105.500000,105.570000,105.370003,105.430000,71596
2026-05-12 18:00:00+00:00,105.430000,105.595001,105.425003,105.559998,62432
2026-05-12 18:05:00+00:00,105.559998,105.559998,105.375000,105.510002,121588
2026-05-12 18:10:00+00:00,105.480003,105.525002,105.430000,105.474998,73457
2026-05-12 18:15:00+00:00,105.474998,105.660004,105.474998,105.595001,49930
2026-05-12 18:20:00+00:00,105.589996,105.754997,105.580002,105.754997,50542
2026-05-12 18:25:00+00:00,105.739998,105.790001,105.629997,105.639999,53722
2026-05-12 18:30:00+00:00,105.644997,105.669998,105.440002,105.480003,59315
2026-05-12 18:35:00+00:00,105.459999,105.595001,105.440002,105.580002,46835
2026-05-12 18:40:00+00:00,105.559998,105.620003,105.559998,105.620003,36071
2026-05-12 18:45:00+00:00,105.637001,105.750000,105.629997,105.669998,43410
2026-05-12 18:50:00+00:00,105.669998,105.750000,105.629997,105.675003,54182
2026-05-12 18:55:00+00:00,105.680000,105.860001,105.629997,105.830002,76573
2026-05-12 19:00:00+00:00,105.830002,105.830002,105.750000,105.779999,57050
2026-05-12 19:05:00+00:00,105.775002,105.889999,105.730003,105.809998,58659
2026-05-12 19:10:00+00:00,105.794998,105.910004,105.785004,105.860001,58681
2026-05-12 19:15:00+00:00,105.870003,105.910004,105.760002,105.839996,100365
2026-05-12 19:20:00+00:00,105.839996,105.959999,105.820000,105.860001,89803
2026-05-12 19:25:00+00:00,105.849998,105.989998,105.845001,105.989998,115084
2026-05-12 19:30:00+00:00,105.995003,106.254997,105.940002,106.250000,126377
2026-05-12 19:35:00+00:00,106.239998,106.250000,105.949997,105.970001,127780
2026-05-12 19:40:00+00:00,105.980003,106.080002,105.934998,105.980003,121370
2026-05-12 19:45:00+00:00,105.970001,106.110001,105.870003,106.014999,200034
2026-05-12 19:50:00+00:00,106.000000,106.139999,105.904999,106.110001,189891
2026-05-12 19:55:00+00:00,106.120003,106.269997,106.070000,106.169998,568445
2026-05-13 13:30:00+00:00,105.349998,105.879997,105.230003,105.269997,214617
2026-05-13 13:35:00+00:00,105.290001,105.349998,104.745003,104.745003,65422
2026-05-13 13:40:00+00:00,104.741341,104.809998,104.589996,104.779999,83786
2026-05-13 13:45:00+00:00,104.720001,104.849998,104.629997,104.699997,61583
2026-05-13 13:50:00+00:00,104.709999,104.919998,104.355003,104.410004,47554
2026-05-13 13:55:00+00:00,104.459999,104.690002,104.430000,104.525002,55076
2026-05-13 14:00:00+00:00,104.525002,104.955002,104.449997,104.845001,57915
2026-05-13 14:05:00+00:00,104.845001,105.150002,104.760002,105.089996,53151
2026-05-13 14:10:00+00:00,105.089996,105.205002,104.980003,105.089996,77343
2026-05-13 14:15:00+00:00,105.105003,105.279999,105.014297,105.139999,57286
2026-05-13 14:20:00+00:00,105.150002,105.165001,104.970001,105.059998,42840
2026-05-13 14:25:00+00:00,105.080002,105.180000,104.809998,104.884537,68702
2026-05-13 14:30:00+00:00,104.900002,104.900002,104.614998,104.639999,38369
2026-05-13 14:35:00+00:00,104.629997,104.690002,104.540001,104.660004,134740
2026-05-13 14:40:00+00:00,104.675003,104.739998,104.559998,104.580399,47609
2026-05-13 14:45:00+00:00,104.570000,104.680000,104.419998,104.529999,82726
2026-05-13 14:50:00+00:00,104.529999,104.540001,104.379997,104.489998,56188
2026-05-13 14:55:00+00:00,104.464996,104.519997,104.290001,104.425003,68474
2026-05-13 15:00:00+00:00,104.425003,104.470001,104.324997,104.370003,52245
2026-05-13 15:05:00+00:00,104.389999,104.440002,104.320000,104.370003,48181
2026-05-13 15:10:00+00:00,104.370003,104.559998,104.300003,104.478798,64910
2026-05-13 15:15:00+00:00,104.485001,104.610001,104.379997,104.430000,55342
2026-05-13 15:20:00+00:00,104.430000,104.540001,104.374603,104.440002,45796
2026-05-13 15:25:00+00:00,104.430000,104.589996,104.389999,104.404999,102799
2026-05-13 15:30:00+00:00,104.389999,104.545601,104.320000,104.349998,45388
2026-05-13 15:35:00+00:00,104.370003,104.375549,104.260002,104.309998,34359
2026-05-13 15:40:00+00:00,104.324997,104.324997,104.139999,104.150002,47956
2026-05-13 15:45:00+00:00,104.129997,104.245003,104.129997,104.187500,32036
2026-05-13 15:50:00+00:00,104.180000,104.245003,104.129997,104.199997,35704
2026-05-13 15:55:00+00:00,104.199997,104.230003,104.118797,104.144997,52764
2026-05-13 16:00:00+00:00,104.144997,104.169998,104.065002,104.080002,48720
2026-05-13 16:05:00+00:00,104.099998,104.250000,104.019997,104.160004,56190
2026-05-13 16:10:00+00:00,104.160103,104.180000,104.070000,104.150002,48257
2026-05-13 16:15:00+00:00,104.139999,104.324997,104.118202,104.320000,61781
2026-05-13 16:20:00+00:00,104.320000,104.510002,104.309998,104.489998,42778
2026-05-13 16:25:00+00:00,104.480003,104.570000,104.480003,104.504997,36387
2026-05-13 16:30:00+00:00,104.500000,104.559998,104.385002,104.389999,47734
2026-05-13 16:35:00+00:00,104.400002,104.419998,104.154999,104.230003,82375
2026-05-13 16:40:00+00:00,104.230003,104.260002,104.175003,104.180000,45278
2026-05-13 16:45:00+00:00,104.199997,104.335098,104.160004,104.300003,46771
2026-05-13 16:50:00+00:00,104.279999,104.320000,104.190002,104.196800,36750
2026-05-13 16:55:00+00:00,104.190002,104.230003,104.125000,104.139999,67708
2026-05-13 17:00:00+00:00,104.139999,104.205101,104.029999,104.050003,50351
2026-05-13 17:05:00+00:00,104.040001,104.153198,104.019997,104.059998,43471
2026-05-13 17:10:00+00:00,104.050003,104.050003,103.860001,103.885002,93645
2026-05-13 17:15:00+00:00,103.879997,103.985001,103.879997,103.970001,62674
2026-05-13 17:20:00+00:00,103.970001,103.995003,103.925003,103.995003,52083
2026-05-13 17:25:00+00:00,104.000000,104.139999,103.959999,104.125000,67536
2026-05-13 17:30:00+00:00,104.129997,104.489998,104.070000,104.389999,150478
2026-05-13 17:35:00+00:00,104.394997,104.470001,104.285004,104.355003,109258
2026-05-13 17:40:00+00:00,104.355003,104.540001,104.349998,104.507500,83022
2026-05-13 17:45:00+00:00,104.519997,104.620003,104.379997,104.514999,124797
2026-05-13 17:50:00+00:00,104.529999,104.739998,104.430000,104.589996,100984
2026-05-13 17:55:00+00:00,104.599998,104.699997,104.522499,104.544998,48609
2026-05-13 18:00:00+00:00,104.540001,104.739998,104.540001,104.739998,67602
2026-05-13 18:05:00+00:00,104.739998,105.070000,104.665001,104.940002,90984
2026-05-13 18:10:00+00:00,104.900002,104.989998,104.845100,104.960098,46256
2026-05-13 18:15:00+00:00,104.970001,105.110001,104.959999,105.070000,65179
2026-05-13 18:20:00+00:00,105.070000,105.099998,105.000999,105.019997,41827
2026-05-13 18:25:00+00:00,105.025002,105.180000,104.989998,105.140999,82099
2026-05-13 18:30:00+00:00,105.135002,105.135002,104.980003,105.027496,47424
2026-05-13 18:35:00+00:00,105.010002,105.069901,105.010002,105.050003,46053
2026-05-13 18:40:00+00:00,105.050003,105.190002,105.050003,105.180000,60209
2026-05-13 18:45:00+00:00,105.180000,105.440002,105.170303,105.360001,102094
2026-05-13 18:50:00+00:00,105.360001,105.599998,105.349998,105.599998,73803
2026-05-13 18:55:00+00:00,105.589996,105.589996,105.382500,105.470001,65783
2026-05-13 19:00:00+00:00,105.449997,105.599998,105.430000,105.589996,56005
2026-05-13 19:05:00+00:00,105.589996,105.610001,105.349998,105.370003,74025
2026-05-13 19:10:00+00:00,105.360001,105.419998,105.317497,105.339996,108944
2026-05-13 19:15:00+00:00,105.334999,105.339996,105.129997,105.239998,80379
2026-05-13 19:20:00+00:00,105.239998,105.245003,105.029999,105.052498,78598
2026-05-13 19:25:00+00:00,105.050003,105.129997,105.010002,105.099998,94362
2026-05-13 19:30:00+00:00,105.116997,105.150002,105.022003,105.040001,123226
2026-05-13 19:35:00+00:00,105.040001,105.065002,104.750000,104.790001,101826
2026-05-13 19:40:00+00:00,104.790001,104.889999,104.750000,104.875000,123714
2026-05-13 19:45:00+00:00,104.870003,105.099998,104.860001,104.989998,127954
2026-05-13 19:50:00+00:00,104.989998,105.180000,104.901001,105.129997,189724
2026-05-13 19:55:00+00:00,105.129997,105.129997,104.870003,104.900002,427228
2026-05-14 13:30:00+00:00,105.540001,105.879997,105.129997,105.175003,183096
2026-05-14 13:35:00+00:00,105.230003,105.410004,105.000000,105.345100,69088
2026-05-14 13:40:00+00:00,105.351730,105.379997,105.000000,105.290001,59573
2026-05-14 13:45:00+00:00,105.319901,105.319901,104.845001,105.230003,65899
2026-05-14 13:50:00+00:00,105.250000,105.489998,105.190002,105.400002,61428
2026-05-14 13:55:00+00:00,105.400002,105.699997,105.339996,105.620003,67692
2026-05-14 14:00:00+00:00,105.610001,105.720100,105.444298,105.709000,44380
2026-05-14 14:05:00+00:00,105.730003,106.235001,105.730003,106.235001,76016
2026-05-14 14:10:00+00:00,106.250000,106.290001,105.980003,106.125000,66863
2026-05-14 14:15:00+00:00,106.125000,106.129997,105.849998,105.930000,75100
2026-05-14 14:20:00+00:00,105.940002,105.940002,105.614998,105.750000,75345
2026-05-14 14:25:00+00:00,105.754997,105.849998,105.610001,105.639999,75784
2026-05-14 14:30:00+00:00,105.639999,105.720001,105.415001,105.459999,58388
2026-05-14 14:35:00+00:00,105.440002,105.445000,105.154999,105.175003,43750
2026-05-14 14:40:00+00:00,105.175003,105.510002,105.175003,105.480003,62545
2026-05-14 14:45:00+00:00,105.480003,105.660004,105.480003,105.660004,28534
2026-05-14 14:50:00+00:00,105.680000,105.689903,105.519997,105.629997,33532
2026-05-14 14:55:00+00:00,105.629997,105.879997,105.559998,105.730003,84274
2026-05-14 15:00:00+00:00,105.709999,105.870003,105.709999,105.830101,163119
2026-05-14 15:05:00+00:00,105.830002,105.830002,105.510002,105.559998,77897
2026-05-14 15:10:00+00:00,105.559998,105.610001,105.462898,105.489998,43095
2026-05-14 15:15:00+00:00,105.500000,105.620003,105.500000,105.584999,23508
2026-05-14 15:20:00+00:00,105.584999,105.669998,105.530403,105.565002,31566
2026-05-14 15:25:00+00:00,105.559998,105.650002,105.540001,105.550003,38612
2026-05-14 15:30:00+00:00,105.519997,105.584999,105.480003,105.580002,29689
2026-05-14 15:35:00+00:00,105.580002,105.589996,105.529999,105.580002,33917
2026-05-14 15:40:00+00:00,105.595001,105.769997,105.540398,105.660103,55549
2026-05-14 15:45:00+00:00,105.675003,105.919998,105.675003,105.860001,54678
2026-05-14 15:50:00+00:00,105.879997,105.904404,105.769997,105.819901,29356
2026-05-14 15:55:00+00:00,105.809998,105.919601,105.769997,105.890099,38862
2026-05-14 16:00:00+00:00,105.904999,105.989998,105.859901,105.906502,32806
2026-05-14 16:05:00+00:00,105.910004,105.949997,105.790001,105.800003,23306
2026-05-14 16:10:00+00:00,105.779999,105.794998,105.599998,105.644997,32559
2026-05-14 16:15:00+00:00,105.659897,105.849998,105.640099,105.849998,26130
2026-05-14 16:20:00+00:00,105.849998,105.860001,105.690002,105.690002,43845
2026-05-14 16:25:00+00:00,105.699997,105.699997,105.589996,105.610001,29104
2026-05-14 16:30:00+00:00,105.620003,105.625000,105.489998,105.535004,27513
2026-05-14 16:35:00+00:00,105.535004,105.680000,105.510002,105.669998,52105
2026-05-14 16:40:00+00:00,105.675003,105.675003,105.599998,105.650002,32891
2026-05-14 16:45:00+00:00,105.650002,105.699997,105.605003,105.620003,47782
2026-05-14 16:50:00+00:00,105.635002,105.639999,105.290001,105.297798,40803
2026-05-14 16:55:00+00:00,105.275002,105.430000,105.220001,105.400002,30347
2026-05-14 17:00:00+00:00,105.379997,105.537003,105.360001,105.487999,43236
2026-05-14 17:05:00+00:00,105.459999,105.589996,105.400002,105.589996,23762
2026-05-14 17:10:00+00:00,105.565002,105.629997,105.510101,105.599998,50240
2026-05-14 17:15:00+00:00,105.599998,105.625000,105.504997,105.584999,34552
2026-05-14 17:20:00+00:00,105.580002,105.589996,105.489998,105.550003,34537
2026-05-14 17:25:00+00:00,105.535004,105.599998,105.459999,105.540001,81571
2026-05-14 17:30:00+00:00,105.519997,105.660004,105.510002,105.625000,46438
2026-05-14 17:35:00+00:00,105.639999,105.730003,105.279999,105.589996,197387
2026-05-14 17:40:00+00:00,105.589996,105.589996,105.400002,105.430000,20204
2026-05-14 17:45:00+00:00,105.449997,105.555000,105.449997,105.489998,21558
2026-05-14 17:50:00+00:00,105.517998,105.614998,105.330002,105.467003,104009
2026-05-14 17:55:00+00:00,105.470001,105.629997,105.467499,105.589996,57756
2026-05-14 18:00:00+00:00,105.580002,105.605003,105.495003,105.589996,45396
2026-05-14 18:05:00+00:00,105.580002,105.719902,105.550003,105.669998,43431
2026-05-14 18:10:00+00:00,105.675003,105.709999,105.589996,105.705002,35152
2026-05-14 18:15:00+00:00,105.669998,105.820000,105.629997,105.805000,32439
2026-05-14 18:20:00+00:00,105.820000,105.930000,105.760002,105.927399,36391
2026-05-14 18:25:00+00:00,105.925003,105.940002,105.610001,105.654999,44866
2026-05-14 18:30:00+00:00,105.665001,105.879997,105.620003,105.830002,49727
2026-05-14 18:35:00+00:00,105.839996,105.900002,105.807503,105.820000,36793
2026-05-14 18:40:00+00:00,105.830002,105.949997,105.790100,105.879997,45841
2026-05-14 18:45:00+00:00,105.870003,105.889999,105.739998,105.754997,61705
2026-05-14 18:50:00+00:00,105.779999,105.809998,105.650002,105.739998,60742
2026-05-14 18:55:00+00:00,105.730003,105.790001,105.724998,105.750000,53650
2026-05-14 19:00:00+00:00,105.750000,105.820000,105.730003,105.800003,54943
2026-05-14 19:05:00+00:00,105.809998,105.870003,105.800003,105.860001,40576
2026-05-14 19:10:00+00:00,105.870003,105.870003,105.769997,105.785004,50855
2026-05-14 19:15:00+00:00,105.790001,105.889999,105.760002,105.830002,77790
2026-05-14 19:20:00+00:00,105.820000,105.860001,105.464996,105.470001,125267
2026-05-14 19:25:00+00:00,105.440002,105.480003,105.400002,105.470001,72139
2026-05-14 19:30:00+00:00,105.459999,105.639999,105.410004,105.620003,79664
2026-05-14 19:35:00+00:00,105.610001,105.690002,105.599998,105.614998,107213
2026-05-14 19:40:00+00:00,105.610001,105.629997,105.540001,105.544998,149543
2026-05-14 19:45:00+00:00,105.529999,105.559998,105.400002,105.419998,112014
2026-05-14 19:50:00+00:00,105.419998,105.510002,105.269997,105.434998,197445
2026-05-14 19:55:00+00:00,105.440002,105.550003,105.320000,105.445000,511396
2026-05-15 13:30:00+00:00,105.029999,105.419998,104.885002,104.910004,541338
2026-05-15 13:35:00+00:00,104.900002,105.099998,104.629997,105.099998,47217
2026-05-15 13:40:00+00:00,105.110001,105.160004,104.535004,104.639999,49459
2026-05-15 13:45:00+00:00,104.654297,104.794998,104.334999,104.349998,66425
2026-05-15 13:50:00+00:00,104.309998,104.414200,104.127197,104.220001,72626
2026-05-15 13:55:00+00:00,104.250000,104.315002,103.970001,104.089996,256718
2026-05-15 14:00:00+00:00,104.099998,104.309998,104.070000,104.125000,73025
2026-05-15 14:05:00+00:00,104.114998,104.239998,103.900002,104.010002,90628
2026-05-15 14:10:00+00:00,103.980003,104.189796,103.959999,104.120003,85423
2026-05-15 14:15:00+00:00,104.160004,104.290001,104.150002,104.184998,49580
2026-05-15 14:20:00+00:00,104.220001,104.379997,104.220001,104.305000,58072
2026-05-15 14:25:00+00:00,104.305000,104.470001,104.209999,104.470001,54547
2026-05-15 14:30:00+00:00,104.459999,104.550003,104.349998,104.489998,123060
2026-05-15 14:35:00+00:00,104.449997,104.650002,104.440399,104.559998,55038
2026-05-15 14:40:00+00:00,104.550003,104.550003,104.330002,104.345001,33376
2026-05-15 14:45:00+00:00,104.339996,104.419998,104.271698,104.400002,49755
2026-05-15 14:50:00+00:00,104.410004,104.580002,104.355003,104.540001,43427
2026-05-15 14:55:00+00:00,104.540001,104.540001,104.260002,104.315002,35265
2026-05-15 15:00:00+00:00,104.315002,104.334999,104.160004,104.160004,41302
2026-05-15 15:05:00+00:00,104.150002,104.160004,103.910004,103.940002,102933
2026-05-15 15:10:00+00:00,103.930000,103.970001,103.860001,103.970001,103354
2026-05-15 15:15:00+00:00,104.000000,104.040001,103.790100,103.900002,60811
2026-05-15 15:20:00+00:00,103.900002,103.959999,103.559998,103.574997,46637
2026-05-15 15:25:00+00:00,103.580002,103.580002,103.440002,103.489998,55017
2026-05-15 15:30:00+00:00,103.480003,103.599998,103.449997,103.449997,39680
2026-05-15 15:35:00+00:00,103.440002,103.440002,103.169998,103.190002,52471
2026-05-15 15:40:00+00:00,103.190002,103.293602,103.129997,103.139999,60529
2026-05-15 15:45:00+00:00,103.139999,103.199997,103.029999,103.149902,99967
2026-05-15 15:50:00+00:00,103.129997,103.199997,103.044998,103.080002,61817
2026-05-15 15:55:00+00:00,103.070000,103.339996,103.035004,103.264999,83841
2026-05-15 16:00:00+00:00,103.264999,103.300003,103.209999,103.220001,52243
2026-05-15 16:05:00+00:00,103.199997,103.309998,103.190002,103.309998,411905
2026-05-15 16:10:00+00:00,103.300003,103.349098,103.199997,103.214996,34478
2026-05-15 16:15:00+00:00,103.199997,103.199997,103.020302,103.029999,63339
2026-05-15 16:20:00+00:00,103.019997,103.035004,102.919998,103.019997,86286
2026-05-15 16:25:00+00:00,103.019997,103.040001,102.669998,102.669998,93462
2026-05-15 16:30:00+00:00,102.650002,102.764999,102.589996,102.709999,67094
2026-05-15 16:35:00+00:00,102.709999,102.934998,102.620003,102.934998,69609
2026-05-15 16:40:00+00:00,102.930000,102.989899,102.870003,102.885002,36019
2026-05-15 16:45:00+00:00,102.900002,102.989998,102.900002,102.955002,1135562
2026-05-15 16:50:00+00:00,102.940002,102.970001,102.790001,102.790001,40253
2026-05-15 16:55:00+00:00,102.790001,102.889999,102.790001,102.889999,36849
2026-05-15 17:00:00+00:00,102.879997,103.150101,102.870003,103.150101,49174
2026-05-15 17:05:00+00:00,103.162399,103.199997,103.084999,103.120003,48117
2026-05-15 17:10:00+00:00,103.135002,103.135002,103.050003,103.050003,32390
2026-05-15 17:15:00+00:00,103.055000,103.129997,102.940002,103.129997,38559
2026-05-15 17:20:00+00:00,103.120003,103.375000,103.120003,103.349998,49030
2026-05-15 17:25:00+00:00,103.349998,103.445000,103.285004,103.320000,91105
2026-05-15 17:30:00+00:00,103.300003,103.470001,103.300003,103.345001,72334
2026-05-15 17:35:00+00:00,103.345001,103.345001,103.105003,103.110100,63979
2026-05-15 17:40:00+00:00,103.125000,103.165001,103.080101,103.099998,41048
2026-05-15 17:45:00+00:00,103.100098,103.190002,103.080002,103.180000,44368
2026-05-15 17:50:00+00:00,103.169998,103.199997,103.030098,103.059998,337156
2026-05-15 17:55:00+00:00,103.070000,103.169998,103.070000,103.169998,28900
2026-05-15 18:00:00+00:00,103.180000,103.229897,103.114998,103.114998,48911
2026-05-15 18:05:00+00:00,103.114998,103.219902,103.110001,103.169998,31092
2026-05-15 18:10:00+00:00,103.180000,103.180000,103.059998,103.089996,30299
2026-05-15 18:15:00+00:00,103.089996,103.110001,102.860001,102.889999,66011
2026-05-15 18:20:00+00:00,102.908501,102.910004,102.690002,102.699997,112962
2026-05-15 18:25:00+00:00,102.699997,102.754997,102.540001,102.589897,44613
2026-05-15 18:30:00+00:00,102.589996,102.625000,102.510002,102.580002,76931
2026-05-15 18:35:00+00:00,102.610001,102.654999,102.570099,102.650002,48317
2026-05-15 18:40:00+00:00,102.650002,102.730003,102.599998,102.730003,40279
2026-05-15 18:45:00+00:00,102.730003,102.730003,102.529999,102.550003,38214
2026-05-15 18:50:00+00:00,102.540001,102.540001,102.410004,102.419998,60007
2026-05-15 18:55:00+00:00,102.410004,102.459999,102.300003,102.330002,56788
2026-05-15 19:00:00+00:00,102.315002,102.370003,102.300003,102.364998,43420
2026-05-15 19:05:00+00:00,102.370003,102.550003,102.339996,102.470001,70790
2026-05-15 19:10:00+00:00,102.480003,102.519997,102.404999,102.419998,60971
2026-05-15 19:15:00+00:00,102.419998,102.489998,102.360001,102.459999,109135
2026-05-15 19:20:00+00:00,102.459999,102.680000,102.419998,102.639999,63270
2026-05-15 19:25:00+00:00,102.644997,102.699997,102.580200,102.639999,89005
2026-05-15 19:30:00+00:00,102.650002,102.699997,102.589996,102.644997,77339
2026-05-15 19:35:00+00:00,102.644997,102.690002,102.584999,102.584999,86988
2026-05-15 19:40:00+00:00,102.589996,102.769997,102.550598,102.714996,112085
2026-05-15 19:45:00+00:00,102.730003,102.900002,102.669998,102.720001,148919
2026-05-15 19:50:00+00:00,102.720001,102.779999,102.660004,102.730003,144675
2026-05-15 19:55:00+00:00,102.739998,102.769997,102.519997,102.758003,403800
2026-05-18 13:30:00+00:00,102.690002,103.400002,102.610001,102.684998,193098
2026-05-18 13:35:00+00:00,102.669998,102.910004,102.550003,102.695000,59952
2026-05-18 13:40:00+00:00,102.705002,103.180000,102.705002,103.160004,103607
2026-05-18 13:45:00+00:00,103.180000,103.559998,103.099998,103.480003,89282
2026-05-18 13:50:00+00:00,103.459999,103.839996,103.307999,103.750000,113840
2026-05-18 13:55:00+00:00,103.730003,104.099998,103.660004,103.980003,95040
2026-05-18 14:00:00+00:00,103.970001,104.199997,103.900002,104.089996,70002
2026-05-18 14:05:00+00:00,104.110001,104.220001,103.970001,104.220001,142810
2026-05-18 14:10:00+00:00,104.209999,104.277397,103.989998,103.995003,82124
2026-05-18 14:15:00+00:00,104.019997,104.470001,104.010002,104.360001,68610
2026-05-18 14:20:00+00:00,104.359901,104.400002,104.154999,104.400002,56692
2026-05-18 14:25:00+00:00,104.433449,104.570396,104.370003,104.559998,52642
2026-05-18 14:30:00+00:00,104.540001,104.550003,104.330002,104.410004,54687
2026-05-18 14:35:00+00:00,104.449997,104.449997,104.030098,104.184998,45050
2026-05-18 14:40:00+00:00,104.190002,104.309998,104.110001,104.285004,45856
2026-05-18 14:45:00+00:00,104.296600,104.584999,104.296600,104.550003,28062
2026-05-18 14:50:00+00:00,104.580002,104.644997,104.489998,104.629997,57314
2026-05-18 14:55:00+00:00,104.610001,104.699997,104.309998,104.320000,76122
2026-05-18 15:00:00+00:00,104.339996,104.389999,103.845001,103.919998,86176
2026-05-18 15:05:00+00:00,103.900002,104.080002,103.870003,104.040001,48378
2026-05-18 15:10:00+00:00,103.990097,104.110001,103.930000,104.055000,42651
2026-05-18 15:15:00+00:00,104.055000,104.144997,103.949997,104.089996,32279
2026-05-18 15:20:00+00:00,104.070000,104.190002,103.970001,104.112602,89313
2026-05-18 15:25:00+00:00,104.110001,104.110001,103.879997,104.085800,47209
2026-05-18 15:30:00+00:00,104.080002,104.135002,104.019997,104.135002,31302
2026-05-18 15:35:00+00:00,104.144997,104.169998,104.010002,104.110001,36965
2026-05-18 15:40:00+00:00,104.110001,104.220001,103.860001,103.879997,38649
2026-05-18 15:45:00+00:00,103.870003,103.989998,103.809998,103.900002,36781
2026-05-18 15:50:00+00:00,103.959999,103.989998,103.830002,103.875000,156449
2026-05-18 15:55:00+00:00,103.870003,103.900002,103.760002,103.830002,33471
2026-05-18 16:00:00+00:00,103.820000,103.940002,103.820000,103.900002,29476
2026-05-18 16:05:00+00:00,103.894997,103.940002,103.870003,103.879997,23148
2026-05-18 16:10:00+00:00,103.900002,104.000000,103.870003,103.889999,28890
2026-05-18 16:15:00+00:00,103.900002,104.110001,103.879997,104.050003,64999
2026-05-18 16:20:00+00:00,104.050003,104.129997,104.040001,104.084999,38827
2026-05-18 16:25:00+00:00,104.099998,104.129997,103.970001,103.970001,41691
2026-05-18 16:30:00+00:00,103.974998,104.169998,103.900002,104.169998,63091
2026-05-18 16:35:00+00:00,104.169998,104.230003,104.010002,104.014999,56482
2026-05-18 16:40:00+00:00,103.974998,104.010002,103.800003,103.823700,55191
2026-05-18 16:45:00+00:00,103.839996,104.099998,103.839996,104.089996,40191
2026-05-18 16:50:00+00:00,104.089996,104.160004,104.080002,104.089996,30658
2026-05-18 16:55:00+00:00,104.105003,104.214996,104.029999,104.029999,49714
2026-05-18 17:00:00+00:00,104.029999,104.276497,104.029999,104.275803,30750
2026-05-18 17:05:00+00:00,104.279999,104.279999,104.184998,104.190002,36894
2026-05-18 17:10:00+00:00,104.220001,104.220001,104.160004,104.209999,30123
2026-05-18 17:15:00+00:00,104.199997,104.279999,104.199997,104.245003,50245
2026-05-18 17:20:00+00:00,104.220001,104.415001,104.199997,104.389999,45562
2026-05-18 17:25:00+00:00,104.410004,104.500000,104.327301,104.327301,34480
2026-05-18 17:30:00+00:00,104.360001,104.370003,104.269997,104.360001,54857
2026-05-18 17:35:00+00:00,104.339996,104.345001,104.099998,104.114998,37102
2026-05-18 17:40:00+00:00,104.110001,104.150002,103.885002,103.885002,74917
2026-05-18 17:45:00+00:00,103.900002,104.125000,103.900002,104.070000,75974
2026-05-18 17:50:00+00:00,104.074997,104.139999,103.970001,104.050003,40653
2026-05-18 17:55:00+00:00,104.050003,104.070000,103.985001,104.040001,43074
2026-05-18 18:00:00+00:00,104.029999,104.040001,103.900002,104.010002,40589
2026-05-18 18:05:00+00:00,103.995003,104.059998,103.919998,103.989998,33719
2026-05-18 18:10:00+00:00,103.985001,104.019997,103.930000,103.930000,38154
2026-05-18 18:15:00+00:00,103.930099,103.980003,103.900002,103.980003,43159
2026-05-18 18:20:00+00:00,103.970001,104.042999,103.915001,103.915001,35795
2026-05-18 18:25:00+00:00,103.904999,103.949997,103.790001,103.885002,35078
2026-05-18 18:30:00+00:00,103.904999,103.942200,103.830002,103.900101,45758
2026-05-18 18:35:00+00:00,103.900002,104.010002,103.900002,103.959999,60688
2026-05-18 18:40:00+00:00,103.959999,104.000000,103.910004,103.980003,33760
2026-05-18 18:45:00+00:00,103.989998,104.080002,103.980003,104.025002,40616
2026-05-18 18:50:00+00:00,104.000000,104.000000,103.820000,103.830002,52824
2026-05-18 18:55:00+00:00,103.839897,103.889999,103.690002,103.709999,58717
2026-05-18 19:00:00+00:00,103.714996,104.230003,103.714996,104.081802,116190
2026-05-18 19:05:00+00:00,104.080101,104.220001,103.970001,103.989998,64345
2026-05-18 19:10:00+00:00,103.974998,103.999901,103.904999,103.949997,47202
2026-05-18 19:15:00+00:00,103.949997,103.989998,103.900101,103.930000,59798
2026-05-18 19:20:00+00:00,103.930000,104.000000,103.750000,103.750000,122287
2026-05-18 19:25:00+00:00,103.769997,104.000099,103.724998,104.000000,69395
2026-05-18 19:30:00+00:00,104.000000,104.050003,103.940002,103.959999,104512
2026-05-18 19:35:00+00:00,103.964996,104.059998,103.959999,104.029999,82381
2026-05-18 19:40:00+00:00,104.017998,104.150002,103.949997,103.977501,410760
2026-05-18 19:45:00+00:00,103.980003,104.025002,103.849998,103.889999,157440
2026-05-18 19:50:00+00:00,103.900002,104.019997,103.790001,103.959999,155636
2026-05-18 19:55:00+00:00,103.959999,103.989998,103.839996,103.970001,441179
2026-05-19 13:30:00+00:00,103.709999,103.709999,102.820000,102.894997,197807
2026-05-19 13:35:00+00:00,102.894997,102.910004,102.099998,102.650002,155191
2026-05-19 13:40:00+00:00,102.628502,102.714996,102.413986,102.529999,87068
2026-05-19 13:45:00+00:00,102.589996,103.150002,102.540001,103.135002,64313
2026-05-19 13:50:00+00:00,103.129997,103.389999,103.050003,103.239998,43682
2026-05-19 13:55:00+00:00,103.260002,103.650002,103.199997,103.480003,60845
2026-05-19 14:00:00+00:00,103.455002,103.614998,103.209999,103.614998,74878
2026-05-19 14:05:00+00:00,103.610001,103.790001,103.320000,103.400002,62080
2026-05-19 14:10:00+00:00,103.379997,103.769997,103.290100,103.754997,68755
2026-05-19 14:15:00+00:00,103.760002,103.930000,103.510002,103.703003,65265
2026-05-19 14:20:00+00:00,103.739998,103.889999,103.639999,103.699997,117542
2026-05-19 14:25:00+00:00,103.660004,103.750000,103.519997,103.589996,72354
2026-05-19 14:30:00+00:00,103.610001,103.639999,103.430000,103.589996,44347
2026-05-19 14:35:00+00:00,103.580002,103.610001,103.445000,103.489998,48101
2026-05-19 14:40:00+00:00,103.500000,103.540001,103.379997,103.519997,50981
2026-05-19 14:45:00+00:00,103.514999,103.589996,103.410004,103.490097,47309
2026-05-19 14:50:00+00:00,103.510002,103.510002,103.110001,103.220001,44679
2026-05-19 14:55:00+00:00,103.209999,103.300003,103.169998,103.239998,36430
2026-05-19 15:00:00+00:00,103.245003,103.290001,103.010002,103.280098,85250
2026-05-19 15:05:00+00:00,103.279999,103.430000,103.269997,103.389999,45347
2026-05-19 15:10:00+00:00,103.394997,103.394997,103.040001,103.074997,58015
2026-05-19 15:15:00+00:00,103.070000,103.120003,102.680000,102.790001,80859
2026-05-19 15:20:00+00:00,102.745003,102.830002,102.724998,102.830002,56308
2026-05-19 15:25:00+00:00,102.809998,102.879997,102.760002,102.820000,49473
2026-05-19 15:30:00+00:00,102.820000,102.820099,102.720001,102.720001,52891
2026-05-19 15:35:00+00:00,102.730003,102.830002,102.690002,102.800003,44905
2026-05-19 15:40:00+00:00,102.800003,102.900002,102.709999,102.709999,45353
2026-05-19 15:45:00+00:00,102.699997,102.800003,102.610001,102.750000,52888
2026-05-19 15:50:00+00:00,102.760002,102.790100,102.645103,102.680000,34014
2026-05-19 15:55:00+00:00,102.669998,102.709999,102.589996,102.589996,33790
2026-05-19 16:00:00+00:00,102.610001,102.667000,102.584999,102.599998,32939
2026-05-19 16:05:00+00:00,102.599998,102.620003,102.379997,102.410004,76405
2026-05-19 16:10:00+00:00,102.400002,102.489998,102.379997,102.480003,34500
2026-05-19 16:15:00+00:00,102.470001,102.584999,102.449997,102.580101,39549
2026-05-19 16:20:00+00:00,102.580002,102.589897,102.470001,102.580002,72753
2026-05-19 16:25:00+00:00,102.570000,102.610001,102.279999,102.279999,43156
2026-05-19 16:30:00+00:00,102.279999,102.364998,102.184998,102.364998,63227
2026-05-19 16:35:00+00:00,102.370003,102.440002,102.220001,102.309998,92211
2026-05-19 16:40:00+00:00,102.330002,102.449997,102.311996,102.349998,50683
2026-05-19 16:45:00+00:00,102.349998,102.489998,102.305000,102.459999,50713
2026-05-19 16:50:00+00:00,102.455002,102.489998,102.400002,102.400002,47621
2026-05-19 16:55:00+00:00,102.400002,102.449997,102.349998,102.360001,43880
2026-05-19 17:00:00+00:00,102.349998,102.415100,102.260002,102.330002,83006
2026-05-19 17:05:00+00:00,102.324997,102.359497,102.275002,102.294998,70821
2026-05-19 17:10:00+00:00,102.300003,102.379997,102.260002,102.309998,73374
2026-05-19 17:15:00+00:00,102.320000,102.440002,102.309998,102.349998,85285
2026-05-19 17:20:00+00:00,102.370003,102.605003,102.334999,102.584999,51008
2026-05-19 17:25:00+00:00,102.599998,102.680000,102.599998,102.639999,60702
2026-05-19 17:30:00+00:00,102.620003,102.695000,102.519997,102.559998,58134
2026-05-19 17:35:00+00:00,102.559998,102.629997,102.544998,102.610001,36830
2026-05-19 17:40:00+00:00,102.599998,102.830002,102.589996,102.730003,70190
2026-05-19 17:45:00+00:00,102.709999,102.714996,102.620003,102.680000,50594
2026-05-19 17:50:00+00:00,102.669998,102.760002,102.570000,102.760002,48442
2026-05-19 17:55:00+00:00,102.709999,102.739998,102.470001,102.535103,45854
2026-05-19 18:00:00+00:00,102.529999,102.669998,102.510002,102.550003,47949
2026-05-19 18:05:00+00:00,102.559998,102.559998,102.445000,102.529999,31955
2026-05-19 18:10:00+00:00,102.529999,102.599998,102.510002,102.540001,41803
2026-05-19 18:15:00+00:00,102.529999,102.620003,102.485001,102.565002,38708
2026-05-19 18:20:00+00:00,102.570000,102.599998,102.510002,102.580002,49002
2026-05-19 18:25:00+00:00,102.574997,102.610001,102.521004,102.559998,36121
2026-05-19 18:30:00+00:00,102.550003,102.599998,102.489998,102.559998,47618
2026-05-19 18:35:00+00:00,102.569901,102.589996,102.500000,102.544998,34407
2026-05-19 18:40:00+00:00,102.540001,102.559998,102.519997,102.550003,29116
2026-05-19 18:45:00+00:00,102.550003,102.559998,102.440002,102.449997,41599
2026-05-19 18:50:00+00:00,102.430000,102.430000,102.279999,102.315002,50017
2026-05-19 18:55:00+00:00,102.309998,102.334999,102.260002,102.260002,66647
2026-05-19 19:00:00+00:00,102.260002,102.269997,102.120003,102.153130,94407
2026-05-19 19:05:00+00:00,102.160004,102.269997,102.110001,102.220001,60110
2026-05-19 19:10:00+00:00,102.209999,102.250000,102.169998,102.199997,58242
2026-05-19 19:15:00+00:00,102.209999,102.379997,102.209999,102.379997,73327
2026-05-19 19:20:00+00:00,102.385002,102.410004,102.239998,102.259903,65795
2026-05-19 19:25:00+00:00,102.260002,102.279999,102.150002,102.169998,73520
2026-05-19 19:30:00+00:00,102.160004,102.169899,102.010002,102.019997,96969
2026-05-19 19:35:00+00:00,102.010002,102.120003,101.970200,102.089996,96627
2026-05-19 19:40:00+00:00,102.089996,102.120003,102.040001,102.070000,118438
2026-05-19 19:45:00+00:00,102.059998,102.239998,102.040001,102.169998,130678
2026-05-19 19:50:00+00:00,102.165001,102.220001,102.059998,102.205002,177496
2026-05-19 19:55:00+00:00,102.190002,102.370003,102.105003,102.300003,496317
2026-05-20 13:30:00+00:00,102.904999,103.010002,101.910004,101.989998,268698
2026-05-20 13:35:00+00:00,101.910004,102.419998,101.599998,102.334999,119330
2026-05-20 13:40:00+00:00,102.334999,102.404999,102.065002,102.099998,93587
2026-05-20 13:45:00+00:00,102.040001,102.570000,102.040001,102.449997,79721
2026-05-20 13:50:00+00:00,102.389999,102.550003,102.279999,102.485001,64661
2026-05-20 13:55:00+00:00,102.519997,102.639999,102.199997,102.220001,76587
2026-05-20 14:00:00+00:00,102.224998,102.430000,102.125000,102.290001,54102
2026-05-20 14:05:00+00:00,102.285004,102.320000,101.769997,101.800003,76753
2026-05-20 14:10:00+00:00,101.785004,101.930000,101.760002,101.910004,70240
2026-05-20 14:15:00+00:00,101.915001,102.635002,101.915001,102.635002,130446
2026-05-20 14:20:00+00:00,102.650002,102.650002,102.389999,102.455002,81251
2026-05-20 14:25:00+00:00,102.459999,102.730003,102.404999,102.639999,76479
2026-05-20 14:30:00+00:00,102.665001,103.080002,102.665001,102.860001,146054
2026-05-20 14:35:00+00:00,102.889999,103.029999,102.860001,102.949997,92145
2026-05-20 14:40:00+00:00,102.945000,103.089996,102.879997,103.044998,83360
2026-05-20 14:45:00+00:00,103.035004,103.220001,102.930000,103.120003,104750
2026-05-20 14:50:00+00:00,103.129997,103.500000,103.080002,103.459999,116010
2026-05-20 14:55:00+00:00,103.440002,103.459999,103.230003,103.349998,160826
2026-05-20 15:00:00+00:00,103.349998,103.621300,103.264999,103.565002,111435
2026-05-20 15:05:00+00:00,103.565002,103.579903,103.375000,103.514999,37366
2026-05-20 15:10:00+00:00,103.485001,103.500000,103.269997,103.324997,50735
2026-05-20 15:15:00+00:00,103.324997,103.930000,103.324997,103.830002,140862
2026-05-20 15:20:00+00:00,103.820000,103.839996,103.720001,103.830002,50531
2026-05-20 15:25:00+00:00,103.830002,103.889999,103.629997,103.650002,70015
2026-05-20 15:30:00+00:00,103.660004,103.870003,103.660004,103.820000,82915
2026-05-20 15:35:00+00:00,103.824997,104.019997,103.800003,103.930000,120977
2026-05-20 15:40:00+00:00,103.919998,103.985001,103.860001,103.940002,34084
2026-05-20 15:45:00+00:00,103.940002,104.029999,103.910004,104.029999,32723
2026-05-20 15:50:00+00:00,104.019997,104.059998,103.980003,104.031898,33703
2026-05-20 15:55:00+00:00,104.014999,104.239998,103.959999,104.129997,76006
2026-05-20 16:00:00+00:00,104.150002,104.349998,104.150002,104.239998,57920
2026-05-20 16:05:00+00:00,104.239998,104.309998,104.139999,104.239998,41386
2026-05-20 16:10:00+00:00,104.239998,104.322502,104.199997,104.260002,30893
2026-05-20 16:15:00+00:00,104.279999,104.331802,104.230003,104.315002,34392
2026-05-20 16:20:00+00:00,104.330002,104.330002,104.195000,104.279999,782648
2026-05-20 16:25:00+00:00,104.269997,104.300003,104.150002,104.150002,32389
2026-05-20 16:30:00+00:00,104.150002,104.154999,103.940002,104.019997,40468
2026-05-20 16:35:00+00:00,104.019997,104.169998,103.980003,104.169998,33661
2026-05-20 16:40:00+00:00,104.165001,104.339996,104.165001,104.330002,37767
2026-05-20 16:45:00+00:00,104.300003,104.400002,104.245003,104.260002,35763
2026-05-20 16:50:00+00:00,104.269997,104.389999,104.264999,104.370003,43565
2026-05-20 16:55:00+00:00,104.349998,104.489998,104.330002,104.440002,40508
2026-05-20 17:00:00+00:00,104.449997,104.489998,104.309998,104.370003,37889
2026-05-20 17:05:00+00:00,104.339996,104.379997,104.300003,104.360001,29014
2026-05-20 17:10:00+00:00,104.349998,104.470001,104.315002,104.449997,59109
2026-05-20 17:15:00+00:00,104.470001,104.680000,104.470001,104.510002,59196
2026-05-20 17:20:00+00:00,104.500000,104.504997,104.400002,104.470001,35454
2026-05-20 17:25:00+00:00,104.459999,104.540001,104.440002,104.510002,34602
2026-05-20 17:30:00+00:00,104.519997,104.605003,104.489998,104.570000,54376
2026-05-20 17:35:00+00:00,104.570000,104.855003,104.570000,104.855003,119894
2026-05-20 17:40:00+00:00,104.839996,104.849998,104.709999,104.739998,56760
2026-05-20 17:45:00+00:00,104.739998,104.760002,104.660004,104.699997,69880
2026-05-20 17:50:00+00:00,104.699997,104.739998,104.580002,104.595001,67877
2026-05-20 17:55:00+00:00,104.599998,104.629997,104.480003,104.535004,31223
2026-05-20 18:00:00+00:00,104.529999,104.580002,104.404999,104.430000,78353
2026-05-20 18:05:00+00:00,104.440002,104.529999,104.372101,104.408997,50505
2026-05-20 18:10:00+00:00,104.430000,104.489998,104.340103,104.464996,47358
2026-05-20 18:15:00+00:00,104.480003,104.514999,104.400002,104.419998,37007
2026-05-20 18:20:00+00:00,104.430000,104.440002,104.360001,104.419998,37615
2026-05-20 18:25:00+00:00,104.415001,104.449997,104.300003,104.419998,34470
2026-05-20 18:30:00+00:00,104.439903,104.660004,104.419998,104.570000,56665
2026-05-20 18:35:00+00:00,104.555000,104.629997,104.481499,104.514999,56546
2026-05-20 18:40:00+00:00,104.510002,104.540001,104.440002,104.489998,34001
2026-05-20 18:45:00+00:00,104.459999,104.570000,104.410004,104.570000,39083
2026-05-20 18:50:00+00:00,104.559998,104.580002,104.480003,104.500000,32678
2026-05-20 18:55:00+00:00,104.489998,104.559998,104.470001,104.529999,39606
2026-05-20 19:00:00+00:00,104.520103,104.599998,104.489998,104.489998,40877
2026-05-20 19:05:00+00:00,104.480003,104.500000,104.410004,104.449997,39891
2026-05-20 19:10:00+00:00,104.449997,104.599998,104.400002,104.565002,60385
2026-05-20 19:15:00+00:00,104.570000,104.654999,104.529999,104.540001,60196
2026-05-20 19:20:00+00:00,104.544998,104.610001,104.480003,104.480003,57105
2026-05-20 19:25:00+00:00,104.489998,104.550003,104.455002,104.459999,60186
2026-05-20 19:30:00+00:00,104.459999,104.589996,104.430000,104.440002,72608
2026-05-20 19:35:00+00:00,104.449997,104.495003,104.389999,104.459999,70034
2026-05-20 19:40:00+00:00,104.459999,104.519997,104.430000,104.445000,72127
2026-05-20 19:45:00+00:00,104.445000,104.445000,104.334999,104.379997,101360
2026-05-20 19:50:00+00:00,104.389999,104.404999,104.230003,104.279999,163855
2026-05-20 19:55:00+00:00,104.290001,104.300003,104.020103,104.080002,409631
2026-05-21 13:30:00+00:00,103.610001,104.000000,103.300003,103.300003,255087
2026-05-21 13:35:00+00:00,103.239998,103.570000,103.239998,103.275002,89798
2026-05-21 13:40:00+00:00,103.282829,103.290001,102.598198,102.598198,83749
2026-05-21 13:45:00+00:00,102.589996,103.029999,102.584999,102.980003,44577
2026-05-21 13:50:00+00:00,102.989998,103.330002,102.989998,103.275002,71791
2026-05-21 13:55:00+00:00,103.300003,103.525002,103.230003,103.485001,69868
2026-05-21 14:00:00+00:00,103.485001,103.529999,103.180000,103.440002,58450
2026-05-21 14:05:00+00:00,103.440002,103.550003,103.339996,103.419998,40850
2026-05-21 14:10:00+00:00,103.440002,103.519997,103.330002,103.360001,102608
2026-05-21 14:15:00+00:00,103.370003,103.540001,103.290100,103.540001,94946
2026-05-21 14:20:00+00:00,103.550003,103.904999,103.550003,103.820099,83315
2026-05-21 14:25:00+00:00,103.839996,103.970001,103.839996,103.894997,65923
2026-05-21 14:30:00+00:00,103.919998,103.974998,103.809998,103.940002,41132
2026-05-21 14:35:00+00:00,103.930099,103.945000,103.730003,103.760002,47948
2026-05-21 14:40:00+00:00,103.753998,103.753998,103.620003,103.675003,58373
2026-05-21 14:45:00+00:00,103.690002,103.719704,103.525002,103.680000,55747
2026-05-21 14:50:00+00:00,103.699898,103.750000,103.650002,103.669998,41730
2026-05-21 14:55:00+00:00,103.665001,103.739998,103.595001,103.680000,52966
2026-05-21 15:00:00+00:00,103.680000,103.690002,103.510002,103.660004,65732
2026-05-21 15:05:00+00:00,103.650002,103.669998,103.449997,103.550003,72190
2026-05-21 15:10:00+00:00,103.540001,103.760002,103.510002,103.730003,74587
2026-05-21 15:15:00+00:00,103.699997,103.750000,103.639999,103.680000,58085
2026-05-21 15:20:00+00:00,103.660004,103.660004,103.470001,103.580002,53239
2026-05-21 15:25:00+00:00,103.589996,103.680000,103.440002,103.680000,51726
2026-05-21 15:30:00+00:00,103.690002,103.709999,103.599998,103.629997,123849
2026-05-21 15:35:00+00:00,103.620003,103.650002,103.440002,103.529999,63374
2026-05-21 15:40:00+00:00,103.550003,103.625000,103.550003,103.599998,40590
2026-05-21 15:45:00+00:00,103.629997,103.730003,103.589996,103.730003,27729
2026-05-21 15:50:00+00:00,103.699997,103.750000,103.683800,103.690002,31577
2026-05-21 15:55:00+00:00,103.690002,103.720001,103.605003,103.669998,48244
2026-05-21 16:00:00+00:00,103.660004,103.760002,103.529999,103.559998,70919
2026-05-21 16:05:00+00:00,103.559998,103.632004,103.455002,103.620003,87864
2026-05-21 16:10:00+00:00,103.610001,103.669998,103.540001,103.595001,62268
2026-05-21 16:15:00+00:00,103.599998,103.610001,103.464996,103.480003,88664
2026-05-21 16:20:00+00:00,103.489998,103.489998,103.300499,103.330002,39762
2026-05-21 16:25:00+00:00,103.309998,103.360001,103.279999,103.290001,53783
2026-05-21 16:30:00+00:00,103.285004,103.300003,103.190002,103.254997,33904
2026-05-21 16:35:00+00:00,103.254997,103.254997,103.070000,103.070000,43550
2026-05-21 16:40:00+00:00,103.070000,103.379997,103.070000,103.239998,149944
2026-05-21 16:45:00+00:00,103.230003,103.312500,103.209999,103.279999,76760
2026-05-21 16:50:00+00:00,103.260002,103.525002,103.254997,103.510002,69342
2026-05-21 16:55:00+00:00,103.500000,103.500000,103.430000,103.430099,22693
2026-05-21 17:00:00+00:00,103.430000,103.510002,103.387100,103.459999,53257
2026-05-21 17:05:00+00:00,103.455002,103.495926,103.375000,103.495926,82388
2026-05-21 17:10:00+00:00,103.489998,103.839996,103.489998,103.800003,66557
2026-05-21 17:15:00+00:00,103.800003,104.084999,103.800003,104.025002,149753
2026-05-21 17:20:00+00:00,104.025002,104.199997,104.010002,104.120003,69378
2026-05-21 17:25:00+00:00,104.139999,104.230003,104.110001,104.230003,34402
2026-05-21 17:30:00+00:00,104.209999,104.279999,104.139999,104.154999,73064
2026-05-21 17:35:00+00:00,104.154999,104.260002,104.139999,104.230003,32250
2026-05-21 17:40:00+00:00,104.230003,104.445000,104.230003,104.389999,62390
2026-05-21 17:45:00+00:00,104.419998,104.550003,104.400002,104.500000,52113
2026-05-21 17:50:00+00:00,104.500000,104.519997,104.330002,104.349998,73060
2026-05-21 17:55:00+00:00,104.370003,104.470001,104.330002,104.394997,48419
2026-05-21 18:00:00+00:00,104.389999,104.489998,104.269997,104.275002,47880
2026-05-21 18:05:00+00:00,104.260002,104.510002,104.245003,104.510002,37271
2026-05-21 18:10:00+00:00,104.519997,104.550003,104.410004,104.419998,41899
2026-05-21 18:15:00+00:00,104.410004,104.440002,104.324997,104.404999,36181
2026-05-21 18:20:00+00:00,104.400002,104.440002,104.379997,104.430000,41596
2026-05-21 18:25:00+00:00,104.430000,104.620003,104.250000,104.250099,286418
2026-05-21 18:30:00+00:00,104.250000,104.309998,104.209999,104.269997,61522
2026-05-21 18:35:00+00:00,104.279999,104.324997,104.250000,104.264999,37760
2026-05-21 18:40:00+00:00,104.279999,104.370003,104.254997,104.315002,50578
2026-05-21 18:45:00+00:00,104.315002,104.330002,104.125000,104.129997,44660
2026-05-21 18:50:00+00:00,104.139999,104.230003,103.870003,103.870003,85730
2026-05-21 18:55:00+00:00,103.849998,103.910004,103.790001,103.889999,59539
2026-05-21 19:00:00+00:00,103.889999,103.930000,103.849998,103.919998,54101
2026-05-21 19:05:00+00:00,103.919998,103.949997,103.760002,103.824997,132055
2026-05-21 19:10:00+00:00,103.839996,103.940002,103.779999,103.889999,136091
2026-05-21 19:15:00+00:00,103.889999,104.050003,103.809998,103.824997,89587
2026-05-21 19:20:00+00:00,103.809998,103.834999,103.739998,103.830002,113885
2026-05-21 19:25:00+00:00,103.830002,103.870003,103.690002,103.702301,189228
2026-05-21 19:30:00+00:00,103.705002,103.800003,103.654999,103.720001,133441
2026-05-21 19:35:00+00:00,103.709999,103.830002,103.709999,103.800003,116335
2026-05-21 19:40:00+00:00,103.800003,103.800003,103.599998,103.700104,162229
2026-05-21 19:45:00+00:00,103.699997,103.699997,103.485001,103.489998,121361
2026-05-21 19:50:00+00:00,103.500000,103.699997,103.489998,103.599998,214940
2026-05-21 19:55:00+00:00,103.580002,103.769997,103.559998,103.580002,414394
2026-05-22 13:30:00+00:00,104.040001,104.500000,103.690002,104.000000,207971
2026-05-22 13:35:00+00:00,104.055000,104.349998,103.820000,104.214996,78605
2026-05-22 13:40:00+00:00,104.206055,104.379997,104.180000,104.300003,65750
2026-05-22 13:45:00+00:00,104.269997,104.415001,104.180000,104.184998,65513
2026-05-22 13:50:00+00:00,104.180000,104.224998,103.989998,104.089996,39650
2026-05-22 13:55:00+00:00,104.089996,104.089996,103.769997,103.815002,27661
2026-05-22 14:00:00+00:00,103.720001,104.199997,103.712898,104.150002,42923
2026-05-22 14:05:00+00:00,104.160004,104.224998,103.989998,104.080002,38575
2026-05-22 14:10:00+00:00,104.099998,104.099998,103.635002,103.639999,43636
2026-05-22 14:15:00+00:00,103.620003,103.809998,103.580002,103.719902,31479
2026-05-22 14:20:00+00:00,103.692001,103.769897,103.629997,103.750000,54490
2026-05-22 14:25:00+00:00,103.730003,103.839996,103.709999,103.800003,35927
2026-05-22 14:30:00+00:00,103.800003,103.864998,103.480003,103.622498,39724
2026-05-22 14:35:00+00:00,103.625000,103.680000,103.610001,103.639999,31926
2026-05-22 14:40:00+00:00,103.629997,103.660004,103.559998,103.637001,39330
2026-05-22 14:45:00+00:00,103.639999,103.669998,103.519997,103.580399,30434
2026-05-22 14:50:00+00:00,103.580002,103.580002,103.394997,103.415001,34151
2026-05-22 14:55:00+00:00,103.430000,103.459999,103.400002,103.425003,34851
2026-05-22 15:00:00+00:00,103.425003,103.425003,103.250000,103.334999,37833
2026-05-22 15:05:00+00:00,103.334999,103.360001,103.199997,103.220001,39954
2026-05-22 15:10:00+00:00,103.209999,103.260002,103.129997,103.220001,32361
2026-05-22 15:15:00+00:00,103.220001,103.360001,103.190002,103.349998,31178
2026-05-22 15:20:00+00:00,103.349998,103.419998,103.290001,103.355003,28394
2026-05-22 15:25:00+00:00,103.355003,103.459999,103.309998,103.459999,51088
2026-05-22 15:30:00+00:00,103.480003,103.540001,103.389999,103.449997,65788
2026-05-22 15:35:00+00:00,103.440002,103.489998,103.410004,103.451500,32260
2026-05-22 15:40:00+00:00,103.449997,103.589996,103.419998,103.570000,38101
2026-05-22 15:45:00+00:00,103.570000,103.699997,103.559998,103.675003,36518
2026-05-22 15:50:00+00:00,103.675003,103.705002,103.559998,103.559998,33462
2026-05-22 15:55:00+00:00,103.559998,103.595001,103.500000,103.570000,29784
2026-05-22 16:00:00+00:00,103.559998,103.565102,103.510002,103.540001,25327
2026-05-22 16:05:00+00:00,103.540001,103.550003,103.459999,103.459999,29778
2026-05-22 16:10:00+00:00,103.470001,103.470001,103.410004,103.410004,32297
2026-05-22 16:15:00+00:00,103.410004,103.470001,103.360001,103.459999,25445
2026-05-22 16:20:00+00:00,103.449997,103.489799,103.349998,103.389999,25010
2026-05-22 16:25:00+00:00,103.409897,103.440002,103.360001,103.400002,25961
2026-05-22 16:30:00+00:00,103.419998,103.470001,103.389999,103.389999,17936
2026-05-22 16:35:00+00:00,103.389999,103.470001,103.379997,103.419998,31067
2026-05-22 16:40:00+00:00,103.425003,103.459999,103.349998,103.349998,20131
2026-05-22 16:45:00+00:00,103.349998,103.394997,103.330002,103.360001,28831
2026-05-22 16:50:00+00:00,103.360001,103.389999,103.309998,103.330002,26323
2026-05-22 16:55:00+00:00,103.330002,103.330002,103.199997,103.230003,25898
2026-05-22 17:00:00+00:00,103.230003,103.269997,103.230003,103.269997,26294
2026-05-22 17:05:00+00:00,103.269997,103.275002,103.150002,103.239998,29604
2026-05-22 17:10:00+00:00,103.240097,103.269997,103.150002,103.169998,39537
2026-05-22 17:15:00+00:00,103.160004,103.269997,103.150101,103.169998,47884
2026-05-22 17:20:00+00:00,103.180000,103.230003,103.070000,103.105003,23956
2026-05-22 17:25:00+00:00,103.110001,103.440002,103.110001,103.440002,72155
2026-05-22 17:30:00+00:00,103.449997,103.449997,103.330902,103.349998,34612
2026-05-22 17:35:00+00:00,103.360001,103.529999,103.360001,103.510002,37574
2026-05-22 17:40:00+00:00,103.500000,103.510002,103.440002,103.449997,31578
2026-05-22 17:45:00+00:00,103.459900,103.459900,103.300003,103.300003,25233
2026-05-22 17:50:00+00:00,103.290001,103.320000,103.230003,103.260002,31219
2026-05-22 17:55:00+00:00,103.260002,103.309998,103.220001,103.230003,25116
2026-05-22 18:00:00+00:00,103.239998,103.345001,103.150002,103.160004,54759
2026-05-22 18:05:00+00:00,103.169998,103.209999,103.099998,103.169998,33797
2026-05-22 18:10:00+00:00,103.169998,103.260002,103.169998,103.235001,29528
2026-05-22 18:15:00+00:00,103.235001,103.500000,103.235001,103.474998,85950
2026-05-22 18:20:00+00:00,103.459999,103.559998,103.394997,103.535004,41393
2026-05-22 18:25:00+00:00,103.519997,103.550003,103.410004,103.430000,23809
2026-05-22 18:30:00+00:00,103.419998,103.519997,103.419998,103.495003,35277
2026-05-22 18:35:00+00:00,103.495003,103.599998,103.489998,103.541077,62758
2026-05-22 18:40:00+00:00,103.535004,103.559998,103.474998,103.485001,32600
2026-05-22 18:45:00+00:00,103.489998,103.510002,103.349998,103.361801,39672
2026-05-22 18:50:00+00:00,103.370003,103.449997,103.360001,103.425003,30952
2026-05-22 18:55:00+00:00,103.419998,103.440002,103.370003,103.385002,40675
2026-05-22 19:00:00+00:00,103.400002,103.480003,103.400002,103.479897,67957
2026-05-22 19:05:00+00:00,103.470001,103.519997,103.389999,103.418999,48505
2026-05-22 19:10:00+00:00,103.410004,103.489998,103.410004,103.485001,40434
2026-05-22 19:15:00+00:00,103.489998,103.500000,103.419998,103.470100,43483
2026-05-22 19:20:00+00:00,103.474998,103.474998,103.309998,103.360001,53659
2026-05-22 19:25:00+00:00,103.359802,103.360001,103.199997,103.209999,59019
2026-05-22 19:30:00+00:00,103.209999,103.309998,103.165001,103.245003,66452
2026-05-22 19:35:00+00:00,103.239998,103.290001,103.160004,103.250000,72537
2026-05-22 19:40:00+00:00,103.239998,103.294998,103.190002,103.294998,58456
2026-05-22 19:45:00+00:00,103.290001,103.300003,103.150002,103.160004,112370
2026-05-22 19:50:00+00:00,103.169998,103.250000,103.080002,103.110001,114704
2026-05-22 19:55:00+00:00,103.120003,103.264999,102.980003,103.000000,455426
2026-05-26 13:30:00+00:00,103.099998,103.800003,103.042603,103.189903,280311
2026-05-26 13:35:00+00:00,103.157501,103.400002,103.010002,103.230003,67545
2026-05-26 13:40:00+00:00,103.221573,103.320000,102.839996,103.169998,159136
2026-05-26 13:45:00+00:00,103.180000,103.330002,102.970001,103.150002,92838
2026-05-26 13:50:00+00:00,103.160004,103.190002,102.989998,103.080002,102598
2026-05-26 13:55:00+00:00,103.080002,103.250000,103.049698,103.070000,39973
2026-05-26 14:00:00+00:00,103.050003,103.400002,102.989998,103.400002,115684
2026-05-26 14:05:00+00:00,103.389999,103.519997,103.309998,103.410004,58009
2026-05-26 14:10:00+00:00,103.400002,103.434998,103.250000,103.280098,59171
2026-05-26 14:15:00+00:00,103.300003,103.430000,103.209999,103.269997,85122
2026-05-26 14:20:00+00:00,103.290001,103.349998,103.089996,103.161400,59301
2026-05-26 14:25:00+00:00,103.129997,103.160004,102.839996,102.910004,100902
2026-05-26 14:30:00+00:00,102.930000,102.970001,102.589996,102.650002,72155
2026-05-26 14:35:00+00:00,102.629997,102.779999,102.495003,102.508430,86295
2026-05-26 14:40:00+00:00,102.529999,102.570000,102.349998,102.400002,158216
2026-05-26 14:45:00+00:00,102.400002,102.449997,102.345001,102.445000,65663
2026-05-26 14:50:00+00:00,102.440002,102.550003,102.385002,102.449997,87606
2026-05-26 14:55:00+00:00,102.449997,102.699997,102.430000,102.650002,70320
2026-05-26 15:00:00+00:00,102.680000,102.680000,102.500000,102.500000,73224
2026-05-26 15:05:00+00:00,102.513489,102.669998,102.510002,102.595001,90987
2026-05-26 15:10:00+00:00,102.610001,102.699997,102.589996,102.620003,47387
2026-05-26 15:15:00+00:00,102.610001,102.760002,102.605003,102.699997,90284
2026-05-26 15:20:00+00:00,102.699997,102.862968,102.690002,102.730003,68105
2026-05-26 15:25:00+00:00,102.730003,102.839996,102.730003,102.830002,79907
2026-05-26 15:30:00+00:00,102.830002,102.870003,102.750000,102.750000,54064
2026-05-26 15:35:00+00:00,102.757919,102.949997,102.670197,102.879997,55373
2026-05-26 15:40:00+00:00,102.885002,103.070000,102.810097,102.885002,92032
2026-05-26 15:45:00+00:00,102.900002,102.970001,102.730003,102.955002,46732
2026-05-26 15:50:00+00:00,102.949997,102.980003,102.809998,102.849998,39385
2026-05-26 15:55:00+00:00,102.830002,102.885002,102.805000,102.849998,42791
2026-05-26 16:00:00+00:00,102.849998,102.900002,102.750000,102.769997,31630
2026-05-26 16:05:00+00:00,102.764999,102.839996,102.760300,102.834999,32235
2026-05-26 16:10:00+00:00,102.830002,102.879997,102.790001,102.850998,67093
2026-05-26 16:15:00+00:00,102.879997,103.110001,102.879997,103.029999,51205
2026-05-26 16:20:00+00:00,103.070000,103.105003,103.025002,103.025002,27339
2026-05-26 16:25:00+00:00,103.025002,103.069901,102.995003,103.014999,35284
2026-05-26 16:30:00+00:00,103.000099,103.139999,102.989998,103.139999,41390
2026-05-26 16:35:00+00:00,103.150002,103.214996,103.103996,103.180000,50981
2026-05-26 16:40:00+00:00,103.160004,103.160004,103.089996,103.139999,39109
2026-05-26 16:45:00+00:00,103.150002,103.150002,103.029999,103.029999,45361
2026-05-26 16:50:00+00:00,103.029999,103.110001,103.019997,103.019997,45071
2026-05-26 16:55:00+00:00,103.014999,103.019997,102.930000,102.930099,28389
2026-05-26 17:00:00+00:00,102.934998,102.949997,102.820000,102.864998,50497
2026-05-26 17:05:00+00:00,102.860001,103.059998,102.860001,103.059998,44271
2026-05-26 17:10:00+00:00,103.030098,103.059998,102.949997,103.029999,35057
2026-05-26 17:15:00+00:00,103.019997,103.019997,102.940002,102.970001,30322
2026-05-26 17:20:00+00:00,102.970001,103.019997,102.930000,102.949997,29553
2026-05-26 17:25:00+00:00,102.945000,103.000000,102.879997,102.980003,45984
2026-05-26 17:30:00+00:00,103.010002,103.029999,102.889999,103.020103,34882
2026-05-26 17:35:00+00:00,103.019997,103.029999,102.945000,102.995003,34336
2026-05-26 17:40:00+00:00,102.989998,103.010002,102.860001,102.864998,34085
2026-05-26 17:45:00+00:00,102.860001,102.919998,102.834999,102.849998,37406
2026-05-26 17:50:00+00:00,102.839996,102.940002,102.760002,102.817268,32896
2026-05-26 17:55:00+00:00,102.775002,102.910004,102.769997,102.894997,24666
2026-05-26 18:00:00+00:00,102.900002,102.930000,102.839996,102.930000,32516
2026-05-26 18:05:00+00:00,102.940002,102.989998,102.845100,102.974998,42947
2026-05-26 18:10:00+00:00,102.980003,103.014999,102.970001,103.000000,35816
2026-05-26 18:15:00+00:00,103.000000,103.160004,103.000000,103.019997,46313
2026-05-26 18:20:00+00:00,103.040001,103.169998,103.000000,103.150002,47273
2026-05-26 18:25:00+00:00,103.165001,103.209999,103.110001,103.120003,28338
2026-05-26 18:30:00+00:00,103.120003,103.239998,103.120003,103.239998,37924
2026-05-26 18:35:00+00:00,103.230003,103.230003,103.150002,103.199997,39321
2026-05-26 18:40:00+00:00,103.209999,103.246498,103.125000,103.230003,29014
2026-05-26 18:45:00+00:00,103.230003,103.349998,103.209999,103.320000,44595
2026-05-26 18:50:00+00:00,103.315002,103.324997,103.200600,103.200600,54740
2026-05-26 18:55:00+00:00,103.208099,103.294998,103.144997,103.260002,51181
2026-05-26 19:00:00+00:00,103.250000,103.260201,103.220001,103.220001,46575
2026-05-26 19:05:00+00:00,103.220001,103.220001,103.050003,103.089996,43267
2026-05-26 19:10:00+00:00,103.089996,103.112503,102.970001,103.029999,63784
2026-05-26 19:15:00+00:00,103.019997,103.139999,103.004997,103.120201,42553
2026-05-26 19:20:00+00:00,103.139999,103.190002,103.105003,103.139999,46501
2026-05-26 19:25:00+00:00,103.139999,103.159401,103.044998,103.050003,68769
2026-05-26 19:30:00+00:00,103.060303,103.070000,102.970001,103.025002,87087
2026-05-26 19:35:00+00:00,103.029999,103.089996,103.007500,103.050003,63435
2026-05-26 19:40:00+00:00,103.055000,103.150002,103.040001,103.139999,80541
2026-05-26 19:45:00+00:00,103.139999,103.360001,103.135002,103.300003,82679
2026-05-26 19:50:00+00:00,103.300003,103.404999,103.250000,103.379997,124404
2026-05-26 19:55:00+00:00,103.379997,103.418999,103.209999,103.300003,365679
2026-05-27 13:30:00+00:00,103.300003,104.410004,103.300003,104.209999,263847
2026-05-27 13:35:00+00:00,104.230003,104.790001,104.089996,104.580002,80281
2026-05-27 13:40:00+00:00,104.599899,104.684998,104.419998,104.449997,73758
2026-05-27 13:45:00+00:00,104.470001,104.709999,104.110001,104.190002,101115
2026-05-27 13:50:00+00:00,104.209999,104.330002,103.985001,104.279999,89609
2026-05-27 13:55:00+00:00,104.349998,104.349998,104.084999,104.160004,61682
2026-05-27 14:00:00+00:00,104.169998,104.660004,104.120003,104.574997,72486
2026-05-27 14:05:00+00:00,104.599899,104.949997,104.599899,104.839996,141499
2026-05-27 14:10:00+00:00,104.839996,104.949997,104.820000,104.889999,59561
2026-05-27 14:15:00+00:00,104.894997,105.080002,104.839996,105.080002,105846
2026-05-27 14:20:00+00:00,105.089996,105.250000,104.849998,104.889999,47179
2026-05-27 14:25:00+00:00,104.894997,105.180000,104.889999,105.099998,65060
2026-05-27 14:30:00+00:00,105.099998,105.150002,104.970001,105.050003,72134
2026-05-27 14:35:00+00:00,105.021896,105.040001,104.820000,104.875702,51157
2026-05-27 14:40:00+00:00,104.860001,104.860001,104.580002,104.599998,46263
2026-05-27 14:45:00+00:00,104.610001,104.629997,104.406601,104.529999,49913
2026-05-27 14:50:00+00:00,104.510002,104.539101,104.139999,104.139999,82142
2026-05-27 14:55:00+00:00,104.120003,104.292099,104.074997,104.205002,79670
2026-05-27 15:00:00+00:00,104.220001,104.300003,104.070000,104.070000,51450
2026-05-27 15:05:00+00:00,104.040001,104.089996,103.889999,103.889999,42180
2026-05-27 15:10:00+00:00,103.900002,103.919998,103.769997,103.919998,49557
2026-05-27 15:15:00+00:00,103.900002,104.000000,103.855003,103.889999,72483
2026-05-27 15:20:00+00:00,103.879997,104.050003,103.860001,103.900002,54647
2026-05-27 15:25:00+00:00,103.919998,103.940002,103.760002,103.839996,69824
2026-05-27 15:30:00+00:00,103.849998,104.059998,103.809998,104.040001,49809
2026-05-27 15:35:00+00:00,104.025002,104.220001,103.995003,104.199997,45689
2026-05-27 15:40:00+00:00,104.214996,104.214996,103.980400,103.989998,28458
2026-05-27 15:45:00+00:00,103.989998,104.000000,103.910004,103.970001,32970
2026-05-27 15:50:00+00:00,103.970001,103.974998,103.879997,103.915001,32154
2026-05-27 15:55:00+00:00,103.900002,103.910004,103.650002,103.660004,45263
2026-05-27 16:00:00+00:00,103.680000,103.875000,103.680000,103.709999,81571
2026-05-27 16:05:00+00:00,103.705002,103.730003,103.650002,103.699997,34234
2026-05-27 16:10:00+00:00,103.690002,103.709999,103.589996,103.620003,52155
2026-05-27 16:15:00+00:00,103.629997,103.739998,103.629997,103.690002,32428
2026-05-27 16:20:00+00:00,103.684998,103.769997,103.620102,103.620102,29634
2026-05-27 16:25:00+00:00,103.660004,103.739998,103.626137,103.690002,32128
2026-05-27 16:30:00+00:00,103.690002,103.800003,103.680000,103.714996,40179
2026-05-27 16:35:00+00:00,103.730003,103.779999,103.675003,103.760002,47144
2026-05-27 16:40:00+00:00,103.739998,103.845001,103.675003,103.845001,42710
2026-05-27 16:45:00+00:00,103.839996,103.845001,103.709999,103.709999,35090
2026-05-27 16:50:00+00:00,103.709999,103.800003,103.690002,103.724998,46210
2026-05-27 16:55:00+00:00,103.724998,103.760002,103.620003,103.654999,61015
2026-05-27 17:00:00+00:00,103.650002,103.750000,103.620003,103.709999,45377
2026-05-27 17:05:00+00:00,103.730003,103.820000,103.675003,103.709999,28789
2026-05-27 17:10:00+00:00,103.709999,103.830002,103.660004,103.800003,61615
2026-05-27 17:15:00+00:00,103.809998,103.819000,103.660004,103.660004,35196
2026-05-27 17:20:00+00:00,103.650002,103.650002,103.489998,103.535004,47255
2026-05-27 17:25:00+00:00,103.535004,103.535004,103.400002,103.410004,60859
2026-05-27 17:30:00+00:00,103.415001,103.489998,103.410004,103.470001,70426
2026-05-27 17:35:00+00:00,103.450996,103.529999,103.410004,103.445000,54593
2026-05-27 17:40:00+00:00,103.449997,103.529999,103.449997,103.519997,41942
2026-05-27 17:45:00+00:00,103.519997,103.537003,103.447701,103.489998,36308
2026-05-27 17:50:00+00:00,103.489998,103.550003,103.489998,103.510002,27618
2026-05-27 17:55:00+00:00,103.510002,103.529999,103.419998,103.440002,37999
2026-05-27 18:00:00+00:00,103.445000,103.480003,103.260002,103.330002,69939
2026-05-27 18:05:00+00:00,103.339996,103.430000,103.324997,103.430000,76452
2026-05-27 18:10:00+00:00,103.419998,103.589996,103.360001,103.570000,37538
2026-05-27 18:15:00+00:00,103.578003,103.769997,103.574997,103.730003,46103
2026-05-27 18:20:00+00:00,103.730003,103.760002,103.610001,103.610001,45851
2026-05-27 18:25:00+00:00,103.605003,103.629997,103.459999,103.495003,83620
2026-05-27 18:30:00+00:00,103.489998,103.625000,103.489998,103.550003,45372
2026-05-27 18:35:00+00:00,103.550003,103.669998,103.540001,103.660004,53019
2026-05-27 18:40:00+00:00,103.680000,103.690002,103.574997,103.605003,38954
2026-05-27 18:45:00+00:00,103.610001,103.699997,103.610001,103.670097,32258
2026-05-27 18:50:00+00:00,103.675003,103.779999,103.660004,103.730003,47472
2026-05-27 18:55:00+00:00,103.730003,103.879997,103.690002,103.845001,50826
2026-05-27 19:00:00+00:00,103.839996,103.894997,103.779999,103.839996,46386
2026-05-27 19:05:00+00:00,103.820000,103.894997,103.800003,103.894997,45352
2026-05-27 19:10:00+00:00,103.889999,103.940002,103.849998,103.940002,58316
2026-05-27 19:15:00+00:00,103.940002,103.980003,103.860001,103.930000,62076
2026-05-27 19:20:00+00:00,103.930000,104.035004,103.919998,103.949997,70581
2026-05-27 19:25:00+00:00,103.940002,103.940002,103.827003,103.845001,74719
2026-05-27 19:30:00+00:00,103.855003,103.870003,103.760002,103.805000,68234
2026-05-27 19:35:00+00:00,103.805000,103.860001,103.760002,103.842499,77777
2026-05-27 19:40:00+00:00,103.839996,103.849297,103.750000,103.849297,78669
2026-05-27 19:45:00+00:00,103.849998,103.930000,103.730003,103.805000,164221
2026-05-27 19:50:00+00:00,103.805000,104.110001,103.790001,104.110001,218361
2026-05-27 19:55:00+00:00,104.120003,104.290001,103.989998,104.169998,623289
2026-05-28 13:30:00+00:00,103.809998,103.809998,103.099998,103.415001,200829
2026-05-28 13:35:00+00:00,103.415001,103.449997,103.150002,103.279999,106009
2026-05-28 13:40:00+00:00,103.295372,103.879997,103.250000,103.680099,83883
2026-05-28 13:45:00+00:00,103.680000,103.915001,103.639999,103.855003,70099
2026-05-28 13:50:00+00:00,103.855003,104.180000,103.849998,104.120003,69613
2026-05-28 13:55:00+00:00,104.139999,104.180000,103.690002,103.750000,97444
2026-05-28 14:00:00+00:00,103.730003,104.000000,103.709999,103.949997,56500
2026-05-28 14:05:00+00:00,103.959999,104.040001,103.599998,103.639999,83378
2026-05-28 14:10:00+00:00,103.639999,104.260002,103.480003,104.120003,135810
2026-05-28 14:15:00+00:00,104.059998,104.069901,103.769997,103.800003,52848
2026-05-28 14:20:00+00:00,103.794998,104.180000,103.790001,104.165001,67534
2026-05-28 14:25:00+00:00,104.160004,104.309998,104.150002,104.309998,53316
2026-05-28 14:30:00+00:00,104.309998,104.370003,104.223198,104.285004,77099
2026-05-28 14:35:00+00:00,104.285103,104.300003,104.127502,104.169998,94195
2026-05-28 14:40:00+00:00,104.209999,104.209999,104.040001,104.044998,49994
2026-05-28 14:45:00+00:00,104.044998,104.339996,104.044998,104.320000,51954
2026-05-28 14:50:00+00:00,104.301003,104.324997,104.209999,104.260002,63314
2026-05-28 14:55:00+00:00,104.260002,104.324997,104.172203,104.300003,72128
2026-05-28 15:00:00+00:00,104.300003,104.410004,104.270103,104.279999,62581
2026-05-28 15:05:00+00:00,104.294998,104.320000,104.160004,104.175003,39683
2026-05-28 15:10:00+00:00,104.175003,104.220001,104.120003,104.175003,37867
2026-05-28 15:15:00+00:00,104.190002,104.195000,104.029999,104.029999,32377
2026-05-28 15:20:00+00:00,104.025002,104.040001,103.910004,103.934998,51617
2026-05-28 15:25:00+00:00,103.930000,103.930000,103.830002,103.870003,39334
2026-05-28 15:30:00+00:00,103.870003,103.930000,103.800003,103.830002,51933
2026-05-28 15:35:00+00:00,103.829803,103.860001,103.760002,103.805000,37975
2026-05-28 15:40:00+00:00,103.820000,103.839996,103.699997,103.783699,60960
2026-05-28 15:45:00+00:00,103.785004,103.900002,103.785004,103.900002,36788
2026-05-28 15:50:00+00:00,103.894997,104.000000,103.820000,103.897102,54095
2026-05-28 15:55:00+00:00,103.910004,103.961899,103.839996,103.879997,54876
2026-05-28 16:00:00+00:00,103.879997,103.930000,103.830002,103.870003,41244
2026-05-28 16:05:00+00:00,103.871002,103.875000,103.785004,103.839996,29458
2026-05-28 16:10:00+00:00,103.834999,103.940002,103.830002,103.930000,42450
2026-05-28 16:15:00+00:00,103.930000,104.029999,103.930000,104.029999,49303
2026-05-28 16:20:00+00:00,104.025002,104.025002,103.964996,103.989998,31893
2026-05-28 16:25:00+00:00,103.989998,103.995003,103.864998,103.870003,65351
2026-05-28 16:30:00+00:00,103.870003,103.894997,103.714996,103.879997,84539
2026-05-28 16:35:00+00:00,103.877998,103.877998,103.779999,103.809998,37408
2026-05-28 16:40:00+00:00,103.809998,103.820000,103.760002,103.805000,30052
2026-05-28 16:45:00+00:00,103.820000,103.900002,103.805000,103.809998,44784
2026-05-28 16:50:00+00:00,103.809998,103.889999,103.781998,103.860001,53653
2026-05-28 16:55:00+00:00,103.849998,104.010002,103.849998,103.980003,54775
2026-05-28 17:00:00+00:00,103.970001,104.014999,103.919998,104.010002,40082
2026-05-28 17:05:00+00:00,104.014999,104.044998,103.945000,104.044998,55603
2026-05-28 17:10:00+00:00,104.050003,104.055000,103.959999,103.959999,46464
2026-05-28 17:15:00+00:00,103.959999,103.974998,103.930000,103.959999,55085
2026-05-28 17:20:00+00:00,103.955002,103.969803,103.915001,103.940002,42538
2026-05-28 17:25:00+00:00,103.930000,103.930000,103.839996,103.849998,44833
2026-05-28 17:30:00+00:00,103.860001,103.915001,103.794998,103.870003,59488
2026-05-28 17:35:00+00:00,103.852097,103.910004,103.809998,103.809998,41158
2026-05-28 17:40:00+00:00,103.790001,103.815002,103.750000,103.775002,67509
2026-05-28 17:45:00+00:00,103.775002,103.834999,103.754997,103.820000,41756
2026-05-28 17:50:00+00:00,103.815002,103.860001,103.769997,103.794701,54834
2026-05-28 17:55:00+00:00,103.794998,103.824997,103.739998,103.750000,30141
2026-05-28 18:00:00+00:00,103.750000,103.805000,103.750000,103.759903,36597
2026-05-28 18:05:00+00:00,103.754997,103.807999,103.699997,103.790001,56947
2026-05-28 18:10:00+00:00,103.790001,103.820000,103.739998,103.790001,58344
2026-05-28 18:15:00+00:00,103.790001,103.819901,103.760002,103.775002,38526
2026-05-28 18:20:00+00:00,103.775002,103.779900,103.735001,103.745003,38824
2026-05-28 18:25:00+00:00,103.745003,103.745003,103.599998,103.605003,55511
2026-05-28 18:30:00+00:00,103.599998,103.601768,103.544998,103.574997,57144
2026-05-28 18:35:00+00:00,103.580002,103.669998,103.560997,103.625000,61771
2026-05-28 18:40:00+00:00,103.620003,103.629997,103.519997,103.519997,56564
2026-05-28 18:45:00+00:00,103.510002,103.559998,103.470001,103.544998,56951
2026-05-28 18:50:00+00:00,103.540001,103.620003,103.519997,103.540001,70764
2026-05-28 18:55:00+00:00,103.510101,103.614998,103.510002,103.614998,62383
2026-05-28 19:00:00+00:00,103.599998,103.724998,103.589996,103.599998,67867
2026-05-28 19:05:00+00:00,103.599998,103.601097,103.504997,103.529999,65472
2026-05-28 19:10:00+00:00,103.529999,103.595001,103.519997,103.580101,36065
2026-05-28 19:15:00+00:00,103.580002,103.730003,103.559998,103.710197,51666
2026-05-28 19:20:00+00:00,103.720001,103.889999,103.690002,103.885002,47118
2026-05-28 19:25:00+00:00,103.889999,103.915001,103.839996,103.885002,68896
2026-05-28 19:30:00+00:00,103.889999,103.945000,103.860001,103.919998,58549
2026-05-28 19:35:00+00:00,103.919998,103.949997,103.879997,103.949997,65615
2026-05-28 19:40:00+00:00,103.934998,103.989998,103.839996,103.845001,94845
2026-05-28 19:45:00+00:00,103.839996,103.839996,103.720001,103.735001,118811
2026-05-28 19:50:00+00:00,103.739998,103.760002,103.570000,103.660004,175523
2026-05-28 19:55:00+00:00,103.669998,103.790001,103.570000,103.764999,524990
2026-05-29 13:30:00+00:00,103.629997,103.760002,102.860001,103.246498,269471
2026-05-29 13:35:00+00:00,103.250000,103.419998,102.940002,103.120003,69460
2026-05-29 13:40:00+00:00,103.131378,103.165100,102.970001,103.080002,57849
2026-05-29 13:45:00+00:00,103.110001,103.190002,102.800003,102.820000,83142
2026-05-29 13:50:00+00:00,102.830002,102.860001,102.570000,102.730003,118203
2026-05-29 13:55:00+00:00,102.714996,102.739998,102.480003,102.559998,90729
2026-05-29 14:00:00+00:00,102.525002,102.760002,102.519997,102.709999,172803
2026-05-29 14:05:00+00:00,102.714996,102.820000,102.580101,102.790901,102240
2026-05-29 14:10:00+00:00,102.830002,103.139999,102.809998,103.139999,74759
2026-05-29 14:15:00+00:00,103.110001,103.370003,103.110001,103.239998,67406
2026-05-29 14:20:00+00:00,103.260002,103.260002,102.959999,102.980003,61520
2026-05-29 14:25:00+00:00,102.989998,103.150002,102.949997,102.949997,51871
2026-05-29 14:30:00+00:00,102.959999,102.970001,102.779999,102.819901,59772
2026-05-29 14:35:00+00:00,102.809998,102.959999,102.809998,102.949997,41188
2026-05-29 14:40:00+00:00,102.959999,103.150002,102.934998,103.129898,54060
2026-05-29 14:45:00+00:00,103.099998,103.120003,102.870003,102.990097,67530
2026-05-29 14:50:00+00:00,102.985001,103.029999,102.855003,103.000000,103246
2026-05-29 14:55:00+00:00,103.004997,103.205002,102.928497,103.160004,62385
2026-05-29 15:00:00+00:00,103.180000,103.190002,103.135002,103.154999,35432
2026-05-29 15:05:00+00:00,103.160004,103.180000,103.065002,103.110001,61986
2026-05-29 15:10:00+00:00,103.095001,103.339996,103.089996,103.305000,50282
2026-05-29 15:15:00+00:00,103.305000,103.330002,103.139999,103.154999,46711
2026-05-29 15:20:00+00:00,103.160103,103.180000,103.010002,103.010002,48097
2026-05-29 15:25:00+00:00,103.000000,103.029999,102.860001,102.889999,79722
2026-05-29 15:30:00+00:00,102.870003,102.949997,102.815002,102.820000,79873
2026-05-29 15:35:00+00:00,102.820000,102.940002,102.800003,102.879997,77910
2026-05-29 15:40:00+00:00,102.861198,102.949997,102.849998,102.940002,46864
2026-05-29 15:45:00+00:00,102.949997,102.951698,102.820000,102.862099,45142
2026-05-29 15:50:00+00:00,102.860001,102.889999,102.800003,102.834999,38853
2026-05-29 15:55:00+00:00,102.820000,102.839996,102.764999,102.820000,37853
2026-05-29 16:00:00+00:00,102.800003,102.830002,102.754997,102.794998,34383
2026-05-29 16:05:00+00:00,102.794998,102.834999,102.720001,102.730003,74363
2026-05-29 16:10:00+00:00,102.720001,102.788902,102.687599,102.779999,48628
2026-05-29 16:15:00+00:00,102.790001,102.875000,102.739998,102.739998,51490
2026-05-29 16:20:00+00:00,102.745003,102.769997,102.650002,102.650002,36244
2026-05-29 16:25:00+00:00,102.639999,102.662498,102.529999,102.562363,59991
2026-05-29 16:30:00+00:00,102.565002,102.760002,102.559998,102.639999,78396
2026-05-29 16:35:00+00:00,102.645103,102.720001,102.629997,102.720001,31480
2026-05-29 16:40:00+00:00,102.720001,102.739998,102.510002,102.529999,44496
2026-05-29 16:45:00+00:00,102.540001,102.580002,102.459999,102.504997,38364
2026-05-29 16:50:00+00:00,102.500000,102.559998,102.449997,102.544998,53174
2026-05-29 16:55:00+00:00,102.544998,102.599998,102.470001,102.480003,69085
2026-05-29 17:00:00+00:00,102.485001,102.485001,102.349998,102.364998,34448
2026-05-29 17:05:00+00:00,102.361000,102.364998,102.209999,102.290001,68471
2026-05-29 17:10:00+00:00,102.279999,102.330002,102.220001,102.300003,47013
2026-05-29 17:15:00+00:00,102.270103,102.474602,102.269997,102.410004,68518
2026-05-29 17:20:00+00:00,102.410004,102.430000,102.309998,102.426598,81412
2026-05-29 17:25:00+00:00,102.410004,102.510002,102.379997,102.440002,41541
2026-05-29 17:30:00+00:00,102.459999,102.580002,102.410004,102.519997,39348
2026-05-29 17:35:00+00:00,102.519997,102.529999,102.459999,102.480003,29380
2026-05-29 17:40:00+00:00,102.480003,102.580002,102.480003,102.570000,39980
2026-05-29 17:45:00+00:00,102.559998,102.620003,102.559998,102.570000,37922
2026-05-29 17:50:00+00:00,102.567902,102.580002,102.500000,102.510002,40043
2026-05-29 17:55:00+00:00,102.500000,102.550003,102.459999,102.550003,42718
2026-05-29 18:00:00+00:00,102.550003,102.660004,102.540001,102.620003,37148
2026-05-29 18:05:00+00:00,102.629997,102.644302,102.550003,102.559998,33110
2026-05-29 18:10:00+00:00,102.550598,102.599998,102.514999,102.540001,39329
2026-05-29 18:15:00+00:00,102.540001,102.570000,102.512001,102.519997,31426
2026-05-29 18:20:00+00:00,102.514999,102.529999,102.449997,102.470001,37983
2026-05-29 18:25:00+00:00,102.470100,102.470100,102.379997,102.394997,30122
2026-05-29 18:30:00+00:00,102.389999,102.400002,102.334999,102.339996,46244
2026-05-29 18:35:00+00:00,102.324997,102.500000,102.309998,102.389999,81509
2026-05-29 18:40:00+00:00,102.400002,102.400002,102.209999,102.269997,74758
2026-05-29 18:45:00+00:00,102.269997,102.290001,102.114998,102.139999,77119
2026-05-29 18:50:00+00:00,102.139999,102.180000,102.059998,102.099998,108000
2026-05-29 18:55:00+00:00,102.089996,102.169998,102.059998,102.160004,103958
2026-05-29 19:00:00+00:00,102.169998,102.190002,102.040001,102.139999,101563
2026-05-29 19:05:00+00:00,102.129997,102.169998,102.059998,102.154999,87372
2026-05-29 19:10:00+00:00,102.154999,102.214996,102.129997,102.150002,103126
2026-05-29 19:15:00+00:00,102.150002,102.190002,102.129997,102.190002,60224
2026-05-29 19:20:00+00:00,102.190002,102.264999,102.180000,102.230003,63458
2026-05-29 19:25:00+00:00,102.239998,102.300003,102.180000,102.260002,113338
2026-05-29 19:30:00+00:00,102.239998,102.440002,102.199997,102.410004,132042
2026-05-29 19:35:00+00:00,102.430000,102.434998,102.269997,102.334999,108760
2026-05-29 19:40:00+00:00,102.334999,102.334999,102.110001,102.139999,116603
2026-05-29 19:45:00+00:00,102.129997,102.300003,102.084999,102.239998,175372
2026-05-29 19:50:00+00:00,102.239998,102.459999,102.180000,102.224297,211190
2026-05-29 19:55:00+00:00,102.230003,102.235001,101.849998,101.849998,642696
2026-06-01 13:30:00+00:00,101.660004,101.750000,100.841599,101.214996,435277
2026-06-01 13:35:00+00:00,101.250000,101.250000,100.769997,100.864998,98514
2026-06-01 13:40:00+00:00,100.818680,100.839996,100.300003,100.750000,207311
2026-06-01 13:45:00+00:00,100.730003,100.809998,100.459999,100.660004,113747
2026-06-01 13:50:00+00:00,100.639999,100.900002,100.580002,100.830002,194797
2026-06-01 13:55:00+00:00,100.830002,100.970001,100.760002,100.830002,115997
2026-06-01 14:00:00+00:00,100.830002,101.139999,100.690002,101.055000,195338
2026-06-01 14:05:00+00:00,101.051003,101.139999,100.610001,100.724998,148292
2026-06-01 14:10:00+00:00,100.749901,100.910004,100.680000,100.910004,78444
2026-06-01 14:15:00+00:00,100.879997,101.154999,100.870003,101.099998,91796
2026-06-01 14:20:00+00:00,101.110001,101.139999,100.680000,100.680000,112143
2026-06-01 14:25:00+00:00,100.699997,101.129997,100.699997,101.114998,133693
2026-06-01 14:30:00+00:00,101.129997,101.320000,101.044998,101.059998,214193
2026-06-01 14:35:00+00:00,101.055000,101.260002,100.989998,101.190002,107211
2026-06-01 14:40:00+00:00,101.199997,101.480003,101.141403,101.370003,105012
2026-06-01 14:45:00+00:00,101.379997,101.400002,101.269997,101.349998,120396
2026-06-01 14:50:00+00:00,101.360001,101.400002,101.269997,101.370003,107706
2026-06-01 14:55:00+00:00,101.370003,101.510002,101.349998,101.400002,90148
2026-06-01 15:00:00+00:00,101.385002,101.415001,101.250000,101.300003,106991
2026-06-01 15:05:00+00:00,101.309998,101.470001,101.230003,101.320000,112945
2026-06-01 15:10:00+00:00,101.320000,101.519997,101.320000,101.514999,78529
2026-06-01 15:15:00+00:00,101.500000,101.650002,101.474998,101.636703,138479
2026-06-01 15:20:00+00:00,101.639999,101.900002,101.540001,101.870003,127019
2026-06-01 15:25:00+00:00,101.879997,101.879997,101.699997,101.779999,70560
2026-06-01 15:30:00+00:00,101.769997,102.059998,101.769997,101.860001,138678
2026-06-01 15:35:00+00:00,101.860001,102.019897,101.839996,101.940002,61419
2026-06-01 15:40:00+00:00,101.915001,101.919998,101.820000,101.910004,45207
2026-06-01 15:45:00+00:00,101.930000,101.930000,101.709999,101.739998,44716
2026-06-01 15:50:00+00:00,101.730003,101.760002,101.669998,101.680000,41227
2026-06-01 15:55:00+00:00,101.669998,101.830002,101.632698,101.745003,54552
2026-06-01 16:00:00+00:00,101.739998,101.779999,101.669998,101.684998,42631
2026-06-01 16:05:00+00:00,101.690002,101.709999,101.650002,101.660004,36378
2026-06-01 16:10:00+00:00,101.672501,101.709999,101.559998,101.705002,45662
2026-06-01 16:15:00+00:00,101.705002,101.709999,101.510002,101.584999,45712
2026-06-01 16:20:00+00:00,101.589996,101.650002,101.510002,101.599998,70125
2026-06-01 16:25:00+00:00,101.599998,101.639999,101.580002,101.599998,35551
2026-06-01 16:30:00+00:00,101.610001,101.650002,101.582001,101.650002,34070
2026-06-01 16:35:00+00:00,101.660004,101.709999,101.650002,101.684998,39228
2026-06-01 16:40:00+00:00,101.690002,101.820000,101.680000,101.760498,45854
2026-06-01 16:45:00+00:00,101.776100,101.900002,101.750000,101.849998,46805
2026-06-01 16:50:00+00:00,101.849998,101.989998,101.809998,101.989998,45444
2026-06-01 16:55:00+00:00,101.989998,102.010002,101.830002,101.900002,74494
2026-06-01 17:00:00+00:00,101.889999,101.989998,101.845001,101.989998,30654
2026-06-01 17:05:00+00:00,102.000000,102.186401,101.989998,102.099998,45195
2026-06-01 17:10:00+00:00,102.089996,102.129997,102.000000,102.055000,39970
2026-06-01 17:15:00+00:00,102.059998,102.114998,101.959999,102.114998,46184
2026-06-01 17:20:00+00:00,102.120003,102.309998,102.120003,102.269997,83565
2026-06-01 17:25:00+00:00,102.269997,102.279999,102.105003,102.269997,67352
2026-06-01 17:30:00+00:00,102.290001,102.320000,102.139999,102.250000,56330
2026-06-01 17:35:00+00:00,102.245003,102.269997,102.165001,102.214996,50852
2026-06-01 17:40:00+00:00,102.214996,102.459900,102.190002,102.349998,81220
2026-06-01 17:45:00+00:00,102.360001,102.389999,102.324997,102.337502,33234
2026-06-01 17:50:00+00:00,102.330002,102.330002,102.190002,102.294998,100791
2026-06-01 17:55:00+00:00,102.279999,102.448097,102.199997,102.379997,48039
2026-06-01 18:00:00+00:00,102.389999,102.440002,102.340103,102.395103,45625
2026-06-01 18:05:00+00:00,102.400002,102.669998,102.400002,102.584999,69165
2026-06-01 18:10:00+00:00,102.584999,102.610001,102.510002,102.535103,35642
2026-06-01 18:15:00+00:00,102.544998,102.570000,102.495003,102.540001,31775
2026-06-01 18:20:00+00:00,102.540001,102.599998,102.514503,102.519997,53487
2026-06-01 18:25:00+00:00,102.519997,102.570099,102.500000,102.555000,53977
2026-06-01 18:30:00+00:00,102.555000,102.580002,102.510498,102.560402,42059
2026-06-01 18:35:00+00:00,102.580002,102.680000,102.570000,102.665001,49267
2026-06-01 18:40:00+00:00,102.669998,102.730003,102.650002,102.690002,38728
2026-06-01 18:45:00+00:00,102.720001,102.820000,102.705002,102.790001,50454
2026-06-01 18:50:00+00:00,102.779999,102.849998,102.735001,102.830002,70735
2026-06-01 18:55:00+00:00,102.830002,103.000000,102.830002,102.879997,102192
2026-06-01 19:00:00+00:00,102.875000,102.889999,102.800003,102.800003,73255
2026-06-01 19:05:00+00:00,102.790001,102.800003,102.654999,102.669998,53170
2026-06-01 19:10:00+00:00,102.660004,102.690002,102.610001,102.654999,54814
2026-06-01 19:15:00+00:00,102.654999,102.750000,102.650002,102.709999,61445
2026-06-01 19:20:00+00:00,102.720001,102.720100,102.629997,102.709999,67033
2026-06-01 19:25:00+00:00,102.720001,102.790001,102.699997,102.739998,74501
2026-06-01 19:30:00+00:00,102.739998,102.750000,102.660202,102.745003,82935
2026-06-01 19:35:00+00:00,102.739998,102.809998,102.709999,102.745003,79646
2026-06-01 19:40:00+00:00,102.739998,102.739998,102.665001,102.669998,82408
2026-06-01 19:45:00+00:00,102.660004,102.739998,102.599998,102.705002,126509
2026-06-01 19:50:00+00:00,102.709999,102.980003,102.680000,102.959999,198803
2026-06-01 19:55:00+00:00,102.970001,103.004997,102.805000,102.849998,438713
2026-06-02 13:30:00+00:00,102.345001,102.489998,101.720001,101.786301,294676
2026-06-02 13:35:00+00:00,101.750000,102.019997,101.589996,101.669998,71371
2026-06-02 13:40:00+00:00,101.699997,101.785004,101.290001,101.290001,105503
2026-06-02 13:45:00+00:00,101.309998,101.309998,100.830002,100.830002,141322
2026-06-02 13:50:00+00:00,100.830002,100.849998,100.430000,100.449303,130541
2026-06-02 13:55:00+00:00,100.440002,100.570000,100.089996,100.209999,180480
2026-06-02 14:00:00+00:00,100.205002,100.620003,100.180000,100.514999,210771
2026-06-02 14:05:00+00:00,100.514999,100.709999,100.430000,100.580002,109279
2026-06-02 14:10:00+00:00,100.610001,100.739998,100.570000,100.650002,148599
2026-06-02 14:15:00+00:00,100.639999,100.989998,100.639999,100.870003,107632
2026-06-02 14:20:00+00:00,100.870003,100.919998,100.785599,100.790001,86330
2026-06-02 14:25:00+00:00,100.790001,100.940002,100.635002,100.660004,104428
2026-06-02 14:30:00+00:00,100.669998,100.760002,100.510002,100.615997,74386
2026-06-02 14:35:00+00:00,100.628601,100.639999,100.510002,100.570000,52776
2026-06-02 14:40:00+00:00,100.559998,100.684998,100.519997,100.589996,66529
2026-06-02 14:45:00+00:00,100.595001,100.800003,100.580101,100.750000,78170
2026-06-02 14:50:00+00:00,100.754997,100.949997,100.690002,100.845001,55506
2026-06-02 14:55:00+00:00,100.845001,100.845001,100.580002,100.614998,93325
2026-06-02 15:00:00+00:00,100.614998,100.845001,100.589996,100.789902,84174
2026-06-02 15:05:00+00:00,100.790001,101.040001,100.790001,101.040001,86993
2026-06-02 15:10:00+00:00,101.029999,101.040001,100.949997,100.959999,65323
2026-06-02 15:15:00+00:00,100.949997,101.099998,100.940002,101.050003,67677
2026-06-02 15:20:00+00:00,101.065002,101.110001,100.989998,101.000000,61287
2026-06-02 15:25:00+00:00,101.000000,101.279999,100.989998,101.264999,74490
2026-06-02 15:30:00+00:00,101.264999,101.330002,101.152802,101.180000,62590
2026-06-02 15:35:00+00:00,101.184998,101.209999,101.129997,101.184998,43192
2026-06-02 15:40:00+00:00,101.184998,101.250000,101.129997,101.199997,68415
2026-06-02 15:45:00+00:00,101.209999,101.269997,101.160004,101.250000,36620
2026-06-02 15:50:00+00:00,101.279999,101.309998,101.139999,101.175003,34116
2026-06-02 15:55:00+00:00,101.175003,101.199997,101.095001,101.129997,50423
2026-06-02 16:00:00+00:00,101.120003,101.129997,100.949997,101.050003,60824
2026-06-02 16:05:00+00:00,101.059998,101.070000,100.830002,100.889999,60775
2026-06-02 16:10:00+00:00,100.889999,100.980003,100.809998,100.849998,81637
2026-06-02 16:15:00+00:00,100.839996,101.014999,100.820000,100.980003,54771
2026-06-02 16:20:00+00:00,100.985001,101.080002,100.940002,100.989998,41382
2026-06-02 16:25:00+00:00,100.995003,101.019997,100.930000,100.959900,39029
2026-06-02 16:30:00+00:00,100.955002,101.120003,100.945000,101.089996,45889
2026-06-02 16:35:00+00:00,101.099998,101.199997,101.095100,101.184998,34940
2026-06-02 16:40:00+00:00,101.184998,101.190002,101.059998,101.110001,49138
2026-06-02 16:45:00+00:00,101.114998,101.230003,101.110001,101.199997,43821
2026-06-02 16:50:00+00:00,101.209999,101.209999,101.065002,101.139999,34710
2026-06-02 16:55:00+00:00,101.139999,101.354797,101.139999,101.279999,52846
2026-06-02 17:00:00+00:00,101.297897,101.297897,101.120003,101.160004,41092
2026-06-02 17:05:00+00:00,101.160004,101.239998,101.129997,101.150002,52105
2026-06-02 17:10:00+00:00,101.150002,101.195000,101.080002,101.180000,39216
2026-06-02 17:15:00+00:00,101.190002,101.309998,101.190002,101.305000,40824
2026-06-02 17:20:00+00:00,101.309998,101.339996,101.269997,101.275002,54288
2026-06-02 17:25:00+00:00,101.269997,101.309998,101.250000,101.294998,44622
2026-06-02 17:30:00+00:00,101.290001,101.340103,101.269997,101.340103,41849
2026-06-02 17:35:00+00:00,101.360001,101.389999,101.309998,101.370003,68326
2026-06-02 17:40:00+00:00,101.379997,101.389999,101.300003,101.315002,56343
2026-06-02 17:45:00+00:00,101.315002,101.330002,101.230003,101.239998,57249
2026-06-02 17:50:00+00:00,101.230003,101.290001,101.180000,101.199997,50883
2026-06-02 17:55:00+00:00,101.195000,101.220001,101.125000,101.160004,61099
2026-06-02 18:00:00+00:00,101.150002,101.250000,101.139999,101.230003,52485
2026-06-02 18:05:00+00:00,101.230003,101.260002,101.209999,101.230003,48626
2026-06-02 18:10:00+00:00,101.239998,101.239998,101.089996,101.089996,78106
2026-06-02 18:15:00+00:00,101.084999,101.099899,100.989998,101.000000,55100
2026-06-02 18:20:00+00:00,101.010002,101.139999,101.010002,101.139999,66128
2026-06-02 18:25:00+00:00,101.144997,101.220001,101.120003,101.120003,73120
2026-06-02 18:30:00+00:00,101.120003,101.175003,101.010002,101.099998,63134
2026-06-02 18:35:00+00:00,101.110001,101.290001,101.099998,101.239998,60395
2026-06-02 18:40:00+00:00,101.239998,101.279999,101.160004,101.190002,65257
2026-06-02 18:45:00+00:00,101.199997,101.209999,101.120003,101.129997,56423
2026-06-02 18:50:00+00:00,101.120003,101.160004,101.105003,101.139999,69850
2026-06-02 18:55:00+00:00,101.128700,101.150002,101.080002,101.120003,54090
2026-06-02 19:00:00+00:00,101.120003,101.120003,101.029999,101.040001,59675
2026-06-02 19:05:00+00:00,101.050003,101.089996,100.980003,101.050003,77951
2026-06-02 19:10:00+00:00,101.059998,101.070000,100.919998,100.934998,63118
2026-06-02 19:15:00+00:00,100.940002,101.095001,100.919998,101.080002,73182
2026-06-02 19:20:00+00:00,101.070000,101.120003,101.050102,101.110001,65956
2026-06-02 19:25:00+00:00,101.099998,101.180000,101.089996,101.129997,80733
2026-06-02 19:30:00+00:00,101.129997,101.250000,101.124496,101.230003,93715
2026-06-02 19:35:00+00:00,101.239899,101.239998,101.129997,101.190002,63103
2026-06-02 19:40:00+00:00,101.184998,101.230003,101.139999,101.214996,97518
2026-06-02 19:45:00+00:00,101.214996,101.214996,101.099998,101.175003,140715
2026-06-02 19:50:00+00:00,101.169998,101.230003,101.099998,101.195000,201390
2026-06-02 19:55:00+00:00,101.195000,101.440002,101.169998,101.404999,513471
2026-06-03 13:30:00+00:00,100.434998,100.669998,100.099998,100.379997,412515
2026-06-03 13:35:00+00:00,100.349998,101.089996,100.339996,101.010002,160646
2026-06-03 13:40:00+00:00,100.980003,101.264999,100.949997,101.150002,80003
2026-06-03 13:45:00+00:00,101.150002,101.250000,100.975098,101.089996,93872
2026-06-03 13:50:00+00:00,101.080002,101.169998,100.709999,100.989998,86446
2026-06-03 13:55:00+00:00,100.970001,101.010002,100.629997,100.750000,93693
2026-06-03 14:00:00+00:00,100.769997,100.940002,100.629997,100.864998,72656
2026-06-03 14:05:00+00:00,100.889999,100.949997,100.599998,100.800003,120768
2026-06-03 14:10:00+00:00,100.830002,101.010002,100.680000,100.810799,90343
2026-06-03 14:15:00+00:00,100.820000,100.989998,100.769997,100.981003,68735
2026-06-03 14:20:00+00:00,100.970001,101.040001,100.890099,100.989998,66342
2026-06-03 14:25:00+00:00,101.029999,101.059998,100.779999,100.805000,80663
2026-06-03 14:30:00+00:00,100.800003,101.000000,100.760002,100.879997,65699
2026-06-03 14:35:00+00:00,100.864998,101.010002,100.830002,100.919998,38432
2026-06-03 14:40:00+00:00,100.900002,100.900002,100.589996,100.589996,71823
2026-06-03 14:45:00+00:00,100.589996,100.610001,100.419998,100.550003,68457
2026-06-03 14:50:00+00:00,100.529999,100.580002,100.400002,100.580002,46954
2026-06-03 14:55:00+00:00,100.574997,100.699997,100.540001,100.559998,37724
2026-06-03 15:00:00+00:00,100.544998,100.579903,100.349998,100.370003,55439
2026-06-03 15:05:00+00:00,100.349998,100.379997,100.209999,100.370003,81589
2026-06-03 15:10:00+00:00,100.370003,100.370003,100.110001,100.154999,52160
2026-06-03 15:15:00+00:00,100.150002,100.190002,100.050003,100.050003,50906
2026-06-03 15:20:00+00:00,100.050003,100.050003,99.779999,99.779999,122035
2026-06-03 15:25:00+00:00,99.769997,99.879898,99.760002,99.809998,70041
2026-06-03 15:30:00+00:00,99.820000,99.830002,99.680000,99.830002,53093
2026-06-03 15:35:00+00:00,99.820000,99.820000,99.535004,99.550003,56538
2026-06-03 15:40:00+00:00,99.550003,99.580002,99.330002,99.559998,101714
2026-06-03 15:45:00+00:00,99.559998,99.750000,99.544998,99.670097,78914
2026-06-03 15:50:00+00:00,99.695000,99.749100,99.599998,99.605003,36513
2026-06-03 15:55:00+00:00,99.620003,99.680000,99.565498,99.680000,55819
2026-06-03 16:00:00+00:00,99.689903,99.805000,99.669998,99.799896,62026
2026-06-03 16:05:00+00:00,99.790100,99.790100,99.629997,99.675003,35112
2026-06-03 16:10:00+00:00,99.680000,99.750000,99.629997,99.750000,62892
2026-06-03 16:15:00+00:00,99.750000,99.779999,99.720001,99.739998,48563
2026-06-03 16:20:00+00:00,99.730003,99.750000,99.660004,99.730003,40194
2026-06-03 16:25:00+00:00,99.739998,99.849998,99.709999,99.730003,48266
2026-06-03 16:30:00+00:00,99.739998,99.800003,99.709999,99.779999,43241
2026-06-03 16:35:00+00:00,99.779999,99.895103,99.772003,99.839996,40058
2026-06-03 16:40:00+00:00,99.820000,99.900002,99.779999,99.790001,63123
2026-06-03 16:45:00+00:00,99.800003,99.800003,99.724998,99.769997,34413
2026-06-03 16:50:00+00:00,99.775002,99.775002,99.675003,99.690002,48539
2026-06-03 16:55:00+00:00,99.690002,99.720001,99.559998,99.610001,43377
2026-06-03 17:00:00+00:00,99.610001,99.719002,99.559998,99.719002,49413
2026-06-03 17:05:00+00:00,99.709999,99.709999,99.570000,99.660004,68448
2026-06-03 17:10:00+00:00,99.669998,99.739998,99.639999,99.720001,46001
2026-06-03 17:15:00+00:00,99.714996,99.764999,99.639999,99.669998,37905
2026-06-03 17:20:00+00:00,99.669998,99.669998,99.529999,99.535004,71874
2026-06-03 17:25:00+00:00,99.530602,99.535004,99.430000,99.519997,48575
2026-06-03 17:30:00+00:00,99.510002,99.529999,99.434998,99.519997,41529
2026-06-03 17:35:00+00:00,99.519997,99.589996,99.504997,99.559998,37049
2026-06-03 17:40:00+00:00,99.570000,99.599998,99.524200,99.524200,35422
2026-06-03 17:45:00+00:00,99.514999,99.529999,99.434998,99.445000,42706
2026-06-03 17:50:00+00:00,99.449997,99.464996,99.309998,99.449997,66920
2026-06-03 17:55:00+00:00,99.440804,99.440804,99.360001,99.379997,47413
2026-06-03 18:00:00+00:00,99.360001,99.544998,99.330002,99.540001,97789
2026-06-03 18:05:00+00:00,99.519997,99.599998,99.464996,99.595001,61925
2026-06-03 18:10:00+00:00,99.605003,99.759903,99.589996,99.745796,49469
2026-06-03 18:15:00+00:00,99.750000,99.930000,99.750000,99.849998,93224
2026-06-03 18:20:00+00:00,99.849998,99.919998,99.809998,99.815002,46228
2026-06-03 18:25:00+00:00,99.815002,99.849899,99.800003,99.838997,36299
2026-06-03 18:30:00+00:00,99.830002,99.875000,99.779999,99.845001,56268
2026-06-03 18:35:00+00:00,99.845001,99.888496,99.800102,99.870003,47401
2026-06-03 18:40:00+00:00,99.870003,99.870003,99.760002,99.805000,50463
2026-06-03 18:45:00+00:00,99.802299,99.830002,99.790001,99.820000,24782
2026-06-03 18:50:00+00:00,99.824997,99.910004,99.800003,99.904999,45234
2026-06-03 18:55:00+00:00,99.910004,99.910004,99.779999,99.779999,66326
2026-06-03 19:00:00+00:00,99.769997,99.800003,99.690002,99.730003,39640
2026-06-03 19:05:00+00:00,99.730003,99.730003,99.650002,99.684998,56595
2026-06-03 19:10:00+00:00,99.684998,99.684998,99.525002,99.559998,78735
2026-06-03 19:15:00+00:00,99.559998,99.629997,99.550003,99.610001,75377
2026-06-03 19:20:00+00:00,99.599998,99.620003,99.419998,99.419998,112985
2026-06-03 19:25:00+00:00,99.430000,99.489799,99.250000,99.269997,74763
2026-06-03 19:30:00+00:00,99.279999,99.379997,99.279999,99.360001,68550
2026-06-03 19:35:00+00:00,99.370003,99.419998,99.309998,99.400002,67891
2026-06-03 19:40:00+00:00,99.419998,99.584999,99.415001,99.540001,98222
2026-06-03 19:45:00+00:00,99.529999,99.610001,99.425003,99.580002,95000
2026-06-03 19:50:00+00:00,99.580002,99.589996,99.379997,99.540001,178518
2026-06-03 19:55:00+00:00,99.580002,99.639999,99.379997,99.464996,573181
2026-06-04 13:30:00+00:00,100.540001,100.790001,100.290001,100.545097,357111
2026-06-04 13:35:00+00:00,100.660004,100.900002,100.425003,100.820000,146214
2026-06-04 13:40:00+00:00,100.830002,101.400002,100.760002,101.290001,249311
2026-06-04 13:45:00+00:00,101.285004,101.389999,100.949997,101.029999,134786
2026-06-04 13:50:00+00:00,101.019997,101.040001,100.815002,100.995003,69004
2026-06-04 13:55:00+00:00,101.010002,101.290001,100.940002,101.290001,91814
2026-06-04 14:00:00+00:00,101.269997,101.470001,101.250099,101.338989,86840
2026-06-04 14:05:00+00:00,101.339996,101.410004,101.184998,101.285103,66748
2026-06-04 14:10:00+00:00,101.290001,101.349800,100.860001,100.949997,66338
2026-06-04 14:15:00+00:00,100.949997,100.949997,100.595001,100.725098,72684
2026-06-04 14:20:00+00:00,100.720001,100.940002,100.710098,100.779999,79597
2026-06-04 14:25:00+00:00,100.785004,100.900002,100.660004,100.660004,61634
2026-06-04 14:30:00+00:00,100.669998,100.709999,100.464302,100.529999,87019
2026-06-04 14:35:00+00:00,100.559998,100.629997,100.500000,100.580002,86647
2026-06-04 14:40:00+00:00,100.570000,100.720001,100.510002,100.720001,58980
2026-06-04 14:45:00+00:00,100.699997,100.739998,100.589996,100.589996,64551
2026-06-04 14:50:00+00:00,100.584999,100.620003,100.520103,100.530098,49937
2026-06-04 14:55:00+00:00,100.559998,100.629997,100.500000,100.557503,70812
2026-06-04 15:00:00+00:00,100.540001,100.644997,100.425003,100.599998,83965
2026-06-04 15:05:00+00:00,100.605003,100.720001,100.540001,100.720001,44802
2026-06-04 15:10:00+00:00,100.708199,100.820000,100.650002,100.724998,73119
2026-06-04 15:15:00+00:00,100.730003,100.760002,100.550003,100.599998,62370
2026-06-04 15:20:00+00:00,100.599998,100.724998,100.570000,100.660004,69060
2026-06-04 15:25:00+00:00,100.665001,100.769997,100.625000,100.699997,71664
2026-06-04 15:30:00+00:00,100.699997,100.739998,100.610001,100.610001,98262
2026-06-04 15:35:00+00:00,100.620003,100.750000,100.620003,100.660004,55369
2026-06-04 15:40:00+00:00,100.690002,100.709999,100.529999,100.580002,33062
2026-06-04 15:45:00+00:00,100.584999,100.690002,100.560402,100.680000,35079
2026-06-04 15:50:00+00:00,100.669998,100.687500,100.484001,100.509903,46218
2026-06-04 15:55:00+00:00,100.500000,100.519997,100.260002,100.315002,51853
2026-06-04 16:00:00+00:00,100.320000,100.379997,100.220001,100.279999,55704
2026-06-04 16:05:00+00:00,100.269997,100.389999,100.260002,100.385002,50515
2026-06-04 16:10:00+00:00,100.385002,100.430000,100.349998,100.410004,39516
2026-06-04 16:15:00+00:00,100.410004,100.419998,100.269997,100.309898,42878
2026-06-04 16:20:00+00:00,100.309998,100.330002,100.239998,100.254997,38434
2026-06-04 16:25:00+00:00,100.254997,100.279999,100.050003,100.070000,110898
2026-06-04 16:30:00+00:00,100.059998,100.114998,99.989998,100.000000,155021
2026-06-04 16:35:00+00:00,99.980003,100.019997,99.930000,99.964996,68656
2026-06-04 16:40:00+00:00,99.940002,99.969902,99.529999,99.570000,121056
2026-06-04 16:45:00+00:00,99.570000,99.849998,99.570000,99.690002,112492
2026-06-04 16:50:00+00:00,99.680000,99.680000,99.430000,99.480003,76604
2026-06-04 16:55:00+00:00,99.485001,99.519997,99.235001,99.235001,142404
2026-06-04 17:00:00+00:00,99.235001,99.349998,99.050003,99.264999,220071
2026-06-04 17:05:00+00:00,99.277000,99.470001,99.209999,99.355003,126458
2026-06-04 17:10:00+00:00,99.349998,99.370003,99.260002,99.294998,57045
2026-06-04 17:15:00+00:00,99.300003,99.303703,99.218201,99.218201,43067
2026-06-04 17:20:00+00:00,99.230003,99.269997,99.114998,99.219597,129325
2026-06-04 17:25:00+00:00,99.220001,99.349998,99.165001,99.250000,77894
2026-06-04 17:30:00+00:00,99.246101,99.305000,99.210999,99.260002,89428
2026-06-04 17:35:00+00:00,99.239998,99.440002,99.220001,99.379997,58380
2026-06-04 17:40:00+00:00,99.379997,99.460098,99.350098,99.419998,54680
2026-06-04 17:45:00+00:00,99.434998,99.442902,99.364998,99.434998,39897
2026-06-04 17:50:00+00:00,99.430000,99.430000,99.300003,99.300003,69672
2026-06-04 17:55:00+00:00,99.305000,99.339996,99.230003,99.309998,60789
2026-06-04 18:00:00+00:00,99.300003,99.300003,99.099998,99.264999,158312
2026-06-04 18:05:00+00:00,99.250000,99.269203,99.171997,99.180000,69721
2026-06-04 18:10:00+00:00,99.180000,99.349998,99.110001,99.275002,121287
2026-06-04 18:15:00+00:00,99.269997,99.321999,99.190002,99.199997,59834
2026-06-04 18:20:00+00:00,99.190002,99.299896,99.190002,99.279999,43960
2026-06-04 18:25:00+00:00,99.279999,99.290001,99.169998,99.216499,102588
2026-06-04 18:30:00+00:00,99.220001,99.308998,99.209999,99.279999,46635
2026-06-04 18:35:00+00:00,99.279999,99.370003,99.260002,99.355003,47672
2026-06-04 18:40:00+00:00,99.339996,99.379997,99.239998,99.250000,51581
2026-06-04 18:45:00+00:00,99.254997,99.285004,99.195000,99.199997,83452
2026-06-04 18:50:00+00:00,99.209999,99.209999,99.125000,99.130302,156031
2026-06-04 18:55:00+00:00,99.150002,99.294998,99.150002,99.230003,87881
2026-06-04 19:00:00+00:00,99.220001,99.230003,99.110001,99.150002,111021
2026-06-04 19:05:00+00:00,99.150002,99.199997,99.065002,99.151001,71706
2026-06-04 19:10:00+00:00,99.150002,99.199997,99.134140,99.150002,103254
2026-06-04 19:15:00+00:00,99.169998,99.250000,99.160004,99.235001,130084
2026-06-04 19:20:00+00:00,99.239998,99.279999,99.144997,99.150002,142531
2026-06-04 19:25:00+00:00,99.146057,99.199997,99.110001,99.129997,92814
2026-06-04 19:30:00+00:00,99.129997,99.250000,99.010002,99.249001,118128
2026-06-04 19:35:00+00:00,99.239998,99.300003,99.199997,99.269997,123376
2026-06-04 19:40:00+00:00,99.264999,99.415100,99.264503,99.349998,93969
2026-06-04 19:45:00+00:00,99.339996,99.570000,99.280197,99.485001,154601
2026-06-04 19:50:00+00:00,99.500000,99.669998,99.285004,99.339996,276695
2026-06-04 19:55:00+00:00,99.330002,99.430000,99.214996,99.349998,776077
2026-06-05 13:30:00+00:00,99.680000,100.099998,99.540001,99.980003,312009
2026-06-05 13:35:00+00:00,99.930000,100.199997,99.779999,99.959999,98976
2026-06-05 13:40:00+00:00,99.958359,100.199997,99.809998,99.949997,165005
2026-06-05 13:45:00+00:00,99.949997,99.980003,99.510002,99.720001,101349
2026-06-05 13:50:00+00:00,99.709999,99.820000,99.540001,99.540001,81314
2026-06-05 13:55:00+00:00,99.559998,99.839996,99.500000,99.786903,88053
2026-06-05 14:00:00+00:00,99.780403,99.910004,99.669998,99.830002,139935
2026-06-05 14:05:00+00:00,99.849998,99.940002,99.610100,99.709999,82630
2026-06-05 14:10:00+00:00,99.730003,99.898804,99.669998,99.760002,80772
2026-06-05 14:15:00+00:00,99.754997,99.779999,99.379997,99.379997,84844
2026-06-05 14:20:00+00:00,99.389000,99.549896,99.379997,99.525002,98873
2026-06-05 14:25:00+00:00,99.525002,99.695000,99.510002,99.599998,68421
2026-06-05 14:30:00+00:00,99.599998,99.629997,99.504997,99.504997,63423
2026-06-05 14:35:00+00:00,99.518898,99.518898,99.370003,99.385002,60188
2026-06-05 14:40:00+00:00,99.385002,99.500000,99.370003,99.415001,73326
2026-06-05 14:45:00+00:00,99.415001,99.429001,99.279999,99.360001,80726
2026-06-05 14:50:00+00:00,99.355003,99.389999,99.260002,99.269997,54592
2026-06-05 14:55:00+00:00,99.269997,99.360001,99.180000,99.320000,158122
2026-06-05 15:00:00+00:00,99.305000,99.580002,99.305000,99.510002,60082
2026-06-05 15:05:00+00:00,99.510002,99.610001,99.480003,99.574997,54313
2026-06-05 15:10:00+00:00,99.574997,99.684998,99.540001,99.684998,44408
2026-06-05 15:15:00+00:00,99.669998,99.680000,99.584999,99.599998,36207
2026-06-05 15:20:00+00:00,99.610001,99.635002,99.529999,99.530098,49135
2026-06-05 15:25:00+00:00,99.550003,99.584999,99.500000,99.550003,55706
2026-06-05 15:30:00+00:00,99.550003,99.610001,99.529999,99.540001,47899
2026-06-05 15:35:00+00:00,99.540001,99.599998,99.470001,99.570000,31346
2026-06-05 15:40:00+00:00,99.570000,99.574997,99.480003,99.504997,77023
2026-06-05 15:45:00+00:00,99.495003,99.504997,99.419998,99.489998,30654
2026-06-05 15:50:00+00:00,99.500000,99.500000,99.290001,99.330002,63879
2026-06-05 15:55:00+00:00,99.346497,99.364998,99.250000,99.250000,45929
2026-06-05 16:00:00+00:00,99.269997,99.334999,99.230003,99.260002,35520
2026-06-05 16:05:00+00:00,99.264000,99.290001,99.175003,99.290001,32182
2026-06-05 16:10:00+00:00,99.300003,99.430000,99.260002,99.370003,42828
2026-06-05 16:15:00+00:00,99.370003,99.389999,99.309998,99.345001,27316
2026-06-05 16:20:00+00:00,99.339996,99.379997,99.269997,99.285004,38294
2026-06-05 16:25:00+00:00,99.285004,99.349998,99.264999,99.300003,51985
2026-06-05 16:30:00+00:00,99.320000,99.349998,99.269997,99.309998,41934
2026-06-05 16:35:00+00:00,99.309998,99.370003,99.270599,99.339996,82169
2026-06-05 16:40:00+00:00,99.330002,99.355003,99.245003,99.290001,49432
2026-06-05 16:45:00+00:00,99.279999,99.400002,99.250000,99.250000,62905
2026-06-05 16:50:00+00:00,99.230003,99.389999,99.230003,99.260002,59546
2026-06-05 16:55:00+00:00,99.239998,99.492203,99.239998,99.492203,90291
2026-06-05 17:00:00+00:00,99.489998,99.565002,99.400002,99.478996,82731
2026-06-05 17:05:00+00:00,99.474998,99.709999,99.474998,99.654999,59729
2026-06-05 17:10:00+00:00,99.660004,99.660004,99.550003,99.630096,45468
2026-06-05 17:15:00+00:00,99.629997,99.699997,99.525002,99.525002,59383
2026-06-05 17:20:00+00:00,99.540001,99.589996,99.345001,99.345001,80370
2026-06-05 17:25:00+00:00,99.360001,99.449997,99.199997,99.199997,63146
2026-06-05 17:30:00+00:00,99.199997,99.349998,99.199997,99.345001,81865
2026-06-05 17:35:00+00:00,99.349998,99.400002,99.309998,99.385002,80461
2026-06-05 17:40:00+00:00,99.385002,99.419998,99.245003,99.249298,83433
2026-06-05 17:45:00+00:00,99.250000,99.385002,99.239998,99.324997,45100
2026-06-05 17:50:00+00:00,99.324997,99.329903,99.120003,99.150002,74227
2026-06-05 17:55:00+00:00,99.160004,99.180000,99.110001,99.154999,51918
2026-06-05 18:00:00+00:00,99.169998,99.250000,99.160004,99.250000,59723
2026-06-05 18:05:00+00:00,99.250000,99.309998,99.180000,99.214996,82133
2026-06-05 18:10:00+00:00,99.209999,99.230003,99.114998,99.139999,56870
2026-06-05 18:15:00+00:00,99.150002,99.239998,99.125000,99.139999,129628
2026-06-05 18:20:00+00:00,99.150101,99.370003,99.150002,99.330002,84236
2026-06-05 18:25:00+00:00,99.320999,99.339203,99.230003,99.279999,53359
2026-06-05 18:30:00+00:00,99.285004,99.425003,99.245003,99.383003,40683
2026-06-05 18:35:00+00:00,99.400002,99.680000,99.400002,99.669998,72178
2026-06-05 18:40:00+00:00,99.669998,99.714996,99.650002,99.654999,71216
2026-06-05 18:45:00+00:00,99.654999,99.680000,99.480103,99.570000,70781
2026-06-05 18:50:00+00:00,99.570000,99.580101,99.330002,99.330002,49336
2026-06-05 18:55:00+00:00,99.339996,99.410004,99.139999,99.160004,92792
2026-06-05 19:00:00+00:00,99.150002,99.239998,99.125000,99.169998,68532
2026-06-05 19:05:00+00:00,99.180000,99.199997,99.116402,99.169998,82402
2026-06-05 19:10:00+00:00,99.165001,99.250000,99.120003,99.139999,75368
2026-06-05 19:15:00+00:00,99.120003,99.180000,99.088997,99.139999,105629
2026-06-05 19:20:00+00:00,99.144997,99.300003,99.120003,99.190002,78969
2026-06-05 19:25:00+00:00,99.199997,99.480003,99.190002,99.440002,69890
2026-06-05 19:30:00+00:00,99.440002,99.474998,99.290001,99.415001,160911
2026-06-05 19:35:00+00:00,99.419998,99.470001,99.415001,99.470001,91804
2026-06-05 19:40:00+00:00,99.449997,99.537498,99.389999,99.535004,84974
2026-06-05 19:45:00+00:00,99.519997,99.882500,99.480003,99.879997,149253
2026-06-05 19:50:00+00:00,99.889999,100.050003,99.745003,99.824997,235842
2026-06-05 19:55:00+00:00,99.809998,99.889999,99.709999,99.745003,746786
2026-06-08 13:30:00+00:00,99.519997,99.834999,98.849998,98.849998,389310
2026-06-08 13:35:00+00:00,98.809998,98.940002,98.410103,98.589996,242524
2026-06-08 13:40:00+00:00,98.587166,98.730003,98.470001,98.680000,102149
2026-06-08 13:45:00+00:00,98.669998,98.949997,98.544998,98.580002,217781
2026-06-08 13:50:00+00:00,98.589996,98.839996,98.485001,98.839996,115785
2026-06-08 13:55:00+00:00,98.809998,98.879997,98.650002,98.720001,105836
2026-06-08 14:00:00+00:00,98.739998,99.099998,98.650002,99.019997,148228
2026-06-08 14:05:00+00:00,99.019997,99.349998,98.959999,99.334999,108073
2026-06-08 14:10:00+00:00,99.300003,99.500000,99.269997,99.489998,134440
2026-06-08 14:15:00+00:00,99.500000,99.573196,99.375000,99.434998,116755
2026-06-08 14:20:00+00:00,99.440002,99.480003,99.290001,99.415001,71238
2026-06-08 14:25:00+00:00,99.430000,99.500000,99.330002,99.330002,64322
2026-06-08 14:30:00+00:00,99.345001,99.385002,99.239998,99.239998,47044
2026-06-08 14:35:00+00:00,99.230003,99.309998,99.160004,99.235001,55674
2026-06-08 14:40:00+00:00,99.250000,99.279999,99.120003,99.250000,59056
2026-06-08 14:45:00+00:00,99.279999,99.519997,99.279999,99.349998,84802
2026-06-08 14:50:00+00:00,99.360001,99.429901,99.290001,99.379997,39874
2026-06-08 14:55:00+00:00,99.400002,99.559998,99.349998,99.555000,97266
2026-06-08 15:00:00+00:00,99.555000,99.669998,99.500000,99.530098,74718
2026-06-08 15:05:00+00:00,99.529999,99.635002,99.449997,99.470001,40841
2026-06-08 15:10:00+00:00,99.445000,99.500000,99.339996,99.339996,62532
2026-06-08 15:15:00+00:00,99.345001,99.385002,99.190002,99.320000,94652
2026-06-08 15:20:00+00:00,99.290001,99.330002,99.205002,99.321701,51235
2026-06-08 15:25:00+00:00,99.309998,99.339996,99.099998,99.099998,112120
2026-06-08 15:30:00+00:00,99.110001,99.129997,99.010002,99.099998,57256
2026-06-08 15:35:00+00:00,99.089996,99.205002,99.029999,99.205002,49924
2026-06-08 15:40:00+00:00,99.190002,99.239998,99.089996,99.110001,57193
2026-06-08 15:45:00+00:00,99.129997,99.199997,99.129997,99.169998,27334
2026-06-08 15:50:00+00:00,99.180000,99.199997,99.139999,99.139999,29802
2026-06-08 15:55:00+00:00,99.120102,99.120102,99.059998,99.070000,45149
2026-06-08 16:00:00+00:00,99.084999,99.084999,98.876801,98.879997,60916
2026-06-08 16:05:00+00:00,98.879997,98.980003,98.827499,98.980003,63508
2026-06-08 16:10:00+00:00,98.990097,99.110001,98.970001,99.080002,33030
2026-06-08 16:15:00+00:00,99.089996,99.129997,98.989998,99.019997,49353
2026-06-08 16:20:00+00:00,99.029999,99.070000,99.010002,99.055000,51047
2026-06-08 16:25:00+00:00,99.055000,99.152199,99.050003,99.129997,43624
2026-06-08 16:30:00+00:00,99.144997,99.169998,99.099998,99.099998,35350
2026-06-08 16:35:00+00:00,99.099998,99.142502,99.044998,99.105003,36561
2026-06-08 16:40:00+00:00,99.099998,99.139999,99.044998,99.105003,29024
2026-06-08 16:45:00+00:00,99.110001,99.199997,99.099998,99.154999,37356
2026-06-08 16:50:00+00:00,99.160004,99.180000,99.105003,99.154999,27203
2026-06-08 16:55:00+00:00,99.160004,99.180000,99.129997,99.129997,36806
2026-06-08 17:00:00+00:00,99.139999,99.139999,99.040001,99.074997,33729
2026-06-08 17:05:00+00:00,99.070000,99.110001,98.940102,98.949997,49155
2026-06-08 17:10:00+00:00,98.949997,99.010002,98.879997,99.004997,41471
2026-06-08 17:15:00+00:00,99.010002,99.029999,98.900002,98.919998,39992
2026-06-08 17:20:00+00:00,98.910004,98.940002,98.849998,98.879997,64787
2026-06-08 17:25:00+00:00,98.860001,98.910004,98.839996,98.860001,40525
2026-06-08 17:30:00+00:00,98.849998,98.860298,98.739998,98.739998,64523
2026-06-08 17:35:00+00:00,98.750000,98.866501,98.730003,98.852798,35245
2026-06-08 17:40:00+00:00,98.855003,98.900002,98.809998,98.815102,41973
2026-06-08 17:45:00+00:00,98.815002,98.879997,98.790001,98.860001,50812
2026-06-08 17:50:00+00:00,98.860001,98.910004,98.860001,98.904999,68607
2026-06-08 17:55:00+00:00,98.900002,99.010002,98.900002,99.010002,82480
2026-06-08 18:00:00+00:00,99.005096,99.169998,99.000000,99.169998,124954
2026-06-08 18:05:00+00:00,99.169998,99.260002,99.169998,99.250000,71529
2026-06-08 18:10:00+00:00,99.260002,99.260002,99.150002,99.239998,92003
2026-06-08 18:15:00+00:00,99.239998,99.279999,99.220001,99.239998,67964
2026-06-08 18:20:00+00:00,99.239998,99.297997,99.220001,99.250198,61440
2026-06-08 18:25:00+00:00,99.260002,99.290001,99.205002,99.239998,68468
2026-06-08 18:30:00+00:00,99.254997,99.355003,99.254997,99.294998,50918
2026-06-08 18:35:00+00:00,99.294998,99.299896,99.210701,99.220001,51483
2026-06-08 18:40:00+00:00,99.230003,99.275002,99.230003,99.245003,34837
2026-06-08 18:45:00+00:00,99.245003,99.260002,99.160004,99.180000,36934
2026-06-08 18:50:00+00:00,99.190002,99.205002,99.139999,99.180000,36249
2026-06-08 18:55:00+00:00,99.180000,99.230003,99.160004,99.169998,42656
2026-06-08 19:00:00+00:00,99.165001,99.250000,99.120003,99.169998,57386
2026-06-08 19:05:00+00:00,99.169998,99.190002,99.139999,99.160004,48890
2026-06-08 19:10:00+00:00,99.169998,99.180000,99.120003,99.120003,52172
2026-06-08 19:15:00+00:00,99.129997,99.139999,99.000000,99.099998,112799
2026-06-08 19:20:00+00:00,99.099998,99.129997,99.080002,99.080002,66619
2026-06-08 19:25:00+00:00,99.080002,99.180000,99.004997,99.120003,115218
2026-06-08 19:30:00+00:00,99.139999,99.239998,99.129997,99.180000,86620
2026-06-08 19:35:00+00:00,99.180000,99.269997,99.139999,99.250000,71988
2026-06-08 19:40:00+00:00,99.245003,99.250000,99.120003,99.180000,89561
2026-06-08 19:45:00+00:00,99.169998,99.250000,99.144997,99.245003,112674
2026-06-08 19:50:00+00:00,99.260002,99.290001,99.060997,99.080002,225422
2026-06-08 19:55:00+00:00,99.099998,99.110001,98.870003,98.870003,505165
2026-06-09 13:30:00+00:00,99.050003,99.430000,98.510002,99.339996,310942
2026-06-09 13:35:00+00:00,99.339996,99.760002,99.220001,99.730003,143693
2026-06-09 13:40:00+00:00,99.705544,99.930000,99.650002,99.879997,104982
2026-06-09 13:45:00+00:00,99.889999,99.955002,99.828941,99.900002,90831
2026-06-09 13:50:00+00:00,99.885002,100.029999,99.769997,99.972504,108439
2026-06-09 13:55:00+00:00,99.959999,100.089996,99.910004,100.019997,176226
2026-06-09 14:00:00+00:00,100.019997,100.050003,99.639999,99.720001,94710
2026-06-09 14:05:00+00:00,99.699997,99.980003,99.620003,99.970001,146634
2026-06-09 14:10:00+00:00,99.980003,100.019997,99.839996,99.849998,96529
2026-06-09 14:15:00+00:00,99.849998,99.860001,99.527496,99.550003,64416
2026-06-09 14:20:00+00:00,99.555000,99.870003,99.489998,99.750000,60640
2026-06-09 14:25:00+00:00,99.699997,99.739998,99.612350,99.660004,46684
2026-06-09 14:30:00+00:00,99.639999,99.870003,99.639999,99.779999,44446
2026-06-09 14:35:00+00:00,99.750000,99.750000,99.599998,99.665001,24992
2026-06-09 14:40:00+00:00,99.654999,99.681099,99.540001,99.580002,50706
2026-06-09 14:45:00+00:00,99.580002,99.580002,99.200996,99.200996,79686
2026-06-09 14:50:00+00:00,99.199997,99.330002,99.150002,99.269997,37514
2026-06-09 14:55:00+00:00,99.280602,99.550003,99.280602,99.529999,31788
2026-06-09 15:00:00+00:00,99.529999,99.559998,99.400002,99.504997,68069
2026-06-09 15:05:00+00:00,99.480003,99.550003,99.360001,99.379997,49815
2026-06-09 15:10:00+00:00,99.389999,99.419998,99.239998,99.269997,30991
2026-06-09 15:15:00+00:00,99.290001,99.300003,99.160004,99.260002,59423
2026-06-09 15:20:00+00:00,99.230003,99.370003,99.230003,99.349998,108021
2026-06-09 15:25:00+00:00,99.330002,99.330002,99.025002,99.025002,63051
2026-06-09 15:30:00+00:00,99.070000,99.220001,98.981598,99.199997,65047
2026-06-09 15:35:00+00:00,99.220001,99.250000,99.055000,99.150002,50550
2026-06-09 15:40:00+00:00,99.154999,99.209999,99.050003,99.120003,65880
2026-06-09 15:45:00+00:00,99.120003,99.220001,99.110001,99.180000,59033
2026-06-09 15:50:00+00:00,99.154999,99.169998,99.084999,99.139999,50912
2026-06-09 15:55:00+00:00,99.138878,99.230003,99.080101,99.189903,80678
2026-06-09 16:00:00+00:00,99.139999,99.370003,99.139999,99.339996,265840
2026-06-09 16:05:00+00:00,99.379997,99.500000,99.360001,99.459999,86106
2026-06-09 16:10:00+00:00,99.449997,99.610001,99.400002,99.550003,47213
2026-06-09 16:15:00+00:00,99.547997,99.610001,99.489998,99.500000,66418
2026-06-09 16:20:00+00:00,99.510002,99.550003,99.394997,99.544998,54702
2026-06-09 16:25:00+00:00,99.540001,99.650002,99.519997,99.620003,45880
2026-06-09 16:30:00+00:00,99.610001,99.860001,99.559998,99.845001,120007
2026-06-09 16:35:00+00:00,99.830002,99.945000,99.339996,99.415001,213083
2026-06-09 16:40:00+00:00,99.404999,99.404999,99.129997,99.195000,81739
2026-06-09 16:45:00+00:00,99.195000,99.334999,99.150002,99.205002,96642
2026-06-09 16:50:00+00:00,99.205002,99.320000,99.139999,99.144997,79440
2026-06-09 16:55:00+00:00,99.139999,99.309998,99.125000,99.300003,68734
2026-06-09 17:00:00+00:00,99.309998,99.330002,99.250000,99.279999,55169
2026-06-09 17:05:00+00:00,99.290001,99.370003,99.290001,99.339996,43906
2026-06-09 17:10:00+00:00,99.339996,99.349998,99.239998,99.254997,40507
2026-06-09 17:15:00+00:00,99.250000,99.360001,99.220001,99.300003,90464
2026-06-09 17:20:00+00:00,99.269997,99.464996,99.269997,99.459999,104705
2026-06-09 17:25:00+00:00,99.470001,99.480003,99.339996,99.380096,31507
2026-06-09 17:30:00+00:00,99.379997,99.540001,99.349998,99.540001,30443
2026-06-09 17:35:00+00:00,99.540001,99.599998,99.500000,99.550003,31819
2026-06-09 17:40:00+00:00,99.559998,99.599998,99.529999,99.550003,40923
2026-06-09 17:45:00+00:00,99.529999,99.529999,99.410004,99.440002,44004
2026-06-09 17:50:00+00:00,99.445000,99.669998,99.430000,99.540001,46615
2026-06-09 17:55:00+00:00,99.529999,99.529999,99.419998,99.440002,25247
2026-06-09 18:00:00+00:00,99.440002,99.500000,99.419998,99.419998,38886
2026-06-09 18:05:00+00:00,99.435501,99.500000,99.410004,99.500000,57554
2026-06-09 18:10:00+00:00,99.489998,99.510002,99.430000,99.464996,58391
2026-06-09 18:15:00+00:00,99.464996,99.480003,99.370003,99.419998,50774
2026-06-09 18:20:00+00:00,99.430000,99.470001,99.320000,99.400002,87711
2026-06-09 18:25:00+00:00,99.389999,99.445000,99.389999,99.419998,61035
2026-06-09 18:30:00+00:00,99.430000,99.510002,99.360001,99.425003,52490
2026-06-09 18:35:00+00:00,99.410004,99.459999,99.389999,99.400101,22004
2026-06-09 18:40:00+00:00,99.400002,99.440002,99.360001,99.389999,33749
2026-06-09 18:45:00+00:00,99.394997,99.550003,99.380096,99.480003,44084
2026-06-09 18:50:00+00:00,99.480003,99.519997,99.459999,99.464996,61489
2026-06-09 18:55:00+00:00,99.449997,99.550003,99.449997,99.540001,45410
2026-06-09 19:00:00+00:00,99.519997,99.540001,99.449997,99.459999,47849
2026-06-09 19:05:00+00:00,99.449997,99.550003,99.449997,99.525002,72076
2026-06-09 19:10:00+00:00,99.510002,99.510002,99.415100,99.415100,103660
2026-06-09 19:15:00+00:00,99.400002,99.419998,99.279999,99.330002,60242
2026-06-09 19:20:00+00:00,99.330002,99.330002,99.220001,99.320000,111724
2026-06-09 19:25:00+00:00,99.309998,99.357903,99.199997,99.230003,52067
2026-06-09 19:30:00+00:00,99.209999,99.230003,98.985001,98.989998,60904
2026-06-09 19:35:00+00:00,98.980003,99.007004,98.870003,98.900002,86898
2026-06-09 19:40:00+00:00,98.879997,98.910004,98.820000,98.879997,164720
2026-06-09 19:45:00+00:00,98.864998,99.050003,98.800003,99.029999,188352
2026-06-09 19:50:00+00:00,99.059998,99.279999,99.029999,99.209999,136645
2026-06-09 19:55:00+00:00,99.220001,99.529999,99.169998,99.330002,379041
2026-06-10 13:30:00+00:00,99.489998,99.550003,97.949997,98.574997,420011
2026-06-10 13:35:00+00:00,98.550003,99.080002,98.480003,99.080002,80310
2026-06-10 13:40:00+00:00,99.041161,99.370003,99.041161,99.260002,109778
2026-06-10 13:45:00+00:00,99.279999,99.400002,98.961998,98.985001,179146
2026-06-10 13:50:00+00:00,98.949997,99.385002,98.910004,99.303802,138889
2026-06-10 13:55:00+00:00,99.334999,99.449997,99.260002,99.430000,97850
2026-06-10 14:00:00+00:00,99.449997,99.500000,99.239998,99.260002,77459
2026-06-10 14:05:00+00:00,99.260002,99.300003,99.139999,99.160004,52775
2026-06-10 14:10:00+00:00,99.169998,99.250000,99.021698,99.160004,78199
2026-06-10 14:15:00+00:00,99.175003,99.254997,99.129997,99.175003,64616
2026-06-10 14:20:00+00:00,99.169998,99.180901,99.029999,99.050003,38959
2026-06-10 14:25:00+00:00,99.055000,99.055000,98.839996,98.940002,72860
2026-06-10 14:30:00+00:00,98.900002,98.930000,98.820000,98.915100,75621
2026-06-10 14:35:00+00:00,98.889999,98.949997,98.855003,98.930000,62214
2026-06-10 14:40:00+00:00,98.940002,99.080002,98.940002,99.014999,35764
2026-06-10 14:45:00+00:00,99.010002,99.209999,98.974998,99.190002,45908
2026-06-10 14:50:00+00:00,99.190002,99.330002,99.139999,99.309998,93325
2026-06-10 14:55:00+00:00,99.309998,99.330002,99.209396,99.250000,44456
2026-06-10 15:00:00+00:00,99.250000,99.650002,99.220001,99.559998,96703
2026-06-10 15:05:00+00:00,99.529999,99.610001,99.480003,99.485001,64508
2026-06-10 15:10:00+00:00,99.470001,99.509903,99.389999,99.455002,66521
2026-06-10 15:15:00+00:00,99.440002,99.489998,99.400002,99.410004,73861
2026-06-10 15:20:00+00:00,99.426102,99.529999,99.415001,99.514999,53887
2026-06-10 15:25:00+00:00,99.517502,99.639999,99.449997,99.599998,62621
2026-06-10 15:30:00+00:00,99.580002,99.599998,99.500000,99.580002,58808
2026-06-10 15:35:00+00:00,99.580002,99.610001,99.535004,99.580002,47905
2026-06-10 15:40:00+00:00,99.570000,99.660004,99.540001,99.630096,31717
2026-06-10 15:45:00+00:00,99.635002,99.754997,99.419998,99.615097,90440
2026-06-10 15:50:00+00:00,99.589996,99.690002,99.427200,99.580002,57572
2026-06-10 15:55:00+00:00,99.540001,99.680000,99.449997,99.480003,34849
2026-06-10 16:00:00+00:00,99.480003,99.480003,99.300003,99.330002,44504
2026-06-10 16:05:00+00:00,99.320000,99.379997,99.239998,99.269997,63859
2026-06-10 16:10:00+00:00,99.279602,99.389999,99.189003,99.320000,43068
2026-06-10 16:15:00+00:00,99.320000,99.480003,99.300003,99.419998,62495
2026-06-10 16:20:00+00:00,99.410004,99.459999,99.379997,99.379997,23105
2026-06-10 16:25:00+00:00,99.379997,99.419998,99.360001,99.397797,28999
2026-06-10 16:30:00+00:00,99.393440,99.449997,99.350098,99.440002,32373
2026-06-10 16:35:00+00:00,99.430000,99.440002,99.324997,99.355003,29824
2026-06-10 16:40:00+00:00,99.370003,99.400002,99.300003,99.300003,36808
2026-06-10 16:45:00+00:00,99.309998,99.309998,99.199997,99.294998,32299
2026-06-10 16:50:00+00:00,99.285004,99.425102,99.279999,99.375000,25900
2026-06-10 16:55:00+00:00,99.360001,99.379997,99.315002,99.344299,23099
2026-06-10 17:00:00+00:00,99.345001,99.415001,99.300003,99.404999,22063
2026-06-10 17:05:00+00:00,99.404999,99.439903,99.349998,99.419998,36118
2026-06-10 17:10:00+00:00,99.410004,99.419998,99.349998,99.357399,31553
2026-06-10 17:15:00+00:00,99.349998,99.430000,99.334999,99.410004,33464
2026-06-10 17:20:00+00:00,99.410004,99.430000,99.360001,99.370003,22891
2026-06-10 17:25:00+00:00,99.385002,99.389999,99.309998,99.331001,39938
2026-06-10 17:30:00+00:00,99.330002,99.330002,99.230003,99.279999,46405
2026-06-10 17:35:00+00:00,99.269997,99.279999,99.214996,99.260002,30473
2026-06-10 17:40:00+00:00,99.245003,99.279999,99.180000,99.195000,38881
2026-06-10 17:45:00+00:00,99.195000,99.389999,99.184998,99.309998,61131
2026-06-10 17:50:00+00:00,99.324997,99.370003,99.220001,99.258797,50798
2026-06-10 17:55:00+00:00,99.260002,99.370003,99.150002,99.360001,78030
2026-06-10 18:00:00+00:00,99.360001,99.526497,99.360001,99.489998,52038
2026-06-10 18:05:00+00:00,99.489998,99.559998,99.449997,99.485001,31524
2026-06-10 18:10:00+00:00,99.489304,99.540001,99.360001,99.394997,32552
2026-06-10 18:15:00+00:00,99.400002,99.470001,99.370003,99.400002,33080
2026-06-10 18:20:00+00:00,99.410004,99.449997,99.375000,99.425003,32844
2026-06-10 18:25:00+00:00,99.419998,99.430000,99.355003,99.355003,54689
2026-06-10 18:30:00+00:00,99.355003,99.370003,99.309998,99.330101,26352
2026-06-10 18:35:00+00:00,99.320000,99.330002,99.220001,99.220001,40618
2026-06-10 18:40:00+00:00,99.224998,99.239998,99.144997,99.150002,42121
2026-06-10 18:45:00+00:00,99.160004,99.160004,99.077499,99.095001,33961
2026-06-10 18:50:00+00:00,99.095001,99.150002,99.040001,99.129997,46530
2026-06-10 18:55:00+00:00,99.125000,99.169998,99.029999,99.095001,74571
2026-06-10 19:00:00+00:00,99.096497,99.096497,98.959999,98.985001,45500
2026-06-10 19:05:00+00:00,98.985001,99.080002,98.949997,99.044998,120648
2026-06-10 19:10:00+00:00,99.050003,99.125000,98.980003,99.110001,63013
2026-06-10 19:15:00+00:00,99.116402,99.169998,99.070000,99.114998,67822
2026-06-10 19:20:00+00:00,99.099998,99.114998,99.000000,99.059998,42772
2026-06-10 19:25:00+00:00,99.070000,99.114998,99.044998,99.095001,89082
2026-06-10 19:30:00+00:00,99.095001,99.120003,98.989998,99.070000,64697
2026-06-10 19:35:00+00:00,99.059998,99.120003,99.042999,99.120003,56737
2026-06-10 19:40:00+00:00,99.129997,99.147301,99.004997,99.095001,75416
2026-06-10 19:45:00+00:00,99.089996,99.150002,99.019997,99.099998,94069
2026-06-10 19:50:00+00:00,99.089996,99.150002,98.930000,98.989998,154257
2026-06-10 19:55:00+00:00,99.000000,99.070000,98.580002,98.620003,538337
2026-06-11 13:30:00+00:00,98.889999,98.910004,98.500000,98.570000,174188
2026-06-11 13:35:00+00:00,98.550003,98.639999,98.169998,98.195000,81546
2026-06-11 13:40:00+00:00,98.213875,98.650002,98.209999,98.620003,186174
2026-06-11 13:45:00+00:00,98.610001,98.750000,98.360001,98.660004,150181
2026-06-11 13:50:00+00:00,98.690002,99.099998,98.629997,99.050003,91606
2026-06-11 13:55:00+00:00,99.029999,99.050003,98.849998,98.959999,68946
2026-06-11 14:00:00+00:00,98.955002,99.080002,98.904999,99.010803,65079
2026-06-11 14:05:00+00:00,99.025002,99.089996,98.720001,98.720001,56551
2026-06-11 14:10:00+00:00,98.720001,98.779999,98.589996,98.620003,83109
2026-06-11 14:15:00+00:00,98.620003,98.820000,98.620003,98.720001,72535
2026-06-11 14:20:00+00:00,98.730003,98.779999,98.580002,98.639999,47756
2026-06-11 14:25:00+00:00,98.649902,98.649902,98.500000,98.574997,55340
2026-06-11 14:30:00+00:00,98.580002,98.629997,98.480003,98.529999,62412
2026-06-11 14:35:00+00:00,98.529999,98.800003,98.519997,98.730003,65465
2026-06-11 14:40:00+00:00,98.750000,98.855003,98.684998,98.760696,38566
2026-06-11 14:45:00+00:00,98.800003,98.900002,98.730003,98.730003,43484
2026-06-11 14:50:00+00:00,98.737503,98.750000,98.470001,98.510002,50362
2026-06-11 14:55:00+00:00,98.500000,98.510002,98.184998,98.220001,84581
2026-06-11 15:00:00+00:00,98.216560,98.379997,98.099998,98.239998,127451
2026-06-11 15:05:00+00:00,98.239998,98.459999,98.195000,98.404999,81264
2026-06-11 15:10:00+00:00,98.415001,98.739998,98.389999,98.690002,69558
2026-06-11 15:15:00+00:00,98.669998,98.809998,98.589996,98.639999,73553
2026-06-11 15:20:00+00:00,98.639999,98.739998,98.550003,98.600098,43387
2026-06-11 15:25:00+00:00,98.599998,98.794998,98.589996,98.730003,57913
2026-06-11 15:30:00+00:00,98.730003,98.739998,98.449997,98.480003,60132
2026-06-11 15:35:00+00:00,98.440002,98.644997,98.410004,98.575104,85771
2026-06-11 15:40:00+00:00,98.584999,98.769997,98.580002,98.684998,60490
2026-06-11 15:45:00+00:00,98.690002,98.690002,98.580101,98.580101,38562
2026-06-11 15:50:00+00:00,98.580002,98.580002,98.430000,98.463898,39478
2026-06-11 15:55:00+00:00,98.440002,98.570000,98.430000,98.510002,44137
2026-06-11 16:00:00+00:00,98.505096,98.580002,98.459999,98.500000,37273
2026-06-11 16:05:00+00:00,98.510002,98.669998,98.500000,98.629204,41564
2026-06-11 16:10:00+00:00,98.635002,98.660004,98.589996,98.605003,41685
2026-06-11 16:15:00+00:00,98.639999,98.730003,98.629997,98.709999,48359
2026-06-11 16:20:00+00:00,98.720001,98.720001,98.540001,98.610001,33571
2026-06-11 16:25:00+00:00,98.620003,98.625000,98.449997,98.470001,41635
2026-06-11 16:30:00+00:00,98.480003,98.709999,98.470001,98.665001,52503
2026-06-11 16:35:00+00:00,98.665001,98.720001,98.589996,98.620003,52672
2026-06-11 16:40:00+00:00,98.639999,98.800003,98.614998,98.775002,44101
2026-06-11 16:45:00+00:00,98.779999,98.830002,98.680000,98.790001,35474
2026-06-11 16:50:00+00:00,98.780502,98.800003,98.669998,98.709999,55052
2026-06-11 16:55:00+00:00,98.690002,98.754997,98.639999,98.639999,58214
2026-06-11 17:00:00+00:00,98.639999,98.680000,98.464996,98.495003,74266
2026-06-11 17:05:00+00:00,98.510002,98.580002,98.459999,98.525002,46070
2026-06-11 17:10:00+00:00,98.540001,98.665001,98.540001,98.605003,45891
2026-06-11 17:15:00+00:00,98.599998,98.610001,98.500000,98.519997,29260
2026-06-11 17:20:00+00:00,98.529999,98.578102,98.419998,98.555000,76336
2026-06-11 17:25:00+00:00,98.550003,99.480003,98.525002,99.434998,256890
2026-06-11 17:30:00+00:00,99.500000,99.639999,98.596199,99.529999,184295
2026-06-11 17:35:00+00:00,99.540001,99.709999,99.540001,99.620003,130125
2026-06-11 17:40:00+00:00,99.625000,100.150002,99.610001,100.110001,94159
2026-06-11 17:45:00+00:00,100.125000,100.180000,100.050003,100.180000,56617
2026-06-11 17:50:00+00:00,100.180000,100.250000,100.001297,100.120003,85921
2026-06-11 17:55:00+00:00,100.129997,100.535004,100.120003,100.470001,231118
2026-06-11 18:00:00+00:00,100.459999,100.599998,100.360100,100.500000,175804
2026-06-11 18:05:00+00:00,100.550003,100.550003,100.180000,100.199997,108447
2026-06-11 18:10:00+00:00,100.220001,100.239998,100.110001,100.180000,79933
2026-06-11 18:15:00+00:00,100.180000,100.315002,100.129997,100.269997,76532
2026-06-11 18:20:00+00:00,100.264999,100.264999,99.959999,100.070000,108350
2026-06-11 18:25:00+00:00,100.070000,100.160004,100.065002,100.070000,53396
2026-06-11 18:30:00+00:00,100.080002,100.169998,100.040001,100.099998,80177
2026-06-11 18:35:00+00:00,100.089996,100.120003,100.029999,100.029999,38164
2026-06-11 18:40:00+00:00,100.040001,100.150002,100.019997,100.139999,53811
2026-06-11 18:45:00+00:00,100.150002,100.279999,100.140099,100.230003,52903
2026-06-11 18:50:00+00:00,100.230003,100.300003,100.190002,100.250000,54373
2026-06-11 18:55:00+00:00,100.250000,100.269997,100.220001,100.230003,40068
2026-06-11 19:00:00+00:00,100.250000,100.309998,100.239998,100.279999,46062
2026-06-11 19:05:00+00:00,100.279999,100.400002,100.180000,100.190002,95168
2026-06-11 19:10:00+00:00,100.199997,100.419998,100.199997,100.394997,120424
2026-06-11 19:15:00+00:00,100.400002,100.455002,100.279999,100.315002,102593
2026-06-11 19:20:00+00:00,100.324997,100.389999,100.263000,100.324997,96739
2026-06-11 19:25:00+00:00,100.324997,100.434998,100.270103,100.410004,93663
2026-06-11 19:30:00+00:00,100.419998,100.739998,100.400002,100.644997,242557
2026-06-11 19:35:00+00:00,100.639999,100.680000,100.559998,100.590103,131418
2026-06-11 19:40:00+00:00,100.599998,100.690002,100.540001,100.625000,145030
2026-06-11 19:45:00+00:00,100.620003,100.654999,100.360001,100.625000,212422
2026-06-11 19:50:00+00:00,100.650002,100.695000,100.510002,100.535004,360813
2026-06-11 19:55:00+00:00,100.529999,100.559998,100.300003,100.339996,551384
2026-06-12 13:30:00+00:00,101.059998,101.768501,100.910004,101.010002,353363
2026-06-12 13:35:00+00:00,101.050003,101.470001,100.834999,101.250000,197700
2026-06-12 13:40:00+00:00,101.218384,101.290001,100.500000,100.529999,184046
2026-06-12 13:45:00+00:00,100.550003,100.650002,100.102997,100.275002,70288
2026-06-12 13:50:00+00:00,100.250000,100.250000,99.535004,99.654999,125789
2026-06-12 13:55:00+00:00,99.650002,99.769997,99.565002,99.745003,105935
2026-06-12 14:00:00+00:00,99.830002,100.110001,99.730003,100.059998,89659
2026-06-12 14:05:00+00:00,100.040001,100.150002,99.860100,99.894997,76997
2026-06-12 14:10:00+00:00,99.910103,99.949997,99.805000,99.940002,93632
2026-06-12 14:15:00+00:00,99.910004,100.190002,99.894997,100.000000,50293
2026-06-12 14:20:00+00:00,100.000000,100.040001,99.770103,99.805000,60653
2026-06-12 14:25:00+00:00,99.809998,100.035004,99.809998,100.000000,85205
2026-06-12 14:30:00+00:00,100.010002,100.144997,99.919998,100.044998,83899
2026-06-12 14:35:00+00:00,100.029999,100.129997,99.910004,100.114998,54379
2026-06-12 14:40:00+00:00,100.099998,100.120003,99.885002,99.889999,40919
2026-06-12 14:45:00+00:00,99.889999,99.949997,99.775002,99.775002,51294
2026-06-12 14:50:00+00:00,99.790001,100.309998,99.669998,100.305000,157789
2026-06-12 14:55:00+00:00,100.300003,100.471001,100.199997,100.455002,55158
2026-06-12 15:00:00+00:00,100.470001,100.660004,100.430000,100.464996,50603
2026-06-12 15:05:00+00:00,100.464996,100.620003,100.420097,100.525002,59306
2026-06-12 15:10:00+00:00,100.525002,100.544998,100.370003,100.519997,57168
2026-06-12 15:15:00+00:00,100.532997,100.532997,100.339996,100.504997,44861
2026-06-12 15:20:00+00:00,100.514999,100.549896,100.419998,100.519997,45403
2026-06-12 15:25:00+00:00,100.525002,100.525002,100.379997,100.440002,35569
2026-06-12 15:30:00+00:00,100.425003,100.464996,100.080002,100.120003,54753
2026-06-12 15:35:00+00:00,100.110001,100.239998,100.025002,100.059998,89196
2026-06-12 15:40:00+00:00,100.070000,100.139999,99.989998,100.099998,38055
2026-06-12 15:45:00+00:00,100.128304,100.180000,100.000000,100.050003,41776
2026-06-12 15:50:00+00:00,100.059998,100.245003,100.019997,100.209999,35500
2026-06-12 15:55:00+00:00,100.190002,100.217796,100.040001,100.070000,37524
2026-06-12 16:00:00+00:00,100.089996,100.099998,99.830002,99.959999,54621
2026-06-12 16:05:00+00:00,99.930000,99.974998,99.824997,99.970001,44912
2026-06-12 16:10:00+00:00,99.970001,100.385002,99.930000,100.205002,93346
2026-06-12 16:15:00+00:00,100.199997,100.320000,100.070000,100.070000,42655
2026-06-12 16:20:00+00:00,100.089996,100.190102,100.014999,100.150101,45637
2026-06-12 16:25:00+00:00,100.160004,100.180000,100.050003,100.055000,40405
2026-06-12 16:30:00+00:00,100.055000,100.180000,100.040001,100.180000,37949
2026-06-12 16:35:00+00:00,100.169998,100.190002,100.035004,100.120003,51515
2026-06-12 16:40:00+00:00,100.120003,100.290001,100.110001,100.110001,62558
2026-06-12 16:45:00+00:00,100.095001,100.230003,100.070000,100.224998,61623
2026-06-12 16:50:00+00:00,100.239998,100.320000,100.235001,100.315002,75408
2026-06-12 16:55:00+00:00,100.320000,100.379997,100.285004,100.349998,44866
2026-06-12 17:00:00+00:00,100.339996,100.440002,100.334999,100.400002,53359
2026-06-12 17:05:00+00:00,100.400002,100.502502,100.339996,100.455002,69582
2026-06-12 17:10:00+00:00,100.470001,100.474998,100.305000,100.379997,31696
2026-06-12 17:15:00+00:00,100.349998,100.419998,100.339996,100.404999,32571
2026-06-12 17:20:00+00:00,100.390099,100.625000,100.390099,100.580002,103143
2026-06-12 17:25:00+00:00,100.589996,100.620003,100.500000,100.540001,90545
2026-06-12 17:30:00+00:00,100.529999,100.570000,100.500000,100.529999,43086
2026-06-12 17:35:00+00:00,100.525002,100.559998,100.459999,100.480003,31867
2026-06-12 17:40:00+00:00,100.480003,100.650002,100.470001,100.630898,131036
2026-06-12 17:45:00+00:00,100.629997,100.690002,100.608574,100.620003,51617
2026-06-12 17:50:00+00:00,100.630302,100.639999,100.550003,100.565102,31732
2026-06-12 17:55:00+00:00,100.550003,100.570000,100.459999,100.460098,22579
2026-06-12 18:00:00+00:00,100.449997,100.559898,100.400002,100.559898,59936
2026-06-12 18:05:00+00:00,100.540001,100.550003,100.269997,100.345001,48115
2026-06-12 18:10:00+00:00,100.345001,100.385002,100.210503,100.210503,72640
2026-06-12 18:15:00+00:00,100.199997,100.260002,100.169998,100.190002,66034
2026-06-12 18:20:00+00:00,100.190002,100.214996,100.120003,100.195000,62359
2026-06-12 18:25:00+00:00,100.195000,100.250000,100.180000,100.230003,52917
2026-06-12 18:30:00+00:00,100.239998,100.309998,100.209999,100.250000,58892
2026-06-12 18:35:00+00:00,100.250000,100.300003,100.209999,100.285004,51504
2026-06-12 18:40:00+00:00,100.269997,100.360001,100.250000,100.339996,58188
2026-06-12 18:45:00+00:00,100.330002,100.330002,100.199997,100.260002,88038
2026-06-12 18:50:00+00:00,100.250000,100.250000,100.099998,100.235001,78141
2026-06-12 18:55:00+00:00,100.230003,100.285004,100.070000,100.099998,130230
2026-06-12 19:00:00+00:00,100.120003,100.250000,100.120003,100.239998,257514
2026-06-12 19:05:00+00:00,100.239998,100.480003,100.220001,100.355003,164479
2026-06-12 19:10:00+00:00,100.339996,100.400002,100.264999,100.389999,61406
2026-06-12 19:15:00+00:00,100.389999,100.389999,100.199997,100.224998,70994
2026-06-12 19:20:00+00:00,100.224998,100.269997,100.129997,100.154999,79146
2026-06-12 19:25:00+00:00,100.160004,100.169998,100.035004,100.059998,91767
2026-06-12 19:30:00+00:00,100.055000,100.070099,99.860001,99.860001,103673
2026-06-12 19:35:00+00:00,99.864998,99.864998,99.680000,99.709999,135851
2026-06-12 19:40:00+00:00,99.709999,99.779999,99.614998,99.750000,116066
2026-06-12 19:45:00+00:00,99.730003,99.860001,99.724998,99.834999,146231
2026-06-12 19:50:00+00:00,99.849998,99.930000,99.714996,99.889999,175074
2026-06-12 19:55:00+00:00,99.894997,100.050003,99.760002,100.029999,558123
2026-06-15 13:30:00+00:00,100.879997,102.080002,100.589996,101.885002,496625
2026-06-15 13:35:00+00:00,101.919998,102.190002,101.879997,101.940002,211323
2026-06-15 13:40:00+00:00,101.919800,101.974998,101.540001,101.619202,111667
2026-06-15 13:45:00+00:00,101.585098,101.919998,101.279999,101.860001,278061
2026-06-15 13:50:00+00:00,101.860001,102.070000,101.595001,101.614998,163304
2026-06-15 13:55:00+00:00,101.629997,101.889999,101.519997,101.800003,102899
2026-06-15 14:00:00+00:00,101.760002,101.945000,101.574997,101.574997,304806
2026-06-15 14:05:00+00:00,101.574997,101.720001,101.500099,101.635002,98607
2026-06-15 14:10:00+00:00,101.635002,101.669998,101.169998,101.309998,113821
2026-06-15 14:15:00+00:00,101.309998,101.389999,101.160004,101.300003,231064
2026-06-15 14:20:00+00:00,101.279999,101.410004,101.169998,101.199997,132450
2026-06-15 14:25:00+00:00,101.220001,101.389999,101.169998,101.250000,134152
2026-06-15 14:30:00+00:00,101.250000,101.318298,101.169998,101.279999,97348
2026-06-15 14:35:00+00:00,101.298584,101.669998,101.290001,101.665001,73920
2026-06-15 14:40:00+00:00,101.665001,101.730003,101.605003,101.680000,102188
2026-06-15 14:45:00+00:00,101.669998,101.815002,101.625000,101.690002,89705
2026-06-15 14:50:00+00:00,101.720001,101.860001,101.690102,101.849998,141273
2026-06-15 14:55:00+00:00,101.860001,101.949997,101.830002,101.855003,242465
2026-06-15 15:00:00+00:00,101.870003,102.110001,101.750000,101.800003,182480
2026-06-15 15:05:00+00:00,101.800003,101.989998,101.660004,101.980003,71862
2026-06-15 15:10:00+00:00,101.970001,102.000000,101.862999,101.980003,54651
2026-06-15 15:15:00+00:00,101.970100,102.070000,101.870003,101.889999,74497
2026-06-15 15:20:00+00:00,101.890099,101.919998,101.739998,101.769997,38442
2026-06-15 15:25:00+00:00,101.785004,101.900002,101.750000,101.849998,63615
2026-06-15 15:30:00+00:00,101.830002,101.855003,101.709999,101.764999,48234
2026-06-15 15:35:00+00:00,101.775002,101.820000,101.650002,101.665001,88778
2026-06-15 15:40:00+00:00,101.665001,101.794998,101.650002,101.785004,59536
2026-06-15 15:45:00+00:00,101.785004,101.959999,101.785004,101.949997,56975
2026-06-15 15:50:00+00:00,101.956596,102.250000,101.956596,102.250000,93409
2026-06-15 15:55:00+00:00,102.235001,102.400002,102.122803,102.180000,57682
2026-06-15 16:00:00+00:00,102.180000,102.180000,102.040001,102.040001,53305
2026-06-15 16:05:00+00:00,102.050003,102.050003,101.900002,101.955002,40098
2026-06-15 16:10:00+00:00,101.974998,102.019997,101.910004,101.979897,28620
2026-06-15 16:15:00+00:00,101.964996,102.029999,101.949997,102.029999,46314
2026-06-15 16:20:00+00:00,102.029999,102.160004,102.029999,102.139999,45407
2026-06-15 16:25:00+00:00,102.139999,102.169998,102.055000,102.150002,71047
2026-06-15 16:30:00+00:00,102.129997,102.129997,101.949997,102.019997,52437
2026-06-15 16:35:00+00:00,102.029999,102.029999,101.889999,101.893097,35700
2026-06-15 16:40:00+00:00,101.879997,101.919998,101.638397,101.660004,65215
2026-06-15 16:45:00+00:00,101.639999,101.779999,101.639999,101.750000,61973
2026-06-15 16:50:00+00:00,101.739998,101.790001,101.680000,101.680000,53616
2026-06-15 16:55:00+00:00,101.675003,101.735001,101.629997,101.686302,51212
2026-06-15 17:00:00+00:00,101.699997,101.735001,101.584999,101.635002,57573
2026-06-15 17:05:00+00:00,101.660004,101.660004,101.580002,101.620003,48296
2026-06-15 17:10:00+00:00,101.610100,101.680000,101.605003,101.661636,25371
2026-06-15 17:15:00+00:00,101.660004,101.769997,101.650002,101.654999,58119
2026-06-15 17:20:00+00:00,101.654999,101.750000,101.620003,101.654999,118357
2026-06-15 17:25:00+00:00,101.660004,101.660004,101.600098,101.630096,32567
2026-06-15 17:30:00+00:00,101.627899,101.660004,101.610001,101.629997,38268
2026-06-15 17:35:00+00:00,101.625000,101.650002,101.559998,101.570000,46340
2026-06-15 17:40:00+00:00,101.570000,101.610001,101.519997,101.565002,96404
2026-06-15 17:45:00+00:00,101.580002,101.580002,101.440002,101.485001,71892
2026-06-15 17:50:00+00:00,101.480003,101.510002,101.449997,101.455002,38453
2026-06-15 17:55:00+00:00,101.441200,101.504997,101.419998,101.489998,50557
2026-06-15 18:00:00+00:00,101.489998,101.509903,101.400002,101.430000,84447
2026-06-15 18:05:00+00:00,101.430000,101.445000,101.379997,101.385002,59442
2026-06-15 18:10:00+00:00,101.385002,101.400002,101.300003,101.370003,52550
2026-06-15 18:15:00+00:00,101.360001,101.470001,101.332497,101.400002,191145
2026-06-15 18:20:00+00:00,101.400002,101.639999,101.389999,101.614998,88482
2026-06-15 18:25:00+00:00,101.629997,101.680000,101.519997,101.660004,101534
2026-06-15 18:30:00+00:00,101.650002,101.669998,101.599998,101.639999,56498
2026-06-15 18:35:00+00:00,101.644997,101.754997,101.610001,101.690002,45578
2026-06-15 18:40:00+00:00,101.660004,101.790001,101.599998,101.620003,43531
2026-06-15 18:45:00+00:00,101.625000,101.675003,101.580002,101.644997,32867
2026-06-15 18:50:00+00:00,101.650002,101.689697,101.625000,101.675003,79731
2026-06-15 18:55:00+00:00,101.660004,101.790001,101.627701,101.760002,56508
2026-06-15 19:00:00+00:00,101.769997,101.769997,101.639999,101.720299,57778
2026-06-15 19:05:00+00:00,101.724998,101.830002,101.709999,101.830002,56750
2026-06-15 19:10:00+00:00,101.809998,101.834999,101.739998,101.790001,71723
2026-06-15 19:15:00+00:00,101.787201,101.849998,101.760002,101.769997,54044
2026-06-15 19:20:00+00:00,101.760002,101.775002,101.669998,101.775002,78790
2026-06-15 19:25:00+00:00,101.775002,101.849998,101.775002,101.839996,89097
2026-06-15 19:30:00+00:00,101.830002,101.860001,101.730003,101.820000,111756
2026-06-15 19:35:00+00:00,101.824997,101.885002,101.769997,101.870003,84450
2026-06-15 19:40:00+00:00,101.870003,101.940002,101.820000,101.849998,101716
2026-06-15 19:45:00+00:00,101.849998,101.939903,101.820000,101.889999,172654
2026-06-15 19:50:00+00:00,101.879997,101.930000,101.574997,101.684998,243916
2026-06-15 19:55:00+00:00,101.690002,101.879997,101.650002,101.720001,762956
2026-06-16 13:30:00+00:00,101.430000,101.625000,101.084999,101.464996,347268
2026-06-16 13:35:00+00:00,101.489998,101.764999,101.349998,101.764999,113888
2026-06-16 13:40:00+00:00,101.779999,101.824997,101.500000,101.750000,155428
2026-06-16 13:45:00+00:00,101.690002,101.930000,101.565002,101.565002,99944
2026-06-16 13:50:00+00:00,101.565002,101.570000,100.970001,101.019997,260524
2026-06-16 13:55:00+00:00,101.000000,101.120003,100.690002,101.059998,192478
2026-06-16 14:00:00+00:00,101.040001,101.430000,100.945000,100.980003,163451
2026-06-16 14:05:00+00:00,100.999901,100.999901,100.654999,100.665001,108286
2026-06-16 14:10:00+00:00,100.630096,100.800003,100.605003,100.614998,78694
2026-06-16 14:15:00+00:00,100.629997,100.719902,100.370003,100.404999,121005
2026-06-16 14:20:00+00:00,100.404999,100.480003,100.180099,100.279999,84300
2026-06-16 14:25:00+00:00,100.300003,100.480003,100.190002,100.300003,99079
2026-06-16 14:30:00+00:00,100.285004,100.449997,100.250000,100.364998,68346
2026-06-16 14:35:00+00:00,100.370003,100.449997,100.339996,100.440002,42171
2026-06-16 14:40:00+00:00,100.419998,100.500000,100.230003,100.230003,49655
2026-06-16 14:45:00+00:00,100.230003,100.349998,100.150101,100.315002,71581
2026-06-16 14:50:00+00:00,100.320000,100.410004,100.180000,100.410004,63366
2026-06-16 14:55:00+00:00,100.400002,100.489998,100.300003,100.305000,67631
2026-06-16 15:00:00+00:00,100.305000,100.309998,100.065002,100.120003,125462
2026-06-16 15:05:00+00:00,100.139999,100.279999,100.050003,100.139999,59294
2026-06-16 15:10:00+00:00,100.134102,100.559998,100.063499,100.559998,94661
2026-06-16 15:15:00+00:00,100.540001,100.650002,100.514999,100.629997,104259
2026-06-16 15:20:00+00:00,100.599998,100.779999,100.540001,100.724998,67977
2026-06-16 15:25:00+00:00,100.690002,100.779999,100.629997,100.629997,56698
2026-06-16 15:30:00+00:00,100.629997,100.690002,100.584999,100.650002,50595
2026-06-16 15:35:00+00:00,100.629997,100.779900,100.570000,100.720001,44698
2026-06-16 15:40:00+00:00,100.699997,101.169998,100.699997,101.029999,169658
2026-06-16 15:45:00+00:00,101.010002,101.080002,100.900002,100.995003,170341
2026-06-16 15:50:00+00:00,100.970001,101.144997,100.970001,101.014999,106129
2026-06-16 15:55:00+00:00,101.014999,101.089996,100.919998,101.040001,56991
2026-06-16 16:00:00+00:00,101.019997,101.089996,100.970001,101.074997,59653
2026-06-16 16:05:00+00:00,101.070000,101.080002,100.919998,100.940002,34490
2026-06-16 16:10:00+00:00,100.930000,101.120003,100.889999,101.120003,62063
2026-06-16 16:15:00+00:00,101.120003,101.120003,100.980003,100.989998,84510
2026-06-16 16:20:00+00:00,101.000000,101.125999,100.940002,101.110001,82250
2026-06-16 16:25:00+00:00,101.099998,101.279999,101.089996,101.250000,117637
2026-06-16 16:30:00+00:00,101.245003,101.370003,101.190002,101.199997,75051
2026-06-16 16:35:00+00:00,101.209999,101.330002,101.199997,101.320000,80799
2026-06-16 16:40:00+00:00,101.290100,101.330002,101.190002,101.209999,95642
2026-06-16 16:45:00+00:00,101.180000,101.239998,101.050003,101.080002,81199
2026-06-16 16:50:00+00:00,101.070000,101.080002,100.820000,100.889999,133518
2026-06-16 16:55:00+00:00,100.879997,100.910004,100.550003,100.555000,89326
2026-06-16 17:00:00+00:00,100.555000,100.669998,100.535004,100.620003,131037
2026-06-16 17:05:00+00:00,100.599998,100.660004,100.519997,100.559998,75109
2026-06-16 17:10:00+00:00,100.570000,100.690002,100.510002,100.620003,117166
2026-06-16 17:15:00+00:00,100.639999,100.790001,100.595703,100.709999,147813
2026-06-16 17:20:00+00:00,100.739998,100.900002,100.724998,100.750000,124078
2026-06-16 17:25:00+00:00,100.738503,100.766098,100.675003,100.705002,54828
2026-06-16 17:30:00+00:00,100.709999,100.860001,100.690002,100.855003,77154
2026-06-16 17:35:00+00:00,100.870003,101.349998,100.849998,101.345001,123524
2026-06-16 17:40:00+00:00,101.345001,101.400002,101.205002,101.260002,112252
2026-06-16 17:45:00+00:00,101.239998,101.269997,101.000000,101.070000,56417
2026-06-16 17:50:00+00:00,101.080002,101.110001,100.949997,101.050003,95358
2026-06-16 17:55:00+00:00,101.055000,101.120003,100.974998,101.099998,84719
2026-06-16 18:00:00+00:00,101.095001,101.160004,101.080002,101.129997,103562
2026-06-16 18:05:00+00:00,101.129997,101.139999,101.040001,101.080002,73244
2026-06-16 18:10:00+00:00,101.070000,101.160004,101.070000,101.125000,54021
2026-06-16 18:15:00+00:00,101.129997,101.169998,101.099998,101.144997,69283
2026-06-16 18:20:00+00:00,101.159897,101.294998,101.129997,101.260002,54811
2026-06-16 18:25:00+00:00,101.250000,101.410004,101.250000,101.300003,54926
2026-06-16 18:30:00+00:00,101.300003,101.403198,101.239998,101.370003,42093
2026-06-16 18:35:00+00:00,101.370003,101.430000,101.324997,101.327499,42745
2026-06-16 18:40:00+00:00,101.324997,101.349998,101.209999,101.260002,48020
2026-06-16 18:45:00+00:00,101.260002,101.285004,101.209999,101.279999,59352
2026-06-16 18:50:00+00:00,101.269997,101.269997,101.190002,101.230003,59129
2026-06-16 18:55:00+00:00,101.230003,101.250000,101.150002,101.165001,58964
2026-06-16 19:00:00+00:00,101.160004,101.190002,101.019997,101.050003,67214
2026-06-16 19:05:00+00:00,101.040001,101.110001,101.010002,101.099998,83155
2026-06-16 19:10:00+00:00,101.099998,101.135002,101.000000,101.025002,85644
2026-06-16 19:15:00+00:00,101.019997,101.126198,101.019997,101.120003,101834
2026-06-16 19:20:00+00:00,101.114998,101.220001,101.110001,101.209999,96562
2026-06-16 19:25:00+00:00,101.209999,101.239998,101.150002,101.180000,64410
2026-06-16 19:30:00+00:00,101.160004,101.260002,101.059998,101.059998,393945
2026-06-16 19:35:00+00:00,101.070000,101.330002,101.070000,101.184998,732983
2026-06-16 19:40:00+00:00,101.184998,101.349998,101.169998,101.290001,94051
2026-06-16 19:45:00+00:00,101.279999,101.470001,101.195000,101.459999,169151
2026-06-16 19:50:00+00:00,101.449997,101.459999,101.209999,101.239998,200383
2026-06-16 19:55:00+00:00,101.239998,101.455002,101.224998,101.330002,543630
2026-06-17 13:30:00+00:00,100.669998,101.129997,100.440002,100.595001,291916
2026-06-17 13:35:00+00:00,100.519997,100.940002,100.519997,100.870003,132974
2026-06-17 13:40:00+00:00,100.851624,100.980003,100.620003,100.860001,141719
2026-06-17 13:45:00+00:00,100.889999,101.220001,100.860001,101.180000,110862
2026-06-17 13:50:00+00:00,101.199997,101.649902,101.139999,101.580101,112149
2026-06-17 13:55:00+00:00,101.610001,101.739998,101.410103,101.500000,198704
2026-06-17 14:00:00+00:00,101.500000,101.599998,101.315002,101.529999,82788
2026-06-17 14:05:00+00:00,101.555000,101.709999,101.482002,101.525002,125301
2026-06-17 14:10:00+00:00,101.525002,101.589996,101.400101,101.570000,69425
2026-06-17 14:15:00+00:00,101.570000,101.699997,101.519997,101.599998,86702
2026-06-17 14:20:00+00:00,101.589996,101.750000,101.540001,101.650002,161685
2026-06-17 14:25:00+00:00,101.656502,101.849998,101.620003,101.709999,108182
2026-06-17 14:30:00+00:00,101.750000,101.930000,101.709999,101.845001,117248
2026-06-17 14:35:00+00:00,101.849998,101.919998,101.640099,101.849998,74436
2026-06-17 14:40:00+00:00,101.845001,101.845001,101.605003,101.605003,77577
2026-06-17 14:45:00+00:00,101.599998,101.860001,101.400002,101.830002,230223
2026-06-17 14:50:00+00:00,101.809998,101.919998,101.717499,101.760101,119469
2026-06-17 14:55:00+00:00,101.754997,102.080002,101.714401,102.080002,91927
2026-06-17 15:00:00+00:00,102.065002,102.129997,101.974998,102.088402,71567
2026-06-17 15:05:00+00:00,102.020103,102.080002,101.900002,101.989998,59133
2026-06-17 15:10:00+00:00,101.989998,102.099998,101.980003,102.040001,49567
2026-06-17 15:15:00+00:00,102.055000,102.089996,102.000000,102.050003,60595
2026-06-17 15:20:00+00:00,102.059998,102.320000,102.044998,102.320000,62210
2026-06-17 15:25:00+00:00,102.300003,102.360001,102.150002,102.230003,81934
2026-06-17 15:30:00+00:00,102.239998,102.250000,102.150002,102.220398,66636
2026-06-17 15:35:00+00:00,102.220001,102.239998,102.125000,102.199997,36014
2026-06-17 15:40:00+00:00,102.199997,102.239998,102.080101,102.169998,97093
2026-06-17 15:45:00+00:00,102.189003,102.190002,102.050003,102.050003,36466
2026-06-17 15:50:00+00:00,102.055000,102.089996,101.989998,102.010002,43521
2026-06-17 15:55:00+00:00,102.000000,102.070000,101.900002,101.930000,56747
2026-06-17 16:00:00+00:00,101.930000,101.964996,101.849998,101.934998,74387
2026-06-17 16:05:00+00:00,101.930000,101.980003,101.860001,101.910004,47201
2026-06-17 16:10:00+00:00,101.910004,101.930000,101.750000,101.794998,69337
2026-06-17 16:15:00+00:00,101.790001,101.879997,101.750000,101.815002,65163
2026-06-17 16:20:00+00:00,101.815002,101.815002,101.709999,101.764999,60820
2026-06-17 16:25:00+00:00,101.750000,101.879997,101.720001,101.809998,62521
2026-06-17 16:30:00+00:00,101.809998,101.824997,101.724998,101.764999,102516
2026-06-17 16:35:00+00:00,101.760002,101.849998,101.709999,101.849998,76321
2026-06-17 16:40:00+00:00,101.850098,102.080002,101.809998,102.080002,89741
2026-06-17 16:45:00+00:00,102.099998,102.139999,102.000000,102.129997,46340
2026-06-17 16:50:00+00:00,102.120102,102.139999,101.980003,102.120003,36319
2026-06-17 16:55:00+00:00,102.095001,102.110001,102.055000,102.100098,39790
2026-06-17 17:00:00+00:00,102.120003,102.139999,102.040001,102.120003,53803
2026-06-17 17:05:00+00:00,102.120003,102.120003,101.959999,102.040001,58678
2026-06-17 17:10:00+00:00,102.025002,102.099998,102.000000,102.085098,38096
2026-06-17 17:15:00+00:00,102.099998,102.105003,101.860001,101.860001,100768
2026-06-17 17:20:00+00:00,101.904999,101.919998,101.810097,101.824997,57289
2026-06-17 17:25:00+00:00,101.830002,101.860001,101.769997,101.809998,44932
2026-06-17 17:30:00+00:00,101.809998,101.830002,101.644997,101.699997,70887
2026-06-17 17:35:00+00:00,101.720001,101.750000,101.660004,101.739998,37467
2026-06-17 17:40:00+00:00,101.714996,101.739998,101.480003,101.540001,46031
2026-06-17 17:45:00+00:00,101.519997,101.610001,101.519997,101.544998,49104
2026-06-17 17:50:00+00:00,101.559998,101.675003,101.555000,101.629997,55107
2026-06-17 17:55:00+00:00,101.625000,101.709999,101.600098,101.709999,45512
2026-06-17 18:00:00+00:00,101.707497,101.707497,101.200104,101.239998,145865
2026-06-17 18:05:00+00:00,101.269997,101.370003,101.160004,101.330002,120183
2026-06-17 18:10:00+00:00,101.320000,101.440002,101.279999,101.430000,77778
2026-06-17 18:15:00+00:00,101.430000,101.800003,101.430000,101.769997,69036
2026-06-17 18:20:00+00:00,101.779999,101.790001,101.620003,101.635002,105013
2026-06-17 18:25:00+00:00,101.635002,101.705002,101.589996,101.654999,66731
2026-06-17 18:30:00+00:00,101.650002,101.970001,101.580002,101.580002,148268
2026-06-17 18:35:00+00:00,101.580002,101.800003,101.555000,101.695000,80715
2026-06-17 18:40:00+00:00,101.709999,101.820000,101.589996,101.790001,85000
2026-06-17 18:45:00+00:00,101.769997,101.785004,101.510002,101.544998,93692
2026-06-17 18:50:00+00:00,101.542503,101.580002,101.350098,101.419998,74309
2026-06-17 18:55:00+00:00,101.419998,101.419998,101.120003,101.220001,82207
2026-06-17 19:00:00+00:00,101.209999,101.279999,101.099998,101.129997,97333
2026-06-17 19:05:00+00:00,101.139999,101.230003,101.084999,101.165001,97180
2026-06-17 19:10:00+00:00,101.165001,101.320000,101.070000,101.300003,82762
2026-06-17 19:15:00+00:00,101.290001,101.330002,100.889999,100.889999,80703
2026-06-17 19:20:00+00:00,100.894997,101.050003,100.864998,100.959999,148579
2026-06-17 19:25:00+00:00,100.945000,101.105003,100.900002,100.940002,102565
2026-06-17 19:30:00+00:00,100.919998,100.919998,100.675003,100.792099,137882
2026-06-17 19:35:00+00:00,100.809998,100.889999,100.680000,100.699997,141328
2026-06-17 19:40:00+00:00,100.705002,100.949997,100.680000,100.870003,183811
2026-06-17 19:45:00+00:00,100.849998,100.949997,100.790001,100.849998,203838
2026-06-17 19:50:00+00:00,100.839996,101.099998,100.760002,100.959999,324433
2026-06-17 19:55:00+00:00,100.989998,101.070000,100.820000,100.879997,868646
2026-06-18 13:30:00+00:00,101.800003,102.050003,100.800003,101.605003,2056894
2026-06-18 13:35:00+00:00,101.605003,101.790001,101.349998,101.485001,72829
2026-06-18 13:40:00+00:00,101.495003,101.519997,100.949997,101.375000,188059
2026-06-18 13:45:00+00:00,101.419998,101.519997,101.220001,101.330002,108956
2026-06-18 13:50:00+00:00,101.324997,101.860001,101.324997,101.809998,90973
2026-06-18 13:55:00+00:00,101.779999,102.110001,101.730003,101.870003,104907
2026-06-18 14:00:00+00:00,101.900002,102.029999,101.620003,101.720001,106078
2026-06-18 14:05:00+00:00,101.739998,102.190002,101.620003,102.165001,98570
2026-06-18 14:10:00+00:00,102.150299,102.220001,101.959999,101.995003,87329
2026-06-18 14:15:00+00:00,101.970100,102.029999,101.800003,101.815002,108300
2026-06-18 14:20:00+00:00,101.800003,101.926003,101.720001,101.775002,150892
2026-06-18 14:25:00+00:00,101.775002,101.849998,101.665001,101.834999,108671
2026-06-18 14:30:00+00:00,101.849998,102.000000,101.760002,101.989998,69710
2026-06-18 14:35:00+00:00,102.000000,102.080002,101.926804,102.035004,46318
2026-06-18 14:40:00+00:00,102.040001,102.195000,101.915001,102.195000,98339
2026-06-18 14:45:00+00:00,102.195000,102.309998,102.129997,102.129997,55922
2026-06-18 14:50:00+00:00,102.120003,102.290001,102.105003,102.220001,47824
2026-06-18 14:55:00+00:00,102.224998,102.449402,102.180000,102.389999,95836
2026-06-18 15:00:00+00:00,102.398003,102.660004,102.339996,102.559998,195401
2026-06-18 15:05:00+00:00,102.550003,102.629997,102.457901,102.610001,72311
2026-06-18 15:10:00+00:00,102.614998,102.760002,102.599998,102.720001,224024
2026-06-18 15:15:00+00:00,102.720001,102.720001,102.504997,102.544998,68610
2026-06-18 15:20:00+00:00,102.555000,102.709999,102.555000,102.610001,84426
2026-06-18 15:25:00+00:00,102.599998,102.779999,102.495003,102.495003,273241
2026-06-18 15:30:00+00:00,102.519997,102.860001,102.519997,102.860001,65897
2026-06-18 15:35:00+00:00,102.849998,102.889999,102.620003,102.684998,80381
2026-06-18 15:40:00+00:00,102.684998,102.720001,102.550003,102.690002,63814
2026-06-18 15:45:00+00:00,102.699997,102.889999,102.684998,102.855003,67485
2026-06-18 15:50:00+00:00,102.860001,102.910004,102.750000,102.760002,35475
2026-06-18 15:55:00+00:00,102.769997,102.949997,102.730003,102.879997,68095
2026-06-18 16:00:00+00:00,102.879997,102.889999,102.720001,102.845001,64767
2026-06-18 16:05:00+00:00,102.820000,102.910004,102.779999,102.800003,73403
2026-06-18 16:10:00+00:00,102.809998,102.864998,102.764999,102.864998,56027
2026-06-18 16:15:00+00:00,102.860001,103.019997,102.834999,102.900002,128813
2026-06-18 16:20:00+00:00,102.894997,103.099998,102.855003,103.055000,93342
2026-06-18 16:25:00+00:00,103.055000,103.230003,103.050003,103.199997,94779
2026-06-18 16:30:00+00:00,103.195000,103.300003,103.169998,103.275002,74383
2026-06-18 16:35:00+00:00,103.285004,103.629997,103.260002,103.590103,76351
2026-06-18 16:40:00+00:00,103.605003,103.620003,103.540001,103.540001,69135
2026-06-18 16:45:00+00:00,103.540001,103.650002,103.500000,103.519997,87252
2026-06-18 16:50:00+00:00,103.532501,103.599998,103.504997,103.580002,49186
2026-06-18 16:55:00+00:00,103.570297,103.669998,103.540100,103.625000,62093
2026-06-18 17:00:00+00:00,103.639999,103.809998,103.639999,103.777000,64123
2026-06-18 17:05:00+00:00,103.760002,103.930000,103.699997,103.750000,85318
2026-06-18 17:10:00+00:00,103.730003,103.805000,103.700401,103.769997,41438
2026-06-18 17:15:00+00:00,103.754700,103.849998,103.739998,103.830101,41139
2026-06-18 17:20:00+00:00,103.830002,103.830002,103.699997,103.750000,37755
2026-06-18 17:25:00+00:00,103.751442,103.779999,103.709999,103.750000,39413
2026-06-18 17:30:00+00:00,103.750000,103.940002,103.654999,103.940002,78352
2026-06-18 17:35:00+00:00,103.934998,104.165001,103.910004,104.080002,111037
2026-06-18 17:40:00+00:00,104.089996,104.220001,104.050003,104.195000,125189
2026-06-18 17:45:00+00:00,104.190102,104.199997,104.070000,104.084999,53344
2026-06-18 17:50:00+00:00,104.084999,104.169998,104.025002,104.095001,37557
2026-06-18 17:55:00+00:00,104.099998,104.099998,103.980003,104.070000,65488
2026-06-18 18:00:00+00:00,104.059998,104.059998,103.849998,103.850098,135403
2026-06-18 18:05:00+00:00,103.875000,103.900002,103.669998,103.736702,63390
2026-06-18 18:10:00+00:00,103.739899,103.900002,103.730003,103.830002,98769
2026-06-18 18:15:00+00:00,103.800003,103.849998,103.760002,103.760002,58913
2026-06-18 18:20:00+00:00,103.764999,103.860001,103.764999,103.809998,53672
2026-06-18 18:25:00+00:00,103.809998,103.834999,103.764999,103.809998,88595
2026-06-18 18:30:00+00:00,103.769997,103.800003,103.669998,103.739998,86943
2026-06-18 18:35:00+00:00,103.750000,103.822197,103.669998,103.800003,93609
2026-06-18 18:40:00+00:00,103.800003,103.980003,103.779999,103.980003,177617
2026-06-18 18:45:00+00:00,103.980003,104.059998,103.945000,104.019997,55451
2026-06-18 18:50:00+00:00,104.035004,104.035004,103.900002,103.970001,87043
2026-06-18 18:55:00+00:00,103.955002,103.989998,103.930000,103.945000,79193
2026-06-18 19:00:00+00:00,103.949997,104.029999,103.879997,103.889999,97862
2026-06-18 19:05:00+00:00,103.889999,103.949997,103.870003,103.870003,98279
2026-06-18 19:10:00+00:00,103.870003,103.875000,103.720001,103.769997,132170
2026-06-18 19:15:00+00:00,103.769997,103.989998,103.769997,103.989998,99258
2026-06-18 19:20:00+00:00,103.959999,103.989998,103.809998,103.839996,124129
2026-06-18 19:25:00+00:00,103.839996,104.000000,103.834999,103.915001,129711
2026-06-18 19:30:00+00:00,103.930000,104.050003,103.839996,103.989998,225303
2026-06-18 19:35:00+00:00,103.999001,104.160004,103.959999,104.099998,156892
2026-06-18 19:40:00+00:00,104.084999,104.199997,103.970001,104.019997,196237
2026-06-18 19:45:00+00:00,104.019997,104.050003,103.709999,103.785004,339884
2026-06-18 19:50:00+00:00,103.790001,104.010002,103.589996,103.860001,644341
2026-06-18 19:55:00+00:00,103.860001,104.114998,103.800003,103.879997,946363
2026-06-22 13:30:00+00:00,103.410004,103.690002,103.139999,103.279999,396576
2026-06-22 13:35:00+00:00,103.279999,103.830002,103.264999,103.724998,122390
2026-06-22 13:40:00+00:00,103.742638,103.839996,103.364998,103.839996,126908
2026-06-22 13:45:00+00:00,103.790001,104.059998,103.680000,103.870003,276615
2026-06-22 13:50:00+00:00,103.875999,104.230003,103.830002,104.169998,129115
2026-06-22 13:55:00+00:00,104.150002,104.230003,103.980003,104.195000,72334
2026-06-22 14:00:00+00:00,104.220001,104.309998,103.735001,103.779999,158297
2026-06-22 14:05:00+00:00,103.815002,103.824997,103.430000,103.695000,109380
2026-06-22 14:10:00+00:00,103.674004,103.800003,103.610001,103.614998,71504
2026-06-22 14:15:00+00:00,103.585701,103.680000,103.334999,103.360001,97074
2026-06-22 14:20:00+00:00,103.334999,103.349998,103.029999,103.091515,126883
2026-06-22 14:25:00+00:00,103.080002,103.099998,102.824997,102.839996,137338
2026-06-22 14:30:00+00:00,102.849998,103.080002,102.790001,102.870003,146724
2026-06-22 14:35:00+00:00,102.879997,103.080002,102.852501,103.025002,159018
2026-06-22 14:40:00+00:00,103.029999,103.080002,102.785004,102.815002,125489
2026-06-22 14:45:00+00:00,102.815002,102.959999,102.635002,102.912598,153599
2026-06-22 14:50:00+00:00,102.940002,102.980003,102.794601,102.875000,178200
2026-06-22 14:55:00+00:00,102.875000,103.080002,102.860001,103.029999,184802
2026-06-22 15:00:00+00:00,103.029999,103.180000,102.839996,102.985001,241003
2026-06-22 15:05:00+00:00,102.985001,102.989998,102.680000,102.730003,106210
2026-06-22 15:10:00+00:00,102.730003,102.809998,102.574997,102.660004,113388
2026-06-22 15:15:00+00:00,102.665001,102.830002,102.559998,102.830002,79565
2026-06-22 15:20:00+00:00,102.815002,102.910004,102.800003,102.849998,113228
2026-06-22 15:25:00+00:00,102.845001,102.894997,102.730003,102.779999,94138
2026-06-22 15:30:00+00:00,102.779999,102.779999,102.610001,102.754997,100410
2026-06-22 15:35:00+00:00,102.752197,102.930000,102.752197,102.805000,131605
2026-06-22 15:40:00+00:00,102.805000,103.010002,102.730003,103.010002,93210
2026-06-22 15:45:00+00:00,103.004997,103.029999,102.349998,102.434998,887351
2026-06-22 15:50:00+00:00,102.459999,102.820000,102.449997,102.764999,148887
2026-06-22 15:55:00+00:00,102.764999,102.830002,102.709999,102.724998,88457
2026-06-22 16:00:00+00:00,102.739998,102.830002,102.552498,102.629997,81144
2026-06-22 16:05:00+00:00,102.610001,102.625000,102.305099,102.355003,72161
2026-06-22 16:10:00+00:00,102.349998,102.410004,102.246201,102.400002,48171
2026-06-22 16:15:00+00:00,102.389999,102.389999,102.250000,102.290001,61287
2026-06-22 16:20:00+00:00,102.290001,102.394997,102.279999,102.370003,89961
2026-06-22 16:25:00+00:00,102.349998,102.349998,102.080002,102.195000,68723
2026-06-22 16:30:00+00:00,102.195000,102.209999,102.059998,102.180000,63133
2026-06-22 16:35:00+00:00,102.180000,102.250000,102.154999,102.214996,50961
2026-06-22 16:40:00+00:00,102.209999,102.229897,102.080002,102.150002,104075
2026-06-22 16:45:00+00:00,102.150002,102.269997,102.150002,102.175003,99507
2026-06-22 16:50:00+00:00,102.180000,102.180000,101.889999,101.940002,81799
2026-06-22 16:55:00+00:00,101.949997,101.959999,101.772499,101.790001,119946
2026-06-22 17:00:00+00:00,101.800003,101.800003,101.660004,101.730003,65652
2026-06-22 17:05:00+00:00,101.730003,101.730003,101.589996,101.675003,100431
2026-06-22 17:10:00+00:00,101.675003,101.709999,101.600098,101.650002,140186
2026-06-22 17:15:00+00:00,101.650002,101.730003,101.599998,101.639999,82808
2026-06-22 17:20:00+00:00,101.639999,101.669998,101.519997,101.629898,83529
2026-06-22 17:25:00+00:00,101.620003,101.730003,101.550003,101.620003,103870
2026-06-22 17:30:00+00:00,101.580002,101.709999,101.510002,101.629997,96033
2026-06-22 17:35:00+00:00,101.610100,101.760002,101.599998,101.760002,162575
2026-06-22 17:40:00+00:00,101.760002,101.860001,101.747498,101.800003,69466
2026-06-22 17:45:00+00:00,101.800003,101.870003,101.769997,101.839996,63228
2026-06-22 17:50:00+00:00,101.839996,101.930000,101.795502,101.930000,43070
2026-06-22 17:55:00+00:00,101.940002,101.980003,101.900101,101.904198,64155
2026-06-22 18:00:00+00:00,101.919998,101.970001,101.870003,101.910004,65198
2026-06-22 18:05:00+00:00,101.910004,102.058998,101.900101,102.050003,94301
2026-06-22 18:10:00+00:00,102.050003,102.160004,102.040100,102.154999,37960
2026-06-22 18:15:00+00:00,102.150002,102.300003,102.150002,102.260002,49756
2026-06-22 18:20:00+00:00,102.260002,102.379997,102.260002,102.349998,33760
2026-06-22 18:25:00+00:00,102.339996,102.370003,102.269997,102.309998,93396
2026-06-22 18:30:00+00:00,102.320000,102.480003,102.320000,102.400002,74269
2026-06-22 18:35:00+00:00,102.410004,102.445000,102.230003,102.254997,126426
2026-06-22 18:40:00+00:00,102.269997,102.345001,102.209999,102.305000,76656
2026-06-22 18:45:00+00:00,102.315002,102.315002,102.160004,102.199997,49575
2026-06-22 18:50:00+00:00,102.209999,102.230003,102.150002,102.195000,55410
2026-06-22 18:55:00+00:00,102.195000,102.275002,102.150002,102.160004,95971
2026-06-22 19:00:00+00:00,102.169998,102.220001,101.860001,101.970001,216215
2026-06-22 19:05:00+00:00,101.964996,101.964996,101.860001,101.879997,70998
2026-06-22 19:10:00+00:00,101.894997,102.070000,101.879997,102.055000,63245
2026-06-22 19:15:00+00:00,102.070000,102.180000,102.029999,102.180000,95909
2026-06-22 19:20:00+00:00,102.150002,102.224998,101.959999,102.004997,392698
2026-06-22 19:25:00+00:00,102.000000,102.220001,101.959999,102.150002,122079
2026-06-22 19:30:00+00:00,102.150002,102.260002,102.139999,102.235001,153870
2026-06-22 19:35:00+00:00,102.254997,102.260002,102.059998,102.089996,100481
2026-06-22 19:40:00+00:00,102.089996,102.184998,102.080002,102.169998,177058
2026-06-22 19:45:00+00:00,102.165001,102.300003,102.099998,102.300003,170375
2026-06-22 19:50:00+00:00,102.300003,102.470001,102.250000,102.419998,352672
2026-06-22 19:55:00+00:00,102.430000,102.550003,102.269997,102.410004,1050477
2026-06-23 13:30:00+00:00,102.019997,102.620003,101.800003,102.239998,305485
2026-06-23 13:35:00+00:00,102.239998,102.709999,102.169998,102.690002,121974
2026-06-23 13:40:00+00:00,102.650383,103.870003,102.599998,103.680000,306317
2026-06-23 13:45:00+00:00,103.629997,103.940002,103.440002,103.820000,231480
2026-06-23 13:50:00+00:00,103.815002,104.040001,103.559998,103.616432,158099
2026-06-23 13:55:00+00:00,103.589996,103.639999,102.974998,103.080002,115976
2026-06-23 14:00:00+00:00,103.105003,103.419998,103.025002,103.205002,178075
2026-06-23 14:05:00+00:00,103.199997,103.529999,103.199997,103.529999,118063
2026-06-23 14:10:00+00:00,103.514999,103.919998,103.419998,103.824997,118939
2026-06-23 14:15:00+00:00,103.834999,104.029999,103.709999,103.764999,101701
2026-06-23 14:20:00+00:00,103.769997,103.809998,103.520103,103.809998,83666
2026-06-23 14:25:00+00:00,103.800003,103.849998,103.660004,103.745003,74301
2026-06-23 14:30:00+00:00,103.730003,103.739998,103.500099,103.559998,55934
2026-06-23 14:35:00+00:00,103.570000,103.709999,103.500000,103.709999,52481
2026-06-23 14:40:00+00:00,103.695000,103.769997,103.500000,103.739998,84328
2026-06-23 14:45:00+00:00,103.769997,103.930000,103.650002,103.845001,78280
2026-06-23 14:50:00+00:00,103.845001,103.915001,103.730003,103.894997,73871
2026-06-23 14:55:00+00:00,103.900002,103.900002,103.580002,103.589996,97305
2026-06-23 15:00:00+00:00,103.620003,103.620003,103.261597,103.290001,66455
2026-06-23 15:05:00+00:00,103.260002,103.269997,103.035004,103.070000,54237
2026-06-23 15:10:00+00:00,103.110001,103.254997,102.919998,103.230003,204022
2026-06-23 15:15:00+00:00,103.209999,103.220001,103.021599,103.050003,141306
2026-06-23 15:20:00+00:00,103.059998,103.059998,102.813103,102.820000,113467
2026-06-23 15:25:00+00:00,102.830002,102.870003,102.750000,102.809998,75353
2026-06-23 15:30:00+00:00,102.809998,102.919998,102.750000,102.910004,138939
2026-06-23 15:35:00+00:00,102.910004,102.989998,102.860001,102.970001,102237
2026-06-23 15:40:00+00:00,102.980003,103.120003,102.959999,103.120003,93264
2026-06-23 15:45:00+00:00,103.129997,103.400002,103.105003,103.290001,111041
2026-06-23 15:50:00+00:00,103.279999,103.379997,103.279999,103.330002,76123
2026-06-23 15:55:00+00:00,103.320000,103.459999,103.269997,103.379997,70186
2026-06-23 16:00:00+00:00,103.370003,103.449997,103.360001,103.410004,114084
2026-06-23 16:05:00+00:00,103.419998,103.574997,103.419998,103.489998,126985
2026-06-23 16:10:00+00:00,103.489998,103.500000,103.339996,103.415001,34808
2026-06-23 16:15:00+00:00,103.419998,103.480003,103.269997,103.360001,41992
2026-06-23 16:20:00+00:00,103.349998,103.405525,103.345001,103.349998,28056
2026-06-23 16:25:00+00:00,103.355003,103.555000,103.355003,103.425003,48373
2026-06-23 16:30:00+00:00,103.425003,103.529999,103.389999,103.449997,41399
2026-06-23 16:35:00+00:00,103.449997,103.550003,103.430099,103.525002,55778
2026-06-23 16:40:00+00:00,103.525002,103.550003,103.440002,103.470001,37291
2026-06-23 16:45:00+00:00,103.489998,103.519997,103.459503,103.510002,37214
2026-06-23 16:50:00+00:00,103.519997,103.550003,103.394402,103.459999,66688
2026-06-23 16:55:00+00:00,103.449997,103.540001,103.440002,103.470001,41599
2026-06-23 17:00:00+00:00,103.470001,103.510002,103.449997,103.464996,29394
2026-06-23 17:05:00+00:00,103.464996,103.489998,103.379997,103.389999,54681
2026-06-23 17:10:00+00:00,103.389999,103.389999,103.297302,103.330002,29116
2026-06-23 17:15:00+00:00,103.320000,103.349998,103.290001,103.339996,43330
2026-06-23 17:20:00+00:00,103.339996,103.400002,103.330002,103.379997,46489
2026-06-23 17:25:00+00:00,103.379997,103.379997,103.214996,103.214996,54808
2026-06-23 17:30:00+00:00,103.230003,103.239998,103.099998,103.150002,35303
2026-06-23 17:35:00+00:00,103.150002,103.214996,103.129997,103.190002,47450
2026-06-23 17:40:00+00:00,103.190002,103.279999,103.139999,103.180000,72359
2026-06-23 17:45:00+00:00,103.180000,103.440002,103.150002,103.224998,288161
2026-06-23 17:50:00+00:00,103.214996,103.339996,103.190002,103.254227,84493
2026-06-23 17:55:00+00:00,103.260002,103.279999,103.169998,103.279999,35391
2026-06-23 18:00:00+00:00,103.257202,103.339996,103.257202,103.334999,53858
2026-06-23 18:05:00+00:00,103.334999,103.430000,103.290001,103.334999,91797
2026-06-23 18:10:00+00:00,103.349998,103.389999,103.264999,103.290001,42053
2026-06-23 18:15:00+00:00,103.269997,103.400002,103.260002,103.300003,46169
2026-06-23 18:20:00+00:00,103.294998,103.389999,103.279999,103.389999,43818
2026-06-23 18:25:00+00:00,103.400002,103.470001,103.400002,103.425003,144888
2026-06-23 18:30:00+00:00,103.425003,103.579903,103.420502,103.559998,65998
2026-06-23 18:35:00+00:00,103.559998,103.559998,103.389999,103.430000,151670
2026-06-23 18:40:00+00:00,103.415001,103.449997,103.279999,103.320000,65589
2026-06-23 18:45:00+00:00,103.330002,103.500000,103.320000,103.500000,79344
2026-06-23 18:50:00+00:00,103.489998,103.580002,103.489998,103.565002,64305
2026-06-23 18:55:00+00:00,103.580002,103.680000,103.519997,103.635002,69965
2026-06-23 19:00:00+00:00,103.639999,103.639999,103.570000,103.629997,49393
2026-06-23 19:05:00+00:00,103.635002,103.680000,103.605003,103.639999,51383
2026-06-23 19:10:00+00:00,103.639999,103.649902,103.400002,103.459999,67761
2026-06-23 19:15:00+00:00,103.470001,103.485001,103.389999,103.400002,75934
2026-06-23 19:20:00+00:00,103.400002,103.570000,103.394997,103.480003,86770
2026-06-23 19:25:00+00:00,103.480003,103.480003,103.309998,103.330002,72848
2026-06-23 19:30:00+00:00,103.334999,103.419998,103.260002,103.375000,108560
2026-06-23 19:35:00+00:00,103.375000,103.459999,103.339996,103.440002,104497
2026-06-23 19:40:00+00:00,103.430000,103.644997,103.404999,103.635002,136745
2026-06-23 19:45:00+00:00,103.629997,103.699997,103.500000,103.699997,165345
2026-06-23 19:50:00+00:00,103.720001,103.849998,103.651802,103.802299,209266
2026-06-23 19:55:00+00:00,103.809998,103.845001,103.500000,103.519997,790619
2026-06-24 13:30:00+00:00,103.099998,104.250000,102.870003,104.070000,673961
2026-06-24 13:35:00+00:00,104.059998,104.419998,103.855003,104.419998,126463
2026-06-24 13:40:00+00:00,104.440002,104.489998,103.870003,103.934998,181338
2026-06-24 13:45:00+00:00,103.925003,103.925003,103.519997,103.644997,88101
2026-06-24 13:50:00+00:00,103.644997,103.809998,103.495003,103.644997,114309
2026-06-24 13:55:00+00:00,103.644997,103.790001,103.330002,103.459999,90942
2026-06-24 14:00:00+00:00,103.430000,103.625000,103.205002,103.544998,147845
2026-06-24 14:05:00+00:00,103.540001,103.739998,103.470001,103.690002,87511
2026-06-24 14:10:00+00:00,103.699997,104.010002,103.690002,103.900002,89135
2026-06-24 14:15:00+00:00,103.900002,104.214996,103.900002,104.199997,97414
2026-06-24 14:20:00+00:00,104.199997,104.529999,104.169998,104.394997,143455
2026-06-24 14:25:00+00:00,104.389999,104.389999,103.980003,104.199997,90188
2026-06-24 14:30:00+00:00,104.190002,104.230003,103.949997,103.959999,64330
2026-06-24 14:35:00+00:00,103.989998,104.019997,103.370003,103.370003,105868
2026-06-24 14:40:00+00:00,103.370003,103.599998,103.279999,103.555000,95376
2026-06-24 14:45:00+00:00,103.519997,103.940002,103.519997,103.889999,108953
2026-06-24 14:50:00+00:00,103.889999,104.139999,103.889999,104.050003,60998
2026-06-24 14:55:00+00:00,104.044998,104.199997,103.970001,104.035004,55099
2026-06-24 15:00:00+00:00,104.050003,104.110001,104.004997,104.029999,50653
2026-06-24 15:05:00+00:00,104.029999,104.040001,103.779999,103.824997,116180
2026-06-24 15:10:00+00:00,103.830002,103.900002,103.760002,103.775002,64407
2026-06-24 15:15:00+00:00,103.790001,104.000000,103.790001,103.970001,57565
2026-06-24 15:20:00+00:00,103.995003,104.199997,103.980003,104.070000,66102
2026-06-24 15:25:00+00:00,104.044998,104.044998,103.849998,103.870003,81730
2026-06-24 15:30:00+00:00,103.870003,103.870003,103.529999,103.570000,60969
2026-06-24 15:35:00+00:00,103.559998,103.620003,103.449997,103.519997,96006
2026-06-24 15:40:00+00:00,103.489998,103.680000,103.489998,103.559998,74907
2026-06-24 15:45:00+00:00,103.559998,103.559998,103.379997,103.392097,47592
2026-06-24 15:50:00+00:00,103.400002,103.510002,103.300003,103.330002,53180
2026-06-24 15:55:00+00:00,103.330002,103.430000,103.220001,103.360001,108362
2026-06-24 16:00:00+00:00,103.370003,103.389999,103.300003,103.309998,59968
2026-06-24 16:05:00+00:00,103.305000,103.379997,103.250000,103.333130,70164
2026-06-24 16:10:00+00:00,103.339996,103.370003,103.260002,103.269997,58739
2026-06-24 16:15:00+00:00,103.279701,103.345001,103.190002,103.230003,43558
2026-06-24 16:20:00+00:00,103.220001,103.222504,103.070000,103.110001,65305
2026-06-24 16:25:00+00:00,103.114998,103.129997,102.910004,102.959999,75892
2026-06-24 16:30:00+00:00,102.959999,102.980003,102.570000,102.574997,74282
2026-06-24 16:35:00+00:00,102.574997,102.639999,102.290001,102.300003,217017
2026-06-24 16:40:00+00:00,102.300003,102.349998,102.080002,102.305000,325441
2026-06-24 16:45:00+00:00,102.305000,102.305000,102.129997,102.220001,108662
2026-06-24 16:50:00+00:00,102.205002,102.260002,102.055000,102.065002,74940
2026-06-24 16:55:00+00:00,102.065002,102.120003,101.980003,102.044998,86109
2026-06-24 17:00:00+00:00,102.029999,102.129997,102.000000,102.019997,78143
2026-06-24 17:05:00+00:00,102.025002,102.050003,101.779999,101.919998,90334
2026-06-24 17:10:00+00:00,101.930000,102.010002,101.889999,101.949997,100686
2026-06-24 17:15:00+00:00,101.959999,101.970001,101.790001,101.849998,92201
2026-06-24 17:20:00+00:00,101.830002,101.959999,101.750000,101.925003,72198
2026-06-24 17:25:00+00:00,101.928596,101.945000,101.790001,101.839996,102158
2026-06-24 17:30:00+00:00,101.839996,102.019997,101.809998,101.889999,144242
2026-06-24 17:35:00+00:00,101.910004,101.970001,101.849998,101.940002,77092
2026-06-24 17:40:00+00:00,101.940002,102.019997,101.870003,101.889999,75800
2026-06-24 17:45:00+00:00,101.889999,101.900002,101.809998,101.879997,64310
2026-06-24 17:50:00+00:00,101.870003,102.000000,101.807899,101.989998,91294
2026-06-24 17:55:00+00:00,102.004997,102.004997,101.900002,101.945000,56360
2026-06-24 18:00:00+00:00,101.945000,102.070000,101.870003,102.025002,71426
2026-06-24 18:05:00+00:00,102.014999,102.080002,101.940002,101.980003,62428
2026-06-24 18:10:00+00:00,101.970001,102.150002,101.964996,102.137901,104946
2026-06-24 18:15:00+00:00,102.160004,102.199997,102.070000,102.169998,101342
2026-06-24 18:20:00+00:00,102.180000,102.360001,102.150002,102.334999,111269
2026-06-24 18:25:00+00:00,102.349998,102.400002,102.315002,102.370003,73186
2026-06-24 18:30:00+00:00,102.379997,102.519997,102.370003,102.464996,70220
2026-06-24 18:35:00+00:00,102.459999,102.559998,102.410004,102.464996,62063
2026-06-24 18:40:00+00:00,102.459999,102.459999,102.260002,102.290001,63032
2026-06-24 18:45:00+00:00,102.290001,102.300003,102.160004,102.175102,51274
2026-06-24 18:50:00+00:00,102.190002,102.264999,102.180000,102.260101,58885
2026-06-24 18:55:00+00:00,102.264999,102.269997,102.199997,102.220001,186462
2026-06-24 19:00:00+00:00,102.239998,102.269997,102.180000,102.199997,93342
2026-06-24 19:05:00+00:00,102.199997,102.199997,101.910004,102.175003,234500
2026-06-24 19:10:00+00:00,102.169998,102.260002,102.139999,102.220001,102612
2026-06-24 19:15:00+00:00,102.209999,102.294998,102.190002,102.264999,89944
2026-06-24 19:20:00+00:00,102.260002,102.279999,102.190002,102.214996,105520
2026-06-24 19:25:00+00:00,102.220001,102.250000,101.940002,101.955002,116776
2026-06-24 19:30:00+00:00,101.959999,101.989998,101.650002,101.680000,136943
2026-06-24 19:35:00+00:00,101.690002,101.757103,101.370003,101.410004,193508
2026-06-24 19:40:00+00:00,101.419998,101.419998,101.180000,101.220001,177094
2026-06-24 19:45:00+00:00,101.209999,101.430000,101.139999,101.190002,220445
2026-06-24 19:50:00+00:00,101.199997,101.410004,101.040001,101.389999,341697
2026-06-24 19:55:00+00:00,101.402496,101.650002,101.110001,101.150002,1049299
2026-06-25 13:30:00+00:00,101.110001,101.574997,100.495003,100.860001,254909
2026-06-25 13:35:00+00:00,100.809998,101.129997,100.629997,100.669998,121563
2026-06-25 13:40:00+00:00,100.695000,100.730003,100.220001,100.349998,137143
2026-06-25 13:45:00+00:00,100.366066,100.440002,100.029999,100.310097,121615
2026-06-25 13:50:00+00:00,100.370003,100.709999,100.279999,100.580002,116190
2026-06-25 13:55:00+00:00,100.559998,100.745003,100.389999,100.729897,83073
2026-06-25 14:00:00+00:00,100.699997,101.070000,100.639999,101.040001,157279
2026-06-25 14:05:00+00:00,101.059998,101.120003,100.809998,101.055000,98790
2026-06-25 14:10:00+00:00,101.120003,101.260002,100.808601,101.070000,181100
2026-06-25 14:15:00+00:00,101.077904,101.540001,101.059998,101.519997,129870
2026-06-25 14:20:00+00:00,101.529999,101.580002,101.260002,101.364998,60831
2026-06-25 14:25:00+00:00,101.370003,101.500000,101.169998,101.480003,57802
2026-06-25 14:30:00+00:00,101.449997,101.449997,101.089996,101.125000,81583
2026-06-25 14:35:00+00:00,101.125000,101.370003,101.010002,101.334999,79298
2026-06-25 14:40:00+00:00,101.349998,101.410004,101.239998,101.334999,113440
2026-06-25 14:45:00+00:00,101.360001,101.379997,101.129997,101.235001,154979
2026-06-25 14:50:00+00:00,101.269997,101.580002,101.269997,101.480003,81808
2026-06-25 14:55:00+00:00,101.500000,101.500000,101.050003,101.065002,72838
2026-06-25 15:00:00+00:00,101.070000,101.139999,101.014999,101.070000,116682
2026-06-25 15:05:00+00:00,101.080002,101.114998,100.644997,100.644997,70168
2026-06-25 15:10:00+00:00,100.654999,100.735001,100.410004,100.650002,58731
2026-06-25 15:15:00+00:00,100.629997,100.639999,100.489998,100.580002,64721
2026-06-25 15:20:00+00:00,100.589996,100.790001,100.519997,100.730003,119277
2026-06-25 15:25:00+00:00,100.709999,100.855003,100.570000,100.580002,63006
2026-06-25 15:30:00+00:00,100.559998,100.650002,100.480499,100.480499,41986
2026-06-25 15:35:00+00:00,100.480003,100.709999,100.449997,100.459999,51244
2026-06-25 15:40:00+00:00,100.440002,100.446297,100.349998,100.370003,33306
2026-06-25 15:45:00+00:00,100.379997,100.455002,100.309998,100.400002,47787
2026-06-25 15:50:00+00:00,100.349998,100.363197,100.290001,100.330002,44833
2026-06-25 15:55:00+00:00,100.330002,100.445000,100.300003,100.330002,93162
2026-06-25 16:00:00+00:00,100.330002,100.360001,100.110001,100.144997,116605
2026-06-25 16:05:00+00:00,100.125000,100.160004,99.940002,100.065002,89792
2026-06-25 16:10:00+00:00,100.065002,100.190002,99.949997,100.004997,59562
2026-06-25 16:15:00+00:00,100.019997,100.029999,99.849998,99.959999,156825
2026-06-25 16:20:00+00:00,99.949997,100.010002,99.769997,99.815002,113677
2026-06-25 16:25:00+00:00,99.815002,99.870003,99.650002,99.760002,106654
2026-06-25 16:30:00+00:00,99.760002,99.779999,99.650002,99.739998,124637
2026-06-25 16:35:00+00:00,99.730003,99.730003,99.370003,99.385002,123055
2026-06-25 16:40:00+00:00,99.385002,99.480003,99.360001,99.425003,75743
2026-06-25 16:45:00+00:00,99.410004,99.489998,99.345001,99.459999,63970
2026-06-25 16:50:00+00:00,99.449997,99.459999,99.394997,99.400002,123728
2026-06-25 16:55:00+00:00,99.400002,99.400002,99.220001,99.269997,55707
2026-06-25 17:00:00+00:00,99.260002,99.339996,99.160004,99.169800,45448
2026-06-25 17:05:00+00:00,99.139999,99.180000,99.070000,99.114998,66616
2026-06-25 17:10:00+00:00,99.120003,99.129997,98.980003,99.099998,65344
2026-06-25 17:15:00+00:00,99.095001,99.197998,98.962196,98.980003,76637
2026-06-25 17:20:00+00:00,98.959999,98.993202,98.855003,98.870003,62971
2026-06-25 17:25:00+00:00,98.849998,98.949997,98.830002,98.839996,46769
2026-06-25 17:30:00+00:00,98.830002,98.849998,98.660004,98.794998,71259
2026-06-25 17:35:00+00:00,98.769997,98.908096,98.750000,98.860001,89340
2026-06-25 17:40:00+00:00,98.849998,98.930000,98.830002,98.841003,55865
2026-06-25 17:45:00+00:00,98.849998,98.910004,98.800003,98.845001,72017
2026-06-25 17:50:00+00:00,98.845001,98.910004,98.779999,98.879997,82073
2026-06-25 17:55:00+00:00,98.860001,98.899902,98.769997,98.830002,62740
2026-06-25 18:00:00+00:00,98.839996,98.849998,98.480003,98.669998,238312
2026-06-25 18:05:00+00:00,98.680000,98.754997,98.540001,98.580002,69071
2026-06-25 18:10:00+00:00,98.574997,98.639999,98.419998,98.455002,110784
2026-06-25 18:15:00+00:00,98.452202,98.529999,98.080002,98.459999,178398
2026-06-25 18:20:00+00:00,98.459999,98.510002,98.389999,98.394997,83618
2026-06-25 18:25:00+00:00,98.389999,98.675003,98.379997,98.669098,112720
2026-06-25 18:30:00+00:00,98.679298,98.750000,98.510002,98.665001,162479
2026-06-25 18:35:00+00:00,98.669998,98.690002,98.559998,98.570000,53318
2026-06-25 18:40:00+00:00,98.574997,98.620003,98.500000,98.529999,63117
2026-06-25 18:45:00+00:00,98.550003,98.669899,98.500099,98.650002,126054
2026-06-25 18:50:00+00:00,98.639999,98.759697,98.620003,98.684998,72835
2026-06-25 18:55:00+00:00,98.689903,98.769997,98.614998,98.680000,66226
2026-06-25 19:00:00+00:00,98.680000,98.705002,98.559998,98.635002,60791
2026-06-25 19:05:00+00:00,98.639999,98.650002,98.529999,98.610001,86883
2026-06-25 19:10:00+00:00,98.599998,98.629997,98.390099,98.400002,111522
2026-06-25 19:15:00+00:00,98.400002,98.599899,98.379997,98.584999,86738
2026-06-25 19:20:00+00:00,98.599998,98.750000,98.574997,98.749901,86848
2026-06-25 19:25:00+00:00,98.735001,98.820000,98.660004,98.790001,125123
2026-06-25 19:30:00+00:00,98.779999,98.809998,98.610001,98.629997,96356
2026-06-25 19:35:00+00:00,98.629997,98.724998,98.620003,98.675003,94183
2026-06-25 19:40:00+00:00,98.680000,98.720001,98.559998,98.680000,111104
2026-06-25 19:45:00+00:00,98.680000,98.785004,98.550003,98.555000,138378
2026-06-25 19:50:00+00:00,98.580002,98.660004,98.389999,98.474998,238710
2026-06-25 19:55:00+00:00,98.480003,98.489998,97.989998,98.080002,996034
2026-06-26 13:30:00+00:00,98.050003,98.800003,97.900002,98.790001,263361
2026-06-26 13:35:00+00:00,98.809998,98.980003,98.510002,98.860001,103812
2026-06-26 13:40:00+00:00,98.849998,98.885002,98.550003,98.644997,84463
2026-06-26 13:45:00+00:00,98.644997,98.860001,98.419998,98.709999,74467
2026-06-26 13:50:00+00:00,98.669998,98.739998,98.419998,98.510002,55006
2026-06-26 13:55:00+00:00,98.510002,98.570000,98.330002,98.430000,87127
2026-06-26 14:00:00+00:00,98.449997,98.639999,98.410004,98.570000,83985
2026-06-26 14:05:00+00:00,98.580002,98.629997,98.389999,98.519997,56118
2026-06-26 14:10:00+00:00,98.519997,98.654999,98.419998,98.537300,59855
2026-06-26 14:15:00+00:00,98.529999,98.730003,98.465500,98.500000,77904
2026-06-26 14:20:00+00:00,98.470001,98.589996,98.440002,98.535004,65471
2026-06-26 14:25:00+00:00,98.519997,98.930000,98.500000,98.889999,133104
2026-06-26 14:30:00+00:00,98.900002,99.099998,98.849998,98.910103,79339
2026-06-26 14:35:00+00:00,98.919899,99.000000,98.809998,98.830002,56638
2026-06-26 14:40:00+00:00,98.849998,98.959999,98.785004,98.910004,39086
2026-06-26 14:45:00+00:00,98.894997,99.180000,98.879997,99.040001,64144
2026-06-26 14:50:00+00:00,99.010002,99.050003,98.910004,99.010002,47786
2026-06-26 14:55:00+00:00,99.029999,99.099998,98.949997,99.000000,52234
2026-06-26 15:00:00+00:00,99.019997,99.129501,98.995003,99.040001,45148
2026-06-26 15:05:00+00:00,99.059998,99.184998,99.050003,99.180000,79259
2026-06-26 15:10:00+00:00,99.169800,99.239998,99.139999,99.190002,49333
2026-06-26 15:15:00+00:00,99.190002,99.334999,99.180000,99.275002,55449
2026-06-26 15:20:00+00:00,99.290001,99.349998,99.260002,99.330002,49139
2026-06-26 15:25:00+00:00,99.349998,99.419998,99.300003,99.405800,51629
2026-06-26 15:30:00+00:00,99.410004,99.449997,99.339996,99.419998,44598
2026-06-26 15:35:00+00:00,99.430000,99.440002,99.199997,99.224998,144423
2026-06-26 15:40:00+00:00,99.199997,99.250000,99.139999,99.165001,69472
2026-06-26 15:45:00+00:00,99.220001,99.309998,99.190002,99.250000,67012
2026-06-26 15:50:00+00:00,99.260002,99.269997,99.029999,99.070000,148028
2026-06-26 15:55:00+00:00,99.055000,99.110001,98.970001,99.050003,47650
2026-06-26 16:00:00+00:00,99.065002,99.160004,99.063370,99.150002,39126
2026-06-26 16:05:00+00:00,99.139999,99.169998,99.059998,99.080002,47499
2026-06-26 16:10:00+00:00,99.080002,99.120003,98.970001,99.065002,60100
2026-06-26 16:15:00+00:00,99.070000,99.169998,99.029999,99.089996,43320
2026-06-26 16:20:00+00:00,99.110001,99.119904,98.870003,98.870003,70746
2026-06-26 16:25:00+00:00,98.870003,98.870003,98.589996,98.599998,58876
2026-06-26 16:30:00+00:00,98.610001,98.714996,98.599998,98.650002,53153
2026-06-26 16:35:00+00:00,98.650002,98.739998,98.629997,98.699997,65636
2026-06-26 16:40:00+00:00,98.690002,98.730003,98.570000,98.570000,53911
2026-06-26 16:45:00+00:00,98.580002,98.739998,98.559998,98.735001,44066
2026-06-26 16:50:00+00:00,98.735001,98.820000,98.730003,98.785103,43856
2026-06-26 16:55:00+00:00,98.790001,98.830002,98.709999,98.730003,42146
2026-06-26 17:00:00+00:00,98.724998,98.820000,98.669998,98.790001,72892
2026-06-26 17:05:00+00:00,98.805000,98.839996,98.750000,98.779999,50296
2026-06-26 17:10:00+00:00,98.779999,98.785004,98.629997,98.660004,53141
2026-06-26 17:15:00+00:00,98.669998,98.794998,98.669998,98.794998,43545
2026-06-26 17:20:00+00:00,98.779999,98.830002,98.690002,98.709999,44549
2026-06-26 17:25:00+00:00,98.720001,98.809998,98.695000,98.750000,38208
2026-06-26 17:30:00+00:00,98.750000,98.800003,98.690002,98.699997,52156
2026-06-26 17:35:00+00:00,98.699997,98.875000,98.699997,98.730003,101823
2026-06-26 17:40:00+00:00,98.720001,98.885002,98.680000,98.849998,58486
2026-06-26 17:45:00+00:00,98.860001,98.940002,98.805000,98.900002,69720
2026-06-26 17:50:00+00:00,98.879997,99.050003,98.870003,98.974998,50255
2026-06-26 17:55:00+00:00,98.970001,98.970001,98.830002,98.879997,47942
2026-06-26 18:00:00+00:00,98.900002,98.949997,98.855003,98.910004,63965
2026-06-26 18:05:00+00:00,98.904999,98.904999,98.750000,98.754997,52994
2026-06-26 18:10:00+00:00,98.750000,98.860001,98.690002,98.760002,51151
2026-06-26 18:15:00+00:00,98.769997,98.790001,98.650002,98.699997,54185
2026-06-26 18:20:00+00:00,98.695000,98.730003,98.610001,98.669998,45267
2026-06-26 18:25:00+00:00,98.660004,98.690002,98.599998,98.599998,47412
2026-06-26 18:30:00+00:00,98.605003,98.699997,98.599998,98.639999,64772
2026-06-26 18:35:00+00:00,98.639999,98.654999,98.500000,98.559998,79221
2026-06-26 18:40:00+00:00,98.559998,98.629997,98.529999,98.605003,69613
2026-06-26 18:45:00+00:00,98.589996,98.614998,98.519997,98.570000,71251
2026-06-26 18:50:00+00:00,98.555000,98.650002,98.510002,98.584999,104088
2026-06-26 18:55:00+00:00,98.584999,98.699997,98.572197,98.629898,71558
2026-06-26 19:00:00+00:00,98.620003,98.720001,98.595001,98.650002,81929
2026-06-26 19:05:00+00:00,98.639999,98.680000,98.550003,98.589996,68750
2026-06-26 19:10:00+00:00,98.589996,98.635002,98.500000,98.635002,63569
2026-06-26 19:15:00+00:00,98.635002,98.785004,98.610001,98.769997,62302
2026-06-26 19:20:00+00:00,98.760002,98.800003,98.680000,98.690002,80453
2026-06-26 19:25:00+00:00,98.695000,98.769997,98.695000,98.745003,66982
2026-06-26 19:30:00+00:00,98.739998,98.750000,98.470001,98.599998,142576
2026-06-26 19:35:00+00:00,98.580002,98.690002,98.510002,98.675003,138029
2026-06-26 19:40:00+00:00,98.675003,98.855003,98.669998,98.785004,230545
2026-06-26 19:45:00+00:00,98.769997,98.889999,98.559998,98.759903,400340
2026-06-26 19:50:00+00:00,98.730003,98.900002,98.570000,98.830002,427642
2026-06-26 19:55:00+00:00,98.860001,98.995003,98.680000,98.699997,848426
2026-06-29 13:30:00+00:00,99.709999,99.709999,98.860001,99.510002,312375
2026-06-29 13:35:00+00:00,99.480003,99.709999,99.250000,99.452499,162318
2026-06-29 13:40:00+00:00,99.419998,99.734001,99.320000,99.684998,103305
2026-06-29 13:45:00+00:00,99.699997,99.849998,99.572502,99.610001,251892
2026-06-29 13:50:00+00:00,99.589996,99.820000,99.570000,99.709999,103460
2026-06-29 13:55:00+00:00,99.699997,99.879997,99.644997,99.760002,89033
2026-06-29 14:00:00+00:00,99.779999,99.800003,99.559998,99.669998,109992
2026-06-29 14:05:00+00:00,99.660004,99.760002,99.434998,99.669998,145995
2026-06-29 14:10:00+00:00,99.660004,100.035004,99.660004,99.910004,111657
2026-06-29 14:15:00+00:00,99.910004,100.019997,99.490097,99.514999,192956
2026-06-29 14:20:00+00:00,99.540001,99.745003,99.500000,99.690002,126552
2026-06-29 14:25:00+00:00,99.690002,99.769997,99.510101,99.555000,130790
2026-06-29 14:30:00+00:00,99.555000,99.620003,99.375000,99.434998,125137
2026-06-29 14:35:00+00:00,99.419998,99.449997,99.160500,99.305000,89212
2026-06-29 14:40:00+00:00,99.290001,99.349998,99.120003,99.285004,72528
2026-06-29 14:45:00+00:00,99.294998,99.340897,99.095001,99.235001,55570
2026-06-29 14:50:00+00:00,99.209999,99.419998,99.139999,99.330002,50440
2026-06-29 14:55:00+00:00,99.339996,99.360001,98.959999,99.010002,135041
2026-06-29 15:00:00+00:00,98.995003,99.190002,98.889999,99.029999,92045
2026-06-29 15:05:00+00:00,99.046501,99.059998,98.650002,98.699997,81149
2026-06-29 15:10:00+00:00,98.699997,98.959900,98.690002,98.730003,237458
2026-06-29 15:15:00+00:00,98.739998,98.869797,98.580002,98.794998,127294
2026-06-29 15:20:00+00:00,98.790001,98.790001,98.510002,98.690002,101176
2026-06-29 15:25:00+00:00,98.680000,98.704102,98.610001,98.669998,107066
2026-06-29 15:30:00+00:00,98.660004,98.680000,98.570000,98.660004,80619
2026-06-29 15:35:00+00:00,98.650002,98.999001,98.639999,98.959999,154517
2026-06-29 15:40:00+00:00,98.959999,99.129997,98.790001,99.129997,144554
2026-06-29 15:45:00+00:00,99.135002,99.190002,99.099998,99.129997,91589
2026-06-29 15:50:00+00:00,99.117104,99.135002,98.949997,98.980003,34218
2026-06-29 15:55:00+00:00,98.980003,99.079903,98.870003,98.891403,42475
2026-06-29 16:00:00+00:00,98.870003,99.029999,98.860001,99.029999,80224
2026-06-29 16:05:00+00:00,99.029999,99.169998,99.029999,99.120003,54131
2026-06-29 16:10:00+00:00,99.099998,99.129997,99.029999,99.029999,28937
2026-06-29 16:15:00+00:00,99.029999,99.084999,99.019997,99.080002,32287
2026-06-29 16:20:00+00:00,99.059998,99.099998,99.019997,99.035004,38427
2026-06-29 16:25:00+00:00,99.035004,99.089996,98.940002,99.029999,88242
2026-06-29 16:30:00+00:00,99.019997,99.040001,98.750099,98.760002,141453
2026-06-29 16:35:00+00:00,98.750000,98.889999,98.720001,98.764999,104588
2026-06-29 16:40:00+00:00,98.764999,98.769997,98.610001,98.625000,87473
2026-06-29 16:45:00+00:00,98.644997,98.760002,98.605003,98.635002,165850
2026-06-29 16:50:00+00:00,98.620003,98.830002,98.559998,98.782700,93425
2026-06-29 16:55:00+00:00,98.790001,98.870003,98.769997,98.769997,64873
2026-06-29 17:00:00+00:00,98.779999,98.955002,98.760002,98.839996,102945
2026-06-29 17:05:00+00:00,98.845001,99.070000,98.839996,98.870003,92223
2026-06-29 17:10:00+00:00,98.877403,99.025002,98.860001,98.959999,98603
2026-06-29 17:15:00+00:00,98.959999,99.000000,98.849998,98.849998,168372
2026-06-29 17:20:00+00:00,98.875000,98.945000,98.849998,98.910004,28656
2026-06-29 17:25:00+00:00,98.894997,98.949997,98.800003,98.800003,56687
2026-06-29 17:30:00+00:00,98.815002,98.989998,98.779999,98.945000,67469
2026-06-29 17:35:00+00:00,98.930000,98.955002,98.810097,98.839996,44356
2026-06-29 17:40:00+00:00,98.830002,98.949997,98.820099,98.915001,36273
2026-06-29 17:45:00+00:00,98.910004,98.919899,98.820000,98.849998,64531
2026-06-29 17:50:00+00:00,98.845100,98.980003,98.833504,98.900002,39998
2026-06-29 17:55:00+00:00,98.904999,98.930000,98.809998,98.860001,37070
2026-06-29 18:00:00+00:00,98.855003,98.949997,98.830002,98.889999,59827
2026-06-29 18:05:00+00:00,98.919998,98.970001,98.864998,98.889999,43649
2026-06-29 18:10:00+00:00,98.879997,98.910004,98.831596,98.889999,62613
2026-06-29 18:15:00+00:00,98.889999,98.889999,98.672203,98.695000,91829
2026-06-29 18:20:00+00:00,98.699997,98.754997,98.670097,98.754997,84213
2026-06-29 18:25:00+00:00,98.750000,98.839996,98.720001,98.820000,48969
2026-06-29 18:30:00+00:00,98.830002,98.930000,98.809998,98.890297,49093
2026-06-29 18:35:00+00:00,98.894997,98.945000,98.769997,98.769997,115095
2026-06-29 18:40:00+00:00,98.769997,98.820000,98.714996,98.794998,557628
2026-06-29 18:45:00+00:00,98.800003,98.830002,98.754997,98.775002,59244
2026-06-29 18:50:00+00:00,98.769997,98.769997,98.500000,98.599998,149827
2026-06-29 18:55:00+00:00,98.580002,98.695000,98.580002,98.695000,66438
2026-06-29 19:00:00+00:00,98.695000,98.809998,98.650002,98.769997,87045
2026-06-29 19:05:00+00:00,98.790001,98.859901,98.754997,98.794998,90907
2026-06-29 19:10:00+00:00,98.794998,98.855003,98.754997,98.800003,72198
2026-06-29 19:15:00+00:00,98.790001,98.875000,98.709999,98.820000,106539
2026-06-29 19:20:00+00:00,98.830002,98.855003,98.745003,98.764999,73264
2026-06-29 19:25:00+00:00,98.764999,98.789902,98.680000,98.684998,102442
2026-06-29 19:30:00+00:00,98.680000,98.709999,98.620003,98.650002,124234
2026-06-29 19:35:00+00:00,98.644997,98.699997,98.559998,98.599998,114126
2026-06-29 19:40:00+00:00,98.589996,98.620003,98.555000,98.595001,134327
2026-06-29 19:45:00+00:00,98.599998,98.730003,98.595001,98.699997,142511
2026-06-29 19:50:00+00:00,98.709999,98.779999,98.635002,98.665001,219277
2026-06-29 19:55:00+00:00,98.665001,98.800003,98.565002,98.620003,665410
2026-06-30 13:30:00+00:00,97.410004,97.599998,96.720001,97.059998,382656
2026-06-30 13:35:00+00:00,97.070000,97.339996,96.910004,97.019997,195708
2026-06-30 13:40:00+00:00,97.042404,97.290001,96.910004,97.129997,136087
2026-06-30 13:45:00+00:00,97.129997,97.160004,96.750000,97.019997,141573
2026-06-30 13:50:00+00:00,97.019997,97.260002,96.879997,97.239998,195370
2026-06-30 13:55:00+00:00,97.199997,97.239899,96.760002,96.775002,90378
2026-06-30 14:00:00+00:00,96.769997,96.870003,96.650002,96.832497,167121
2026-06-30 14:05:00+00:00,96.820000,96.869904,96.720001,96.724998,95426
2026-06-30 14:10:00+00:00,96.724998,96.949997,96.669998,96.894997,90855
2026-06-30 14:15:00+00:00,96.894997,97.019997,96.779999,96.898003,105994
2026-06-30 14:20:00+00:00,96.889999,96.989998,96.849998,96.875000,121144
2026-06-30 14:25:00+00:00,96.860001,96.949997,96.739998,96.839996,117554
2026-06-30 14:30:00+00:00,96.839996,97.055000,96.824997,96.940002,108980
2026-06-30 14:35:00+00:00,96.940002,96.970001,96.764999,96.860001,63667
2026-06-30 14:40:00+00:00,96.855003,96.915001,96.790001,96.819901,62483
2026-06-30 14:45:00+00:00,96.815002,96.879997,96.669998,96.684998,106303
2026-06-30 14:50:00+00:00,96.684998,96.712898,96.599998,96.610001,71816
2026-06-30 14:55:00+00:00,96.610001,96.635002,96.464996,96.480003,87415
2026-06-30 15:00:00+00:00,96.459999,96.510002,96.345001,96.345001,71266
2026-06-30 15:05:00+00:00,96.330002,96.370003,96.160004,96.236000,160322
2026-06-30 15:10:00+00:00,96.230003,96.239998,96.040001,96.080002,166332
2026-06-30 15:15:00+00:00,96.075401,96.169998,95.989998,96.154999,150436
2026-06-30 15:20:00+00:00,96.165001,96.805000,96.150002,96.764999,169826
2026-06-30 15:25:00+00:00,96.764999,96.870003,96.720001,96.809998,125535
2026-06-30 15:30:00+00:00,96.800003,96.830002,96.580002,96.684998,79924
2026-06-30 15:35:00+00:00,96.690002,96.760002,96.630310,96.675003,63008
2026-06-30 15:40:00+00:00,96.660004,96.749901,96.580002,96.701271,58379
2026-06-30 15:45:00+00:00,96.720001,96.885002,96.675003,96.820000,123645
2026-06-30 15:50:00+00:00,96.839996,96.860001,96.750000,96.795998,49340
2026-06-30 15:55:00+00:00,96.790001,96.879997,96.785004,96.870003,56218
2026-06-30 16:00:00+00:00,96.858299,96.979897,96.739998,96.739998,56437
2026-06-30 16:05:00+00:00,96.740097,96.869904,96.739998,96.809998,49620
2026-06-30 16:10:00+00:00,96.809998,96.849998,96.750000,96.820000,34402
2026-06-30 16:15:00+00:00,96.820000,96.879997,96.750000,96.769997,70448
2026-06-30 16:20:00+00:00,96.769997,96.955002,96.760002,96.919998,51352
2026-06-30 16:25:00+00:00,96.919998,96.959999,96.900101,96.919998,42184
2026-06-30 16:30:00+00:00,96.919998,96.969902,96.839996,96.889999,56281
2026-06-30 16:35:00+00:00,96.900002,96.900002,96.790001,96.839996,36009
2026-06-30 16:40:00+00:00,96.830002,96.910004,96.830002,96.910004,33596
2026-06-30 16:45:00+00:00,96.900002,96.911499,96.745003,96.745003,41516
2026-06-30 16:50:00+00:00,96.739998,96.779999,96.699997,96.769997,35102
2026-06-30 16:55:00+00:00,96.769997,96.800003,96.720001,96.760002,39631
2026-06-30 17:00:00+00:00,96.760002,96.760002,96.629997,96.709999,52997
2026-06-30 17:05:00+00:00,96.705002,96.705002,96.644997,96.650002,41386
2026-06-30 17:10:00+00:00,96.639999,96.659103,96.599998,96.605003,37416
2026-06-30 17:15:00+00:00,96.605003,96.709999,96.605003,96.644997,53297
2026-06-30 17:20:00+00:00,96.644997,96.760002,96.635002,96.709999,48056
2026-06-30 17:25:00+00:00,96.710098,96.742554,96.599998,96.669899,121402
2026-06-30 17:30:00+00:00,96.669998,96.690002,96.570000,96.635002,53259
2026-06-30 17:35:00+00:00,96.620003,96.639999,96.519997,96.544998,67210
2026-06-30 17:40:00+00:00,96.544998,96.599998,96.495003,96.559998,105262
2026-06-30 17:45:00+00:00,96.570000,96.580002,96.440002,96.540100,59462
2026-06-30 17:50:00+00:00,96.550003,96.610001,96.550003,96.559998,41149
2026-06-30 17:55:00+00:00,96.570000,96.647903,96.529999,96.629997,46938
2026-06-30 18:00:00+00:00,96.629997,96.695000,96.529999,96.540001,56975
2026-06-30 18:05:00+00:00,96.540001,96.540001,96.400002,96.419998,67947
2026-06-30 18:10:00+00:00,96.419998,96.470001,96.389999,96.434998,53344
2026-06-30 18:15:00+00:00,96.434998,96.448898,96.389999,96.419998,37551
2026-06-30 18:20:00+00:00,96.400002,96.470001,96.379997,96.459999,38299
2026-06-30 18:25:00+00:00,96.455002,96.459702,96.364998,96.404999,51674
2026-06-30 18:30:00+00:00,96.404999,96.410004,96.355003,96.379997,41101
2026-06-30 18:35:00+00:00,96.379997,96.489998,96.339996,96.400002,71384
2026-06-30 18:40:00+00:00,96.400002,96.410004,96.309998,96.360001,75869
2026-06-30 18:45:00+00:00,96.364998,96.469902,96.315002,96.459999,101924
2026-06-30 18:50:00+00:00,96.449997,96.449997,96.370102,96.370102,53838
2026-06-30 18:55:00+00:00,96.379997,96.415001,96.279999,96.330002,80253
2026-06-30 19:00:00+00:00,96.320000,96.370003,96.279999,96.309998,72637
2026-06-30 19:05:00+00:00,96.305000,96.349998,96.250000,96.309998,69102
2026-06-30 19:10:00+00:00,96.315002,96.430000,96.245003,96.410004,83529
2026-06-30 19:15:00+00:00,96.419998,96.470001,96.386101,96.442001,65924
2026-06-30 19:20:00+00:00,96.440002,96.440002,96.345001,96.400002,98158
2026-06-30 19:25:00+00:00,96.404999,96.419998,96.239998,96.275002,131075
2026-06-30 19:30:00+00:00,96.269997,96.309998,96.209999,96.309998,147765
2026-06-30 19:35:00+00:00,96.309998,96.459999,96.309998,96.360001,135619
2026-06-30 19:40:00+00:00,96.370003,96.434998,96.315002,96.360001,119813
2026-06-30 19:45:00+00:00,96.349998,96.480003,96.269997,96.389999,273060
2026-06-30 19:50:00+00:00,96.400002,96.489998,96.389999,96.400002,270658
2026-06-30 19:55:00+00:00,96.389999,96.459999,96.209999,96.224998,805902
2026-07-01 13:30:00+00:00,96.550003,97.375000,96.019997,97.339996,314332
2026-07-01 13:35:00+00:00,97.350098,97.470001,96.919998,97.112503,109677
2026-07-01 13:40:00+00:00,97.129997,97.209999,96.910004,97.059998,105506
2026-07-01 13:45:00+00:00,97.110001,97.202599,96.730103,96.820000,98845
2026-07-01 13:50:00+00:00,96.779999,97.279999,96.720001,97.250000,81839
2026-07-01 13:55:00+00:00,97.250000,97.440002,97.129997,97.260002,74192
2026-07-01 14:00:00+00:00,97.260002,97.480003,97.255096,97.459999,82003
2026-07-01 14:05:00+00:00,97.430000,97.470001,97.220001,97.330002,86948
2026-07-01 14:10:00+00:00,97.334999,97.470001,97.269997,97.394997,75384
2026-07-01 14:15:00+00:00,97.379997,97.470001,97.270103,97.300003,71414
2026-07-01 14:20:00+00:00,97.300003,97.470001,97.279999,97.410004,79207
2026-07-01 14:25:00+00:00,97.425003,97.439903,97.275002,97.370003,50716
2026-07-01 14:30:00+00:00,97.360001,97.480003,97.286797,97.410004,87396
2026-07-01 14:35:00+00:00,97.400002,97.489998,97.355003,97.364998,88267
2026-07-01 14:40:00+00:00,97.365097,97.535004,97.339996,97.459999,116170
2026-07-01 14:45:00+00:00,97.474998,97.514999,97.410004,97.470001,111911
2026-07-01 14:50:00+00:00,97.464996,97.500000,97.360001,97.430000,93649
2026-07-01 14:55:00+00:00,97.430000,97.714996,97.389999,97.690002,244324
2026-07-01 15:00:00+00:00,97.690002,97.760002,97.580002,97.644997,74442
2026-07-01 15:05:00+00:00,97.650002,97.750000,97.560097,97.599998,58599
2026-07-01 15:10:00+00:00,97.589996,97.629997,97.400002,97.430000,76278
2026-07-01 15:15:00+00:00,97.440002,97.440002,97.150002,97.220001,93715
2026-07-01 15:20:00+00:00,97.224998,97.459999,97.175003,97.404999,77816
2026-07-01 15:25:00+00:00,97.419998,97.455002,97.180000,97.214996,87641
2026-07-01 15:30:00+00:00,97.214996,97.239998,96.959999,96.989998,110298
2026-07-01 15:35:00+00:00,97.010002,97.199997,96.989998,97.160004,103757
2026-07-01 15:40:00+00:00,97.150002,97.150002,96.930000,96.980003,90467
2026-07-01 15:45:00+00:00,97.000000,97.120003,96.989998,97.050003,57358
2026-07-01 15:50:00+00:00,97.068100,97.071198,96.949997,97.029999,110087
2026-07-01 15:55:00+00:00,97.040001,97.120003,97.000000,97.000000,62051
2026-07-01 16:00:00+00:00,96.985001,96.989998,96.879997,96.919998,74849
2026-07-01 16:05:00+00:00,96.919998,97.010002,96.875000,96.919998,77936
2026-07-01 16:10:00+00:00,96.925003,96.989998,96.834999,96.970001,85299
2026-07-01 16:15:00+00:00,96.975098,97.029999,96.870003,96.875000,75283
2026-07-01 16:20:00+00:00,96.879997,96.900002,96.779999,96.839996,62855
2026-07-01 16:25:00+00:00,96.839996,96.910004,96.775002,96.904999,74504
2026-07-01 16:30:00+00:00,96.910004,96.930000,96.860001,96.875000,105799
2026-07-01 16:35:00+00:00,96.879997,96.919998,96.824997,96.900002,51448
2026-07-01 16:40:00+00:00,96.900002,96.949997,96.885002,96.940002,45167
2026-07-01 16:45:00+00:00,96.940002,96.980003,96.845001,96.860001,60811
2026-07-01 16:50:00+00:00,96.860001,96.869400,96.750198,96.760002,81776
2026-07-01 16:55:00+00:00,96.764999,96.805099,96.570198,96.580002,79023
2026-07-01 17:00:00+00:00,96.595001,96.629997,96.555000,96.589996,56258
2026-07-01 17:05:00+00:00,96.584999,96.589996,96.510002,96.580002,51807
2026-07-01 17:10:00+00:00,96.574997,96.599998,96.519997,96.559998,38201
2026-07-01 17:15:00+00:00,96.580002,96.669998,96.570602,96.637001,85132
2026-07-01 17:20:00+00:00,96.620003,96.629997,96.445000,96.464996,97633
2026-07-01 17:25:00+00:00,96.470001,96.519997,96.400002,96.485001,112810
2026-07-01 17:30:00+00:00,96.489998,96.735001,96.489998,96.599998,84827
2026-07-01 17:35:00+00:00,96.599998,96.650002,96.580101,96.599998,71816
2026-07-01 17:40:00+00:00,96.610001,96.620003,96.500000,96.514999,48688
2026-07-01 17:45:00+00:00,96.519997,96.559998,96.510002,96.555000,31499
2026-07-01 17:50:00+00:00,96.559998,96.599998,96.520103,96.535004,69685
2026-07-01 17:55:00+00:00,96.529999,96.550003,96.464996,96.504997,57348
2026-07-01 18:00:00+00:00,96.510002,96.559998,96.450302,96.470001,63833
2026-07-01 18:05:00+00:00,96.459999,96.470001,96.370003,96.379997,70586
2026-07-01 18:10:00+00:00,96.400002,96.460098,96.339996,96.460098,83468
2026-07-01 18:15:00+00:00,96.449997,96.459999,96.250000,96.300003,83724
2026-07-01 18:20:00+00:00,96.290001,96.379997,96.270103,96.315002,45091
2026-07-01 18:25:00+00:00,96.315002,96.349899,96.290001,96.339996,84358
2026-07-01 18:30:00+00:00,96.345001,96.400002,96.279999,96.400002,112528
2026-07-01 18:35:00+00:00,96.410004,96.459999,96.370003,96.459999,57323
2026-07-01 18:40:00+00:00,96.459999,96.489998,96.400002,96.400002,85243
2026-07-01 18:45:00+00:00,96.394997,96.410004,96.279999,96.320000,94681
2026-07-01 18:50:00+00:00,96.320000,96.359398,96.204002,96.239998,158103
2026-07-01 18:55:00+00:00,96.239998,96.570000,96.239998,96.300003,162208
2026-07-01 19:00:00+00:00,96.300003,96.320000,96.220001,96.230003,63603
2026-07-01 19:05:00+00:00,96.230003,96.254997,96.110001,96.160004,95027
2026-07-01 19:10:00+00:00,96.160004,96.169998,96.029999,96.029999,106463
2026-07-01 19:15:00+00:00,96.025002,96.110001,95.959900,95.959900,152830
2026-07-01 19:20:00+00:00,95.964996,96.040001,95.900002,96.000000,105941
2026-07-01 19:25:00+00:00,95.989998,96.059998,95.919998,95.919998,108980
2026-07-01 19:30:00+00:00,95.919998,95.930000,95.849998,95.889999,95506
2026-07-01 19:35:00+00:00,95.889999,96.042648,95.889999,96.042648,120916
2026-07-01 19:40:00+00:00,96.050003,96.105598,95.959999,96.029999,158194
2026-07-01 19:45:00+00:00,96.019997,96.040001,95.915001,96.010002,195038
2026-07-01 19:50:00+00:00,96.019997,96.029999,95.820000,95.870003,269943
2026-07-01 19:55:00+00:00,95.870003,95.919998,95.650002,95.739998,788943
2026-07-02 13:30:00+00:00,96.400002,96.580002,96.220100,96.370102,359092
2026-07-02 13:35:00+00:00,96.370003,96.680000,96.139999,96.559998,111563
2026-07-02 13:40:00+00:00,96.529999,96.889999,96.403603,96.750000,87412
2026-07-02 13:45:00+00:00,96.769997,96.809998,96.150002,96.199997,139952
2026-07-02 13:50:00+00:00,96.169998,96.360001,95.860001,95.860001,108394
2026-07-02 13:55:00+00:00,95.860001,96.000000,95.769997,95.985001,73419
2026-07-02 14:00:00+00:00,95.970001,96.114998,95.857803,96.114998,97116
2026-07-02 14:05:00+00:00,96.110298,96.339996,96.110298,96.205002,83841
2026-07-02 14:10:00+00:00,96.190002,96.349998,96.121902,96.269997,73949
2026-07-02 14:15:00+00:00,96.250000,96.459999,96.175003,96.370003,92748
2026-07-02 14:20:00+00:00,96.370003,96.510002,96.279999,96.349998,71744
2026-07-02 14:25:00+00:00,96.360001,96.449997,96.324997,96.379898,96003
2026-07-02 14:30:00+00:00,96.370003,96.625000,96.339996,96.535004,77279
2026-07-02 14:35:00+00:00,96.519997,96.730003,96.379997,96.680099,100779
2026-07-02 14:40:00+00:00,96.680099,96.910004,96.629997,96.870003,55672
2026-07-02 14:45:00+00:00,96.870003,97.120003,96.839996,96.870003,112876
2026-07-02 14:50:00+00:00,96.870003,96.919998,96.739998,96.815002,66454
2026-07-02 14:55:00+00:00,96.794998,97.014999,96.785004,96.945000,100268
2026-07-02 15:00:00+00:00,96.919998,97.150002,96.919998,97.132500,86907
2026-07-02 15:05:00+00:00,97.135002,97.165001,96.830002,97.044998,142259
2026-07-02 15:10:00+00:00,97.029999,97.309998,97.000000,97.309998,51756
2026-07-02 15:15:00+00:00,97.300003,97.320602,97.135002,97.160004,34975
2026-07-02 15:20:00+00:00,97.139999,97.308197,97.099998,97.211502,155400
2026-07-02 15:25:00+00:00,97.195000,97.225700,97.099998,97.125000,80444
2026-07-02 15:30:00+00:00,97.139999,97.309998,97.099998,97.199997,74292
2026-07-02 15:35:00+00:00,97.220001,97.250000,97.080002,97.129997,74669
2026-07-02 15:40:00+00:00,97.120003,97.320000,97.050003,97.260002,65946
2026-07-02 15:45:00+00:00,97.250000,97.315002,97.190002,97.290001,50172
2026-07-02 15:50:00+00:00,97.285004,97.410004,97.180496,97.345001,78748
2026-07-02 15:55:00+00:00,97.349998,97.459999,97.290001,97.375000,62703
2026-07-02 16:00:00+00:00,97.355003,97.489899,97.199997,97.290100,356802
2026-07-02 16:05:00+00:00,97.339996,97.760002,97.300003,97.735001,141157
2026-07-02 16:10:00+00:00,97.760002,97.915001,97.680000,97.839996,128195
2026-07-02 16:15:00+00:00,97.860001,98.019997,97.820000,97.970001,74309
2026-07-02 16:20:00+00:00,97.980003,98.059998,97.940002,98.005096,85546
2026-07-02 16:25:00+00:00,98.000000,98.120003,97.980003,98.050003,75074
2026-07-02 16:30:00+00:00,98.029999,98.065002,97.930000,98.019997,62206
2026-07-02 16:35:00+00:00,98.010002,98.070000,97.925003,98.025002,32411
2026-07-02 16:40:00+00:00,98.010002,98.120003,97.985001,98.080002,48486
2026-07-02 16:45:00+00:00,98.099998,98.250000,98.070000,98.190002,74619
2026-07-02 16:50:00+00:00,98.190002,98.275002,98.144699,98.250000,81429
2026-07-02 16:55:00+00:00,98.260002,98.339996,98.250000,98.294998,72581
2026-07-02 17:00:00+00:00,98.300003,98.300003,97.985001,98.004997,129865
2026-07-02 17:05:00+00:00,98.004997,98.050003,97.910004,98.019997,55758
2026-07-02 17:10:00+00:00,98.014999,98.252502,98.013199,98.220001,73987
2026-07-02 17:15:00+00:00,98.195000,98.305099,98.185402,98.254997,63749
2026-07-02 17:20:00+00:00,98.250000,98.379997,98.250000,98.364998,41907
2026-07-02 17:25:00+00:00,98.349998,98.379997,98.300003,98.345001,42939
2026-07-02 17:30:00+00:00,98.330002,98.419998,98.300003,98.370003,60080
2026-07-02 17:35:00+00:00,98.379898,98.379997,98.220001,98.269997,72928
2026-07-02 17:40:00+00:00,98.290001,98.300003,98.165001,98.199997,37102
2026-07-02 17:45:00+00:00,98.214996,98.269997,98.170097,98.195000,39957
2026-07-02 17:50:00+00:00,98.195099,98.214996,98.040001,98.059998,49143
2026-07-02 17:55:00+00:00,98.040001,98.150002,97.980003,98.019997,76869
2026-07-02 18:00:00+00:00,98.010002,98.184998,97.970001,98.110001,80148
2026-07-02 18:05:00+00:00,98.105003,98.190002,98.095001,98.125000,56342
2026-07-02 18:10:00+00:00,98.139999,98.169998,98.040001,98.089996,61192
2026-07-02 18:15:00+00:00,98.089996,98.279999,98.080002,98.175003,105679
2026-07-02 18:20:00+00:00,98.180000,98.245003,98.169998,98.174698,33875
2026-07-02 18:25:00+00:00,98.180000,98.309998,98.150002,98.300003,67756
2026-07-02 18:30:00+00:00,98.294998,98.449997,98.294998,98.419998,46250
2026-07-02 18:35:00+00:00,98.419998,98.440002,98.305000,98.345001,72915
2026-07-02 18:40:00+00:00,98.335403,98.430000,98.260002,98.379997,100529
2026-07-02 18:45:00+00:00,98.379997,98.519997,98.349998,98.473602,117864
2026-07-02 18:50:00+00:00,98.474998,98.474998,98.330002,98.339996,48678
2026-07-02 18:55:00+00:00,98.345001,98.559998,98.330002,98.529999,90698
2026-07-02 19:00:00+00:00,98.555000,98.709999,98.529999,98.680000,91028
2026-07-02 19:05:00+00:00,98.699997,98.830002,98.680000,98.790001,59728
2026-07-02 19:10:00+00:00,98.790001,98.910004,98.775002,98.875000,65977
2026-07-02 19:15:00+00:00,98.889999,98.980003,98.839996,98.889999,120967
2026-07-02 19:20:00+00:00,98.910004,99.029999,98.900002,99.014999,99180
2026-07-02 19:25:00+00:00,99.010002,99.120003,98.915001,99.070000,162146
2026-07-02 19:30:00+00:00,99.065002,99.230003,98.980003,99.110100,207157
2026-07-02 19:35:00+00:00,99.125000,99.300003,99.120003,99.135002,140092
2026-07-02 19:40:00+00:00,99.135002,99.199997,99.090103,99.125000,128815
2026-07-02 19:45:00+00:00,99.120003,99.269997,99.019997,99.260002,346465
2026-07-02 19:50:00+00:00,99.269997,99.360001,99.180000,99.290001,343331
2026-07-02 19:55:00+00:00,99.279999,99.510002,99.269997,99.449997,907642
2026-07-06 13:30:00+00:00,98.849998,99.440002,98.550003,98.639999,350140
2026-07-06 13:35:00+00:00,98.639999,98.720001,97.889999,97.959999,248964
2026-07-06 13:40:00+00:00,97.940002,98.180000,97.750000,98.089996,87727
2026-07-06 13:45:00+00:00,98.120003,98.360001,97.930000,98.074997,106979
2026-07-06 13:50:00+00:00,98.080002,98.144997,97.620003,97.660004,94668
2026-07-06 13:55:00+00:00,97.629997,97.690002,97.309998,97.529999,143071
2026-07-06 14:00:00+00:00,97.540001,97.559998,97.120003,97.260002,246322
2026-07-06 14:05:00+00:00,97.264999,97.264999,97.029999,97.080002,134756
2026-07-06 14:10:00+00:00,97.065002,97.450996,97.014999,97.309998,112293
2026-07-06 14:15:00+00:00,97.320000,97.320000,97.101898,97.169998,73563
2026-07-06 14:20:00+00:00,97.180000,97.199997,97.023399,97.099998,80387
2026-07-06 14:25:00+00:00,97.095001,97.269997,97.055000,97.190002,61275
2026-07-06 14:30:00+00:00,97.190002,97.220001,97.110001,97.169998,83440
2026-07-06 14:35:00+00:00,97.160004,97.330002,97.160004,97.330002,84023
2026-07-06 14:40:00+00:00,97.349998,97.402496,97.135002,97.169998,154488
2026-07-06 14:45:00+00:00,97.165001,97.220001,97.029999,97.169998,103896
2026-07-06 14:50:00+00:00,97.169998,97.449997,97.160103,97.412804,84770
2026-07-06 14:55:00+00:00,97.430000,97.510002,97.390999,97.459999,65184
2026-07-06 15:00:00+00:00,97.455002,97.529999,97.370003,97.510002,77954
2026-07-06 15:05:00+00:00,97.519997,97.639999,97.419998,97.514999,83509
2026-07-06 15:10:00+00:00,97.529999,97.760002,97.495003,97.760002,127482
2026-07-06 15:15:00+00:00,97.720001,97.809998,97.630096,97.660103,85861
2026-07-06 15:20:00+00:00,97.654999,97.665001,97.470001,97.470001,65920
2026-07-06 15:25:00+00:00,97.470001,97.529999,97.330002,97.330002,102120
2026-07-06 15:30:00+00:00,97.330002,97.370003,97.239998,97.254997,66524
2026-07-06 15:35:00+00:00,97.269997,97.430000,97.250000,97.419998,63539
2026-07-06 15:40:00+00:00,97.440002,97.570000,97.440002,97.529999,77792
2026-07-06 15:45:00+00:00,97.540001,97.544998,97.464996,97.514999,46346
2026-07-06 15:50:00+00:00,97.485001,97.660004,97.470001,97.650002,93089
2026-07-06 15:55:00+00:00,97.644997,97.689796,97.595001,97.639999,70863
2026-07-06 16:00:00+00:00,97.650002,97.699997,97.559998,97.620003,69130
2026-07-06 16:05:00+00:00,97.620003,97.669998,97.540001,97.540001,56115
2026-07-06 16:10:00+00:00,97.529999,97.629997,97.470001,97.629997,60831
2026-07-06 16:15:00+00:00,97.639999,97.699997,97.599998,97.669998,47916
2026-07-06 16:20:00+00:00,97.680000,97.730003,97.669998,97.680000,44338
2026-07-06 16:25:00+00:00,97.675003,97.769997,97.665001,97.739998,53412
2026-07-06 16:30:00+00:00,97.739998,97.809998,97.639999,97.779999,115019
2026-07-06 16:35:00+00:00,97.790001,97.805000,97.705002,97.785004,75734
2026-07-06 16:40:00+00:00,97.775002,97.900002,97.769997,97.900002,63032
2026-07-06 16:45:00+00:00,97.900002,97.930000,97.760002,97.760002,80539
2026-07-06 16:50:00+00:00,97.779999,97.779999,97.589996,97.614998,52848
2026-07-06 16:55:00+00:00,97.599998,97.639503,97.540001,97.599899,64754
2026-07-06 17:00:00+00:00,97.610001,97.758003,97.595001,97.680000,80892
2026-07-06 17:05:00+00:00,97.690002,97.809998,97.660103,97.730003,68700
2026-07-06 17:10:00+00:00,97.735001,97.735001,97.600098,97.720001,67717
2026-07-06 17:15:00+00:00,97.709999,97.769997,97.660004,97.690002,48116
2026-07-06 17:20:00+00:00,97.690002,97.750000,97.660004,97.669998,49676
2026-07-06 17:25:00+00:00,97.680000,97.730003,97.660004,97.699997,50236
2026-07-06 17:30:00+00:00,97.699997,97.739998,97.570000,97.580002,90721
2026-07-06 17:35:00+00:00,97.589996,97.635002,97.550003,97.559998,44643
2026-07-06 17:40:00+00:00,97.555000,97.620003,97.529999,97.589996,44413
2026-07-06 17:45:00+00:00,97.599899,97.609901,97.445000,97.445099,95626
2026-07-06 17:50:00+00:00,97.440002,97.440002,97.349998,97.434998,53325
2026-07-06 17:55:00+00:00,97.434998,97.519997,97.389999,97.400002,58642
2026-07-06 18:00:00+00:00,97.415001,97.639999,97.371002,97.570000,173139
2026-07-06 18:05:00+00:00,97.570000,97.654999,97.440002,97.510002,226930
2026-07-06 18:10:00+00:00,97.510002,97.540001,97.385002,97.485001,49033
2026-07-06 18:15:00+00:00,97.485001,97.525002,97.330002,97.330002,60478
2026-07-06 18:20:00+00:00,97.324997,97.410004,97.324997,97.349998,50109
2026-07-06 18:25:00+00:00,97.369904,97.410004,97.285004,97.400002,65013
2026-07-06 18:30:00+00:00,97.390099,97.489998,97.379997,97.440002,65043
2026-07-06 18:35:00+00:00,97.430000,97.519997,97.400002,97.459999,44356
2026-07-06 18:40:00+00:00,97.459999,97.459999,97.330002,97.345001,38350
2026-07-06 18:45:00+00:00,97.339996,97.400002,97.290001,97.379997,49149
2026-07-06 18:50:00+00:00,97.385002,97.540001,97.380997,97.540001,61284
2026-07-06 18:55:00+00:00,97.540001,97.620003,97.489998,97.519997,85847
2026-07-06 19:00:00+00:00,97.510002,97.519997,97.449997,97.470001,53575
2026-07-06 19:05:00+00:00,97.470001,97.540001,97.430000,97.464996,58044
2026-07-06 19:10:00+00:00,97.449997,97.500000,97.419998,97.464996,38838
2026-07-06 19:15:00+00:00,97.470001,97.470001,97.339996,97.364998,60500
2026-07-06 19:20:00+00:00,97.365097,97.403702,97.344124,97.400002,53014
2026-07-06 19:25:00+00:00,97.400002,97.425003,97.305000,97.305000,94195
2026-07-06 19:30:00+00:00,97.300003,97.315002,97.199997,97.230103,130142
2026-07-06 19:35:00+00:00,97.238297,97.320000,97.169998,97.235001,77809
2026-07-06 19:40:00+00:00,97.239998,97.250000,97.120003,97.220100,131121
2026-07-06 19:45:00+00:00,97.220001,97.360001,97.169998,97.349998,187485
2026-07-06 19:50:00+00:00,97.339996,97.470001,97.239998,97.260002,166718
2026-07-06 19:55:00+00:00,97.260002,97.430000,97.230003,97.419998,503432
2026-07-07 13:30:00+00:00,98.139999,98.690002,97.989998,98.379997,349328
2026-07-07 13:35:00+00:00,98.400002,98.549004,98.187302,98.480003,158308
2026-07-07 13:40:00+00:00,98.467430,98.635002,98.315002,98.529999,121471
2026-07-07 13:45:00+00:00,98.519997,98.669998,98.260002,98.445503,178979
2026-07-07 13:50:00+00:00,98.449997,99.035004,98.449997,98.989998,212122
2026-07-07 13:55:00+00:00,99.019997,99.019997,98.754997,98.809998,82789
2026-07-07 14:00:00+00:00,98.775002,98.839996,98.629997,98.760002,81841
2026-07-07 14:05:00+00:00,98.760002,98.800003,98.559303,98.565002,70550
2026-07-07 14:10:00+00:00,98.565002,98.599998,98.370003,98.459999,69270
2026-07-07 14:15:00+00:00,98.425400,98.449997,98.010101,98.010101,240111
2026-07-07 14:20:00+00:00,98.029999,98.254997,97.904999,98.220001,253073
2026-07-07 14:25:00+00:00,98.190002,98.269997,98.059998,98.129997,75451
2026-07-07 14:30:00+00:00,98.110001,98.279999,98.014999,98.205002,45089
2026-07-07 14:35:00+00:00,98.209999,98.430000,98.124397,98.355003,120237
2026-07-07 14:40:00+00:00,98.349998,98.544998,98.349998,98.519997,90983
2026-07-07 14:45:00+00:00,98.500000,98.525002,98.340202,98.364998,98573
2026-07-07 14:50:00+00:00,98.349998,98.419998,98.200500,98.235001,51074
2026-07-07 14:55:00+00:00,98.260002,98.270103,97.860001,97.970001,67032
2026-07-07 15:00:00+00:00,97.975098,97.980003,97.800003,97.830002,43618
2026-07-07 15:05:00+00:00,97.849998,97.980003,97.800003,97.805000,48362
2026-07-07 15:10:00+00:00,97.830002,97.860001,97.760002,97.769997,49524
2026-07-07 15:15:00+00:00,97.790001,97.889999,97.720001,97.840103,65875
2026-07-07 15:20:00+00:00,97.879997,97.930000,97.820000,97.835098,64577
2026-07-07 15:25:00+00:00,97.834999,97.879997,97.699997,97.857498,79556
2026-07-07 15:30:00+00:00,97.849998,97.849998,97.720001,97.764999,60408
2026-07-07 15:35:00+00:00,97.769997,97.830002,97.750000,97.815002,46441
2026-07-07 15:40:00+00:00,97.820000,97.900002,97.745003,97.750000,56538
2026-07-07 15:45:00+00:00,97.750000,97.787498,97.665001,97.769997,107317
2026-07-07 15:50:00+00:00,97.769997,97.889999,97.754997,97.809998,63190
2026-07-07 15:55:00+00:00,97.809998,97.919998,97.769997,97.889999,66408
2026-07-07 16:00:00+00:00,97.894997,97.910004,97.709999,97.709999,75532
2026-07-07 16:05:00+00:00,97.714996,97.720001,97.570000,97.629997,61234
2026-07-07 16:10:00+00:00,97.629997,97.709999,97.449997,97.470001,299221
2026-07-07 16:15:00+00:00,97.480003,97.510002,97.290001,97.300003,89303
2026-07-07 16:20:00+00:00,97.309998,97.335899,97.160004,97.309998,81772
2026-07-07 16:25:00+00:00,97.309998,97.419998,97.309998,97.410004,49262
2026-07-07 16:30:00+00:00,97.413803,97.427101,97.330002,97.355003,40779
2026-07-07 16:35:00+00:00,97.370003,97.430000,97.339996,97.419998,189849
2026-07-07 16:40:00+00:00,97.419998,97.449997,97.301003,97.349998,50274
2026-07-07 16:45:00+00:00,97.349998,97.349998,97.150002,97.154404,60732
2026-07-07 16:50:00+00:00,97.150002,97.180099,96.919998,97.065002,155055
2026-07-07 16:55:00+00:00,97.059998,97.169998,97.019997,97.099998,77162
2026-07-07 17:00:00+00:00,97.099998,97.144997,97.050003,97.074997,74731
2026-07-07 17:05:00+00:00,97.080002,97.260002,97.023697,97.180000,144169
2026-07-07 17:10:00+00:00,97.154999,97.459999,97.154999,97.419998,87201
2026-07-07 17:15:00+00:00,97.417503,97.470001,97.165001,97.250000,109595
2026-07-07 17:20:00+00:00,97.239998,97.370003,97.209999,97.360001,83352
2026-07-07 17:25:00+00:00,97.349998,97.579903,97.349998,97.519997,65994
2026-07-07 17:30:00+00:00,97.510002,97.631500,97.440002,97.529999,100514
2026-07-07 17:35:00+00:00,97.529999,97.595001,97.440102,97.489998,73748
2026-07-07 17:40:00+00:00,97.500000,97.540001,97.370003,97.419998,55927
2026-07-07 17:45:00+00:00,97.410004,97.449997,97.379997,97.400002,67025
2026-07-07 17:50:00+00:00,97.400002,97.410004,97.139999,97.250000,108243
2026-07-07 17:55:00+00:00,97.231102,97.250000,97.125000,97.150101,44090
2026-07-07 18:00:00+00:00,97.160004,97.237503,97.129997,97.205002,50296
2026-07-07 18:05:00+00:00,97.190002,97.220001,97.139999,97.139999,50555
2026-07-07 18:10:00+00:00,97.135002,97.195000,97.089996,97.135002,44604
2026-07-07 18:15:00+00:00,97.135002,97.199997,97.125000,97.125000,46211
2026-07-07 18:20:00+00:00,97.120003,97.199997,97.099998,97.175003,51587
2026-07-07 18:25:00+00:00,97.190002,97.230003,97.110001,97.230003,89532
2026-07-07 18:30:00+00:00,97.220001,97.290001,97.120003,97.260101,84926
2026-07-07 18:35:00+00:00,97.270500,97.379997,97.269997,97.349998,57060
2026-07-07 18:40:00+00:00,97.348099,97.400002,97.320000,97.349998,56194
2026-07-07 18:45:00+00:00,97.355003,97.410004,97.209999,97.220001,61105
2026-07-07 18:50:00+00:00,97.224998,97.290001,97.199997,97.214996,48453
2026-07-07 18:55:00+00:00,97.214996,97.370003,97.180099,97.320000,61754
2026-07-07 19:00:00+00:00,97.339996,97.339996,97.111504,97.139999,73047
2026-07-07 19:05:00+00:00,97.139999,97.220001,97.070000,97.169998,86259
2026-07-07 19:10:00+00:00,97.179703,97.179703,97.110001,97.120003,55243
2026-07-07 19:15:00+00:00,97.120003,97.279999,97.114998,97.254997,84942
2026-07-07 19:20:00+00:00,97.269997,97.309998,97.240601,97.309998,62197
2026-07-07 19:25:00+00:00,97.309998,97.334999,97.235001,97.260002,80045
2026-07-07 19:30:00+00:00,97.269997,97.290001,97.125000,97.160004,133630
2026-07-07 19:35:00+00:00,97.169998,97.305000,97.150002,97.305000,125164
2026-07-07 19:40:00+00:00,97.302399,97.445000,97.290001,97.445000,136908
2026-07-07 19:45:00+00:00,97.449997,97.559998,97.389999,97.550003,151401
2026-07-07 19:50:00+00:00,97.550003,97.690002,97.489998,97.690002,291324
2026-07-07 19:55:00+00:00,97.680000,97.720001,97.300003,97.464996,595012
2026-07-08 13:30:00+00:00,97.300003,97.345001,96.745003,96.989998,273223
2026-07-08 13:35:00+00:00,96.989998,97.360001,96.934998,97.330002,82713
2026-07-08 13:40:00+00:00,97.336601,97.419998,97.150002,97.150002,56053
2026-07-08 13:45:00+00:00,97.150002,97.239998,96.870003,97.150002,79747
2026-07-08 13:50:00+00:00,97.190002,97.309998,97.055000,97.055000,88900
2026-07-08 13:55:00+00:00,97.080002,97.120003,96.945000,97.050003,68556
2026-07-08 14:00:00+00:00,97.057503,97.230003,96.900002,97.125000,114401
2026-07-08 14:05:00+00:00,97.150002,97.260002,96.974998,97.025002,55805
2026-07-08 14:10:00+00:00,97.000000,97.139999,96.750000,96.769997,106059
2026-07-08 14:15:00+00:00,96.739998,96.839996,96.639999,96.839996,85712
2026-07-08 14:20:00+00:00,96.809998,96.900002,96.750000,96.849998,55851
2026-07-08 14:25:00+00:00,96.849998,96.860100,96.699997,96.754997,68384
2026-07-08 14:30:00+00:00,96.750000,97.010002,96.724998,96.820000,66236
2026-07-08 14:35:00+00:00,96.809998,96.980003,96.775002,96.949997,53604
2026-07-08 14:40:00+00:00,96.959999,97.010002,96.889999,96.900002,63424
2026-07-08 14:45:00+00:00,96.879997,96.900002,96.709999,96.769997,87158
2026-07-08 14:50:00+00:00,96.764999,96.995003,96.760002,96.919998,61041
2026-07-08 14:55:00+00:00,96.915001,96.925003,96.690002,96.745003,69266
2026-07-08 15:00:00+00:00,96.760002,96.785004,96.660004,96.760002,43962
2026-07-08 15:05:00+00:00,96.750000,96.764999,96.665001,96.669998,66505
2026-07-08 15:10:00+00:00,96.669998,96.864998,96.660004,96.855003,49192
2026-07-08 15:15:00+00:00,96.845001,96.860001,96.760002,96.801498,55532
2026-07-08 15:20:00+00:00,96.800003,96.940002,96.754997,96.849998,149103
2026-07-08 15:25:00+00:00,96.839996,96.919998,96.790001,96.870003,47699
2026-07-08 15:30:00+00:00,96.860001,96.870003,96.794998,96.839996,43001
2026-07-08 15:35:00+00:00,96.839996,96.949997,96.779999,96.915100,39960
2026-07-08 15:40:00+00:00,96.900002,96.919998,96.845001,96.910004,30166
2026-07-08 15:45:00+00:00,96.900002,96.955002,96.889999,96.919998,36305
2026-07-08 15:50:00+00:00,96.919998,97.025497,96.885002,97.000000,61911
2026-07-08 15:55:00+00:00,97.000000,97.059998,96.940102,96.989998,36853
2026-07-08 16:00:00+00:00,97.000000,97.000000,96.904999,96.980003,40702
2026-07-08 16:05:00+00:00,96.970200,97.029999,96.959999,96.989998,39393
2026-07-08 16:10:00+00:00,96.980003,96.980003,96.830002,96.870003,38344
2026-07-08 16:15:00+00:00,96.879997,96.955002,96.864998,96.945000,41077
2026-07-08 16:20:00+00:00,96.945000,96.989998,96.830002,96.980003,51506
2026-07-08 16:25:00+00:00,96.989998,97.004997,96.910004,96.970001,29262
2026-07-08 16:30:00+00:00,96.989998,97.169998,96.980003,97.050003,71985
2026-07-08 16:35:00+00:00,97.040001,97.400002,97.029999,97.399902,69694
2026-07-08 16:40:00+00:00,97.389999,97.654999,97.379997,97.470001,73580
2026-07-08 16:45:00+00:00,97.470001,97.519997,97.434998,97.434998,37289
2026-07-08 16:50:00+00:00,97.434998,97.439903,97.330002,97.359596,46749
2026-07-08 16:55:00+00:00,97.349998,97.349998,97.220001,97.250000,64330
2026-07-08 17:00:00+00:00,97.250000,97.360001,97.239998,97.360001,63430
2026-07-08 17:05:00+00:00,97.349998,97.496201,97.339996,97.430000,134064
2026-07-08 17:10:00+00:00,97.419998,97.500000,97.400002,97.485001,45219
2026-07-08 17:15:00+00:00,97.485001,97.485001,97.394997,97.440002,53304
2026-07-08 17:20:00+00:00,97.445000,97.559998,97.400002,97.410004,127845
2026-07-08 17:25:00+00:00,97.400002,97.419998,97.349998,97.419998,42092
2026-07-08 17:30:00+00:00,97.410004,97.470001,97.385002,97.404503,40451
2026-07-08 17:35:00+00:00,97.404999,97.430000,97.339996,97.339996,31652
2026-07-08 17:40:00+00:00,97.339996,97.389999,97.320000,97.379997,36569
2026-07-08 17:45:00+00:00,97.370003,97.410004,97.349998,97.404999,42885
2026-07-08 17:50:00+00:00,97.400002,97.400002,97.349998,97.375000,36431
2026-07-08 17:55:00+00:00,97.379997,97.389999,97.346397,97.370003,44599
2026-07-08 18:00:00+00:00,97.349998,97.400002,97.300003,97.379997,54411
2026-07-08 18:05:00+00:00,97.370003,97.385002,97.339996,97.365601,65892
2026-07-08 18:10:00+00:00,97.360001,97.514999,97.339996,97.449997,40489
2026-07-08 18:15:00+00:00,97.440002,97.440002,97.309998,97.339996,93451
2026-07-08 18:20:00+00:00,97.339996,97.459999,97.339996,97.445000,58180
2026-07-08 18:25:00+00:00,97.449997,97.519997,97.400002,97.419998,50732
2026-07-08 18:30:00+00:00,97.415001,97.470001,97.375000,97.430000,48050
2026-07-08 18:35:00+00:00,97.430000,97.430000,97.364998,97.400002,40094
2026-07-08 18:40:00+00:00,97.389999,97.389999,97.300003,97.370003,67799
2026-07-08 18:45:00+00:00,97.376404,97.389999,97.320000,97.370003,46734
2026-07-08 18:50:00+00:00,97.370003,97.379997,97.305000,97.330002,75025
2026-07-08 18:55:00+00:00,97.330101,97.510002,97.305000,97.440201,123799
2026-07-08 19:00:00+00:00,97.440002,97.489998,97.199997,97.370003,181004
2026-07-08 19:05:00+00:00,97.370003,97.410004,97.275002,97.355003,181021
2026-07-08 19:10:00+00:00,97.370003,97.370003,97.120003,97.199997,192256
2026-07-08 19:15:00+00:00,97.199997,97.300102,97.154999,97.250000,55567
2026-07-08 19:20:00+00:00,97.260002,97.360001,97.180000,97.245003,137535
2026-07-08 19:25:00+00:00,97.247200,97.300003,97.180000,97.190002,56753
2026-07-08 19:30:00+00:00,97.190002,97.220001,97.029999,97.029999,91869
2026-07-08 19:35:00+00:00,97.025002,97.099998,96.949997,97.029999,111857
2026-07-08 19:40:00+00:00,97.019997,97.125000,97.019997,97.099998,119178
2026-07-08 19:45:00+00:00,97.089996,97.099998,96.879997,97.010002,144827
2026-07-08 19:50:00+00:00,97.040001,97.040100,96.879997,96.945000,171400
2026-07-08 19:55:00+00:00,96.970001,96.970001,96.690002,96.699997,529053
2026-07-09 13:30:00+00:00,96.339996,96.550003,95.500000,95.510002,387412
2026-07-09 13:35:00+00:00,95.500000,95.500000,94.779999,94.955002,291866
2026-07-09 13:40:00+00:00,94.986458,95.209999,94.919998,95.099998,126105
2026-07-09 13:45:00+00:00,95.080002,95.379997,94.949997,95.300003,175382
2026-07-09 13:50:00+00:00,95.324997,95.360001,95.025002,95.139999,155332
2026-07-09 13:55:00+00:00,95.129997,95.150002,94.959999,95.029999,162759
2026-07-09 14:00:00+00:00,95.059998,95.180000,95.019997,95.169998,115101
2026-07-09 14:05:00+00:00,95.169998,95.379997,95.020103,95.279999,182623
2026-07-09 14:10:00+00:00,95.279999,95.440002,95.180000,95.312500,144007
2026-07-09 14:15:00+00:00,95.300003,95.330002,95.099998,95.160004,112585
2026-07-09 14:20:00+00:00,95.150002,95.485001,95.110001,95.375000,289090
2026-07-09 14:25:00+00:00,95.389999,95.629997,95.320000,95.620003,105699
2026-07-09 14:30:00+00:00,95.614998,95.769897,95.480003,95.584999,160613
2026-07-09 14:35:00+00:00,95.589996,95.739998,95.580002,95.739998,84163
2026-07-09 14:40:00+00:00,95.745003,95.769997,95.550003,95.565002,53602
2026-07-09 14:45:00+00:00,95.550003,95.664299,95.500000,95.510002,57927
2026-07-09 14:50:00+00:00,95.525002,95.650002,95.500000,95.639999,196819
2026-07-09 14:55:00+00:00,95.635002,95.849998,95.629997,95.839996,92155
2026-07-09 15:00:00+00:00,95.839996,96.010002,95.800003,95.910004,103823
2026-07-09 15:05:00+00:00,95.900002,95.945000,95.779999,95.815002,63955
2026-07-09 15:10:00+00:00,95.839996,96.035004,95.690002,95.970001,157404
2026-07-09 15:15:00+00:00,95.989998,96.010002,95.794998,95.937233,110812
2026-07-09 15:20:00+00:00,95.919998,95.930000,95.824997,95.864998,57510
2026-07-09 15:25:00+00:00,95.860001,95.940002,95.834999,95.839996,98121
2026-07-09 15:30:00+00:00,95.830002,95.849998,95.779999,95.785004,47129
2026-07-09 15:35:00+00:00,95.800003,95.959999,95.770103,95.949997,109789
2026-07-09 15:40:00+00:00,95.940102,96.059998,95.889999,96.040001,90331
2026-07-09 15:45:00+00:00,96.040001,96.110001,96.040001,96.089996,64262
2026-07-09 15:50:00+00:00,96.089996,96.180000,96.019997,96.099998,55913
2026-07-09 15:55:00+00:00,96.099998,96.184998,96.089996,96.129997,58221
2026-07-09 16:00:00+00:00,96.139999,96.279999,96.129997,96.279999,82957
2026-07-09 16:05:00+00:00,96.279999,96.339996,96.199997,96.199997,51905
2026-07-09 16:10:00+00:00,96.209999,96.410004,96.205002,96.389999,105115
2026-07-09 16:15:00+00:00,96.410004,96.425598,96.269997,96.290001,53744
2026-07-09 16:20:00+00:00,96.290001,96.440002,96.279999,96.375000,65791
2026-07-09 16:25:00+00:00,96.370003,96.470001,96.287498,96.400002,263579
2026-07-09 16:30:00+00:00,96.400002,96.459999,96.330002,96.389999,67644
2026-07-09 16:35:00+00:00,96.389999,96.480003,96.339996,96.459999,47040
2026-07-09 16:40:00+00:00,96.470001,96.514999,96.430099,96.500000,65048
2026-07-09 16:45:00+00:00,96.500000,96.509903,96.385002,96.430000,56487
2026-07-09 16:50:00+00:00,96.419998,96.419998,96.339996,96.355003,42279
2026-07-09 16:55:00+00:00,96.355003,96.360001,96.309998,96.347397,47156
2026-07-09 17:00:00+00:00,96.345001,96.394997,96.300003,96.320000,58522
2026-07-09 17:05:00+00:00,96.324997,96.339996,96.260002,96.300003,45582
2026-07-09 17:10:00+00:00,96.290001,96.339996,96.180000,96.205002,46557
2026-07-09 17:15:00+00:00,96.205002,96.269997,96.180000,96.254997,64327
2026-07-09 17:20:00+00:00,96.260002,96.260002,96.160004,96.165001,45754
2026-07-09 17:25:00+00:00,96.169998,96.264999,96.165001,96.260002,53503
2026-07-09 17:30:00+00:00,96.250000,96.330002,96.190002,96.250000,83548
2026-07-09 17:35:00+00:00,96.250099,96.260002,96.130096,96.144997,61454
2026-07-09 17:40:00+00:00,96.139999,96.209999,96.099998,96.199997,43362
2026-07-09 17:45:00+00:00,96.209999,96.220001,96.175003,96.195000,49053
2026-07-09 17:50:00+00:00,96.190002,96.209999,96.165001,96.199997,37767
2026-07-09 17:55:00+00:00,96.190002,96.235001,96.160004,96.195000,48308
2026-07-09 18:00:00+00:00,96.190002,96.209999,96.120003,96.129997,75377
2026-07-09 18:05:00+00:00,96.125000,96.125000,95.820000,95.834999,146434
2026-07-09 18:10:00+00:00,95.830002,95.989998,95.809998,95.970001,58941
2026-07-09 18:15:00+00:00,95.970001,96.050003,95.970001,95.985001,1161558
2026-07-09 18:20:00+00:00,95.985001,96.000000,95.870003,95.889999,44287
2026-07-09 18:25:00+00:00,95.879997,95.919998,95.860001,95.879997,68487
2026-07-09 18:30:00+00:00,95.879997,95.879997,95.739998,95.794998,66451
2026-07-09 18:35:00+00:00,95.790001,95.820000,95.779999,95.790001,66195
2026-07-09 18:40:00+00:00,95.779999,95.885002,95.779999,95.850098,79139
2026-07-09 18:45:00+00:00,95.849998,95.870003,95.750000,95.800003,71094
2026-07-09 18:50:00+00:00,95.809998,95.848396,95.739998,95.820000,61131
2026-07-09 18:55:00+00:00,95.824997,95.870003,95.769997,95.790001,60336
2026-07-09 19:00:00+00:00,95.800003,95.864998,95.790001,95.849998,63767
2026-07-09 19:05:00+00:00,95.860001,95.860001,95.790001,95.815002,54024
2026-07-09 19:10:00+00:00,95.815002,95.845001,95.720001,95.750000,91338
2026-07-09 19:15:00+00:00,95.750000,95.800003,95.680000,95.690002,77590
2026-07-09 19:20:00+00:00,95.690002,95.739998,95.669998,95.705002,68141
2026-07-09 19:25:00+00:00,95.705002,95.735001,95.675003,95.730003,87361
2026-07-09 19:30:00+00:00,95.730003,95.879997,95.720001,95.870003,106810
2026-07-09 19:35:00+00:00,95.870003,95.989998,95.830002,95.989998,103047
2026-07-09 19:40:00+00:00,95.997803,96.070000,95.989998,96.050003,109849
2026-07-09 19:45:00+00:00,96.029999,96.120003,96.000000,96.074997,246246
2026-07-09 19:50:00+00:00,96.059998,96.139999,95.844803,96.029999,167652
2026-07-09 19:55:00+00:00,96.050003,96.169998,96.010002,96.165001,579056
2026-07-10 13:30:00+00:00,96.889999,97.050003,96.199997,96.410004,348190
2026-07-10 13:35:00+00:00,96.478104,96.934998,96.400002,96.800003,200237
2026-07-10 13:40:00+00:00,96.830002,96.949997,96.620003,96.889999,124851
2026-07-10 13:45:00+00:00,96.885002,96.889999,96.300003,96.309998,125826
2026-07-10 13:50:00+00:00,96.309998,96.309998,96.070000,96.169998,207452
2026-07-10 13:55:00+00:00,96.160004,96.529999,96.120003,96.425003,101819
2026-07-10 14:00:00+00:00,96.425003,96.464996,95.930000,96.120003,163319
2026-07-10 14:05:00+00:00,96.129997,96.279999,96.074997,96.080002,86034
2026-07-10 14:10:00+00:00,96.080002,96.150002,95.879997,95.889999,158644
2026-07-10 14:15:00+00:00,95.889999,96.209999,95.809998,96.209999,169592
2026-07-10 14:20:00+00:00,96.209999,96.355003,96.105003,96.105003,113814
2026-07-10 14:25:00+00:00,96.120003,96.250000,96.110001,96.175003,123597
2026-07-10 14:30:00+00:00,96.160004,96.239998,95.599998,95.940002,197527
2026-07-10 14:35:00+00:00,95.959999,96.084999,95.879997,96.077797,124920
2026-07-10 14:40:00+00:00,96.070000,96.250000,96.029999,96.230003,74587
2026-07-10 14:45:00+00:00,96.239998,96.290001,96.139999,96.150002,69132
2026-07-10 14:50:00+00:00,96.160004,96.254997,96.090103,96.160004,63132
2026-07-10 14:55:00+00:00,96.150002,96.239998,96.110001,96.239998,68134
2026-07-10 15:00:00+00:00,96.239998,96.250000,96.075996,96.099998,70148
2026-07-10 15:05:00+00:00,96.099998,96.209999,96.080002,96.182800,50984
2026-07-10 15:10:00+00:00,96.190002,96.190002,96.110001,96.165001,52952
2026-07-10 15:15:00+00:00,96.160301,96.250000,96.080002,96.209999,63505
2026-07-10 15:20:00+00:00,96.199997,96.230003,96.150002,96.220001,57095
2026-07-10 15:25:00+00:00,96.205002,96.320000,96.084999,96.154999,96686
2026-07-10 15:30:00+00:00,96.154999,96.169998,96.099998,96.120216,81971
2026-07-10 15:35:00+00:00,96.125366,96.220001,95.980003,96.004997,89495
2026-07-10 15:40:00+00:00,96.010002,96.089996,95.974998,96.059998,227331
2026-07-10 15:45:00+00:00,96.059998,96.059998,95.949997,95.974998,47694
2026-07-10 15:50:00+00:00,95.980003,96.080002,95.974998,96.080002,43048
2026-07-10 15:55:00+00:00,96.080002,96.109901,95.980003,95.985001,58961
2026-07-10 16:00:00+00:00,95.980003,95.989998,95.930000,95.949997,105984
2026-07-10 16:05:00+00:00,95.934998,95.945000,95.876137,95.934998,66649
2026-07-10 16:10:00+00:00,95.934998,96.000000,95.912498,96.000000,37392
2026-07-10 16:15:00+00:00,95.996498,96.004997,95.849998,95.849998,47093
2026-07-10 16:20:00+00:00,95.855003,95.855003,95.760002,95.830002,59312
2026-07-10 16:25:00+00:00,95.839996,95.860001,95.760002,95.769997,58174
2026-07-10 16:30:00+00:00,95.769997,95.845001,95.750000,95.805000,68576
2026-07-10 16:35:00+00:00,95.805000,95.834999,95.769997,95.805000,51027
2026-07-10 16:40:00+00:00,95.809998,95.824997,95.720001,95.754997,61458
2026-07-10 16:45:00+00:00,95.754997,95.785004,95.724998,95.769997,40749
2026-07-10 16:50:00+00:00,95.769997,95.870003,95.764999,95.864998,51644
2026-07-10 16:55:00+00:00,95.870003,95.930000,95.870003,95.900002,65629
2026-07-10 17:00:00+00:00,95.904999,95.910004,95.864998,95.894997,53932
2026-07-10 17:05:00+00:00,95.900002,95.959999,95.870003,95.894997,53969
2026-07-10 17:10:00+00:00,95.900002,95.930000,95.849998,95.930000,81460
2026-07-10 17:15:00+00:00,95.925003,95.969398,95.867203,95.885002,60459
2026-07-10 17:20:00+00:00,95.889999,95.889999,95.790001,95.790001,62557
2026-07-10 17:25:00+00:00,95.779999,95.809998,95.735001,95.764999,53686
2026-07-10 17:30:00+00:00,95.764999,95.769997,95.730003,95.754997,53029
2026-07-10 17:35:00+00:00,95.760002,95.760002,95.699997,95.735001,47287
2026-07-10 17:40:00+00:00,95.735001,95.860001,95.730003,95.830002,80317
2026-07-10 17:45:00+00:00,95.834297,96.000000,95.834297,95.925003,65848
2026-07-10 17:50:00+00:00,95.925003,95.925003,95.842499,95.879997,60813
2026-07-10 17:55:00+00:00,95.879997,95.989998,95.875000,95.945000,63438
2026-07-10 18:00:00+00:00,95.945000,95.974998,95.930000,95.940002,51105
2026-07-10 18:05:00+00:00,95.934998,96.059998,95.930099,96.055000,62108
2026-07-10 18:10:00+00:00,96.055000,96.089996,96.050003,96.065002,50545
2026-07-10 18:15:00+00:00,96.065002,96.099998,96.050003,96.070000,73836
2026-07-10 18:20:00+00:00,96.059998,96.089996,96.055000,96.065002,45144
2026-07-10 18:25:00+00:00,96.070000,96.129997,96.029999,96.129997,106901
2026-07-10 18:30:00+00:00,96.129997,96.190002,95.949997,95.959999,186150
2026-07-10 18:35:00+00:00,95.949997,96.084999,95.949997,96.010002,68879
2026-07-10 18:40:00+00:00,96.005516,96.080002,96.000000,96.080002,71102
2026-07-10 18:45:00+00:00,96.074997,96.139999,96.050003,96.074997,123975
2026-07-10 18:50:00+00:00,96.074997,96.080002,96.029999,96.044998,48342
2026-07-10 18:55:00+00:00,96.044998,96.139999,96.025002,96.139999,95733
2026-07-10 19:00:00+00:00,96.139999,96.160004,96.080002,96.099998,116444
2026-07-10 19:05:00+00:00,96.105003,96.190002,96.074997,96.190002,88712
2026-07-10 19:10:00+00:00,96.190002,96.269997,96.190002,96.214996,75646
2026-07-10 19:15:00+00:00,96.220001,96.239998,96.160202,96.180000,93240
2026-07-10 19:20:00+00:00,96.169998,96.175003,95.925003,95.925003,141974
2026-07-10 19:25:00+00:00,95.930000,95.934998,95.860001,95.879997,104038
2026-07-10 19:30:00+00:00,95.870003,95.870003,95.779999,95.794998,125453
2026-07-10 19:35:00+00:00,95.794998,95.830002,95.720001,95.739998,160310
2026-07-10 19:40:00+00:00,95.735001,95.750000,95.650002,95.680000,264161
2026-07-10 19:45:00+00:00,95.660004,95.750000,95.620003,95.654999,249419
2026-07-10 19:50:00+00:00,95.660004,95.720001,95.580002,95.629997,254163
2026-07-10 19:55:00+00:00,95.639999,95.680000,95.519997,95.620003,853211
2026-07-13 13:30:00+00:00,96.099998,97.199997,96.010002,96.849998,607839
2026-07-13 13:35:00+00:00,96.889999,97.080002,96.724998,96.919998,199065
2026-07-13 13:40:00+00:00,96.919998,97.065002,96.720001,96.885002,158518
2026-07-13 13:45:00+00:00,96.860001,97.010002,96.595001,96.595001,197096
2026-07-13 13:50:00+00:00,96.595001,97.120003,96.555000,97.120003,200361
2026-07-13 13:55:00+00:00,97.110001,97.199997,96.995003,97.129997,159112
2026-07-13 14:00:00+00:00,97.125000,97.389999,97.019997,97.300003,267141
2026-07-13 14:05:00+00:00,97.309998,97.430000,97.099998,97.231201,132772
2026-07-13 14:10:00+00:00,97.245003,97.540001,97.150002,97.400002,123729
2026-07-13 14:15:00+00:00,97.389999,97.490097,97.074997,97.385002,177808
2026-07-13 14:20:00+00:00,97.385002,97.419998,97.180000,97.239998,88874
2026-07-13 14:25:00+00:00,97.230003,97.269997,97.099998,97.120003,49571
2026-07-13 14:30:00+00:00,97.099998,97.180000,96.930000,97.010002,63663
2026-07-13 14:35:00+00:00,97.019997,97.105003,96.959999,96.974998,53185
2026-07-13 14:40:00+00:00,96.970001,97.169998,96.930000,97.019997,56486
2026-07-13 14:45:00+00:00,97.000000,97.040001,96.949997,97.014999,55994
2026-07-13 14:50:00+00:00,97.029999,97.184998,96.955002,97.184998,42590
2026-07-13 14:55:00+00:00,97.190002,97.410004,97.144997,97.239998,106391
2026-07-13 15:00:00+00:00,97.250000,97.250000,97.120003,97.120003,68485
2026-07-13 15:05:00+00:00,97.120003,97.309998,97.110001,97.294998,69906
2026-07-13 15:10:00+00:00,97.279999,97.339996,97.135002,97.254997,63496
2026-07-13 15:15:00+00:00,97.250000,97.290001,97.180000,97.269997,42767
2026-07-13 15:20:00+00:00,97.269997,97.290001,97.095001,97.125000,53481
2026-07-13 15:25:00+00:00,97.129997,97.144997,97.014999,97.139999,71571
2026-07-13 15:30:00+00:00,97.139999,97.139999,97.030098,97.120003,86890
2026-07-13 15:35:00+00:00,97.110001,97.199997,97.110001,97.139999,38362
2026-07-13 15:40:00+00:00,97.139999,97.254997,97.110001,97.172501,77761
2026-07-13 15:45:00+00:00,97.160004,97.190903,97.139999,97.175003,38274
2026-07-13 15:50:00+00:00,97.175003,97.199997,97.139999,97.195000,55766
2026-07-13 15:55:00+00:00,97.195198,97.199997,97.125000,97.150002,51088
2026-07-13 16:00:00+00:00,97.150002,97.160004,97.050003,97.144997,47737
2026-07-13 16:05:00+00:00,97.150002,97.150002,97.056900,97.120003,52636
2026-07-13 16:10:00+00:00,97.110001,97.135002,97.059998,97.125000,45908
2026-07-13 16:15:00+00:00,97.125000,97.160004,97.029999,97.029999,67930
2026-07-13 16:20:00+00:00,97.040001,97.166298,97.010002,97.029999,51635
2026-07-13 16:25:00+00:00,97.029999,97.040001,96.557503,96.597504,126789
2026-07-13 16:30:00+00:00,96.589996,96.660004,96.150002,96.385002,193299
2026-07-13 16:35:00+00:00,96.394997,96.470001,96.315002,96.440002,108325
2026-07-13 16:40:00+00:00,96.434998,96.480003,96.290001,96.410004,136097
2026-07-13 16:45:00+00:00,96.410004,96.495003,96.245003,96.300003,171769
2026-07-13 16:50:00+00:00,96.305000,96.370003,96.190002,96.195000,96760
2026-07-13 16:55:00+00:00,96.180000,96.309998,96.175003,96.290001,69069
2026-07-13 17:00:00+00:00,96.290001,96.379997,96.290001,96.370003,53392
2026-07-13 17:05:00+00:00,96.379997,96.489998,96.379997,96.400002,53983
2026-07-13 17:10:00+00:00,96.410004,96.519997,96.389999,96.480003,73949
2026-07-13 17:15:00+00:00,96.470001,96.480003,96.349998,96.355003,40636
2026-07-13 17:20:00+00:00,96.355003,96.370003,96.290001,96.300003,63963
2026-07-13 17:25:00+00:00,96.294998,96.339996,96.050003,96.050003,106340
2026-07-13 17:30:00+00:00,96.059998,96.259903,96.035004,96.180000,91166
2026-07-13 17:35:00+00:00,96.175003,96.300003,96.150002,96.290001,136446
2026-07-13 17:40:00+00:00,96.290001,96.379997,96.239998,96.370003,50155
2026-07-13 17:45:00+00:00,96.370003,96.480003,96.362503,96.400002,56766
2026-07-13 17:50:00+00:00,96.400002,96.419998,96.260002,96.269997,43899
2026-07-13 17:55:00+00:00,96.275002,96.275002,96.150002,96.160004,67948
2026-07-13 18:00:00+00:00,96.154999,96.220001,96.100098,96.110001,68951
2026-07-13 18:05:00+00:00,96.115501,96.187500,96.050003,96.059998,55279
2026-07-13 18:10:00+00:00,96.057213,96.150002,96.010002,96.080101,63276
2026-07-13 18:15:00+00:00,96.089996,96.089996,96.029999,96.040001,42185
2026-07-13 18:20:00+00:00,96.035004,96.035004,95.940002,95.989899,79926
2026-07-13 18:25:00+00:00,95.989998,96.019997,95.945000,95.995003,84283
2026-07-13 18:30:00+00:00,96.000000,96.070000,95.989998,96.019997,51080
2026-07-13 18:35:00+00:00,96.040001,96.099998,95.959999,96.074997,72674
2026-07-13 18:40:00+00:00,96.059998,96.180000,96.050003,96.154999,52846
2026-07-13 18:45:00+00:00,96.160004,96.169998,96.035004,96.065002,58831
2026-07-13 18:50:00+00:00,96.065002,96.150002,96.050003,96.120003,51638
2026-07-13 18:55:00+00:00,96.114998,96.154999,96.089996,96.099998,62590
2026-07-13 19:00:00+00:00,96.095100,96.129997,96.035004,96.070000,75808
2026-07-13 19:05:00+00:00,96.080002,96.120003,96.040001,96.114998,81846
2026-07-13 19:10:00+00:00,96.110001,96.199997,96.099998,96.160004,132651
2026-07-13 19:15:00+00:00,96.153297,96.230003,96.129997,96.144997,92573
2026-07-13 19:20:00+00:00,96.139999,96.220001,96.099998,96.144997,77834
2026-07-13 19:25:00+00:00,96.139999,96.150002,96.010002,96.029999,80479
2026-07-13 19:30:00+00:00,96.029999,96.069801,95.940002,95.995003,128924
2026-07-13 19:35:00+00:00,95.991302,96.084999,95.974998,96.080002,104733
2026-07-13 19:40:00+00:00,96.084396,96.125000,96.054337,96.070000,82188
2026-07-13 19:45:00+00:00,96.059998,96.120003,96.014130,96.051323,124724
2026-07-13 19:50:00+00:00,96.070000,96.070000,95.839996,95.870003,176784
2026-07-13 19:55:00+00:00,95.879997,96.010002,95.824997,96.010002,521511
2026-07-14 13:30:00+00:00,95.510002,95.949997,95.129997,95.889999,341639
2026-07-14 13:35:00+00:00,95.879997,95.879997,95.480003,95.550003,143929
2026-07-14 13:40:00+00:00,95.565002,95.709999,95.389999,95.389999,150253
2026-07-14 13:45:00+00:00,95.394997,95.739998,95.230003,95.739998,156686
2026-07-14 13:50:00+00:00,95.750000,95.790001,95.555000,95.658699,69126
2026-07-14 13:55:00+00:00,95.675003,95.720001,95.529999,95.550003,54569
2026-07-14 14:00:00+00:00,95.544998,95.559998,95.430000,95.434998,126832
2026-07-14 14:05:00+00:00,95.419998,95.580002,95.349998,95.529999,88970
2026-07-14 14:10:00+00:00,95.519997,95.519997,95.245003,95.319901,87277
2026-07-14 14:15:00+00:00,95.320000,95.468597,95.129997,95.430000,71486
2026-07-14 14:20:00+00:00,95.440002,95.480003,95.339996,95.480003,52518
2026-07-14 14:25:00+00:00,95.489998,95.599998,95.419998,95.529999,80998
2026-07-14 14:30:00+00:00,95.519997,95.739998,95.440002,95.580002,144997
2026-07-14 14:35:00+00:00,95.589996,95.614998,95.480003,95.561203,108939
2026-07-14 14:40:00+00:00,95.589996,95.680000,95.519997,95.519997,73809
2026-07-14 14:45:00+00:00,95.529999,95.644997,95.529999,95.644997,42416
2026-07-14 14:50:00+00:00,95.639999,95.779999,95.559998,95.769997,48254
2026-07-14 14:55:00+00:00,95.769997,95.855003,95.730003,95.855003,77437
2026-07-14 15:00:00+00:00,95.855003,96.059998,95.699997,95.989998,101163
2026-07-14 15:05:00+00:00,95.980003,96.050003,95.945000,96.010002,110146
2026-07-14 15:10:00+00:00,96.019997,96.070000,95.910004,95.919998,86927
2026-07-14 15:15:00+00:00,95.910004,95.910004,95.760002,95.769997,42953
2026-07-14 15:20:00+00:00,95.760101,95.839996,95.735001,95.830002,42635
2026-07-14 15:25:00+00:00,95.824997,95.944397,95.815002,95.944397,46316
2026-07-14 15:30:00+00:00,95.949997,96.010002,95.894997,96.004997,63094
2026-07-14 15:35:00+00:00,96.004997,96.029999,95.900002,95.959999,49238
2026-07-14 15:40:00+00:00,95.959999,96.029999,95.849998,96.019997,54147
2026-07-14 15:45:00+00:00,96.010002,96.080002,95.985001,96.000000,53406
2026-07-14 15:50:00+00:00,96.014999,96.050003,95.930000,96.014999,44053
2026-07-14 15:55:00+00:00,96.010002,96.010002,95.930000,95.955101,39012
2026-07-14 16:00:00+00:00,95.952499,96.055000,95.879997,96.044998,72119
2026-07-14 16:05:00+00:00,96.044998,96.169998,96.029999,96.150002,96172
2026-07-14 16:10:00+00:00,96.150002,96.315002,96.099998,96.300003,76120
2026-07-14 16:15:00+00:00,96.300003,96.434998,96.269997,96.320000,72297
2026-07-14 16:20:00+00:00,96.309998,96.394997,96.269997,96.370003,65800
2026-07-14 16:25:00+00:00,96.370003,96.445000,96.355003,96.389000,38143
2026-07-14 16:30:00+00:00,96.394997,96.480003,96.382401,96.410004,59711
2026-07-14 16:35:00+00:00,96.419998,96.469803,96.419998,96.445000,40356
2026-07-14 16:40:00+00:00,96.440002,96.474998,96.389999,96.410004,45209
2026-07-14 16:45:00+00:00,96.410004,96.415001,96.330002,96.360001,43007
2026-07-14 16:50:00+00:00,96.355003,96.459999,96.309998,96.459999,74279
2026-07-14 16:55:00+00:00,96.455002,96.510002,96.430000,96.459900,62458
2026-07-14 17:00:00+00:00,96.459999,96.525002,96.410004,96.434998,72157
2026-07-14 17:05:00+00:00,96.430000,96.430000,96.359703,96.379997,38139
2026-07-14 17:10:00+00:00,96.389999,96.480003,96.389999,96.470001,42213
2026-07-14 17:15:00+00:00,96.474998,96.555000,96.449997,96.504997,58547
2026-07-14 17:20:00+00:00,96.507301,96.669998,96.489998,96.665001,40656
2026-07-14 17:25:00+00:00,96.665001,96.684998,96.599998,96.635002,35079
2026-07-14 17:30:00+00:00,96.629997,96.650002,96.550003,96.550003,44876
2026-07-14 17:35:00+00:00,96.550003,96.580002,96.500000,96.555000,45078
2026-07-14 17:40:00+00:00,96.559998,96.635002,96.529999,96.629997,44105
2026-07-14 17:45:00+00:00,96.625000,96.639999,96.525002,96.525002,45775
2026-07-14 17:50:00+00:00,96.519997,96.544998,96.464996,96.529999,36320
2026-07-14 17:55:00+00:00,96.529999,96.570000,96.510002,96.569702,49003
2026-07-14 18:00:00+00:00,96.550003,96.568497,96.449997,96.568497,50938
2026-07-14 18:05:00+00:00,96.565002,96.574997,96.485001,96.485001,47785
2026-07-14 18:10:00+00:00,96.485001,96.510002,96.434998,96.504997,57006
2026-07-14 18:15:00+00:00,96.504997,96.565002,96.495003,96.565002,45449
2026-07-14 18:20:00+00:00,96.561501,96.589996,96.510002,96.529999,44558
2026-07-14 18:25:00+00:00,96.519997,96.565002,96.455002,96.470001,83860
2026-07-14 18:30:00+00:00,96.470001,96.580002,96.410004,96.559998,113539
2026-07-14 18:35:00+00:00,96.574997,96.635002,96.489998,96.519997,51330
2026-07-14 18:40:00+00:00,96.519997,96.519997,96.440002,96.470001,44048
2026-07-14 18:45:00+00:00,96.470001,96.497162,96.400002,96.472298,54148
2026-07-14 18:50:00+00:00,96.470001,96.470001,96.419998,96.425003,35599
2026-07-14 18:55:00+00:00,96.425003,96.425102,96.379997,96.385002,54607
2026-07-14 19:00:00+00:00,96.379997,96.425003,96.364998,96.425003,44785
2026-07-14 19:05:00+00:00,96.425003,96.459999,96.394997,96.440002,53236
2026-07-14 19:10:00+00:00,96.430099,96.455101,96.379997,96.449997,47808
2026-07-14 19:15:00+00:00,96.449997,96.449997,96.375000,96.394997,51393
2026-07-14 19:20:00+00:00,96.395103,96.395103,96.285004,96.339996,63217
2026-07-14 19:25:00+00:00,96.339996,96.415001,96.339996,96.355003,73408
2026-07-14 19:30:00+00:00,96.349998,96.349998,96.089996,96.099998,99440
2026-07-14 19:35:00+00:00,96.089996,96.089996,95.940002,95.959999,98809
2026-07-14 19:40:00+00:00,95.955002,95.980003,95.875000,95.889999,83049
2026-07-14 19:45:00+00:00,95.879997,95.980003,95.870003,95.980003,170571
2026-07-14 19:50:00+00:00,95.980003,96.010002,95.680000,95.754997,201864
2026-07-14 19:55:00+00:00,95.760002,95.989998,95.760002,95.870003,568739
2026-07-15 13:30:00+00:00,96.099998,96.870003,96.099998,96.680000,340379
2026-07-15 13:35:00+00:00,96.720001,96.745003,96.459999,96.570000,70776
2026-07-15 13:40:00+00:00,96.557915,96.720001,96.459999,96.500000,92251
2026-07-15 13:45:00+00:00,96.529999,96.769997,96.440002,96.639999,63513
2026-07-15 13:50:00+00:00,96.639999,96.989899,96.570000,96.769997,74520
2026-07-15 13:55:00+00:00,96.775002,96.964996,96.739998,96.855003,145260
2026-07-15 14:00:00+00:00,96.900002,97.180000,96.849998,97.180000,94055
2026-07-15 14:05:00+00:00,97.190002,97.330002,97.070000,97.230003,90846
2026-07-15 14:10:00+00:00,97.230003,97.299896,97.180000,97.260002,50796
2026-07-15 14:15:00+00:00,97.260002,97.550003,97.260002,97.550003,74597
2026-07-15 14:20:00+00:00,97.540802,97.799896,97.540802,97.779999,78042
2026-07-15 14:25:00+00:00,97.779999,97.900002,97.724998,97.730003,103643
2026-07-15 14:30:00+00:00,97.739998,97.775002,97.550003,97.570000,110733
2026-07-15 14:35:00+00:00,97.574997,97.730003,97.574997,97.712502,68110
2026-07-15 14:40:00+00:00,97.705002,97.764999,97.455002,97.459999,59536
2026-07-15 14:45:00+00:00,97.440002,97.440002,97.184998,97.197998,72952
2026-07-15 14:50:00+00:00,97.184998,97.300003,97.150002,97.150002,52157
2026-07-15 14:55:00+00:00,97.129997,97.290001,97.110001,97.239998,49977
2026-07-15 15:00:00+00:00,97.250000,97.376106,97.220001,97.268097,45098
2026-07-15 15:05:00+00:00,97.275002,97.309998,97.199997,97.260002,52836
2026-07-15 15:10:00+00:00,97.260002,97.370003,97.250000,97.260002,60532
2026-07-15 15:15:00+00:00,97.260002,97.379997,97.250000,97.320000,60996
2026-07-15 15:20:00+00:00,97.330002,97.410004,97.309998,97.330002,70484
2026-07-15 15:25:00+00:00,97.330101,97.470001,97.305000,97.389999,69251
2026-07-15 15:30:00+00:00,97.379997,97.485001,97.375000,97.480003,91456
2026-07-15 15:35:00+00:00,97.474998,97.529999,97.400002,97.500000,90066
2026-07-15 15:40:00+00:00,97.504997,97.614998,97.500000,97.550003,88142
2026-07-15 15:45:00+00:00,97.550003,97.614998,97.425003,97.430000,57200
2026-07-15 15:50:00+00:00,97.449997,97.510002,97.425003,97.430000,74025
2026-07-15 15:55:00+00:00,97.430000,97.430000,97.300003,97.360001,67192
2026-07-15 16:00:00+00:00,97.370003,97.389999,97.224998,97.264999,62501
2026-07-15 16:05:00+00:00,97.264999,97.355003,97.250000,97.330002,58596
2026-07-15 16:10:00+00:00,97.330002,97.529999,97.320000,97.440002,60208
2026-07-15 16:15:00+00:00,97.419998,97.425003,97.285004,97.290001,53732
2026-07-15 16:20:00+00:00,97.300003,97.349998,97.197502,97.330002,58291
2026-07-15 16:25:00+00:00,97.324997,97.389999,97.300102,97.330002,45620
2026-07-15 16:30:00+00:00,97.320000,97.410004,97.285004,97.400002,57326
2026-07-15 16:35:00+00:00,97.410004,97.459999,97.349998,97.440002,71541
2026-07-15 16:40:00+00:00,97.449997,97.449997,97.300003,97.415001,91989
2026-07-15 16:45:00+00:00,97.419998,97.739998,97.379997,97.709999,113404
2026-07-15 16:50:00+00:00,97.720001,97.760002,97.495003,97.544197,79801
2026-07-15 16:55:00+00:00,97.555000,97.730003,97.550003,97.720001,42218
2026-07-15 17:00:00+00:00,97.739998,97.820000,97.699997,97.730003,70900
2026-07-15 17:05:00+00:00,97.730003,97.760002,97.660103,97.690002,60455
2026-07-15 17:10:00+00:00,97.680000,97.760002,97.574997,97.589996,84373
2026-07-15 17:15:00+00:00,97.589996,97.629997,97.400002,97.400002,83042
2026-07-15 17:20:00+00:00,97.410004,97.449997,96.529999,97.050003,691515
2026-07-15 17:25:00+00:00,97.000000,97.459999,96.949997,97.389999,235738
2026-07-15 17:30:00+00:00,97.400002,97.629997,97.360001,97.404999,179908
2026-07-15 17:35:00+00:00,97.419998,97.504997,97.320000,97.375000,71504
2026-07-15 17:40:00+00:00,97.379997,97.480003,97.290001,97.300003,80124
2026-07-15 17:45:00+00:00,97.300003,97.330002,97.214996,97.299500,74479
2026-07-15 17:50:00+00:00,97.290001,97.330002,97.207169,97.300003,68036
2026-07-15 17:55:00+00:00,97.320000,97.320000,97.150002,97.150002,40319
2026-07-15 18:00:00+00:00,97.162498,97.300003,97.099998,97.300003,69253
2026-07-15 18:05:00+00:00,97.290001,97.339996,97.160004,97.175003,90920
2026-07-15 18:10:00+00:00,97.180000,97.230003,97.139999,97.209999,71852
2026-07-15 18:15:00+00:00,97.209999,97.389999,97.169998,97.250900,60612
2026-07-15 18:20:00+00:00,97.254997,97.309998,97.209999,97.214996,39071
2026-07-15 18:25:00+00:00,97.209999,97.220001,97.139999,97.160004,48090
2026-07-15 18:30:00+00:00,97.159897,97.199997,97.139999,97.180000,40344
2026-07-15 18:35:00+00:00,97.180000,97.230003,97.099998,97.209999,93238
2026-07-15 18:40:00+00:00,97.209999,97.290001,97.169998,97.194199,50771
2026-07-15 18:45:00+00:00,97.190002,97.195000,97.110001,97.125000,49061
2026-07-15 18:50:00+00:00,97.129997,97.149902,97.080002,97.085098,46145
2026-07-15 18:55:00+00:00,97.089996,97.120003,97.055000,97.080002,43655
2026-07-15 19:00:00+00:00,97.089996,97.160004,97.016197,97.040001,39532
2026-07-15 19:05:00+00:00,97.029999,97.040001,96.889999,96.949997,64892
2026-07-15 19:10:00+00:00,96.949997,96.980003,96.885002,96.964996,65035
2026-07-15 19:15:00+00:00,96.959999,97.084999,96.959999,97.084999,71421
2026-07-15 19:20:00+00:00,97.080002,97.260002,97.059998,97.180000,82241
2026-07-15 19:25:00+00:00,97.170998,97.205002,97.092003,97.110001,71213
2026-07-15 19:30:00+00:00,97.105003,97.139999,97.030602,97.080002,83374
2026-07-15 19:35:00+00:00,97.080002,97.199997,97.070000,97.169998,84766
2026-07-15 19:40:00+00:00,97.166100,97.250000,97.139999,97.183701,99490
2026-07-15 19:45:00+00:00,97.190002,97.245003,97.099998,97.129997,114140
2026-07-15 19:50:00+00:00,97.139999,97.169998,97.000000,97.070000,180712
2026-07-15 19:55:00+00:00,97.080002,97.220001,97.059998,97.165001,450449
2026-07-16 13:30:00+00:00,97.275002,98.019997,97.275002,97.919998,233146
2026-07-16 13:35:00+00:00,98.017502,98.360001,97.959999,98.025002,95792
2026-07-16 13:40:00+00:00,98.041183,98.407898,97.910004,98.349998,69003
2026-07-16 13:45:00+00:00,98.309998,98.680000,98.250000,98.540001,111070
2026-07-16 13:50:00+00:00,98.570000,98.919998,98.529999,98.709999,99305
2026-07-16 13:55:00+00:00,98.730003,98.764999,98.264999,98.290001,65491
2026-07-16 14:00:00+00:00,98.300003,98.320000,98.059998,98.260002,90069
2026-07-16 14:05:00+00:00,98.300003,98.324997,97.919998,97.989998,72644
2026-07-16 14:10:00+00:00,98.019997,98.059998,97.790001,97.790001,99577
2026-07-16 14:15:00+00:00,97.775002,97.830002,97.699997,97.830002,40850
2026-07-16 14:20:00+00:00,97.855003,98.059998,97.855003,98.004997,54519
2026-07-16 14:25:00+00:00,98.010002,98.129997,97.989998,97.989998,51298
2026-07-16 14:30:00+00:00,98.010002,98.040001,97.839996,97.839996,40346
2026-07-16 14:35:00+00:00,97.879898,97.989998,97.800003,97.834999,56367
2026-07-16 14:40:00+00:00,97.849998,97.879997,97.779999,97.860001,64198
2026-07-16 14:45:00+00:00,97.860001,98.189903,97.855003,98.119003,100484
2026-07-16 14:50:00+00:00,98.129997,98.449997,98.129997,98.410004,58605
2026-07-16 14:55:00+00:00,98.404999,98.477501,98.360001,98.379997,47045
2026-07-16 15:00:00+00:00,98.379997,98.379997,98.180000,98.285103,40851
2026-07-16 15:05:00+00:00,98.330002,98.425003,98.290001,98.300003,38049
2026-07-16 15:10:00+00:00,98.309998,98.510002,98.309998,98.474998,52448
2026-07-16 15:15:00+00:00,98.470001,98.489998,98.375000,98.480003,31210
2026-07-16 15:20:00+00:00,98.459999,98.629997,98.459999,98.595001,59612
2026-07-16 15:25:00+00:00,98.599998,98.699997,98.589996,98.680000,58563
2026-07-16 15:30:00+00:00,98.690002,98.760002,98.635002,98.709999,61222
2026-07-16 15:35:00+00:00,98.742500,98.845001,98.735001,98.834999,54939
2026-07-16 15:40:00+00:00,98.834999,99.050003,98.834999,99.000000,116242
2026-07-16 15:45:00+00:00,99.000000,99.029999,98.779999,98.790001,74891
2026-07-16 15:50:00+00:00,98.790001,98.900002,98.669998,98.680000,28391
2026-07-16 15:55:00+00:00,98.670197,98.680000,98.540001,98.570000,55171
2026-07-16 16:00:00+00:00,98.570000,98.570000,98.379997,98.459999,54858
2026-07-16 16:05:00+00:00,98.455002,98.709999,98.455002,98.699997,66782
2026-07-16 16:10:00+00:00,98.690002,98.745003,98.629997,98.724998,35279
2026-07-16 16:15:00+00:00,98.730003,98.779999,98.650002,98.684402,32416
2026-07-16 16:20:00+00:00,98.705002,98.769997,98.650002,98.734001,32467
2026-07-16 16:25:00+00:00,98.720001,98.750000,98.699997,98.730003,27365
2026-07-16 16:30:00+00:00,98.750000,98.900002,98.750000,98.900002,52280
2026-07-16 16:35:00+00:00,98.910004,99.000000,98.910004,98.970001,37148
2026-07-16 16:40:00+00:00,98.940002,98.960098,98.864998,98.915001,28767
2026-07-16 16:45:00+00:00,98.919998,98.955002,98.870003,98.955002,42202
2026-07-16 16:50:00+00:00,98.970001,99.080002,98.860001,99.080002,38314
2026-07-16 16:55:00+00:00,99.070000,99.089996,98.940002,99.004997,59480
2026-07-16 17:00:00+00:00,98.989998,99.025002,98.930000,98.959999,26484
2026-07-16 17:05:00+00:00,98.959999,99.070000,98.930000,98.934998,45755
2026-07-16 17:10:00+00:00,98.937103,98.937103,98.850098,98.910004,41011
2026-07-16 17:15:00+00:00,98.910103,98.964996,98.900002,98.930000,20529
2026-07-16 17:20:00+00:00,98.934998,98.980003,98.830002,98.830002,36872
2026-07-16 17:25:00+00:00,98.839996,98.949997,98.830002,98.894997,42723
2026-07-16 17:30:00+00:00,98.879997,99.019997,98.870003,98.940002,44441
2026-07-16 17:35:00+00:00,98.940002,98.980003,98.879997,98.940102,42321
2026-07-16 17:40:00+00:00,98.934998,99.000000,98.915001,98.985001,33591
2026-07-16 17:45:00+00:00,98.999901,98.999901,98.930000,98.949997,68008
2026-07-16 17:50:00+00:00,98.949997,99.070000,98.945000,98.970001,57035
2026-07-16 17:55:00+00:00,98.970001,99.011002,98.900002,98.949997,84533
2026-07-16 18:00:00+00:00,98.970001,98.975098,98.904999,98.904999,46822
2026-07-16 18:05:00+00:00,98.889999,98.959999,98.779999,98.860001,63982
2026-07-16 18:10:00+00:00,98.855003,98.964996,98.820000,98.955002,55367
2026-07-16 18:15:00+00:00,98.949997,98.980003,98.875000,98.938904,33784
2026-07-16 18:20:00+00:00,98.940002,99.040001,98.930000,98.964996,35886
2026-07-16 18:25:00+00:00,98.959999,99.019997,98.930000,99.019997,36263
2026-07-16 18:30:00+00:00,99.010002,99.114998,99.010002,99.070000,50984
2026-07-16 18:35:00+00:00,99.074997,99.095100,99.008003,99.040001,37084
2026-07-16 18:40:00+00:00,99.040001,99.139999,99.029999,99.089996,109641
2026-07-16 18:45:00+00:00,99.070000,99.209999,99.055000,99.160004,79919
2026-07-16 18:50:00+00:00,99.161499,99.205002,99.150002,99.160103,36300
2026-07-16 18:55:00+00:00,99.180000,99.269997,99.180000,99.250000,60521
2026-07-16 19:00:00+00:00,99.260002,99.260002,99.139999,99.209999,36781
2026-07-16 19:05:00+00:00,99.212502,99.250000,99.184998,99.214996,40503
2026-07-16 19:10:00+00:00,99.214996,99.269997,99.195000,99.250000,112407
2026-07-16 19:15:00+00:00,99.239998,99.309998,99.120003,99.150002,131026
2026-07-16 19:20:00+00:00,99.160004,99.389999,99.139999,99.345100,90701
2026-07-16 19:25:00+00:00,99.341400,99.400002,99.220001,99.220001,63276
2026-07-16 19:30:00+00:00,99.220001,99.260002,99.019997,99.129997,226682
2026-07-16 19:35:00+00:00,99.135002,99.165001,99.059998,99.120003,168068
2026-07-16 19:40:00+00:00,99.129997,99.209999,99.129997,99.169998,90469
2026-07-16 19:45:00+00:00,99.169998,99.349998,99.139999,99.349998,140882
2026-07-16 19:50:00+00:00,99.360001,99.720001,99.150002,99.709999,309893
2026-07-16 19:55:00+00:00,99.709999,99.845001,99.629997,99.739998,775865
2026-07-17 13:30:00+00:00,99.004997,99.180000,98.510002,99.099998,846781
2026-07-17 13:35:00+00:00,99.089996,99.610001,99.080002,99.500000,243587
2026-07-17 13:40:00+00:00,99.480003,99.790001,99.181801,99.379997,159472
2026-07-17 13:45:00+00:00,99.410004,99.440002,99.050003,99.309998,97960
2026-07-17 13:50:00+00:00,99.320000,99.510002,99.199997,99.379997,112894
2026-07-17 13:55:00+00:00,99.349998,99.629997,99.269997,99.269997,98030
2026-07-17 14:00:00+00:00,99.300003,99.370003,98.900002,99.050003,220012
2026-07-17 14:05:00+00:00,99.059998,99.160004,98.919998,99.050003,114902
2026-07-17 14:10:00+00:00,99.080002,99.084999,98.800003,98.980003,94929
2026-07-17 14:15:00+00:00,98.980003,99.105003,98.769997,98.860001,232980
2026-07-17 14:20:00+00:00,98.864998,98.919998,98.559998,98.650002,122796
2026-07-17 14:25:00+00:00,98.610001,98.695000,98.540001,98.610001,164859
2026-07-17 14:30:00+00:00,98.594002,98.690002,98.529999,98.550003,102768
2026-07-17 14:35:00+00:00,98.559998,98.629997,98.410004,98.559998,152100
2026-07-17 14:40:00+00:00,98.599998,98.599998,98.349998,98.387497,73552
2026-07-17 14:45:00+00:00,98.364998,98.410004,98.110001,98.143997,126874
2026-07-17 14:50:00+00:00,98.129997,98.580002,98.120003,98.529999,82232
2026-07-17 14:55:00+00:00,98.550003,98.565002,98.415001,98.489998,77764
2026-07-17 15:00:00+00:00,98.510002,98.510002,98.320000,98.320000,47573
2026-07-17 15:05:00+00:00,98.309998,98.360001,98.150002,98.154999,110690
2026-07-17 15:10:00+00:00,98.154999,98.154999,97.960098,98.000000,83673
2026-07-17 15:15:00+00:00,98.019997,98.029999,97.870003,97.879997,113884
2026-07-17 15:20:00+00:00,97.900002,98.105003,97.900002,98.080002,79317
2026-07-17 15:25:00+00:00,98.083504,98.144997,97.989998,98.135002,56980
2026-07-17 15:30:00+00:00,98.150002,98.279701,98.099998,98.199997,140253
2026-07-17 15:35:00+00:00,98.190002,98.199997,97.995003,98.150002,104094
2026-07-17 15:40:00+00:00,98.154999,98.180000,98.010101,98.025002,119468
2026-07-17 15:45:00+00:00,98.029999,98.029999,97.790001,97.834999,132563
2026-07-17 15:50:00+00:00,97.834999,97.945000,97.750000,97.904999,73272
2026-07-17 15:55:00+00:00,97.904999,97.995003,97.834999,97.980003,77890
2026-07-17 16:00:00+00:00,97.985001,97.985001,97.635002,97.675003,164173
2026-07-17 16:05:00+00:00,97.680000,97.830002,97.620003,97.809998,91870
2026-07-17 16:10:00+00:00,97.800003,97.805000,97.580002,97.690002,86741
2026-07-17 16:15:00+00:00,97.680000,97.735001,97.555000,97.695000,66205
2026-07-17 16:20:00+00:00,97.690002,97.705002,97.550003,97.650002,78737
2026-07-17 16:25:00+00:00,97.654999,97.669998,97.559998,97.620003,72528
2026-07-17 16:30:00+00:00,97.610001,97.699997,97.610001,97.639999,59263
2026-07-17 16:35:00+00:00,97.639999,97.769997,97.635002,97.760002,32137
2026-07-17 16:40:00+00:00,97.760002,97.809998,97.730003,97.769997,67727
2026-07-17 16:45:00+00:00,97.760002,97.775002,97.669998,97.690002,65889
2026-07-17 16:50:00+00:00,97.699997,97.724998,97.629997,97.720001,50710
2026-07-17 16:55:00+00:00,97.709999,97.769997,97.640602,97.660004,63587
2026-07-17 17:00:00+00:00,97.669998,97.669998,97.584503,97.610001,61947
2026-07-17 17:05:00+00:00,97.610001,97.639999,97.510002,97.540001,41320
2026-07-17 17:10:00+00:00,97.550003,97.629997,97.464996,97.529999,51985
2026-07-17 17:15:00+00:00,97.519997,97.519997,97.320000,97.330002,66793
2026-07-17 17:20:00+00:00,97.339996,97.480003,97.339996,97.480003,47618
2026-07-17 17:25:00+00:00,97.500000,97.639999,97.410103,97.574997,101391
2026-07-17 17:30:00+00:00,97.560699,97.669998,97.449997,97.665100,83596
2026-07-17 17:35:00+00:00,97.665001,97.724998,97.629997,97.690002,100917
2026-07-17 17:40:00+00:00,97.699997,97.720001,97.459999,97.480003,99345
2026-07-17 17:45:00+00:00,97.474998,97.579903,97.449997,97.480003,84722
2026-07-17 17:50:00+00:00,97.500000,97.500000,97.410004,97.430099,48742
2026-07-17 17:55:00+00:00,97.430000,97.449997,97.389999,97.428101,42709
2026-07-17 18:00:00+00:00,97.425003,97.459999,97.370003,97.370003,54580
2026-07-17 18:05:00+00:00,97.375000,97.375000,97.230003,97.309998,81896
2026-07-17 18:10:00+00:00,97.309998,97.389999,97.290001,97.345001,59601
2026-07-17 18:15:00+00:00,97.345001,97.404999,97.279999,97.330002,42749
2026-07-17 18:20:00+00:00,97.339996,97.370003,97.300003,97.309998,44817
2026-07-17 18:25:00+00:00,97.307999,97.309998,97.175003,97.175003,67471
2026-07-17 18:30:00+00:00,97.190002,97.230003,97.120003,97.120003,65508
2026-07-17 18:35:00+00:00,97.120003,97.175003,97.050003,97.160004,42749
2026-07-17 18:40:00+00:00,97.150101,97.235001,97.150002,97.209999,49299
2026-07-17 18:45:00+00:00,97.190002,97.209999,97.150002,97.154999,61170
2026-07-17 18:50:00+00:00,97.150002,97.290001,97.125000,97.269997,59809
2026-07-17 18:55:00+00:00,97.260002,97.320000,97.209999,97.294998,89713
2026-07-17 19:00:00+00:00,97.279999,97.294998,97.110001,97.269997,92191
2026-07-17 19:05:00+00:00,97.269997,97.309998,97.220001,97.250000,76098
2026-07-17 19:10:00+00:00,97.245499,97.360001,97.200104,97.360001,52286
2026-07-17 19:15:00+00:00,97.360001,97.449997,97.320000,97.349998,57642
2026-07-17 19:20:00+00:00,97.339996,97.339996,97.239998,97.269997,57784
2026-07-17 19:25:00+00:00,97.254997,97.320000,97.250000,97.290001,62213
2026-07-17 19:30:00+00:00,97.300003,97.339996,97.235001,97.285004,101203
2026-07-17 19:35:00+00:00,97.290001,97.334999,97.250000,97.264999,76060
2026-07-17 19:40:00+00:00,97.264999,97.370003,97.245003,97.370003,116368
2026-07-17 19:45:00+00:00,97.364998,97.489998,97.300003,97.300003,405883
2026-07-17 19:50:00+00:00,97.300003,97.570000,97.300003,97.559998,232498
2026-07-17 19:55:00+00:00,97.540001,97.820000,97.540001,97.660004,542467
2026-07-20 13:30:00+00:00,97.849998,98.385002,97.349998,97.379997,666313
2026-07-20 13:35:00+00:00,97.300003,97.300003,96.459999,96.605003,279845
2026-07-20 13:40:00+00:00,96.620003,96.690002,96.279999,96.389999,173302
2026-07-20 13:45:00+00:00,96.419998,96.739998,96.264999,96.675003,165395
2026-07-20 13:50:00+00:00,96.675003,96.717499,96.364998,96.389999,138338
2026-07-20 13:55:00+00:00,96.394997,96.394997,96.150002,96.250000,169281
2026-07-20 14:00:00+00:00,96.245003,96.279999,96.080002,96.169998,107774
2026-07-20 14:05:00+00:00,96.165001,96.330002,96.139999,96.239998,73490
2026-07-20 14:10:00+00:00,96.250000,96.370003,96.230003,96.250000,63572
2026-07-20 14:15:00+00:00,96.239998,96.430000,96.239998,96.330002,104197
2026-07-20 14:20:00+00:00,96.320000,96.445000,96.320000,96.385002,64125
2026-07-20 14:25:00+00:00,96.389999,96.445000,96.308098,96.370003,80308
2026-07-20 14:30:00+00:00,96.360001,96.470001,96.290001,96.449997,109421
2026-07-20 14:35:00+00:00,96.480003,96.559998,96.334999,96.459999,89144
2026-07-20 14:40:00+00:00,96.459999,96.510002,96.379997,96.449997,71656
2026-07-20 14:45:00+00:00,96.455002,96.709999,96.455002,96.500000,88631
2026-07-20 14:50:00+00:00,96.500000,96.629997,96.431000,96.559998,89937
2026-07-20 14:55:00+00:00,96.559998,96.720001,96.519997,96.720001,59955
2026-07-20 15:00:00+00:00,96.730003,96.790001,96.590103,96.699997,100163
2026-07-20 15:05:00+00:00,96.709999,96.879997,96.610001,96.870003,64113
2026-07-20 15:10:00+00:00,96.849998,96.882896,96.720001,96.830002,62010
2026-07-20 15:15:00+00:00,96.820000,96.904999,96.779999,96.904999,86965
2026-07-20 15:20:00+00:00,96.900002,96.949997,96.839996,96.870003,80709
2026-07-20 15:25:00+00:00,96.860001,96.870003,96.775002,96.830002,46696
2026-07-20 15:30:00+00:00,96.834999,96.889999,96.750000,96.769997,69105
2026-07-20 15:35:00+00:00,96.769997,96.879997,96.764999,96.845001,77590
2026-07-20 15:40:00+00:00,96.845001,96.860001,96.739998,96.809998,118208
2026-07-20 15:45:00+00:00,96.805000,96.930000,96.745003,96.919998,81096
2026-07-20 15:50:00+00:00,96.910004,96.919998,96.794998,96.815002,65355
2026-07-20 15:55:00+00:00,96.820000,96.830002,96.639999,96.665001,45175
2026-07-20 16:00:00+00:00,96.669998,96.699997,96.611000,96.669998,63294
2026-07-20 16:05:00+00:00,96.669998,96.724998,96.650002,96.720001,43453
2026-07-20 16:10:00+00:00,96.717201,96.739998,96.669998,96.705002,57371
2026-07-20 16:15:00+00:00,96.709999,96.760002,96.690002,96.730003,45089
2026-07-20 16:20:00+00:00,96.730003,96.834999,96.730003,96.820000,49458
2026-07-20 16:25:00+00:00,96.815002,96.900002,96.809998,96.875000,63987
2026-07-20 16:30:00+00:00,96.870003,96.915001,96.800003,96.824997,53591
2026-07-20 16:35:00+00:00,96.815002,97.018997,96.815002,96.974998,76142
2026-07-20 16:40:00+00:00,96.974998,97.004997,96.860001,96.967941,110675
2026-07-20 16:45:00+00:00,96.955002,96.955002,96.830002,96.879997,57982
2026-07-20 16:50:00+00:00,96.870003,96.900002,96.820000,96.839996,51734
2026-07-20 16:55:00+00:00,96.849998,96.940002,96.764999,96.764999,55344
2026-07-20 17:00:00+00:00,96.764999,96.790001,96.724998,96.790001,38770
2026-07-20 17:05:00+00:00,96.809998,96.820000,96.680000,96.680000,52346
2026-07-20 17:10:00+00:00,96.690002,96.779999,96.680099,96.720001,41057
2026-07-20 17:15:00+00:00,96.699997,96.699997,96.559998,96.570000,47861
2026-07-20 17:20:00+00:00,96.570000,96.589996,96.500000,96.565002,94906
2026-07-20 17:25:00+00:00,96.559998,96.570000,96.519997,96.570000,85987
2026-07-20 17:30:00+00:00,96.565002,96.589996,96.419998,96.470001,98040
2026-07-20 17:35:00+00:00,96.470001,96.489998,96.419998,96.445000,51647
2026-07-20 17:40:00+00:00,96.449997,96.589996,96.415001,96.459999,99392
2026-07-20 17:45:00+00:00,96.449997,96.504997,96.370003,96.389999,58134
2026-07-20 17:50:00+00:00,96.394997,96.472504,96.320000,96.440002,78469
2026-07-20 17:55:00+00:00,96.440002,96.449997,96.404999,96.440002,38596
2026-07-20 18:00:00+00:00,96.440002,96.504997,96.404999,96.419998,47291
2026-07-20 18:05:00+00:00,96.410004,96.415001,96.339996,96.355003,54514
2026-07-20 18:10:00+00:00,96.355003,96.425003,96.330002,96.419998,48727
2026-07-20 18:15:00+00:00,96.430000,96.434998,96.364998,96.394997,65649
2026-07-20 18:20:00+00:00,96.394997,96.400002,96.269997,96.285202,74088
2026-07-20 18:25:00+00:00,96.279999,96.404999,96.279999,96.404999,70269
2026-07-20 18:30:00+00:00,96.400002,96.415001,96.354698,96.364998,86809
2026-07-20 18:35:00+00:00,96.364998,96.400002,96.312798,96.312798,68023
2026-07-20 18:40:00+00:00,96.315002,96.334999,96.169998,96.199997,125735
2026-07-20 18:45:00+00:00,96.190002,96.290001,96.167503,96.254997,80863
2026-07-20 18:50:00+00:00,96.260002,96.385002,96.129997,96.360100,136321
2026-07-20 18:55:00+00:00,96.360001,96.389999,96.269997,96.385002,52544
2026-07-20 19:00:00+00:00,96.379997,96.389999,96.305000,96.345406,61459
2026-07-20 19:05:00+00:00,96.349998,96.360001,96.240097,96.339996,66426
2026-07-20 19:10:00+00:00,96.330002,96.330002,96.169998,96.169998,71803
2026-07-20 19:15:00+00:00,96.180000,96.205002,96.000000,96.089996,170497
2026-07-20 19:20:00+00:00,96.084999,96.230003,96.084999,96.214996,107243
2026-07-20 19:25:00+00:00,96.220001,96.264999,96.120003,96.165001,100633
2026-07-20 19:30:00+00:00,96.169998,96.285004,96.140999,96.254997,115399
2026-07-20 19:35:00+00:00,96.250000,96.290001,96.180000,96.235001,92157
2026-07-20 19:40:00+00:00,96.235001,96.250000,96.160004,96.220001,97749
2026-07-20 19:45:00+00:00,96.220001,96.339996,96.220001,96.315002,168636
2026-07-20 19:50:00+00:00,96.309998,96.320000,96.169998,96.300003,250389
2026-07-20 19:55:00+00:00,96.300003,96.449997,96.250000,96.434998,556625
2026-07-21 13:30:00+00:00,96.000000,96.869904,95.839996,96.805000,338160
2026-07-21 13:35:00+00:00,96.790001,96.885002,96.150597,96.160004,131527
2026-07-21 13:40:00+00:00,96.158623,96.190002,95.870003,96.040001,250046
2026-07-21 13:45:00+00:00,96.050003,96.574997,96.029999,96.480003,109518
2026-07-21 13:50:00+00:00,96.489998,96.570000,96.239998,96.500000,123736
2026-07-21 13:55:00+00:00,96.510002,96.574997,96.320000,96.404999,68466
2026-07-21 14:00:00+00:00,96.389999,96.410004,96.250603,96.360001,93473
2026-07-21 14:05:00+00:00,96.349998,96.400002,96.220001,96.309998,40295
2026-07-21 14:10:00+00:00,96.305000,96.514999,96.209999,96.334999,155414
2026-07-21 14:15:00+00:00,96.320000,96.439903,96.269997,96.305000,110187
2026-07-21 14:20:00+00:00,96.309998,96.330002,96.165001,96.279999,59902
2026-07-21 14:25:00+00:00,96.285004,96.300003,96.195000,96.254997,45242
2026-07-21 14:30:00+00:00,96.250000,96.339996,96.180000,96.199997,128591
2026-07-21 14:35:00+00:00,96.209999,96.250000,96.089996,96.250000,67905
2026-07-21 14:40:00+00:00,96.260002,96.360001,96.209999,96.214996,70245
2026-07-21 14:45:00+00:00,96.199997,96.555000,96.184196,96.529999,118427
2026-07-21 14:50:00+00:00,96.529999,96.610001,96.410004,96.449997,143514
2026-07-21 14:55:00+00:00,96.440002,96.459999,96.360001,96.455002,246094
2026-07-21 15:00:00+00:00,96.430000,96.489998,96.180000,96.279999,182866
2026-07-21 15:05:00+00:00,96.285004,96.389999,96.254997,96.300003,134690
2026-07-21 15:10:00+00:00,96.305000,96.410004,96.258202,96.264999,126967
2026-07-21 15:15:00+00:00,96.269997,96.294998,96.199997,96.285004,130047
2026-07-21 15:20:00+00:00,96.269997,96.320000,96.199997,96.220001,73900
2026-07-21 15:25:00+00:00,96.209999,96.289902,96.180000,96.289902,76924
2026-07-21 15:30:00+00:00,96.285004,96.370003,96.275002,96.294998,56951
2026-07-21 15:35:00+00:00,96.300003,96.330002,96.269997,96.300003,71203
2026-07-21 15:40:00+00:00,96.290001,96.349998,96.260002,96.339996,76076
2026-07-21 15:45:00+00:00,96.330002,96.339996,96.290001,96.324997,46390
2026-07-21 15:50:00+00:00,96.324997,96.430000,96.322502,96.385002,55090
2026-07-21 15:55:00+00:00,96.379997,96.510002,96.330002,96.510002,85404
2026-07-21 16:00:00+00:00,96.510002,96.629997,96.474998,96.529999,65173
2026-07-21 16:05:00+00:00,96.540001,96.570000,96.430000,96.519997,94716
2026-07-21 16:10:00+00:00,96.519997,96.529999,96.419998,96.474998,53236
2026-07-21 16:15:00+00:00,96.480003,96.540001,96.430099,96.540001,74356
2026-07-21 16:20:00+00:00,96.540001,96.540001,96.420097,96.495003,43236
2026-07-21 16:25:00+00:00,96.495003,96.570000,96.470001,96.541710,37118
2026-07-21 16:30:00+00:00,96.540001,96.580002,96.485001,96.485001,51379
2026-07-21 16:35:00+00:00,96.470001,96.617996,96.459999,96.540001,93964
2026-07-21 16:40:00+00:00,96.529999,96.529999,96.459999,96.495003,23524
2026-07-21 16:45:00+00:00,96.480003,96.485001,96.330002,96.339996,87667
2026-07-21 16:50:00+00:00,96.345001,96.379997,96.139999,96.139999,156211
2026-07-21 16:55:00+00:00,96.129997,96.309998,96.089996,96.264999,119594
2026-07-21 17:00:00+00:00,96.269997,96.285004,96.199997,96.254997,81332
2026-07-21 17:05:00+00:00,96.254997,96.309998,96.205002,96.279999,100040
2026-07-21 17:10:00+00:00,96.275002,96.349998,96.254997,96.305000,38371
2026-07-21 17:15:00+00:00,96.300003,96.300003,96.220001,96.279999,58902
2026-07-21 17:20:00+00:00,96.279999,96.309998,96.260002,96.275002,59094
2026-07-21 17:25:00+00:00,96.279999,96.324997,96.250000,96.251297,37021
2026-07-21 17:30:00+00:00,96.254997,96.315002,96.209999,96.309998,54735
2026-07-21 17:35:00+00:00,96.320000,96.364998,96.320000,96.324997,79722
2026-07-21 17:40:00+00:00,96.330002,96.400002,96.329803,96.379997,67635
2026-07-21 17:45:00+00:00,96.375000,96.489998,96.370003,96.459999,67100
2026-07-21 17:50:00+00:00,96.459999,96.489998,96.434998,96.434998,46985
2026-07-21 17:55:00+00:00,96.434998,96.459999,96.430000,96.459999,59847
2026-07-21 18:00:00+00:00,96.459999,96.474998,96.404999,96.430000,56341
2026-07-21 18:05:00+00:00,96.419998,96.519897,96.379997,96.510002,50480
2026-07-21 18:10:00+00:00,96.514999,96.559998,96.495003,96.519997,52246
2026-07-21 18:15:00+00:00,96.519997,96.544998,96.485001,96.495003,40408
2026-07-21 18:20:00+00:00,96.500000,96.595001,96.495003,96.540100,51851
2026-07-21 18:25:00+00:00,96.540001,96.610001,96.440002,96.510002,73547
2026-07-21 18:30:00+00:00,96.504997,96.625000,96.504997,96.595001,71380
2026-07-21 18:35:00+00:00,96.595001,96.599998,96.559998,96.574997,64991
2026-07-21 18:40:00+00:00,96.574997,96.595001,96.544998,96.595001,56687
2026-07-21 18:45:00+00:00,96.595001,96.605003,96.449997,96.510002,91491
2026-07-21 18:50:00+00:00,96.514999,96.525002,96.459999,96.490097,63191
2026-07-21 18:55:00+00:00,96.489998,96.500000,96.449997,96.470001,49205
2026-07-21 19:00:00+00:00,96.474998,96.605003,96.464172,96.584999,81483
2026-07-21 19:05:00+00:00,96.584999,96.625000,96.570000,96.589996,61382
2026-07-21 19:10:00+00:00,96.595001,96.635002,96.574997,96.635002,69935
2026-07-21 19:15:00+00:00,96.635002,96.675003,96.589996,96.605003,74733
2026-07-21 19:20:00+00:00,96.605003,96.645103,96.510002,96.525002,75150
2026-07-21 19:25:00+00:00,96.525002,96.605003,96.504997,96.570000,144235
2026-07-21 19:30:00+00:00,96.565002,96.589996,96.320000,96.330002,146023
2026-07-21 19:35:00+00:00,96.324997,96.480003,96.285004,96.309998,176347
2026-07-21 19:40:00+00:00,96.305000,96.449997,96.290001,96.425003,135924
2026-07-21 19:45:00+00:00,96.419998,96.449997,96.320000,96.360001,171675
2026-07-21 19:50:00+00:00,96.379997,96.410004,96.169998,96.190002,204443
2026-07-21 19:55:00+00:00,96.199997,96.339996,96.080002,96.135002,599345
2026-07-22 13:30:00+00:00,97.120003,97.250000,96.480003,97.110001,523636
2026-07-22 13:35:00+00:00,97.074997,97.074997,96.544998,96.547600,176681
2026-07-22 13:40:00+00:00,96.540001,96.724998,96.459999,96.550003,85644
2026-07-22 13:45:00+00:00,96.580002,96.684998,96.519997,96.599998,76579
2026-07-22 13:50:00+00:00,96.589996,96.699997,96.352303,96.470001,90009
2026-07-22 13:55:00+00:00,96.470001,96.540001,96.410004,96.455002,81337
2026-07-22 14:00:00+00:00,96.455002,96.930000,96.455002,96.919998,121209
2026-07-22 14:05:00+00:00,96.959900,97.300003,96.938400,97.169998,132875
2026-07-22 14:10:00+00:00,97.160004,97.260002,97.004997,97.070000,79770
2026-07-22 14:15:00+00:00,97.029999,97.180000,97.000000,97.040001,56215
2026-07-22 14:20:00+00:00,97.019997,97.099998,96.849998,97.080002,68687
2026-07-22 14:25:00+00:00,97.074997,97.089996,96.629997,96.650002,87274
2026-07-22 14:30:00+00:00,96.660004,96.800003,96.584999,96.760002,84688
2026-07-22 14:35:00+00:00,96.769997,96.875000,96.660004,96.754997,103211
2026-07-22 14:40:00+00:00,96.754997,96.864998,96.669998,96.839996,66452
2026-07-22 14:45:00+00:00,96.839996,96.839996,96.620102,96.665001,66909
2026-07-22 14:50:00+00:00,96.665001,96.860001,96.635002,96.834999,68474
2026-07-22 14:55:00+00:00,96.830002,96.849998,96.669998,96.750000,55099
2026-07-22 15:00:00+00:00,96.754997,96.809998,96.695000,96.790001,54327
2026-07-22 15:05:00+00:00,96.775002,96.824997,96.580002,96.595001,58886
2026-07-22 15:10:00+00:00,96.595001,96.699997,96.559998,96.650101,64723
2026-07-22 15:15:00+00:00,96.660004,96.750000,96.610001,96.654999,61012
2026-07-22 15:20:00+00:00,96.660004,96.800003,96.650398,96.790001,63910
2026-07-22 15:25:00+00:00,96.790001,96.839996,96.760002,96.785004,47718
2026-07-22 15:30:00+00:00,96.779999,96.779999,96.635002,96.635002,50163
2026-07-22 15:35:00+00:00,96.639999,96.709999,96.580002,96.709999,60294
2026-07-22 15:40:00+00:00,96.709999,96.720001,96.489998,96.560097,87110
2026-07-22 15:45:00+00:00,96.580002,96.699997,96.570000,96.699997,70319
2026-07-22 15:50:00+00:00,96.699997,96.699997,96.610001,96.680000,51645
2026-07-22 15:55:00+00:00,96.675003,96.695000,96.650002,96.660004,46500
2026-07-22 16:00:00+00:00,96.660004,96.699997,96.660004,96.669998,48282
2026-07-22 16:05:00+00:00,96.669502,96.949997,96.650002,96.820000,188610
2026-07-22 16:10:00+00:00,96.820000,96.849998,96.724998,96.739998,120500
2026-07-22 16:15:00+00:00,96.739998,96.739998,96.629997,96.690002,65859
2026-07-22 16:20:00+00:00,96.684998,96.709999,96.650002,96.669998,57810
2026-07-22 16:25:00+00:00,96.669998,96.724998,96.660004,96.699997,76740
2026-07-22 16:30:00+00:00,96.691002,96.699997,96.550003,96.570000,83473
2026-07-22 16:35:00+00:00,96.570000,96.629997,96.559998,96.599998,42874
2026-07-22 16:40:00+00:00,96.610001,96.699997,96.608398,96.650002,49747
2026-07-22 16:45:00+00:00,96.654999,96.753899,96.639999,96.675003,76980
2026-07-22 16:50:00+00:00,96.669998,96.690002,96.519997,96.540001,361190
2026-07-22 16:55:00+00:00,96.540001,96.620003,96.519997,96.614998,41904
2026-07-22 17:00:00+00:00,96.614998,96.614998,96.529999,96.537003,45236
2026-07-22 17:05:00+00:00,96.540001,96.555099,96.500000,96.540001,46284
2026-07-22 17:10:00+00:00,96.550003,96.599998,96.540001,96.544998,50341
2026-07-22 17:15:00+00:00,96.540001,96.565002,96.489998,96.510002,28586
2026-07-22 17:20:00+00:00,96.514999,96.514999,96.430000,96.430000,54066
2026-07-22 17:25:00+00:00,96.434998,96.510002,96.430000,96.466698,56971
2026-07-22 17:30:00+00:00,96.464996,96.559998,96.455002,96.529999,44116
2026-07-22 17:35:00+00:00,96.519997,96.580002,96.514999,96.540001,42576
2026-07-22 17:40:00+00:00,96.549896,96.595001,96.514999,96.570000,57446
2026-07-22 17:45:00+00:00,96.570000,96.625000,96.550003,96.599998,37394
2026-07-22 17:50:00+00:00,96.599998,96.680000,96.589996,96.665001,33723
2026-07-22 17:55:00+00:00,96.660004,96.660004,96.580002,96.580002,148989
2026-07-22 18:00:00+00:00,96.574997,96.589996,96.529999,96.544998,40244
2026-07-22 18:05:00+00:00,96.550003,96.550003,96.430000,96.440002,76200
2026-07-22 18:10:00+00:00,96.440002,96.440002,96.379997,96.389999,60274
2026-07-22 18:15:00+00:00,96.400002,96.510002,96.400002,96.510002,47389
2026-07-22 18:20:00+00:00,96.495003,96.500000,96.440002,96.485001,33888
2026-07-22 18:25:00+00:00,96.480003,96.500000,96.449997,96.455002,44941
2026-07-22 18:30:00+00:00,96.455002,96.455002,96.279999,96.294998,61733
2026-07-22 18:35:00+00:00,96.294998,96.324997,96.275002,96.309998,49755
2026-07-22 18:40:00+00:00,96.309998,96.320000,96.239998,96.269997,73498
2026-07-22 18:45:00+00:00,96.260002,96.294998,96.220001,96.230003,46548
2026-07-22 18:50:00+00:00,96.230003,96.254997,96.180000,96.190002,61036
2026-07-22 18:55:00+00:00,96.190002,96.220001,96.120003,96.209999,119572
2026-07-22 19:00:00+00:00,96.214996,96.214996,96.019997,96.029999,57066
2026-07-22 19:05:00+00:00,96.019997,96.024002,95.820000,95.830002,126398
2026-07-22 19:10:00+00:00,95.830002,96.004997,95.779999,96.004997,116369
2026-07-22 19:15:00+00:00,96.010002,96.070000,95.830002,95.845001,187252
2026-07-22 19:20:00+00:00,95.845001,95.875000,95.762398,95.820099,90027
2026-07-22 19:25:00+00:00,95.834999,95.894997,95.809998,95.889999,75106
2026-07-22 19:30:00+00:00,95.879997,95.919998,95.830002,95.849998,110771
2026-07-22 19:35:00+00:00,95.855003,95.860001,95.669998,95.690002,106870
2026-07-22 19:40:00+00:00,95.690002,95.764999,95.665001,95.690102,113933
2026-07-22 19:45:00+00:00,95.690002,95.790001,95.675003,95.760002,213319
2026-07-22 19:50:00+00:00,95.769997,95.870003,95.644997,95.839996,242086
2026-07-22 19:55:00+00:00,95.849998,96.059998,95.830002,95.870003,599942
2026-07-23 13:30:00+00:00,94.809998,94.820000,93.599998,93.900002,764151
2026-07-23 13:35:00+00:00,93.889999,94.080002,93.750000,93.995003,215613
2026-07-23 13:40:00+00:00,93.988068,94.080002,93.699997,93.900002,231082
2026-07-23 13:45:00+00:00,93.919998,93.949997,93.695000,93.760002,173136
2026-07-23 13:50:00+00:00,93.750000,93.839996,93.620003,93.699997,272366
2026-07-23 13:55:00+00:00,93.701401,93.879997,93.610001,93.614998,146692
2026-07-23 14:00:00+00:00,93.620003,93.684998,93.400002,93.480003,214406
2026-07-23 14:05:00+00:00,93.480003,93.599899,93.375000,93.480003,140433
2026-07-23 14:10:00+00:00,93.470001,93.529999,93.290001,93.320000,239493
2026-07-23 14:15:00+00:00,93.320000,93.349998,93.080704,93.080704,345124
2026-07-23 14:20:00+00:00,93.095001,93.309998,93.010002,93.220001,186657
2026-07-23 14:25:00+00:00,93.239998,93.250000,93.070000,93.110001,143076
2026-07-23 14:30:00+00:00,93.114998,93.214996,92.900002,92.904999,210750
2026-07-23 14:35:00+00:00,92.900002,93.039902,92.805000,92.970001,178704
2026-07-23 14:40:00+00:00,92.970001,93.050003,92.949997,93.050003,98775
2026-07-23 14:45:00+00:00,93.050003,93.160004,92.839996,92.845001,133529
2026-07-23 14:50:00+00:00,92.839996,92.870003,92.764999,92.810097,121693
2026-07-23 14:55:00+00:00,92.822540,92.832497,92.660004,92.709999,110714
2026-07-23 15:00:00+00:00,92.714996,92.790001,92.629997,92.665001,159083
2026-07-23 15:05:00+00:00,92.660004,92.736198,92.595001,92.605003,119446
2026-07-23 15:10:00+00:00,92.599998,92.690002,92.570000,92.610001,115880
2026-07-23 15:15:00+00:00,92.620003,92.760002,92.489998,92.699997,203302
2026-07-23 15:20:00+00:00,92.709999,92.754997,92.589897,92.610001,75467
2026-07-23 15:25:00+00:00,92.605003,92.705002,92.504997,92.650002,86897
2026-07-23 15:30:00+00:00,92.639999,92.878799,92.589996,92.864601,57226
2026-07-23 15:35:00+00:00,92.870003,93.004997,92.830002,92.980003,135153
2026-07-23 15:40:00+00:00,92.970001,93.010002,92.790001,92.809998,101386
2026-07-23 15:45:00+00:00,92.800003,92.834999,92.660004,92.699997,77580
2026-07-23 15:50:00+00:00,92.694702,92.739998,92.665001,92.735001,79631
2026-07-23 15:55:00+00:00,92.735001,92.919998,92.730003,92.889999,100574
2026-07-23 16:00:00+00:00,92.887703,92.980003,92.860001,92.900002,67882
2026-07-23 16:05:00+00:00,92.910004,93.040001,92.900002,93.031898,98287
2026-07-23 16:10:00+00:00,93.059998,93.079903,92.849998,92.949997,210741
2026-07-23 16:15:00+00:00,92.940002,93.058998,92.910004,92.985001,109297
2026-07-23 16:20:00+00:00,93.000000,93.029999,92.930000,92.959999,58576
2026-07-23 16:25:00+00:00,92.964996,93.169998,92.940002,93.080002,114787
2026-07-23 16:30:00+00:00,93.080002,93.250000,93.029999,93.029999,100250
2026-07-23 16:35:00+00:00,93.000099,93.019997,92.709999,92.720001,81353
2026-07-23 16:40:00+00:00,92.735001,92.749901,92.529999,92.735001,91979
2026-07-23 16:45:00+00:00,92.720001,92.839996,92.705002,92.730003,56239
2026-07-23 16:50:00+00:00,92.730003,92.820000,92.709999,92.794998,51893
2026-07-23 16:55:00+00:00,92.794998,93.000000,92.790001,92.970001,58711
2026-07-23 17:00:00+00:00,92.959999,93.105003,92.889999,93.095001,79423
2026-07-23 17:05:00+00:00,93.105003,93.129997,92.945000,92.989998,65420
2026-07-23 17:10:00+00:00,92.980003,93.025002,92.849998,92.930000,92265
2026-07-23 17:15:00+00:00,92.934998,92.969902,92.800003,92.949997,143788
2026-07-23 17:20:00+00:00,92.940002,93.110199,92.919998,93.110001,62056
2026-07-23 17:25:00+00:00,93.110001,93.309998,93.089996,93.300003,103293
2026-07-23 17:30:00+00:00,93.290001,93.339996,93.157997,93.169998,135757
2026-07-23 17:35:00+00:00,93.169998,93.330002,93.152000,93.320000,99315
2026-07-23 17:40:00+00:00,93.320000,93.360001,93.269997,93.300003,150831
2026-07-23 17:45:00+00:00,93.300003,93.400002,93.199997,93.260002,173859
2026-07-23 17:50:00+00:00,93.239998,93.320000,93.205002,93.254997,106198
2026-07-23 17:55:00+00:00,93.250000,93.271118,93.139999,93.209900,113973
2026-07-23 18:00:00+00:00,93.195000,93.250000,93.150002,93.201797,141460
2026-07-23 18:05:00+00:00,93.199997,93.290001,93.175003,93.224998,117426
2026-07-23 18:10:00+00:00,93.224998,93.272903,93.120003,93.150002,170001
2026-07-23 18:15:00+00:00,93.160004,93.233704,93.100098,93.159897,169793
2026-07-23 18:20:00+00:00,93.149902,93.159897,92.934998,92.985001,100456
2026-07-23 18:25:00+00:00,92.989998,93.010002,92.900002,92.964996,113383
2026-07-23 18:30:00+00:00,92.959999,92.980003,92.860001,92.974998,110072
2026-07-23 18:35:00+00:00,92.980003,92.980003,92.919998,92.949898,102477
2026-07-23 18:40:00+00:00,92.930000,93.039200,92.885002,93.004997,126855
2026-07-23 18:45:00+00:00,93.004997,93.035004,92.964996,93.019897,103474
2026-07-23 18:50:00+00:00,93.019997,93.040001,92.889999,92.930298,73279
2026-07-23 18:55:00+00:00,92.940002,93.017998,92.917999,93.014999,89566
2026-07-23 19:00:00+00:00,93.014999,93.095001,92.997200,93.044998,85629
2026-07-23 19:05:00+00:00,93.050003,93.050003,92.974998,93.025002,98566
2026-07-23 19:10:00+00:00,93.019997,93.025002,92.959999,92.974998,102232
2026-07-23 19:15:00+00:00,92.980003,93.025002,92.959999,92.985001,65817
2026-07-23 19:20:00+00:00,92.989998,93.029900,92.930000,92.974998,78512
2026-07-23 19:25:00+00:00,92.979897,93.029999,92.930000,92.930000,101466
2026-07-23 19:30:00+00:00,92.939903,93.129997,92.930000,93.070000,116292
2026-07-23 19:35:00+00:00,93.065002,93.144997,93.004997,93.059998,222606
2026-07-23 19:40:00+00:00,93.059998,93.175102,93.010597,93.059998,140812
2026-07-23 19:45:00+00:00,93.040001,93.050003,92.769997,92.809998,232543
2026-07-23 19:50:00+00:00,92.820000,92.959999,92.760002,92.900002,333150
2026-07-23 19:55:00+00:00,92.889999,93.019997,92.860001,92.875000,691839
2026-07-24 13:30:00+00:00,93.260002,94.180000,93.000000,93.970497,388235
2026-07-24 13:35:00+00:00,93.930000,94.449997,93.919998,94.315002,233521
2026-07-24 13:40:00+00:00,94.309998,94.389999,94.050003,94.169998,246882
2026-07-24 13:45:00+00:00,94.169998,94.650002,94.099998,94.470001,200301
2026-07-24 13:50:00+00:00,94.470497,94.639999,94.440002,94.525002,147873
2026-07-24 13:55:00+00:00,94.510002,94.750000,94.466499,94.669998,198716
2026-07-24 14:00:00+00:00,94.650002,94.690002,94.510002,94.574997,165457
2026-07-24 14:05:00+00:00,94.560303,94.665703,94.449997,94.510002,133342
2026-07-24 14:10:00+00:00,94.519997,94.709396,94.500000,94.690002,142614
2026-07-24 14:15:00+00:00,94.684998,94.888000,94.669998,94.795799,80328
2026-07-24 14:20:00+00:00,94.800003,94.970001,94.779999,94.940102,72224
2026-07-24 14:25:00+00:00,94.940002,95.035004,94.800003,94.820000,116250
2026-07-24 14:30:00+00:00,94.820000,94.959999,94.790001,94.945000,109279
2026-07-24 14:35:00+00:00,94.930000,95.165001,94.930000,95.040001,178557
2026-07-24 14:40:00+00:00,95.044998,95.120003,94.940002,94.940002,96112
2026-07-24 14:45:00+00:00,94.989998,95.150002,94.989998,95.095001,80380
2026-07-24 14:50:00+00:00,95.110001,95.290001,95.084999,95.239998,111557
2026-07-24 14:55:00+00:00,95.239998,95.449997,95.230003,95.439903,195058
2026-07-24 15:00:00+00:00,95.439903,95.529999,95.379898,95.470001,168739
2026-07-24 15:05:00+00:00,95.479897,95.569901,95.290001,95.334999,185306
2026-07-24 15:10:00+00:00,95.334999,95.595001,95.309998,95.559998,204631
2026-07-24 15:15:00+00:00,95.540001,95.730003,95.540001,95.610001,166328
2026-07-24 15:20:00+00:00,95.610001,95.900002,95.610001,95.889999,171582
2026-07-24 15:25:00+00:00,95.879997,96.120003,95.860001,96.089996,131162
2026-07-24 15:30:00+00:00,96.080002,96.195000,96.040001,96.099998,166052
2026-07-24 15:35:00+00:00,96.110001,96.290001,96.059998,96.149902,206518
2026-07-24 15:40:00+00:00,96.144997,96.144997,95.919998,95.930000,89336
2026-07-24 15:45:00+00:00,95.930000,96.019997,95.720001,95.730003,100389
2026-07-24 15:50:00+00:00,95.730003,95.830002,95.730003,95.764999,104825
2026-07-24 15:55:00+00:00,95.769997,95.800003,95.709999,95.730003,60510
2026-07-24 16:00:00+00:00,95.735001,95.800003,95.681999,95.760002,73429
2026-07-24 16:05:00+00:00,95.760101,95.809998,95.650002,95.680000,69125
2026-07-24 16:10:00+00:00,95.680000,95.800003,95.680000,95.730003,74972
2026-07-24 16:15:00+00:00,95.724998,95.769997,95.680000,95.680000,73970
2026-07-24 16:20:00+00:00,95.684998,95.684998,95.550003,95.639999,148109
2026-07-24 16:25:00+00:00,95.639999,95.794998,95.589996,95.790001,86714
2026-07-24 16:30:00+00:00,95.800003,95.849998,95.589996,95.599998,122656
2026-07-24 16:35:00+00:00,95.610001,95.669998,95.550003,95.580002,53977
2026-07-24 16:40:00+00:00,95.559998,95.570000,95.394997,95.404999,80836
2026-07-24 16:45:00+00:00,95.419998,95.500000,95.349998,95.360001,51495
2026-07-24 16:50:00+00:00,95.360001,95.519997,95.349998,95.500000,82808
2026-07-24 16:55:00+00:00,95.489998,95.660004,95.480003,95.480003,96093
2026-07-24 17:00:00+00:00,95.481697,95.529999,95.410103,95.485001,79434
2026-07-24 17:05:00+00:00,95.485001,95.519997,95.379997,95.419998,100636
2026-07-24 17:10:00+00:00,95.434998,95.519997,95.430000,95.503899,50503
2026-07-24 17:15:00+00:00,95.500099,95.565002,95.450104,95.460800,59598
2026-07-24 17:20:00+00:00,95.449997,95.495003,95.389999,95.430099,46498
2026-07-24 17:25:00+00:00,95.430000,95.459999,95.404999,95.440002,56775
2026-07-24 17:30:00+00:00,95.459900,95.459999,95.279999,95.350998,119434
2026-07-24 17:35:00+00:00,95.349998,95.349998,95.230003,95.305000,92979
2026-07-24 17:40:00+00:00,95.305099,95.309998,95.239998,95.239998,52957
2026-07-24 17:45:00+00:00,95.239998,95.295502,95.224998,95.260002,61469
2026-07-24 17:50:00+00:00,95.264999,95.279999,95.165001,95.165001,77506
2026-07-24 17:55:00+00:00,95.169998,95.220001,95.154999,95.176697,66960
2026-07-24 18:00:00+00:00,95.169998,95.214996,95.114998,95.165001,80713
2026-07-24 18:05:00+00:00,95.165001,95.440002,95.139999,95.430000,167463
2026-07-24 18:10:00+00:00,95.415001,95.519997,95.415001,95.480003,72930
2026-07-24 18:15:00+00:00,95.480003,95.500000,95.419998,95.434998,105385
2026-07-24 18:20:00+00:00,95.449997,95.489998,95.430000,95.485001,58541
2026-07-24 18:25:00+00:00,95.480003,95.495003,95.320000,95.324997,104799
2026-07-24 18:30:00+00:00,95.320000,95.349998,95.199997,95.209999,71915
2026-07-24 18:35:00+00:00,95.199997,95.315399,95.169998,95.290001,98047
2026-07-24 18:40:00+00:00,95.290001,95.290001,95.199997,95.269997,79349
2026-07-24 18:45:00+00:00,95.279999,95.290001,95.195000,95.250000,108831
2026-07-24 18:50:00+00:00,95.255096,95.345001,95.230003,95.315002,108538
2026-07-24 18:55:00+00:00,95.305000,95.349998,95.290001,95.290001,94756
2026-07-24 19:00:00+00:00,95.279999,95.309998,95.184998,95.199997,152417
2026-07-24 19:05:00+00:00,95.190002,95.239998,95.160004,95.220001,104565
2026-07-24 19:10:00+00:00,95.230003,95.235001,95.180000,95.235001,61400
2026-07-24 19:15:00+00:00,95.239998,95.305000,95.044998,95.071503,105556
2026-07-24 19:20:00+00:00,95.080002,95.260002,95.065002,95.205002,137944
2026-07-24 19:25:00+00:00,95.220001,95.330002,94.959999,95.000099,221094
2026-07-24 19:30:00+00:00,95.010002,95.110001,94.974998,94.985001,193745
2026-07-24 19:35:00+00:00,94.989998,95.110001,94.971001,94.999901,167048
2026-07-24 19:40:00+00:00,95.010002,95.129997,95.010002,95.110001,128980
2026-07-24 19:45:00+00:00,95.089996,95.099998,94.769997,94.809998,263316
2026-07-24 19:50:00+00:00,94.809998,94.959999,94.724998,94.940002,203168
2026-07-24 19:55:00+00:00,94.940002,94.959999,94.730003,94.845001,523172
2026-07-27 13:30:00+00:00,95.514000,96.629997,95.514000,96.349998,451150
2026-07-27 13:35:00+00:00,96.355003,96.720001,96.269997,96.470001,178043
2026-07-27 13:40:00+00:00,96.491486,96.849998,96.491486,96.529999,196062
2026-07-27 13:45:00+00:00,96.559998,96.719902,96.470001,96.629997,82395
2026-07-27 13:50:00+00:00,96.660004,96.660004,96.470001,96.492203,55227
2026-07-27 13:55:00+00:00,96.519997,96.635002,96.300003,96.320000,102798
2026-07-27 14:00:00+00:00,96.320000,96.589996,96.184998,96.519897,103484
2026-07-27 14:05:00+00:00,96.510002,96.580002,96.379997,96.419998,99917
2026-07-27 14:10:00+00:00,96.449997,96.529999,96.349998,96.514999,108918
2026-07-27 14:15:00+00:00,96.529999,96.599998,96.464996,96.489899,91933
2026-07-27 14:20:00+00:00,96.455002,96.580002,96.455002,96.474998,62527
2026-07-27 14:25:00+00:00,96.470001,96.580002,96.379997,96.509903,131481
2026-07-27 14:30:00+00:00,96.489998,96.749901,96.480003,96.690002,137543
2026-07-27 14:35:00+00:00,96.680000,97.050003,96.650002,97.019997,131405
2026-07-27 14:40:00+00:00,97.010002,97.080002,96.919998,97.040001,91085
2026-07-27 14:45:00+00:00,97.044998,97.044998,96.650002,96.720001,90753
2026-07-27 14:50:00+00:00,96.724998,96.735001,96.500000,96.565002,95897
2026-07-27 14:55:00+00:00,96.559998,96.835098,96.559998,96.835098,65648
2026-07-27 15:00:00+00:00,96.834999,97.000000,96.809998,96.980003,67828
2026-07-27 15:05:00+00:00,96.970001,96.989998,96.790100,96.834999,101533
2026-07-27 15:10:00+00:00,96.839897,97.059998,96.800102,97.057800,95989
2026-07-27 15:15:00+00:00,97.074997,97.105003,96.955002,96.995003,91013
2026-07-27 15:20:00+00:00,96.995003,97.070000,96.989998,97.009903,57201
2026-07-27 15:25:00+00:00,97.000000,97.160004,96.989998,97.050003,87817
2026-07-27 15:30:00+00:00,97.040001,97.139999,97.010002,97.019997,93306
2026-07-27 15:35:00+00:00,97.019997,97.089996,96.900002,97.080002,119961
2026-07-27 15:40:00+00:00,97.080002,97.190002,97.060097,97.169998,94748
2026-07-27 15:45:00+00:00,97.150002,97.152298,96.940002,96.959999,98420
2026-07-27 15:50:00+00:00,96.961098,96.995003,96.870003,96.910004,127776
2026-07-27 15:55:00+00:00,96.900002,96.959999,96.824997,96.904999,79912
2026-07-27 16:00:00+00:00,96.904999,97.000000,96.760002,96.809998,116586
2026-07-27 16:05:00+00:00,96.820000,96.910004,96.785004,96.889999,80014
2026-07-27 16:10:00+00:00,96.889999,96.940002,96.859901,96.940002,64893
2026-07-27 16:15:00+00:00,96.940002,96.973038,96.910004,96.959999,94066
2026-07-27 16:20:00+00:00,96.945000,96.970001,96.900002,96.929901,81513
2026-07-27 16:25:00+00:00,96.930000,97.129997,96.904999,97.099998,82819
2026-07-27 16:30:00+00:00,97.099899,97.119904,96.930000,97.070000,83342
2026-07-27 16:35:00+00:00,97.089996,97.120003,96.970001,97.000000,41050
2026-07-27 16:40:00+00:00,97.005096,97.050003,96.879997,96.879997,116786
2026-07-27 16:45:00+00:00,96.889999,96.949997,96.809998,96.839996,65390
2026-07-27 16:50:00+00:00,96.830002,96.875000,96.760002,96.860001,59983
2026-07-27 16:55:00+00:00,96.854301,96.900002,96.824997,96.889999,45997
2026-07-27 17:00:00+00:00,96.885002,96.910004,96.769997,96.820000,67769
2026-07-27 17:05:00+00:00,96.809998,96.870003,96.779999,96.805000,37662
2026-07-27 17:10:00+00:00,96.819901,96.855003,96.779999,96.790001,49443
2026-07-27 17:15:00+00:00,96.790001,96.889999,96.790001,96.889999,56684
2026-07-27 17:20:00+00:00,96.880096,97.040001,96.880096,96.964996,73647
2026-07-27 17:25:00+00:00,96.971352,97.005096,96.889999,96.919998,46670
2026-07-27 17:30:00+00:00,96.889999,96.940002,96.839996,96.879997,49436
2026-07-27 17:35:00+00:00,96.879997,96.879997,96.730003,96.839996,85934
2026-07-27 17:40:00+00:00,96.830002,96.849998,96.710098,96.790001,62705
2026-07-27 17:45:00+00:00,96.790001,96.800003,96.595001,96.629997,76530
2026-07-27 17:50:00+00:00,96.629997,96.730003,96.620003,96.720001,44343
2026-07-27 17:55:00+00:00,96.720001,96.720001,96.570000,96.570000,76437
2026-07-27 18:00:00+00:00,96.584999,96.720001,96.489998,96.656799,144380
2026-07-27 18:05:00+00:00,96.660004,96.870003,96.650002,96.739998,146074
2026-07-27 18:10:00+00:00,96.739998,96.790001,96.660004,96.684998,72150
2026-07-27 18:15:00+00:00,96.695000,96.705002,96.529999,96.529999,51076
2026-07-27 18:20:00+00:00,96.529999,96.550003,96.440002,96.500000,43832
2026-07-27 18:25:00+00:00,96.510002,96.580002,96.493896,96.550003,43871
2026-07-27 18:30:00+00:00,96.555000,96.580002,96.519997,96.540001,39582
2026-07-27 18:35:00+00:00,96.540001,96.559998,96.419998,96.459000,91766
2026-07-27 18:40:00+00:00,96.455002,96.529999,96.449997,96.529999,133889
2026-07-27 18:45:00+00:00,96.529999,96.574997,96.521004,96.555000,87277
2026-07-27 18:50:00+00:00,96.555000,96.639999,96.555000,96.610001,78102
2026-07-27 18:55:00+00:00,96.615097,96.639999,96.565002,96.599998,72232
2026-07-27 19:00:00+00:00,96.599998,96.599998,96.510002,96.540100,140655
2026-07-27 19:05:00+00:00,96.540001,96.675003,96.540001,96.669998,50217
2026-07-27 19:10:00+00:00,96.660004,96.667503,96.519997,96.620003,73123
2026-07-27 19:15:00+00:00,96.614998,96.629997,96.519997,96.519997,80367
2026-07-27 19:20:00+00:00,96.519997,96.596001,96.485001,96.485001,67751
2026-07-27 19:25:00+00:00,96.480003,96.540001,96.470001,96.529900,68243
2026-07-27 19:30:00+00:00,96.529999,96.809998,96.529999,96.785004,89175
2026-07-27 19:35:00+00:00,96.785004,96.820000,96.720001,96.739998,120170
2026-07-27 19:40:00+00:00,96.745003,96.745003,96.654999,96.695000,89207
2026-07-27 19:45:00+00:00,96.690002,96.769997,96.580002,96.610001,140365
2026-07-27 19:50:00+00:00,96.629997,96.779999,96.570000,96.720001,193354
2026-07-27 19:55:00+00:00,96.730003,96.849998,96.500000,96.639999,1042657
2026-07-28 13:30:00+00:00,97.000000,98.110001,96.970001,97.925003,586586
2026-07-28 13:35:00+00:00,97.925003,98.379997,97.925003,98.180000,223149
2026-07-28 13:40:00+00:00,98.190002,98.220001,97.690002,97.739998,129332
2026-07-28 13:45:00+00:00,97.769997,97.959999,97.760002,97.870003,121457
2026-07-28 13:50:00+00:00,97.849998,98.275002,97.849998,98.160103,130175
2026-07-28 13:55:00+00:00,98.199997,98.279999,98.055000,98.220001,82920
2026-07-28 14:00:00+00:00,98.220001,98.315002,98.150002,98.214996,158989
2026-07-28 14:05:00+00:00,98.230003,98.500000,98.099998,98.455002,166802
2026-07-28 14:10:00+00:00,98.449997,98.644997,98.410004,98.629997,211631
2026-07-28 14:15:00+00:00,98.629997,98.849998,98.580002,98.750000,146678
2026-07-28 14:20:00+00:00,98.750000,98.940002,98.750000,98.870003,135420
2026-07-28 14:25:00+00:00,98.879997,98.970001,98.809998,98.879997,113283
2026-07-28 14:30:00+00:00,98.889999,98.919998,98.739998,98.769997,164516
2026-07-28 14:35:00+00:00,98.769997,98.830002,98.589996,98.660004,121587
2026-07-28 14:40:00+00:00,98.650002,98.730003,98.580002,98.709999,125772
2026-07-28 14:45:00+00:00,98.699997,98.800003,98.669998,98.722504,173065
2026-07-28 14:50:00+00:00,98.720001,98.760002,98.559998,98.639999,103096
2026-07-28 14:55:00+00:00,98.650002,98.650002,98.300003,98.349998,96485
2026-07-28 15:00:00+00:00,98.349998,98.349998,98.138802,98.214996,101779
2026-07-28 15:05:00+00:00,98.211601,98.279999,98.160004,98.250000,123104
2026-07-28 15:10:00+00:00,98.260002,98.410004,98.239998,98.389999,66420
2026-07-28 15:15:00+00:00,98.389999,98.495003,98.320000,98.459999,80996
2026-07-28 15:20:00+00:00,98.480003,98.660004,98.462502,98.519997,120028
2026-07-28 15:25:00+00:00,98.500000,98.730003,98.480003,98.720001,68435
2026-07-28 15:30:00+00:00,98.720001,98.870003,98.669998,98.845001,101804
2026-07-28 15:35:00+00:00,98.860001,99.099998,98.860001,98.940002,316338
2026-07-28 15:40:00+00:00,98.940002,98.969902,98.739998,98.790001,105634
2026-07-28 15:45:00+00:00,98.790001,98.800003,98.690002,98.724998,58864
2026-07-28 15:50:00+00:00,98.726700,98.779999,98.690002,98.750000,52492
2026-07-28 15:55:00+00:00,98.745003,98.779999,98.654999,98.769997,60457
2026-07-28 16:00:00+00:00,98.750000,99.000000,98.714996,98.900002,168191
2026-07-28 16:05:00+00:00,98.900002,98.900002,98.730003,98.809998,96963
2026-07-28 16:10:00+00:00,98.809998,98.809998,98.695000,98.750000,74828
2026-07-28 16:15:00+00:00,98.769203,98.820000,98.739998,98.820000,62014
2026-07-28 16:20:00+00:00,98.820000,98.830002,98.760002,98.779999,37242
2026-07-28 16:25:00+00:00,98.775002,98.790001,98.665001,98.680000,47832
2026-07-28 16:30:00+00:00,98.680000,98.769997,98.610001,98.614998,61196
2026-07-28 16:35:00+00:00,98.620003,98.620003,98.510002,98.570000,54885
2026-07-28 16:40:00+00:00,98.583076,98.639999,98.550003,98.629997,39279
2026-07-28 16:45:00+00:00,98.629997,98.680000,98.589996,98.680000,80879
2026-07-28 16:50:00+00:00,98.680000,98.760002,98.669998,98.730003,58436
2026-07-28 16:55:00+00:00,98.739998,98.859901,98.724998,98.839996,65770
2026-07-28 17:00:00+00:00,98.839996,98.860001,98.739998,98.855003,50046
2026-07-28 17:05:00+00:00,98.860001,98.904999,98.849998,98.864998,53086
2026-07-28 17:10:00+00:00,98.864998,98.919998,98.809998,98.849998,54492
2026-07-28 17:15:00+00:00,98.860001,98.919998,98.830002,98.830002,44539
2026-07-28 17:20:00+00:00,98.830002,98.885002,98.775002,98.855003,69682
2026-07-28 17:25:00+00:00,98.849998,98.885002,98.760002,98.885002,54227
2026-07-28 17:30:00+00:00,98.885002,98.940002,98.840103,98.940002,59432
2026-07-28 17:35:00+00:00,98.934998,99.025002,98.910004,99.010002,77758
2026-07-28 17:40:00+00:00,99.000000,99.014999,98.915001,98.964996,60603
2026-07-28 17:45:00+00:00,98.970001,99.019997,98.949997,98.985001,86740
2026-07-28 17:50:00+00:00,98.985001,99.000000,98.940002,98.945000,50637
2026-07-28 17:55:00+00:00,98.945000,99.019997,98.940002,98.985001,70447
2026-07-28 18:00:00+00:00,98.985001,98.985001,98.779999,98.839996,70113
2026-07-28 18:05:00+00:00,98.849998,99.010002,98.845001,98.910004,100370
2026-07-28 18:10:00+00:00,98.919998,99.040001,98.910004,99.004997,73348
2026-07-28 18:15:00+00:00,99.004997,99.029999,98.904999,98.970001,83540
2026-07-28 18:20:00+00:00,98.980003,99.040001,98.964996,98.989098,84701
2026-07-28 18:25:00+00:00,98.985001,99.099998,98.964996,99.099998,77718
2026-07-28 18:30:00+00:00,99.099998,99.230003,99.059998,99.199997,104073
2026-07-28 18:35:00+00:00,99.199997,99.220001,99.070000,99.114998,68848
2026-07-28 18:40:00+00:00,99.114998,99.114998,98.970703,98.980003,193190
2026-07-28 18:45:00+00:00,98.970001,99.050003,98.970001,98.995003,75964
2026-07-28 18:50:00+00:00,98.989998,99.019997,98.949997,98.989998,111739
2026-07-28 18:55:00+00:00,98.990097,98.995003,98.889999,98.910004,74322
2026-07-28 19:00:00+00:00,98.910004,98.919998,98.790001,98.824997,85979
2026-07-28 19:05:00+00:00,98.820000,98.875000,98.775002,98.779999,78163
2026-07-28 19:10:00+00:00,98.779999,98.800003,98.644997,98.650002,74178
2026-07-28 19:15:00+00:00,98.650002,98.735001,98.595001,98.610001,94318
2026-07-28 19:20:00+00:00,98.599998,98.620003,98.485001,98.514999,84941
2026-07-28 19:25:00+00:00,98.514999,98.550003,98.440002,98.529999,132029
2026-07-28 19:30:00+00:00,98.519997,98.610001,98.495003,98.610001,151673
2026-07-28 19:35:00+00:00,98.610001,98.699997,98.589996,98.669998,104143
2026-07-28 19:40:00+00:00,98.669998,98.790001,98.654999,98.720001,180202
2026-07-28 19:45:00+00:00,98.709999,98.769997,98.639999,98.680000,162284
2026-07-28 19:50:00+00:00,98.690002,98.809998,98.610001,98.775002,286905
2026-07-28 19:55:00+00:00,98.779999,98.934998,98.730003,98.900002,737540
2026-07-29 13:30:00+00:00,98.339996,98.834999,98.230003,98.327003,313962
2026-07-29 13:35:00+00:00,98.309998,99.180000,98.110001,99.150002,136169
2026-07-29 13:40:00+00:00,99.103661,99.190002,98.830101,99.010002,137101
2026-07-29 13:45:00+00:00,99.014999,99.199997,98.919998,99.055000,156599
2026-07-29 13:50:00+00:00,99.029999,99.254997,99.010002,99.144997,82051
2026-07-29 13:55:00+00:00,99.220001,99.320000,99.110001,99.180000,106776
2026-07-29 14:00:00+00:00,99.184998,99.410004,99.110001,99.370003,151726
2026-07-29 14:05:00+00:00,99.349998,99.360001,99.029999,99.089996,112741
2026-07-29 14:10:00+00:00,99.089996,99.114998,98.849998,99.040001,64226
2026-07-29 14:15:00+00:00,99.040001,99.059998,98.876198,98.970001,77416
2026-07-29 14:20:00+00:00,98.970001,98.970001,98.815002,98.900002,54853
2026-07-29 14:25:00+00:00,98.904999,99.005096,98.849998,98.900002,64408
2026-07-29 14:30:00+00:00,98.900002,98.919998,98.800003,98.919998,52025
2026-07-29 14:35:00+00:00,98.940002,99.209999,98.889999,99.099998,158404
2026-07-29 14:40:00+00:00,99.099998,99.209999,99.055000,99.099998,218544
2026-07-29 14:45:00+00:00,99.099998,99.120003,99.010002,99.050003,61527
2026-07-29 14:50:00+00:00,99.050003,99.205101,99.040001,99.160004,119707
2026-07-29 14:55:00+00:00,99.150002,99.290001,99.150002,99.275002,46118
2026-07-29 15:00:00+00:00,99.290001,99.389999,99.059998,99.059998,84222
2026-07-29 15:05:00+00:00,99.029999,99.184998,98.980003,99.165001,151277
2026-07-29 15:10:00+00:00,99.160004,99.220001,99.099998,99.099998,69455
2026-07-29 15:15:00+00:00,99.089996,99.150002,99.059998,99.129997,45582
2026-07-29 15:20:00+00:00,99.139999,99.165001,99.019897,99.084999,188411
2026-07-29 15:25:00+00:00,99.099998,99.129997,99.059998,99.099998,81420
2026-07-29 15:30:00+00:00,99.099998,99.169998,98.925003,98.949997,105262
2026-07-29 15:35:00+00:00,98.945000,98.970001,98.861801,98.875000,66205
2026-07-29 15:40:00+00:00,98.879997,98.925003,98.849998,98.851997,90708
2026-07-29 15:45:00+00:00,98.860001,98.900002,98.830002,98.879997,55747
2026-07-29 15:50:00+00:00,98.879997,98.940002,98.860001,98.900002,74086
2026-07-29 15:55:00+00:00,98.889999,98.889999,98.763100,98.800003,55370
2026-07-29 16:00:00+00:00,98.800003,98.895103,98.739998,98.820000,54778
2026-07-29 16:05:00+00:00,98.824997,98.959999,98.785004,98.879997,53989
2026-07-29 16:10:00+00:00,98.875000,98.875000,98.690002,98.720001,72144
2026-07-29 16:15:00+00:00,98.699997,98.699997,98.570000,98.610001,98852
2026-07-29 16:20:00+00:00,98.605003,98.829903,98.605003,98.785004,69711
2026-07-29 16:25:00+00:00,98.790001,98.794998,98.639999,98.699997,39706
2026-07-29 16:30:00+00:00,98.699997,98.775002,98.688004,98.760002,32027
2026-07-29 16:35:00+00:00,98.754997,98.779999,98.669998,98.709999,39472
2026-07-29 16:40:00+00:00,98.709999,98.839996,98.669998,98.839996,31177
2026-07-29 16:45:00+00:00,98.839996,98.870003,98.714996,98.735001,44453
2026-07-29 16:50:00+00:00,98.739998,98.839996,98.739998,98.785004,36472
2026-07-29 16:55:00+00:00,98.785004,98.820000,98.730003,98.805000,33706
2026-07-29 17:00:00+00:00,98.800003,98.800003,98.669998,98.675003,92533
2026-07-29 17:05:00+00:00,98.680000,98.690002,98.589996,98.601799,35122
2026-07-29 17:10:00+00:00,98.599998,98.639999,98.559998,98.559998,73018
2026-07-29 17:15:00+00:00,98.570000,98.584999,98.519997,98.584999,80549
2026-07-29 17:20:00+00:00,98.589996,98.595001,98.449997,98.470001,76966
2026-07-29 17:25:00+00:00,98.470001,98.570000,98.459999,98.529999,58968
2026-07-29 17:30:00+00:00,98.525002,98.529800,98.389999,98.419998,75146
2026-07-29 17:35:00+00:00,98.419998,98.480003,98.349998,98.464996,75865
2026-07-29 17:40:00+00:00,98.480003,98.529999,98.449997,98.500000,33801
2026-07-29 17:45:00+00:00,98.489998,98.489998,98.385002,98.455002,88750
2026-07-29 17:50:00+00:00,98.449997,98.510002,98.440002,98.510002,54204
2026-07-29 17:55:00+00:00,98.510002,98.580002,98.470001,98.570000,66430
2026-07-29 18:00:00+00:00,98.584999,98.980003,98.584999,98.879997,232260
2026-07-29 18:05:00+00:00,98.940002,98.949997,98.620697,98.639999,120265
2026-07-29 18:10:00+00:00,98.639999,98.760002,98.599998,98.695000,58794
2026-07-29 18:15:00+00:00,98.699997,98.790001,98.629997,98.735001,53983
2026-07-29 18:20:00+00:00,98.730003,98.790001,98.669998,98.669998,106624
2026-07-29 18:25:00+00:00,98.660004,98.949898,98.654999,98.949898,111358
2026-07-29 18:30:00+00:00,98.949997,99.000000,98.750000,98.860001,106101
2026-07-29 18:35:00+00:00,98.870003,98.980003,98.800003,98.940002,119699
2026-07-29 18:40:00+00:00,98.940002,98.970001,98.870003,98.915001,77599
2026-07-29 18:45:00+00:00,98.930000,98.989998,98.919998,98.970001,95930
2026-07-29 18:50:00+00:00,98.980003,98.980003,98.855003,98.889999,142047
2026-07-29 18:55:00+00:00,98.889999,98.919998,98.735001,98.745003,140912
2026-07-29 19:00:00+00:00,98.750000,98.754997,98.510002,98.529999,172853
2026-07-29 19:05:00+00:00,98.519997,98.529999,98.220001,98.250099,237881
2026-07-29 19:10:00+00:00,98.250000,98.330002,98.220001,98.300003,171704
2026-07-29 19:15:00+00:00,98.300003,98.459999,98.209999,98.309998,183053
2026-07-29 19:20:00+00:00,98.320000,98.400002,98.220001,98.230003,171546
2026-07-29 19:25:00+00:00,98.230003,98.279999,98.099998,98.190002,216840
2026-07-29 19:30:00+00:00,98.195000,98.290001,98.089996,98.220001,230784
2026-07-29 19:35:00+00:00,98.209999,98.320000,98.035004,98.080002,194874
2026-07-29 19:40:00+00:00,98.070000,98.160004,98.040001,98.080002,220483
2026-07-29 19:45:00+00:00,98.080002,98.275002,97.991997,98.260002,324129
2026-07-29 19:50:00+00:00,98.250000,98.430000,98.129997,98.419998,304180
2026-07-29 19:55:00+00:00,98.400002,98.540001,98.260002,98.470001,1145928
2026-07-30 13:30:00+00:00,97.404999,97.480003,96.129997,96.309998,753272
2026-07-30 13:35:00+00:00,96.279999,96.514999,95.934998,96.010002,294759
2026-07-30 13:40:00+00:00,96.035004,96.139999,95.760002,95.820000,375876
2026-07-30 13:45:00+00:00,95.860001,96.190002,95.769997,96.110001,308553
2026-07-30 13:50:00+00:00,96.105003,96.195000,95.919998,95.995003,145850
2026-07-30 13:55:00+00:00,96.000000,96.065002,95.669998,95.870003,264151
2026-07-30 14:00:00+00:00,95.870003,95.889999,95.540001,95.730003,332616
2026-07-30 14:05:00+00:00,95.720001,95.889900,95.629997,95.720001,207128
2026-07-30 14:10:00+00:00,95.720001,95.870003,95.650002,95.805000,196593
2026-07-30 14:15:00+00:00,95.800003,95.800003,95.430000,95.510002,273487
2026-07-30 14:20:00+00:00,95.510002,95.550003,95.279999,95.330002,154924
2026-07-30 14:25:00+00:00,95.327744,95.327744,94.919998,94.919998,195526
2026-07-30 14:30:00+00:00,94.925003,95.010002,94.605003,94.625000,283961
2026-07-30 14:35:00+00:00,94.620003,94.879997,94.605003,94.800003,181551
2026-07-30 14:40:00+00:00,94.812798,94.964996,94.756401,94.839996,207699
2026-07-30 14:45:00+00:00,94.849998,94.849998,94.570000,94.650002,262173
2026-07-30 14:50:00+00:00,94.650002,94.889999,94.629997,94.805000,190387
2026-07-30 14:55:00+00:00,94.809998,94.934998,94.699997,94.760002,174854
2026-07-30 15:00:00+00:00,94.769997,94.815002,94.570000,94.570000,225456
2026-07-30 15:05:00+00:00,94.550003,94.730003,94.459999,94.720001,232975
2026-07-30 15:10:00+00:00,94.720001,94.800003,94.650002,94.665001,114832
2026-07-30 15:15:00+00:00,94.669800,94.739998,94.584999,94.721703,118568
2026-07-30 15:20:00+00:00,94.730003,94.730003,94.595001,94.644997,160300
2026-07-30 15:25:00+00:00,94.644997,94.949997,94.620003,94.889999,202019
2026-07-30 15:30:00+00:00,94.885002,95.050003,94.879997,95.050003,167828
2026-07-30 15:35:00+00:00,95.070000,95.129997,94.989998,95.099998,129833
2026-07-30 15:40:00+00:00,95.092438,95.379997,95.080002,95.339996,486327
2026-07-30 15:45:00+00:00,95.330002,95.360001,95.275002,95.309998,133287
2026-07-30 15:50:00+00:00,95.349998,95.529999,95.339996,95.500000,154787
2026-07-30 15:55:00+00:00,95.504997,95.550003,95.400002,95.400002,193593
2026-07-30 16:00:00+00:00,95.404999,95.540001,95.360001,95.540001,134280
2026-07-30 16:05:00+00:00,95.550003,95.550003,95.279999,95.379997,123077
2026-07-30 16:10:00+00:00,95.379997,95.410004,95.320000,95.389999,112324
2026-07-30 16:15:00+00:00,95.385002,95.486198,95.349998,95.470001,106782
2026-07-30 16:20:00+00:00,95.470001,95.610001,95.360001,95.389999,132412
2026-07-30 16:25:00+00:00,95.379997,95.489998,95.360001,95.410004,195051
2026-07-30 16:30:00+00:00,95.410004,95.660004,95.404999,95.625000,230916
2026-07-30 16:35:00+00:00,95.629997,95.720001,95.614998,95.629997,143173
2026-07-30 16:40:00+00:00,95.635002,95.727203,95.610001,95.695000,119074
2026-07-30 16:45:00+00:00,95.705002,95.739998,95.610001,95.690002,97017
2026-07-30 16:50:00+00:00,95.690002,95.779999,95.680000,95.730003,134711
2026-07-30 16:55:00+00:00,95.730003,95.820000,95.699997,95.800003,193606
2026-07-30 17:00:00+00:00,95.800003,95.930000,95.794998,95.900002,176525
2026-07-30 17:05:00+00:00,95.895103,95.900002,95.769997,95.839996,126818
2026-07-30 17:10:00+00:00,95.849998,95.889999,95.709999,95.735001,80398
2026-07-30 17:15:00+00:00,95.739998,95.769997,95.629898,95.749901,120973
2026-07-30 17:20:00+00:00,95.745003,96.000000,95.745003,95.890099,154983
2026-07-30 17:25:00+00:00,95.900002,96.022499,95.815002,96.022499,257062
2026-07-30 17:30:00+00:00,96.019997,96.050003,95.980003,96.010002,128854
2026-07-30 17:35:00+00:00,96.014999,96.050003,95.910004,96.040001,123647
2026-07-30 17:40:00+00:00,96.044998,96.205101,96.044998,96.084999,102936
2026-07-30 17:45:00+00:00,96.084999,96.110001,95.959999,96.065002,197390
2026-07-30 17:50:00+00:00,96.063599,96.165001,96.059998,96.129997,158315
2026-07-30 17:55:00+00:00,96.139999,96.224998,96.084999,96.110001,119633
2026-07-30 18:00:00+00:00,96.105003,96.264999,96.099998,96.180000,198399
2026-07-30 18:05:00+00:00,96.169998,96.180000,96.089996,96.089996,112724
2026-07-30 18:10:00+00:00,96.099998,96.105003,95.959999,95.980003,128201
2026-07-30 18:15:00+00:00,95.985001,96.160004,95.980003,96.150002,139792
2026-07-30 18:20:00+00:00,96.150002,96.209999,96.139999,96.209999,147827
2026-07-30 18:25:00+00:00,96.209999,96.220001,96.089996,96.125000,124261
2026-07-30 18:30:00+00:00,96.125000,96.129997,96.010002,96.105003,125870
2026-07-30 18:35:00+00:00,96.110001,96.129997,95.974998,95.974998,115539
2026-07-30 18:40:00+00:00,95.970001,96.029999,95.919998,95.945000,155795
2026-07-30 18:45:00+00:00,95.940002,96.004997,95.919998,95.940002,116551
2026-07-30 18:50:00+00:00,95.940002,96.050003,95.925003,96.050003,193678
2026-07-30 18:55:00+00:00,96.050003,96.120003,96.010002,96.114998,144508
2026-07-30 19:00:00+00:00,96.110001,96.209999,96.059998,96.169998,158050
2026-07-30 19:05:00+00:00,96.169998,96.230003,95.985001,95.985001,137874
2026-07-30 19:10:00+00:00,95.989998,96.169998,95.989998,96.135002,147931
2026-07-30 19:15:00+00:00,96.139999,96.150002,95.930000,96.005096,154078
2026-07-30 19:20:00+00:00,96.004997,96.150002,96.000000,96.044998,241524
2026-07-30 19:25:00+00:00,96.050003,96.139999,95.974998,96.135002,231619
2026-07-30 19:30:00+00:00,96.132698,96.199997,96.080002,96.144997,185077
2026-07-30 19:35:00+00:00,96.150002,96.370003,96.099998,96.099998,192036
2026-07-30 19:40:00+00:00,96.110001,96.169998,95.989998,96.000000,260189
2026-07-30 19:45:00+00:00,96.000000,96.089996,95.805000,95.945000,497511
2026-07-30 19:50:00+00:00,95.959999,96.089996,95.940002,96.040001,671035
2026-07-30 19:55:00+00:00,96.040001,96.180000,95.870003,96.169998,1877767
