Datetime,Open,High,Low,Close,Volume
2026-04-08 13:30:00+00:00,439.980011,440.440002,438.480011,439.295013,1413871
2026-04-08 13:35:00+00:00,439.260010,439.790009,438.470001,438.750000,284512
2026-04-08 13:40:00+00:00,438.779999,439.070007,438.429993,438.500000,188097
2026-04-08 13:45:00+00:00,438.500000,439.799988,438.450012,439.790009,166300
2026-04-08 13:50:00+00:00,439.700012,439.859985,438.230011,438.306213,162176
2026-04-08 13:55:00+00:00,438.230011,439.119995,437.829987,438.799988,138121
2026-04-08 14:00:00+00:00,438.769989,440.140015,438.730011,439.589905,169957
2026-04-08 14:05:00+00:00,439.609985,440.109985,438.760101,439.660004,161129
2026-04-08 14:10:00+00:00,439.670013,439.734985,438.929993,439.070007,72322
2026-04-08 14:15:00+00:00,439.100006,439.599915,438.369995,438.380005,133414
2026-04-08 14:20:00+00:00,438.369995,439.059998,438.299988,438.500000,132957
2026-04-08 14:25:00+00:00,438.535004,438.535004,437.369995,437.950012,144009
2026-04-08 14:30:00+00:00,437.929993,437.970001,436.279999,436.614990,171940
2026-04-08 14:35:00+00:00,436.640015,437.750000,436.399994,437.209991,155584
2026-04-08 14:40:00+00:00,437.269989,438.108307,437.000000,437.220001,80986
2026-04-08 14:45:00+00:00,437.190002,437.619995,436.239990,436.700012,135590
2026-04-08 14:50:00+00:00,436.779999,436.869995,435.799988,436.500000,127078
2026-04-08 14:55:00+00:00,436.470001,436.529999,434.580109,434.900085,262501
2026-04-08 15:00:00+00:00,434.940002,436.130005,434.885010,436.029999,95802
2026-04-08 15:05:00+00:00,436.029999,436.244995,435.528503,435.606598,81805
2026-04-08 15:10:00+00:00,435.540009,436.070007,434.880005,435.799988,120245
2026-04-08 15:15:00+00:00,435.700012,436.700012,435.682709,436.700012,58708
2026-04-08 15:20:00+00:00,436.700012,436.959991,436.559998,436.785004,114026
2026-04-08 15:25:00+00:00,436.779999,436.940002,436.279999,436.380005,76733
2026-04-08 15:30:00+00:00,436.399994,436.920013,436.369995,436.910004,28836
2026-04-08 15:35:00+00:00,436.946991,437.290009,436.880005,437.220001,51212
2026-04-08 15:40:00+00:00,437.220001,437.350006,436.690002,436.829987,86930
2026-04-08 15:45:00+00:00,436.869995,437.196198,436.739990,437.109985,54957
2026-04-08 15:50:00+00:00,437.125000,437.489990,437.023987,437.023987,121851
2026-04-08 15:55:00+00:00,437.000000,437.160004,436.769989,436.890015,72716
2026-04-08 16:00:00+00:00,436.899994,437.470001,436.859985,436.984985,91788
2026-04-08 16:05:00+00:00,436.950012,437.119904,436.750000,437.029999,38694
2026-04-08 16:10:00+00:00,437.029999,437.279999,436.690002,436.690002,47472
2026-04-08 16:15:00+00:00,436.619995,436.720001,435.869995,436.109985,63761
2026-04-08 16:20:00+00:00,436.079987,436.609985,436.065002,436.540009,163837
2026-04-08 16:25:00+00:00,436.529999,436.660004,436.190002,436.274994,118142
2026-04-08 16:30:00+00:00,436.299988,436.959991,436.100006,436.809998,57514
2026-04-08 16:35:00+00:00,436.839996,437.140015,436.630096,437.140015,45550
2026-04-08 16:40:00+00:00,437.140015,437.259888,436.959991,437.109985,38116
2026-04-08 16:45:00+00:00,437.070007,437.380005,436.910004,437.299988,25905
2026-04-08 16:50:00+00:00,437.329987,437.720001,437.239990,437.329987,29764
2026-04-08 16:55:00+00:00,437.299988,437.450012,437.190002,437.210114,38158
2026-04-08 17:00:00+00:00,437.200012,437.579987,437.165009,437.239990,22349
2026-04-08 17:05:00+00:00,437.248291,437.265015,436.890015,437.045013,33247
2026-04-08 17:10:00+00:00,437.029999,437.334991,437.000000,437.242615,32693
2026-04-08 17:15:00+00:00,437.359985,437.428009,436.730011,436.779999,35960
2026-04-08 17:20:00+00:00,436.779999,436.929993,436.000000,436.130005,62867
2026-04-08 17:25:00+00:00,436.109985,436.630005,435.880005,436.390015,54824
2026-04-08 17:30:00+00:00,436.380005,436.640015,435.589996,435.820007,64328
2026-04-08 17:35:00+00:00,435.829987,435.829987,435.100006,435.125000,109280
2026-04-08 17:40:00+00:00,435.109985,435.559998,434.994995,435.420013,76713
2026-04-08 17:45:00+00:00,435.390015,435.459991,434.982513,435.160004,31443
2026-04-08 17:50:00+00:00,435.230011,435.475189,434.970001,435.000000,52031
2026-04-08 17:55:00+00:00,435.010010,435.130005,434.440002,434.804993,111455
2026-04-08 18:00:00+00:00,434.869995,435.429993,434.170013,435.380005,83897
2026-04-08 18:05:00+00:00,435.390015,435.704803,435.269989,435.630005,31569
2026-04-08 18:10:00+00:00,435.665009,435.759705,435.390015,435.650085,57039
2026-04-08 18:15:00+00:00,435.670013,435.730011,433.220001,434.399994,197313
2026-04-08 18:20:00+00:00,434.309998,434.630005,433.660004,433.929993,57931
2026-04-08 18:25:00+00:00,433.815002,434.170013,433.339996,433.769989,76133
2026-04-08 18:30:00+00:00,433.820007,434.019989,433.589996,433.857788,26237
2026-04-08 18:35:00+00:00,433.799988,433.839996,432.940002,433.089996,55778
2026-04-08 18:40:00+00:00,433.089996,433.230011,432.410004,432.500000,92864
2026-04-08 18:45:00+00:00,432.459991,433.209991,432.440002,432.649994,66117
2026-04-08 18:50:00+00:00,432.459991,432.720001,432.059998,432.339996,144045
2026-04-08 18:55:00+00:00,432.339996,432.372498,431.880005,432.100006,127760
2026-04-08 19:00:00+00:00,432.000000,432.359985,431.769989,431.830109,79376
2026-04-08 19:05:00+00:00,431.850006,432.459991,431.309998,432.329987,155052
2026-04-08 19:10:00+00:00,432.350006,433.170013,432.269989,433.089996,116792
2026-04-08 19:15:00+00:00,433.070007,433.359985,432.579987,432.649994,75729
2026-04-08 19:20:00+00:00,432.649994,432.750000,432.390015,432.629913,71245
2026-04-08 19:25:00+00:00,432.630005,432.950012,432.309998,432.380005,86855
2026-04-08 19:30:00+00:00,432.380005,433.359985,432.380005,433.149994,87075
2026-04-08 19:35:00+00:00,433.200012,433.899994,433.119995,433.829987,118818
2026-04-08 19:40:00+00:00,433.820007,433.940002,433.540009,433.670013,81470
2026-04-08 19:45:00+00:00,433.649994,434.130005,433.640015,433.989990,118078
2026-04-08 19:50:00+00:00,434.019989,434.539886,434.010010,434.440002,144946
2026-04-08 19:55:00+00:00,434.445007,434.649994,434.220001,434.510010,252336
2026-04-09 13:30:00+00:00,436.470001,436.899994,436.250000,436.820007,388486
2026-04-09 13:35:00+00:00,436.809998,438.160004,436.809998,438.030090,139923
2026-04-09 13:40:00+00:00,438.049988,438.690002,438.040009,438.549988,94841
2026-04-09 13:45:00+00:00,438.570007,438.649994,437.915009,438.129700,82050
2026-04-09 13:50:00+00:00,438.130005,438.200012,437.065002,437.434998,77130
2026-04-09 13:55:00+00:00,437.410004,437.910004,437.309998,437.460510,57684
2026-04-09 14:00:00+00:00,437.489990,438.579987,437.230011,438.290009,144462
2026-04-09 14:05:00+00:00,438.290009,438.339996,437.589996,437.728790,168751
2026-04-09 14:10:00+00:00,437.709991,438.559998,437.579987,438.070007,143685
2026-04-09 14:15:00+00:00,438.059998,438.269989,437.049988,437.209991,79766
2026-04-09 14:20:00+00:00,437.184998,438.130005,437.149994,437.980011,52068
2026-04-09 14:25:00+00:00,438.040009,438.230011,437.399994,437.589996,57572
2026-04-09 14:30:00+00:00,437.559998,437.730011,436.600006,436.649994,126385
2026-04-09 14:35:00+00:00,436.690002,437.000000,435.869995,436.994995,153439
2026-04-09 14:40:00+00:00,436.967987,437.200012,436.239990,436.660004,159224
2026-04-09 14:45:00+00:00,436.619995,437.399994,436.579987,437.200012,83923
2026-04-09 14:50:00+00:00,437.179993,437.670013,437.170013,437.429993,87265
2026-04-09 14:55:00+00:00,437.449799,437.899994,437.399994,437.880005,34497
2026-04-09 15:00:00+00:00,437.920013,437.920013,437.140015,437.329987,78379
2026-04-09 15:05:00+00:00,437.390015,437.640015,437.170013,437.250000,52836
2026-04-09 15:10:00+00:00,437.269989,438.010010,437.209991,437.915009,41702
2026-04-09 15:15:00+00:00,437.950012,439.290009,437.950012,439.250000,219990
2026-04-09 15:20:00+00:00,439.279999,439.600006,438.880707,439.380005,117582
2026-04-09 15:25:00+00:00,439.359985,439.359985,438.670105,438.829987,36644
2026-04-09 15:30:00+00:00,438.799988,440.040009,438.730011,440.029999,120922
2026-04-09 15:35:00+00:00,440.100006,440.570007,439.600006,440.040009,86857
2026-04-09 15:40:00+00:00,439.959991,440.399994,439.869995,439.889893,49747
2026-04-09 15:45:00+00:00,439.890015,440.190002,439.299988,439.299988,102586
2026-04-09 15:50:00+00:00,439.359985,439.890015,439.269806,439.589996,102732
2026-04-09 15:55:00+00:00,439.609985,440.200012,439.285492,440.070007,100482
2026-04-09 16:00:00+00:00,440.079987,440.820007,439.929993,440.439911,64066
2026-04-09 16:05:00+00:00,440.440002,440.489990,440.000092,440.000092,64923
2026-04-09 16:10:00+00:00,440.035004,440.220001,439.619995,439.660004,34573
2026-04-09 16:15:00+00:00,439.679993,440.547058,439.619995,440.380005,56395
2026-04-09 16:20:00+00:00,440.387543,440.489990,440.021698,440.290009,64180
2026-04-09 16:25:00+00:00,440.329987,440.329987,439.980011,440.084991,37591
2026-04-09 16:30:00+00:00,440.059998,440.383789,439.941101,440.290009,58924
2026-04-09 16:35:00+00:00,440.250000,440.260010,439.679993,440.041107,151083
2026-04-09 16:40:00+00:00,440.070007,440.070007,439.450012,439.600006,47642
2026-04-09 16:45:00+00:00,439.609985,439.750000,439.320007,439.320007,40711
2026-04-09 16:50:00+00:00,439.320007,439.940002,439.320007,439.750000,23706
2026-04-09 16:55:00+00:00,439.649994,439.820007,439.540009,439.750000,30599
2026-04-09 17:00:00+00:00,439.779999,439.989990,439.579987,439.679993,36026
2026-04-09 17:05:00+00:00,439.799988,440.230011,439.774994,440.200012,22040
2026-04-09 17:10:00+00:00,440.149994,440.209991,439.890015,440.149994,21216
2026-04-09 17:15:00+00:00,440.119995,440.679993,440.090088,440.515594,32462
2026-04-09 17:20:00+00:00,440.570007,440.600006,440.070007,440.089996,26057
2026-04-09 17:25:00+00:00,440.079987,440.440002,439.890015,440.119995,34973
2026-04-09 17:30:00+00:00,440.190002,440.309998,439.670013,440.137512,56630
2026-04-09 17:35:00+00:00,440.160004,440.839996,440.049988,440.699493,99232
2026-04-09 17:40:00+00:00,440.665009,440.904999,440.220001,440.359985,135460
2026-04-09 17:45:00+00:00,440.399994,440.885010,440.399994,440.859985,79531
2026-04-09 17:50:00+00:00,440.834991,440.834991,440.429993,440.605011,27599
2026-04-09 17:55:00+00:00,440.630005,440.779999,440.510010,440.595001,21652
2026-04-09 18:00:00+00:00,440.589996,440.611206,439.079987,439.475006,92963
2026-04-09 18:05:00+00:00,439.489990,439.910004,439.059998,439.464996,125059
2026-04-09 18:10:00+00:00,439.519989,439.670013,438.970001,439.202515,70234
2026-04-09 18:15:00+00:00,439.209900,439.660004,439.140015,439.420013,27363
2026-04-09 18:20:00+00:00,439.450012,439.559906,438.690002,438.929993,39050
2026-04-09 18:25:00+00:00,438.979889,439.230011,438.850006,439.130005,98150
2026-04-09 18:30:00+00:00,439.029999,439.109009,438.190002,438.670013,57179
2026-04-09 18:35:00+00:00,438.649994,438.890015,438.399994,438.605011,39119
2026-04-09 18:40:00+00:00,438.619995,438.640015,437.860992,438.049988,48070
2026-04-09 18:45:00+00:00,438.059998,438.290009,437.859985,438.269989,36378
2026-04-09 18:50:00+00:00,438.230011,438.320007,437.980011,438.029999,21140
2026-04-09 18:55:00+00:00,438.084991,438.570007,437.989990,438.260010,43750
2026-04-09 19:00:00+00:00,438.279999,438.640015,437.940002,438.584991,68865
2026-04-09 19:05:00+00:00,438.619995,439.260010,438.480011,439.109985,194887
2026-04-09 19:10:00+00:00,439.140015,439.200012,438.839996,438.929993,35569
2026-04-09 19:15:00+00:00,439.000000,439.059998,438.339996,438.447021,32671
2026-04-09 19:20:00+00:00,438.420013,438.629913,438.279999,438.614990,29679
2026-04-09 19:25:00+00:00,438.600006,438.804993,438.329987,438.369995,35412
2026-04-09 19:30:00+00:00,438.369995,438.769989,437.994995,438.230011,39245
2026-04-09 19:35:00+00:00,438.220001,438.320007,438.089996,438.130005,32207
2026-04-09 19:40:00+00:00,438.149994,438.529999,437.989990,438.165009,77122
2026-04-09 19:45:00+00:00,438.149994,438.214996,437.894989,437.950012,103955
2026-04-09 19:50:00+00:00,437.940002,438.380005,437.940002,438.190002,149710
2026-04-09 19:55:00+00:00,438.170013,438.170013,437.700012,437.850006,234006
2026-04-10 13:30:00+00:00,438.589996,438.959991,437.970001,438.045013,401902
2026-04-10 13:35:00+00:00,438.029999,438.809998,437.570007,438.625000,201948
2026-04-10 13:40:00+00:00,438.600006,438.640015,437.779999,437.989990,123905
2026-04-10 13:45:00+00:00,438.029999,438.429993,437.700012,438.420013,71309
2026-04-10 13:50:00+00:00,438.380005,438.760010,437.989990,438.730011,76350
2026-04-10 13:55:00+00:00,438.730011,438.790009,438.459991,438.459991,76022
2026-04-10 14:00:00+00:00,438.519989,439.053802,438.200012,438.649994,186889
2026-04-10 14:05:00+00:00,438.589996,439.049988,438.540009,438.619995,85252
2026-04-10 14:10:00+00:00,438.630005,439.019989,437.880005,439.019989,164907
2026-04-10 14:15:00+00:00,438.989990,439.790009,438.880005,439.769989,146486
2026-04-10 14:20:00+00:00,439.779999,440.000000,439.510010,439.899994,182918
2026-04-10 14:25:00+00:00,439.890015,440.170013,439.660004,439.989990,223657
2026-04-10 14:30:00+00:00,439.980011,440.350006,439.704987,439.704987,128621
2026-04-10 14:35:00+00:00,439.720001,440.000000,439.640015,439.654999,28860
2026-04-10 14:40:00+00:00,439.643707,439.779999,438.410004,439.029999,105530
2026-04-10 14:45:00+00:00,439.000000,439.309998,438.290009,438.339996,72841
2026-04-10 14:50:00+00:00,438.350006,439.190002,438.190002,438.489990,94518
2026-04-10 14:55:00+00:00,438.500000,439.000000,438.200012,438.540009,95642
2026-04-10 15:00:00+00:00,438.579742,438.950012,438.459991,438.529999,121412
2026-04-10 15:05:00+00:00,438.540009,439.079987,438.140015,439.049988,65328
2026-04-10 15:10:00+00:00,439.049988,439.410004,438.970001,439.239990,55681
2026-04-10 15:15:00+00:00,439.290009,439.700012,439.180115,439.260010,56779
2026-04-10 15:20:00+00:00,439.339996,439.720001,439.230011,439.619995,28140
2026-04-10 15:25:00+00:00,439.579987,439.579987,438.640015,438.695007,31026
2026-04-10 15:30:00+00:00,438.649994,438.899994,438.339996,438.579987,109591
2026-04-10 15:35:00+00:00,438.570007,438.579987,436.799988,437.220001,111318
2026-04-10 15:40:00+00:00,437.269989,437.859985,437.190002,437.760010,109600
2026-04-10 15:45:00+00:00,437.785004,438.130005,437.480011,437.820007,89687
2026-04-10 15:50:00+00:00,437.829987,438.130005,437.709991,437.850006,50011
2026-04-10 15:55:00+00:00,437.838989,437.838989,437.109985,437.399994,60719
2026-04-10 16:00:00+00:00,437.429993,437.519989,436.540009,436.700012,90075
2026-04-10 16:05:00+00:00,436.640015,436.869995,436.000000,436.859985,93493
2026-04-10 16:10:00+00:00,436.899994,437.489990,436.899994,437.480011,51604
2026-04-10 16:15:00+00:00,437.464996,437.640015,437.350006,437.350098,19578
2026-04-10 16:20:00+00:00,437.285004,437.345001,436.734985,437.250000,28446
2026-04-10 16:25:00+00:00,437.179993,437.339996,436.894989,437.039886,28239
2026-04-10 16:30:00+00:00,437.029999,437.470001,436.899994,437.299988,43924
2026-04-10 16:35:00+00:00,437.269989,437.670013,437.260010,437.404999,16395
2026-04-10 16:40:00+00:00,437.407410,437.470001,436.890015,436.920013,36952
2026-04-10 16:45:00+00:00,436.899994,437.390015,436.890015,437.250000,15178
2026-04-10 16:50:00+00:00,437.329987,437.809998,437.279999,437.739990,60348
2026-04-10 16:55:00+00:00,437.730011,437.730011,437.369995,437.500000,54928
2026-04-10 17:00:00+00:00,437.500000,437.600006,437.170013,437.190002,18251
2026-04-10 17:05:00+00:00,437.140015,437.500000,437.070007,437.390015,15125
2026-04-10 17:10:00+00:00,437.380005,437.720001,437.200012,437.635010,33904
2026-04-10 17:15:00+00:00,437.609985,437.940002,437.459991,437.799988,46261
2026-04-10 17:20:00+00:00,437.839996,437.959991,437.290009,437.619995,83182
2026-04-10 17:25:00+00:00,437.622009,438.002502,437.350006,437.440002,59148
2026-04-10 17:30:00+00:00,437.399994,437.700012,437.079987,437.279999,71329
2026-04-10 17:35:00+00:00,437.320007,437.464996,437.020111,437.429993,52934
2026-04-10 17:40:00+00:00,437.380005,437.404999,437.100006,437.100006,18484
2026-04-10 17:45:00+00:00,437.151215,437.561798,437.140015,437.561798,8235
2026-04-10 17:50:00+00:00,437.489990,437.609985,437.171509,437.265015,91592
2026-04-10 17:55:00+00:00,437.260010,437.325012,437.070007,437.149994,38759
2026-04-10 18:00:00+00:00,437.170013,437.209991,436.500000,436.500000,226517
2026-04-10 18:05:00+00:00,436.510010,436.959991,436.309998,436.779999,75216
2026-04-10 18:10:00+00:00,436.785004,437.529999,436.785004,437.429993,141341
2026-04-10 18:15:00+00:00,437.500000,437.880005,437.410095,437.880005,94314
2026-04-10 18:20:00+00:00,437.820007,438.029999,437.535004,437.535004,69222
2026-04-10 18:25:00+00:00,437.500000,437.768494,437.459991,437.660004,20244
2026-04-10 18:30:00+00:00,437.760010,438.209991,437.709991,438.200012,21928
2026-04-10 18:35:00+00:00,438.190002,438.380005,437.924988,438.266296,35101
2026-04-10 18:40:00+00:00,438.269989,438.369995,437.880005,437.880005,49790
2026-04-10 18:45:00+00:00,437.880005,437.914001,437.470001,437.540009,53572
2026-04-10 18:50:00+00:00,437.660004,437.890015,437.649994,437.850006,9842
2026-04-10 18:55:00+00:00,437.890015,437.915009,437.624390,437.700012,17001
2026-04-10 19:00:00+00:00,437.690002,437.859985,437.609985,437.829987,12137
2026-04-10 19:05:00+00:00,437.899994,437.950012,437.690002,437.709991,24562
2026-04-10 19:10:00+00:00,437.720001,437.864990,437.660004,437.815002,93270
2026-04-10 19:15:00+00:00,437.799988,438.109985,437.720001,438.049988,15132
2026-04-10 19:20:00+00:00,438.100006,438.149994,437.839996,437.880005,17968
2026-04-10 19:25:00+00:00,437.880005,437.985992,437.493988,437.549988,48089
2026-04-10 19:30:00+00:00,437.510010,437.699188,437.350006,437.619995,56908
2026-04-10 19:35:00+00:00,437.660004,437.670013,437.380005,437.450012,32352
2026-04-10 19:40:00+00:00,437.480011,437.579987,437.279999,437.519989,35862
2026-04-10 19:45:00+00:00,437.549988,437.609894,437.059998,437.149994,127960
2026-04-10 19:50:00+00:00,437.149994,437.339386,436.975006,437.084991,102511
2026-04-10 19:55:00+00:00,437.079987,437.200012,437.010010,437.170013,145162
2026-04-13 13:30:00+00:00,434.774994,435.109985,434.440094,434.709991,413110
2026-04-13 13:35:00+00:00,434.760010,434.859985,434.109985,434.130005,74163
2026-04-13 13:40:00+00:00,434.109985,434.410004,433.869995,434.149994,72657
2026-04-13 13:45:00+00:00,434.140015,435.350006,433.670013,435.190002,132339
2026-04-13 13:50:00+00:00,435.260101,435.730011,433.649994,434.100006,115370
2026-04-13 13:55:00+00:00,434.144989,434.619995,433.750000,434.490112,63008
2026-04-13 14:00:00+00:00,434.484985,434.500000,433.500000,433.929993,114038
2026-04-13 14:05:00+00:00,433.874115,434.179993,433.600006,433.989990,36926
2026-04-13 14:10:00+00:00,433.989990,434.295013,433.880005,434.140015,92065
2026-04-13 14:15:00+00:00,434.109985,434.200012,433.200012,433.359985,79976
2026-04-13 14:20:00+00:00,433.350006,433.600006,432.460114,433.190002,167950
2026-04-13 14:25:00+00:00,433.179993,433.269989,432.869995,433.100006,34939
2026-04-13 14:30:00+00:00,433.049988,433.500000,432.451996,433.494995,52950
2026-04-13 14:35:00+00:00,433.399994,433.500000,433.024994,433.420013,28972
2026-04-13 14:40:00+00:00,433.419891,433.730011,433.200012,433.619995,86602
2026-04-13 14:45:00+00:00,433.608368,433.799500,432.989990,433.024994,53156
2026-04-13 14:50:00+00:00,433.019989,433.059998,432.559998,432.920013,80821
2026-04-13 14:55:00+00:00,432.869995,433.489990,432.700012,433.359985,37139
2026-04-13 15:00:00+00:00,433.350006,433.410004,432.160004,432.339996,96019
2026-04-13 15:05:00+00:00,432.260010,432.390015,431.630005,432.209991,76666
2026-04-13 15:10:00+00:00,432.100006,432.619995,431.950012,432.299988,62371
2026-04-13 15:15:00+00:00,432.420013,432.720001,432.210114,432.260010,20940
2026-04-13 15:20:00+00:00,432.285004,432.600006,432.079987,432.089996,19914
2026-04-13 15:25:00+00:00,432.088989,432.225006,431.910004,432.035004,29183
2026-04-13 15:30:00+00:00,432.020111,432.529999,431.880005,432.459991,48447
2026-04-13 15:35:00+00:00,432.519989,433.320007,432.519989,433.089996,41395
2026-04-13 15:40:00+00:00,433.049988,433.070007,432.649994,432.795013,17864
2026-04-13 15:45:00+00:00,432.690002,433.049988,432.619995,433.049988,16210
2026-04-13 15:50:00+00:00,433.049988,433.084991,432.769989,432.769989,19482
2026-04-13 15:55:00+00:00,432.760010,432.964996,432.720093,432.950012,20085
2026-04-13 16:00:00+00:00,432.950012,433.070007,432.569672,432.730011,51495
2026-04-13 16:05:00+00:00,432.739990,433.410004,432.519989,433.160004,100631
2026-04-13 16:10:00+00:00,433.170013,433.519989,433.080414,433.439087,17498
2026-04-13 16:15:00+00:00,433.489899,434.399994,433.362396,434.049988,66041
2026-04-13 16:20:00+00:00,434.079987,434.519989,433.739990,434.070007,75756
2026-04-13 16:25:00+00:00,434.109985,434.850006,434.109985,434.540009,130039
2026-04-13 16:30:00+00:00,434.445007,434.970001,434.279999,434.765015,58621
2026-04-13 16:35:00+00:00,434.769989,435.089996,434.609985,435.040009,54953
2026-04-13 16:40:00+00:00,434.920013,435.399994,434.399994,435.359985,46513
2026-04-13 16:45:00+00:00,435.269989,435.929993,434.970093,435.100006,103783
2026-04-13 16:50:00+00:00,435.100006,435.609894,434.869995,435.010010,129164
2026-04-13 16:55:00+00:00,435.019989,435.119995,434.570007,434.649994,42475
2026-04-13 17:00:00+00:00,434.660004,435.200012,434.640015,435.179993,75455
2026-04-13 17:05:00+00:00,435.149994,435.160004,434.010010,434.290009,46033
2026-04-13 17:10:00+00:00,434.299988,434.570007,434.260010,434.450012,38989
2026-04-13 17:15:00+00:00,434.420013,435.750000,434.350006,435.640015,30941
2026-04-13 17:20:00+00:00,435.670013,436.029999,435.459991,435.714996,78372
2026-04-13 17:25:00+00:00,435.720001,436.220001,435.561707,435.609985,104264
2026-04-13 17:30:00+00:00,435.579987,436.000000,435.550110,435.609985,55379
2026-04-13 17:35:00+00:00,435.649994,435.920013,435.649994,435.860107,17511
2026-04-13 17:40:00+00:00,435.859985,435.920013,435.552185,435.679993,34081
2026-04-13 17:45:00+00:00,435.679993,435.695312,435.019989,435.220001,49127
2026-04-13 17:50:00+00:00,435.203888,435.290009,434.170013,434.459991,128167
2026-04-13 17:55:00+00:00,434.369995,434.559998,434.279999,434.420013,26122
2026-04-13 18:00:00+00:00,434.420013,434.640015,434.346893,434.609985,21954
2026-04-13 18:05:00+00:00,434.559998,434.625000,434.290009,434.329987,26213
2026-04-13 18:10:00+00:00,434.390015,434.600006,434.359985,434.404999,11288
2026-04-13 18:15:00+00:00,434.410004,434.510010,433.899994,433.940002,53564
2026-04-13 18:20:00+00:00,433.940002,434.390015,433.880005,434.329987,74603
2026-04-13 18:25:00+00:00,434.329987,434.329987,433.809998,434.170013,34740
2026-04-13 18:30:00+00:00,434.130005,434.739990,434.130005,434.674988,40729
2026-04-13 18:35:00+00:00,434.644989,434.820007,434.529999,434.538086,23568
2026-04-13 18:40:00+00:00,434.549988,434.700012,434.471405,434.695007,33878
2026-04-13 18:45:00+00:00,434.760010,435.029999,434.760010,434.915009,44645
2026-04-13 18:50:00+00:00,434.910004,435.320007,434.750000,435.225006,58772
2026-04-13 18:55:00+00:00,435.250000,435.369995,435.079987,435.145203,25626
2026-04-13 19:00:00+00:00,435.179993,435.260010,434.859985,434.920013,30226
2026-04-13 19:05:00+00:00,434.890015,434.929993,434.454987,434.829987,36823
2026-04-13 19:10:00+00:00,434.799988,434.869995,434.570007,434.829987,39474
2026-04-13 19:15:00+00:00,434.839996,435.125000,434.839996,435.059998,31560
2026-04-13 19:20:00+00:00,435.040009,435.459991,435.029999,435.424988,26793
2026-04-13 19:25:00+00:00,435.429993,435.670013,435.420013,435.579987,31230
2026-04-13 19:30:00+00:00,435.579987,436.010010,435.541199,435.649994,63854
2026-04-13 19:35:00+00:00,435.619995,435.859985,435.450012,435.450012,38255
2026-04-13 19:40:00+00:00,435.440002,435.540009,435.209991,435.464996,86372
2026-04-13 19:45:00+00:00,435.459991,435.480011,435.239990,435.399994,109777
2026-04-13 19:50:00+00:00,435.399994,435.829987,435.399994,435.690002,243589
2026-04-13 19:55:00+00:00,435.709991,435.809998,435.239990,435.339996,275136
2026-04-14 13:30:00+00:00,439.320007,440.339996,439.019989,440.329987,641741
2026-04-14 13:35:00+00:00,440.350006,441.269989,439.850006,439.894989,229789
2026-04-14 13:40:00+00:00,439.894989,440.260010,439.600006,440.229309,117321
2026-04-14 13:45:00+00:00,440.170013,440.375000,439.940002,440.290009,150066
2026-04-14 13:50:00+00:00,440.250000,440.500000,439.869995,440.250000,69603
2026-04-14 13:55:00+00:00,440.190002,440.480011,439.960999,440.390015,77895
2026-04-14 14:00:00+00:00,440.369995,441.140015,440.369995,440.440002,111638
2026-04-14 14:05:00+00:00,440.459991,441.109894,440.170013,441.079987,118898
2026-04-14 14:10:00+00:00,441.070007,441.130005,440.299988,440.399994,62878
2026-04-14 14:15:00+00:00,440.500000,441.510010,440.443512,441.309998,117776
2026-04-14 14:20:00+00:00,441.334991,441.359985,440.720001,441.000000,139911
2026-04-14 14:25:00+00:00,441.010010,441.889893,440.890015,441.779999,109990
2026-04-14 14:30:00+00:00,441.779999,442.410004,441.500000,442.160004,154608
2026-04-14 14:35:00+00:00,442.144989,442.540009,441.015015,441.200012,218698
2026-04-14 14:40:00+00:00,441.230011,441.297211,440.739990,440.779907,110243
2026-04-14 14:45:00+00:00,440.769989,440.989990,440.470001,440.864990,100749
2026-04-14 14:50:00+00:00,440.839996,441.059998,440.570007,441.049988,78234
2026-04-14 14:55:00+00:00,441.070007,441.507904,441.010010,441.220001,114266
2026-04-14 15:00:00+00:00,441.220001,441.260010,440.519989,440.565002,66672
2026-04-14 15:05:00+00:00,440.540009,440.720001,440.070007,440.220001,115568
2026-04-14 15:10:00+00:00,440.230011,440.664886,440.089996,440.381104,51998
2026-04-14 15:15:00+00:00,440.404999,440.959991,440.250000,440.929993,74311
2026-04-14 15:20:00+00:00,440.910004,441.440002,440.859985,441.209991,48584
2026-04-14 15:25:00+00:00,441.220001,441.339294,440.950012,441.130005,37883
2026-04-14 15:30:00+00:00,441.135010,441.820007,441.119995,441.519989,195131
2026-04-14 15:35:00+00:00,441.570007,442.130005,441.570007,441.940002,51445
2026-04-14 15:40:00+00:00,441.934998,441.980011,441.519989,441.720001,47921
2026-04-14 15:45:00+00:00,441.829987,441.910004,441.595001,441.670013,37910
2026-04-14 15:50:00+00:00,441.682190,442.359985,441.649994,441.839996,91067
2026-04-14 15:55:00+00:00,441.839996,441.890015,441.489990,441.609985,85681
2026-04-14 16:00:00+00:00,441.609985,442.037140,441.329987,441.934998,59978
2026-04-14 16:05:00+00:00,441.950012,442.160004,441.720001,441.899994,147679
2026-04-14 16:10:00+00:00,441.899994,441.940002,441.579987,441.779999,142612
2026-04-14 16:15:00+00:00,441.769989,442.450012,441.559998,442.390015,286594
2026-04-14 16:20:00+00:00,442.381104,442.500000,441.850006,442.420013,108642
2026-04-14 16:25:00+00:00,442.420013,442.679993,442.279999,442.394989,85741
2026-04-14 16:30:00+00:00,442.429993,442.760010,442.190002,442.339996,87897
2026-04-14 16:35:00+00:00,442.329987,442.440002,442.089996,442.399994,108553
2026-04-14 16:40:00+00:00,442.420013,442.540009,442.209991,442.309998,35527
2026-04-14 16:45:00+00:00,442.304993,442.304993,441.899994,442.250000,77846
2026-04-14 16:50:00+00:00,442.269989,442.709991,442.059998,442.140015,60619
2026-04-14 16:55:00+00:00,442.149994,442.149994,441.750000,441.829987,86355
2026-04-14 17:00:00+00:00,441.829987,442.529999,441.769989,442.309998,0
2026-04-14 17:05:00+00:00,442.299988,443.890015,442.290009,443.640015,199121
2026-04-14 17:10:00+00:00,443.609985,444.049988,443.350006,443.350006,131871
2026-04-14 17:15:00+00:00,443.369995,443.489990,443.209991,443.390991,55163
2026-04-14 17:20:00+00:00,443.420013,443.720001,443.320007,443.709991,35060
2026-04-14 17:25:00+00:00,443.679993,443.820007,443.160004,443.199402,44208
2026-04-14 17:30:00+00:00,443.220001,444.010010,443.220001,443.779999,42840
2026-04-14 17:35:00+00:00,443.809998,444.510010,443.700012,444.350006,53381
2026-04-14 17:40:00+00:00,444.334991,444.730011,444.234985,444.260010,37312
2026-04-14 17:45:00+00:00,444.269989,444.440002,444.194000,444.359985,21751
2026-04-14 17:50:00+00:00,444.350006,444.540009,444.190002,444.260010,33809
2026-04-14 17:55:00+00:00,444.279999,444.359985,444.029999,444.100006,94758
2026-04-14 18:00:00+00:00,444.149994,444.350006,444.049988,444.280090,97127
2026-04-14 18:05:00+00:00,444.295013,444.839996,444.234985,444.820007,75798
2026-04-14 18:10:00+00:00,444.820007,444.859985,444.109985,444.420013,85629
2026-04-14 18:15:00+00:00,444.410004,444.540009,444.109985,444.170013,36136
2026-04-14 18:20:00+00:00,444.160004,444.299988,443.899994,444.100006,62967
2026-04-14 18:25:00+00:00,444.105011,444.540009,444.059998,444.390015,40744
2026-04-14 18:30:00+00:00,444.359985,444.429993,444.220001,444.239990,36951
2026-04-14 18:35:00+00:00,444.265015,444.500000,444.255188,444.380005,35354
2026-04-14 18:40:00+00:00,444.359985,444.447510,444.010101,444.069885,33329
2026-04-14 18:45:00+00:00,444.070007,444.170013,443.750000,443.920013,91220
2026-04-14 18:50:00+00:00,443.920013,444.089996,443.700012,444.010010,74154
2026-04-14 18:55:00+00:00,444.059998,444.250000,444.040009,444.174988,46531
2026-04-14 19:00:00+00:00,444.279999,444.720001,444.220001,444.679993,62978
2026-04-14 19:05:00+00:00,444.670013,444.720001,444.540009,444.720001,30081
2026-04-14 19:10:00+00:00,444.690002,444.807404,444.625305,444.660004,33295
2026-04-14 19:15:00+00:00,444.700012,444.790009,444.429993,444.500000,35360
2026-04-14 19:20:00+00:00,444.529999,444.730011,444.529999,444.570007,29110
2026-04-14 19:25:00+00:00,444.549988,444.670013,444.420013,444.630005,31821
2026-04-14 19:30:00+00:00,444.619995,444.920013,444.489990,444.554993,97725
2026-04-14 19:35:00+00:00,444.559998,444.799988,444.440002,444.739990,109567
2026-04-14 19:40:00+00:00,444.750000,444.809998,444.570007,444.660004,132713
2026-04-14 19:45:00+00:00,444.674988,444.864990,444.579987,444.850006,201863
2026-04-14 19:50:00+00:00,444.869995,444.940002,444.679993,444.700012,453222
2026-04-14 19:55:00+00:00,444.700012,445.179993,444.660004,445.029999,515118
2026-04-15 13:30:00+00:00,442.880005,442.959991,442.359985,442.570007,661078
2026-04-15 13:35:00+00:00,442.609985,443.200012,442.279999,443.069885,98372
2026-04-15 13:40:00+00:00,443.045013,443.199890,442.515015,442.730011,93804
2026-04-15 13:45:00+00:00,442.739990,443.230011,442.690002,443.200012,148947
2026-04-15 13:50:00+00:00,443.200012,443.404999,442.869995,443.200012,91850
2026-04-15 13:55:00+00:00,443.220001,443.660004,443.070007,443.545013,330207
2026-04-15 14:00:00+00:00,443.500000,443.670013,442.774994,443.209991,135992
2026-04-15 14:05:00+00:00,443.299988,443.420013,443.104797,443.144989,51500
2026-04-15 14:10:00+00:00,443.179901,443.510010,443.100006,443.470093,56547
2026-04-15 14:15:00+00:00,443.489990,443.739990,443.089996,443.160004,184248
2026-04-15 14:20:00+00:00,443.149994,443.380005,442.990906,443.250000,90823
2026-04-15 14:25:00+00:00,443.200012,443.359985,442.904999,443.170013,53405
2026-04-15 14:30:00+00:00,443.179993,443.209991,442.480011,442.649994,95262
2026-04-15 14:35:00+00:00,442.645691,442.910004,442.309998,442.364990,62128
2026-04-15 14:40:00+00:00,442.440002,442.859985,442.415009,442.670013,57609
2026-04-15 14:45:00+00:00,442.670013,442.670013,442.299988,442.390015,40462
2026-04-15 14:50:00+00:00,442.420013,442.600006,442.119995,442.250000,139401
2026-04-15 14:55:00+00:00,442.220001,442.579987,442.220001,442.299988,82923
2026-04-15 15:00:00+00:00,442.329987,442.369995,441.679993,441.790009,111491
2026-04-15 15:05:00+00:00,441.769989,441.839386,440.860107,441.510010,173659
2026-04-15 15:10:00+00:00,441.510010,442.000000,441.329712,441.850006,76138
2026-04-15 15:15:00+00:00,441.839996,441.869995,441.230011,441.720001,49378
2026-04-15 15:20:00+00:00,441.711212,441.760010,441.109985,441.309998,91064
2026-04-15 15:25:00+00:00,441.309998,441.450012,440.640015,440.670013,104796
2026-04-15 15:30:00+00:00,440.720001,440.880005,439.600006,440.470001,209140
2026-04-15 15:35:00+00:00,440.459991,441.279999,440.459991,440.959991,102970
2026-04-15 15:40:00+00:00,440.989990,441.480011,440.989990,441.209991,47481
2026-04-15 15:45:00+00:00,441.190002,441.529999,441.089996,441.119995,92215
2026-04-15 15:50:00+00:00,441.119995,441.440002,441.109985,441.380005,36788
2026-04-15 15:55:00+00:00,441.350006,441.399994,440.829987,441.010010,62215
2026-04-15 16:00:00+00:00,441.019989,441.549988,440.910004,441.279999,73117
2026-04-15 16:05:00+00:00,441.307007,441.619995,441.190002,441.535004,30792
2026-04-15 16:10:00+00:00,441.535004,441.820007,441.429993,441.640015,44640
2026-04-15 16:15:00+00:00,441.660004,442.000000,441.359985,441.489990,181815
2026-04-15 16:20:00+00:00,441.505005,441.839996,441.500000,441.649994,33831
2026-04-15 16:25:00+00:00,441.630005,442.040009,441.570007,441.880005,35503
2026-04-15 16:30:00+00:00,441.920013,441.959991,441.595001,441.739990,29583
2026-04-15 16:35:00+00:00,441.760010,441.959991,441.480011,441.520111,28908
2026-04-15 16:40:00+00:00,441.529999,441.700012,441.119995,441.234985,71284
2026-04-15 16:45:00+00:00,441.260010,441.454987,441.130005,441.339996,32250
2026-04-15 16:50:00+00:00,441.380005,441.559998,440.880005,441.029999,90852
2026-04-15 16:55:00+00:00,441.054993,441.399994,440.989990,441.234985,27262
2026-04-15 17:00:00+00:00,441.234985,441.339996,440.956207,440.956207,17935
2026-04-15 17:05:00+00:00,440.959991,441.130005,440.809998,441.109985,29575
2026-04-15 17:10:00+00:00,441.109985,441.149994,440.700012,440.709991,32504
2026-04-15 17:15:00+00:00,440.700104,441.109985,440.700104,440.950012,33417
2026-04-15 17:20:00+00:00,440.989990,441.545013,440.984985,441.470001,20148
2026-04-15 17:25:00+00:00,441.489990,441.670013,440.899994,441.040009,33816
2026-04-15 17:30:00+00:00,441.000000,441.135010,440.635010,440.929993,24404
2026-04-15 17:35:00+00:00,440.940002,441.100006,440.612091,440.612091,36128
2026-04-15 17:40:00+00:00,440.609985,440.649994,440.140808,440.279999,30942
2026-04-15 17:45:00+00:00,440.390015,440.480011,440.290009,440.410004,16594
2026-04-15 17:50:00+00:00,440.420013,440.464996,440.029999,440.260010,29214
2026-04-15 17:55:00+00:00,440.260010,440.459991,440.100006,440.170013,75633
2026-04-15 18:00:00+00:00,440.190002,440.934998,440.000000,440.570007,63695
2026-04-15 18:05:00+00:00,440.540009,440.750000,440.160004,440.214996,40290
2026-04-15 18:10:00+00:00,440.339996,440.659912,440.234985,440.654999,12884
2026-04-15 18:15:00+00:00,440.629913,440.789307,440.359985,440.427490,27762
2026-04-15 18:20:00+00:00,440.410004,440.589996,440.341187,440.419891,16970
2026-04-15 18:25:00+00:00,440.380005,440.429993,440.239990,440.390015,18373
2026-04-15 18:30:00+00:00,440.440002,440.749908,440.420013,440.728912,42219
2026-04-15 18:35:00+00:00,440.679993,440.700012,440.459991,440.600006,30351
2026-04-15 18:40:00+00:00,440.579987,440.649994,440.359985,440.630005,77589
2026-04-15 18:45:00+00:00,440.649994,440.850006,440.600006,440.765015,38958
2026-04-15 18:50:00+00:00,440.774994,441.079987,440.609985,440.665009,53727
2026-04-15 18:55:00+00:00,440.630005,441.070007,440.609985,440.899994,76191
2026-04-15 19:00:00+00:00,440.859985,441.008209,440.750000,440.998413,31079
2026-04-15 19:05:00+00:00,441.000000,441.193787,440.869995,441.070007,23181
2026-04-15 19:10:00+00:00,441.070007,441.200012,440.730011,440.790009,28525
2026-04-15 19:15:00+00:00,440.809998,440.989990,440.670013,440.989990,27395
2026-04-15 19:20:00+00:00,440.989807,441.100006,440.890015,441.010010,20279
2026-04-15 19:25:00+00:00,441.000000,441.190002,440.980011,441.190002,29688
2026-04-15 19:30:00+00:00,441.130005,441.170013,440.989990,441.010010,36405
2026-04-15 19:35:00+00:00,441.020386,441.059998,440.734985,440.734985,31431
2026-04-15 19:40:00+00:00,440.739990,440.799988,440.459991,440.630005,43449
2026-04-15 19:45:00+00:00,440.609985,440.829987,440.519989,440.780914,62539
2026-04-15 19:50:00+00:00,440.809998,441.049988,440.660004,440.750000,235849
2026-04-15 19:55:00+00:00,440.760010,440.829987,440.309998,440.450012,334551
2026-04-16 13:30:00+00:00,442.149994,442.809998,441.920013,442.709991,506527
2026-04-16 13:35:00+00:00,442.779999,442.980011,442.320007,442.700012,64995
2026-04-16 13:40:00+00:00,442.744995,442.969910,442.000000,442.290009,58315
2026-04-16 13:45:00+00:00,442.239990,442.549988,441.631714,442.049988,109518
2026-04-16 13:50:00+00:00,442.010010,442.179993,439.799988,440.179993,263937
2026-04-16 13:55:00+00:00,440.160004,440.589996,439.329987,440.369995,271605
2026-04-16 14:00:00+00:00,440.279999,440.549988,439.700012,440.049988,181082
2026-04-16 14:05:00+00:00,440.079987,440.820007,439.420013,440.820007,288613
2026-04-16 14:10:00+00:00,440.825012,441.279999,440.690002,440.829987,63243
2026-04-16 14:15:00+00:00,440.880005,441.040009,440.195007,440.274994,31239
2026-04-16 14:20:00+00:00,440.239990,440.510986,439.910004,440.380005,51207
2026-04-16 14:25:00+00:00,440.320007,440.730011,440.170105,440.690002,45713
2026-04-16 14:30:00+00:00,440.739990,440.829987,440.150085,440.480011,28439
2026-04-16 14:35:00+00:00,440.510010,440.529999,439.869995,439.869995,53752
2026-04-16 14:40:00+00:00,439.890015,439.890015,438.179993,439.630005,186286
2026-04-16 14:45:00+00:00,439.649994,440.040009,439.420013,439.862610,42772
2026-04-16 14:50:00+00:00,439.940002,440.170013,439.579987,439.980011,26215
2026-04-16 14:55:00+00:00,439.898102,439.970001,439.442200,439.804993,18023
2026-04-16 15:00:00+00:00,439.730011,441.029999,439.720001,440.842499,36847
2026-04-16 15:05:00+00:00,440.829987,441.859985,440.649994,441.529999,60729
2026-04-16 15:10:00+00:00,441.559998,441.950012,441.269989,441.369995,122707
2026-04-16 15:15:00+00:00,441.399994,441.649994,440.953003,441.059998,33106
2026-04-16 15:20:00+00:00,441.089996,441.390015,440.994598,441.209991,66928
2026-04-16 15:25:00+00:00,441.221405,441.489990,441.019989,441.019989,19805
2026-04-16 15:30:00+00:00,440.920013,441.290009,440.800110,440.869995,31693
2026-04-16 15:35:00+00:00,440.910004,441.809998,440.570007,441.329987,124742
2026-04-16 15:40:00+00:00,441.339996,441.404999,440.750000,441.019989,19396
2026-04-16 15:45:00+00:00,440.989990,441.450104,440.890015,441.059998,23588
2026-04-16 15:50:00+00:00,441.130005,441.479004,441.130005,441.260010,14472
2026-04-16 15:55:00+00:00,441.230011,441.540009,441.179993,441.399994,19507
2026-04-16 16:00:00+00:00,441.440002,441.739990,441.339996,441.630005,98022
2026-04-16 16:05:00+00:00,441.570007,441.609985,441.339996,441.362488,18609
2026-04-16 16:10:00+00:00,441.359985,441.459991,441.070007,441.250000,84411
2026-04-16 16:15:00+00:00,441.260010,441.350006,441.010010,441.170013,30783
2026-04-16 16:20:00+00:00,441.140594,441.170013,440.579987,440.609985,20666
2026-04-16 16:25:00+00:00,440.640015,440.809998,440.480011,440.695007,33219
2026-04-16 16:30:00+00:00,440.740295,440.750000,439.500000,440.095001,38750
2026-04-16 16:35:00+00:00,440.095001,440.589996,439.920013,440.399994,110668
2026-04-16 16:40:00+00:00,440.440002,440.440002,439.649994,439.880096,16907
2026-04-16 16:45:00+00:00,439.779999,439.929993,439.371002,439.630005,23866
2026-04-16 16:50:00+00:00,439.560089,440.190002,439.560089,439.839996,17435
2026-04-16 16:55:00+00:00,439.885010,440.290009,439.869995,440.075012,22977
2026-04-16 17:00:00+00:00,440.098694,440.315002,439.859985,440.035004,21866
2026-04-16 17:05:00+00:00,440.029999,440.299988,439.890015,440.269989,30489
2026-04-16 17:10:00+00:00,440.299988,440.344299,439.799988,439.984985,10239
2026-04-16 17:15:00+00:00,439.984985,440.040009,439.755005,439.850006,10428
2026-04-16 17:20:00+00:00,439.929993,440.152893,439.820007,440.049988,106347
2026-04-16 17:25:00+00:00,440.079987,440.230011,439.399994,439.399994,36677
2026-04-16 17:30:00+00:00,439.390015,439.760010,439.179993,439.190002,20171
2026-04-16 17:35:00+00:00,439.299988,439.510010,439.059998,439.130005,21195
2026-04-16 17:40:00+00:00,439.079987,439.589996,439.079987,439.579987,22933
2026-04-16 17:45:00+00:00,439.529999,439.720001,439.350006,439.700012,12303
2026-04-16 17:50:00+00:00,439.700012,439.730011,439.489990,439.540009,42105
2026-04-16 17:55:00+00:00,439.489990,439.970001,439.149994,439.750000,146413
2026-04-16 18:00:00+00:00,439.739990,440.230011,439.500000,439.868713,24352
2026-04-16 18:05:00+00:00,439.866486,440.170013,439.790009,439.850006,11821
2026-04-16 18:10:00+00:00,439.869995,439.890015,439.627197,439.838806,26681
2026-04-16 18:15:00+00:00,439.829987,439.970001,439.709991,439.820007,29281
2026-04-16 18:20:00+00:00,439.850006,440.109985,439.820007,439.839996,15059
2026-04-16 18:25:00+00:00,439.890015,439.980011,439.579987,439.589996,25153
2026-04-16 18:30:00+00:00,439.589996,439.859985,439.549988,439.700012,21686
2026-04-16 18:35:00+00:00,439.744995,439.820007,439.579987,439.739990,42604
2026-04-16 18:40:00+00:00,439.790009,439.963287,439.679993,439.869995,19042
2026-04-16 18:45:00+00:00,439.799988,439.949890,439.739990,439.799988,67096
2026-04-16 18:50:00+00:00,439.829987,440.100006,439.720001,439.859985,18057
2026-04-16 18:55:00+00:00,439.869995,439.929993,439.690399,439.739990,17834
2026-04-16 19:00:00+00:00,439.859985,440.320007,439.809998,440.059998,30107
2026-04-16 19:05:00+00:00,440.100006,440.239990,440.000000,440.140015,28127
2026-04-16 19:10:00+00:00,440.179993,440.220001,439.829987,439.859985,48789
2026-04-16 19:15:00+00:00,439.885010,440.160004,439.885010,440.135010,20496
2026-04-16 19:20:00+00:00,440.130005,440.200012,439.989990,440.079987,21876
2026-04-16 19:25:00+00:00,440.109192,440.109192,439.890015,439.890015,27067
2026-04-16 19:30:00+00:00,440.000000,440.160004,439.980103,440.005005,33611
2026-04-16 19:35:00+00:00,439.989990,440.165009,439.899994,440.165009,49709
2026-04-16 19:40:00+00:00,440.190002,440.579987,440.149994,440.559998,36142
2026-04-16 19:45:00+00:00,440.579987,440.635010,440.149994,440.190002,94827
2026-04-16 19:50:00+00:00,440.190002,440.269989,440.029999,440.260010,76671
2026-04-16 19:55:00+00:00,440.260010,440.359985,439.000000,440.160004,220593
2026-04-17 13:30:00+00:00,445.649994,446.079987,445.320007,445.940002,1136566
2026-04-17 13:35:00+00:00,445.959991,447.179993,445.929993,447.059998,184106
2026-04-17 13:40:00+00:00,447.059998,447.600006,446.660004,446.769989,192870
2026-04-17 13:45:00+00:00,446.799988,447.100006,445.619995,446.832001,255351
2026-04-17 13:50:00+00:00,446.875000,448.200012,446.640015,447.980103,225538
2026-04-17 13:55:00+00:00,447.980011,448.380005,447.769989,448.209991,192195
2026-04-17 14:00:00+00:00,448.299988,448.700012,447.779999,447.829987,241164
2026-04-17 14:05:00+00:00,447.890015,447.989990,447.200012,447.480011,163554
2026-04-17 14:10:00+00:00,447.459991,447.519989,446.451996,447.019989,155150
2026-04-17 14:15:00+00:00,447.109985,447.690002,447.059998,447.359985,139429
2026-04-17 14:20:00+00:00,447.359985,448.170013,446.915100,448.089996,140964
2026-04-17 14:25:00+00:00,448.089996,448.260010,447.450012,447.464996,106326
2026-04-17 14:30:00+00:00,447.480011,448.040009,447.250092,447.989990,75583
2026-04-17 14:35:00+00:00,447.952789,448.209991,447.369995,447.790009,92581
2026-04-17 14:40:00+00:00,447.809998,448.489990,447.760010,447.984985,170183
2026-04-17 14:45:00+00:00,448.019989,448.359985,447.660004,448.239990,113679
2026-04-17 14:50:00+00:00,448.190002,448.220001,447.290009,447.920013,229604
2026-04-17 14:55:00+00:00,447.950012,448.039886,447.579010,447.579010,92805
2026-04-17 15:00:00+00:00,447.630005,447.660004,446.589996,447.117706,140162
2026-04-17 15:05:00+00:00,447.130005,448.299988,447.130005,447.570007,200517
2026-04-17 15:10:00+00:00,447.549988,447.609985,446.910004,447.059998,50131
2026-04-17 15:15:00+00:00,447.109985,447.690002,446.700012,446.869995,53490
2026-04-17 15:20:00+00:00,446.839996,447.709991,446.660004,447.279999,130518
2026-04-17 15:25:00+00:00,447.269989,447.369995,446.869995,446.890015,87415
2026-04-17 15:30:00+00:00,446.929993,447.648590,446.799988,447.640015,100885
2026-04-17 15:35:00+00:00,447.630005,447.630005,447.109985,447.260010,133524
2026-04-17 15:40:00+00:00,447.230011,447.320007,445.929993,446.255005,133490
2026-04-17 15:45:00+00:00,446.274994,446.820007,446.200012,446.720001,95686
2026-04-17 15:50:00+00:00,446.739990,447.329987,446.730011,447.249908,67030
2026-04-17 15:55:00+00:00,447.220001,447.470001,446.980011,447.054993,33956
2026-04-17 16:00:00+00:00,447.070007,447.390015,446.700012,447.019989,34494
2026-04-17 16:05:00+00:00,447.049988,447.579987,446.859985,447.480011,107868
2026-04-17 16:10:00+00:00,447.468994,447.619995,447.350006,447.440002,42135
2026-04-17 16:15:00+00:00,447.500000,447.630005,447.325592,447.369995,28230
2026-04-17 16:20:00+00:00,447.369995,447.589996,447.309998,447.364014,41810
2026-04-17 16:25:00+00:00,447.339996,447.440002,447.089996,447.100006,57761
2026-04-17 16:30:00+00:00,447.220001,447.470001,447.109985,447.420013,32745
2026-04-17 16:35:00+00:00,447.445007,447.579987,447.339996,447.450012,49724
2026-04-17 16:40:00+00:00,447.459991,447.559998,447.084991,447.140015,63885
2026-04-17 16:45:00+00:00,447.230011,447.239990,446.880005,446.980011,47695
2026-04-17 16:50:00+00:00,446.950012,447.100006,446.859985,446.980011,81504
2026-04-17 16:55:00+00:00,446.989990,447.079987,446.859985,447.049988,39779
2026-04-17 17:00:00+00:00,447.100006,447.260010,446.850006,447.015015,40618
2026-04-17 17:05:00+00:00,447.010010,447.189911,446.200012,446.549988,58586
2026-04-17 17:10:00+00:00,446.529999,446.787903,446.170013,446.660004,37711
2026-04-17 17:15:00+00:00,446.690002,446.839996,446.611206,446.679901,22110
2026-04-17 17:20:00+00:00,446.660004,446.739990,445.779999,445.809998,270139
2026-04-17 17:25:00+00:00,445.920013,446.299988,445.839996,446.250000,39187
2026-04-17 17:30:00+00:00,446.250000,446.679413,446.140106,446.540100,84607
2026-04-17 17:35:00+00:00,446.540009,446.600006,445.980011,446.160004,66947
2026-04-17 17:40:00+00:00,446.190002,446.288788,445.839996,445.929993,59372
2026-04-17 17:45:00+00:00,445.910004,446.498108,445.910004,446.429993,43179
2026-04-17 17:50:00+00:00,446.410004,446.659912,446.380005,446.529999,28508
2026-04-17 17:55:00+00:00,446.540009,446.690002,446.489990,446.649994,41724
2026-04-17 18:00:00+00:00,446.709991,446.839996,446.559998,446.609985,56765
2026-04-17 18:05:00+00:00,446.630005,447.010010,446.579987,446.730011,136883
2026-04-17 18:10:00+00:00,446.739990,446.769989,446.459991,446.494995,108568
2026-04-17 18:15:00+00:00,446.500000,446.816010,446.459991,446.579895,69403
2026-04-17 18:20:00+00:00,446.559998,446.959991,446.320007,446.890015,47308
2026-04-17 18:25:00+00:00,446.890015,447.170013,446.489990,446.489990,92667
2026-04-17 18:30:00+00:00,446.510010,447.029999,446.450012,446.959991,80123
2026-04-17 18:35:00+00:00,446.959991,446.970001,446.589996,446.670013,40694
2026-04-17 18:40:00+00:00,446.674988,446.719910,446.459991,446.605011,55914
2026-04-17 18:45:00+00:00,446.609985,446.700012,446.410004,446.489990,63922
2026-04-17 18:50:00+00:00,446.519989,446.519989,446.000000,446.114197,52772
2026-04-17 18:55:00+00:00,446.089996,446.390015,446.029999,446.269989,49816
2026-04-17 19:00:00+00:00,446.260010,446.309998,446.000000,446.260010,41117
2026-04-17 19:05:00+00:00,446.255005,446.255005,445.910004,445.920013,49374
2026-04-17 19:10:00+00:00,445.959991,446.169891,445.845001,446.070007,36426
2026-04-17 19:15:00+00:00,446.060089,446.239990,445.980011,446.009888,426469
2026-04-17 19:20:00+00:00,446.029999,446.209991,445.850006,445.959991,43230
2026-04-17 19:25:00+00:00,445.950012,446.109985,445.880005,446.100006,34962
2026-04-17 19:30:00+00:00,446.100006,446.269989,446.010010,446.179993,72875
2026-04-17 19:35:00+00:00,446.179993,446.480011,446.019989,446.410004,132918
2026-04-17 19:40:00+00:00,446.419800,446.540009,446.239990,446.429993,150714
2026-04-17 19:45:00+00:00,446.420013,446.440002,446.170013,446.309998,171869
2026-04-17 19:50:00+00:00,446.320007,446.359985,445.910004,445.979004,158062
2026-04-17 19:55:00+00:00,445.980011,445.994995,445.740906,445.880005,363662
2026-04-20 13:30:00+00:00,443.130005,443.239990,442.329987,442.869995,627854
2026-04-20 13:35:00+00:00,442.880005,443.204987,442.290009,442.480011,181739
2026-04-20 13:40:00+00:00,442.494995,443.049988,442.369995,442.859985,397623
2026-04-20 13:45:00+00:00,442.880005,443.109711,442.579987,442.720001,58548
2026-04-20 13:50:00+00:00,442.760010,442.890015,442.470001,442.809998,63629
2026-04-20 13:55:00+00:00,442.799988,442.959991,442.440002,442.509003,71102
2026-04-20 14:00:00+00:00,442.540009,442.549988,441.890015,442.475006,138241
2026-04-20 14:05:00+00:00,442.489990,442.540009,441.940002,442.010010,73796
2026-04-20 14:10:00+00:00,442.029999,442.480011,441.420013,442.420013,504042
2026-04-20 14:15:00+00:00,442.339996,442.559998,442.209991,442.399994,164647
2026-04-20 14:20:00+00:00,442.410004,443.250000,442.345001,443.201691,67067
2026-04-20 14:25:00+00:00,443.230011,443.359985,442.829987,443.019989,128199
2026-04-20 14:30:00+00:00,443.010315,443.420013,442.450012,442.559998,51473
2026-04-20 14:35:00+00:00,442.579987,442.589996,442.059998,442.140015,186028
2026-04-20 14:40:00+00:00,442.149994,442.257294,441.799988,442.150085,37289
2026-04-20 14:45:00+00:00,442.100006,442.200012,441.760010,442.040009,272823
2026-04-20 14:50:00+00:00,442.040009,442.140015,440.059998,441.720001,238748
2026-04-20 14:55:00+00:00,441.700012,441.709991,440.829987,441.339996,85558
2026-04-20 15:00:00+00:00,441.339996,441.549988,440.529999,440.704987,83446
2026-04-20 15:05:00+00:00,440.737488,440.940002,440.339996,440.649994,94367
2026-04-20 15:10:00+00:00,440.609985,441.190002,440.179993,440.674988,176394
2026-04-20 15:15:00+00:00,440.709991,440.890015,440.290009,440.700012,126334
2026-04-20 15:20:00+00:00,440.589996,441.359985,440.500000,441.239990,203016
2026-04-20 15:25:00+00:00,441.234985,441.730011,441.130005,441.649994,94402
2026-04-20 15:30:00+00:00,441.619995,441.690002,441.165009,441.239990,57609
2026-04-20 15:35:00+00:00,441.230011,441.250000,440.875000,441.010010,39803
2026-04-20 15:40:00+00:00,440.989990,441.209991,440.769989,440.825012,47294
2026-04-20 15:45:00+00:00,440.790100,440.950012,440.559998,440.785004,70419
2026-04-20 15:50:00+00:00,440.790009,440.809998,440.390015,440.399994,66711
2026-04-20 15:55:00+00:00,440.399994,440.920013,440.399994,440.790009,58563
2026-04-20 16:00:00+00:00,440.809998,440.940002,440.290009,440.359985,41051
2026-04-20 16:05:00+00:00,440.320007,440.640015,440.279999,440.614990,36349
2026-04-20 16:10:00+00:00,440.609985,440.779999,440.609985,440.670013,46008
2026-04-20 16:15:00+00:00,440.674988,440.799988,440.183990,440.489990,133186
2026-04-20 16:20:00+00:00,440.519989,440.779999,440.510101,440.679993,47815
2026-04-20 16:25:00+00:00,440.640015,441.000000,440.609985,440.915009,45592
2026-04-20 16:30:00+00:00,440.940002,441.219788,440.859985,440.869995,104832
2026-04-20 16:35:00+00:00,440.864990,440.888702,440.725006,440.845001,26408
2026-04-20 16:40:00+00:00,440.839996,441.260010,440.760010,441.045013,43503
2026-04-20 16:45:00+00:00,441.040009,441.260010,441.000000,441.149994,55328
2026-04-20 16:50:00+00:00,441.160004,441.390015,441.130005,441.299988,29068
2026-04-20 16:55:00+00:00,441.279999,441.380005,441.184998,441.364990,535855
2026-04-20 17:00:00+00:00,441.390015,441.640015,441.200012,441.540009,42327
2026-04-20 17:05:00+00:00,441.529999,441.750000,441.459991,441.734985,67035
2026-04-20 17:10:00+00:00,441.734985,441.839996,441.635010,441.640015,58168
2026-04-20 17:15:00+00:00,441.660004,441.790009,441.540009,441.709991,227904
2026-04-20 17:20:00+00:00,441.709991,441.920013,441.549988,441.600006,47924
2026-04-20 17:25:00+00:00,441.619995,441.809998,441.450012,441.804993,57221
2026-04-20 17:30:00+00:00,441.779999,441.987000,441.320007,441.359985,56072
2026-04-20 17:35:00+00:00,441.339996,441.839996,441.339996,441.801300,32062
2026-04-20 17:40:00+00:00,441.769989,441.980011,441.640015,441.739990,28102
2026-04-20 17:45:00+00:00,441.720001,441.739899,441.579987,441.670013,22144
2026-04-20 17:50:00+00:00,441.690002,441.760010,441.549988,441.720001,26013
2026-04-20 17:55:00+00:00,441.717499,441.730011,441.399994,441.475006,208573
2026-04-20 18:00:00+00:00,441.500000,441.989990,441.500000,441.945007,46521
2026-04-20 18:05:00+00:00,441.938690,442.260010,441.890015,442.190002,45794
2026-04-20 18:10:00+00:00,442.205994,442.339996,441.899994,442.339996,30764
2026-04-20 18:15:00+00:00,442.279999,442.290009,442.010010,442.170013,69434
2026-04-20 18:20:00+00:00,442.154999,442.279602,442.029999,442.125000,34596
2026-04-20 18:25:00+00:00,442.130005,442.188293,441.940002,442.130005,61876
2026-04-20 18:30:00+00:00,442.160004,442.309998,441.994995,442.230011,67175
2026-04-20 18:35:00+00:00,442.269989,442.290009,441.890015,441.980011,16782
2026-04-20 18:40:00+00:00,442.000000,442.319000,442.000000,442.230011,20223
2026-04-20 18:45:00+00:00,442.250000,442.369995,442.170013,442.260010,29079
2026-04-20 18:50:00+00:00,442.260010,442.420013,442.239990,442.260010,21548
2026-04-20 18:55:00+00:00,442.299988,442.369995,442.089996,442.195007,28040
2026-04-20 19:00:00+00:00,442.170013,442.600006,442.170013,442.480011,57203
2026-04-20 19:05:00+00:00,442.500000,442.730011,442.470001,442.725006,54012
2026-04-20 19:10:00+00:00,442.720001,442.820007,442.579987,442.739990,57371
2026-04-20 19:15:00+00:00,442.734985,442.739990,442.500000,442.589996,138257
2026-04-20 19:20:00+00:00,442.584991,442.640015,442.440002,442.600006,42441
2026-04-20 19:25:00+00:00,442.579987,442.600006,442.350006,442.459991,43807
2026-04-20 19:30:00+00:00,442.459991,442.470001,442.130005,442.230011,92621
2026-04-20 19:35:00+00:00,442.209991,442.239990,441.690002,441.829987,208226
2026-04-20 19:40:00+00:00,441.834991,442.049988,441.809998,441.910004,56043
2026-04-20 19:45:00+00:00,441.910004,442.070007,441.880005,441.989990,65574
2026-04-20 19:50:00+00:00,441.989990,442.059113,441.869995,441.869995,79003
2026-04-20 19:55:00+00:00,441.890015,442.170013,441.829987,442.169891,262612
2026-04-21 13:30:00+00:00,438.549988,439.119995,438.420013,438.600006,538494
2026-04-21 13:35:00+00:00,438.561005,439.484985,438.059998,439.380005,119849
2026-04-21 13:40:00+00:00,439.380005,440.149994,439.369995,439.779999,156935
2026-04-21 13:45:00+00:00,439.790009,440.244995,439.480011,439.760010,81786
2026-04-21 13:50:00+00:00,439.670013,440.190002,439.600006,439.799988,49496
2026-04-21 13:55:00+00:00,439.790009,439.795013,438.700012,438.829987,69439
2026-04-21 14:00:00+00:00,438.850006,439.079987,438.350006,439.019989,65102
2026-04-21 14:05:00+00:00,438.984985,439.200012,438.899994,439.010010,56277
2026-04-21 14:10:00+00:00,439.010010,439.010010,438.619995,438.815002,57514
2026-04-21 14:15:00+00:00,438.820007,439.000000,438.680115,438.820007,50394
2026-04-21 14:20:00+00:00,438.730011,438.801910,438.200012,438.269989,65753
2026-04-21 14:25:00+00:00,438.250000,438.540009,438.010010,438.440002,57516
2026-04-21 14:30:00+00:00,438.420013,438.529999,437.350006,437.850006,140181
2026-04-21 14:35:00+00:00,437.899994,438.000000,437.109985,437.269989,78319
2026-04-21 14:40:00+00:00,437.274994,437.450012,435.670013,435.760010,373978
2026-04-21 14:45:00+00:00,435.750000,435.850006,433.850006,434.190002,217588
2026-04-21 14:50:00+00:00,434.100006,435.250000,433.760010,435.214996,160985
2026-04-21 14:55:00+00:00,435.209991,435.570007,434.795013,435.279999,162628
2026-04-21 15:00:00+00:00,435.290009,435.410004,434.450012,434.799988,74850
2026-04-21 15:05:00+00:00,434.790009,435.350006,434.000000,435.345001,106271
2026-04-21 15:10:00+00:00,435.369995,436.269989,435.306488,436.070007,71741
2026-04-21 15:15:00+00:00,436.089996,436.760010,435.740112,436.730011,95192
2026-04-21 15:20:00+00:00,436.779999,436.929993,436.070007,436.260010,221893
2026-04-21 15:25:00+00:00,436.170013,436.170013,435.420013,435.510010,199721
2026-04-21 15:30:00+00:00,435.489990,435.809998,435.380615,435.640015,60207
2026-04-21 15:35:00+00:00,435.602386,435.670013,434.899994,435.579407,103195
2026-04-21 15:40:00+00:00,435.579987,435.959991,435.170013,435.779999,49390
2026-04-21 15:45:00+00:00,435.839996,436.200012,435.630005,435.919891,123552
2026-04-21 15:50:00+00:00,435.809998,435.809998,435.299988,435.375000,32525
2026-04-21 15:55:00+00:00,435.410004,435.470001,435.230011,435.420105,29286
2026-04-21 16:00:00+00:00,435.489990,435.970001,435.334991,435.334991,93803
2026-04-21 16:05:00+00:00,435.320007,435.441803,434.850006,434.864990,32648
2026-04-21 16:10:00+00:00,434.834991,434.834991,434.109985,434.381104,57221
2026-04-21 16:15:00+00:00,434.410004,434.755005,434.260101,434.570007,35714
2026-04-21 16:20:00+00:00,434.489990,434.589996,434.149994,434.429993,26169
2026-04-21 16:25:00+00:00,434.450012,434.450012,433.380005,433.549988,77555
2026-04-21 16:30:00+00:00,433.529999,434.010010,433.440002,433.855011,45217
2026-04-21 16:35:00+00:00,433.850006,434.140015,433.415405,433.809998,41623
2026-04-21 16:40:00+00:00,433.799988,433.899994,433.540009,433.540009,14827
2026-04-21 16:45:00+00:00,433.570007,433.709991,433.320007,433.609985,49754
2026-04-21 16:50:00+00:00,433.540009,433.609985,432.290009,432.470001,133267
2026-04-21 16:55:00+00:00,432.459991,432.760010,432.410004,432.609985,62633
2026-04-21 17:00:00+00:00,432.570007,433.299988,432.549988,432.850006,104227
2026-04-21 17:05:00+00:00,432.760010,432.779999,432.309998,432.500000,38145
2026-04-21 17:10:00+00:00,432.589996,432.660004,431.679993,432.140015,87036
2026-04-21 17:15:00+00:00,432.269989,432.449890,431.589996,431.709991,44257
2026-04-21 17:20:00+00:00,431.672607,432.130005,431.640015,431.899994,35078
2026-04-21 17:25:00+00:00,431.910004,432.149994,431.339996,431.660004,82152
2026-04-21 17:30:00+00:00,431.640015,432.220001,431.410004,432.140015,33288
2026-04-21 17:35:00+00:00,432.125000,432.690002,432.019989,432.480011,90322
2026-04-21 17:40:00+00:00,432.480011,433.709991,432.299988,433.265991,109185
2026-04-21 17:45:00+00:00,433.285004,433.359985,432.700012,432.750000,32130
2026-04-21 17:50:00+00:00,432.750000,432.790009,432.260010,432.290009,43389
2026-04-21 17:55:00+00:00,432.260010,432.700012,432.209991,432.674988,28933
2026-04-21 18:00:00+00:00,432.690002,433.000000,432.600006,432.619995,33179
2026-04-21 18:05:00+00:00,432.600006,432.859985,432.429993,432.459991,82422
2026-04-21 18:10:00+00:00,432.410004,432.440002,432.000000,432.049988,1149167
2026-04-21 18:15:00+00:00,432.049988,432.079987,431.049988,431.290009,77398
2026-04-21 18:20:00+00:00,431.290009,431.429993,431.010010,431.200012,56414
2026-04-21 18:25:00+00:00,431.160004,431.320007,430.940002,431.320007,96930
2026-04-21 18:30:00+00:00,431.359985,431.920013,431.359985,431.850006,38754
2026-04-21 18:35:00+00:00,431.809998,431.964996,431.670013,431.750000,45343
2026-04-21 18:40:00+00:00,431.769989,431.929993,431.589996,431.899994,29335
2026-04-21 18:45:00+00:00,431.899994,432.039886,431.730011,431.829987,26715
2026-04-21 18:50:00+00:00,431.809998,432.589996,431.549988,432.480011,55677
2026-04-21 18:55:00+00:00,432.369995,432.899994,431.989990,432.440002,83475
2026-04-21 19:00:00+00:00,432.470001,432.739990,432.283997,432.509888,61621
2026-04-21 19:05:00+00:00,432.519989,432.660004,432.329987,432.500000,28488
2026-04-21 19:10:00+00:00,432.489990,432.799988,431.970001,432.260010,69726
2026-04-21 19:15:00+00:00,432.339996,432.582703,432.089996,432.220001,32451
2026-04-21 19:20:00+00:00,432.260010,432.929993,432.130005,432.929993,62900
2026-04-21 19:25:00+00:00,432.929993,433.000000,432.570007,432.915009,53891
2026-04-21 19:30:00+00:00,432.950012,433.019989,432.549988,432.609985,104688
2026-04-21 19:35:00+00:00,432.559998,432.579987,431.529999,431.690002,99290
2026-04-21 19:40:00+00:00,431.720001,431.720001,428.709991,429.000000,324327
2026-04-21 19:45:00+00:00,429.019989,430.149994,428.959991,429.950012,241296
2026-04-21 19:50:00+00:00,429.950012,430.260010,429.410004,429.700592,281069
2026-04-21 19:55:00+00:00,429.730011,430.119995,429.429993,429.709991,513532
2026-04-22 13:30:00+00:00,436.269989,436.299988,435.390015,435.679993,338835
2026-04-22 13:35:00+00:00,435.670013,436.380005,435.529999,436.010010,84085
2026-04-22 13:40:00+00:00,436.010010,436.799988,435.899994,436.679993,166125
2026-04-22 13:45:00+00:00,436.670013,437.170013,436.649994,436.809998,84039
2026-04-22 13:50:00+00:00,436.785004,436.920013,436.230011,436.600006,54506
2026-04-22 13:55:00+00:00,436.589996,436.640015,436.329987,436.459991,84732
2026-04-22 14:00:00+00:00,436.470001,436.859985,435.750000,435.750000,100194
2026-04-22 14:05:00+00:00,435.709991,435.910004,435.429993,435.785004,84084
2026-04-22 14:10:00+00:00,435.809998,435.959991,435.500000,435.769989,58027
2026-04-22 14:15:00+00:00,435.790009,436.160004,435.769989,435.899994,85611
2026-04-22 14:20:00+00:00,435.899994,436.290009,435.630005,435.779999,72933
2026-04-22 14:25:00+00:00,435.799988,436.089996,435.600006,435.609985,53908
2026-04-22 14:30:00+00:00,435.679993,435.739990,434.579987,434.899994,110021
2026-04-22 14:35:00+00:00,434.890015,435.119995,434.279999,434.980011,97363
2026-04-22 14:40:00+00:00,435.010010,435.309998,434.549988,434.640015,43527
2026-04-22 14:45:00+00:00,434.609985,435.204987,434.579987,435.079987,42577
2026-04-22 14:50:00+00:00,435.040009,435.049988,434.510010,435.020111,48749
2026-04-22 14:55:00+00:00,435.035004,435.079987,434.610107,434.899994,31838
2026-04-22 15:00:00+00:00,434.920013,435.089996,434.739990,434.820007,39728
2026-04-22 15:05:00+00:00,434.859985,435.209991,434.769989,434.907501,78766
2026-04-22 15:10:00+00:00,434.912445,435.279999,434.912445,435.059998,542716
2026-04-22 15:15:00+00:00,435.040009,435.049988,434.359985,434.700012,80036
2026-04-22 15:20:00+00:00,434.679993,434.750000,434.475006,434.750000,42919
2026-04-22 15:25:00+00:00,434.760010,435.010010,434.470001,434.899994,58630
2026-04-22 15:30:00+00:00,434.829987,434.918396,434.529999,434.589996,31531
2026-04-22 15:35:00+00:00,434.649994,434.690002,434.000000,434.140015,83149
2026-04-22 15:40:00+00:00,434.149994,434.380005,433.980011,434.049988,93980
2026-04-22 15:45:00+00:00,434.029999,434.349915,434.019989,434.170013,44987
2026-04-22 15:50:00+00:00,434.160004,434.179993,433.859985,434.089996,53957
2026-04-22 15:55:00+00:00,434.109985,434.459991,434.079987,434.109985,65125
2026-04-22 16:00:00+00:00,434.119995,434.420013,433.929993,434.415985,99530
2026-04-22 16:05:00+00:00,434.419891,434.769989,434.399994,434.640015,50576
2026-04-22 16:10:00+00:00,434.669891,434.669891,434.290009,434.329987,25338
2026-04-22 16:15:00+00:00,434.369995,434.369995,433.920013,433.940002,22238
2026-04-22 16:20:00+00:00,433.890015,434.169891,433.799988,433.904999,26595
2026-04-22 16:25:00+00:00,433.880005,434.154999,433.839996,434.049988,20677
2026-04-22 16:30:00+00:00,434.070007,434.220001,433.779999,434.170013,37993
2026-04-22 16:35:00+00:00,434.220001,434.459991,434.200012,434.437500,30724
2026-04-22 16:40:00+00:00,434.445007,434.529999,434.179993,434.179993,18903
2026-04-22 16:45:00+00:00,434.179993,434.339996,434.000000,434.339996,24283
2026-04-22 16:50:00+00:00,434.317993,434.359985,434.090088,434.329987,9035
2026-04-22 16:55:00+00:00,434.304993,434.329987,433.929993,434.230011,23144
2026-04-22 17:00:00+00:00,434.210114,434.899994,434.210114,434.899902,25828
2026-04-22 17:05:00+00:00,434.899994,434.989990,434.701508,434.940002,21352
2026-04-22 17:10:00+00:00,434.970001,435.209991,434.809998,434.859985,18967
2026-04-22 17:15:00+00:00,434.850006,435.000000,434.660095,434.750000,18818
2026-04-22 17:20:00+00:00,434.709991,435.070007,434.690002,434.890015,15918
2026-04-22 17:25:00+00:00,434.890015,434.989014,434.649994,434.845001,17826
2026-04-22 17:30:00+00:00,434.850006,435.109985,434.839996,435.015015,28441
2026-04-22 17:35:00+00:00,435.029999,435.125000,434.850006,434.850006,174508
2026-04-22 17:40:00+00:00,434.850006,434.959991,434.730011,434.890015,38009
2026-04-22 17:45:00+00:00,434.899994,435.089996,434.640106,434.929993,49109
2026-04-22 17:50:00+00:00,434.959991,435.109985,434.799988,434.950012,25282
2026-04-22 17:55:00+00:00,434.950012,435.059998,434.880005,435.040009,14081
2026-04-22 18:00:00+00:00,434.920013,435.029999,434.829987,434.970001,17671
2026-04-22 18:05:00+00:00,434.959991,435.149994,434.950012,435.059998,13316
2026-04-22 18:10:00+00:00,435.029999,435.029999,434.880005,434.910004,14236
2026-04-22 18:15:00+00:00,434.850006,434.919403,434.549988,434.589996,50577
2026-04-22 18:20:00+00:00,434.600006,434.600006,434.309998,434.529999,30793
2026-04-22 18:25:00+00:00,434.600006,434.709991,434.369995,434.380005,24703
2026-04-22 18:30:00+00:00,434.399994,434.785004,434.369995,434.670013,26268
2026-04-22 18:35:00+00:00,434.679993,435.070007,434.589996,435.070007,38622
2026-04-22 18:40:00+00:00,435.065002,435.200012,434.820099,435.200012,29898
2026-04-22 18:45:00+00:00,435.160004,436.200012,435.130005,435.910004,82926
2026-04-22 18:50:00+00:00,435.910004,435.940002,435.420013,435.429993,60784
2026-04-22 18:55:00+00:00,435.424988,435.450012,435.209991,435.410004,29905
2026-04-22 19:00:00+00:00,435.420013,435.510101,435.209991,435.410004,57764
2026-04-22 19:05:00+00:00,435.399994,435.529999,435.250000,435.309998,20205
2026-04-22 19:10:00+00:00,435.299988,435.299988,435.010010,435.190002,48383
2026-04-22 19:15:00+00:00,435.200012,435.459015,435.149994,435.420013,27304
2026-04-22 19:20:00+00:00,435.369995,435.510010,435.320007,435.429993,44632
2026-04-22 19:25:00+00:00,435.429993,435.799988,435.429993,435.709991,74527
2026-04-22 19:30:00+00:00,435.730011,435.734985,435.410004,435.480011,47472
2026-04-22 19:35:00+00:00,435.470001,435.470001,435.200012,435.209991,35231
2026-04-22 19:40:00+00:00,435.220001,435.339996,435.119995,435.200012,49949
2026-04-22 19:45:00+00:00,435.200012,435.260010,435.015015,435.170013,76266
2026-04-22 19:50:00+00:00,435.170013,435.450012,435.019989,435.329987,96870
2026-04-22 19:55:00+00:00,435.359985,435.450012,435.160004,435.317993,243807
2026-04-23 13:30:00+00:00,433.959991,434.529999,433.730011,433.829987,415585
2026-04-23 13:35:00+00:00,433.809998,434.309998,433.769989,434.299988,65361
2026-04-23 13:40:00+00:00,434.279999,434.809998,434.279999,434.709991,55092
2026-04-23 13:45:00+00:00,434.630005,435.019989,434.029999,435.000000,52594
2026-04-23 13:50:00+00:00,434.979889,435.291290,434.679993,434.750000,55052
2026-04-23 13:55:00+00:00,434.760010,434.760010,433.700012,433.709991,101255
2026-04-23 14:00:00+00:00,433.670013,433.825012,433.029999,433.700012,142372
2026-04-23 14:05:00+00:00,433.660004,434.140015,433.190002,433.470001,118462
2026-04-23 14:10:00+00:00,433.450012,433.720001,433.225006,433.720001,56342
2026-04-23 14:15:00+00:00,433.670013,434.040009,433.660004,433.679993,60025
2026-04-23 14:20:00+00:00,433.660004,434.310089,433.660004,434.279999,66972
2026-04-23 14:25:00+00:00,434.209991,434.760010,434.170013,434.350006,52815
2026-04-23 14:30:00+00:00,434.299988,434.631195,434.149994,434.149994,25498
2026-04-23 14:35:00+00:00,434.125000,434.649994,433.879791,434.075012,31258
2026-04-23 14:40:00+00:00,434.049988,434.380005,433.959991,434.299988,24138
2026-04-23 14:45:00+00:00,434.329987,434.540009,434.089996,434.390015,26754
2026-04-23 14:50:00+00:00,434.269989,434.765015,434.140015,434.709991,46233
2026-04-23 14:55:00+00:00,434.700012,434.839996,434.510010,434.570007,29521
2026-04-23 15:00:00+00:00,434.589996,434.644989,434.329987,434.532806,40046
2026-04-23 15:05:00+00:00,434.540009,434.549988,433.920013,434.080109,70805
2026-04-23 15:10:00+00:00,434.119995,434.470001,434.119995,434.290009,44567
2026-04-23 15:15:00+00:00,434.290009,435.250000,434.200012,435.010010,51483
2026-04-23 15:20:00+00:00,435.019989,435.109985,434.750000,434.875000,63446
2026-04-23 15:25:00+00:00,434.829987,434.950012,434.519989,434.540009,36832
2026-04-23 15:30:00+00:00,434.510010,434.700012,434.309998,434.524994,39780
2026-04-23 15:35:00+00:00,434.535004,434.589996,434.320007,434.410004,29343
2026-04-23 15:40:00+00:00,434.350006,434.570007,434.040009,434.040009,23466
2026-04-23 15:45:00+00:00,434.040009,434.040009,433.299988,433.730011,24097
2026-04-23 15:50:00+00:00,433.760010,433.799988,433.109985,433.119995,44273
2026-04-23 15:55:00+00:00,433.059998,433.549988,433.049988,433.390015,25478
2026-04-23 16:00:00+00:00,433.369995,433.510010,433.100006,433.100006,13382
2026-04-23 16:05:00+00:00,433.035004,433.359894,432.950012,433.320007,29351
2026-04-23 16:10:00+00:00,433.339996,433.589996,433.209900,433.290009,34486
2026-04-23 16:15:00+00:00,433.279999,433.589996,433.230011,433.589996,14035
2026-04-23 16:20:00+00:00,433.589996,433.739990,433.390015,433.619995,14161
2026-04-23 16:25:00+00:00,433.589996,433.760010,433.540009,433.609985,9437
2026-04-23 16:30:00+00:00,433.570007,434.126007,433.540009,434.119995,23352
2026-04-23 16:35:00+00:00,434.140015,434.295990,433.890015,434.054993,15240
2026-04-23 16:40:00+00:00,434.109985,434.640015,434.019989,434.549988,17666
2026-04-23 16:45:00+00:00,434.619293,434.799988,434.490112,434.644989,27795
2026-04-23 16:50:00+00:00,434.630096,434.845001,434.529999,434.549988,70957
2026-04-23 16:55:00+00:00,434.529999,434.730011,434.260010,434.500000,70490
2026-04-23 17:00:00+00:00,434.529999,434.634613,433.519989,433.760010,78407
2026-04-23 17:05:00+00:00,433.750000,433.750000,432.290009,432.450012,96477
2026-04-23 17:10:00+00:00,432.410004,433.010010,431.980011,432.964996,55075
2026-04-23 17:15:00+00:00,432.929993,433.070007,431.880005,432.359985,83196
2026-04-23 17:20:00+00:00,432.320007,432.660004,431.940002,432.209991,30967
2026-04-23 17:25:00+00:00,432.250000,433.140015,432.000000,432.160004,66290
2026-04-23 17:30:00+00:00,432.130005,432.630005,431.679993,432.630005,34102
2026-04-23 17:35:00+00:00,432.769989,432.799988,431.339996,431.375000,49972
2026-04-23 17:40:00+00:00,431.350006,431.390015,429.059998,429.459991,136472
2026-04-23 17:45:00+00:00,429.470001,430.160004,428.239990,430.019989,129180
2026-04-23 17:50:00+00:00,429.929993,432.399994,429.565094,431.250000,161403
2026-04-23 17:55:00+00:00,431.205414,432.529999,430.989990,432.312012,63320
2026-04-23 18:00:00+00:00,432.410004,433.540009,432.250000,432.799988,50446
2026-04-23 18:05:00+00:00,432.750000,433.070007,432.489990,432.489990,27666
2026-04-23 18:10:00+00:00,432.484985,433.299988,432.420013,432.769989,39610
2026-04-23 18:15:00+00:00,432.825012,433.029999,432.559998,432.744995,25121
2026-04-23 18:20:00+00:00,432.799988,433.029999,432.519989,432.714996,17504
2026-04-23 18:25:00+00:00,432.760010,433.049988,432.640015,433.035004,11452
2026-04-23 18:30:00+00:00,433.070007,433.309998,432.959991,433.220001,34525
2026-04-23 18:35:00+00:00,433.204987,433.369995,432.799988,432.809998,14051
2026-04-23 18:40:00+00:00,432.869995,432.869995,432.239990,432.575012,13599
2026-04-23 18:45:00+00:00,432.575012,432.589996,432.089996,432.109985,9328
2026-04-23 18:50:00+00:00,432.109985,432.595001,432.049988,432.345001,14311
2026-04-23 18:55:00+00:00,432.325012,432.459991,431.480011,431.600006,21835
2026-04-23 19:00:00+00:00,431.660004,431.920013,430.869995,431.059998,120999
2026-04-23 19:05:00+00:00,431.109985,431.429993,431.079987,431.079987,43659
2026-04-23 19:10:00+00:00,431.080109,431.200012,430.790009,431.089996,64174
2026-04-23 19:15:00+00:00,431.109985,431.399994,431.040009,431.369995,162045
2026-04-23 19:20:00+00:00,431.385010,431.700012,431.230011,431.640015,71844
2026-04-23 19:25:00+00:00,431.679993,431.720001,431.285004,431.480011,23465
2026-04-23 19:30:00+00:00,431.494995,431.630005,430.859985,430.929993,44031
2026-04-23 19:35:00+00:00,430.913605,431.049988,430.480011,430.774994,115453
2026-04-23 19:40:00+00:00,430.799988,431.040009,430.700012,430.779999,42598
2026-04-23 19:45:00+00:00,430.750000,431.200012,430.750000,431.119995,65127
2026-04-23 19:50:00+00:00,431.119995,431.450012,430.869995,431.369995,131249
2026-04-23 19:55:00+00:00,431.359985,431.450012,430.970001,431.070007,265507
2026-04-24 13:30:00+00:00,431.334991,431.570007,430.650085,430.912506,489070
2026-04-24 13:35:00+00:00,430.920013,432.019989,430.829987,431.959991,240567
2026-04-24 13:40:00+00:00,431.980011,432.484985,431.799988,432.359985,198149
2026-04-24 13:45:00+00:00,432.380005,433.200012,432.200012,432.670013,92820
2026-04-24 13:50:00+00:00,432.709991,432.760010,432.059998,432.179993,104460
2026-04-24 13:55:00+00:00,432.149994,432.766388,432.029999,432.649994,386570
2026-04-24 14:00:00+00:00,432.630005,433.000000,432.140015,432.720001,409315
2026-04-24 14:05:00+00:00,432.815002,434.500000,432.769989,434.230011,421949
2026-04-24 14:10:00+00:00,434.250000,435.279999,433.970001,434.440002,362223
2026-04-24 14:15:00+00:00,434.410004,434.619995,434.049988,434.484985,118114
2026-04-24 14:20:00+00:00,434.450012,434.720001,434.010010,434.179993,152201
2026-04-24 14:25:00+00:00,434.209991,434.209991,433.559998,433.959991,64965
2026-04-24 14:30:00+00:00,433.950012,434.480011,433.790009,434.220001,43872
2026-04-24 14:35:00+00:00,434.309998,434.579987,433.980011,434.299988,64972
2026-04-24 14:40:00+00:00,434.364990,434.649994,434.179993,434.399994,158466
2026-04-24 14:45:00+00:00,434.361908,434.485413,433.920013,434.114990,29437
2026-04-24 14:50:00+00:00,434.160004,434.269989,433.859985,434.000000,21375
2026-04-24 14:55:00+00:00,433.989990,434.089996,433.760010,434.019989,69427
2026-04-24 15:00:00+00:00,434.010010,434.068207,433.679993,433.679993,37943
2026-04-24 15:05:00+00:00,433.570007,433.809998,433.350006,433.809998,23335
2026-04-24 15:10:00+00:00,433.850006,433.899994,433.380005,433.489990,27145
2026-04-24 15:15:00+00:00,433.619995,433.679993,433.399994,433.519989,12857
2026-04-24 15:20:00+00:00,433.540009,434.010010,433.478699,433.549988,22415
2026-04-24 15:25:00+00:00,433.540100,433.649994,433.298004,433.559998,30740
2026-04-24 15:30:00+00:00,433.584991,433.860504,433.230011,433.260010,20364
2026-04-24 15:35:00+00:00,433.260010,433.420013,433.176880,433.325012,40053
2026-04-24 15:40:00+00:00,433.309998,434.350006,432.910004,434.130005,65656
2026-04-24 15:45:00+00:00,434.119995,434.690002,433.820007,433.820007,107886
2026-04-24 15:50:00+00:00,433.804993,434.350006,433.765015,434.290009,36060
2026-04-24 15:55:00+00:00,434.320007,434.329987,433.920013,434.070007,33793
2026-04-24 16:00:00+00:00,434.049988,434.269989,433.750000,433.945007,23967
2026-04-24 16:05:00+00:00,433.954987,434.049988,433.480011,433.480011,13522
2026-04-24 16:10:00+00:00,433.519989,433.730011,433.410004,433.434998,31473
2026-04-24 16:15:00+00:00,433.410004,433.519989,433.309998,433.484985,17671
2026-04-24 16:20:00+00:00,433.579987,433.839996,433.489990,433.809998,32379
2026-04-24 16:25:00+00:00,433.820007,433.929993,433.700012,433.790009,10470
2026-04-24 16:30:00+00:00,433.790009,434.109985,433.790009,433.989990,40350
2026-04-24 16:35:00+00:00,434.000000,434.000000,433.769989,433.799988,19573
2026-04-24 16:40:00+00:00,433.804993,433.804993,433.339996,433.610107,19913
2026-04-24 16:45:00+00:00,433.750000,433.869995,433.480011,433.570099,17542
2026-04-24 16:50:00+00:00,433.704987,433.869995,433.609985,433.864990,13391
2026-04-24 16:55:00+00:00,433.869995,434.119995,433.760010,434.083191,16933
2026-04-24 17:00:00+00:00,434.160004,434.399994,434.119995,434.250000,42341
2026-04-24 17:05:00+00:00,434.230011,434.299988,433.980011,434.154999,31438
2026-04-24 17:10:00+00:00,434.160004,434.170013,434.010010,434.149994,12165
2026-04-24 17:15:00+00:00,434.140015,434.290009,434.000000,434.290009,15254
2026-04-24 17:20:00+00:00,434.246002,434.250000,433.700104,434.049988,38271
2026-04-24 17:25:00+00:00,434.024994,434.165009,433.630005,433.697510,14424
2026-04-24 17:30:00+00:00,433.679993,433.730011,433.309998,433.519989,56120
2026-04-24 17:35:00+00:00,433.519989,433.940002,433.500000,433.559998,13653
2026-04-24 17:40:00+00:00,433.589996,433.720001,433.589996,433.670013,22385
2026-04-24 17:45:00+00:00,433.675598,433.690002,433.549988,433.597809,60444
2026-04-24 17:50:00+00:00,433.609985,434.160004,433.460114,433.869995,38215
2026-04-24 17:55:00+00:00,433.899994,433.989899,433.700012,433.700012,10844
2026-04-24 18:00:00+00:00,433.720001,433.880005,433.638000,433.679993,12592
2026-04-24 18:05:00+00:00,433.660004,433.720001,433.500000,433.660004,15149
2026-04-24 18:10:00+00:00,433.700012,433.869995,433.670013,433.799988,17493
2026-04-24 18:15:00+00:00,433.820007,433.834991,433.529999,433.559998,14292
2026-04-24 18:20:00+00:00,433.519989,433.660004,433.429993,433.559998,29360
2026-04-24 18:25:00+00:00,433.559998,433.559998,433.170013,433.200012,34698
2026-04-24 18:30:00+00:00,433.174988,433.509888,433.144989,433.429993,25176
2026-04-24 18:35:00+00:00,433.429993,433.500000,433.329987,433.420013,12134
2026-04-24 18:40:00+00:00,433.459991,433.510010,433.260406,433.300110,14069
2026-04-24 18:45:00+00:00,433.329987,433.420013,433.230011,433.320007,12426
2026-04-24 18:50:00+00:00,433.309998,433.559998,433.279999,433.505005,16630
2026-04-24 18:55:00+00:00,433.459991,433.750000,433.440002,433.700012,20277
2026-04-24 19:00:00+00:00,433.730011,433.970001,433.640015,433.760010,31108
2026-04-24 19:05:00+00:00,433.750000,433.809998,433.619995,433.619995,20849
2026-04-24 19:10:00+00:00,433.609985,433.679993,433.530090,433.670013,12935
2026-04-24 19:15:00+00:00,433.640015,433.739990,433.450012,433.589996,16670
2026-04-24 19:20:00+00:00,433.549988,433.549988,433.179993,433.260010,31484
2026-04-24 19:25:00+00:00,433.250000,433.353424,433.230011,433.353424,27611
2026-04-24 19:30:00+00:00,433.355011,433.470001,433.240112,433.260010,25004
2026-04-24 19:35:00+00:00,433.239990,433.290009,433.040009,433.170013,37452
2026-04-24 19:40:00+00:00,433.170013,433.230011,433.070007,433.119995,282420
2026-04-24 19:45:00+00:00,433.109985,433.304993,433.049988,433.089996,72618
2026-04-24 19:50:00+00:00,433.089996,433.220001,433.065002,433.109985,84088
2026-04-24 19:55:00+00:00,433.119995,433.320007,432.750000,433.130005,312581
2026-04-27 13:30:00+00:00,431.660004,431.799988,431.000000,431.119995,275166
2026-04-27 13:35:00+00:00,431.040009,431.160004,430.600006,430.859985,62874
2026-04-27 13:40:00+00:00,430.880005,431.070007,430.769989,430.970001,35838
2026-04-27 13:45:00+00:00,430.970001,431.230011,430.630005,430.640015,65528
2026-04-27 13:50:00+00:00,430.649994,431.200012,430.609985,431.075012,85292
2026-04-27 13:55:00+00:00,431.075012,431.329987,430.910004,431.250000,106044
2026-04-27 14:00:00+00:00,431.179993,431.179993,430.800110,431.000000,41696
2026-04-27 14:05:00+00:00,431.000000,431.225006,430.519989,430.529999,28686
2026-04-27 14:10:00+00:00,430.519989,430.920013,430.420013,430.850006,41383
2026-04-27 14:15:00+00:00,430.929993,431.250000,430.720001,431.170013,39621
2026-04-27 14:20:00+00:00,431.130005,431.220001,430.820007,430.934998,60750
2026-04-27 14:25:00+00:00,430.980011,431.024994,430.299988,430.640015,55638
2026-04-27 14:30:00+00:00,430.510010,430.559998,430.079987,430.230011,77933
2026-04-27 14:35:00+00:00,430.269989,431.279999,430.220001,430.915009,67619
2026-04-27 14:40:00+00:00,430.975006,431.170013,430.700012,431.070007,36571
2026-04-27 14:45:00+00:00,431.070007,431.070007,430.714996,430.739990,93819
2026-04-27 14:50:00+00:00,430.739990,430.799988,429.720001,429.812012,90534
2026-04-27 14:55:00+00:00,429.820007,429.820007,429.420013,429.570007,108008
2026-04-27 15:00:00+00:00,429.575012,429.679993,428.579987,428.700012,157221
2026-04-27 15:05:00+00:00,428.670013,429.140015,428.519989,428.859985,252453
2026-04-27 15:10:00+00:00,428.839996,429.429993,428.839996,429.220001,67871
2026-04-27 15:15:00+00:00,429.220001,429.559998,429.070007,429.529999,64374
2026-04-27 15:20:00+00:00,429.500000,429.579987,428.970001,429.140015,104793
2026-04-27 15:25:00+00:00,429.119995,429.820007,428.980011,429.820007,109112
2026-04-27 15:30:00+00:00,429.804993,429.980011,429.410004,429.559998,107140
2026-04-27 15:35:00+00:00,429.609985,429.670013,429.450012,429.619995,53177
2026-04-27 15:40:00+00:00,429.619995,429.829987,429.459991,429.480011,40420
2026-04-27 15:45:00+00:00,429.459991,429.540009,429.170013,429.170013,42654
2026-04-27 15:50:00+00:00,429.170013,429.369995,428.869995,429.000000,75847
2026-04-27 15:55:00+00:00,429.010010,429.049988,428.549988,428.799988,135085
2026-04-27 16:00:00+00:00,428.799988,428.850006,428.540009,428.820007,34143
2026-04-27 16:05:00+00:00,428.845001,429.203186,428.830414,429.019989,36614
2026-04-27 16:10:00+00:00,429.029999,429.269989,429.029999,429.209991,31198
2026-04-27 16:15:00+00:00,429.214996,429.506287,429.177612,429.469910,21708
2026-04-27 16:20:00+00:00,429.440002,429.459991,429.209991,429.329987,119159
2026-04-27 16:25:00+00:00,429.309998,429.345001,429.109985,429.329987,26879
2026-04-27 16:30:00+00:00,429.369995,429.630005,429.359985,429.540009,77071
2026-04-27 16:35:00+00:00,429.529999,429.660004,429.429993,429.450012,47251
2026-04-27 16:40:00+00:00,429.459991,429.480011,429.190002,429.220001,33281
2026-04-27 16:45:00+00:00,429.269989,429.549988,429.269989,429.355011,14652
2026-04-27 16:50:00+00:00,429.346985,429.505005,429.290009,429.410004,14038
2026-04-27 16:55:00+00:00,429.339996,429.489990,429.329987,429.399994,25968
2026-04-27 17:00:00+00:00,429.410004,429.570007,429.160004,429.170013,46914
2026-04-27 17:05:00+00:00,429.179993,429.329987,429.100006,429.130005,29430
2026-04-27 17:10:00+00:00,429.089996,429.230011,428.959991,429.109985,52601
2026-04-27 17:15:00+00:00,429.130005,429.190002,428.640015,428.959991,52774
2026-04-27 17:20:00+00:00,428.910004,429.440002,428.820801,429.220001,67366
2026-04-27 17:25:00+00:00,429.279999,429.690002,429.239990,429.690002,53102
2026-04-27 17:30:00+00:00,429.700012,430.230011,429.679993,430.200012,53584
2026-04-27 17:35:00+00:00,430.200012,430.299988,429.670013,429.739990,165376
2026-04-27 17:40:00+00:00,429.750000,430.010010,429.730011,430.000000,51728
2026-04-27 17:45:00+00:00,430.010010,430.130005,429.820007,429.920013,37038
2026-04-27 17:50:00+00:00,429.899994,430.049988,429.820007,429.890015,34097
2026-04-27 17:55:00+00:00,429.890015,430.089996,429.890015,429.915009,64331
2026-04-27 18:00:00+00:00,429.899994,429.929993,429.690002,429.739990,36714
2026-04-27 18:05:00+00:00,429.734985,429.920013,429.635010,429.920013,27744
2026-04-27 18:10:00+00:00,429.890015,429.959991,429.769989,429.860992,18081
2026-04-27 18:15:00+00:00,429.869995,429.970001,429.780090,429.890015,29249
2026-04-27 18:20:00+00:00,429.899994,430.170013,429.869995,430.140015,33064
2026-04-27 18:25:00+00:00,430.114990,430.250000,430.059998,430.149994,29535
2026-04-27 18:30:00+00:00,430.130005,430.140015,430.030090,430.070007,24303
2026-04-27 18:35:00+00:00,430.065002,430.169891,430.000000,430.029999,14379
2026-04-27 18:40:00+00:00,430.035004,430.220001,429.970001,429.972504,34500
2026-04-27 18:45:00+00:00,430.000000,430.100006,429.864990,430.070007,35159
2026-04-27 18:50:00+00:00,430.029999,430.179993,430.029999,430.054993,24888
2026-04-27 18:55:00+00:00,430.040009,430.059998,429.820007,429.825592,17460
2026-04-27 19:00:00+00:00,429.799988,429.859985,429.609985,429.657104,45683
2026-04-27 19:05:00+00:00,429.635010,429.750000,429.610107,429.679993,13961
2026-04-27 19:10:00+00:00,429.674988,429.825012,429.630005,429.769989,22152
2026-04-27 19:15:00+00:00,429.774994,429.899994,429.730011,429.870087,28987
2026-04-27 19:20:00+00:00,429.899994,429.980011,429.830994,429.969910,18643
2026-04-27 19:25:00+00:00,429.953400,429.954987,429.850006,429.950012,11142
2026-04-27 19:30:00+00:00,429.920013,429.940002,429.600006,429.630005,28183
2026-04-27 19:35:00+00:00,429.625000,429.635010,429.429993,429.510010,52015
2026-04-27 19:40:00+00:00,429.515015,429.760010,429.489990,429.750000,61316
2026-04-27 19:45:00+00:00,429.730011,429.880005,429.589996,429.864990,112105
2026-04-27 19:50:00+00:00,429.880005,429.880005,429.630005,429.700012,168674
2026-04-27 19:55:00+00:00,429.709991,429.910004,429.630005,429.869995,384617
2026-04-28 13:30:00+00:00,420.720001,420.760010,419.670013,420.369995,1156213
2026-04-28 13:35:00+00:00,420.320007,420.779999,420.140015,420.540009,129818
2026-04-28 13:40:00+00:00,420.434998,421.600006,419.929993,420.700012,153473
2026-04-28 13:45:00+00:00,420.600006,421.720001,420.570007,421.114990,104462
2026-04-28 13:50:00+00:00,421.059998,421.529999,420.500000,420.670013,58752
2026-04-28 13:55:00+00:00,420.670013,420.739990,420.040009,420.554993,97762
2026-04-28 14:00:00+00:00,420.554993,420.609985,419.230011,419.304993,234006
2026-04-28 14:05:00+00:00,419.230011,420.109985,419.109985,419.589996,104163
2026-04-28 14:10:00+00:00,419.640015,419.850006,419.230011,419.489990,111408
2026-04-28 14:15:00+00:00,419.500000,420.339996,419.029999,419.760010,164603
2026-04-28 14:20:00+00:00,419.760010,420.029999,419.174988,419.420013,102273
2026-04-28 14:25:00+00:00,419.420013,419.890015,419.369995,419.739990,188625
2026-04-28 14:30:00+00:00,419.799988,420.359985,419.554993,419.640015,152087
2026-04-28 14:35:00+00:00,419.679993,419.700012,418.720001,418.760010,147916
2026-04-28 14:40:00+00:00,418.744995,419.220001,418.399994,419.079987,219196
2026-04-28 14:45:00+00:00,419.100006,419.350006,418.799988,418.932098,78083
2026-04-28 14:50:00+00:00,418.890015,419.190002,418.459991,419.024994,93599
2026-04-28 14:55:00+00:00,418.989990,420.035004,418.700012,419.980011,146417
2026-04-28 15:00:00+00:00,420.079987,420.654999,420.000000,420.100006,164138
2026-04-28 15:05:00+00:00,420.140015,420.510010,419.640015,419.829987,176529
2026-04-28 15:10:00+00:00,419.839996,420.049988,419.649994,419.799988,505998
2026-04-28 15:15:00+00:00,419.810089,420.170013,419.559998,419.850006,84037
2026-04-28 15:20:00+00:00,419.880005,419.880005,419.329987,419.804993,71028
2026-04-28 15:25:00+00:00,419.760010,420.260010,419.649994,420.220001,53683
2026-04-28 15:30:00+00:00,420.149994,420.309998,419.700012,419.739990,161956
2026-04-28 15:35:00+00:00,419.700104,420.648285,419.660004,420.420013,72813
2026-04-28 15:40:00+00:00,420.380005,420.613098,420.220001,420.315002,60758
2026-04-28 15:45:00+00:00,420.309998,420.799988,420.214996,420.739990,50551
2026-04-28 15:50:00+00:00,420.679993,421.079987,420.679993,420.899994,60394
2026-04-28 15:55:00+00:00,420.839996,421.160004,420.679993,421.149994,101292
2026-04-28 16:00:00+00:00,421.130005,421.179993,420.765015,420.909210,91173
2026-04-28 16:05:00+00:00,420.899994,421.119995,420.829987,421.040009,156950
2026-04-28 16:10:00+00:00,421.035004,421.075012,420.820007,421.056610,39481
2026-04-28 16:15:00+00:00,421.048004,421.049103,420.350006,420.629791,125410
2026-04-28 16:20:00+00:00,420.619995,420.869995,420.614990,420.714996,32582
2026-04-28 16:25:00+00:00,420.799988,421.019989,420.799988,420.820007,34820
2026-04-28 16:30:00+00:00,420.820007,421.037994,420.634705,420.670013,19463
2026-04-28 16:35:00+00:00,420.609985,421.279999,420.609985,420.989990,29266
2026-04-28 16:40:00+00:00,420.989990,421.070007,420.799988,421.000000,36116
2026-04-28 16:45:00+00:00,421.005005,421.320007,420.910004,421.200012,22537
2026-04-28 16:50:00+00:00,421.209991,421.899994,421.209991,421.839996,54027
2026-04-28 16:55:00+00:00,421.769989,421.939911,421.660095,421.716400,190349
2026-04-28 17:00:00+00:00,421.709991,421.890015,421.500000,421.510010,39200
2026-04-28 17:05:00+00:00,421.510010,421.660004,421.369995,421.630005,34465
2026-04-28 17:10:00+00:00,421.600006,421.938110,421.540009,421.820007,19807
2026-04-28 17:15:00+00:00,421.859985,421.864990,421.209991,421.290009,109374
2026-04-28 17:20:00+00:00,421.315094,422.040009,421.230011,421.940094,91357
2026-04-28 17:25:00+00:00,421.970001,422.139893,421.739990,421.820007,48534
2026-04-28 17:30:00+00:00,421.829987,422.130005,421.829987,421.989990,55667
2026-04-28 17:35:00+00:00,421.980011,422.309998,421.980011,422.239990,50117
2026-04-28 17:40:00+00:00,422.250000,422.519989,422.220001,422.309998,31224
2026-04-28 17:45:00+00:00,422.299988,422.477203,422.179993,422.250000,71559
2026-04-28 17:50:00+00:00,422.269989,422.269989,422.060089,422.149994,17349
2026-04-28 17:55:00+00:00,422.148499,422.190002,421.839996,421.860107,32911
2026-04-28 18:00:00+00:00,421.929993,422.269989,421.649994,421.809998,21184
2026-04-28 18:05:00+00:00,421.812012,422.170013,421.779999,422.040009,15953
2026-04-28 18:10:00+00:00,422.059998,422.089996,421.899994,422.010010,14525
2026-04-28 18:15:00+00:00,422.010010,422.329987,422.010010,422.220001,20739
2026-04-28 18:20:00+00:00,422.190002,422.399994,422.089996,422.339996,30499
2026-04-28 18:25:00+00:00,422.337189,422.450012,422.239990,422.320007,17070
2026-04-28 18:30:00+00:00,422.329987,422.350006,421.929993,421.944611,28243
2026-04-28 18:35:00+00:00,421.959991,422.079895,421.829987,422.059998,15755
2026-04-28 18:40:00+00:00,422.070007,422.259003,422.070007,422.239990,19140
2026-04-28 18:45:00+00:00,422.209991,422.299988,422.144989,422.260010,13201
2026-04-28 18:50:00+00:00,422.239990,422.290009,421.929993,421.945007,77565
2026-04-28 18:55:00+00:00,421.929993,421.970001,421.779999,421.839996,21211
2026-04-28 19:00:00+00:00,421.859985,422.140015,421.809998,422.000000,26918
2026-04-28 19:05:00+00:00,422.000000,422.250000,422.000000,422.079987,20964
2026-04-28 19:10:00+00:00,422.079987,422.160004,421.970001,421.997192,23883
2026-04-28 19:15:00+00:00,421.994995,422.010010,421.850006,421.910004,18789
2026-04-28 19:20:00+00:00,421.899994,422.010010,421.800507,422.000000,33631
2026-04-28 19:25:00+00:00,422.010010,422.109985,421.959991,422.019989,47500
2026-04-28 19:30:00+00:00,422.029999,422.070007,421.890015,422.029999,40086
2026-04-28 19:35:00+00:00,422.049988,422.269989,422.049988,422.260010,30804
2026-04-28 19:40:00+00:00,422.250000,422.391998,422.179993,422.230011,53608
2026-04-28 19:45:00+00:00,422.230011,422.329987,422.059998,422.170013,65353
2026-04-28 19:50:00+00:00,422.190002,422.220001,421.739990,421.929993,124965
2026-04-28 19:55:00+00:00,421.940002,422.049988,421.829987,422.000000,264736
2026-04-29 13:30:00+00:00,416.739990,416.880005,415.924988,416.214996,468150
2026-04-29 13:35:00+00:00,416.149994,416.309998,415.440002,415.575012,148555
2026-04-29 13:40:00+00:00,415.570007,415.619995,414.450012,414.565002,182659
2026-04-29 13:45:00+00:00,414.565002,414.799988,414.160004,414.540009,164643
2026-04-29 13:50:00+00:00,414.529999,415.200012,414.529999,415.135010,98547
2026-04-29 13:55:00+00:00,415.160004,415.989990,415.019989,415.269989,98783
2026-04-29 14:00:00+00:00,415.239990,415.519989,414.890015,415.519989,87199
2026-04-29 14:05:00+00:00,415.540009,415.660004,414.839996,415.049988,73555
2026-04-29 14:10:00+00:00,415.144989,415.859985,415.059998,415.670013,60215
2026-04-29 14:15:00+00:00,415.600006,416.420013,415.450012,416.380005,127994
2026-04-29 14:20:00+00:00,416.359985,416.630005,416.190002,416.549988,103573
2026-04-29 14:25:00+00:00,416.559998,416.660004,416.029999,416.230011,125028
2026-04-29 14:30:00+00:00,416.244995,417.000000,416.024689,416.880005,77694
2026-04-29 14:35:00+00:00,416.864990,417.140015,416.709991,416.940002,59218
2026-04-29 14:40:00+00:00,416.915009,416.915009,416.619995,416.760010,63861
2026-04-29 14:45:00+00:00,416.755005,416.779999,416.190002,416.200012,53527
2026-04-29 14:50:00+00:00,416.243408,416.850006,416.149994,416.809998,32579
2026-04-29 14:55:00+00:00,416.779999,416.900085,416.549988,416.799988,104728
2026-04-29 15:00:00+00:00,416.820007,417.380005,416.769989,417.109985,104216
2026-04-29 15:05:00+00:00,417.119995,417.500000,416.899994,416.910004,53825
2026-04-29 15:10:00+00:00,416.869995,417.089996,416.510010,416.690002,89275
2026-04-29 15:15:00+00:00,416.709991,417.239990,416.529999,417.000000,44355
2026-04-29 15:20:00+00:00,417.079987,417.320007,416.959991,417.269989,45311
2026-04-29 15:25:00+00:00,417.269989,417.489990,417.029999,417.329987,44949
2026-04-29 15:30:00+00:00,417.269989,417.350006,416.899994,417.209991,42696
2026-04-29 15:35:00+00:00,417.250000,418.000000,417.239990,417.839996,73635
2026-04-29 15:40:00+00:00,417.875000,418.339996,417.850006,418.070007,51706
2026-04-29 15:45:00+00:00,418.089996,418.579987,418.040009,418.140015,31617
2026-04-29 15:50:00+00:00,418.174988,418.410004,417.080109,417.510010,69319
2026-04-29 15:55:00+00:00,417.475006,417.690002,417.179993,417.540009,54566
2026-04-29 16:00:00+00:00,417.584991,419.089996,417.559998,418.970001,83503
2026-04-29 16:05:00+00:00,418.940002,419.170502,418.679993,418.910095,69865
2026-04-29 16:10:00+00:00,418.880005,419.109985,418.500000,418.660004,48765
2026-04-29 16:15:00+00:00,418.700012,418.820007,418.540009,418.745392,54356
2026-04-29 16:20:00+00:00,418.760010,419.019897,418.490112,418.940002,30704
2026-04-29 16:25:00+00:00,418.970001,419.160004,418.750000,418.790009,29917
2026-04-29 16:30:00+00:00,418.720001,418.720001,417.790009,417.899994,66690
2026-04-29 16:35:00+00:00,417.890015,418.059998,417.440002,417.720001,43179
2026-04-29 16:40:00+00:00,417.859985,418.019989,417.711792,417.839996,25133
2026-04-29 16:45:00+00:00,417.859985,417.940002,417.471191,417.489990,27693
2026-04-29 16:50:00+00:00,417.440002,417.690002,417.320099,417.359985,57483
2026-04-29 16:55:00+00:00,417.369995,417.470001,417.239990,417.410004,27024
2026-04-29 17:00:00+00:00,417.390015,417.500000,417.160095,417.410004,25919
2026-04-29 17:05:00+00:00,417.415009,417.920013,417.279999,417.910004,18183
2026-04-29 17:10:00+00:00,417.910004,418.029999,417.850006,417.869995,23417
2026-04-29 17:15:00+00:00,417.859985,417.880005,417.636505,417.790009,18407
2026-04-29 17:20:00+00:00,417.779999,418.230011,417.779999,418.100006,25784
2026-04-29 17:25:00+00:00,418.089996,418.089996,417.460999,417.559998,30147
2026-04-29 17:30:00+00:00,417.619904,417.690002,417.290009,417.290009,57897
2026-04-29 17:35:00+00:00,417.299988,417.480011,417.200012,417.369995,111142
2026-04-29 17:40:00+00:00,417.359985,417.380005,417.179993,417.329987,25498
2026-04-29 17:45:00+00:00,417.359985,417.489990,417.040009,417.170105,37644
2026-04-29 17:50:00+00:00,417.160095,417.549988,417.149994,417.214996,25251
2026-04-29 17:55:00+00:00,417.239990,417.570007,417.109985,417.570007,29308
2026-04-29 18:00:00+00:00,417.589996,418.019989,416.760010,416.920013,78478
2026-04-29 18:05:00+00:00,417.070007,417.070007,416.089996,416.282013,74874
2026-04-29 18:10:00+00:00,416.239990,416.410004,415.570007,415.609985,66462
2026-04-29 18:15:00+00:00,415.559998,416.771698,415.540009,416.144989,114179
2026-04-29 18:20:00+00:00,416.144989,416.649994,416.144989,416.429993,66269
2026-04-29 18:25:00+00:00,416.459991,416.459991,415.869995,416.200012,115645
2026-04-29 18:30:00+00:00,416.220001,416.299988,415.095001,415.154999,212600
2026-04-29 18:35:00+00:00,415.199890,416.940002,415.149994,415.875000,125335
2026-04-29 18:40:00+00:00,415.779999,415.789490,415.000000,415.149994,47996
2026-04-29 18:45:00+00:00,415.000000,416.000000,414.799988,415.850006,85713
2026-04-29 18:50:00+00:00,415.880005,416.390015,415.880005,416.100006,45644
2026-04-29 18:55:00+00:00,416.140015,416.950012,416.119995,416.739990,56354
2026-04-29 19:00:00+00:00,416.750000,417.309998,416.630005,416.630005,91964
2026-04-29 19:05:00+00:00,416.619995,417.019989,416.250000,416.779999,65974
2026-04-29 19:10:00+00:00,416.790009,417.660004,416.730011,417.630005,71642
2026-04-29 19:15:00+00:00,417.600006,417.890015,417.369995,417.589996,58216
2026-04-29 19:20:00+00:00,417.619995,417.630005,417.070007,417.320007,58506
2026-04-29 19:25:00+00:00,417.329987,417.369995,416.959991,417.148499,46946
2026-04-29 19:30:00+00:00,417.130005,417.339996,416.640015,416.785004,115223
2026-04-29 19:35:00+00:00,416.770111,417.010010,416.649994,416.890015,71406
2026-04-29 19:40:00+00:00,416.940002,417.029999,416.650085,416.760010,83489
2026-04-29 19:45:00+00:00,416.779999,417.609985,416.779999,417.609985,140310
2026-04-29 19:50:00+00:00,417.600006,417.799988,417.470001,417.600006,174571
2026-04-29 19:55:00+00:00,417.579987,417.720001,417.230011,417.450012,240347
2026-04-30 13:30:00+00:00,425.339996,425.459991,424.890015,424.920013,672839
2026-04-30 13:35:00+00:00,424.880005,424.940002,424.390015,424.464996,152866
2026-04-30 13:40:00+00:00,424.459991,424.670013,424.109985,424.570007,95857
2026-04-30 13:45:00+00:00,424.549988,424.549988,423.450012,423.970001,122768
2026-04-30 13:50:00+00:00,423.920013,424.019989,423.250000,423.480011,55658
2026-04-30 13:55:00+00:00,423.450012,423.549988,423.190002,423.190002,68245
2026-04-30 14:00:00+00:00,423.239899,424.589996,423.130005,424.160004,165119
2026-04-30 14:05:00+00:00,424.140991,424.609985,423.829987,424.140015,319702
2026-04-30 14:10:00+00:00,424.149994,424.304993,423.709991,424.119995,321490
2026-04-30 14:15:00+00:00,424.140015,424.500000,423.785004,424.295013,97402
2026-04-30 14:20:00+00:00,424.279999,424.640015,424.019989,424.380005,112362
2026-04-30 14:25:00+00:00,424.390015,424.500000,423.980011,424.359985,46558
2026-04-30 14:30:00+00:00,424.290009,424.290009,423.440002,423.799988,89802
2026-04-30 14:35:00+00:00,423.799988,423.809998,423.220001,423.350006,106423
2026-04-30 14:40:00+00:00,423.350006,424.109985,423.329987,423.869995,66945
2026-04-30 14:45:00+00:00,423.839996,424.339996,423.779999,424.010010,37563
2026-04-30 14:50:00+00:00,423.964996,424.429993,423.964996,424.260010,32568
2026-04-30 14:55:00+00:00,424.188812,424.290009,423.845001,424.019989,45090
2026-04-30 15:00:00+00:00,424.160004,424.299988,423.630005,423.809998,34871
2026-04-30 15:05:00+00:00,423.719910,424.459991,423.589996,424.420013,42782
2026-04-30 15:10:00+00:00,424.450012,424.450012,423.739990,424.089996,35729
2026-04-30 15:15:00+00:00,424.089996,424.410004,423.840088,424.017792,39552
2026-04-30 15:20:00+00:00,424.049988,424.148804,423.600006,424.119995,61940
2026-04-30 15:25:00+00:00,424.299988,424.480011,424.040009,424.350006,30639
2026-04-30 15:30:00+00:00,424.364990,424.559998,424.164612,424.475006,54753
2026-04-30 15:35:00+00:00,424.299988,424.450012,423.670013,423.670013,53128
2026-04-30 15:40:00+00:00,423.649994,423.899994,423.510010,423.709991,61229
2026-04-30 15:45:00+00:00,423.695007,423.695007,423.420013,423.579987,24089
2026-04-30 15:50:00+00:00,423.589996,423.720001,423.329987,423.579987,39518
2026-04-30 15:55:00+00:00,423.589996,423.850006,423.540100,423.679993,23270
2026-04-30 16:00:00+00:00,423.690002,423.700012,423.200012,423.579987,35089
2026-04-30 16:05:00+00:00,423.561798,423.799988,423.480011,423.500000,28848
2026-04-30 16:10:00+00:00,423.494995,423.619995,423.269989,423.309998,16876
2026-04-30 16:15:00+00:00,423.279999,423.279999,422.739410,422.915009,58647
2026-04-30 16:20:00+00:00,422.920013,423.244995,422.799988,423.230011,33890
2026-04-30 16:25:00+00:00,423.220001,423.290009,422.869995,422.960114,164989
2026-04-30 16:30:00+00:00,422.959991,423.480011,422.899994,423.459991,19782
2026-04-30 16:35:00+00:00,423.420013,423.420013,423.100006,423.230011,31703
2026-04-30 16:40:00+00:00,423.225006,423.279999,423.029999,423.059998,63047
2026-04-30 16:45:00+00:00,423.059998,423.489990,423.000000,423.459991,20630
2026-04-30 16:50:00+00:00,423.440002,423.839996,423.375000,423.725006,38227
2026-04-30 16:55:00+00:00,423.750000,423.750000,422.779999,423.000000,48822
2026-04-30 17:00:00+00:00,423.000000,423.799988,422.959991,423.790009,25360
2026-04-30 17:05:00+00:00,423.845001,423.920013,423.545013,423.855011,74248
2026-04-30 17:10:00+00:00,423.859985,424.089996,423.690002,423.690002,21240
2026-04-30 17:15:00+00:00,423.660004,423.859985,423.399994,423.859985,49687
2026-04-30 17:20:00+00:00,423.890015,424.119995,423.760010,424.049988,55394
2026-04-30 17:25:00+00:00,424.049988,424.070007,423.600006,423.920013,45185
2026-04-30 17:30:00+00:00,423.910004,424.246002,423.734009,423.850006,179025
2026-04-30 17:35:00+00:00,423.869995,424.119995,423.670013,423.779999,93362
2026-04-30 17:40:00+00:00,423.760010,423.899994,423.600006,423.859985,31981
2026-04-30 17:45:00+00:00,423.899994,424.040009,423.700012,423.739990,0
2026-04-30 17:50:00+00:00,423.739990,423.760010,423.589996,423.679993,4285686
2026-04-30 17:55:00+00:00,423.689911,423.846893,423.649994,423.739990,16101
2026-04-30 18:00:00+00:00,423.760010,424.444397,423.760010,424.359985,79949
2026-04-30 18:05:00+00:00,424.364990,424.470001,424.209991,424.239990,50198
2026-04-30 18:10:00+00:00,424.230011,424.359985,424.079987,424.100006,78252
2026-04-30 18:15:00+00:00,424.109985,424.535004,424.049988,424.429901,35053
2026-04-30 18:20:00+00:00,424.399994,424.450012,424.170013,424.209991,71105
2026-04-30 18:25:00+00:00,424.170013,424.375000,424.040009,424.114899,54483
2026-04-30 18:30:00+00:00,424.130005,424.399994,424.059998,424.079895,28465
2026-04-30 18:35:00+00:00,424.049988,424.190002,423.975006,424.119995,75601
2026-04-30 18:40:00+00:00,424.109985,424.230011,423.972198,424.125000,43601
2026-04-30 18:45:00+00:00,424.140015,424.285797,424.070007,424.170013,26989
2026-04-30 18:50:00+00:00,424.154999,424.429993,424.109985,424.339996,70739
2026-04-30 18:55:00+00:00,424.380005,424.510010,424.230011,424.260010,33393
2026-04-30 19:00:00+00:00,424.260010,424.559998,424.220215,424.420013,69584
2026-04-30 19:05:00+00:00,424.415009,424.739990,424.369995,424.559998,52306
2026-04-30 19:10:00+00:00,424.559998,424.679993,424.359985,424.394989,35881
2026-04-30 19:15:00+00:00,424.359985,424.519989,424.220001,424.220001,34891
2026-04-30 19:20:00+00:00,424.200012,424.220001,423.820007,424.079987,123696
2026-04-30 19:25:00+00:00,424.029999,424.029999,423.779999,423.850006,48875
2026-04-30 19:30:00+00:00,423.850006,423.920013,423.609985,423.850006,49442
2026-04-30 19:35:00+00:00,423.869995,424.190369,423.760010,424.179993,56810
2026-04-30 19:40:00+00:00,424.170013,424.329987,424.000000,424.320007,58659
2026-04-30 19:45:00+00:00,424.320007,424.380005,424.049988,424.079987,80530
2026-04-30 19:50:00+00:00,424.100006,424.130005,423.500000,423.769989,172948
2026-04-30 19:55:00+00:00,423.769989,423.850006,423.549988,423.690002,283383
2026-05-01 13:30:00+00:00,421.411987,422.529999,421.119995,422.239990,400697
2026-05-01 13:35:00+00:00,422.239990,422.880005,422.234314,422.625000,129927
2026-05-01 13:40:00+00:00,422.649994,423.239990,422.649994,423.130005,143163
2026-05-01 13:45:00+00:00,423.109985,423.214996,422.200012,422.489990,84228
2026-05-01 13:50:00+00:00,422.480011,424.260010,422.329987,423.910004,137500
2026-05-01 13:55:00+00:00,423.880005,425.040009,423.850006,424.755005,107659
2026-05-01 14:00:00+00:00,424.799988,426.149994,424.779999,425.600006,86708
2026-05-01 14:05:00+00:00,425.599487,426.049988,425.329987,425.510010,123107
2026-05-01 14:10:00+00:00,425.579987,427.920013,425.510010,427.480011,115204
2026-05-01 14:15:00+00:00,427.540009,427.929993,426.850098,427.334991,259848
2026-05-01 14:20:00+00:00,427.369995,427.660004,426.910004,426.910004,39983
2026-05-01 14:25:00+00:00,426.840515,427.130005,426.429993,426.440002,290512
2026-05-01 14:30:00+00:00,426.500000,426.619995,426.010010,426.359985,128511
2026-05-01 14:35:00+00:00,426.325012,426.325012,425.679993,425.899994,138286
2026-05-01 14:40:00+00:00,425.690002,426.010010,425.140106,425.454712,59173
2026-05-01 14:45:00+00:00,425.410004,425.600006,425.029999,425.230011,58847
2026-05-01 14:50:00+00:00,425.230011,425.459991,424.869995,425.260010,41791
2026-05-01 14:55:00+00:00,425.230103,425.609985,425.170013,425.320007,20292
2026-05-01 15:00:00+00:00,425.309998,425.399994,424.649994,424.730011,50501
2026-05-01 15:05:00+00:00,424.790009,424.890015,424.065002,424.720001,160555
2026-05-01 15:10:00+00:00,424.769989,425.679993,424.489990,425.679993,169095
2026-05-01 15:15:00+00:00,425.640015,426.049988,425.589996,426.000000,61947
2026-05-01 15:20:00+00:00,425.970001,426.059998,425.554993,425.649994,38165
2026-05-01 15:25:00+00:00,425.660004,425.749908,425.464996,425.679993,20527
2026-05-01 15:30:00+00:00,425.750000,426.109985,425.750000,425.859985,38918
2026-05-01 15:35:00+00:00,425.712799,426.299988,425.630005,426.119995,88542
2026-05-01 15:40:00+00:00,426.130005,426.489990,426.119995,426.359985,22794
2026-05-01 15:45:00+00:00,426.390015,426.704407,426.299988,426.415009,33141
2026-05-01 15:50:00+00:00,426.418304,426.609985,425.310089,426.454010,150119
2026-05-01 15:55:00+00:00,426.489990,426.540009,426.200012,426.269989,26781
2026-05-01 16:00:00+00:00,426.279999,426.500000,426.119995,426.309998,18993
2026-05-01 16:05:00+00:00,426.320007,426.450012,425.959991,425.959991,29689
2026-05-01 16:10:00+00:00,425.910004,426.320007,425.839996,426.209991,23911
2026-05-01 16:15:00+00:00,426.230011,426.920013,426.230011,426.665009,31984
2026-05-01 16:20:00+00:00,426.665009,426.890015,425.839996,426.309998,74691
2026-05-01 16:25:00+00:00,426.230011,426.260010,425.799988,425.801392,33364
2026-05-01 16:30:00+00:00,425.970001,426.015015,425.540009,425.749695,20814
2026-05-01 16:35:00+00:00,425.713287,426.000000,425.399994,426.000000,23903
2026-05-01 16:40:00+00:00,426.040009,426.100006,425.790009,425.859985,32591
2026-05-01 16:45:00+00:00,425.839996,425.980011,425.700104,425.980011,24089
2026-05-01 16:50:00+00:00,425.880005,426.230011,425.690002,426.160004,17706
2026-05-01 16:55:00+00:00,426.089996,426.220001,425.869995,425.869995,33051
2026-05-01 17:00:00+00:00,425.910004,426.250000,425.859985,425.859985,20476
2026-05-01 17:05:00+00:00,425.850006,426.000000,425.750000,425.880005,17558
2026-05-01 17:10:00+00:00,425.869995,425.980011,425.799988,425.980011,16485
2026-05-01 17:15:00+00:00,425.940002,426.010010,425.720001,425.839996,17704
2026-05-01 17:20:00+00:00,425.829987,425.880005,425.450012,425.529999,24856
2026-05-01 17:25:00+00:00,425.559998,425.660004,425.179993,425.260010,33323
2026-05-01 17:30:00+00:00,425.250000,425.290009,424.950012,425.154999,25604
2026-05-01 17:35:00+00:00,425.109985,425.119995,424.899994,425.118988,32166
2026-05-01 17:40:00+00:00,425.140015,425.220001,424.804993,424.880005,32906
2026-05-01 17:45:00+00:00,424.869995,425.000000,424.820007,424.820007,37182
2026-05-01 17:50:00+00:00,424.815002,425.489990,424.799988,425.146698,51013
2026-05-01 17:55:00+00:00,425.140015,425.209991,424.959991,425.029907,15684
2026-05-01 18:00:00+00:00,425.000000,425.109985,424.440094,424.520111,26102
2026-05-01 18:05:00+00:00,424.549896,424.640015,424.329987,424.549286,29161
2026-05-01 18:10:00+00:00,424.529999,424.535004,423.720001,423.790100,30616
2026-05-01 18:15:00+00:00,423.779999,424.040009,423.570007,424.010010,24909
2026-05-01 18:20:00+00:00,424.089996,424.369995,424.019989,424.350006,101580
2026-05-01 18:25:00+00:00,424.250000,424.529999,424.040009,424.529999,41905
2026-05-01 18:30:00+00:00,424.230011,424.540009,423.959991,423.970001,32295
2026-05-01 18:35:00+00:00,423.970001,424.010010,423.799988,423.920013,23482
2026-05-01 18:40:00+00:00,423.920013,424.390015,423.900085,424.350006,30606
2026-05-01 18:45:00+00:00,424.359985,424.529999,424.130005,424.510010,25768
2026-05-01 18:50:00+00:00,424.609985,424.700012,424.470001,424.519989,33832
2026-05-01 18:55:00+00:00,424.559998,424.589996,424.429993,424.529999,46817
2026-05-01 19:00:00+00:00,424.549988,424.619995,424.209991,424.274994,26250
2026-05-01 19:05:00+00:00,424.265015,424.434998,424.250000,424.404999,25757
2026-05-01 19:10:00+00:00,424.399994,424.769989,424.334991,424.739990,33506
2026-05-01 19:15:00+00:00,424.720001,424.859985,424.709991,424.859985,39693
2026-05-01 19:20:00+00:00,424.850006,424.890015,424.709991,424.820007,31323
2026-05-01 19:25:00+00:00,424.829987,424.904999,424.600006,424.600006,32738
2026-05-01 19:30:00+00:00,424.609985,424.610901,423.869995,424.019989,91358
2026-05-01 19:35:00+00:00,424.049988,424.070007,423.700012,423.899902,161100
2026-05-01 19:40:00+00:00,423.890015,423.890015,423.345001,423.380005,139218
2026-05-01 19:45:00+00:00,423.390015,423.679993,423.320007,423.660004,87951
2026-05-01 19:50:00+00:00,423.660004,423.720001,423.119995,423.299988,170965
2026-05-01 19:55:00+00:00,423.299988,423.519989,423.079987,423.299988,412975
2026-05-04 13:30:00+00:00,418.839996,419.679993,418.260010,419.540009,536916
2026-05-04 13:35:00+00:00,419.570007,419.663788,419.059998,419.299988,69371
2026-05-04 13:40:00+00:00,419.290009,419.720001,418.970001,419.190002,89403
2026-05-04 13:45:00+00:00,419.220001,419.329987,418.809998,418.809998,100049
2026-05-04 13:50:00+00:00,418.815002,419.179993,418.440002,418.976013,65121
2026-05-04 13:55:00+00:00,419.160004,419.260010,418.700012,419.059998,54976
2026-05-04 14:00:00+00:00,419.019989,419.179993,418.660095,418.720001,31203
2026-05-04 14:05:00+00:00,418.660004,418.779999,418.079987,418.230011,105322
2026-05-04 14:10:00+00:00,418.220001,418.950012,418.109985,418.745300,46128
2026-05-04 14:15:00+00:00,419.125000,419.956390,419.079987,419.820007,97589
2026-05-04 14:20:00+00:00,419.864990,420.739990,419.839996,420.304993,105617
2026-05-04 14:25:00+00:00,420.279999,420.339996,419.619995,419.679993,55828
2026-05-04 14:30:00+00:00,419.640015,420.440002,419.640015,420.179993,64384
2026-05-04 14:35:00+00:00,420.179993,420.715790,420.140015,420.554993,61351
2026-05-04 14:40:00+00:00,420.570007,420.859985,420.029999,420.059998,0
2026-05-04 14:45:00+00:00,420.028503,420.269989,419.510010,419.660004,1647896
2026-05-04 14:50:00+00:00,419.644989,419.690002,419.380005,419.630310,97999
2026-05-04 14:55:00+00:00,419.649994,419.834991,418.609985,418.790009,70024
2026-05-04 15:00:00+00:00,419.000000,419.209991,418.540009,418.774994,197503
2026-05-04 15:05:00+00:00,418.750000,418.860809,418.292511,418.480011,39092
2026-05-04 15:10:00+00:00,418.476990,418.644989,417.570007,417.589996,124196
2026-05-04 15:15:00+00:00,417.579987,418.220001,416.559998,416.790009,112318
2026-05-04 15:20:00+00:00,416.869995,416.869995,414.380005,415.220001,434207
2026-05-04 15:25:00+00:00,415.100006,416.850006,414.549988,416.670013,194458
2026-05-04 15:30:00+00:00,416.679993,416.779999,415.750000,416.440002,170921
2026-05-04 15:35:00+00:00,416.390015,417.209991,415.970001,416.369995,54795
2026-05-04 15:40:00+00:00,416.350006,416.600006,416.160004,416.419098,62947
2026-05-04 15:45:00+00:00,416.419891,416.420013,415.290009,415.347504,103627
2026-05-04 15:50:00+00:00,415.290009,416.029999,414.239990,415.720001,202198
2026-05-04 15:55:00+00:00,415.790009,416.000000,415.140015,415.170807,95287
2026-05-04 16:00:00+00:00,415.135010,415.540009,414.769989,415.230011,121911
2026-05-04 16:05:00+00:00,415.260010,415.350006,413.619995,414.170013,212733
2026-05-04 16:10:00+00:00,414.000000,414.700012,413.280090,414.059998,110048
2026-05-04 16:15:00+00:00,414.019989,415.640015,413.989990,415.269989,100285
2026-05-04 16:20:00+00:00,415.309998,415.690002,415.109985,415.220001,134944
2026-05-04 16:25:00+00:00,415.265686,415.412811,414.429993,414.529999,58122
2026-05-04 16:30:00+00:00,414.529999,414.945709,414.470001,414.720001,44861
2026-05-04 16:35:00+00:00,414.915009,414.929993,414.359985,414.519806,40762
2026-05-04 16:40:00+00:00,414.470001,414.730011,414.260010,414.339996,33417
2026-05-04 16:45:00+00:00,414.359985,414.640015,414.000000,414.079987,24886
2026-05-04 16:50:00+00:00,414.049988,414.329987,413.890015,414.040009,37380
2026-05-04 16:55:00+00:00,414.040009,414.279999,413.912689,414.190002,40915
2026-05-04 17:00:00+00:00,414.299988,415.190002,414.239990,415.190002,50728
2026-05-04 17:05:00+00:00,415.170013,415.600006,415.119995,415.429993,34747
2026-05-04 17:10:00+00:00,415.459991,415.630005,415.265015,415.269989,45212
2026-05-04 17:15:00+00:00,415.299988,416.140015,415.250000,415.920013,47359
2026-05-04 17:20:00+00:00,415.924988,416.040009,415.540009,415.593994,32059
2026-05-04 17:25:00+00:00,415.600006,415.703186,415.210114,415.440002,51076
2026-05-04 17:30:00+00:00,415.429993,415.750000,415.390015,415.570007,28788
2026-05-04 17:35:00+00:00,415.600006,415.649994,415.250000,415.540009,32782
2026-05-04 17:40:00+00:00,415.559998,415.649994,415.399994,415.609985,74234
2026-05-04 17:45:00+00:00,415.640015,415.670013,415.320007,415.320007,33031
2026-05-04 17:50:00+00:00,415.279999,415.570007,415.260010,415.320007,110321
2026-05-04 17:55:00+00:00,415.299988,415.375000,415.170013,415.260010,26784
2026-05-04 18:00:00+00:00,415.265015,415.549011,415.170013,415.380005,32644
2026-05-04 18:05:00+00:00,415.364990,415.424988,414.899994,415.000000,37427
2026-05-04 18:10:00+00:00,414.989990,415.200012,414.920013,415.019989,35094
2026-05-04 18:15:00+00:00,415.029999,415.069885,414.750000,414.829987,36159
2026-05-04 18:20:00+00:00,414.829987,414.829987,414.510010,414.510010,40878
2026-05-04 18:25:00+00:00,414.500000,414.609985,414.119995,414.299988,46013
2026-05-04 18:30:00+00:00,414.299988,414.558197,414.209991,414.558197,25360
2026-05-04 18:35:00+00:00,414.540009,414.619995,414.279999,414.589996,38630
2026-05-04 18:40:00+00:00,414.595001,414.609985,414.220001,414.339996,36959
2026-05-04 18:45:00+00:00,414.309998,414.649994,414.220001,414.589996,33123
2026-05-04 18:50:00+00:00,414.596161,414.679901,414.250000,414.450012,53080
2026-05-04 18:55:00+00:00,414.459991,414.700012,414.350006,414.700012,271541
2026-05-04 19:00:00+00:00,414.679993,414.760010,414.279999,414.279999,32482
2026-05-04 19:05:00+00:00,414.709991,415.359406,414.299988,414.890015,114086
2026-05-04 19:10:00+00:00,414.885010,415.079987,414.760101,414.980011,76722
2026-05-04 19:15:00+00:00,414.989990,415.250000,414.840088,415.149994,42961
2026-05-04 19:20:00+00:00,415.119995,415.440002,415.040009,415.440002,82470
2026-05-04 19:25:00+00:00,415.500000,415.570007,415.049988,415.290009,70424
2026-05-04 19:30:00+00:00,415.299988,415.418213,415.150085,415.339996,59726
2026-05-04 19:35:00+00:00,415.345001,415.739990,415.330109,415.459991,72184
2026-05-04 19:40:00+00:00,415.454987,415.600006,415.130005,415.179993,69869
2026-05-04 19:45:00+00:00,415.182495,415.380005,414.980011,415.170013,137610
2026-05-04 19:50:00+00:00,415.160004,415.160004,414.899994,414.959991,154352
2026-05-04 19:55:00+00:00,414.975006,415.049988,414.554993,414.760010,236246
2026-05-05 13:30:00+00:00,420.149994,420.799988,420.130005,420.549988,758493
2026-05-05 13:35:00+00:00,420.549988,420.609985,419.799988,420.000000,254445
2026-05-05 13:40:00+00:00,420.010010,420.214996,419.709991,419.930298,81556
2026-05-05 13:45:00+00:00,419.920013,420.269989,419.850006,420.100006,54412
2026-05-05 13:50:00+00:00,420.119995,420.839996,420.070007,420.640015,129595
2026-05-05 13:55:00+00:00,420.570007,420.649994,420.279999,420.420013,53243
2026-05-05 14:00:00+00:00,420.500000,420.890015,420.179993,420.390015,56016
2026-05-05 14:05:00+00:00,420.470001,420.929993,420.291199,420.839996,72232
2026-05-05 14:10:00+00:00,420.850006,420.869995,419.600006,419.890106,96481
2026-05-05 14:15:00+00:00,419.924988,419.924988,419.180298,419.649994,99548
2026-05-05 14:20:00+00:00,419.600006,420.470001,419.440002,420.459991,55368
2026-05-05 14:25:00+00:00,420.470001,421.160004,420.470001,420.910004,104249
2026-05-05 14:30:00+00:00,420.899994,421.070007,420.520111,420.709991,68093
2026-05-05 14:35:00+00:00,420.670013,420.779999,420.269989,420.630005,64814
2026-05-05 14:40:00+00:00,420.570007,421.000000,420.570007,420.799988,40273
2026-05-05 14:45:00+00:00,420.700012,420.760010,420.109985,420.309998,73638
2026-05-05 14:50:00+00:00,420.269989,420.450012,420.109985,420.380005,42750
2026-05-05 14:55:00+00:00,420.339996,420.729889,420.339996,420.679993,32909
2026-05-05 15:00:00+00:00,420.739990,420.869995,420.299988,420.829987,31521
2026-05-05 15:05:00+00:00,420.859985,420.859985,420.510010,420.510010,18223
2026-05-05 15:10:00+00:00,420.519989,420.659912,420.434113,420.559998,22107
2026-05-05 15:15:00+00:00,420.570007,420.614990,420.315552,420.369995,16583
2026-05-05 15:20:00+00:00,420.339996,420.529999,420.109985,420.209991,101815
2026-05-05 15:25:00+00:00,420.220001,420.410004,420.059998,420.410004,22165
2026-05-05 15:30:00+00:00,420.410004,420.570007,420.160004,420.309998,52869
2026-05-05 15:35:00+00:00,420.289886,420.449890,420.089996,420.089996,40582
2026-05-05 15:40:00+00:00,420.130005,420.130005,419.799988,419.820007,35110
2026-05-05 15:45:00+00:00,419.920013,420.070007,419.803802,420.019989,14956
2026-05-05 15:50:00+00:00,419.970001,420.100006,419.600006,419.709991,16961
2026-05-05 15:55:00+00:00,419.630005,419.700012,419.410004,419.410004,33634
2026-05-05 16:00:00+00:00,419.390015,419.470001,419.080109,419.329987,20365
2026-05-05 16:05:00+00:00,419.350006,419.399994,418.890015,419.079895,62090
2026-05-05 16:10:00+00:00,419.000000,419.269989,418.880005,419.234985,26672
2026-05-05 16:15:00+00:00,419.200012,419.200012,419.000000,419.075012,27771
2026-05-05 16:20:00+00:00,419.059998,419.170013,418.779999,418.779999,20895
2026-05-05 16:25:00+00:00,418.809998,418.820007,418.299988,418.640015,48185
2026-05-05 16:30:00+00:00,418.649994,418.649994,418.100006,418.459991,31328
2026-05-05 16:35:00+00:00,418.500000,418.640015,418.269989,418.269989,13670
2026-05-05 16:40:00+00:00,418.320007,418.559998,418.269989,418.370087,23364
2026-05-05 16:45:00+00:00,418.260010,418.500000,418.260010,418.429993,35717
2026-05-05 16:50:00+00:00,418.450012,418.690002,418.429993,418.670013,33758
2026-05-05 16:55:00+00:00,418.679993,418.920013,418.670013,418.769989,16351
2026-05-05 17:00:00+00:00,418.790009,418.890015,418.609985,418.625000,31002
2026-05-05 17:05:00+00:00,418.619995,418.649994,418.089996,418.170013,14707
2026-05-05 17:10:00+00:00,418.170013,418.339996,418.059998,418.339996,29831
2026-05-05 17:15:00+00:00,418.320007,418.750000,418.315002,418.750000,11773
2026-05-05 17:20:00+00:00,418.760010,418.799988,418.619995,418.619995,22976
2026-05-05 17:25:00+00:00,418.549988,418.653015,418.420013,418.520111,17887
2026-05-05 17:30:00+00:00,418.545013,418.799896,418.285004,418.769989,27020
2026-05-05 17:35:00+00:00,418.730011,418.920013,418.630005,418.730011,17798
2026-05-05 17:40:00+00:00,418.754700,418.899994,418.725006,418.725006,11515
2026-05-05 17:45:00+00:00,418.720001,418.875000,418.650085,418.875000,22712
2026-05-05 17:50:00+00:00,418.869995,418.869995,418.505096,418.549988,37117
2026-05-05 17:55:00+00:00,418.529999,418.700012,418.529999,418.649994,9423
2026-05-05 18:00:00+00:00,418.644989,418.799988,418.540009,418.630005,13143
2026-05-05 18:05:00+00:00,418.720001,418.869995,418.690002,418.760010,19984
2026-05-05 18:10:00+00:00,418.750000,419.149994,418.640015,419.119995,27315
2026-05-05 18:15:00+00:00,419.084991,419.169189,418.934998,418.940002,14902
2026-05-05 18:20:00+00:00,418.940002,419.019989,418.809998,418.880005,14792
2026-05-05 18:25:00+00:00,418.880005,419.000000,418.820007,418.880005,17600
2026-05-05 18:30:00+00:00,418.910004,418.929993,418.577515,418.577515,79962
2026-05-05 18:35:00+00:00,418.690002,418.709991,418.540009,418.660004,27554
2026-05-05 18:40:00+00:00,418.670013,418.949890,418.519989,418.839996,40305
2026-05-05 18:45:00+00:00,418.875000,419.230011,418.875000,418.970001,10164
2026-05-05 18:50:00+00:00,418.989990,419.000000,418.750000,418.770111,46778
2026-05-05 18:55:00+00:00,418.820007,418.820007,418.640015,418.779999,17043
2026-05-05 19:00:00+00:00,418.810303,418.810303,418.549988,418.589996,28985
2026-05-05 19:05:00+00:00,418.609985,418.746399,418.500000,418.524994,49127
2026-05-05 19:10:00+00:00,418.500000,418.619904,418.450012,418.475006,27860
2026-05-05 19:15:00+00:00,418.450012,418.569885,418.250000,418.540009,32813
2026-05-05 19:20:00+00:00,418.530090,418.549988,418.419586,418.450012,27828
2026-05-05 19:25:00+00:00,418.450012,418.470001,418.315002,418.369995,12780
2026-05-05 19:30:00+00:00,418.399994,418.489990,418.350006,418.364990,19696
2026-05-05 19:35:00+00:00,418.380005,418.505005,418.290009,418.440002,16086
2026-05-05 19:40:00+00:00,418.440002,418.440002,418.290009,418.299988,21500
2026-05-05 19:45:00+00:00,418.290009,418.579987,418.209991,418.570007,36605
2026-05-05 19:50:00+00:00,418.559998,418.559998,418.170013,418.258209,51506
2026-05-05 19:55:00+00:00,418.260010,418.339996,417.904999,418.070007,249592
2026-05-06 13:30:00+00:00,430.149994,431.420013,429.730011,431.329987,1001809
2026-05-06 13:35:00+00:00,431.320007,431.475800,430.920013,431.049988,203743
2026-05-06 13:40:00+00:00,431.049988,431.440002,430.940002,431.130005,63472
2026-05-06 13:45:00+00:00,431.130005,431.660004,430.839996,431.614990,110142
2026-05-06 13:50:00+00:00,431.600006,432.220001,430.975006,431.890015,110663
2026-05-06 13:55:00+00:00,431.839996,432.089996,431.700012,431.739990,88756
2026-05-06 14:00:00+00:00,431.700012,432.450012,431.579987,432.010010,113436
2026-05-06 14:05:00+00:00,432.040009,432.355011,431.309998,432.299591,115344
2026-05-06 14:10:00+00:00,432.260010,432.760010,432.089996,432.609985,275733
2026-05-06 14:15:00+00:00,432.630005,433.190002,432.622498,432.804993,444542
2026-05-06 14:20:00+00:00,432.750000,433.000000,432.359985,432.440002,83077
2026-05-06 14:25:00+00:00,432.410004,432.790009,431.989990,432.059998,139045
2026-05-06 14:30:00+00:00,432.095001,432.459991,431.980011,432.188202,71453
2026-05-06 14:35:00+00:00,432.200012,432.424988,432.010010,432.290009,33374
2026-05-06 14:40:00+00:00,432.290009,432.869995,432.140015,432.765015,63700
2026-05-06 14:45:00+00:00,432.790009,432.820007,432.054993,432.054993,39344
2026-05-06 14:50:00+00:00,431.829987,431.970001,431.580109,431.649994,40711
2026-05-06 14:55:00+00:00,431.660095,432.140015,431.660095,431.829987,92863
2026-05-06 15:00:00+00:00,431.799988,432.049988,431.644989,432.049988,32781
2026-05-06 15:05:00+00:00,432.031799,432.031799,431.279999,431.439911,74498
2026-05-06 15:10:00+00:00,431.420013,431.579987,430.890015,431.265015,39843
2026-05-06 15:15:00+00:00,431.244690,431.630005,431.000000,431.630005,176334
2026-05-06 15:20:00+00:00,431.660004,431.829987,431.399994,431.440002,69180
2026-05-06 15:25:00+00:00,431.440002,431.459991,431.070007,431.086487,27860
2026-05-06 15:30:00+00:00,431.100006,431.269989,430.890015,431.029999,31283
2026-05-06 15:35:00+00:00,430.959991,431.119995,430.709991,430.769989,42018
2026-05-06 15:40:00+00:00,430.760010,431.040009,430.540009,430.869995,88487
2026-05-06 15:45:00+00:00,430.850006,431.070007,430.674988,430.869995,45325
2026-05-06 15:50:00+00:00,430.899994,430.979889,430.649994,430.855011,66121
2026-05-06 15:55:00+00:00,430.839996,430.940002,430.399994,430.410004,146700
2026-05-06 16:00:00+00:00,430.339996,430.339996,430.029999,430.220001,50841
2026-05-06 16:05:00+00:00,430.265015,430.470001,429.785004,430.005005,108236
2026-05-06 16:10:00+00:00,430.000000,430.170013,429.839996,430.015015,53803
2026-05-06 16:15:00+00:00,430.000000,430.200012,429.910004,430.059998,188796
2026-05-06 16:20:00+00:00,430.059998,430.130005,429.940002,429.950012,61170
2026-05-06 16:25:00+00:00,429.970001,430.480011,429.970001,430.420013,74368
2026-05-06 16:30:00+00:00,430.450012,430.630005,430.209991,430.399994,51651
2026-05-06 16:35:00+00:00,430.350006,430.600006,430.250000,430.554993,38633
2026-05-06 16:40:00+00:00,430.547699,430.779999,430.459991,430.459991,25974
2026-05-06 16:45:00+00:00,430.450104,430.600006,430.250000,430.420013,33726
2026-05-06 16:50:00+00:00,430.410004,430.450012,429.970001,430.100006,17656
2026-05-06 16:55:00+00:00,430.029999,430.179993,429.660004,430.010010,52126
2026-05-06 17:00:00+00:00,429.940002,430.239990,429.640015,430.190002,64420
2026-05-06 17:05:00+00:00,430.220001,430.408905,430.135010,430.239990,15682
2026-05-06 17:10:00+00:00,430.244995,430.309998,430.070099,430.140015,33529
2026-05-06 17:15:00+00:00,430.214996,430.220001,429.820007,429.820007,31302
2026-05-06 17:20:00+00:00,429.799988,429.989990,429.730011,429.820007,17127
2026-05-06 17:25:00+00:00,429.789886,430.089996,429.779999,429.940002,24401
2026-05-06 17:30:00+00:00,429.954987,430.000000,429.739990,430.000000,44125
2026-05-06 17:35:00+00:00,429.899994,429.899994,429.640015,429.649994,16881
2026-05-06 17:40:00+00:00,429.649994,429.839996,429.600006,429.750000,54252
2026-05-06 17:45:00+00:00,429.769989,429.890015,429.739990,429.790009,20203
2026-05-06 17:50:00+00:00,429.804993,429.899994,429.765015,429.851593,18124
2026-05-06 17:55:00+00:00,429.940002,430.100006,429.890015,430.079987,34301
2026-05-06 18:00:00+00:00,430.100006,430.209991,429.880005,429.910004,33576
2026-05-06 18:05:00+00:00,429.959991,430.160004,429.959991,430.149994,22709
2026-05-06 18:10:00+00:00,430.190002,430.380005,430.109985,430.319885,30256
2026-05-06 18:15:00+00:00,430.320007,430.529999,430.279999,430.440002,24199
2026-05-06 18:20:00+00:00,430.459991,430.660004,430.380005,430.380005,25886
2026-05-06 18:25:00+00:00,430.429993,430.491913,430.359985,430.480011,30157
2026-05-06 18:30:00+00:00,430.369995,430.541992,430.329987,430.470001,21450
2026-05-06 18:35:00+00:00,430.500000,430.600006,430.390015,430.410004,50652
2026-05-06 18:40:00+00:00,430.424988,430.429993,430.144989,430.290009,61768
2026-05-06 18:45:00+00:00,430.239990,430.457489,430.220001,430.339996,16131
2026-05-06 18:50:00+00:00,430.309998,430.380005,430.160004,430.320007,49754
2026-05-06 18:55:00+00:00,430.329987,430.380005,430.179993,430.309998,39404
2026-05-06 19:00:00+00:00,430.290009,430.869995,430.279999,430.755005,19192
2026-05-06 19:05:00+00:00,430.720001,431.049988,430.700012,431.029999,26819
2026-05-06 19:10:00+00:00,431.058197,431.160004,430.989990,431.119995,32432
2026-05-06 19:15:00+00:00,431.119995,431.369995,431.079987,431.200592,57341
2026-05-06 19:20:00+00:00,431.260010,431.529999,431.250092,431.505005,52522
2026-05-06 19:25:00+00:00,431.470001,431.510010,431.339996,431.385010,57052
2026-05-06 19:30:00+00:00,431.369995,431.454987,431.160004,431.239990,95479
2026-05-06 19:35:00+00:00,431.250000,431.420013,431.160004,431.300293,92639
2026-05-06 19:40:00+00:00,431.300110,431.300110,430.950012,431.140015,246073
2026-05-06 19:45:00+00:00,431.140015,431.250000,431.059998,431.079987,83685
2026-05-06 19:50:00+00:00,431.089996,431.390015,431.089996,431.299988,137439
2026-05-06 19:55:00+00:00,431.304993,431.350006,430.559998,430.829987,287118
2026-05-07 13:30:00+00:00,435.609985,436.809998,435.445007,436.649902,656269
2026-05-07 13:35:00+00:00,436.640015,436.698914,436.119995,436.290009,118146
2026-05-07 13:40:00+00:00,436.239990,436.274994,435.850006,435.850006,61645
2026-05-07 13:45:00+00:00,435.915009,436.000000,435.031097,435.345001,115728
2026-05-07 13:50:00+00:00,435.320007,435.609985,434.869995,435.510010,89791
2026-05-07 13:55:00+00:00,435.519989,435.970001,435.500000,435.739990,302808
2026-05-07 14:00:00+00:00,435.720001,436.000000,435.380005,435.670013,85741
2026-05-07 14:05:00+00:00,435.679993,435.899994,435.510010,435.829987,69955
2026-05-07 14:10:00+00:00,435.859985,436.432007,435.609985,436.265015,57263
2026-05-07 14:15:00+00:00,436.255005,436.450012,435.250000,436.209991,124818
2026-05-07 14:20:00+00:00,436.190002,436.820007,436.119995,436.739990,138053
2026-05-07 14:25:00+00:00,436.755005,436.929993,436.640015,436.700012,53308
2026-05-07 14:30:00+00:00,436.700012,436.920013,435.869995,435.980011,64445
2026-05-07 14:35:00+00:00,435.899994,436.440002,435.820007,436.429993,87757
2026-05-07 14:40:00+00:00,436.399994,436.700012,436.140015,436.299988,116885
2026-05-07 14:45:00+00:00,436.274994,436.850006,436.190002,436.850006,39242
2026-05-07 14:50:00+00:00,436.820007,437.190002,436.674988,437.059998,60321
2026-05-07 14:55:00+00:00,437.079987,437.320007,437.010010,437.260010,64583
2026-05-07 15:00:00+00:00,437.290009,437.420013,436.750000,436.910004,63491
2026-05-07 15:05:00+00:00,436.894287,436.929993,436.609985,436.845001,47305
2026-05-07 15:10:00+00:00,436.825012,437.059998,436.450012,436.450012,49789
2026-05-07 15:15:00+00:00,436.459991,436.619995,436.355011,436.450012,80265
2026-05-07 15:20:00+00:00,436.450012,436.640015,435.649994,435.829987,105125
2026-05-07 15:25:00+00:00,435.790009,435.880005,434.790009,435.119995,98910
2026-05-07 15:30:00+00:00,435.220001,435.839905,435.125000,435.605011,99129
2026-05-07 15:35:00+00:00,435.589996,435.799988,435.329987,435.464996,66118
2026-05-07 15:40:00+00:00,435.475006,435.519989,435.040009,435.070007,64989
2026-05-07 15:45:00+00:00,435.119904,435.140015,434.619995,434.660095,39491
2026-05-07 15:50:00+00:00,434.640015,434.899994,434.149994,434.440002,54886
2026-05-07 15:55:00+00:00,434.440002,434.440002,433.910004,434.130005,48040
2026-05-07 16:00:00+00:00,434.100006,434.180298,433.450012,433.660004,36665
2026-05-07 16:05:00+00:00,433.609985,433.739899,432.929993,433.040009,91106
2026-05-07 16:10:00+00:00,433.049988,433.279999,432.649994,432.799988,82087
2026-05-07 16:15:00+00:00,432.769989,432.769989,431.790009,431.920013,132454
2026-05-07 16:20:00+00:00,432.029999,433.059998,432.010010,433.054993,130366
2026-05-07 16:25:00+00:00,433.079987,433.600006,433.075012,433.304993,200536
2026-05-07 16:30:00+00:00,433.220001,433.385010,432.779999,433.190002,44392
2026-05-07 16:35:00+00:00,433.209991,433.209991,432.470001,432.520111,182183
2026-05-07 16:40:00+00:00,432.510010,432.739990,432.359985,432.429993,85174
2026-05-07 16:45:00+00:00,432.440002,432.929993,432.359985,432.820007,41971
2026-05-07 16:50:00+00:00,432.779999,433.000000,432.464996,433.000000,26266
2026-05-07 16:55:00+00:00,433.049988,433.100006,432.579987,432.829987,39306
2026-05-07 17:00:00+00:00,432.869995,433.089996,432.579987,432.994995,31753
2026-05-07 17:05:00+00:00,432.975006,433.250000,432.825012,432.950012,17327
2026-05-07 17:10:00+00:00,433.000000,433.140015,432.549988,432.739990,37500
2026-05-07 17:15:00+00:00,432.760010,432.809998,431.929993,431.959991,213941
2026-05-07 17:20:00+00:00,431.994995,432.929993,431.910004,432.869995,118389
2026-05-07 17:25:00+00:00,432.839996,433.230011,430.250000,431.333008,163216
2026-05-07 17:30:00+00:00,431.290009,431.630005,430.779999,431.339996,49294
2026-05-07 17:35:00+00:00,431.329987,431.709991,431.000000,431.679993,167351
2026-05-07 17:40:00+00:00,431.690002,431.910004,431.200012,431.339996,42802
2026-05-07 17:45:00+00:00,431.309998,431.734985,431.220001,431.359985,23072
2026-05-07 17:50:00+00:00,431.334991,431.769989,431.250000,431.765015,16948
2026-05-07 17:55:00+00:00,431.799988,432.570007,431.674988,432.510010,84903
2026-05-07 18:00:00+00:00,432.589996,432.589996,432.119995,432.149994,32062
2026-05-07 18:05:00+00:00,432.170502,432.572510,432.105011,432.149994,31300
2026-05-07 18:10:00+00:00,432.109985,432.380005,431.960114,432.220001,20633
2026-05-07 18:15:00+00:00,432.230011,432.350006,432.100006,432.239990,26023
2026-05-07 18:20:00+00:00,432.309998,432.480011,432.070007,432.084991,23419
2026-05-07 18:25:00+00:00,432.029999,432.670013,432.000000,432.649994,29306
2026-05-07 18:30:00+00:00,432.670013,432.890015,432.559998,432.734985,26506
2026-05-07 18:35:00+00:00,432.760010,432.940002,432.149994,432.605011,43979
2026-05-07 18:40:00+00:00,432.619995,432.809998,431.760010,432.035004,42891
2026-05-07 18:45:00+00:00,432.029999,432.329987,431.309998,431.579987,53511
2026-05-07 18:50:00+00:00,431.519989,431.890015,431.065002,431.859985,35522
2026-05-07 18:55:00+00:00,431.750000,432.529999,431.700012,432.380005,98729
2026-05-07 19:00:00+00:00,432.420013,432.649994,431.959991,432.054993,42063
2026-05-07 19:05:00+00:00,432.100006,432.529999,432.095001,432.350006,29493
2026-05-07 19:10:00+00:00,432.369995,432.549988,432.309998,432.420013,33323
2026-05-07 19:15:00+00:00,432.404999,432.470001,431.450012,431.649994,52734
2026-05-07 19:20:00+00:00,431.630005,431.970001,431.400513,431.460114,37443
2026-05-07 19:25:00+00:00,431.480011,432.029999,431.269989,431.910004,29712
2026-05-07 19:30:00+00:00,431.929993,432.209991,431.799988,432.130005,33305
2026-05-07 19:35:00+00:00,432.170013,432.529999,432.084991,432.450012,33029
2026-05-07 19:40:00+00:00,432.431793,432.529999,432.200012,432.299988,23207
2026-05-07 19:45:00+00:00,432.315094,432.359985,431.924988,432.119995,71975
2026-05-07 19:50:00+00:00,432.230011,432.420013,431.799988,431.994995,119092
2026-05-07 19:55:00+00:00,431.980011,432.255005,431.649994,431.700012,195100
2026-05-08 13:30:00+00:00,434.049988,435.660004,434.010010,435.140015,304916
2026-05-08 13:35:00+00:00,435.109985,435.653198,435.080109,435.089996,135335
2026-05-08 13:40:00+00:00,435.070007,435.309998,434.730011,434.980011,62047
2026-05-08 13:45:00+00:00,435.105011,435.619995,434.760010,435.232086,325840
2026-05-08 13:50:00+00:00,435.269989,435.690002,434.975006,435.290009,178503
2026-05-08 13:55:00+00:00,435.239990,436.029999,435.209991,436.029999,292156
2026-05-08 14:00:00+00:00,436.019989,436.200012,435.230011,435.290009,174844
2026-05-08 14:05:00+00:00,435.230011,435.239990,433.950012,434.010010,198208
2026-05-08 14:10:00+00:00,434.019989,434.525787,433.290009,434.489990,179924
2026-05-08 14:15:00+00:00,434.500000,434.690002,433.939911,434.109985,53744
2026-05-08 14:20:00+00:00,434.125000,434.179993,433.529999,433.900085,157330
2026-05-08 14:25:00+00:00,433.945007,434.274994,433.070007,433.250000,82852
2026-05-08 14:30:00+00:00,433.190002,433.660004,432.920013,433.600006,68331
2026-05-08 14:35:00+00:00,433.540009,433.910004,433.410004,433.815002,31687
2026-05-08 14:40:00+00:00,433.734985,433.924988,433.554993,433.670013,56035
2026-05-08 14:45:00+00:00,433.619995,433.839996,432.920105,433.230011,265144
2026-05-08 14:50:00+00:00,433.170013,433.359985,432.770111,433.239990,53402
2026-05-08 14:55:00+00:00,433.239990,433.380005,432.980011,433.010010,23705
2026-05-08 15:00:00+00:00,432.859985,433.130005,432.670013,432.850006,75632
2026-05-08 15:05:00+00:00,432.869995,433.429993,432.859985,433.045013,71320
2026-05-08 15:10:00+00:00,433.200012,433.320007,432.049988,432.189911,75976
2026-05-08 15:15:00+00:00,432.230011,432.320007,431.940002,432.119995,105517
2026-05-08 15:20:00+00:00,432.140015,432.554993,431.902588,432.195099,156467
2026-05-08 15:25:00+00:00,432.206299,432.700012,431.980011,432.700012,135401
2026-05-08 15:30:00+00:00,432.749908,432.829987,431.859985,432.290009,29571
2026-05-08 15:35:00+00:00,432.429993,432.880005,432.364899,432.709991,27200
2026-05-08 15:40:00+00:00,432.657410,432.657410,431.894989,432.059998,0
2026-05-08 15:45:00+00:00,432.024994,432.410004,431.700012,432.269989,3398268
2026-05-08 15:50:00+00:00,432.369995,432.549896,432.279999,432.420013,25040
2026-05-08 15:55:00+00:00,432.369995,432.369995,431.929993,432.184998,52505
2026-05-08 16:00:00+00:00,432.160004,432.450012,432.035004,432.109985,35420
2026-05-08 16:05:00+00:00,432.119995,432.700012,432.100098,432.330109,26227
2026-05-08 16:10:00+00:00,432.339996,432.730011,432.200012,432.600006,72281
2026-05-08 16:15:00+00:00,432.640015,432.880005,432.635010,432.660004,27456
2026-05-08 16:20:00+00:00,432.709991,433.000000,432.649994,432.899994,33627
2026-05-08 16:25:00+00:00,432.915009,433.239990,432.915009,433.220001,49187
2026-05-08 16:30:00+00:00,433.239990,433.454987,433.109985,433.144989,48612
2026-05-08 16:35:00+00:00,433.140015,433.260010,433.010010,433.079987,21012
2026-05-08 16:40:00+00:00,433.089996,433.154999,432.769989,432.799988,34920
2026-05-08 16:45:00+00:00,432.839996,433.079987,432.739990,432.820007,20905
2026-05-08 16:50:00+00:00,432.839996,432.839996,432.670013,432.739990,24932
2026-05-08 16:55:00+00:00,432.774994,432.920013,432.635010,432.720001,16448
2026-05-08 17:00:00+00:00,432.735901,433.053192,432.735901,432.989990,31728
2026-05-08 17:05:00+00:00,433.059998,433.089996,432.809998,432.850006,17627
2026-05-08 17:10:00+00:00,432.880005,432.959991,432.809998,432.959991,9166
2026-05-08 17:15:00+00:00,433.010010,433.380005,433.010010,433.290009,22664
2026-05-08 17:20:00+00:00,433.320007,433.459991,433.170013,433.279999,61192
2026-05-08 17:25:00+00:00,433.279999,433.589996,433.260010,433.489990,19785
2026-05-08 17:30:00+00:00,433.480011,433.559998,433.339996,433.420105,20089
2026-05-08 17:35:00+00:00,433.399994,433.519287,433.359985,433.399994,7534
2026-05-08 17:40:00+00:00,433.369995,433.524994,433.369995,433.489990,12407
2026-05-08 17:45:00+00:00,433.450012,433.500000,433.382996,433.400391,12482
2026-05-08 17:50:00+00:00,433.420013,433.570007,433.329987,433.570007,34670
2026-05-08 17:55:00+00:00,433.630005,433.649994,433.381714,433.489990,18495
2026-05-08 18:00:00+00:00,433.540009,434.109985,433.470001,434.040009,73587
2026-05-08 18:05:00+00:00,434.029999,434.130005,433.940002,433.989014,34924
2026-05-08 18:10:00+00:00,434.010010,434.209991,433.890015,434.119995,21327
2026-05-08 18:15:00+00:00,434.174988,434.230011,433.910004,433.954987,23139
2026-05-08 18:20:00+00:00,433.929993,434.149994,433.910004,434.029999,38614
2026-05-08 18:25:00+00:00,434.040009,434.040009,433.779999,434.000000,30954
2026-05-08 18:30:00+00:00,433.950012,433.999908,433.820007,433.924988,54290
2026-05-08 18:35:00+00:00,433.910004,433.988708,433.850006,433.959991,11904
2026-05-08 18:40:00+00:00,433.920013,433.980011,433.779999,433.820099,45800
2026-05-08 18:45:00+00:00,433.809998,433.859985,433.619995,433.739990,13844
2026-05-08 18:50:00+00:00,433.757996,433.820007,433.609985,433.640015,17163
2026-05-08 18:55:00+00:00,433.510010,433.725006,433.440002,433.609985,26249
2026-05-08 19:00:00+00:00,433.579987,433.820007,433.510010,433.730011,34890
2026-05-08 19:05:00+00:00,433.709991,433.920013,433.679993,433.869995,20684
2026-05-08 19:10:00+00:00,433.839996,433.950012,433.745087,433.799011,85175
2026-05-08 19:15:00+00:00,433.769989,433.859985,433.769989,433.790009,14568
2026-05-08 19:20:00+00:00,433.808014,433.859985,433.714996,433.827179,18721
2026-05-08 19:25:00+00:00,433.820007,433.859985,433.739990,433.769989,17966
2026-05-08 19:30:00+00:00,433.760010,433.761993,433.619995,433.709991,22088
2026-05-08 19:35:00+00:00,433.709991,433.769989,433.580902,433.769989,24483
2026-05-08 19:40:00+00:00,433.769989,434.079987,433.750000,433.920013,108813
2026-05-08 19:45:00+00:00,433.924988,433.970001,433.709991,433.783600,90600
2026-05-08 19:50:00+00:00,433.769989,433.950012,433.739990,433.880005,56856
2026-05-08 19:55:00+00:00,433.899994,433.899994,433.725006,433.809998,203416
2026-05-11 13:30:00+00:00,434.182007,435.000000,434.070007,434.760010,736415
2026-05-11 13:35:00+00:00,434.750000,435.239990,434.619995,434.804993,126289
2026-05-11 13:40:00+00:00,434.815002,435.790009,434.779999,435.605011,187834
2026-05-11 13:45:00+00:00,435.609985,436.040009,434.870087,435.019989,207424
2026-05-11 13:50:00+00:00,435.005005,435.480011,434.720001,435.279999,208346
2026-05-11 13:55:00+00:00,435.589996,435.700012,434.869995,434.869995,320047
2026-05-11 14:00:00+00:00,434.880005,435.079987,434.130005,434.350006,127723
2026-05-11 14:05:00+00:00,434.354797,434.440002,433.220001,433.825012,89727
2026-05-11 14:10:00+00:00,433.790009,434.559998,433.579987,434.415009,170724
2026-05-11 14:15:00+00:00,434.420013,434.529999,433.940002,434.399994,55450
2026-05-11 14:20:00+00:00,434.442993,434.679993,434.299988,434.630005,0
2026-05-11 14:25:00+00:00,434.200012,434.670013,433.769989,433.769989,2316130
2026-05-11 14:30:00+00:00,433.769989,434.079987,432.959991,433.450012,70600
2026-05-11 14:35:00+00:00,433.500000,434.140015,433.160004,433.989990,60727
2026-05-11 14:40:00+00:00,434.005005,434.609985,434.005005,434.549988,33601
2026-05-11 14:45:00+00:00,434.510010,434.690002,433.890015,434.220001,182116
2026-05-11 14:50:00+00:00,434.290009,434.320007,433.779999,434.109985,101315
2026-05-11 14:55:00+00:00,434.019989,434.020203,433.700012,433.890015,32992
2026-05-11 15:00:00+00:00,433.839996,434.109985,433.630005,433.910004,50660
2026-05-11 15:05:00+00:00,433.869995,434.299988,433.839996,434.145508,32231
2026-05-11 15:10:00+00:00,434.190002,434.420013,434.029999,434.160004,64840
2026-05-11 15:15:00+00:00,434.190002,434.730011,434.070007,434.470001,40422
2026-05-11 15:20:00+00:00,434.399994,435.049988,434.380005,434.924988,45308
2026-05-11 15:25:00+00:00,434.915009,434.980011,434.500000,434.559998,40593
2026-05-11 15:30:00+00:00,434.600006,434.730011,434.500000,434.519989,32638
2026-05-11 15:35:00+00:00,434.519989,434.519989,434.309998,434.344635,34315
2026-05-11 15:40:00+00:00,434.299988,434.459991,434.021393,434.109985,38614
2026-05-11 15:45:00+00:00,434.000000,434.279999,433.880005,434.269989,67245
2026-05-11 15:50:00+00:00,434.260010,434.527008,434.148010,434.470001,57664
2026-05-11 15:55:00+00:00,434.498810,434.559998,434.390015,434.540009,41693
2026-05-11 16:00:00+00:00,434.519989,434.640015,434.420013,434.489990,19500
2026-05-11 16:05:00+00:00,434.470001,434.589996,434.260010,434.260010,53442
2026-05-11 16:10:00+00:00,434.299988,434.309998,434.089996,434.130005,22814
2026-05-11 16:15:00+00:00,434.130005,434.160004,433.760010,433.979889,35764
2026-05-11 16:20:00+00:00,433.970001,433.989990,433.670410,433.750000,43414
2026-05-11 16:25:00+00:00,433.750000,433.880005,433.579987,433.720001,61767
2026-05-11 16:30:00+00:00,433.720001,433.893311,433.549988,433.589996,17023
2026-05-11 16:35:00+00:00,433.529999,433.529999,433.119995,433.410004,47692
2026-05-11 16:40:00+00:00,433.350098,433.450012,432.209991,432.582489,123523
2026-05-11 16:45:00+00:00,432.459991,432.980011,432.380005,432.920807,67986
2026-05-11 16:50:00+00:00,432.890015,433.040009,432.815002,432.950714,23554
2026-05-11 16:55:00+00:00,432.959991,433.119995,432.779999,433.049988,38189
2026-05-11 17:00:00+00:00,433.054993,433.299988,433.054993,433.209991,21812
2026-05-11 17:05:00+00:00,433.220001,433.390015,433.160004,433.220001,26968
2026-05-11 17:10:00+00:00,433.149994,433.299988,432.980011,433.265015,36274
2026-05-11 17:15:00+00:00,433.255005,433.339996,433.160004,433.174988,34194
2026-05-11 17:20:00+00:00,433.179993,433.478485,433.109985,433.320007,19171
2026-05-11 17:25:00+00:00,433.339996,433.549988,433.179993,433.200012,30238
2026-05-11 17:30:00+00:00,433.250000,433.734985,433.239990,433.649994,34271
2026-05-11 17:35:00+00:00,433.660004,433.720001,433.540009,433.540009,41996
2026-05-11 17:40:00+00:00,433.540009,433.779999,433.489990,433.709991,25777
2026-05-11 17:45:00+00:00,433.750000,433.829987,433.619995,433.619995,21081
2026-05-11 17:50:00+00:00,433.619995,433.730011,433.549988,433.549988,12343
2026-05-11 17:55:00+00:00,433.589996,433.709991,433.540009,433.709991,27601
2026-05-11 18:00:00+00:00,433.730011,433.820007,433.619995,433.809906,16389
2026-05-11 18:05:00+00:00,433.779999,434.029999,433.779999,433.899994,21064
2026-05-11 18:10:00+00:00,433.929993,433.950012,433.549988,433.670013,61053
2026-05-11 18:15:00+00:00,433.660004,433.750000,433.554993,433.670013,31527
2026-05-11 18:20:00+00:00,433.690002,433.839996,433.459991,433.739990,93022
2026-05-11 18:25:00+00:00,433.760010,434.100006,433.744995,434.065002,58719
2026-05-11 18:30:00+00:00,434.049988,434.119995,434.010101,434.019989,26497
2026-05-11 18:35:00+00:00,434.040009,434.309998,434.029999,434.029999,103643
2026-05-11 18:40:00+00:00,434.089996,434.125000,433.940002,434.059998,45738
2026-05-11 18:45:00+00:00,434.049988,434.059998,433.910004,434.000000,26585
2026-05-11 18:50:00+00:00,434.005005,434.139893,433.950012,433.989990,20214
2026-05-11 18:55:00+00:00,433.989990,434.220001,433.850006,433.850006,38250
2026-05-11 19:00:00+00:00,433.850006,434.067596,433.790009,433.809998,52308
2026-05-11 19:05:00+00:00,433.809998,434.200012,433.809998,434.041199,21163
2026-05-11 19:10:00+00:00,434.109985,434.159912,433.760010,433.880005,44139
2026-05-11 19:15:00+00:00,433.850006,433.929993,433.769989,433.869995,31515
2026-05-11 19:20:00+00:00,433.880005,433.899994,433.709991,433.750092,22816
2026-05-11 19:25:00+00:00,433.760010,433.815002,433.660004,433.795013,16107
2026-05-11 19:30:00+00:00,433.795013,433.899994,433.619995,433.829987,31163
2026-05-11 19:35:00+00:00,433.839996,434.105011,433.823700,434.089996,44556
2026-05-11 19:40:00+00:00,434.120087,434.214996,434.040009,434.070007,38311
2026-05-11 19:45:00+00:00,434.063995,434.420013,434.063995,434.380005,78540
2026-05-11 19:50:00+00:00,434.390015,434.684998,434.309998,434.668915,84750
2026-05-11 19:55:00+00:00,434.674988,434.869995,434.549988,434.679993,174550
2026-05-12 13:30:00+00:00,430.700012,430.920013,430.130096,430.519989,478732
2026-05-12 13:35:00+00:00,430.529999,431.390015,430.070007,431.380005,65842
2026-05-12 13:40:00+00:00,431.399994,431.739990,431.183289,431.429993,82350
2026-05-12 13:45:00+00:00,431.440002,431.640015,430.619995,430.904999,51578
2026-05-12 13:50:00+00:00,430.825012,430.970001,430.450012,430.790009,86636
2026-05-12 13:55:00+00:00,430.690002,430.690002,429.350006,429.589996,100201
2026-05-12 14:00:00+00:00,429.709991,430.899994,429.355011,430.649994,104097
2026-05-12 14:05:00+00:00,430.654999,430.890015,430.394989,430.765015,89375
2026-05-12 14:10:00+00:00,430.779999,431.100006,430.311310,430.863098,109967
2026-05-12 14:15:00+00:00,430.940002,431.019989,430.209991,430.454987,53015
2026-05-12 14:20:00+00:00,430.445007,430.690002,430.299988,430.345001,69074
2026-05-12 14:25:00+00:00,430.329987,430.519989,429.899994,430.019989,38017
2026-05-12 14:30:00+00:00,429.929993,430.079987,428.910004,430.079987,68233
2026-05-12 14:35:00+00:00,430.109985,430.380005,429.619995,430.279999,62985
2026-05-12 14:40:00+00:00,430.269989,430.339996,429.980011,430.230011,36961
2026-05-12 14:45:00+00:00,430.239990,430.239990,429.500000,429.540009,552927
2026-05-12 14:50:00+00:00,429.549988,429.600006,428.855011,429.390015,36735
2026-05-12 14:55:00+00:00,429.440002,429.500000,428.700012,429.040009,40636
2026-05-12 15:00:00+00:00,429.040009,429.359985,428.470001,428.704987,52558
2026-05-12 15:05:00+00:00,428.649994,429.140015,428.529999,429.089996,46665
2026-05-12 15:10:00+00:00,429.029999,429.029999,428.220001,428.239990,76028
2026-05-12 15:15:00+00:00,428.220001,428.399994,427.730011,428.020111,76903
2026-05-12 15:20:00+00:00,428.000000,428.029999,425.910095,426.320007,224981
2026-05-12 15:25:00+00:00,426.295013,427.600006,425.850006,427.429993,185295
2026-05-12 15:30:00+00:00,427.454987,428.230011,427.260010,428.160004,95284
2026-05-12 15:35:00+00:00,428.160004,428.554993,427.875000,428.500000,24782
2026-05-12 15:40:00+00:00,428.500000,428.549988,428.180115,428.299988,33856
2026-05-12 15:45:00+00:00,428.375000,428.670013,428.269989,428.420013,23668
2026-05-12 15:50:00+00:00,428.440002,428.649994,428.250000,428.570007,25416
2026-05-12 15:55:00+00:00,428.545990,428.769897,428.355011,428.390015,25436
2026-05-12 16:00:00+00:00,428.399994,428.920013,428.250000,428.859985,31789
2026-05-12 16:05:00+00:00,428.820007,428.859985,428.619995,428.660004,25679
2026-05-12 16:10:00+00:00,428.670013,429.042175,428.570007,428.929993,62890
2026-05-12 16:15:00+00:00,428.864990,429.220001,428.864990,428.920013,39707
2026-05-12 16:20:00+00:00,428.920013,429.060089,428.450104,428.589996,29210
2026-05-12 16:25:00+00:00,428.630005,428.731995,428.450012,428.600006,25667
2026-05-12 16:30:00+00:00,428.630005,428.649994,428.350006,428.609985,37121
2026-05-12 16:35:00+00:00,428.683807,428.837799,428.589996,428.809998,12393
2026-05-12 16:40:00+00:00,428.799988,428.914612,428.609985,428.767883,25295
2026-05-12 16:45:00+00:00,428.769989,428.829987,428.519989,428.815002,45456
2026-05-12 16:50:00+00:00,428.799988,429.000000,428.640015,428.790009,18112
2026-05-12 16:55:00+00:00,428.777496,429.201294,428.777496,428.920013,32853
2026-05-12 17:00:00+00:00,428.910004,429.489990,428.910004,429.399994,15309
2026-05-12 17:05:00+00:00,429.380005,429.670013,429.359985,429.570007,27386
2026-05-12 17:10:00+00:00,429.600006,429.640015,429.250000,429.464996,42300
2026-05-12 17:15:00+00:00,429.459991,429.799988,429.429993,429.734985,23100
2026-05-12 17:20:00+00:00,429.750000,429.850006,429.679993,429.750000,20051
2026-05-12 17:25:00+00:00,429.769989,429.939911,429.570099,429.630005,25290
2026-05-12 17:30:00+00:00,429.649994,429.730011,429.420013,429.589996,26356
2026-05-12 17:35:00+00:00,429.570007,429.660004,429.350006,429.660004,10581
2026-05-12 17:40:00+00:00,429.649994,429.769989,429.480011,429.690002,15667
2026-05-12 17:45:00+00:00,429.680115,429.720001,429.549988,429.609985,22995
2026-05-12 17:50:00+00:00,429.605011,429.730011,429.529999,429.700012,22299
2026-05-12 17:55:00+00:00,429.680115,429.799988,429.540009,429.600006,33466
2026-05-12 18:00:00+00:00,429.540009,430.109985,429.540009,429.630005,128504
2026-05-12 18:05:00+00:00,429.600006,429.779999,429.390015,429.769989,84054
2026-05-12 18:10:00+00:00,429.760010,429.919006,429.559998,429.859985,205365
2026-05-12 18:15:00+00:00,429.915009,430.000000,429.760010,430.000000,23559
2026-05-12 18:20:00+00:00,429.964996,430.179993,429.964996,430.010010,26036
2026-05-12 18:25:00+00:00,430.019989,430.459991,430.019989,430.250000,43070
2026-05-12 18:30:00+00:00,430.190002,430.730011,430.190002,430.709991,132799
2026-05-12 18:35:00+00:00,430.690002,430.980011,430.600006,430.809998,122550
2026-05-12 18:40:00+00:00,430.779999,431.369995,430.769989,431.157501,178482
2026-05-12 18:45:00+00:00,431.160004,431.230011,430.739990,430.779999,64570
2026-05-12 18:50:00+00:00,430.839996,431.410004,430.790009,431.309998,109216
2026-05-12 18:55:00+00:00,431.290009,431.380005,431.149994,431.214996,291055
2026-05-12 19:00:00+00:00,431.269989,431.510010,431.269989,431.325012,44812
2026-05-12 19:05:00+00:00,431.320007,431.559998,431.230011,431.470001,28174
2026-05-12 19:10:00+00:00,431.500000,431.850006,431.410004,431.575012,74114
2026-05-12 19:15:00+00:00,431.589996,431.809998,431.510010,431.790009,21670
2026-05-12 19:20:00+00:00,431.789795,431.929993,431.570007,431.840088,140631
2026-05-12 19:25:00+00:00,431.864990,431.989990,431.820007,431.910004,48511
2026-05-12 19:30:00+00:00,431.950012,432.434998,431.950012,432.369995,67767
2026-05-12 19:35:00+00:00,432.429993,432.540009,432.329987,432.359985,85583
2026-05-12 19:40:00+00:00,432.350006,432.480988,432.250000,432.450012,71050
2026-05-12 19:45:00+00:00,432.450012,432.570007,432.399994,432.470001,95643
2026-05-12 19:50:00+00:00,432.489990,432.829987,432.429993,432.730011,147052
2026-05-12 19:55:00+00:00,432.739990,432.980011,432.709991,432.980011,309464
2026-05-13 13:30:00+00:00,430.519989,430.709991,429.943695,430.070007,508391
2026-05-13 13:35:00+00:00,429.990112,430.130005,429.059998,429.179993,117852
2026-05-13 13:40:00+00:00,429.119995,430.040009,429.119995,429.600006,83494
2026-05-13 13:45:00+00:00,429.609985,429.609985,428.750000,429.079987,62779
2026-05-13 13:50:00+00:00,429.089996,429.989990,428.799988,429.989990,31366
2026-05-13 13:55:00+00:00,430.000000,430.029999,429.529999,429.690002,35606
2026-05-13 14:00:00+00:00,429.665009,429.769989,429.100006,429.380005,39273
2026-05-13 14:05:00+00:00,429.420013,429.779999,429.160004,429.500000,57463
2026-05-13 14:10:00+00:00,429.429993,430.000000,429.399994,429.836700,29702
2026-05-13 14:15:00+00:00,429.755005,429.929993,429.109985,429.135010,41402
2026-05-13 14:20:00+00:00,429.160004,429.899994,429.130005,429.899994,32496
2026-05-13 14:25:00+00:00,429.869995,430.200012,429.829987,430.089996,55857
2026-05-13 14:30:00+00:00,430.079987,430.690002,429.989990,430.649994,37257
2026-05-13 14:35:00+00:00,430.630005,430.730011,430.144989,430.290009,47546
2026-05-13 14:40:00+00:00,430.309113,430.500000,430.062103,430.070007,41094
2026-05-13 14:45:00+00:00,430.089996,430.154999,429.459991,429.822906,32665
2026-05-13 14:50:00+00:00,429.880005,429.949005,429.570007,429.809998,18416
2026-05-13 14:55:00+00:00,429.760010,430.000000,429.635010,429.709991,28651
2026-05-13 15:00:00+00:00,429.709991,430.299988,429.609985,430.098511,20868
2026-05-13 15:05:00+00:00,430.100006,430.500000,429.899994,430.470001,31073
2026-05-13 15:10:00+00:00,430.459991,430.690002,430.282501,430.410004,37220
2026-05-13 15:15:00+00:00,430.399994,430.450012,430.209991,430.394989,23777
2026-05-13 15:20:00+00:00,430.380005,430.635010,430.149994,430.459991,38194
2026-05-13 15:25:00+00:00,430.440002,430.809998,430.410004,430.785004,49740
2026-05-13 15:30:00+00:00,430.779999,431.179993,430.359985,431.160004,84824
2026-05-13 15:35:00+00:00,431.170013,431.510010,431.079987,431.475006,121508
2026-05-13 15:40:00+00:00,431.500000,431.609985,431.282990,431.519989,94074
2026-05-13 15:45:00+00:00,431.540009,431.540009,431.220001,431.429993,83716
2026-05-13 15:50:00+00:00,431.434998,431.434998,431.089996,431.149292,22975
2026-05-13 15:55:00+00:00,431.160004,431.399414,431.065735,431.149994,32142
2026-05-13 16:00:00+00:00,431.149994,431.549988,431.130005,431.369995,31096
2026-05-13 16:05:00+00:00,431.398987,431.700012,431.230011,431.649994,25522
2026-05-13 16:10:00+00:00,431.640015,431.839996,431.500000,431.790009,35361
2026-05-13 16:15:00+00:00,431.779999,431.910004,431.459991,431.470001,33380
2026-05-13 16:20:00+00:00,431.500000,432.450012,431.459991,432.119995,46894
2026-05-13 16:25:00+00:00,432.149994,432.489990,431.890015,432.184998,31079
2026-05-13 16:30:00+00:00,432.149994,432.269989,431.769989,431.929993,44173
2026-05-13 16:35:00+00:00,431.934998,431.980011,431.739990,431.829987,20339
2026-05-13 16:40:00+00:00,431.829987,431.859985,431.540009,431.540009,15731
2026-05-13 16:45:00+00:00,431.540100,431.700012,431.450012,431.535004,23617
2026-05-13 16:50:00+00:00,431.535004,431.540009,431.140015,431.230011,64146
2026-05-13 16:55:00+00:00,431.239990,431.339996,431.119995,431.204987,28030
2026-05-13 17:00:00+00:00,431.209991,431.500000,431.190002,431.279999,42571
2026-05-13 17:05:00+00:00,431.269989,431.537506,431.239990,431.500000,14782
2026-05-13 17:10:00+00:00,431.529999,431.660004,431.420013,431.545013,29716
2026-05-13 17:15:00+00:00,431.529999,431.529999,431.265106,431.529999,21512
2026-05-13 17:20:00+00:00,431.540009,431.659912,431.309998,431.323792,22088
2026-05-13 17:25:00+00:00,431.345001,431.540009,431.274994,431.429993,19987
2026-05-13 17:30:00+00:00,431.399994,431.399994,430.630005,430.670013,78942
2026-05-13 17:35:00+00:00,430.649994,430.899994,430.640015,430.750000,42383
2026-05-13 17:40:00+00:00,430.739990,430.989990,430.709991,430.709991,48288
2026-05-13 17:45:00+00:00,430.790009,431.010010,430.670685,430.739990,34976
2026-05-13 17:50:00+00:00,430.730011,430.829987,430.489990,430.540009,31173
2026-05-13 17:55:00+00:00,430.510010,430.619995,430.130005,430.209991,42118
2026-05-13 18:00:00+00:00,430.260010,430.579987,430.119995,430.429993,25546
2026-05-13 18:05:00+00:00,430.420013,430.765015,430.410004,430.708435,27088
2026-05-13 18:10:00+00:00,430.684998,430.899994,430.684998,430.894989,25365
2026-05-13 18:15:00+00:00,430.880005,431.010010,430.670013,430.709991,25468
2026-05-13 18:20:00+00:00,430.720001,430.730011,430.529999,430.640015,70150
2026-05-13 18:25:00+00:00,430.640015,430.809998,430.631012,430.809998,15604
2026-05-13 18:30:00+00:00,430.799988,430.894989,430.654999,430.730011,21179
2026-05-13 18:35:00+00:00,430.700012,430.700012,430.375000,430.609985,25908
2026-05-13 18:40:00+00:00,430.622009,430.739990,430.230011,430.279999,23680
2026-05-13 18:45:00+00:00,430.279999,430.369995,429.489990,429.660004,53147
2026-05-13 18:50:00+00:00,429.665009,430.410004,429.665009,430.381805,51372
2026-05-13 18:55:00+00:00,430.339996,430.399994,430.109985,430.165009,19892
2026-05-13 19:00:00+00:00,430.170013,430.279999,430.079987,430.089996,27167
2026-05-13 19:05:00+00:00,430.140015,430.329987,430.029999,430.315002,38836
2026-05-13 19:10:00+00:00,430.299988,430.549988,430.239990,430.549988,21873
2026-05-13 19:15:00+00:00,430.559998,430.684998,430.369995,430.470001,34378
2026-05-13 19:20:00+00:00,430.470001,430.649994,430.429993,430.440002,31055
2026-05-13 19:25:00+00:00,430.470001,430.515015,430.329987,430.385010,33983
2026-05-13 19:30:00+00:00,430.390015,430.519897,430.154999,430.200012,28621
2026-05-13 19:35:00+00:00,430.200012,430.540009,430.160004,430.524994,39544
2026-05-13 19:40:00+00:00,430.540009,430.540009,430.369995,430.519989,47316
2026-05-13 19:45:00+00:00,430.519989,430.600006,430.399994,430.570007,39768
2026-05-13 19:50:00+00:00,430.570007,430.570007,430.059998,430.260010,127869
2026-05-13 19:55:00+00:00,430.269989,430.549988,430.250000,430.470001,196036
2026-05-14 13:30:00+00:00,430.299988,430.480011,429.760010,430.040009,351535
2026-05-14 13:35:00+00:00,430.000000,430.220001,429.621796,429.815002,177098
2026-05-14 13:40:00+00:00,429.869995,429.869995,428.049988,429.290009,189172
2026-05-14 13:45:00+00:00,429.234985,430.579987,429.200012,430.450012,186629
2026-05-14 13:50:00+00:00,430.505005,430.579987,429.670013,430.094391,78147
2026-05-14 13:55:00+00:00,430.109985,430.250000,429.500000,429.600006,82255
2026-05-14 14:00:00+00:00,429.559998,430.450012,429.390015,430.109985,116080
2026-05-14 14:05:00+00:00,430.160004,430.209991,429.679993,430.070007,62086
2026-05-14 14:10:00+00:00,430.105011,430.533997,430.070007,430.309998,43052
2026-05-14 14:15:00+00:00,430.295013,430.989990,430.269989,430.959991,43874
2026-05-14 14:20:00+00:00,430.968201,431.540009,430.859985,430.970001,92703
2026-05-14 14:25:00+00:00,430.980011,430.980011,430.380005,430.609985,41824
2026-05-14 14:30:00+00:00,430.619995,430.729004,430.269989,430.369995,28109
2026-05-14 14:35:00+00:00,430.339996,430.579987,430.170013,430.519989,13534
2026-05-14 14:40:00+00:00,430.535004,430.760010,430.239990,430.250000,20548
2026-05-14 14:45:00+00:00,430.250000,430.409210,430.079987,430.290009,25250
2026-05-14 14:50:00+00:00,430.250000,430.559998,429.880005,430.059998,25338
2026-05-14 14:55:00+00:00,430.100006,430.369995,429.519989,429.559998,33177
2026-05-14 15:00:00+00:00,429.559998,429.829987,429.350006,429.480011,67595
2026-05-14 15:05:00+00:00,429.429993,429.929993,429.429993,429.929993,22310
2026-05-14 15:10:00+00:00,429.920013,430.190002,429.875000,429.989990,21497
2026-05-14 15:15:00+00:00,430.000000,430.410004,429.980011,430.304993,45104
2026-05-14 15:20:00+00:00,430.290009,430.290009,429.980011,430.149994,27778
2026-05-14 15:25:00+00:00,430.190002,430.459991,430.109985,430.200012,34650
2026-05-14 15:30:00+00:00,430.149994,430.415009,430.059998,430.415009,17786
2026-05-14 15:35:00+00:00,430.450012,430.470001,430.109985,430.209991,59823
2026-05-14 15:40:00+00:00,430.234985,430.320007,429.730011,429.850006,22578
2026-05-14 15:45:00+00:00,429.839996,429.939911,429.709991,429.939911,38559
2026-05-14 15:50:00+00:00,429.929993,430.086487,429.720001,430.059998,33321
2026-05-14 15:55:00+00:00,430.089996,430.209991,429.920013,430.130005,19871
2026-05-14 16:00:00+00:00,430.200012,430.279999,429.470001,429.549988,22960
2026-05-14 16:05:00+00:00,429.529999,429.538391,429.100006,429.350006,33734
2026-05-14 16:10:00+00:00,429.339996,429.519989,429.059998,429.489990,35872
2026-05-14 16:15:00+00:00,429.475006,429.750000,429.475006,429.600006,25434
2026-05-14 16:20:00+00:00,429.589996,429.660004,429.350006,429.390015,40756
2026-05-14 16:25:00+00:00,429.410004,429.410004,429.220001,429.329987,14974
2026-05-14 16:30:00+00:00,429.309998,429.429993,429.040009,429.070007,26147
2026-05-14 16:35:00+00:00,429.095490,429.130005,428.709991,428.880005,29066
2026-05-14 16:40:00+00:00,428.940002,429.229889,428.920013,429.184998,17851
2026-05-14 16:45:00+00:00,429.200012,429.299988,428.959991,429.285797,22646
2026-05-14 16:50:00+00:00,429.239990,429.470001,429.170013,429.380005,15880
2026-05-14 16:55:00+00:00,429.380005,429.480011,429.170013,429.420105,22876
2026-05-14 17:00:00+00:00,429.440002,429.829987,429.440002,429.690002,24629
2026-05-14 17:05:00+00:00,429.720001,429.839996,429.630005,429.630005,24974
2026-05-14 17:10:00+00:00,429.633392,429.709991,429.494995,429.494995,16364
2026-05-14 17:15:00+00:00,429.480011,429.709991,429.464996,429.635010,26114
2026-05-14 17:20:00+00:00,429.598511,429.894989,429.598511,429.704987,36561
2026-05-14 17:25:00+00:00,429.679993,429.839996,429.350006,429.399994,29297
2026-05-14 17:30:00+00:00,429.380005,429.570007,429.315002,429.549988,27617
2026-05-14 17:35:00+00:00,429.470001,429.593292,429.460114,429.500000,7410
2026-05-14 17:40:00+00:00,429.500092,429.744995,429.500092,429.730011,8659
2026-05-14 17:45:00+00:00,429.750000,429.760010,429.609985,429.720001,9748
2026-05-14 17:50:00+00:00,429.739990,429.760010,429.440002,429.440094,13601
2026-05-14 17:55:00+00:00,429.549988,429.559998,429.415009,429.440002,10121
2026-05-14 18:00:00+00:00,429.440002,429.440002,428.562012,428.709595,44896
2026-05-14 18:05:00+00:00,428.670013,429.000000,428.570007,428.829987,21177
2026-05-14 18:10:00+00:00,428.839996,429.079987,428.820007,429.040009,14378
2026-05-14 18:15:00+00:00,429.020111,429.179993,429.020111,429.170013,35052
2026-05-14 18:20:00+00:00,429.220001,429.250000,429.035004,429.060394,8841
2026-05-14 18:25:00+00:00,429.100006,429.160004,428.898285,428.941010,15801
2026-05-14 18:30:00+00:00,428.989990,429.090393,428.890015,428.920013,16221
2026-05-14 18:35:00+00:00,428.920013,428.984985,428.690002,428.690002,16616
2026-05-14 18:40:00+00:00,428.690002,428.804993,428.529999,428.540009,22956
2026-05-14 18:45:00+00:00,428.510010,428.649994,428.380005,428.649994,21528
2026-05-14 18:50:00+00:00,428.644989,428.709412,428.529999,428.529999,14109
2026-05-14 18:55:00+00:00,428.519989,428.859894,428.519989,428.825897,17935
2026-05-14 19:00:00+00:00,428.809998,428.809998,428.519989,428.584991,37521
2026-05-14 19:05:00+00:00,428.589996,428.614990,428.372009,428.579987,18533
2026-05-14 19:10:00+00:00,428.589996,428.600006,428.369995,428.440002,17954
2026-05-14 19:15:00+00:00,428.454987,428.505005,428.220001,428.427490,30804
2026-05-14 19:20:00+00:00,428.420013,428.559998,428.385010,428.500000,20731
2026-05-14 19:25:00+00:00,428.484985,428.589996,428.040009,428.059998,37302
2026-05-14 19:30:00+00:00,428.079987,428.239990,427.901001,428.174988,51642
2026-05-14 19:35:00+00:00,428.170990,428.179993,427.690002,427.760010,56336
2026-05-14 19:40:00+00:00,427.725006,427.829987,427.380005,427.467010,60200
2026-05-14 19:45:00+00:00,427.450012,427.529999,427.119995,427.506287,75116
2026-05-14 19:50:00+00:00,427.480011,427.640015,427.388000,427.554993,176089
2026-05-14 19:55:00+00:00,427.559998,427.570007,427.100006,427.220001,377169
2026-05-15 13:30:00+00:00,417.640015,417.850006,416.920013,416.980011,1097992
2026-05-15 13:35:00+00:00,416.970001,417.056793,415.500000,415.739990,426683
2026-05-15 13:40:00+00:00,415.700012,415.950012,414.940002,414.950012,233755
2026-05-15 13:45:00+00:00,414.940002,415.820007,414.119995,415.755005,235731
2026-05-15 13:50:00+00:00,415.845001,416.510010,415.450012,416.309998,172255
2026-05-15 13:55:00+00:00,416.309998,417.005005,415.989990,416.209991,288256
2026-05-15 14:00:00+00:00,416.179993,416.369995,415.470001,416.179993,160081
2026-05-15 14:05:00+00:00,416.220001,416.809998,416.220001,416.289886,123064
2026-05-15 14:10:00+00:00,416.250000,417.920013,416.234985,417.190002,378928
2026-05-15 14:15:00+00:00,417.220001,418.570007,416.920013,418.549988,216674
2026-05-15 14:20:00+00:00,418.540009,418.940002,418.320007,418.524994,261068
2026-05-15 14:25:00+00:00,418.500000,418.559998,417.970001,418.260010,138801
2026-05-15 14:30:00+00:00,418.290009,418.632996,418.029999,418.440002,80710
2026-05-15 14:35:00+00:00,418.410004,418.720001,418.160004,418.269989,96857
2026-05-15 14:40:00+00:00,418.209991,418.397491,417.790009,418.339996,118185
2026-05-15 14:45:00+00:00,417.980011,418.079987,417.700012,417.850006,78165
2026-05-15 14:50:00+00:00,417.829987,418.350006,417.329987,418.339996,70930
2026-05-15 14:55:00+00:00,418.339996,419.248413,418.200012,418.899994,97245
2026-05-15 15:00:00+00:00,418.929993,418.959991,417.859985,418.029999,97134
2026-05-15 15:05:00+00:00,418.000000,418.529999,417.869995,418.529999,34452
2026-05-15 15:10:00+00:00,418.510010,418.670013,417.790009,417.950012,90712
2026-05-15 15:15:00+00:00,417.930511,418.079987,417.399994,417.500000,85042
2026-05-15 15:20:00+00:00,417.519989,417.959991,417.220001,417.347992,65241
2026-05-15 15:25:00+00:00,417.339996,417.609985,417.119995,417.489990,71359
2026-05-15 15:30:00+00:00,417.540009,417.787506,417.160095,417.160095,67968
2026-05-15 15:35:00+00:00,417.149994,417.399994,416.959991,417.059998,71464
2026-05-15 15:40:00+00:00,417.040009,417.279999,416.829987,416.979889,76364
2026-05-15 15:45:00+00:00,416.950012,417.062500,416.720001,416.820007,28543
2026-05-15 15:50:00+00:00,416.834991,417.119995,416.475006,416.590088,45194
2026-05-15 15:55:00+00:00,416.429993,416.765015,416.220001,416.700012,237388
2026-05-15 16:00:00+00:00,416.750000,417.019989,416.190002,416.394989,42283
2026-05-15 16:05:00+00:00,416.320007,416.450012,415.830109,416.019989,94512
2026-05-15 16:10:00+00:00,416.000000,416.209991,415.809998,416.119995,104108
2026-05-15 16:15:00+00:00,416.109985,416.309998,416.000000,416.230011,118624
2026-05-15 16:20:00+00:00,416.230011,416.829987,416.195007,416.829987,91960
2026-05-15 16:25:00+00:00,416.829987,416.980011,416.549988,416.799988,62063
2026-05-15 16:30:00+00:00,416.980011,417.160004,416.820007,417.130005,36470
2026-05-15 16:35:00+00:00,417.184998,417.309998,417.040009,417.299988,39391
2026-05-15 16:40:00+00:00,417.279999,417.500000,417.100189,417.429993,45189
2026-05-15 16:45:00+00:00,417.459991,417.515015,417.250000,417.290009,35778
2026-05-15 16:50:00+00:00,417.279999,417.429993,416.980011,416.980011,31593
2026-05-15 16:55:00+00:00,417.010010,417.250000,416.950012,417.179993,97785
2026-05-15 17:00:00+00:00,417.184998,417.880005,417.079987,417.720001,46927
2026-05-15 17:05:00+00:00,417.720001,418.200012,417.679993,418.160004,93716
2026-05-15 17:10:00+00:00,418.179993,418.450012,418.130005,418.329987,46741
2026-05-15 17:15:00+00:00,418.230103,418.339996,418.140015,418.269989,33684
2026-05-15 17:20:00+00:00,418.269989,418.970001,418.209991,418.829987,47656
2026-05-15 17:25:00+00:00,418.799988,419.029999,418.350006,418.415009,49626
2026-05-15 17:30:00+00:00,418.494995,418.959991,418.489990,418.890015,49488
2026-05-15 17:35:00+00:00,418.894989,418.970001,418.690002,418.920013,46298
2026-05-15 17:40:00+00:00,418.920013,418.959991,418.709991,418.710999,17585
2026-05-15 17:45:00+00:00,418.720001,418.880005,418.640015,418.698212,107965
2026-05-15 17:50:00+00:00,418.670013,418.690002,418.500000,418.519989,49713
2026-05-15 17:55:00+00:00,418.509796,418.670013,418.410004,418.640015,33548
2026-05-15 18:00:00+00:00,418.660004,418.765015,418.480011,418.579987,50522
2026-05-15 18:05:00+00:00,418.589996,418.649994,418.309998,418.540009,42596
2026-05-15 18:10:00+00:00,418.510010,418.834991,418.500000,418.809998,40513
2026-05-15 18:15:00+00:00,418.809998,418.959991,418.059998,418.179993,51384
2026-05-15 18:20:00+00:00,418.225006,418.679993,418.220001,418.570007,30867
2026-05-15 18:25:00+00:00,418.549988,418.640015,418.359985,418.529999,38209
2026-05-15 18:30:00+00:00,418.540009,418.575012,417.950012,418.244995,54961
2026-05-15 18:35:00+00:00,418.279999,418.489990,418.190002,418.489990,34435
2026-05-15 18:40:00+00:00,418.500000,418.529999,418.290009,418.470001,34133
2026-05-15 18:45:00+00:00,418.459991,418.709991,418.390015,418.614990,43733
2026-05-15 18:50:00+00:00,418.640015,418.950012,418.640015,418.804993,43617
2026-05-15 18:55:00+00:00,418.790009,418.799988,418.529999,418.605011,244742
2026-05-15 19:00:00+00:00,418.640015,418.670013,418.179993,418.190002,36377
2026-05-15 19:05:00+00:00,418.190002,418.309998,417.910004,417.945007,48259
2026-05-15 19:10:00+00:00,417.950012,417.959991,417.725006,417.799988,77894
2026-05-15 19:15:00+00:00,417.809998,417.980011,417.679993,417.980011,89237
2026-05-15 19:20:00+00:00,417.959991,418.029999,417.779999,417.779999,51328
2026-05-15 19:25:00+00:00,417.790009,417.869995,417.630005,417.774994,48155
2026-05-15 19:30:00+00:00,417.829987,418.109985,417.760010,417.809998,75388
2026-05-15 19:35:00+00:00,417.790009,418.269989,417.750000,418.209991,75808
2026-05-15 19:40:00+00:00,418.209991,418.255005,418.010010,418.100006,84667
2026-05-15 19:45:00+00:00,418.100006,418.190002,417.920013,417.975006,93541
2026-05-15 19:50:00+00:00,417.970001,417.970001,417.609985,417.720001,303967
2026-05-15 19:55:00+00:00,417.700012,417.700012,417.220001,417.309998,438185
2026-05-18 13:30:00+00:00,419.820007,420.819885,419.260010,420.380005,882626
2026-05-18 13:35:00+00:00,420.359985,420.359985,419.630096,419.903595,104895
2026-05-18 13:40:00+00:00,419.899994,420.059998,419.130005,419.239990,413206
2026-05-18 13:45:00+00:00,419.269989,420.200012,419.010010,420.000000,71980
2026-05-18 13:50:00+00:00,420.015015,420.899994,419.859985,420.839996,106102
2026-05-18 13:55:00+00:00,420.815002,420.929901,420.139893,420.139893,45558
2026-05-18 14:00:00+00:00,420.000000,420.081390,419.029999,419.130005,139866
2026-05-18 14:05:00+00:00,419.149994,419.299988,418.619995,419.239990,125286
2026-05-18 14:10:00+00:00,419.179993,419.570007,418.779999,419.000000,49153
2026-05-18 14:15:00+00:00,419.030090,419.420013,418.850006,419.190002,43765
2026-05-18 14:20:00+00:00,419.209991,419.279999,418.140015,418.529999,117044
2026-05-18 14:25:00+00:00,418.565002,418.959991,418.450012,418.769989,56059
2026-05-18 14:30:00+00:00,418.760010,418.899994,417.274994,417.646393,123317
2026-05-18 14:35:00+00:00,417.670013,417.769989,417.059998,417.420013,73341
2026-05-18 14:40:00+00:00,417.434998,417.609985,416.690002,417.540009,94837
2026-05-18 14:45:00+00:00,417.549988,417.559998,416.609985,417.059998,71844
2026-05-18 14:50:00+00:00,417.079987,417.579987,416.940002,417.010010,90010
2026-05-18 14:55:00+00:00,416.964996,417.500305,416.939697,417.429993,72658
2026-05-18 15:00:00+00:00,417.484985,417.540009,416.059998,416.609985,101554
2026-05-18 15:05:00+00:00,416.649994,417.220001,416.299988,416.515015,39032
2026-05-18 15:10:00+00:00,416.529999,417.109985,416.529999,416.872803,44144
2026-05-18 15:15:00+00:00,416.839996,417.029999,416.279999,416.500000,34882
2026-05-18 15:20:00+00:00,416.480011,416.850006,416.440002,416.670013,44853
2026-05-18 15:25:00+00:00,416.720001,416.804993,416.285004,416.285004,33655
2026-05-18 15:30:00+00:00,416.260010,416.929993,416.250000,416.929993,17775
2026-05-18 15:35:00+00:00,416.880005,417.029999,416.660004,416.959991,28846
2026-05-18 15:40:00+00:00,416.970001,417.190002,416.640015,416.640015,69593
2026-05-18 15:45:00+00:00,416.640015,417.100006,416.619995,416.899994,28164
2026-05-18 15:50:00+00:00,416.840088,417.200012,416.739990,417.179993,39463
2026-05-18 15:55:00+00:00,417.174988,417.399994,417.000000,417.095001,61171
2026-05-18 16:00:00+00:00,417.105011,417.179993,416.809998,416.929993,31975
2026-05-18 16:05:00+00:00,416.977997,417.220001,416.880005,417.105011,42931
2026-05-18 16:10:00+00:00,417.079987,417.600006,417.020996,417.579987,48955
2026-05-18 16:15:00+00:00,417.589996,417.790009,417.450012,417.480011,39358
2026-05-18 16:20:00+00:00,417.539886,417.779999,417.200012,417.320007,40407
2026-05-18 16:25:00+00:00,417.359985,417.420013,416.230011,416.510010,136036
2026-05-18 16:30:00+00:00,416.450012,416.980896,416.274994,416.755005,82771
2026-05-18 16:35:00+00:00,416.750000,417.239990,416.750000,417.160004,28870
2026-05-18 16:40:00+00:00,417.179993,417.234985,416.970001,417.100006,13813
2026-05-18 16:45:00+00:00,417.070007,417.575012,417.049988,417.540009,17714
2026-05-18 16:50:00+00:00,417.559998,418.079987,417.559998,418.029999,30919
2026-05-18 16:55:00+00:00,417.983002,418.130005,417.700012,417.714996,90751
2026-05-18 17:00:00+00:00,417.739990,418.359985,417.519989,418.339996,21344
2026-05-18 17:05:00+00:00,418.309998,418.489990,418.180115,418.274994,29521
2026-05-18 17:10:00+00:00,418.320007,418.350006,418.010010,418.010010,19266
2026-05-18 17:15:00+00:00,418.049988,418.220001,417.890015,418.149994,25304
2026-05-18 17:20:00+00:00,418.170013,418.190002,417.945007,418.065002,22449
2026-05-18 17:25:00+00:00,418.079987,418.129913,417.899994,418.059998,13982
2026-05-18 17:30:00+00:00,418.079987,418.079987,417.649994,417.660004,14159
2026-05-18 17:35:00+00:00,417.609985,417.760010,417.480011,417.649994,21477
2026-05-18 17:40:00+00:00,417.640015,417.809998,417.510010,417.570007,10931
2026-05-18 17:45:00+00:00,417.579987,417.649994,417.420013,417.420013,11343
2026-05-18 17:50:00+00:00,417.410004,417.619202,417.410004,417.579987,10811
2026-05-18 17:55:00+00:00,417.429993,417.480011,417.320007,417.450012,7926
2026-05-18 18:00:00+00:00,417.410004,417.410004,417.140015,417.350006,9671
2026-05-18 18:05:00+00:00,417.350006,417.500000,417.170013,417.239990,15320
2026-05-18 18:10:00+00:00,417.239990,417.369995,417.154999,417.260010,10653
2026-05-18 18:15:00+00:00,417.279999,417.279999,416.910004,417.040009,23931
2026-05-18 18:20:00+00:00,416.959991,417.019989,416.809998,416.850006,29579
2026-05-18 18:25:00+00:00,416.890015,417.000000,416.480011,416.989990,57291
2026-05-18 18:30:00+00:00,417.000000,417.140015,416.855011,417.035004,16055
2026-05-18 18:35:00+00:00,417.029999,417.125000,416.744995,416.769989,33861
2026-05-18 18:40:00+00:00,416.790192,416.920013,416.670013,416.890015,13030
2026-05-18 18:45:00+00:00,416.890106,417.089996,416.820007,416.929993,31581
2026-05-18 18:50:00+00:00,416.859985,416.989990,416.720001,416.809998,15723
2026-05-18 18:55:00+00:00,416.799988,416.924988,416.269989,416.359985,23363
2026-05-18 19:00:00+00:00,416.339996,419.040009,416.339996,418.070007,241667
2026-05-18 19:05:00+00:00,418.170013,418.609985,417.910004,418.390015,79187
2026-05-18 19:10:00+00:00,418.440002,418.500000,418.029999,418.089996,156911
2026-05-18 19:15:00+00:00,418.125000,418.250000,417.790009,417.850006,56115
2026-05-18 19:20:00+00:00,417.850006,418.209991,417.690002,417.690002,26791
2026-05-18 19:25:00+00:00,417.730011,417.869598,417.420105,417.829987,30930
2026-05-18 19:30:00+00:00,417.829987,418.380005,417.700012,418.260010,33889
2026-05-18 19:35:00+00:00,418.290009,418.559998,418.237488,418.519989,44786
2026-05-18 19:40:00+00:00,418.575012,418.725006,418.420013,418.459991,43467
2026-05-18 19:45:00+00:00,418.450012,418.890015,418.424988,418.720001,56985
2026-05-18 19:50:00+00:00,418.739990,418.820007,418.589996,418.820007,92724
2026-05-18 19:55:00+00:00,418.820007,418.820007,418.369995,418.440002,138616
2026-05-19 13:30:00+00:00,412.450012,412.755005,409.890015,411.480011,794243
2026-05-19 13:35:00+00:00,411.450012,411.920013,410.500000,411.579987,162289
2026-05-19 13:40:00+00:00,411.540009,411.609894,410.369995,410.929993,137599
2026-05-19 13:45:00+00:00,410.950012,411.500000,410.750000,411.390015,93290
2026-05-19 13:50:00+00:00,411.450012,413.600006,411.265015,413.549988,166548
2026-05-19 13:55:00+00:00,413.614990,414.135010,412.950012,413.500000,120648
2026-05-19 14:00:00+00:00,413.459991,414.290009,412.730011,414.230011,179060
2026-05-19 14:05:00+00:00,414.260010,414.470001,412.649994,413.413910,321364
2026-05-19 14:10:00+00:00,413.440002,413.450012,412.410004,412.459991,90659
2026-05-19 14:15:00+00:00,412.450012,413.190002,412.404999,412.633698,64818
2026-05-19 14:20:00+00:00,412.660004,412.730011,411.679993,411.880005,85077
2026-05-19 14:25:00+00:00,411.920013,412.579987,411.679993,412.200012,62122
2026-05-19 14:30:00+00:00,412.230011,412.940002,412.119995,412.255096,72131
2026-05-19 14:35:00+00:00,412.295013,412.984985,412.165314,412.165314,44893
2026-05-19 14:40:00+00:00,412.140015,412.929993,412.000000,412.589996,74510
2026-05-19 14:45:00+00:00,412.579987,412.769012,412.000000,412.174988,83058
2026-05-19 14:50:00+00:00,412.209991,412.529999,411.799988,411.855011,115712
2026-05-19 14:55:00+00:00,411.905090,412.839996,411.905090,412.549988,28873
2026-05-19 15:00:00+00:00,412.589996,413.100006,412.589996,412.850006,33955
2026-05-19 15:05:00+00:00,412.760010,413.023102,412.149994,413.023102,30667
2026-05-19 15:10:00+00:00,412.940002,413.010010,412.720001,413.010010,20407
2026-05-19 15:15:00+00:00,412.960114,413.559998,412.959991,413.119995,29349
2026-05-19 15:20:00+00:00,413.149994,413.299988,412.500000,412.630005,27616
2026-05-19 15:25:00+00:00,412.589996,413.095001,412.589996,413.000000,19752
2026-05-19 15:30:00+00:00,412.950012,413.790009,412.899994,413.475006,66989
2026-05-19 15:35:00+00:00,413.399994,413.579987,413.019989,413.415009,36961
2026-05-19 15:40:00+00:00,413.399994,413.570007,413.160004,413.299988,17869
2026-05-19 15:45:00+00:00,413.350006,413.424988,413.130005,413.424988,14830
2026-05-19 15:50:00+00:00,413.519989,413.619995,413.262695,413.394989,42620
2026-05-19 15:55:00+00:00,413.350098,413.929993,413.350098,413.899994,26731
2026-05-19 16:00:00+00:00,413.890015,414.019989,413.582794,413.619995,26887
2026-05-19 16:05:00+00:00,413.559998,413.589996,412.850006,412.980011,48343
2026-05-19 16:10:00+00:00,412.940002,413.174988,412.709991,413.174988,68303
2026-05-19 16:15:00+00:00,413.200012,413.339996,412.989990,413.149994,30058
2026-05-19 16:20:00+00:00,413.140015,413.584991,413.140015,413.584991,19259
2026-05-19 16:25:00+00:00,413.600006,414.170013,413.600006,413.879395,54130
2026-05-19 16:30:00+00:00,413.853912,414.239990,413.760010,413.809998,17865
2026-05-19 16:35:00+00:00,413.829987,413.970215,413.674988,413.920013,21032
2026-05-19 16:40:00+00:00,413.920013,413.954987,413.630005,413.630096,29863
2026-05-19 16:45:00+00:00,413.690002,413.700104,413.519989,413.649994,26504
2026-05-19 16:50:00+00:00,413.670013,413.820007,413.545013,413.619995,11690
2026-05-19 16:55:00+00:00,413.609985,413.950012,413.570007,413.820007,15439
2026-05-19 17:00:00+00:00,413.799988,414.000000,413.660004,413.755005,10272
2026-05-19 17:05:00+00:00,413.799988,413.950012,413.660095,413.829987,8935
2026-05-19 17:10:00+00:00,413.829987,414.070099,413.690002,414.070099,21558
2026-05-19 17:15:00+00:00,414.040009,414.109985,413.810089,413.859985,32121
2026-05-19 17:20:00+00:00,413.829987,413.849915,413.429993,413.429993,25188
2026-05-19 17:25:00+00:00,413.489990,413.839996,413.480011,413.795013,27910
2026-05-19 17:30:00+00:00,413.711487,413.859985,413.489990,413.489990,15505
2026-05-19 17:35:00+00:00,413.399994,413.679993,413.399994,413.619995,32880
2026-05-19 17:40:00+00:00,413.540009,413.572601,413.309998,413.505096,25590
2026-05-19 17:45:00+00:00,413.529999,413.529999,413.135010,413.140015,28039
2026-05-19 17:50:00+00:00,413.170013,413.239990,413.000000,413.010010,44461
2026-05-19 17:55:00+00:00,413.075012,413.205109,413.029999,413.140015,11419
2026-05-19 18:00:00+00:00,413.220001,413.250000,413.089996,413.204987,36641
2026-05-19 18:05:00+00:00,413.200012,413.440002,413.079987,413.390015,21334
2026-05-19 18:10:00+00:00,413.359985,413.410004,413.149994,413.149994,11497
2026-05-19 18:15:00+00:00,413.174988,413.269989,413.050995,413.079987,21964
2026-05-19 18:20:00+00:00,413.079987,413.079987,412.619995,412.970001,63596
2026-05-19 18:25:00+00:00,412.950012,413.100006,412.709991,412.709991,23005
2026-05-19 18:30:00+00:00,412.679993,412.989990,412.470001,412.880005,26323
2026-05-19 18:35:00+00:00,412.899994,413.100006,412.769989,413.100006,19153
2026-05-19 18:40:00+00:00,413.054993,413.160004,412.950012,413.000000,14353
2026-05-19 18:45:00+00:00,412.950012,413.079987,412.920105,413.049988,23182
2026-05-19 18:50:00+00:00,413.053192,413.053192,412.500000,412.519989,21881
2026-05-19 18:55:00+00:00,412.500000,412.630005,412.220001,412.489990,35533
2026-05-19 19:00:00+00:00,412.470001,412.790009,412.440002,412.500092,41155
2026-05-19 19:05:00+00:00,412.529999,412.750000,412.529999,412.674988,46366
2026-05-19 19:10:00+00:00,412.674988,412.869995,412.649994,412.829987,25326
2026-05-19 19:15:00+00:00,412.820007,412.850006,412.350006,412.400085,35806
2026-05-19 19:20:00+00:00,412.429993,412.429993,411.869995,411.899994,49154
2026-05-19 19:25:00+00:00,411.880005,412.079987,411.799988,411.899994,45976
2026-05-19 19:30:00+00:00,411.929993,412.170013,411.859985,411.859985,50946
2026-05-19 19:35:00+00:00,411.859985,412.079895,411.850006,411.959991,61767
2026-05-19 19:40:00+00:00,411.959991,412.119995,411.835114,412.058014,64433
2026-05-19 19:45:00+00:00,412.040009,412.096710,411.815002,411.869995,58546
2026-05-19 19:50:00+00:00,411.869995,411.929901,411.570007,411.593994,141029
2026-05-19 19:55:00+00:00,411.595001,411.630005,411.359985,411.519989,421727
2026-05-20 13:30:00+00:00,412.250000,412.505005,412.059998,412.329987,399047
2026-05-20 13:35:00+00:00,412.329987,412.470001,411.709991,411.750000,90949
2026-05-20 13:40:00+00:00,411.779999,412.220001,411.549988,412.179993,249947
2026-05-20 13:45:00+00:00,412.179993,412.380005,411.880005,411.964996,86216
2026-05-20 13:50:00+00:00,411.890106,412.119995,411.730011,411.829987,28142
2026-05-20 13:55:00+00:00,411.834991,411.859985,411.450012,411.560089,55343
2026-05-20 14:00:00+00:00,411.600006,411.739990,411.350006,411.420013,126033
2026-05-20 14:05:00+00:00,411.415009,411.450012,410.829987,410.959991,74106
2026-05-20 14:10:00+00:00,410.980011,411.369995,410.079987,411.005005,187029
2026-05-20 14:15:00+00:00,411.019989,413.420013,410.959991,412.950012,349123
2026-05-20 14:20:00+00:00,412.920013,414.049988,412.790009,413.309998,150083
2026-05-20 14:25:00+00:00,413.350006,413.750000,413.010010,413.709991,60520
2026-05-20 14:30:00+00:00,413.708496,415.750000,413.708496,415.309998,102215
2026-05-20 14:35:00+00:00,415.415009,415.559998,414.500000,415.265015,62848
2026-05-20 14:40:00+00:00,415.190002,415.230011,414.720001,414.980103,76233
2026-05-20 14:45:00+00:00,415.040009,415.329987,414.700012,415.109985,61886
2026-05-20 14:50:00+00:00,415.109985,415.899994,415.061005,415.880005,50758
2026-05-20 14:55:00+00:00,415.820007,416.565002,415.790009,416.005005,65875
2026-05-20 15:00:00+00:00,415.970001,416.390015,415.790009,415.880005,43725
2026-05-20 15:05:00+00:00,415.959991,416.015015,415.269989,415.529999,38820
2026-05-20 15:10:00+00:00,415.527191,415.529999,415.209991,415.322906,56242
2026-05-20 15:15:00+00:00,415.334991,417.989990,415.334991,417.089996,411463
2026-05-20 15:20:00+00:00,417.109985,417.299988,416.429993,416.440002,76030
2026-05-20 15:25:00+00:00,416.440002,416.529999,415.790009,415.790009,80058
2026-05-20 15:30:00+00:00,415.779999,416.369904,415.679993,416.359985,37303
2026-05-20 15:35:00+00:00,416.390015,416.704987,416.339996,416.625000,59880
2026-05-20 15:40:00+00:00,416.619995,416.769989,416.334991,416.529999,144953
2026-05-20 15:45:00+00:00,416.540009,416.600006,416.390015,416.540009,15699
2026-05-20 15:50:00+00:00,416.548492,416.619995,416.140015,416.209991,20355
2026-05-20 15:55:00+00:00,416.190002,416.260010,415.660004,415.799988,46023
2026-05-20 16:00:00+00:00,415.809998,416.109985,415.769989,416.083801,22741
2026-05-20 16:05:00+00:00,416.079987,416.380005,416.040009,416.200012,21641
2026-05-20 16:10:00+00:00,416.220001,416.350006,416.030304,416.260010,41727
2026-05-20 16:15:00+00:00,416.239990,416.239990,415.869995,415.975006,13499
2026-05-20 16:20:00+00:00,415.989990,416.019989,415.450012,415.539490,30330
2026-05-20 16:25:00+00:00,415.475006,415.651794,415.335388,415.500000,33662
2026-05-20 16:30:00+00:00,415.575012,415.829987,415.399994,415.510101,14009
2026-05-20 16:35:00+00:00,415.549011,415.750000,415.470093,415.630005,16927
2026-05-20 16:40:00+00:00,415.720001,416.230011,415.700012,416.220001,34465
2026-05-20 16:45:00+00:00,416.225006,416.350006,415.920013,416.059998,10899
2026-05-20 16:50:00+00:00,416.100006,416.170013,415.964996,416.095001,50107
2026-05-20 16:55:00+00:00,416.095001,416.342987,415.950012,416.269989,46435
2026-05-20 17:00:00+00:00,416.269989,416.290009,415.959991,416.025787,138284
2026-05-20 17:05:00+00:00,416.049988,416.399994,415.950012,416.390015,14304
2026-05-20 17:10:00+00:00,416.385010,416.679993,416.200012,416.313599,47828
2026-05-20 17:15:00+00:00,416.279999,416.420013,416.200012,416.350006,41291
2026-05-20 17:20:00+00:00,416.364990,416.559998,416.209991,416.250000,18456
2026-05-20 17:25:00+00:00,416.239990,416.480011,415.980011,416.070007,39011
2026-05-20 17:30:00+00:00,416.160004,416.350006,415.910004,415.999908,40910
2026-05-20 17:35:00+00:00,415.980011,416.500000,415.934998,416.440002,28563
2026-05-20 17:40:00+00:00,416.359985,416.429993,416.170013,416.174988,27146
2026-05-20 17:45:00+00:00,416.190002,416.345001,416.105011,416.230011,36670
2026-05-20 17:50:00+00:00,416.209991,416.315002,416.040009,416.059998,38752
2026-05-20 17:55:00+00:00,416.059998,416.079987,415.880005,416.045013,33461
2026-05-20 18:00:00+00:00,416.000000,416.100006,415.790009,416.100006,25736
2026-05-20 18:05:00+00:00,416.100006,416.230011,415.940002,416.170013,19496
2026-05-20 18:10:00+00:00,416.239197,416.255005,416.079987,416.160004,43705
2026-05-20 18:15:00+00:00,416.140015,416.459900,416.135010,416.420013,37688
2026-05-20 18:20:00+00:00,416.429993,416.463196,416.119995,416.239990,15863
2026-05-20 18:25:00+00:00,416.239990,416.380005,416.059998,416.350006,42901
2026-05-20 18:30:00+00:00,416.359985,416.779999,416.359985,416.779999,23406
2026-05-20 18:35:00+00:00,416.809998,417.139893,416.809998,417.099915,20829
2026-05-20 18:40:00+00:00,417.100006,417.119995,416.545013,416.545013,55015
2026-05-20 18:45:00+00:00,416.529999,416.899994,416.529999,416.779999,18404
2026-05-20 18:50:00+00:00,416.766998,417.130005,416.755005,417.029999,63234
2026-05-20 18:55:00+00:00,417.035004,417.309998,416.990112,417.079987,66230
2026-05-20 19:00:00+00:00,417.070007,417.269989,417.040009,417.079987,57603
2026-05-20 19:05:00+00:00,417.070007,417.225006,416.989990,417.140015,48431
2026-05-20 19:10:00+00:00,417.119995,417.299988,417.100006,417.170013,26443
2026-05-20 19:15:00+00:00,417.180908,417.341888,417.179993,417.341888,30063
2026-05-20 19:20:00+00:00,417.364990,417.373413,417.130005,417.220001,23691
2026-05-20 19:25:00+00:00,417.209991,417.350006,417.174988,417.299988,32806
2026-05-20 19:30:00+00:00,417.299988,417.489990,417.290009,417.339996,44430
2026-05-20 19:35:00+00:00,417.350006,417.809998,417.290405,417.559998,63098
2026-05-20 19:40:00+00:00,417.559998,417.679993,417.320007,417.429993,89559
2026-05-20 19:45:00+00:00,417.434998,417.540009,417.339996,417.400085,77518
2026-05-20 19:50:00+00:00,417.399994,417.619995,417.320007,417.559998,182811
2026-05-20 19:55:00+00:00,417.579987,417.609985,417.279999,417.380005,407608
2026-05-21 13:30:00+00:00,413.140015,413.160004,412.110107,412.480011,477002
2026-05-21 13:35:00+00:00,412.489990,412.679993,411.950012,412.290009,121863
2026-05-21 13:40:00+00:00,412.290009,413.279999,412.260010,412.869995,84054
2026-05-21 13:45:00+00:00,412.809998,413.350006,412.559998,413.019989,54818
2026-05-21 13:50:00+00:00,413.000000,414.959991,412.969696,414.739990,98219
2026-05-21 13:55:00+00:00,414.690002,414.910004,414.109985,414.260010,70889
2026-05-21 14:00:00+00:00,414.200012,414.429993,413.524994,413.729889,81938
2026-05-21 14:05:00+00:00,413.640015,413.959991,413.239990,413.450012,39757
2026-05-21 14:10:00+00:00,413.440002,413.950012,413.329987,413.769989,38109
2026-05-21 14:15:00+00:00,413.829987,413.869995,412.850006,413.149994,45845
2026-05-21 14:20:00+00:00,413.059998,413.350006,412.790009,413.130096,41997
2026-05-21 14:25:00+00:00,413.160004,413.720001,413.079987,413.630005,40960
2026-05-21 14:30:00+00:00,413.739990,413.899994,413.470001,413.609985,24023
2026-05-21 14:35:00+00:00,413.605011,414.000000,413.605011,413.769989,20586
2026-05-21 14:40:00+00:00,413.779999,413.859985,413.234985,413.420013,19810
2026-05-21 14:45:00+00:00,413.415009,413.859985,413.149994,413.385010,20383
2026-05-21 14:50:00+00:00,413.375000,413.875000,413.209991,413.809998,75245
2026-05-21 14:55:00+00:00,413.850006,413.959991,413.619995,413.790009,98634
2026-05-21 15:00:00+00:00,413.820007,413.894989,413.269989,413.359253,55243
2026-05-21 15:05:00+00:00,413.380005,413.420013,412.649994,413.050110,53701
2026-05-21 15:10:00+00:00,413.059998,414.415009,412.920013,413.859985,43235
2026-05-21 15:15:00+00:00,413.950012,414.019989,413.670013,413.760010,17167
2026-05-21 15:20:00+00:00,413.790009,413.920013,413.304993,413.394989,35790
2026-05-21 15:25:00+00:00,413.399994,413.500000,413.190002,413.290009,20114
2026-05-21 15:30:00+00:00,413.304993,413.809998,413.214996,413.670013,22516
2026-05-21 15:35:00+00:00,413.619995,413.869995,413.581299,413.869995,50040
2026-05-21 15:40:00+00:00,413.839996,413.850006,413.579987,413.619995,18466
2026-05-21 15:45:00+00:00,413.619995,413.929993,413.605011,413.929993,20272
2026-05-21 15:50:00+00:00,413.950012,414.114990,413.840088,414.040009,14199
2026-05-21 15:55:00+00:00,413.980011,414.109985,413.880005,414.049988,76137
2026-05-21 16:00:00+00:00,414.109985,414.730011,414.109985,414.420013,29617
2026-05-21 16:05:00+00:00,414.429993,414.880798,414.380005,414.825012,49737
2026-05-21 16:10:00+00:00,414.790009,414.790009,414.350006,414.589996,41544
2026-05-21 16:15:00+00:00,414.570099,414.690002,414.339996,414.690002,23188
2026-05-21 16:20:00+00:00,414.679993,414.739899,414.429993,414.579987,15508
2026-05-21 16:25:00+00:00,414.570007,414.640015,414.480011,414.510010,16233
2026-05-21 16:30:00+00:00,414.500000,414.750000,414.500000,414.649994,16399
2026-05-21 16:35:00+00:00,414.619995,414.769989,414.497406,414.529999,18166
2026-05-21 16:40:00+00:00,414.570007,414.700012,414.440002,414.700012,28741
2026-05-21 16:45:00+00:00,414.679993,414.880005,414.605011,414.614990,57926
2026-05-21 16:50:00+00:00,414.614990,414.760010,414.489990,414.619995,36661
2026-05-21 16:55:00+00:00,414.649994,414.799988,414.565002,414.790009,210968
2026-05-21 17:00:00+00:00,414.859985,415.059998,414.510010,414.510010,28457
2026-05-21 17:05:00+00:00,414.530792,414.690002,414.339996,414.649994,24880
2026-05-21 17:10:00+00:00,414.709991,415.910004,414.700012,415.420013,86466
2026-05-21 17:15:00+00:00,415.490295,416.789886,415.480011,416.170013,199181
2026-05-21 17:20:00+00:00,416.250000,417.190002,416.019989,416.359985,121940
2026-05-21 17:25:00+00:00,416.369995,416.815002,416.250000,416.799988,55602
2026-05-21 17:30:00+00:00,416.809998,417.480011,416.549988,416.850006,106326
2026-05-21 17:35:00+00:00,416.859985,417.040009,416.829987,416.869995,31508
2026-05-21 17:40:00+00:00,416.869995,417.410004,416.869995,417.410004,29119
2026-05-21 17:45:00+00:00,417.410004,417.885010,417.079987,417.885010,39517
2026-05-21 17:50:00+00:00,417.859985,418.251007,417.730011,418.161499,37301
2026-05-21 17:55:00+00:00,418.239990,418.420013,417.709991,417.760010,76107
2026-05-21 18:00:00+00:00,417.690002,418.125000,417.049988,417.070007,47235
2026-05-21 18:05:00+00:00,417.070007,417.535004,416.899994,417.429993,24183
2026-05-21 18:10:00+00:00,417.480011,417.519989,417.070007,417.230011,32088
2026-05-21 18:15:00+00:00,417.255005,417.545013,417.049988,417.540009,33544
2026-05-21 18:20:00+00:00,417.518005,417.649994,417.310089,417.649994,38561
2026-05-21 18:25:00+00:00,417.630005,417.670013,417.332886,417.410004,22451
2026-05-21 18:30:00+00:00,417.410095,417.549988,417.179993,417.250000,53625
2026-05-21 18:35:00+00:00,417.260010,417.269989,416.950104,417.010010,21489
2026-05-21 18:40:00+00:00,417.010101,417.339996,416.980011,417.170013,26532
2026-05-21 18:45:00+00:00,417.179993,417.269989,416.200012,416.519989,86494
2026-05-21 18:50:00+00:00,416.554993,416.845001,415.547607,415.547607,62473
2026-05-21 18:55:00+00:00,415.540009,415.959991,415.510010,415.959991,40864
2026-05-21 19:00:00+00:00,415.910004,416.440002,415.910004,416.339996,20405
2026-05-21 19:05:00+00:00,416.290009,416.440002,415.760010,416.410004,41956
2026-05-21 19:10:00+00:00,416.369995,416.510010,416.179993,416.459991,26210
2026-05-21 19:15:00+00:00,416.557404,416.820099,416.490692,416.820099,87923
2026-05-21 19:20:00+00:00,416.839996,416.880005,416.619995,416.670013,28725
2026-05-21 19:25:00+00:00,416.654999,416.769989,416.480011,416.619995,23660
2026-05-21 19:30:00+00:00,416.600006,416.779999,416.589996,416.649994,30963
2026-05-21 19:35:00+00:00,416.632507,416.929993,416.579987,416.899994,54384
2026-05-21 19:40:00+00:00,416.920013,417.019989,416.619995,416.630005,188392
2026-05-21 19:45:00+00:00,416.640015,416.880005,416.600006,416.850006,41309
2026-05-21 19:50:00+00:00,416.839996,416.970001,416.160004,416.369995,105485
2026-05-21 19:55:00+00:00,416.369995,417.021210,416.250000,416.970001,153942
2026-05-22 13:30:00+00:00,415.170013,415.609985,414.920013,415.119995,314933
2026-05-22 13:35:00+00:00,415.160004,415.320007,414.829987,414.973602,48823
2026-05-22 13:40:00+00:00,414.869995,414.950012,414.119995,414.750000,119862
2026-05-22 13:45:00+00:00,414.769989,414.878204,414.109985,414.130005,41929
2026-05-22 13:50:00+00:00,414.170013,414.730011,414.030090,414.670013,53867
2026-05-22 13:55:00+00:00,414.679993,414.679993,414.149994,414.404999,30797
2026-05-22 14:00:00+00:00,414.290009,414.290009,413.359985,413.839996,124288
2026-05-22 14:05:00+00:00,413.799988,414.119995,413.540009,414.070007,64795
2026-05-22 14:10:00+00:00,414.040009,414.119995,412.000000,412.839996,178660
2026-05-22 14:15:00+00:00,412.890015,413.149994,412.484985,412.880005,97385
2026-05-22 14:20:00+00:00,412.940002,413.049896,412.119995,412.540009,188650
2026-05-22 14:25:00+00:00,412.540009,413.089996,412.285004,412.920013,113282
2026-05-22 14:30:00+00:00,413.019989,413.309998,412.820007,413.150085,42738
2026-05-22 14:35:00+00:00,413.159912,413.480011,412.899994,413.132599,50238
2026-05-22 14:40:00+00:00,413.135010,413.658997,413.109985,413.480011,35760
2026-05-22 14:45:00+00:00,413.510010,413.769989,413.500000,413.500000,43754
2026-05-22 14:50:00+00:00,413.470001,413.510315,413.209991,413.468201,11209
2026-05-22 14:55:00+00:00,413.459991,413.459991,413.140015,413.149994,71984
2026-05-22 15:00:00+00:00,413.160004,413.600006,413.149994,413.579987,28177
2026-05-22 15:05:00+00:00,413.654999,414.119995,413.654999,414.119995,53427
2026-05-22 15:10:00+00:00,414.049988,414.190002,413.964996,414.070007,30473
2026-05-22 15:15:00+00:00,414.109985,414.609985,414.079987,414.500000,45691
2026-05-22 15:20:00+00:00,414.534485,414.534485,414.329987,414.415405,20925
2026-05-22 15:25:00+00:00,414.380005,414.859985,414.350006,414.859985,55456
2026-05-22 15:30:00+00:00,414.880005,415.119995,414.799988,414.899902,69621
2026-05-22 15:35:00+00:00,414.850006,415.125000,414.829987,415.059998,38435
2026-05-22 15:40:00+00:00,415.010010,415.069000,414.700012,414.839996,35493
2026-05-22 15:45:00+00:00,414.790009,414.939087,414.470001,414.489990,21469
2026-05-22 15:50:00+00:00,414.529999,414.749908,414.470001,414.665009,40008
2026-05-22 15:55:00+00:00,414.690002,415.149994,414.690002,414.989990,64167
2026-05-22 16:00:00+00:00,414.989990,415.000000,414.690002,414.959900,56932
2026-05-22 16:05:00+00:00,414.869995,414.929993,414.700012,414.820007,20667
2026-05-22 16:10:00+00:00,414.769989,414.970001,414.720093,414.929993,19875
2026-05-22 16:15:00+00:00,414.910004,414.910004,414.690002,414.720001,97788
2026-05-22 16:20:00+00:00,414.700012,415.010010,414.700012,414.984985,47484
2026-05-22 16:25:00+00:00,414.980011,415.359985,414.980011,415.280090,69592
2026-05-22 16:30:00+00:00,415.329010,415.579987,415.125000,415.190002,23363
2026-05-22 16:35:00+00:00,415.179993,415.209991,414.875000,414.945007,23542
2026-05-22 16:40:00+00:00,414.940002,414.940002,414.239990,414.500000,60412
2026-05-22 16:45:00+00:00,414.540009,414.769989,414.359985,414.369995,58213
2026-05-22 16:50:00+00:00,414.399994,414.470001,414.272797,414.404999,24272
2026-05-22 16:55:00+00:00,414.420013,414.500000,414.269989,414.450104,42484
2026-05-22 17:00:00+00:00,414.500000,414.879913,414.500000,414.784088,28034
2026-05-22 17:05:00+00:00,414.839996,414.989990,414.769989,414.964996,28039
2026-05-22 17:10:00+00:00,414.989899,415.070007,414.870087,414.940002,22694
2026-05-22 17:15:00+00:00,414.929993,414.989990,414.440002,414.450012,36021
2026-05-22 17:20:00+00:00,414.480011,414.690002,414.350006,414.619995,31192
2026-05-22 17:25:00+00:00,414.600006,415.500000,414.589996,415.480011,121863
2026-05-22 17:30:00+00:00,415.480011,415.679993,414.989990,414.989990,54150
2026-05-22 17:35:00+00:00,414.980011,415.339996,414.929993,415.309998,33451
2026-05-22 17:40:00+00:00,415.269989,415.359985,415.170013,415.179993,23538
2026-05-22 17:45:00+00:00,415.200012,415.230011,415.029999,415.135010,72511
2026-05-22 17:50:00+00:00,415.109985,415.130005,414.809998,414.869995,141683
2026-05-22 17:55:00+00:00,414.880005,415.049988,414.769989,414.809998,127237
2026-05-22 18:00:00+00:00,414.839996,414.850006,414.119995,414.510010,123617
2026-05-22 18:05:00+00:00,414.510010,414.630005,414.359985,414.470001,92996
2026-05-22 18:10:00+00:00,414.410004,414.480011,414.230011,414.309998,78314
2026-05-22 18:15:00+00:00,414.290009,414.559998,414.190002,414.430206,26628
2026-05-22 18:20:00+00:00,414.461212,414.690002,414.440002,414.601196,22380
2026-05-22 18:25:00+00:00,414.620789,414.690002,414.459991,414.459991,16612
2026-05-22 18:30:00+00:00,414.470001,414.609985,414.359985,414.609985,33373
2026-05-22 18:35:00+00:00,414.600006,414.910004,414.420013,414.750000,82163
2026-05-22 18:40:00+00:00,414.739990,414.790009,414.399994,414.450012,34160
2026-05-22 18:45:00+00:00,414.470001,414.519989,414.239990,414.290009,51288
2026-05-22 18:50:00+00:00,414.285004,414.529999,414.260010,414.480011,46057
2026-05-22 18:55:00+00:00,414.480011,414.529999,414.269989,414.440002,294966
2026-05-22 19:00:00+00:00,414.459991,414.500000,413.940002,414.040009,94670
2026-05-22 19:05:00+00:00,414.040009,414.089996,413.769989,413.850006,90939
2026-05-22 19:10:00+00:00,413.850006,413.970001,413.700012,413.725006,77470
2026-05-22 19:15:00+00:00,413.720001,413.894989,413.690002,413.894989,32323
2026-05-22 19:20:00+00:00,413.820099,413.839996,413.720001,413.779999,17637
2026-05-22 19:25:00+00:00,413.750000,413.869995,413.660004,413.734985,24567
2026-05-22 19:30:00+00:00,413.750000,413.839996,413.480011,413.815002,40813
2026-05-22 19:35:00+00:00,413.799988,413.989990,413.744995,413.959991,91582
2026-05-22 19:40:00+00:00,413.950012,414.109985,413.915009,413.994995,41454
2026-05-22 19:45:00+00:00,413.994995,414.010010,413.765015,413.820007,76394
2026-05-22 19:50:00+00:00,413.799988,413.880005,413.739990,413.850006,75193
2026-05-22 19:55:00+00:00,413.839996,413.959991,413.769989,413.850006,209359
2026-05-26 13:30:00+00:00,415.160004,415.660004,415.109985,415.170013,552433
2026-05-26 13:35:00+00:00,415.160004,415.769806,415.049988,415.390015,108758
2026-05-26 13:40:00+00:00,415.359985,415.980011,415.359985,415.619995,79837
2026-05-26 13:45:00+00:00,415.619995,415.785004,415.439697,415.500000,38004
2026-05-26 13:50:00+00:00,415.489990,415.500000,414.250000,414.589996,98424
2026-05-26 13:55:00+00:00,414.589996,414.730011,414.250000,414.380005,45928
2026-05-26 14:00:00+00:00,414.420013,414.750000,414.160004,414.720001,77292
2026-05-26 14:05:00+00:00,414.709991,414.970001,414.510101,414.559998,49716
2026-05-26 14:10:00+00:00,414.570007,414.570007,413.850006,414.109985,43378
2026-05-26 14:15:00+00:00,414.109985,414.470001,413.929993,414.440002,35193
2026-05-26 14:20:00+00:00,414.429993,414.760010,414.279999,414.580109,45564
2026-05-26 14:25:00+00:00,414.609985,414.769989,414.519989,414.769989,39609
2026-05-26 14:30:00+00:00,414.730011,415.105011,414.670013,414.720001,77805
2026-05-26 14:35:00+00:00,414.739990,415.394989,414.730011,415.130096,29322
2026-05-26 14:40:00+00:00,415.170013,415.290009,414.959991,415.070007,37961
2026-05-26 14:45:00+00:00,415.070007,415.149994,414.850006,414.890015,34593
2026-05-26 14:50:00+00:00,414.890015,414.894409,414.579987,414.630005,32338
2026-05-26 14:55:00+00:00,414.570007,414.600006,414.290009,414.500000,62668
2026-05-26 15:00:00+00:00,414.510010,414.517609,413.920013,414.130005,78204
2026-05-26 15:05:00+00:00,414.174988,414.419891,413.924988,414.089996,20216
2026-05-26 15:10:00+00:00,414.119995,414.299896,413.950012,414.010010,19820
2026-05-26 15:15:00+00:00,414.022308,414.079987,413.600006,413.834991,36039
2026-05-26 15:20:00+00:00,413.899994,413.931610,413.609985,413.709991,23536
2026-05-26 15:25:00+00:00,413.750000,413.899902,413.579987,413.700012,70295
2026-05-26 15:30:00+00:00,413.720001,413.899994,413.480011,413.590088,55839
2026-05-26 15:35:00+00:00,413.589996,413.820007,413.339996,413.799988,46723
2026-05-26 15:40:00+00:00,413.739990,413.959991,413.720001,413.890015,43156
2026-05-26 15:45:00+00:00,413.899994,413.970001,413.750000,413.750000,24879
2026-05-26 15:50:00+00:00,413.756104,414.109985,413.709991,414.010010,27677
2026-05-26 15:55:00+00:00,414.000000,414.010010,413.709991,413.750000,96930
2026-05-26 16:00:00+00:00,413.739990,413.940002,413.649994,413.720001,47158
2026-05-26 16:05:00+00:00,413.720001,413.730011,413.350006,413.399994,23780
2026-05-26 16:10:00+00:00,413.399994,413.500000,413.130005,413.299988,53937
2026-05-26 16:15:00+00:00,413.230011,413.660004,413.100006,413.579987,47610
2026-05-26 16:20:00+00:00,413.600006,413.679993,413.339996,413.665009,37499
2026-05-26 16:25:00+00:00,413.660004,413.959991,413.660004,413.834991,20684
2026-05-26 16:30:00+00:00,413.839996,414.200012,413.809998,414.000000,44664
2026-05-26 16:35:00+00:00,414.005005,414.100006,413.839996,413.869995,52868
2026-05-26 16:40:00+00:00,413.869995,413.899994,413.700012,413.705109,12094
2026-05-26 16:45:00+00:00,413.720001,413.829987,413.420105,413.429993,17650
2026-05-26 16:50:00+00:00,413.429993,413.644989,413.429993,413.619995,18767
2026-05-26 16:55:00+00:00,413.619995,413.649994,413.540009,413.580109,8781
2026-05-26 17:00:00+00:00,413.559998,413.829987,413.549988,413.640015,24348
2026-05-26 17:05:00+00:00,413.640015,413.640015,413.420013,413.510010,16088
2026-05-26 17:10:00+00:00,413.519989,413.549988,413.450012,413.500000,13413
2026-05-26 17:15:00+00:00,413.459991,413.570007,413.420013,413.529114,35078
2026-05-26 17:20:00+00:00,413.510101,413.720001,413.510010,413.720001,20290
2026-05-26 17:25:00+00:00,413.730011,413.809998,413.160004,413.239990,54670
2026-05-26 17:30:00+00:00,413.220001,413.299988,412.959991,413.195007,61066
2026-05-26 17:35:00+00:00,413.140015,413.250000,412.739990,413.054993,82101
2026-05-26 17:40:00+00:00,413.045013,413.109985,412.760010,413.024994,63037
2026-05-26 17:45:00+00:00,413.010010,413.260010,413.000000,413.170013,29906
2026-05-26 17:50:00+00:00,413.204987,413.290009,412.750000,412.850006,66198
2026-05-26 17:55:00+00:00,412.799988,412.869995,412.130005,412.244995,104713
2026-05-26 18:00:00+00:00,412.269989,412.489990,411.769989,412.000000,77791
2026-05-26 18:05:00+00:00,411.994995,412.149994,411.500000,412.125000,54036
2026-05-26 18:10:00+00:00,412.148102,412.309998,411.750000,412.000000,46182
2026-05-26 18:15:00+00:00,411.940002,412.269989,411.880005,412.269989,31104
2026-05-26 18:20:00+00:00,412.250000,412.470001,412.220001,412.390015,32168
2026-05-26 18:25:00+00:00,412.399994,412.760010,412.394989,412.700012,96444
2026-05-26 18:30:00+00:00,412.679993,412.959991,412.570007,412.875000,23058
2026-05-26 18:35:00+00:00,412.875000,412.875000,412.649994,412.779999,47324
2026-05-26 18:40:00+00:00,412.799988,412.799988,412.661194,412.760010,20980
2026-05-26 18:45:00+00:00,412.779999,412.989990,412.779999,412.929993,20288
2026-05-26 18:50:00+00:00,412.940002,413.089996,412.890015,413.014587,43716
2026-05-26 18:55:00+00:00,413.010010,413.059998,412.929993,413.000000,30380
2026-05-26 19:00:00+00:00,413.029999,413.200012,412.880005,413.070007,42787
2026-05-26 19:05:00+00:00,413.079987,413.140015,412.989990,413.140015,27597
2026-05-26 19:10:00+00:00,413.149994,413.190002,413.029999,413.074005,294409
2026-05-26 19:15:00+00:00,413.059998,413.519989,413.050995,413.345001,36232
2026-05-26 19:20:00+00:00,413.359985,413.510010,413.329987,413.415009,55884
2026-05-26 19:25:00+00:00,413.415009,413.440002,413.230011,413.334991,117673
2026-05-26 19:30:00+00:00,413.359985,413.489990,413.209991,413.470093,227619
2026-05-26 19:35:00+00:00,413.480011,413.570007,413.420013,413.484985,51436
2026-05-26 19:40:00+00:00,413.470001,413.679993,413.470001,413.579987,61749
2026-05-26 19:45:00+00:00,413.600006,413.859985,413.529999,413.820007,51569
2026-05-26 19:50:00+00:00,413.839996,413.850006,413.670013,413.700012,67337
2026-05-26 19:55:00+00:00,413.709991,414.089996,413.660004,413.954987,274720
2026-05-27 13:30:00+00:00,404.334991,406.170013,404.299988,406.100006,1444222
2026-05-27 13:35:00+00:00,406.095001,406.269989,405.045013,405.570007,184033
2026-05-27 13:40:00+00:00,405.559998,406.070007,405.417999,405.680115,129420
2026-05-27 13:45:00+00:00,405.679993,406.529999,405.619995,405.839996,124330
2026-05-27 13:50:00+00:00,405.795013,407.059998,405.700012,406.274994,129225
2026-05-27 13:55:00+00:00,406.250000,406.500000,406.119995,406.359985,194899
2026-05-27 14:00:00+00:00,406.420013,407.399994,406.299988,407.399994,119907
2026-05-27 14:05:00+00:00,407.410004,408.304993,407.265015,407.926605,224658
2026-05-27 14:10:00+00:00,407.959991,408.980011,407.890015,408.290009,88773
2026-05-27 14:15:00+00:00,408.320007,408.660004,408.160004,408.600006,79800
2026-05-27 14:20:00+00:00,408.559998,408.950012,407.790009,407.940002,215552
2026-05-27 14:25:00+00:00,407.940002,408.130005,407.540009,408.059998,149329
2026-05-27 14:30:00+00:00,408.029999,408.380005,407.140015,407.609985,130072
2026-05-27 14:35:00+00:00,407.690002,408.070007,407.570007,407.910004,53204
2026-05-27 14:40:00+00:00,407.959991,408.010010,407.539612,407.800110,157098
2026-05-27 14:45:00+00:00,407.880005,408.119995,407.450012,407.500000,36675
2026-05-27 14:50:00+00:00,407.420013,407.510010,407.250000,407.470001,54321
2026-05-27 14:55:00+00:00,407.489990,407.510010,406.950012,407.010101,40669
2026-05-27 15:00:00+00:00,406.989990,407.429993,406.670013,407.239990,87531
2026-05-27 15:05:00+00:00,407.244995,407.269989,406.559998,406.619995,185924
2026-05-27 15:10:00+00:00,406.579987,406.894989,406.500000,406.875000,63504
2026-05-27 15:15:00+00:00,406.839996,406.950012,406.619995,406.720001,42088
2026-05-27 15:20:00+00:00,406.750000,407.019989,406.613495,407.000000,64586
2026-05-27 15:25:00+00:00,406.945007,407.170013,406.880005,407.154999,58275
2026-05-27 15:30:00+00:00,407.179993,407.709991,407.160004,407.429993,110077
2026-05-27 15:35:00+00:00,407.420013,407.619995,407.350006,407.600006,46592
2026-05-27 15:40:00+00:00,407.579987,407.670013,406.989990,407.019989,39725
2026-05-27 15:45:00+00:00,407.049988,407.359985,406.809998,406.959991,41644
2026-05-27 15:50:00+00:00,406.929993,407.144989,406.779999,407.010010,48802
2026-05-27 15:55:00+00:00,407.089996,407.304993,406.940002,407.220001,23960
2026-05-27 16:00:00+00:00,407.250000,407.720001,407.149994,407.375000,113394
2026-05-27 16:05:00+00:00,407.329987,407.391815,407.029999,407.272491,37323
2026-05-27 16:10:00+00:00,407.299988,407.649994,407.279999,407.619904,28385
2026-05-27 16:15:00+00:00,407.589996,407.859985,407.549988,407.739990,45169
2026-05-27 16:20:00+00:00,407.739990,407.980011,407.720001,407.969910,26027
2026-05-27 16:25:00+00:00,407.940002,408.279999,407.920013,408.200012,23395
2026-05-27 16:30:00+00:00,408.160004,408.429993,408.059998,408.339996,24799
2026-05-27 16:35:00+00:00,408.369995,408.549988,408.369995,408.470001,21881
2026-05-27 16:40:00+00:00,408.470001,408.769989,408.470001,408.559998,45456
2026-05-27 16:45:00+00:00,408.584991,408.750000,408.459991,408.690002,78731
2026-05-27 16:50:00+00:00,408.695007,408.839996,408.540009,408.579987,22958
2026-05-27 16:55:00+00:00,408.570007,408.670013,408.450012,408.600006,44042
2026-05-27 17:00:00+00:00,408.609985,408.609985,408.269989,408.454987,56221
2026-05-27 17:05:00+00:00,408.450012,408.649994,407.820007,407.869995,39810
2026-05-27 17:10:00+00:00,407.869995,408.079987,407.720001,407.950012,23442
2026-05-27 17:15:00+00:00,407.970001,408.250000,407.869995,408.170013,17368
2026-05-27 17:20:00+00:00,408.195007,408.309998,408.130005,408.200012,28194
2026-05-27 17:25:00+00:00,408.170013,408.619995,408.089996,408.519989,50252
2026-05-27 17:30:00+00:00,408.549988,408.815002,408.529999,408.699890,38810
2026-05-27 17:35:00+00:00,408.677887,408.899994,408.630005,408.630005,20126
2026-05-27 17:40:00+00:00,408.630005,408.679993,408.519989,408.559998,33309
2026-05-27 17:45:00+00:00,408.545013,408.649994,408.489990,408.559998,11119
2026-05-27 17:50:00+00:00,408.579987,408.820007,408.540009,408.760010,10191
2026-05-27 17:55:00+00:00,408.765015,408.850006,408.519989,408.589996,29110
2026-05-27 18:00:00+00:00,408.480011,408.660004,408.429993,408.470001,27010
2026-05-27 18:05:00+00:00,408.415009,408.489990,408.280090,408.309998,12239
2026-05-27 18:10:00+00:00,408.329987,408.470001,408.320007,408.459991,12053
2026-05-27 18:15:00+00:00,408.500000,408.779999,408.459991,408.709991,15318
2026-05-27 18:20:00+00:00,408.729095,409.250000,408.720001,408.970001,42812
2026-05-27 18:25:00+00:00,408.980011,409.029999,408.904999,409.010010,43080
2026-05-27 18:30:00+00:00,409.015106,409.059998,408.720001,408.750000,18587
2026-05-27 18:35:00+00:00,408.734985,408.806305,408.630005,408.768707,14811
2026-05-27 18:40:00+00:00,408.750000,408.869995,408.750000,408.825104,19749
2026-05-27 18:45:00+00:00,408.779907,408.829987,408.739990,408.815002,13753
2026-05-27 18:50:00+00:00,408.829987,408.850006,408.709991,408.730011,23068
2026-05-27 18:55:00+00:00,408.730011,408.970001,408.700012,408.880005,17717
2026-05-27 19:00:00+00:00,408.920013,408.920013,408.640015,408.700012,20214
2026-05-27 19:05:00+00:00,408.679993,408.790009,408.649994,408.752502,17517
2026-05-27 19:10:00+00:00,408.739990,408.759888,408.549988,408.609985,37480
2026-05-27 19:15:00+00:00,408.625000,408.694611,408.454987,408.454987,68886
2026-05-27 19:20:00+00:00,408.480011,408.839996,408.480011,408.779907,35316
2026-05-27 19:25:00+00:00,408.760010,408.769989,408.529999,408.579987,27898
2026-05-27 19:30:00+00:00,408.589996,408.779999,408.450012,408.710114,71344
2026-05-27 19:35:00+00:00,408.730011,408.924286,408.640015,408.890015,43874
2026-05-27 19:40:00+00:00,408.915009,408.915009,408.760010,408.820007,32223
2026-05-27 19:45:00+00:00,408.809998,408.829987,408.640015,408.660004,39588
2026-05-27 19:50:00+00:00,408.649994,408.739990,408.510010,408.579987,159111
2026-05-27 19:55:00+00:00,408.559998,408.799988,408.355011,408.519989,276174
2026-05-28 13:30:00+00:00,406.480011,406.700012,405.410797,405.510010,659528
2026-05-28 13:35:00+00:00,405.480011,406.230011,405.480011,406.059998,122613
2026-05-28 13:40:00+00:00,406.119995,406.179993,405.579987,405.829987,83485
2026-05-28 13:45:00+00:00,405.799988,406.579987,405.779999,406.190002,94327
2026-05-28 13:50:00+00:00,406.209991,406.950012,406.200012,406.609985,103274
2026-05-28 13:55:00+00:00,406.640015,406.779999,406.230011,406.630005,82668
2026-05-28 14:00:00+00:00,406.619995,406.850891,405.700012,406.079987,118786
2026-05-28 14:05:00+00:00,406.109497,407.730011,406.049988,407.359985,115124
2026-05-28 14:10:00+00:00,407.359985,410.040009,406.780090,409.730011,366766
2026-05-28 14:15:00+00:00,409.760010,410.570007,408.600006,409.730011,178126
2026-05-28 14:20:00+00:00,409.679993,409.987305,408.739990,409.524994,125122
2026-05-28 14:25:00+00:00,409.470001,409.790009,409.260010,409.399994,67542
2026-05-28 14:30:00+00:00,409.380005,410.075012,408.980011,409.029999,102767
2026-05-28 14:35:00+00:00,409.019989,409.350006,408.730011,409.269989,64117
2026-05-28 14:40:00+00:00,409.209991,410.368103,409.170013,410.130005,85867
2026-05-28 14:45:00+00:00,410.079987,411.149994,409.859985,409.940002,189048
2026-05-28 14:50:00+00:00,410.000000,410.779999,409.989990,410.290009,102289
2026-05-28 14:55:00+00:00,410.260010,410.290009,409.500000,410.184998,79134
2026-05-28 15:00:00+00:00,410.239990,410.880005,410.109985,410.679993,52999
2026-05-28 15:05:00+00:00,410.750000,411.209991,410.489990,410.559998,90651
2026-05-28 15:10:00+00:00,410.584991,410.690002,410.290009,410.410004,123210
2026-05-28 15:15:00+00:00,410.429993,410.670013,410.339996,410.489990,73506
2026-05-28 15:20:00+00:00,410.530090,410.899994,410.239990,410.850006,55254
2026-05-28 15:25:00+00:00,410.869995,411.415009,410.769989,410.899994,84020
2026-05-28 15:30:00+00:00,411.010010,411.320007,411.010010,411.290009,46207
2026-05-28 15:35:00+00:00,411.273499,411.640686,411.049988,411.070007,77696
2026-05-28 15:40:00+00:00,411.049988,411.279999,410.920013,411.140015,39177
2026-05-28 15:45:00+00:00,411.160004,411.413300,411.100006,411.149994,26112
2026-05-28 15:50:00+00:00,411.170013,411.399994,411.149994,411.220001,52165
2026-05-28 15:55:00+00:00,411.220001,411.429901,411.089996,411.429901,40847
2026-05-28 16:00:00+00:00,411.420013,411.559998,410.980011,411.244995,42141
2026-05-28 16:05:00+00:00,411.299988,411.719910,411.260010,411.320099,49728
2026-05-28 16:10:00+00:00,411.299988,411.679993,411.299988,411.570007,55973
2026-05-28 16:15:00+00:00,411.609985,412.769989,411.540100,412.769989,84492
2026-05-28 16:20:00+00:00,412.730011,413.260010,412.529999,413.179993,68263
2026-05-28 16:25:00+00:00,413.209991,413.279999,412.881500,413.089996,81850
2026-05-28 16:30:00+00:00,413.119995,413.230011,412.820007,412.920013,49462
2026-05-28 16:35:00+00:00,412.929993,413.260010,412.787994,412.970001,86780
2026-05-28 16:40:00+00:00,413.010010,413.579987,412.950012,413.410004,47595
2026-05-28 16:45:00+00:00,413.429993,413.769989,413.429993,413.510010,71468
2026-05-28 16:50:00+00:00,413.510010,413.940002,413.470001,413.760010,53310
2026-05-28 16:55:00+00:00,413.779999,414.040009,413.750000,414.019989,55975
2026-05-28 17:00:00+00:00,414.059998,414.359985,413.890015,413.940002,32280
2026-05-28 17:05:00+00:00,413.929993,413.980011,413.549988,413.899994,438226
2026-05-28 17:10:00+00:00,413.920013,413.959991,413.339996,413.339996,26698
2026-05-28 17:15:00+00:00,413.380005,413.640015,413.332489,413.429993,40960
2026-05-28 17:20:00+00:00,413.420013,413.510010,413.239990,413.470001,31554
2026-05-28 17:25:00+00:00,413.459991,413.570007,413.119995,413.190002,56511
2026-05-28 17:30:00+00:00,413.259888,413.649994,413.239990,413.480011,24156
2026-05-28 17:35:00+00:00,413.470001,413.570007,413.380005,413.569885,25272
2026-05-28 17:40:00+00:00,413.570007,413.679993,413.440796,413.480011,24235
2026-05-28 17:45:00+00:00,413.480011,413.859985,413.470001,413.789276,324028
2026-05-28 17:50:00+00:00,413.779999,413.809998,413.654999,413.709991,22973
2026-05-28 17:55:00+00:00,413.709991,413.911896,413.700012,413.782410,53627
2026-05-28 18:00:00+00:00,413.829987,414.510010,413.820007,414.233398,49116
2026-05-28 18:05:00+00:00,414.220001,414.220001,413.899994,413.940002,27440
2026-05-28 18:10:00+00:00,413.890015,413.920013,413.589996,413.700012,24797
2026-05-28 18:15:00+00:00,413.630005,414.230011,413.480011,413.920013,57163
2026-05-28 18:20:00+00:00,413.910004,414.029999,413.720001,413.809998,24961
2026-05-28 18:25:00+00:00,413.769989,413.779999,413.527802,413.579987,27395
2026-05-28 18:30:00+00:00,413.609985,413.614990,413.160004,413.220001,36196
2026-05-28 18:35:00+00:00,413.230011,413.339996,413.089996,413.190002,46507
2026-05-28 18:40:00+00:00,413.204987,413.260010,413.089996,413.170013,43410
2026-05-28 18:45:00+00:00,413.184998,413.220001,412.869995,412.920013,48474
2026-05-28 18:50:00+00:00,412.920013,413.320007,412.890015,413.239990,49599
2026-05-28 18:55:00+00:00,413.250000,413.299988,413.049988,413.109985,23261
2026-05-28 19:00:00+00:00,413.109985,413.304993,412.989990,413.119995,52989
2026-05-28 19:05:00+00:00,413.140015,413.200012,412.880096,412.908112,26464
2026-05-28 19:10:00+00:00,412.920013,413.119995,412.845001,412.950012,82925
2026-05-28 19:15:00+00:00,412.924988,413.109985,412.924988,413.049988,43570
2026-05-28 19:20:00+00:00,413.059998,413.239990,413.019989,413.204987,31382
2026-05-28 19:25:00+00:00,413.200012,413.200012,412.959991,412.964996,40518
2026-05-28 19:30:00+00:00,412.970001,413.149994,412.950012,413.059998,63364
2026-05-28 19:35:00+00:00,413.079987,413.140015,412.950012,413.079987,42051
2026-05-28 19:40:00+00:00,413.100006,413.100006,412.899994,412.929993,41624
2026-05-28 19:45:00+00:00,412.929993,413.029999,412.829987,412.890015,101694
2026-05-28 19:50:00+00:00,412.880005,413.010010,412.780090,412.920013,126374
2026-05-28 19:55:00+00:00,412.920013,412.980011,412.679993,412.802795,289462
2026-05-29 13:30:00+00:00,415.619995,416.070007,415.345001,415.345001,525694
2026-05-29 13:35:00+00:00,415.369995,416.109985,415.079987,415.920013,105615
2026-05-29 13:40:00+00:00,415.920013,416.320007,415.869995,416.100006,64501
2026-05-29 13:45:00+00:00,416.109985,416.450012,415.769989,416.379913,69233
2026-05-29 13:50:00+00:00,416.380005,416.665405,416.065002,416.640015,58476
2026-05-29 13:55:00+00:00,416.589996,416.799988,416.342896,416.459991,58173
2026-05-29 14:00:00+00:00,416.480011,417.600006,416.299988,417.494995,266211
2026-05-29 14:05:00+00:00,417.510010,417.899994,417.359985,417.750000,115031
2026-05-29 14:10:00+00:00,417.750000,417.910004,417.119995,417.119995,93304
2026-05-29 14:15:00+00:00,417.110107,417.244995,416.570007,416.570007,57240
2026-05-29 14:20:00+00:00,416.609985,416.769989,415.980011,415.980011,65819
2026-05-29 14:25:00+00:00,415.970001,416.135010,415.470001,415.779999,99658
2026-05-29 14:30:00+00:00,415.739990,416.390015,415.359985,416.390015,82711
2026-05-29 14:35:00+00:00,416.369995,416.410004,415.920013,415.980011,58521
2026-05-29 14:40:00+00:00,415.980011,416.920013,415.980011,416.750000,58635
2026-05-29 14:45:00+00:00,416.760010,416.819885,416.429993,416.749908,65791
2026-05-29 14:50:00+00:00,416.709991,419.399994,416.709991,418.255005,346341
2026-05-29 14:55:00+00:00,418.260010,419.529999,418.154999,418.920013,91555
2026-05-29 15:00:00+00:00,419.000000,420.269989,418.959991,420.265015,262067
2026-05-29 15:05:00+00:00,420.220001,421.299988,419.790009,421.114502,200940
2026-05-29 15:10:00+00:00,421.149994,421.820007,420.940002,421.364990,112938
2026-05-29 15:15:00+00:00,421.359985,421.470001,420.980011,421.190002,98620
2026-05-29 15:20:00+00:00,421.194000,421.214996,420.470001,420.839996,181618
2026-05-29 15:25:00+00:00,420.831696,420.880005,420.190002,420.190002,55372
2026-05-29 15:30:00+00:00,420.220001,420.679993,420.179993,420.290009,39043
2026-05-29 15:35:00+00:00,420.200012,420.456207,419.679993,419.727692,76065
2026-05-29 15:40:00+00:00,419.750000,419.959991,418.679993,419.200012,189517
2026-05-29 15:45:00+00:00,419.179993,419.440002,418.359985,419.059998,73579
2026-05-29 15:50:00+00:00,419.000000,419.519989,418.880005,419.448914,46509
2026-05-29 15:55:00+00:00,419.399994,419.669006,419.329987,419.630005,32242
2026-05-29 16:00:00+00:00,419.635010,419.690002,419.309998,419.339996,35701
2026-05-29 16:05:00+00:00,419.325012,419.380005,418.859985,418.940002,202924
2026-05-29 16:10:00+00:00,418.950012,419.015594,418.519989,418.880005,105217
2026-05-29 16:15:00+00:00,418.850006,419.250000,418.839996,419.024994,135967
2026-05-29 16:20:00+00:00,419.049988,419.239990,418.890015,418.950012,108757
2026-05-29 16:25:00+00:00,418.890015,418.910004,418.579987,418.815002,44802
2026-05-29 16:30:00+00:00,418.829987,419.523102,418.704987,419.390015,79771
2026-05-29 16:35:00+00:00,419.390015,419.839996,419.299988,419.714996,154444
2026-05-29 16:40:00+00:00,419.695007,419.769989,419.393707,419.467804,59258
2026-05-29 16:45:00+00:00,419.480011,419.480011,418.959991,418.989990,24369
2026-05-29 16:50:00+00:00,418.959991,419.105011,418.630005,419.070007,49763
2026-05-29 16:55:00+00:00,419.040009,419.260010,418.750092,419.179993,19015
2026-05-29 17:00:00+00:00,419.239990,419.309998,418.975006,418.975006,31683
2026-05-29 17:05:00+00:00,418.970001,419.350006,418.880005,419.230011,31052
2026-05-29 17:10:00+00:00,419.230011,419.339996,418.890015,418.920013,35133
2026-05-29 17:15:00+00:00,418.929993,419.200012,418.890015,419.000000,61791
2026-05-29 17:20:00+00:00,419.059998,419.170013,418.579987,419.109894,41098
2026-05-29 17:25:00+00:00,419.000000,419.019989,418.653198,418.720001,55494
2026-05-29 17:30:00+00:00,418.709991,418.750000,418.380005,418.679993,63650
2026-05-29 17:35:00+00:00,418.690002,418.720001,418.424500,418.440002,55458
2026-05-29 17:40:00+00:00,418.440002,418.540009,417.929993,418.000000,41933
2026-05-29 17:45:00+00:00,417.959991,418.299988,417.920013,418.200012,15510
2026-05-29 17:50:00+00:00,418.179993,418.200012,417.859985,417.959991,38114
2026-05-29 17:55:00+00:00,417.950012,417.980011,417.760010,417.929993,37398
2026-05-29 18:00:00+00:00,417.929993,418.260010,417.869995,418.260010,42951
2026-05-29 18:05:00+00:00,418.299988,418.420013,418.119995,418.355011,28638
2026-05-29 18:10:00+00:00,418.369995,418.410004,418.220001,418.369995,40609
2026-05-29 18:15:00+00:00,418.390015,418.459991,418.149994,418.440002,38921
2026-05-29 18:20:00+00:00,418.470001,418.519897,418.309998,418.410004,32811
2026-05-29 18:25:00+00:00,418.424988,418.589996,418.369995,418.480011,27570
2026-05-29 18:30:00+00:00,418.500000,418.669098,418.500000,418.630005,36992
2026-05-29 18:35:00+00:00,418.630005,418.695007,418.540009,418.559998,28294
2026-05-29 18:40:00+00:00,418.575012,418.589996,418.350006,418.385010,56029
2026-05-29 18:45:00+00:00,418.369995,418.369995,417.670013,417.915009,74500
2026-05-29 18:50:00+00:00,417.894989,418.070007,417.820007,418.010010,88350
2026-05-29 18:55:00+00:00,417.980988,418.250000,417.920013,417.920013,40476
2026-05-29 19:00:00+00:00,418.019989,418.109985,417.850006,418.079987,60524
2026-05-29 19:05:00+00:00,418.059998,418.440002,418.059998,418.440002,16098
2026-05-29 19:10:00+00:00,418.440002,418.589996,418.369995,418.420013,60266
2026-05-29 19:15:00+00:00,418.410004,418.480011,418.250000,418.329987,52314
2026-05-29 19:20:00+00:00,418.310089,418.355011,418.160004,418.213989,291640
2026-05-29 19:25:00+00:00,418.250000,418.255005,418.059998,418.140015,40729
2026-05-29 19:30:00+00:00,418.130005,418.220001,417.910004,417.950012,59563
2026-05-29 19:35:00+00:00,417.970001,418.010010,417.809998,417.850006,63835
2026-05-29 19:40:00+00:00,417.851013,417.970001,417.720001,417.769989,89324
2026-05-29 19:45:00+00:00,417.769989,417.790009,417.489990,417.500000,187526
2026-05-29 19:50:00+00:00,417.510010,417.589996,417.230011,417.290009,206469
2026-05-29 19:55:00+00:00,417.299988,417.470001,416.959991,417.200012,369498
2026-06-01 13:30:00+00:00,409.859985,410.290009,409.299988,409.934998,681625
2026-06-01 13:35:00+00:00,409.959991,411.060211,409.540009,410.542786,245273
2026-06-01 13:40:00+00:00,410.552490,410.670013,409.859985,410.054993,119179
2026-06-01 13:45:00+00:00,410.070007,410.273193,409.619995,409.779999,111382
2026-06-01 13:50:00+00:00,409.779999,409.864990,408.649994,408.894989,278748
2026-06-01 13:55:00+00:00,408.850006,408.940002,408.239990,408.489990,102579
2026-06-01 14:00:00+00:00,408.399994,408.890015,408.239990,408.855011,163232
2026-06-01 14:05:00+00:00,408.839996,409.500000,408.450012,409.470001,157141
2026-06-01 14:10:00+00:00,409.450012,409.609985,409.000000,409.540009,71787
2026-06-01 14:15:00+00:00,409.489990,409.880005,408.859985,409.140808,153849
2026-06-01 14:20:00+00:00,409.100006,409.579987,408.959991,408.984985,97538
2026-06-01 14:25:00+00:00,408.970001,409.029999,408.480011,409.019989,107115
2026-06-01 14:30:00+00:00,409.019989,409.480011,408.859985,409.250000,63910
2026-06-01 14:35:00+00:00,409.250000,409.470001,408.839996,408.940002,68602
2026-06-01 14:40:00+00:00,408.970001,409.529999,408.959991,409.364990,33443
2026-06-01 14:45:00+00:00,409.394989,409.500000,408.834991,408.929993,49606
2026-06-01 14:50:00+00:00,408.915009,409.039886,408.640015,409.005005,53955
2026-06-01 14:55:00+00:00,409.049988,409.260010,408.929993,409.230011,69141
2026-06-01 15:00:00+00:00,409.250000,409.589996,409.149994,409.399994,45373
2026-06-01 15:05:00+00:00,409.399994,409.859894,408.850006,409.589996,103679
2026-06-01 15:10:00+00:00,409.570007,409.869995,409.420013,409.755005,68257
2026-06-01 15:15:00+00:00,409.760010,410.049988,409.670013,409.862000,45705
2026-06-01 15:20:00+00:00,409.880005,410.109985,409.790009,410.019989,42819
2026-06-01 15:25:00+00:00,410.000000,410.339996,409.924988,410.170013,24286
2026-06-01 15:30:00+00:00,410.190002,411.130005,410.184998,411.000000,133372
2026-06-01 15:35:00+00:00,410.989990,411.244995,410.734985,410.915009,71910
2026-06-01 15:40:00+00:00,410.945007,411.000000,410.429993,410.470001,63258
2026-06-01 15:45:00+00:00,410.519989,410.730011,410.190002,410.299988,36691
2026-06-01 15:50:00+00:00,410.290009,410.470001,410.220001,410.410004,44807
2026-06-01 15:55:00+00:00,410.410004,410.829987,410.406189,410.730011,64585
2026-06-01 16:00:00+00:00,410.739990,411.149994,410.550110,410.640015,56473
2026-06-01 16:05:00+00:00,410.660004,410.739899,410.179993,410.250000,39744
2026-06-01 16:10:00+00:00,410.225006,410.239990,409.899994,410.084686,55065
2026-06-01 16:15:00+00:00,410.059998,410.089996,409.720001,410.060699,46561
2026-06-01 16:20:00+00:00,410.035004,410.209991,409.820007,410.170105,24980
2026-06-01 16:25:00+00:00,410.190002,410.309998,410.049988,410.195007,26448
2026-06-01 16:30:00+00:00,410.190002,410.549988,410.190002,410.282196,50826
2026-06-01 16:35:00+00:00,410.209991,410.399994,410.139130,410.239990,24468
2026-06-01 16:40:00+00:00,410.260101,410.309998,410.130005,410.149994,30393
2026-06-01 16:45:00+00:00,410.130005,410.500000,410.109985,410.500000,20675
2026-06-01 16:50:00+00:00,410.529999,411.309998,410.529999,411.240112,32892
2026-06-01 16:55:00+00:00,411.209991,411.450012,411.059998,411.200012,59287
2026-06-01 17:00:00+00:00,411.200012,411.269989,410.790009,410.859985,37765
2026-06-01 17:05:00+00:00,410.869995,410.923798,410.450012,410.649994,24486
2026-06-01 17:10:00+00:00,410.609985,410.868988,410.609985,410.774994,19564
2026-06-01 17:15:00+00:00,410.779999,410.850006,410.619995,410.850006,13323
2026-06-01 17:20:00+00:00,410.809998,410.899994,410.630005,410.730988,25653
2026-06-01 17:25:00+00:00,410.730011,411.470001,410.500000,411.470001,56941
2026-06-01 17:30:00+00:00,411.540009,411.739990,411.250000,411.346985,68039
2026-06-01 17:35:00+00:00,411.380005,411.630005,411.290009,411.480011,33486
2026-06-01 17:40:00+00:00,411.480011,412.279999,411.470001,412.239990,98189
2026-06-01 17:45:00+00:00,412.260010,412.609985,412.209991,412.230011,76880
2026-06-01 17:50:00+00:00,412.220001,412.269989,412.024994,412.239990,33401
2026-06-01 17:55:00+00:00,412.239990,412.260010,411.880005,411.900085,33871
2026-06-01 18:00:00+00:00,411.880005,411.980011,411.790009,411.809998,19303
2026-06-01 18:05:00+00:00,411.839996,412.140015,411.820007,412.089996,29316
2026-06-01 18:10:00+00:00,412.109985,412.109985,411.940002,411.989990,78008
2026-06-01 18:15:00+00:00,411.970001,412.070007,411.820007,412.059998,16713
2026-06-01 18:20:00+00:00,412.059998,412.149994,412.010010,412.049988,18463
2026-06-01 18:25:00+00:00,412.049988,412.049988,411.779999,411.809998,19198
2026-06-01 18:30:00+00:00,411.809998,411.859985,411.640015,411.755005,28209
2026-06-01 18:35:00+00:00,411.739990,411.850006,411.720093,411.760010,20401
2026-06-01 18:40:00+00:00,411.739014,411.929993,411.700012,411.920013,23621
2026-06-01 18:45:00+00:00,411.912415,411.980011,411.880005,411.980011,12856
2026-06-01 18:50:00+00:00,412.000000,412.000000,411.869995,411.869995,45863
2026-06-01 18:55:00+00:00,411.879913,411.980011,411.799988,411.799988,30767
2026-06-01 19:00:00+00:00,411.899994,411.950012,411.679993,411.920013,22358
2026-06-01 19:05:00+00:00,411.899994,411.934998,411.640015,411.684998,24279
2026-06-01 19:10:00+00:00,411.709991,411.839996,411.679993,411.695007,26297
2026-06-01 19:15:00+00:00,411.709991,411.809998,411.609985,411.709991,32600
2026-06-01 19:20:00+00:00,411.730011,411.799988,411.640106,411.730011,30118
2026-06-01 19:25:00+00:00,411.730011,411.760010,411.600006,411.640015,51561
2026-06-01 19:30:00+00:00,411.649994,411.739990,411.549988,411.565704,31636
2026-06-01 19:35:00+00:00,411.579987,411.709991,411.500000,411.619995,41628
2026-06-01 19:40:00+00:00,411.614990,411.720001,411.500000,411.510010,46459
2026-06-01 19:45:00+00:00,411.510010,411.589996,411.470001,411.549988,50386
2026-06-01 19:50:00+00:00,411.549988,411.570007,411.170013,411.190002,185147
2026-06-01 19:55:00+00:00,411.220001,411.320007,411.100006,411.230011,350918
2026-06-02 13:30:00+00:00,414.079987,414.130005,413.660004,413.769989,771213
2026-06-02 13:35:00+00:00,413.769989,414.142792,413.630005,414.070007,41849
2026-06-02 13:40:00+00:00,414.029999,414.399902,413.755005,413.839996,42515
2026-06-02 13:45:00+00:00,413.820007,414.070007,413.679993,413.940094,39594
2026-06-02 13:50:00+00:00,413.954987,414.320099,413.460205,413.524994,86749
2026-06-02 13:55:00+00:00,413.459991,413.579987,413.269989,413.329987,51788
2026-06-02 14:00:00+00:00,413.299988,413.570007,412.619995,413.200012,125675
2026-06-02 14:05:00+00:00,413.290009,413.480011,413.089996,413.269989,48600
2026-06-02 14:10:00+00:00,413.339996,413.670013,413.260010,413.415619,54571
2026-06-02 14:15:00+00:00,413.410004,413.470001,412.350006,412.679993,67525
2026-06-02 14:20:00+00:00,412.730011,412.859985,412.140015,412.404999,101572
2026-06-02 14:25:00+00:00,412.399994,412.829987,412.309998,412.630005,62185
2026-06-02 14:30:00+00:00,412.785004,413.019989,412.630005,413.000000,30790
2026-06-02 14:35:00+00:00,412.980011,413.470001,412.959991,413.260010,30481
2026-06-02 14:40:00+00:00,413.271790,413.510010,413.149994,413.440002,25068
2026-06-02 14:45:00+00:00,413.470001,413.619995,413.339996,413.339996,17723
2026-06-02 14:50:00+00:00,413.404999,413.440002,413.089996,413.440002,31050
2026-06-02 14:55:00+00:00,413.440002,413.549988,413.149994,413.399994,61337
2026-06-02 15:00:00+00:00,413.459991,413.670013,413.290009,413.290009,20051
2026-06-02 15:05:00+00:00,413.299988,413.799988,413.230011,413.665009,26878
2026-06-02 15:10:00+00:00,413.670013,413.730011,413.270111,413.349335,29551
2026-06-02 15:15:00+00:00,413.359985,413.529999,413.350098,413.459991,38284
2026-06-02 15:20:00+00:00,413.440002,413.600006,413.260010,413.375000,19708
2026-06-02 15:25:00+00:00,413.399994,413.609985,413.190002,413.575012,78535
2026-06-02 15:30:00+00:00,413.570007,413.660004,413.380005,413.619995,66618
2026-06-02 15:35:00+00:00,413.600006,413.829987,413.440002,413.440002,30779
2026-06-02 15:40:00+00:00,413.399994,413.429993,413.059998,413.259888,28243
2026-06-02 15:45:00+00:00,413.250000,413.709991,413.209991,413.519989,41942
2026-06-02 15:50:00+00:00,413.500000,413.559998,413.265991,413.420013,47960
2026-06-02 15:55:00+00:00,413.390015,413.390015,413.160004,413.250000,50799
2026-06-02 16:00:00+00:00,413.260010,413.299988,413.100006,413.149994,14779
2026-06-02 16:05:00+00:00,413.170013,413.309998,412.910004,413.244995,33693
2026-06-02 16:10:00+00:00,413.190002,413.244995,412.869995,412.869995,10974
2026-06-02 16:15:00+00:00,412.869995,412.880005,412.540009,412.613312,15376
2026-06-02 16:20:00+00:00,412.600006,412.700012,412.380005,412.579987,24972
2026-06-02 16:25:00+00:00,412.589996,412.589996,412.149994,412.179993,31742
2026-06-02 16:30:00+00:00,412.140015,412.230011,412.029999,412.075012,47504
2026-06-02 16:35:00+00:00,412.059998,412.108307,411.799988,411.880005,44051
2026-06-02 16:40:00+00:00,411.899994,412.269989,411.790009,412.079987,70602
2026-06-02 16:45:00+00:00,412.070007,412.279999,412.022095,412.190002,21471
2026-06-02 16:50:00+00:00,412.260010,412.260010,412.079987,412.079987,14719
2026-06-02 16:55:00+00:00,412.079987,412.290009,412.070007,412.279999,18435
2026-06-02 17:00:00+00:00,412.299988,412.410004,412.080109,412.119995,16300
2026-06-02 17:05:00+00:00,412.119995,412.290009,411.820007,411.829987,26878
2026-06-02 17:10:00+00:00,411.850006,412.129913,411.799988,412.059998,26991
2026-06-02 17:15:00+00:00,412.079987,412.131592,411.790009,411.879913,49124
2026-06-02 17:20:00+00:00,411.850006,411.980011,411.790009,411.929993,16555
2026-06-02 17:25:00+00:00,411.940002,412.274994,411.880005,412.209991,17467
2026-06-02 17:30:00+00:00,412.140015,412.260010,411.970001,411.970001,12834
2026-06-02 17:35:00+00:00,411.940002,411.960999,411.394989,411.487213,29243
2026-06-02 17:40:00+00:00,411.440002,411.679993,411.440002,411.619995,28519
2026-06-02 17:45:00+00:00,411.618805,411.778015,411.600006,411.746613,12857
2026-06-02 17:50:00+00:00,411.760010,411.779999,411.529999,411.558289,13575
2026-06-02 17:55:00+00:00,411.500000,411.649994,411.440002,411.619995,23255
2026-06-02 18:00:00+00:00,411.660004,411.980011,411.589996,411.769989,19147
2026-06-02 18:05:00+00:00,411.799988,411.869995,411.656097,411.859985,19917
2026-06-02 18:10:00+00:00,411.869995,411.947296,411.619995,411.670013,19692
2026-06-02 18:15:00+00:00,411.649994,411.750000,411.549988,411.609985,25415
2026-06-02 18:20:00+00:00,411.600006,411.899994,411.570007,411.850006,26384
2026-06-02 18:25:00+00:00,411.890015,412.179993,411.850006,411.984985,228977
2026-06-02 18:30:00+00:00,412.000000,412.035004,411.829987,411.970001,21403
2026-06-02 18:35:00+00:00,411.940002,411.940002,411.600006,411.735992,12533
2026-06-02 18:40:00+00:00,411.720001,411.720001,411.100006,411.260010,43370
2026-06-02 18:45:00+00:00,411.239990,411.850006,411.239990,411.834991,47894
2026-06-02 18:50:00+00:00,411.809998,412.179993,411.769989,411.940002,28411
2026-06-02 18:55:00+00:00,411.913696,412.012085,411.859985,411.920013,21949
2026-06-02 19:00:00+00:00,411.940002,412.079987,411.920013,412.024994,27551
2026-06-02 19:05:00+00:00,412.045013,412.070007,411.966705,412.005005,27338
2026-06-02 19:10:00+00:00,412.010010,412.049988,411.910004,411.910004,13395
2026-06-02 19:15:00+00:00,411.910004,411.920013,411.790009,411.825012,20573
2026-06-02 19:20:00+00:00,411.839996,411.869995,411.714996,411.769989,15228
2026-06-02 19:25:00+00:00,411.769989,412.079987,411.769989,412.070007,15930
2026-06-02 19:30:00+00:00,412.079987,412.149994,411.769989,411.815002,33356
2026-06-02 19:35:00+00:00,411.809998,411.820007,411.540009,411.649994,26455
2026-06-02 19:40:00+00:00,411.613495,411.890015,411.559998,411.880005,22346
2026-06-02 19:45:00+00:00,411.933289,411.940002,411.750000,411.869995,29079
2026-06-02 19:50:00+00:00,411.869995,411.920013,411.769989,411.790009,52935
2026-06-02 19:55:00+00:00,411.799988,411.989990,411.799988,411.921997,97137
2026-06-03 13:30:00+00:00,408.380005,408.760010,408.079987,408.329987,345101
2026-06-03 13:35:00+00:00,408.290009,408.640015,408.109985,408.290009,74443
2026-06-03 13:40:00+00:00,408.260010,408.450012,406.309998,406.309998,260705
2026-06-03 13:45:00+00:00,406.290009,407.350006,406.225006,407.269989,194210
2026-06-03 13:50:00+00:00,407.269989,408.149994,407.130005,407.959991,102339
2026-06-03 13:55:00+00:00,407.945007,408.450012,407.739990,408.049988,63526
2026-06-03 14:00:00+00:00,408.100006,408.540009,407.751801,408.079987,95175
2026-06-03 14:05:00+00:00,408.070007,408.625000,407.989990,408.450012,81359
2026-06-03 14:10:00+00:00,408.540009,409.079987,408.540009,408.846008,133136
2026-06-03 14:15:00+00:00,408.869995,409.239990,408.049988,408.345001,209548
2026-06-03 14:20:00+00:00,408.339996,408.619995,408.149994,408.420013,89338
2026-06-03 14:25:00+00:00,408.380005,408.679993,408.130005,408.679993,33994
2026-06-03 14:30:00+00:00,408.619995,408.760010,408.244995,408.364990,58433
2026-06-03 14:35:00+00:00,408.399902,408.790009,408.359985,408.640015,24595
2026-06-03 14:40:00+00:00,408.670013,408.676544,408.230011,408.260010,101006
2026-06-03 14:45:00+00:00,408.290009,408.940002,408.269989,408.850006,239661
2026-06-03 14:50:00+00:00,408.850006,409.380005,408.559998,409.260010,75016
2026-06-03 14:55:00+00:00,409.225006,409.279999,408.959991,409.070099,33770
2026-06-03 15:00:00+00:00,409.089996,409.200012,408.700012,408.700012,30767
2026-06-03 15:05:00+00:00,408.700012,408.720001,408.269989,408.380005,130152
2026-06-03 15:10:00+00:00,408.420013,408.638611,408.000000,408.063690,25885
2026-06-03 15:15:00+00:00,408.089996,408.540009,408.029999,408.089905,55494
2026-06-03 15:20:00+00:00,408.095215,408.109985,407.475006,407.779999,61364
2026-06-03 15:25:00+00:00,407.757507,407.989990,407.480011,407.980011,187720
2026-06-03 15:30:00+00:00,407.920013,408.000000,407.549988,407.595001,117201
2026-06-03 15:35:00+00:00,407.570007,407.779999,407.239990,407.450012,69925
2026-06-03 15:40:00+00:00,407.454987,407.769989,407.350006,407.559998,35133
2026-06-03 15:45:00+00:00,407.554993,407.755005,407.350006,407.720093,32446
2026-06-03 15:50:00+00:00,407.709991,407.899994,407.579987,407.679993,26776
2026-06-03 15:55:00+00:00,407.640015,407.785004,407.640015,407.755005,16674
2026-06-03 16:00:00+00:00,407.769989,407.850006,407.549988,407.800110,15050
2026-06-03 16:05:00+00:00,407.799988,407.880005,407.299988,407.570007,18292
2026-06-03 16:10:00+00:00,407.480011,407.589996,407.350006,407.494995,28555
2026-06-03 16:15:00+00:00,407.500000,407.649994,407.239990,407.429993,35075
2026-06-03 16:20:00+00:00,407.410004,407.529999,407.029999,407.195007,20583
2026-06-03 16:25:00+00:00,407.170013,407.339996,406.959991,407.309998,41937
2026-06-03 16:30:00+00:00,407.299988,407.559998,407.279999,407.554993,14683
2026-06-03 16:35:00+00:00,407.540009,407.540009,407.179993,407.200012,17729
2026-06-03 16:40:00+00:00,407.160004,407.429993,407.140594,407.415009,71938
2026-06-03 16:45:00+00:00,407.390015,407.529999,407.290100,407.359985,40860
2026-06-03 16:50:00+00:00,407.309998,407.459991,407.220001,407.327087,42151
2026-06-03 16:55:00+00:00,407.329987,407.760010,407.269989,407.649994,38643
2026-06-03 17:00:00+00:00,407.720001,407.970001,407.670013,407.910004,20409
2026-06-03 17:05:00+00:00,407.940002,408.290009,407.799988,408.154999,41594
2026-06-03 17:10:00+00:00,408.149994,408.174011,407.660004,407.665009,51935
2026-06-03 17:15:00+00:00,407.684998,407.815002,407.609985,407.739990,19455
2026-06-03 17:20:00+00:00,407.739990,407.739990,407.559998,407.700012,15744
2026-06-03 17:25:00+00:00,407.700012,407.769989,407.364990,407.429993,18835
2026-06-03 17:30:00+00:00,407.390015,407.579987,407.149994,407.545013,23428
2026-06-03 17:35:00+00:00,407.540009,407.570007,407.375000,407.540009,12992
2026-06-03 17:40:00+00:00,407.549988,407.739990,407.500000,407.559998,60799
2026-06-03 17:45:00+00:00,407.595001,407.609894,407.339996,407.380005,20135
2026-06-03 17:50:00+00:00,407.380005,407.500000,407.260010,407.329987,22141
2026-06-03 17:55:00+00:00,407.369995,407.470001,407.309998,407.450104,14576
2026-06-03 18:00:00+00:00,407.489990,407.570007,407.369995,407.529999,15120
2026-06-03 18:05:00+00:00,407.510010,407.521698,407.220001,407.309998,12833
2026-06-03 18:10:00+00:00,407.339996,407.390015,407.109985,407.220001,31616
2026-06-03 18:15:00+00:00,407.233704,407.329987,407.119995,407.329987,21591
2026-06-03 18:20:00+00:00,407.309998,407.450012,407.010010,407.440002,38515
2026-06-03 18:25:00+00:00,407.410004,407.589996,407.380005,407.549988,18942
2026-06-03 18:30:00+00:00,407.560089,407.750000,407.420013,407.420013,44572
2026-06-03 18:35:00+00:00,407.440002,407.459991,407.268494,407.380005,14214
2026-06-03 18:40:00+00:00,407.390015,407.559998,407.279999,407.515015,16145
2026-06-03 18:45:00+00:00,407.549988,407.709991,407.489990,407.522827,14685
2026-06-03 18:50:00+00:00,407.520111,407.600006,407.510010,407.549988,15307
2026-06-03 18:55:00+00:00,407.549988,407.769989,407.489990,407.706787,15297
2026-06-03 19:00:00+00:00,407.729889,408.410004,407.670013,408.399994,59453
2026-06-03 19:05:00+00:00,408.399994,408.450012,408.230011,408.269989,29665
2026-06-03 19:10:00+00:00,408.320007,408.459991,408.200012,408.420013,27724
2026-06-03 19:15:00+00:00,408.450409,408.679993,408.380005,408.589996,44504
2026-06-03 19:20:00+00:00,408.654999,408.654999,408.290009,408.290009,29911
2026-06-03 19:25:00+00:00,408.359985,408.359985,408.179993,408.280090,22421
2026-06-03 19:30:00+00:00,408.320007,408.450012,408.250000,408.339996,40531
2026-06-03 19:35:00+00:00,408.369995,408.410004,408.260010,408.260010,38192
2026-06-03 19:40:00+00:00,408.279999,408.380005,408.181213,408.200012,101086
2026-06-03 19:45:00+00:00,408.190002,408.239990,408.019989,408.204987,68714
2026-06-03 19:50:00+00:00,408.190002,408.230011,408.029999,408.089996,106074
2026-06-03 19:55:00+00:00,408.079987,408.079987,407.799988,407.899994,169069
2026-06-04 13:30:00+00:00,413.320007,413.640015,413.120087,413.569885,783922
2026-06-04 13:35:00+00:00,413.440002,414.079987,413.380005,413.839996,98123
2026-06-04 13:40:00+00:00,413.880005,414.309998,413.467499,414.290009,60252
2026-06-04 13:45:00+00:00,414.350006,414.369995,413.649994,413.899994,98729
2026-06-04 13:50:00+00:00,413.910004,414.089996,412.769989,412.839996,63999
2026-06-04 13:55:00+00:00,412.869995,413.279999,412.579987,412.584686,103161
2026-06-04 14:00:00+00:00,412.619995,412.929993,412.420013,412.489990,64597
2026-06-04 14:05:00+00:00,412.489990,412.910004,411.839996,412.005005,105050
2026-06-04 14:10:00+00:00,412.010010,412.239990,411.640015,411.834991,64874
2026-06-04 14:15:00+00:00,411.799988,412.347717,411.600006,411.839996,52706
2026-06-04 14:20:00+00:00,411.809998,411.989990,411.510010,411.579987,36518
2026-06-04 14:25:00+00:00,411.579987,411.829987,411.510010,411.695007,43138
2026-06-04 14:30:00+00:00,411.690002,411.730011,411.250000,411.529999,68430
2026-06-04 14:35:00+00:00,411.500000,411.500000,410.899994,411.140015,93431
2026-06-04 14:40:00+00:00,411.140015,411.159912,410.380005,410.605011,100762
2026-06-04 14:45:00+00:00,410.630005,410.670013,409.720001,409.825012,51592
2026-06-04 14:50:00+00:00,409.880005,410.230011,409.010010,409.609985,143602
2026-06-04 14:55:00+00:00,409.609985,409.829987,409.269989,409.790009,44696
2026-06-04 15:00:00+00:00,409.829987,410.244995,409.609985,410.225006,34848
2026-06-04 15:05:00+00:00,410.220001,410.420013,409.970001,410.230011,24585
2026-06-04 15:10:00+00:00,410.220001,410.632690,410.209991,410.352112,52866
2026-06-04 15:15:00+00:00,410.380005,410.589996,410.290009,410.500000,28164
2026-06-04 15:20:00+00:00,410.489990,410.540009,410.250000,410.250000,28705
2026-06-04 15:25:00+00:00,410.220001,410.380005,410.119995,410.269989,28102
2026-06-04 15:30:00+00:00,410.239990,410.440002,410.170013,410.329987,31692
2026-06-04 15:35:00+00:00,410.440002,410.850006,410.320007,410.809998,16536
2026-06-04 15:40:00+00:00,410.839996,410.859985,410.320007,410.463715,17451
2026-06-04 15:45:00+00:00,410.390015,410.744995,410.209991,410.614990,44713
2026-06-04 15:50:00+00:00,410.630005,411.000000,410.630005,410.934998,33933
2026-06-04 15:55:00+00:00,410.894989,410.970001,410.779999,410.920013,19334
2026-06-04 16:00:00+00:00,410.899994,411.010010,410.790009,410.820007,12403
2026-06-04 16:05:00+00:00,410.799988,411.359985,410.700012,411.329987,18945
2026-06-04 16:10:00+00:00,411.351898,411.480011,411.040009,411.045013,23394
2026-06-04 16:15:00+00:00,411.100006,411.559998,411.090088,411.420013,34669
2026-06-04 16:20:00+00:00,411.410004,411.549988,411.160004,411.519989,31766
2026-06-04 16:25:00+00:00,411.516510,411.579987,411.359985,411.440002,38731
2026-06-04 16:30:00+00:00,411.450012,411.500000,411.130005,411.149994,34529
2026-06-04 16:35:00+00:00,411.209991,411.399994,411.160004,411.339996,8690
2026-06-04 16:40:00+00:00,411.260010,411.364990,411.234985,411.234985,10111
2026-06-04 16:45:00+00:00,411.244995,411.399994,411.119995,411.234985,10288
2026-06-04 16:50:00+00:00,411.234985,411.315002,411.149994,411.256500,7803
2026-06-04 16:55:00+00:00,411.260010,411.480011,411.244995,411.380005,29260
2026-06-04 17:00:00+00:00,411.329987,411.329987,411.160004,411.299988,16495
2026-06-04 17:05:00+00:00,411.260010,411.319885,411.089996,411.089996,26463
2026-06-04 17:10:00+00:00,411.084991,411.149994,410.758698,410.758698,23766
2026-06-04 17:15:00+00:00,410.769989,410.776215,410.579987,410.725006,13125
2026-06-04 17:20:00+00:00,410.695007,410.739990,410.589996,410.714996,6504
2026-06-04 17:25:00+00:00,410.720001,411.040009,410.720001,410.851013,29969
2026-06-04 17:30:00+00:00,410.899994,411.244995,410.880005,411.100006,8510
2026-06-04 17:35:00+00:00,411.149994,411.149994,410.929993,410.934998,9661
2026-06-04 17:40:00+00:00,410.940002,410.940002,410.730011,410.820007,17708
2026-06-04 17:45:00+00:00,410.839996,411.000000,410.829987,410.950012,11574
2026-06-04 17:50:00+00:00,411.040009,411.179993,410.945007,410.970001,18804
2026-06-04 17:55:00+00:00,410.959991,411.000000,410.899994,410.950012,21385
2026-06-04 18:00:00+00:00,410.929993,411.149994,410.799988,410.859985,16957
2026-06-04 18:05:00+00:00,410.839996,410.920013,410.779999,410.845001,18383
2026-06-04 18:10:00+00:00,410.869995,411.015015,410.850006,410.970001,8358
2026-06-04 18:15:00+00:00,410.959991,411.022797,410.860107,411.000000,12351
2026-06-04 18:20:00+00:00,410.989990,411.168701,410.950012,411.144989,16001
2026-06-04 18:25:00+00:00,411.159912,411.249908,410.880005,410.950012,15935
2026-06-04 18:30:00+00:00,410.929993,410.959991,410.535004,410.575012,27043
2026-06-04 18:35:00+00:00,410.579987,410.589996,410.450012,410.549988,16816
2026-06-04 18:40:00+00:00,410.519989,410.619995,410.490997,410.579987,12035
2026-06-04 18:45:00+00:00,410.614990,410.750000,410.549988,410.693787,13267
2026-06-04 18:50:00+00:00,410.739990,411.070007,410.720001,410.949890,27608
2026-06-04 18:55:00+00:00,410.929993,410.975006,410.779999,410.910004,9808
2026-06-04 19:00:00+00:00,410.920013,411.380005,410.899994,411.209991,22379
2026-06-04 19:05:00+00:00,411.170013,411.170013,410.880005,410.910004,49781
2026-06-04 19:10:00+00:00,410.940002,410.950012,410.755005,410.950012,19944
2026-06-04 19:15:00+00:00,410.961792,411.059998,410.890015,411.000000,13915
2026-06-04 19:20:00+00:00,411.000000,411.059998,410.915009,411.059998,16225
2026-06-04 19:25:00+00:00,411.029999,411.119995,410.984985,411.095001,533176
2026-06-04 19:30:00+00:00,411.100006,411.119995,410.929993,410.999512,319671
2026-06-04 19:35:00+00:00,410.970001,411.049988,410.899994,411.010010,16097
2026-06-04 19:40:00+00:00,411.010010,411.109985,410.869995,410.920013,31415
2026-06-04 19:45:00+00:00,410.920013,410.980011,410.829987,410.970001,27515
2026-06-04 19:50:00+00:00,410.950012,411.010010,410.850006,410.959991,67724
2026-06-04 19:55:00+00:00,410.929993,411.379913,410.809998,411.269989,219981
2026-06-05 13:30:00+00:00,404.380005,404.718994,403.650604,404.380005,902604
2026-06-05 13:35:00+00:00,404.250000,404.269989,402.545013,403.100006,186334
2026-06-05 13:40:00+00:00,403.059998,403.679993,402.774994,402.875000,164052
2026-06-05 13:45:00+00:00,402.869995,403.000000,402.309998,402.350006,187208
2026-06-05 13:50:00+00:00,402.320007,402.750000,402.130005,402.500000,219927
2026-06-05 13:55:00+00:00,402.429993,402.470001,400.660004,400.720001,271526
2026-06-05 14:00:00+00:00,400.679993,401.950012,400.540009,401.270111,347020
2026-06-05 14:05:00+00:00,401.230011,401.760010,400.540009,401.505005,194689
2026-06-05 14:10:00+00:00,401.540009,401.720001,400.540009,400.714996,163954
2026-06-05 14:15:00+00:00,400.744995,401.129913,400.559998,400.989990,169912
2026-06-05 14:20:00+00:00,401.040009,401.100006,399.739990,399.910004,396529
2026-06-05 14:25:00+00:00,399.910004,400.295013,399.529999,400.239990,217862
2026-06-05 14:30:00+00:00,400.220001,400.535004,399.230011,399.549988,174108
2026-06-05 14:35:00+00:00,399.510010,399.670013,399.010010,399.070007,287400
2026-06-05 14:40:00+00:00,399.100006,399.299988,398.739990,399.100006,123483
2026-06-05 14:45:00+00:00,399.165009,400.119995,399.109985,399.799988,73761
2026-06-05 14:50:00+00:00,399.820007,400.829987,399.720001,400.420013,163793
2026-06-05 14:55:00+00:00,400.399994,401.096008,400.211395,401.070007,139790
2026-06-05 15:00:00+00:00,401.089996,401.329987,400.440002,400.920013,79170
2026-06-05 15:05:00+00:00,400.980011,401.019989,400.329987,400.359985,69902
2026-06-05 15:10:00+00:00,400.320007,400.339996,399.549988,399.579987,74461
2026-06-05 15:15:00+00:00,399.500000,399.820007,399.149994,399.771698,104428
2026-06-05 15:20:00+00:00,399.739990,400.000000,399.109985,399.450012,172107
2026-06-05 15:25:00+00:00,399.529999,399.739990,399.200012,399.440002,99108
2026-06-05 15:30:00+00:00,399.450012,399.704987,398.830109,398.950012,65864
2026-06-05 15:35:00+00:00,398.959991,399.200012,397.950012,398.329987,146866
2026-06-05 15:40:00+00:00,398.299988,398.450012,397.869995,398.170013,82281
2026-06-05 15:45:00+00:00,398.220001,398.420013,398.010010,398.265015,90320
2026-06-05 15:50:00+00:00,398.260010,398.519989,398.045013,398.427307,75574
2026-06-05 15:55:00+00:00,398.410004,398.450012,397.790009,397.929993,74130
2026-06-05 16:00:00+00:00,397.899994,398.399994,397.420013,397.750000,129510
2026-06-05 16:05:00+00:00,397.700012,397.779999,397.265015,397.689911,164449
2026-06-05 16:10:00+00:00,397.630005,398.149994,397.510010,397.730011,74033
2026-06-05 16:15:00+00:00,397.720001,397.730011,397.010010,397.480011,106616
2026-06-05 16:20:00+00:00,397.440002,397.489990,396.970001,397.260010,147060
2026-06-05 16:25:00+00:00,397.250000,397.760010,397.239990,397.389709,73671
2026-06-05 16:30:00+00:00,397.339996,397.390015,396.739990,397.260010,176131
2026-06-05 16:35:00+00:00,397.290009,397.600006,396.950012,397.570007,75956
2026-06-05 16:40:00+00:00,397.569885,397.595001,397.049988,397.239990,43112
2026-06-05 16:45:00+00:00,397.190002,397.790009,396.959991,397.739990,127383
2026-06-05 16:50:00+00:00,397.809998,398.220001,397.684998,398.160004,71403
2026-06-05 16:55:00+00:00,398.190002,398.839996,398.040100,398.765015,100277
2026-06-05 17:00:00+00:00,398.829987,398.981201,398.320007,398.760010,78582
2026-06-05 17:05:00+00:00,398.720001,398.739990,398.220001,398.247498,129666
2026-06-05 17:10:00+00:00,398.290009,398.519989,398.010101,398.279999,63640
2026-06-05 17:15:00+00:00,398.329987,398.540009,397.950012,398.209991,63364
2026-06-05 17:20:00+00:00,398.209991,398.470001,397.899994,398.230011,79181
2026-06-05 17:25:00+00:00,398.209991,398.589996,397.980011,398.549988,59898
2026-06-05 17:30:00+00:00,398.570007,398.665009,398.320007,398.630005,54740
2026-06-05 17:35:00+00:00,398.600006,398.779999,398.265015,398.779999,91749
2026-06-05 17:40:00+00:00,398.779999,398.980011,398.350006,398.399994,92325
2026-06-05 17:45:00+00:00,398.429993,398.589996,398.079987,398.339996,70772
2026-06-05 17:50:00+00:00,398.329987,398.649994,398.200012,398.640015,47057
2026-06-05 17:55:00+00:00,398.640015,398.657288,398.430115,398.500000,34553
2026-06-05 18:00:00+00:00,398.500000,398.540009,397.720001,397.720001,105665
2026-06-05 18:05:00+00:00,397.730011,397.829987,397.339996,397.399994,94770
2026-06-05 18:10:00+00:00,397.399994,397.579987,396.711792,396.711792,114187
2026-06-05 18:15:00+00:00,396.720001,397.079987,396.600006,397.005005,115576
2026-06-05 18:20:00+00:00,397.079987,397.459991,397.040009,397.154999,101791
2026-06-05 18:25:00+00:00,397.130005,397.209991,396.739990,397.084991,127194
2026-06-05 18:30:00+00:00,397.040009,397.070007,396.339996,396.952515,74257
2026-06-05 18:35:00+00:00,396.950012,397.029999,396.399994,396.529999,121778
2026-06-05 18:40:00+00:00,396.524994,396.589996,395.970001,396.315002,185357
2026-06-05 18:45:00+00:00,396.299988,396.640015,396.110107,396.640015,62853
2026-06-05 18:50:00+00:00,396.484985,396.554993,396.200012,396.554993,77384
2026-06-05 18:55:00+00:00,396.519989,397.140015,396.410004,396.742310,91371
2026-06-05 19:00:00+00:00,396.790009,396.869995,396.200012,396.600006,85360
2026-06-05 19:05:00+00:00,396.559998,396.619995,396.149994,396.500000,61252
2026-06-05 19:10:00+00:00,396.508606,396.508606,396.059998,396.075012,58599
2026-06-05 19:15:00+00:00,396.059998,396.440002,395.920013,396.359985,87145
2026-06-05 19:20:00+00:00,396.359985,396.700012,396.040009,396.397491,111534
2026-06-05 19:25:00+00:00,396.410004,396.885010,396.380005,396.829987,122929
2026-06-05 19:30:00+00:00,396.859985,396.970001,396.549988,396.744995,121446
2026-06-05 19:35:00+00:00,396.720001,396.929993,396.519989,396.670013,142435
2026-06-05 19:40:00+00:00,396.679993,396.690002,395.929993,396.369995,149710
2026-06-05 19:45:00+00:00,396.359985,396.670013,396.279999,396.570007,229503
2026-06-05 19:50:00+00:00,396.535004,396.829987,396.250000,396.315002,310477
2026-06-05 19:55:00+00:00,396.299988,396.600006,396.140015,396.250000,460957
2026-06-08 13:30:00+00:00,397.519989,398.329987,397.510010,397.709991,714319
2026-06-08 13:35:00+00:00,397.709991,398.945404,397.609985,398.399994,295454
2026-06-08 13:40:00+00:00,398.445007,398.790009,397.910004,397.950012,172585
2026-06-08 13:45:00+00:00,398.019989,398.239990,397.644989,397.644989,86665
2026-06-08 13:50:00+00:00,397.679993,398.260010,397.269989,397.829987,163113
2026-06-08 13:55:00+00:00,397.790009,398.100006,397.049988,397.130005,99845
2026-06-08 14:00:00+00:00,397.130005,397.529999,396.720001,396.744995,141610
2026-06-08 14:05:00+00:00,396.739990,397.190002,396.410004,396.570007,117298
2026-06-08 14:10:00+00:00,396.570007,396.570007,396.200104,396.450012,111767
2026-06-08 14:15:00+00:00,396.450012,396.679993,396.239990,396.649994,72854
2026-06-08 14:20:00+00:00,396.630005,396.950012,396.250000,396.380005,99416
2026-06-08 14:25:00+00:00,396.364990,396.750000,396.079987,396.519989,106765
2026-06-08 14:30:00+00:00,396.500000,396.899994,396.359985,396.769989,70898
2026-06-08 14:35:00+00:00,396.730011,396.799988,396.029999,396.535004,105870
2026-06-08 14:40:00+00:00,396.510010,396.820007,396.170013,396.779999,135244
2026-06-08 14:45:00+00:00,396.850006,397.420013,396.320007,396.320007,110767
2026-06-08 14:50:00+00:00,396.429993,397.170013,396.269989,397.109985,66297
2026-06-08 14:55:00+00:00,397.140015,397.600006,396.920013,397.545013,57531
2026-06-08 15:00:00+00:00,397.559998,398.000000,397.250092,397.279999,63301
2026-06-08 15:05:00+00:00,397.299988,397.459991,396.929993,397.269989,103157
2026-06-08 15:10:00+00:00,397.250000,397.299988,396.970001,396.984192,60188
2026-06-08 15:15:00+00:00,396.980011,397.610809,396.750000,397.559998,75623
2026-06-08 15:20:00+00:00,397.570007,397.959991,397.359985,397.880005,66858
2026-06-08 15:25:00+00:00,397.859985,397.859985,397.309998,397.450012,46019
2026-06-08 15:30:00+00:00,397.470001,397.700012,397.244995,397.549988,67711
2026-06-08 15:35:00+00:00,397.579987,398.079987,397.480011,398.019989,54059
2026-06-08 15:40:00+00:00,398.000000,398.299988,397.899994,398.230011,72456
2026-06-08 15:45:00+00:00,398.220001,398.410004,397.859985,397.915009,63651
2026-06-08 15:50:00+00:00,397.929993,398.670013,397.929993,398.589996,119891
2026-06-08 15:55:00+00:00,398.619904,398.899994,398.489990,398.549988,127912
2026-06-08 16:00:00+00:00,398.524994,398.750000,398.250000,398.460388,47314
2026-06-08 16:05:00+00:00,398.450104,398.670013,398.269989,398.339996,37885
2026-06-08 16:10:00+00:00,398.380005,398.540009,398.200012,398.450012,31000
2026-06-08 16:15:00+00:00,398.459991,398.730011,398.420013,398.609985,21993
2026-06-08 16:20:00+00:00,398.700012,398.709991,398.359985,398.494995,71959
2026-06-08 16:25:00+00:00,398.489990,398.649994,398.434998,398.470001,68000
2026-06-08 16:30:00+00:00,398.510010,398.869995,398.480011,398.619995,31103
2026-06-08 16:35:00+00:00,398.630005,398.980011,398.440002,398.470001,75099
2026-06-08 16:40:00+00:00,398.489990,398.750000,398.450012,398.750000,38550
2026-06-08 16:45:00+00:00,398.769897,398.899994,398.589996,398.829987,36705
2026-06-08 16:50:00+00:00,398.850006,398.890015,398.200012,398.260010,62275
2026-06-08 16:55:00+00:00,398.230011,398.500000,398.200012,398.440002,23950
2026-06-08 17:00:00+00:00,398.450012,398.589996,398.089996,398.160004,40990
2026-06-08 17:05:00+00:00,398.190002,398.570007,398.170013,398.269989,31462
2026-06-08 17:10:00+00:00,398.274994,398.309998,398.049988,398.274994,37995
2026-06-08 17:15:00+00:00,398.320007,398.420013,398.059998,398.239990,61551
2026-06-08 17:20:00+00:00,398.260010,398.410004,397.950012,397.970001,53588
2026-06-08 17:25:00+00:00,398.010010,398.429993,397.799988,398.329987,82975
2026-06-08 17:30:00+00:00,398.320007,398.380005,397.809998,398.000000,85565
2026-06-08 17:35:00+00:00,398.040009,398.040009,397.649994,397.910004,32320
2026-06-08 17:40:00+00:00,397.920013,397.964996,397.820007,397.859985,99099
2026-06-08 17:45:00+00:00,397.869995,398.111603,397.858002,398.111603,33486
2026-06-08 17:50:00+00:00,398.119995,398.260010,398.059998,398.109985,35813
2026-06-08 17:55:00+00:00,398.089996,398.290009,398.019989,398.279999,84883
2026-06-08 18:00:00+00:00,398.260010,398.790009,398.220001,398.690002,44176
2026-06-08 18:05:00+00:00,398.704987,398.820007,398.609985,398.720001,29440
2026-06-08 18:10:00+00:00,398.720001,398.769989,398.429993,398.510010,31074
2026-06-08 18:15:00+00:00,398.510010,398.730011,398.510010,398.619995,21140
2026-06-08 18:20:00+00:00,398.630005,398.839996,398.549988,398.739990,23040
2026-06-08 18:25:00+00:00,398.760010,398.920013,398.579987,398.619995,32240
2026-06-08 18:30:00+00:00,398.589996,398.809998,398.430115,398.459991,39666
2026-06-08 18:35:00+00:00,398.459991,398.529999,398.109985,398.125000,26716
2026-06-08 18:40:00+00:00,398.140015,398.260010,398.041504,398.089996,24949
2026-06-08 18:45:00+00:00,398.095001,398.109985,397.880005,397.899994,35478
2026-06-08 18:50:00+00:00,397.899994,398.079987,397.760010,397.880005,30608
2026-06-08 18:55:00+00:00,397.899994,398.029999,397.790009,397.899994,58075
2026-06-08 19:00:00+00:00,397.910004,398.220001,397.850006,398.109985,91047
2026-06-08 19:05:00+00:00,398.089996,398.089996,397.700012,397.700012,32874
2026-06-08 19:10:00+00:00,397.700012,397.700012,397.429993,397.470001,52585
2026-06-08 19:15:00+00:00,397.480011,397.579987,397.299988,397.339996,37952
2026-06-08 19:20:00+00:00,397.329987,397.459991,397.130005,397.130707,51014
2026-06-08 19:25:00+00:00,397.149994,397.250000,397.089996,397.220001,49228
2026-06-08 19:30:00+00:00,397.220001,397.470001,397.079987,397.160889,48188
2026-06-08 19:35:00+00:00,397.170013,397.320007,397.019989,397.109985,59687
2026-06-08 19:40:00+00:00,397.070007,397.100006,396.945007,397.019989,104308
2026-06-08 19:45:00+00:00,396.989990,397.269989,396.989990,397.230011,103001
2026-06-08 19:50:00+00:00,397.230011,397.480011,397.230011,397.339996,269124
2026-06-08 19:55:00+00:00,397.339996,397.399994,396.859985,397.149994,396220
2026-06-09 13:30:00+00:00,397.570007,397.809998,397.350006,397.410095,391301
2026-06-09 13:35:00+00:00,397.445007,397.850006,397.399994,397.600098,116956
2026-06-09 13:40:00+00:00,397.591003,397.591003,396.959991,397.450012,66960
2026-06-09 13:45:00+00:00,397.410004,400.480011,397.370087,399.420013,347995
2026-06-09 13:50:00+00:00,399.470001,399.480011,397.779999,397.779999,101339
2026-06-09 13:55:00+00:00,397.809998,397.820007,397.170013,397.369995,72479
2026-06-09 14:00:00+00:00,397.339996,397.970001,397.070007,397.350006,142506
2026-06-09 14:05:00+00:00,397.320007,397.670013,396.910004,397.250000,142887
2026-06-09 14:10:00+00:00,397.230011,397.329987,396.489990,396.670013,166209
2026-06-09 14:15:00+00:00,396.619995,396.809998,395.170013,395.709991,207498
2026-06-09 14:20:00+00:00,395.670013,396.529999,395.524994,396.359985,97529
2026-06-09 14:25:00+00:00,396.339996,396.820007,396.100006,396.359985,69085
2026-06-09 14:30:00+00:00,396.260010,396.640015,395.570007,396.070007,80062
2026-06-09 14:35:00+00:00,395.970001,395.970001,394.899994,395.130005,191023
2026-06-09 14:40:00+00:00,395.130005,395.325012,393.230011,393.283386,131814
2026-06-09 14:45:00+00:00,393.309998,393.700012,392.640991,393.200012,154203
2026-06-09 14:50:00+00:00,393.144989,394.475006,392.899994,394.459991,148546
2026-06-09 14:55:00+00:00,394.450012,394.700012,394.000000,394.700012,84524
2026-06-09 15:00:00+00:00,394.730011,394.832794,393.899994,394.000000,79997
2026-06-09 15:05:00+00:00,394.119995,394.399994,393.709991,394.110107,49665
2026-06-09 15:10:00+00:00,394.279999,394.510010,393.690002,394.190002,354258
2026-06-09 15:15:00+00:00,394.190002,394.339996,393.850006,393.875000,84668
2026-06-09 15:20:00+00:00,393.850006,394.089996,393.239990,393.299988,149051
2026-06-09 15:25:00+00:00,393.329987,393.609985,392.526215,392.670013,131915
2026-06-09 15:30:00+00:00,392.679993,392.950012,391.260010,392.265015,204858
2026-06-09 15:35:00+00:00,392.269989,392.269989,391.209991,391.892914,192949
2026-06-09 15:40:00+00:00,391.820007,392.774994,391.790009,392.774994,96182
2026-06-09 15:45:00+00:00,392.779999,393.279999,392.619995,392.887909,133257
2026-06-09 15:50:00+00:00,392.859894,393.190002,392.464996,392.739990,101773
2026-06-09 15:55:00+00:00,392.799988,393.179993,392.089996,392.089996,109179
2026-06-09 16:00:00+00:00,392.084991,392.899994,391.970001,392.170013,87340
2026-06-09 16:05:00+00:00,392.149994,392.239990,391.029999,391.279999,131351
2026-06-09 16:10:00+00:00,391.255005,391.579987,390.809998,390.869995,161375
2026-06-09 16:15:00+00:00,390.940002,391.239990,390.299988,390.440094,147000
2026-06-09 16:20:00+00:00,390.429993,391.220001,390.329987,391.119995,136631
2026-06-09 16:25:00+00:00,391.179901,391.559998,391.049988,391.250000,79689
2026-06-09 16:30:00+00:00,391.171997,391.359985,390.940002,391.119995,78436
2026-06-09 16:35:00+00:00,391.109985,391.649994,388.829987,389.210907,302248
2026-06-09 16:40:00+00:00,389.220001,389.850006,388.750000,389.549988,139861
2026-06-09 16:45:00+00:00,389.510010,390.390015,389.480011,389.959991,137587
2026-06-09 16:50:00+00:00,390.029999,390.179993,389.119995,389.119995,58891
2026-06-09 16:55:00+00:00,389.114990,390.260010,389.114990,390.249908,68355
2026-06-09 17:00:00+00:00,390.290009,391.329987,390.154999,391.269989,55654
2026-06-09 17:05:00+00:00,391.054993,391.359985,390.869995,391.230011,48460
2026-06-09 17:10:00+00:00,391.234985,391.369995,390.739990,391.119995,79644
2026-06-09 17:15:00+00:00,391.000000,391.480011,390.809998,391.299988,50725
2026-06-09 17:20:00+00:00,391.310699,391.709991,391.190002,391.575012,167187
2026-06-09 17:25:00+00:00,391.519989,391.600006,391.040009,391.269989,82872
2026-06-09 17:30:00+00:00,391.260010,391.540009,391.040009,391.454987,68664
2026-06-09 17:35:00+00:00,391.420013,391.559998,391.149994,391.239990,47215
2026-06-09 17:40:00+00:00,391.244995,391.704987,391.179993,391.440002,44434
2026-06-09 17:45:00+00:00,391.429993,391.600006,390.660004,390.730011,70469
2026-06-09 17:50:00+00:00,390.725006,390.989990,390.645111,390.829987,34729
2026-06-09 17:55:00+00:00,390.829987,391.420013,390.829987,391.225006,33816
2026-06-09 18:00:00+00:00,391.269989,391.489990,390.929993,391.223999,41875
2026-06-09 18:05:00+00:00,391.209991,391.600006,391.049988,391.589996,43606
2026-06-09 18:10:00+00:00,391.595001,391.619995,391.209991,391.450012,57650
2026-06-09 18:15:00+00:00,391.450104,391.880005,391.250000,391.825012,58768
2026-06-09 18:20:00+00:00,391.825104,392.250000,391.640015,392.220001,53409
2026-06-09 18:25:00+00:00,392.165009,392.170013,391.690002,391.924988,50363
2026-06-09 18:30:00+00:00,391.940002,392.269989,391.749908,391.906189,40652
2026-06-09 18:35:00+00:00,391.910004,391.949890,391.730011,391.790009,32726
2026-06-09 18:40:00+00:00,391.779999,391.869995,391.299988,391.334991,49835
2026-06-09 18:45:00+00:00,391.359985,391.450012,391.190002,391.429993,372330
2026-06-09 18:50:00+00:00,391.380005,391.704987,391.325012,391.510010,30693
2026-06-09 18:55:00+00:00,391.540009,392.029999,391.489990,391.899994,38784
2026-06-09 19:00:00+00:00,391.959991,391.959991,391.589996,391.859985,54494
2026-06-09 19:05:00+00:00,391.850006,392.040009,391.429993,391.450012,29585
2026-06-09 19:10:00+00:00,391.450012,391.450012,390.829987,390.869995,43424
2026-06-09 19:15:00+00:00,390.885010,390.885010,390.519989,390.570007,49022
2026-06-09 19:20:00+00:00,390.559998,390.679993,390.339996,390.579987,49040
2026-06-09 19:25:00+00:00,390.565002,390.790009,390.440002,390.712006,77118
2026-06-09 19:30:00+00:00,390.744995,390.980011,390.635010,390.899994,62551
2026-06-09 19:35:00+00:00,390.880005,390.950012,390.309998,390.364990,70743
2026-06-09 19:40:00+00:00,390.359985,390.369995,390.049988,390.114990,127773
2026-06-09 19:45:00+00:00,390.119995,390.260010,390.029999,390.149994,127451
2026-06-09 19:50:00+00:00,390.160004,390.899994,390.149994,390.875000,218003
2026-06-09 19:55:00+00:00,390.890015,391.000000,390.619995,390.869995,331235
2026-06-10 13:30:00+00:00,380.750000,381.226410,380.239990,380.239990,1404129
2026-06-10 13:35:00+00:00,380.230011,382.625000,380.109985,382.404999,365042
2026-06-10 13:40:00+00:00,382.420013,383.583710,382.154999,383.583710,220109
2026-06-10 13:45:00+00:00,383.601288,384.200012,383.100006,384.200012,237744
2026-06-10 13:50:00+00:00,384.209991,384.209991,383.269989,383.649994,128026
2026-06-10 13:55:00+00:00,383.679993,383.996094,383.209991,383.589996,185315
2026-06-10 14:00:00+00:00,383.630005,383.700012,382.769989,382.890015,267059
2026-06-10 14:05:00+00:00,382.910004,383.359985,382.790009,383.100006,133305
2026-06-10 14:10:00+00:00,383.130005,383.700012,382.795013,383.149994,128956
2026-06-10 14:15:00+00:00,383.170013,383.269989,382.500000,382.570007,174005
2026-06-10 14:20:00+00:00,382.591492,382.929993,382.029999,382.739990,189407
2026-06-10 14:25:00+00:00,382.709991,382.850006,381.720001,381.890015,345143
2026-06-10 14:30:00+00:00,381.890015,382.079987,381.359985,381.769989,131231
2026-06-10 14:35:00+00:00,381.810211,382.010010,381.119995,381.579987,111066
2026-06-10 14:40:00+00:00,381.549988,381.920013,380.839996,380.839996,96068
2026-06-10 14:45:00+00:00,380.855011,381.029999,379.779999,380.029999,270979
2026-06-10 14:50:00+00:00,380.000000,380.239990,379.739990,379.760010,157902
2026-06-10 14:55:00+00:00,379.790009,379.829987,377.904999,378.570007,275413
2026-06-10 15:00:00+00:00,378.589996,379.649994,378.420013,378.980011,268574
2026-06-10 15:05:00+00:00,378.980011,379.010010,378.380005,378.730011,218837
2026-06-10 15:10:00+00:00,378.779999,378.839996,378.100006,378.450012,282152
2026-06-10 15:15:00+00:00,378.519989,378.519989,377.536011,377.769989,159347
2026-06-10 15:20:00+00:00,377.739990,379.415009,377.700012,379.093994,107645
2026-06-10 15:25:00+00:00,379.040009,379.660004,378.825012,378.825012,263081
2026-06-10 15:30:00+00:00,378.825012,379.109985,378.459991,378.829987,192481
2026-06-10 15:35:00+00:00,378.845001,379.100006,378.339996,378.570007,96065
2026-06-10 15:40:00+00:00,378.510010,379.000000,378.239990,378.890015,183686
2026-06-10 15:45:00+00:00,378.880005,379.109985,377.029999,377.947510,400697
2026-06-10 15:50:00+00:00,377.910004,378.630005,376.869995,378.109985,360704
2026-06-10 15:55:00+00:00,378.109985,378.920013,377.630005,378.850006,152401
2026-06-10 16:00:00+00:00,378.929993,379.190002,378.329987,378.700012,165220
2026-06-10 16:05:00+00:00,378.640015,379.159912,378.519989,379.049988,152222
2026-06-10 16:10:00+00:00,379.000000,379.329987,378.519989,378.994995,76658
2026-06-10 16:15:00+00:00,378.980011,379.390015,378.850006,379.240112,76785
2026-06-10 16:20:00+00:00,379.390015,379.589996,378.940002,379.000000,155367
2026-06-10 16:25:00+00:00,379.000000,379.260010,378.700104,378.820007,47289
2026-06-10 16:30:00+00:00,378.760010,379.005005,378.250000,378.989990,53159
2026-06-10 16:35:00+00:00,378.964996,379.220001,378.649994,378.859100,45485
2026-06-10 16:40:00+00:00,378.809998,378.880005,378.190002,378.339996,42014
2026-06-10 16:45:00+00:00,378.329987,378.369995,377.809998,378.140015,93444
2026-06-10 16:50:00+00:00,378.149994,378.399994,377.959991,378.130005,73314
2026-06-10 16:55:00+00:00,378.100006,378.339996,377.875000,378.269989,70567
2026-06-10 17:00:00+00:00,378.250000,379.480011,378.209991,379.200104,123530
2026-06-10 17:05:00+00:00,379.200012,379.230011,378.029999,378.149994,139114
2026-06-10 17:10:00+00:00,378.130005,378.160004,377.619995,377.899994,94495
2026-06-10 17:15:00+00:00,377.899994,378.140015,377.470703,377.559998,89443
2026-06-10 17:20:00+00:00,377.559998,377.790009,377.200012,377.350006,117743
2026-06-10 17:25:00+00:00,377.290100,377.654999,377.119995,377.239990,116926
2026-06-10 17:30:00+00:00,377.230011,377.410004,376.820007,377.303497,130558
2026-06-10 17:35:00+00:00,377.269989,377.359985,376.750000,376.779999,47145
2026-06-10 17:40:00+00:00,376.790009,376.869995,376.470001,376.524994,94050
2026-06-10 17:45:00+00:00,376.540009,377.420013,376.369995,377.309998,83653
2026-06-10 17:50:00+00:00,377.309998,377.500000,376.600006,377.160004,139341
2026-06-10 17:55:00+00:00,377.160004,377.531891,377.119995,377.390015,157607
2026-06-10 18:00:00+00:00,377.429993,378.163513,377.369995,378.100006,120944
2026-06-10 18:05:00+00:00,378.149994,378.149994,377.619995,377.619995,63508
2026-06-10 18:10:00+00:00,377.649994,377.920013,377.649994,377.783508,33539
2026-06-10 18:15:00+00:00,377.739990,377.969910,377.260010,377.450012,32539
2026-06-10 18:20:00+00:00,377.440887,377.674988,377.345001,377.450012,41025
2026-06-10 18:25:00+00:00,377.459991,377.657501,377.160004,377.424988,114482
2026-06-10 18:30:00+00:00,377.440002,377.459991,377.109985,377.119995,37655
2026-06-10 18:35:00+00:00,377.100006,377.225006,376.875000,376.940002,168373
2026-06-10 18:40:00+00:00,376.945007,377.170013,376.679993,376.715790,103830
2026-06-10 18:45:00+00:00,376.720001,376.920013,376.649994,376.690002,57968
2026-06-10 18:50:00+00:00,376.700012,376.700012,376.049988,376.480011,93519
2026-06-10 18:55:00+00:00,376.454987,376.589996,376.239990,376.410004,52636
2026-06-10 19:00:00+00:00,376.429993,376.459991,375.920013,375.960114,113740
2026-06-10 19:05:00+00:00,375.950012,376.200012,375.820496,375.820496,120396
2026-06-10 19:10:00+00:00,375.820007,375.839996,375.140015,375.274994,115901
2026-06-10 19:15:00+00:00,375.290009,375.589996,375.140106,375.320007,142406
2026-06-10 19:20:00+00:00,375.334991,375.359985,374.690002,374.899994,183248
2026-06-10 19:25:00+00:00,374.820007,374.980011,374.549988,374.890015,182679
2026-06-10 19:30:00+00:00,374.910004,375.239990,374.765015,374.984985,147928
2026-06-10 19:35:00+00:00,375.010010,375.059998,374.619995,375.000000,139479
2026-06-10 19:40:00+00:00,374.989990,375.510010,374.980011,375.480011,233949
2026-06-10 19:45:00+00:00,375.459991,375.570007,374.959991,375.190002,188019
2026-06-10 19:50:00+00:00,375.179993,375.489990,374.950012,375.079987,322396
2026-06-10 19:55:00+00:00,375.070007,375.070007,374.570007,374.660004,436650
2026-06-11 13:30:00+00:00,373.959991,374.519989,373.640015,373.899994,923224
2026-06-11 13:35:00+00:00,373.850006,374.600006,373.279999,373.670013,195215
2026-06-11 13:40:00+00:00,373.670013,374.230011,373.179993,374.035004,151438
2026-06-11 13:45:00+00:00,374.024994,375.519989,373.760010,374.679993,488486
2026-06-11 13:50:00+00:00,374.739990,375.500000,374.739990,374.859985,139100
2026-06-11 13:55:00+00:00,374.880005,375.429993,374.570007,374.640015,169078
2026-06-11 14:00:00+00:00,374.690002,374.869995,373.940002,374.179993,199954
2026-06-11 14:05:00+00:00,374.160004,374.170013,372.579987,372.750000,198728
2026-06-11 14:10:00+00:00,372.774994,372.839996,371.880005,372.609985,185926
2026-06-11 14:15:00+00:00,372.579987,373.109985,372.160004,372.829987,81481
2026-06-11 14:20:00+00:00,372.829987,374.549988,372.799988,374.309998,156499
2026-06-11 14:25:00+00:00,374.299988,374.799988,373.750000,373.890015,94070
2026-06-11 14:30:00+00:00,373.869995,374.119995,373.459991,373.690002,96640
2026-06-11 14:35:00+00:00,373.570007,374.339996,373.529999,374.257294,92717
2026-06-11 14:40:00+00:00,374.269989,374.709991,374.019989,374.079987,58263
2026-06-11 14:45:00+00:00,374.089996,374.339996,373.709991,374.239990,41854
2026-06-11 14:50:00+00:00,374.220001,374.440002,373.790985,374.095001,106227
2026-06-11 14:55:00+00:00,374.049988,374.279999,373.640015,373.779999,56159
2026-06-11 15:00:00+00:00,373.739990,374.075012,373.500000,373.799988,110657
2026-06-11 15:05:00+00:00,373.829987,374.970001,373.660004,374.440002,113726
2026-06-11 15:10:00+00:00,374.494995,375.119995,374.390015,374.480011,150288
2026-06-11 15:15:00+00:00,374.549988,375.000000,374.380005,374.600006,53916
2026-06-11 15:20:00+00:00,374.614990,375.234985,374.079987,374.309998,1103389
2026-06-11 15:25:00+00:00,374.230011,374.820007,373.920013,374.619995,56595
2026-06-11 15:30:00+00:00,374.579987,374.630005,374.190002,374.369995,83955
2026-06-11 15:35:00+00:00,374.385010,375.049988,374.290009,374.975494,88546
2026-06-11 15:40:00+00:00,375.010010,375.369995,374.980011,375.140015,48796
2026-06-11 15:45:00+00:00,375.135010,375.470001,375.100006,375.299988,66723
2026-06-11 15:50:00+00:00,375.309998,375.779999,375.160004,375.320007,87901
2026-06-11 15:55:00+00:00,375.269989,375.299988,374.869995,375.209991,70481
2026-06-11 16:00:00+00:00,375.200012,375.589996,374.980011,375.070007,52718
2026-06-11 16:05:00+00:00,375.089996,375.619995,374.980011,375.535095,66099
2026-06-11 16:10:00+00:00,375.529999,376.500000,375.410004,376.459991,87542
2026-06-11 16:15:00+00:00,376.459991,376.899994,375.900085,375.940002,87904
2026-06-11 16:20:00+00:00,375.970001,376.089996,375.079987,375.119995,112259
2026-06-11 16:25:00+00:00,375.160004,375.204987,374.339996,374.359985,72091
2026-06-11 16:30:00+00:00,374.329987,375.114990,374.250000,374.829987,62051
2026-06-11 16:35:00+00:00,374.809998,374.970001,374.549988,374.619995,27951
2026-06-11 16:40:00+00:00,374.644989,374.838501,374.470093,374.529999,29623
2026-06-11 16:45:00+00:00,374.529999,374.739990,374.380005,374.459991,27615
2026-06-11 16:50:00+00:00,374.480011,374.559998,374.209991,374.339996,60189
2026-06-11 16:55:00+00:00,374.350006,374.559998,374.320007,374.369995,25944
2026-06-11 17:00:00+00:00,374.390015,374.480011,373.660004,373.936188,75713
2026-06-11 17:05:00+00:00,373.940002,374.190002,373.899994,374.059998,28790
2026-06-11 17:10:00+00:00,374.109985,374.309998,373.730011,374.070007,32042
2026-06-11 17:15:00+00:00,374.029999,374.260010,373.915009,374.209900,53114
2026-06-11 17:20:00+00:00,374.290009,374.519989,374.059998,374.450012,29508
2026-06-11 17:25:00+00:00,374.440002,376.480011,374.269989,376.480011,219827
2026-06-11 17:30:00+00:00,376.480011,380.690002,376.480011,380.690002,498989
2026-06-11 17:35:00+00:00,380.679993,381.250000,379.720001,380.839996,182342
2026-06-11 17:40:00+00:00,380.910004,382.630005,380.605011,382.295013,243660
2026-06-11 17:45:00+00:00,382.320007,382.320007,381.059998,381.119995,174007
2026-06-11 17:50:00+00:00,381.170013,381.794189,380.475006,381.119904,130152
2026-06-11 17:55:00+00:00,381.070007,381.434998,380.440002,380.905090,243689
2026-06-11 18:00:00+00:00,381.000000,381.244995,379.440002,379.750000,153231
2026-06-11 18:05:00+00:00,379.700012,380.000000,379.059998,379.410004,91796
2026-06-11 18:10:00+00:00,379.420013,380.489990,379.412628,380.464996,51604
2026-06-11 18:15:00+00:00,380.459991,381.970001,380.350006,381.799988,130177
2026-06-11 18:20:00+00:00,381.769989,381.890015,380.880005,381.359985,165696
2026-06-11 18:25:00+00:00,381.339996,381.394989,380.859985,381.070007,73457
2026-06-11 18:30:00+00:00,381.070007,381.519989,380.660004,381.179993,50116
2026-06-11 18:35:00+00:00,381.200012,381.559998,381.065002,381.380005,46937
2026-06-11 18:40:00+00:00,381.355011,382.149994,381.246002,382.149994,94544
2026-06-11 18:45:00+00:00,382.179993,382.750000,382.070007,382.454987,74818
2026-06-11 18:50:00+00:00,382.440002,382.609985,382.070007,382.190002,62408
2026-06-11 18:55:00+00:00,382.200012,382.290009,381.769989,381.859985,91927
2026-06-11 19:00:00+00:00,381.910004,383.015106,381.910004,383.015106,169190
2026-06-11 19:05:00+00:00,382.970001,383.114990,382.584991,383.010010,128217
2026-06-11 19:10:00+00:00,382.980011,384.410004,382.940002,384.329987,237086
2026-06-11 19:15:00+00:00,384.350006,385.100006,384.119995,384.940002,233432
2026-06-11 19:20:00+00:00,384.989990,385.214996,384.380005,384.649994,112329
2026-06-11 19:25:00+00:00,384.619995,385.250000,384.429993,384.989990,96492
2026-06-11 19:30:00+00:00,385.059998,386.739990,385.054993,386.739990,255521
2026-06-11 19:35:00+00:00,386.730011,387.209991,386.140015,386.179901,180380
2026-06-11 19:40:00+00:00,386.170013,386.920013,386.154999,386.309998,147782
2026-06-11 19:45:00+00:00,386.309998,386.760010,386.269989,386.290009,142409
2026-06-11 19:50:00+00:00,386.339996,386.820007,386.200012,386.809998,368160
2026-06-11 19:55:00+00:00,386.799988,386.799988,386.050995,386.200012,676978
2026-06-12 13:30:00+00:00,385.730011,385.920013,385.170013,385.345001,535181
2026-06-12 13:35:00+00:00,385.359985,386.359985,385.339996,386.140015,107025
2026-06-12 13:40:00+00:00,386.100006,386.140015,383.880005,384.609985,379197
2026-06-12 13:45:00+00:00,384.630005,384.910004,383.920013,384.580109,96347
2026-06-12 13:50:00+00:00,384.529999,384.859985,384.220001,384.482513,56996
2026-06-12 13:55:00+00:00,384.519989,384.720001,383.940002,384.205109,53251
2026-06-12 14:00:00+00:00,384.269989,385.299988,384.140015,385.000000,134281
2026-06-12 14:05:00+00:00,384.980011,385.309998,384.000000,385.274994,117297
2026-06-12 14:10:00+00:00,385.274994,385.299988,384.529999,384.829987,102309
2026-06-12 14:15:00+00:00,384.750000,385.380005,384.540009,384.540009,49746
2026-06-12 14:20:00+00:00,384.540009,384.690002,383.860107,384.290009,61954
2026-06-12 14:25:00+00:00,384.269989,384.929993,384.239990,384.334991,42692
2026-06-12 14:30:00+00:00,384.350006,384.489990,383.723694,384.250000,50587
2026-06-12 14:35:00+00:00,384.209991,384.785004,384.165710,384.720001,104506
2026-06-12 14:40:00+00:00,384.750000,384.829987,383.700012,384.029999,56827
2026-06-12 14:45:00+00:00,384.010010,384.070007,383.350006,383.890900,45334
2026-06-12 14:50:00+00:00,383.890015,386.200012,383.595001,386.190002,298427
2026-06-12 14:55:00+00:00,386.149994,386.230011,385.559998,385.885010,99469
2026-06-12 15:00:00+00:00,385.920013,386.350006,385.489990,385.774994,200021
2026-06-12 15:05:00+00:00,385.799988,386.470001,385.790009,386.239990,142558
2026-06-12 15:10:00+00:00,386.339996,386.820007,386.279999,386.750000,79222
2026-06-12 15:15:00+00:00,386.790009,387.239990,386.679993,386.890015,99639
2026-06-12 15:20:00+00:00,386.880005,388.274994,386.717712,388.092010,177787
2026-06-12 15:25:00+00:00,388.079987,388.769989,387.660004,387.815613,167080
2026-06-12 15:30:00+00:00,387.855011,388.100006,387.200012,387.290009,162865
2026-06-12 15:35:00+00:00,387.269989,387.970001,386.899994,387.205292,157305
2026-06-12 15:40:00+00:00,387.239990,387.269989,386.470001,386.519989,101840
2026-06-12 15:45:00+00:00,386.545013,386.924011,386.140015,386.230011,53059
2026-06-12 15:50:00+00:00,386.260010,387.000000,386.200104,386.920013,49419
2026-06-12 15:55:00+00:00,386.910004,387.170013,386.539001,386.601013,44910
2026-06-12 16:00:00+00:00,386.529999,386.779999,386.230011,386.399994,27379
2026-06-12 16:05:00+00:00,386.390015,386.809998,386.260010,386.730011,38032
2026-06-12 16:10:00+00:00,386.720001,387.815002,386.570007,387.535004,256239
2026-06-12 16:15:00+00:00,387.500000,388.539001,387.480011,387.739990,125991
2026-06-12 16:20:00+00:00,387.709991,387.850006,387.220001,387.239990,31185
2026-06-12 16:25:00+00:00,387.220001,387.410004,386.989990,387.109894,39207
2026-06-12 16:30:00+00:00,387.114990,387.230011,387.000000,387.120087,24266
2026-06-12 16:35:00+00:00,387.136505,387.190002,386.619995,387.070007,48167
2026-06-12 16:40:00+00:00,387.109985,387.380005,386.709991,386.739990,46953
2026-06-12 16:45:00+00:00,386.790009,386.890015,386.589996,386.769989,71564
2026-06-12 16:50:00+00:00,386.765015,387.119995,386.619995,386.929993,77906
2026-06-12 16:55:00+00:00,386.920013,387.179993,386.779999,387.010010,70860
2026-06-12 17:00:00+00:00,387.010010,387.429993,387.010010,387.429901,47408
2026-06-12 17:05:00+00:00,387.410004,388.000000,387.290009,387.429993,218867
2026-06-12 17:10:00+00:00,387.500000,387.505005,386.910004,387.262512,113523
2026-06-12 17:15:00+00:00,387.220001,387.255005,386.799988,387.140015,60819
2026-06-12 17:20:00+00:00,387.170013,387.700012,387.140015,387.460114,51943
2026-06-12 17:25:00+00:00,387.480011,387.489990,387.070007,387.239990,56378
2026-06-12 17:30:00+00:00,387.250000,387.390015,386.809998,387.359985,44726
2026-06-12 17:35:00+00:00,387.350006,387.450012,387.140015,387.220001,63392
2026-06-12 17:40:00+00:00,387.209991,387.679993,387.105011,387.554993,49765
2026-06-12 17:45:00+00:00,387.579987,387.839996,387.540009,387.679993,30942
2026-06-12 17:50:00+00:00,387.649994,387.779999,387.589996,387.674988,32815
2026-06-12 17:55:00+00:00,387.690002,387.690002,387.329987,387.500000,32412
2026-06-12 18:00:00+00:00,387.510010,387.600006,387.339996,387.380005,40278
2026-06-12 18:05:00+00:00,387.369995,387.480011,387.212006,387.410004,34230
2026-06-12 18:10:00+00:00,387.480011,388.170013,387.380005,388.040009,43956
2026-06-12 18:15:00+00:00,388.010010,388.250000,387.850006,388.200012,65937
2026-06-12 18:20:00+00:00,388.190002,388.739990,388.160004,388.170013,86156
2026-06-12 18:25:00+00:00,388.170013,388.215210,387.760010,387.924988,101715
2026-06-12 18:30:00+00:00,387.940002,388.084991,387.709991,387.989990,63281
2026-06-12 18:35:00+00:00,387.987915,387.989990,387.829987,387.934998,30646
2026-06-12 18:40:00+00:00,387.940002,388.265015,387.890015,388.179993,207438
2026-06-12 18:45:00+00:00,388.140015,388.170013,387.609985,387.614990,36817
2026-06-12 18:50:00+00:00,387.619995,387.649902,387.399994,387.489990,37130
2026-06-12 18:55:00+00:00,387.489990,387.529999,386.781403,386.880005,65799
2026-06-12 19:00:00+00:00,386.910004,387.220001,386.820007,387.141113,68980
2026-06-12 19:05:00+00:00,387.140015,387.304993,386.959991,387.154999,35012
2026-06-12 19:10:00+00:00,387.130005,387.269989,387.029999,387.119995,28671
2026-06-12 19:15:00+00:00,387.100006,387.100006,386.760010,386.890015,33970
2026-06-12 19:20:00+00:00,386.890015,386.890015,386.440002,386.478485,48852
2026-06-12 19:25:00+00:00,386.475006,386.565002,386.250000,386.320007,54976
2026-06-12 19:30:00+00:00,386.315002,386.475006,385.890015,385.929993,68574
2026-06-12 19:35:00+00:00,385.910004,386.350006,385.690002,386.029999,108381
2026-06-12 19:40:00+00:00,385.989990,386.190002,385.940002,385.970001,60986
2026-06-12 19:45:00+00:00,385.950012,386.225006,385.869995,386.179993,49131
2026-06-12 19:50:00+00:00,386.170013,386.279999,386.065002,386.144989,139384
2026-06-12 19:55:00+00:00,386.179993,386.579987,386.049988,386.549988,240796
2026-06-15 13:30:00+00:00,399.489990,400.619995,399.140015,400.399994,1030203
2026-06-15 13:35:00+00:00,400.390015,400.760010,400.100006,400.420013,312610
2026-06-15 13:40:00+00:00,400.399994,400.929993,400.140015,400.429993,258351
2026-06-15 13:45:00+00:00,400.459991,400.549988,400.070007,400.290009,230896
2026-06-15 13:50:00+00:00,400.299988,400.380005,399.790009,399.890015,180713
2026-06-15 13:55:00+00:00,399.899994,400.265015,399.609985,399.679993,162592
2026-06-15 14:00:00+00:00,399.670013,400.149994,399.579987,400.000000,235851
2026-06-15 14:05:00+00:00,400.010010,401.000000,399.920013,400.690002,532207
2026-06-15 14:10:00+00:00,400.670013,400.679993,399.619995,399.869995,187706
2026-06-15 14:15:00+00:00,399.880005,400.390015,399.859985,400.260010,206549
2026-06-15 14:20:00+00:00,400.234985,400.279999,399.600006,399.890015,202400
2026-06-15 14:25:00+00:00,399.894989,400.500000,399.859985,400.450012,115460
2026-06-15 14:30:00+00:00,400.450012,400.600006,399.825012,399.880005,78635
2026-06-15 14:35:00+00:00,399.910004,400.119995,399.589996,399.890015,91535
2026-06-15 14:40:00+00:00,399.929993,400.000000,399.630005,399.839996,239454
2026-06-15 14:45:00+00:00,399.825012,400.359985,399.730011,400.299988,156785
2026-06-15 14:50:00+00:00,400.299988,400.440002,400.010010,400.260010,75799
2026-06-15 14:55:00+00:00,400.230011,400.299988,399.790009,399.820007,98082
2026-06-15 15:00:00+00:00,399.779999,399.880005,399.329987,399.635010,175149
2026-06-15 15:05:00+00:00,399.649994,400.029999,399.489990,399.600006,106178
2026-06-15 15:10:00+00:00,399.609985,399.609985,399.170013,399.299988,74581
2026-06-15 15:15:00+00:00,399.279999,399.730011,399.260010,399.358185,79561
2026-06-15 15:20:00+00:00,399.345001,399.859985,399.250000,399.779999,83332
2026-06-15 15:25:00+00:00,399.769989,399.959991,399.519989,399.600006,163240
2026-06-15 15:30:00+00:00,399.595886,399.649994,399.089996,399.480011,86233
2026-06-15 15:35:00+00:00,399.464996,399.720001,399.450012,399.649994,83485
2026-06-15 15:40:00+00:00,399.640015,400.100006,399.579987,399.899994,108188
2026-06-15 15:45:00+00:00,399.910004,400.239990,399.855011,399.880005,114894
2026-06-15 15:50:00+00:00,399.839996,399.899994,399.649994,399.809998,76167
2026-06-15 15:55:00+00:00,399.820007,400.024994,399.799988,399.829987,184421
2026-06-15 16:00:00+00:00,399.820007,399.920013,399.619995,399.880005,76308
2026-06-15 16:05:00+00:00,399.899994,400.049988,399.450012,399.454987,165172
2026-06-15 16:10:00+00:00,399.459991,399.489990,399.130005,399.350006,50839
2026-06-15 16:15:00+00:00,399.350006,399.440002,398.660004,398.839996,85251
2026-06-15 16:20:00+00:00,398.829987,398.910004,398.320007,398.335114,85890
2026-06-15 16:25:00+00:00,398.339996,398.709991,398.250000,398.570007,88174
2026-06-15 16:30:00+00:00,398.589996,398.589996,398.179901,398.390015,61861
2026-06-15 16:35:00+00:00,398.359985,398.440002,398.109985,398.195007,36663
2026-06-15 16:40:00+00:00,398.209991,398.390015,397.910004,397.929993,86238
2026-06-15 16:45:00+00:00,397.929993,398.140015,397.880005,397.984985,67111
2026-06-15 16:50:00+00:00,398.019989,398.154999,397.790009,398.095001,33343
2026-06-15 16:55:00+00:00,398.079987,398.260010,397.950012,398.190002,33298
2026-06-15 17:00:00+00:00,398.170013,398.170013,397.684998,397.739990,34179
2026-06-15 17:05:00+00:00,397.732666,397.829987,397.429993,397.570007,48634
2026-06-15 17:10:00+00:00,397.573700,397.809998,397.401398,397.739990,59201
2026-06-15 17:15:00+00:00,397.709991,397.799988,397.410004,397.450012,35534
2026-06-15 17:20:00+00:00,397.410004,397.500000,397.260010,397.424988,39739
2026-06-15 17:25:00+00:00,397.440002,397.730011,397.309998,397.339996,60330
2026-06-15 17:30:00+00:00,397.329987,397.369995,396.970001,396.970001,56378
2026-06-15 17:35:00+00:00,397.000000,397.160004,396.619995,396.859985,87211
2026-06-15 17:40:00+00:00,396.850006,396.890015,396.519989,396.660004,73274
2026-06-15 17:45:00+00:00,396.657013,396.899994,396.570007,396.700012,33049
2026-06-15 17:50:00+00:00,396.720001,396.760010,396.489990,396.589996,35321
2026-06-15 17:55:00+00:00,396.549988,396.919891,396.500000,396.910004,44520
2026-06-15 18:00:00+00:00,396.880005,396.899994,396.279999,396.500000,61088
2026-06-15 18:05:00+00:00,396.501312,396.619995,396.334991,396.505005,56261
2026-06-15 18:10:00+00:00,396.510010,396.879791,396.489990,396.854004,48707
2026-06-15 18:15:00+00:00,396.859985,397.029999,396.700012,396.910004,44108
2026-06-15 18:20:00+00:00,396.920013,397.200012,396.915009,397.075012,33154
2026-06-15 18:25:00+00:00,397.070007,397.179993,396.877991,396.899994,27222
2026-06-15 18:30:00+00:00,396.910004,396.940002,396.640015,396.760010,106236
2026-06-15 18:35:00+00:00,396.741577,396.979889,396.640015,396.920013,36056
2026-06-15 18:40:00+00:00,396.920013,397.040009,396.859985,396.869995,45350
2026-06-15 18:45:00+00:00,396.910004,396.940002,396.799988,396.880005,68437
2026-06-15 18:50:00+00:00,396.910004,397.130005,396.899994,396.989990,380102
2026-06-15 18:55:00+00:00,397.000000,397.059998,396.920013,396.980011,56085
2026-06-15 19:00:00+00:00,396.989990,397.059998,396.630005,396.670013,61986
2026-06-15 19:05:00+00:00,396.630005,396.779999,396.570007,396.660004,54834
2026-06-15 19:10:00+00:00,396.630005,396.760010,396.529999,396.690002,58085
2026-06-15 19:15:00+00:00,396.700012,396.850006,396.670013,396.820007,62089
2026-06-15 19:20:00+00:00,396.829987,396.869995,396.559998,396.779999,68303
2026-06-15 19:25:00+00:00,396.774414,396.809998,396.549988,396.589996,53525
2026-06-15 19:30:00+00:00,396.600006,396.799988,396.589996,396.690002,338452
2026-06-15 19:35:00+00:00,396.676208,396.681213,396.390015,396.510010,118081
2026-06-15 19:40:00+00:00,396.500092,396.539001,396.274994,396.359985,92516
2026-06-15 19:45:00+00:00,396.359985,396.450012,396.220001,396.299988,135475
2026-06-15 19:50:00+00:00,396.290009,396.519989,396.149994,396.470001,242799
2026-06-15 19:55:00+00:00,396.470001,396.570007,396.320007,396.540009,446273
2026-06-16 13:30:00+00:00,397.829987,398.410004,397.690002,398.209991,401088
2026-06-16 13:35:00+00:00,398.140015,398.309998,397.970001,398.070007,46234
2026-06-16 13:40:00+00:00,398.079987,398.299988,397.809998,398.230011,178221
2026-06-16 13:45:00+00:00,398.239990,398.380005,397.750000,398.105011,63932
2026-06-16 13:50:00+00:00,398.114990,398.350006,397.850006,398.061493,96468
2026-06-16 13:55:00+00:00,398.059998,398.059998,397.559998,397.559998,51552
2026-06-16 14:00:00+00:00,397.579987,398.200012,397.540009,398.195007,75392
2026-06-16 14:05:00+00:00,398.200012,398.220001,397.730011,397.755005,40018
2026-06-16 14:10:00+00:00,397.779999,397.950012,397.630005,397.890015,47859
2026-06-16 14:15:00+00:00,397.888611,397.888611,396.662506,396.739990,183387
2026-06-16 14:20:00+00:00,396.720001,396.975006,396.570007,396.915009,124141
2026-06-16 14:25:00+00:00,396.910004,396.959991,396.220001,396.410004,94769
2026-06-16 14:30:00+00:00,396.459991,396.549988,395.820007,396.230011,125618
2026-06-16 14:35:00+00:00,396.230011,396.980011,396.230011,396.940002,102201
2026-06-16 14:40:00+00:00,396.920013,397.269989,396.850006,396.899994,118356
2026-06-16 14:45:00+00:00,396.899994,397.140015,396.770111,396.980011,50187
2026-06-16 14:50:00+00:00,396.929993,397.165009,396.850006,396.959991,41982
2026-06-16 14:55:00+00:00,396.959991,396.959991,396.654999,396.850006,61475
2026-06-16 15:00:00+00:00,396.890015,397.160004,396.709991,396.839996,68035
2026-06-16 15:05:00+00:00,396.809998,397.059998,396.739990,396.940002,116277
2026-06-16 15:10:00+00:00,396.920105,397.059998,396.819885,396.899994,30717
2026-06-16 15:15:00+00:00,396.920013,397.299988,396.869995,397.000000,29105
2026-06-16 15:20:00+00:00,396.980011,397.209991,396.609985,396.649994,39592
2026-06-16 15:25:00+00:00,396.630005,397.084991,396.630005,397.029999,41206
2026-06-16 15:30:00+00:00,397.040009,397.170013,396.850006,397.065002,38259
2026-06-16 15:35:00+00:00,397.100006,397.329987,396.799988,397.059998,86156
2026-06-16 15:40:00+00:00,397.040009,397.149994,396.829987,397.119995,39944
2026-06-16 15:45:00+00:00,397.109985,397.109985,396.700012,396.989990,60881
2026-06-16 15:50:00+00:00,397.000000,398.179993,396.950012,398.160004,52379
2026-06-16 15:55:00+00:00,398.170013,398.649994,397.890015,397.910004,168341
2026-06-16 16:00:00+00:00,397.890015,398.279999,397.859985,398.100006,73847
2026-06-16 16:05:00+00:00,398.119995,398.670013,398.105011,398.519012,46420
2026-06-16 16:10:00+00:00,398.489990,398.959991,398.429993,398.889893,98064
2026-06-16 16:15:00+00:00,398.920013,398.950012,398.640015,398.910004,79394
2026-06-16 16:20:00+00:00,398.909912,398.909912,398.459991,398.619995,64034
2026-06-16 16:25:00+00:00,398.600006,398.839996,398.540009,398.755005,23535
2026-06-16 16:30:00+00:00,398.750000,398.790009,398.369995,398.376007,108637
2026-06-16 16:35:00+00:00,398.390015,398.730011,398.279999,398.709991,69868
2026-06-16 16:40:00+00:00,398.700012,398.774994,398.600006,398.679993,35667
2026-06-16 16:45:00+00:00,398.670013,398.829712,398.600006,398.630005,63389
2026-06-16 16:50:00+00:00,398.649994,398.850006,398.459991,398.459991,27649
2026-06-16 16:55:00+00:00,398.459991,398.519989,398.299988,398.380005,54678
2026-06-16 17:00:00+00:00,398.359985,398.359985,398.119995,398.230011,60367
2026-06-16 17:05:00+00:00,398.237488,398.389893,398.170013,398.269989,29487
2026-06-16 17:10:00+00:00,398.260010,398.287903,397.670013,397.920013,184114
2026-06-16 17:15:00+00:00,397.880005,397.924988,397.420013,397.500000,59814
2026-06-16 17:20:00+00:00,397.510010,397.535004,396.950012,397.239990,105787
2026-06-16 17:25:00+00:00,397.279999,397.859985,397.220001,397.849915,51243
2026-06-16 17:30:00+00:00,397.799988,398.100006,397.779999,398.049988,45307
2026-06-16 17:35:00+00:00,398.049988,398.309998,397.940002,398.040009,30131
2026-06-16 17:40:00+00:00,398.024994,398.239990,397.985992,398.160004,29060
2026-06-16 17:45:00+00:00,398.160004,398.160004,397.950012,398.059998,19127
2026-06-16 17:50:00+00:00,398.089996,398.329987,398.019989,398.260010,16510
2026-06-16 17:55:00+00:00,398.234985,398.358490,398.195099,398.339905,22168
2026-06-16 18:00:00+00:00,398.339996,398.570007,398.279999,398.410004,46796
2026-06-16 18:05:00+00:00,398.399994,398.434998,398.250000,398.390015,19417
2026-06-16 18:10:00+00:00,398.380005,398.579987,398.380005,398.500000,23512
2026-06-16 18:15:00+00:00,398.480011,398.540009,398.290009,398.350006,19310
2026-06-16 18:20:00+00:00,398.345001,398.410004,398.230011,398.320007,19065
2026-06-16 18:25:00+00:00,398.320007,398.484985,398.270111,398.470001,24650
2026-06-16 18:30:00+00:00,398.470001,398.605011,398.345001,398.380005,32966
2026-06-16 18:35:00+00:00,398.364990,398.429596,398.200012,398.229004,29265
2026-06-16 18:40:00+00:00,398.230011,398.299988,398.179993,398.220001,19913
2026-06-16 18:45:00+00:00,398.220001,398.329987,398.015015,398.019989,20728
2026-06-16 18:50:00+00:00,398.029999,398.195007,397.980011,398.170013,30024
2026-06-16 18:55:00+00:00,398.176697,398.307587,398.114990,398.200012,68461
2026-06-16 19:00:00+00:00,398.174988,398.559998,398.149811,398.529999,38870
2026-06-16 19:05:00+00:00,398.519989,398.589996,398.419006,398.420013,22709
2026-06-16 19:10:00+00:00,398.420013,398.450012,398.250000,398.260010,25425
2026-06-16 19:15:00+00:00,398.267487,398.267487,398.029999,398.179993,31395
2026-06-16 19:20:00+00:00,398.210327,398.390015,398.190002,398.329987,30422
2026-06-16 19:25:00+00:00,398.322296,398.420013,398.290009,398.290009,36962
2026-06-16 19:30:00+00:00,398.299988,398.329987,398.220001,398.260010,122831
2026-06-16 19:35:00+00:00,398.260010,398.299988,398.109985,398.109985,49305
2026-06-16 19:40:00+00:00,398.100006,398.260010,398.059998,398.200012,63388
2026-06-16 19:45:00+00:00,398.209991,398.290009,398.070007,398.089996,59504
2026-06-16 19:50:00+00:00,398.109985,398.230011,397.700012,397.750000,191317
2026-06-16 19:55:00+00:00,397.709991,397.799988,397.410004,397.730011,343362
2026-06-17 13:30:00+00:00,397.820007,397.950012,397.510010,397.750000,310027
2026-06-17 13:35:00+00:00,397.727509,398.269989,397.670013,397.964996,69034
2026-06-17 13:40:00+00:00,397.994995,398.369995,397.920013,398.369995,61095
2026-06-17 13:45:00+00:00,398.364990,398.570007,398.239990,398.329987,77967
2026-06-17 13:50:00+00:00,398.339996,398.630005,398.125000,398.191193,89386
2026-06-17 13:55:00+00:00,398.220001,398.380005,398.089996,398.089996,28469
2026-06-17 14:00:00+00:00,398.100006,398.320007,397.799988,398.244995,62277
2026-06-17 14:05:00+00:00,398.260010,398.739990,398.209900,398.410004,53587
2026-06-17 14:10:00+00:00,398.436005,398.579987,398.170013,398.380005,42517
2026-06-17 14:15:00+00:00,398.399994,398.489990,398.260010,398.329987,78905
2026-06-17 14:20:00+00:00,398.320007,400.230011,398.299988,399.847504,121362
2026-06-17 14:25:00+00:00,399.894989,400.089996,399.600006,400.029999,189828
2026-06-17 14:30:00+00:00,400.010010,400.369995,399.820587,400.095001,90680
2026-06-17 14:35:00+00:00,400.079987,400.149994,399.140015,399.290009,85006
2026-06-17 14:40:00+00:00,399.290009,399.415009,398.850006,399.279999,88405
2026-06-17 14:45:00+00:00,399.299988,399.600006,397.269989,398.714996,218315
2026-06-17 14:50:00+00:00,398.779999,399.339996,398.549988,398.859985,37061
2026-06-17 14:55:00+00:00,398.829987,398.929993,398.489990,398.600006,63845
2026-06-17 15:00:00+00:00,398.630005,398.920013,398.540009,398.804993,67144
2026-06-17 15:05:00+00:00,398.829987,398.929993,398.559998,398.640015,50381
2026-06-17 15:10:00+00:00,398.640015,398.920013,398.544312,398.880005,55792
2026-06-17 15:15:00+00:00,398.850006,399.450012,398.799988,399.399994,174942
2026-06-17 15:20:00+00:00,399.390015,399.959991,399.345001,399.924988,63411
2026-06-17 15:25:00+00:00,399.940002,400.000000,399.494995,399.549988,57406
2026-06-17 15:30:00+00:00,399.559998,400.100006,399.470001,399.859985,59991
2026-06-17 15:35:00+00:00,399.850006,399.959991,399.660004,399.959991,31180
2026-06-17 15:40:00+00:00,399.929993,399.929993,399.640015,399.809998,19845
2026-06-17 15:45:00+00:00,399.859985,400.000000,399.809998,399.879303,56946
2026-06-17 15:50:00+00:00,399.850006,400.000000,399.730011,399.880005,50542
2026-06-17 15:55:00+00:00,399.899994,400.440002,399.899994,400.309998,48688
2026-06-17 16:00:00+00:00,400.350006,400.540009,400.255005,400.290009,63207
2026-06-17 16:05:00+00:00,400.260010,400.420013,400.209991,400.255005,32023
2026-06-17 16:10:00+00:00,400.249908,400.299988,400.070007,400.214996,47357
2026-06-17 16:15:00+00:00,400.230011,400.505005,400.109985,400.500000,30270
2026-06-17 16:20:00+00:00,400.500000,400.609497,400.329987,400.480011,51609
2026-06-17 16:25:00+00:00,400.480011,400.540009,400.359985,400.500000,36700
2026-06-17 16:30:00+00:00,400.489990,400.510010,400.149994,400.160004,43155
2026-06-17 16:35:00+00:00,400.141998,400.160004,399.920013,399.940002,29173
2026-06-17 16:40:00+00:00,399.950012,399.959991,399.549988,399.765015,26779
2026-06-17 16:45:00+00:00,399.750000,399.850006,399.619995,399.679993,26497
2026-06-17 16:50:00+00:00,399.673401,399.850006,399.660004,399.739990,19578
2026-06-17 16:55:00+00:00,399.750000,399.940002,399.700012,399.910004,22319
2026-06-17 17:00:00+00:00,399.899994,399.910004,399.589996,399.670013,16546
2026-06-17 17:05:00+00:00,399.649994,399.970001,399.489990,399.945007,58085
2026-06-17 17:10:00+00:00,399.934998,400.079987,399.779999,399.959991,14287
2026-06-17 17:15:00+00:00,399.899994,400.279999,399.809998,400.184998,143307
2026-06-17 17:20:00+00:00,400.170013,400.320007,400.100006,400.179993,47919
2026-06-17 17:25:00+00:00,400.207794,400.345001,400.049988,400.109985,0
2026-06-17 17:30:00+00:00,400.109985,402.019989,400.100006,401.649994,236698
2026-06-17 17:35:00+00:00,401.630005,401.649994,400.929993,401.369995,158305
2026-06-17 17:40:00+00:00,401.359985,402.005005,401.320007,401.500000,86653
2026-06-17 17:45:00+00:00,401.500000,401.690002,401.270111,401.480011,34108
2026-06-17 17:50:00+00:00,401.450012,402.040009,401.359985,401.625000,110655
2026-06-17 17:55:00+00:00,401.640015,401.951813,401.549988,401.790009,54808
2026-06-17 18:00:00+00:00,401.750000,401.755005,396.000000,396.035004,517961
2026-06-17 18:05:00+00:00,396.029999,396.255005,393.170013,394.049988,546560
2026-06-17 18:10:00+00:00,393.950012,394.279999,392.410004,393.065002,314179
2026-06-17 18:15:00+00:00,393.140015,395.265015,392.929993,395.100006,293274
2026-06-17 18:20:00+00:00,395.154999,395.255005,393.709991,393.739990,517324
2026-06-17 18:25:00+00:00,393.809998,393.940002,393.079987,393.809998,213206
2026-06-17 18:30:00+00:00,393.774994,395.839996,391.619995,391.799988,635148
2026-06-17 18:35:00+00:00,391.890015,395.540009,391.799988,394.720001,299665
2026-06-17 18:40:00+00:00,394.859985,397.059998,394.179993,396.799988,813744
2026-06-17 18:45:00+00:00,396.660004,397.489990,395.869995,396.299988,448084
2026-06-17 18:50:00+00:00,396.239990,396.864990,395.519989,395.660004,340541
2026-06-17 18:55:00+00:00,395.510010,395.619995,392.549988,393.239990,264508
2026-06-17 19:00:00+00:00,393.230011,394.079987,391.910004,391.910004,210801
2026-06-17 19:05:00+00:00,391.934998,392.640015,391.170013,391.679993,278665
2026-06-17 19:10:00+00:00,391.700012,392.170013,390.880005,391.349915,254397
2026-06-17 19:15:00+00:00,391.309998,391.329987,389.079987,389.380005,361542
2026-06-17 19:20:00+00:00,389.359985,389.559998,388.640015,388.679993,243465
2026-06-17 19:25:00+00:00,388.630005,389.459991,387.769989,387.880005,205126
2026-06-17 19:30:00+00:00,387.839996,388.619995,387.279999,387.848511,279091
2026-06-17 19:35:00+00:00,387.890015,388.299896,387.089996,387.334991,176016
2026-06-17 19:40:00+00:00,387.299988,388.630005,387.079987,388.100006,530838
2026-06-17 19:45:00+00:00,388.095001,389.239990,387.959991,388.820007,300413
2026-06-17 19:50:00+00:00,388.799988,389.640015,388.399994,388.799988,351135
2026-06-17 19:55:00+00:00,388.809998,389.359985,388.510010,388.690002,471031
2026-06-18 13:30:00+00:00,391.239990,392.500000,391.200012,392.170013,701488
2026-06-18 13:35:00+00:00,392.100006,392.299988,391.760010,392.109985,107675
2026-06-18 13:40:00+00:00,392.109985,392.109985,391.299988,391.359985,135517
2026-06-18 13:45:00+00:00,391.350006,391.420013,390.329987,390.970001,91567
2026-06-18 13:50:00+00:00,390.984985,391.320007,390.660004,391.000000,99346
2026-06-18 13:55:00+00:00,391.089996,391.100006,390.119995,390.649994,96453
2026-06-18 14:00:00+00:00,390.640015,390.709991,389.059998,389.890015,376248
2026-06-18 14:05:00+00:00,389.880005,389.899994,389.140015,389.510010,167408
2026-06-18 14:10:00+00:00,389.500000,389.600006,389.144989,389.290009,69734
2026-06-18 14:15:00+00:00,389.260010,390.109985,388.859985,390.019989,170489
2026-06-18 14:20:00+00:00,390.010010,390.570007,389.739990,390.315002,102113
2026-06-18 14:25:00+00:00,390.380005,390.554993,389.570007,389.575012,143521
2026-06-18 14:30:00+00:00,389.559998,390.049988,389.320007,390.019989,90555
2026-06-18 14:35:00+00:00,390.049988,390.274994,389.899994,390.190002,29284
2026-06-18 14:40:00+00:00,390.160004,390.190002,389.290009,389.600006,81065
2026-06-18 14:45:00+00:00,389.579987,389.709991,389.179993,389.579987,40506
2026-06-18 14:50:00+00:00,389.454987,389.869995,389.204987,389.839996,85223
2026-06-18 14:55:00+00:00,389.829987,390.489990,389.750000,390.274994,60994
2026-06-18 15:00:00+00:00,390.320007,390.489990,389.940002,390.160004,45798
2026-06-18 15:05:00+00:00,390.130005,390.500000,389.980011,390.439209,42243
2026-06-18 15:10:00+00:00,390.350006,390.450012,389.700012,389.748993,50888
2026-06-18 15:15:00+00:00,389.760010,390.000000,389.089996,389.369995,59318
2026-06-18 15:20:00+00:00,389.390015,389.524994,389.119995,389.179993,48018
2026-06-18 15:25:00+00:00,389.209991,389.359985,388.630005,388.760010,54132
2026-06-18 15:30:00+00:00,388.750000,388.829987,387.920013,388.510010,363704
2026-06-18 15:35:00+00:00,388.500000,388.600006,387.690002,387.994995,107816
2026-06-18 15:40:00+00:00,387.989990,388.720001,387.989990,388.385010,54319
2026-06-18 15:45:00+00:00,388.385010,388.404999,387.950012,387.979004,74973
2026-06-18 15:50:00+00:00,387.959991,388.079987,387.609985,387.739990,48319
2026-06-18 15:55:00+00:00,387.790009,388.204987,387.769989,387.899994,54247
2026-06-18 16:00:00+00:00,387.966003,388.369995,387.839996,387.870087,32562
2026-06-18 16:05:00+00:00,387.919891,388.489990,387.790009,388.429993,32327
2026-06-18 16:10:00+00:00,388.369995,388.510010,387.975006,387.980011,80077
2026-06-18 16:15:00+00:00,387.984985,388.071808,387.470001,387.570007,136547
2026-06-18 16:20:00+00:00,387.549988,387.910004,387.459991,387.470001,162647
2026-06-18 16:25:00+00:00,387.475006,387.839996,387.475006,387.739990,156520
2026-06-18 16:30:00+00:00,387.750000,388.160004,387.500000,387.500000,90506
2026-06-18 16:35:00+00:00,387.489990,387.570007,386.890015,387.561096,108323
2026-06-18 16:40:00+00:00,387.575012,387.829987,387.359894,387.410004,61551
2026-06-18 16:45:00+00:00,387.440002,387.470001,387.070007,387.089996,39131
2026-06-18 16:50:00+00:00,387.079987,387.170013,386.799988,387.100006,72141
2026-06-18 16:55:00+00:00,387.100006,387.290009,386.799988,387.260010,26853
2026-06-18 17:00:00+00:00,387.279999,387.709991,387.140015,387.709991,31447
2026-06-18 17:05:00+00:00,387.679993,387.929993,387.630005,387.769989,26920
2026-06-18 17:10:00+00:00,387.779999,388.070007,387.529999,388.029999,58370
2026-06-18 17:15:00+00:00,388.000000,388.327545,387.989990,388.220001,43175
2026-06-18 17:20:00+00:00,388.239990,388.379913,387.940002,388.100006,56087
2026-06-18 17:25:00+00:00,388.079987,388.109985,387.790009,387.859985,76822
2026-06-18 17:30:00+00:00,387.850006,387.989990,387.619995,387.619995,94589
2026-06-18 17:35:00+00:00,387.630005,387.769989,387.510010,387.690002,48254
2026-06-18 17:40:00+00:00,387.700012,388.220001,387.649994,388.179993,39192
2026-06-18 17:45:00+00:00,388.200012,388.200012,387.964996,388.114990,19563
2026-06-18 17:50:00+00:00,388.130005,388.490997,388.109985,388.410004,34642
2026-06-18 17:55:00+00:00,388.402496,388.470001,388.200012,388.260010,25772
2026-06-18 18:00:00+00:00,388.265015,388.279999,387.989990,388.079987,27113
2026-06-18 18:05:00+00:00,388.170013,388.380005,388.128387,388.332794,23766
2026-06-18 18:10:00+00:00,388.369995,388.519897,388.109985,388.140015,42140
2026-06-18 18:15:00+00:00,388.040009,388.234985,387.929993,388.109985,45714
2026-06-18 18:20:00+00:00,388.040009,388.130005,387.940094,388.089996,21091
2026-06-18 18:25:00+00:00,388.065002,388.179993,387.820007,387.890015,32927
2026-06-18 18:30:00+00:00,387.880005,387.880005,387.510010,387.575012,40045
2026-06-18 18:35:00+00:00,387.609985,387.649994,387.350006,387.399994,65142
2026-06-18 18:40:00+00:00,387.380005,387.799988,387.359985,387.755005,35858
2026-06-18 18:45:00+00:00,387.730011,387.779999,387.309998,387.431091,62100
2026-06-18 18:50:00+00:00,387.440002,387.487213,387.190002,387.350006,44649
2026-06-18 18:55:00+00:00,387.320007,387.429993,387.140015,387.140015,113590
2026-06-18 19:00:00+00:00,387.170013,387.200012,386.540009,386.619995,94338
2026-06-18 19:05:00+00:00,386.619995,386.660004,386.140015,386.269989,47465
2026-06-18 19:10:00+00:00,386.234985,386.320007,385.856903,386.152313,98640
2026-06-18 19:15:00+00:00,386.179993,386.260010,385.600006,385.934998,207744
2026-06-18 19:20:00+00:00,385.910004,386.179993,385.899994,385.989990,92788
2026-06-18 19:25:00+00:00,385.954987,386.200012,385.890015,385.910004,52775
2026-06-18 19:30:00+00:00,385.930298,386.099915,385.640015,385.774994,57485
2026-06-18 19:35:00+00:00,385.820007,386.385010,385.730011,386.385010,73231
2026-06-18 19:40:00+00:00,386.399994,386.799988,386.359985,386.744995,140757
2026-06-18 19:45:00+00:00,386.750000,386.980011,386.679993,386.945007,145734
2026-06-18 19:50:00+00:00,386.940002,387.070007,386.860107,387.010010,118445
2026-06-18 19:55:00+00:00,387.005005,387.230011,386.774994,387.084991,310429
2026-06-22 13:30:00+00:00,384.250000,384.375000,383.850006,384.170013,486588
2026-06-22 13:35:00+00:00,384.109985,384.790009,384.049988,384.730011,94320
2026-06-22 13:40:00+00:00,384.730011,384.950012,384.279999,384.600006,126968
2026-06-22 13:45:00+00:00,384.595001,385.619995,384.299988,385.399994,181049
2026-06-22 13:50:00+00:00,385.399994,385.889496,385.359985,385.770111,136388
2026-06-22 13:55:00+00:00,385.799988,385.950012,385.323212,385.420013,97258
2026-06-22 14:00:00+00:00,385.450012,385.459991,384.859985,385.279999,113160
2026-06-22 14:05:00+00:00,385.290009,386.410004,385.077789,386.049988,128376
2026-06-22 14:10:00+00:00,386.000000,386.079987,385.440002,385.890015,59339
2026-06-22 14:15:00+00:00,385.910004,385.989990,385.019989,385.059998,51206
2026-06-22 14:20:00+00:00,385.059998,385.095001,384.609985,384.732513,58045
2026-06-22 14:25:00+00:00,384.720001,385.100098,384.674988,384.684998,89550
2026-06-22 14:30:00+00:00,384.649994,384.760010,384.339996,384.364990,62024
2026-06-22 14:35:00+00:00,384.329987,384.720001,384.239990,384.649994,89558
2026-06-22 14:40:00+00:00,384.644989,385.209991,384.635010,384.760010,92390
2026-06-22 14:45:00+00:00,384.820007,385.950012,384.795013,385.529999,79575
2026-06-22 14:50:00+00:00,385.529999,385.670013,385.179993,385.179993,65154
2026-06-22 14:55:00+00:00,385.200012,385.410004,385.089996,385.270294,62407
2026-06-22 15:00:00+00:00,385.240112,385.519989,385.040009,385.280090,49704
2026-06-22 15:05:00+00:00,385.290009,385.290009,384.899994,384.970001,119814
2026-06-22 15:10:00+00:00,384.990997,385.290009,384.980011,385.170197,19129
2026-06-22 15:15:00+00:00,385.160004,385.190002,384.500000,384.700012,1857693
2026-06-22 15:20:00+00:00,384.720001,384.779999,384.390015,384.600006,141240
2026-06-22 15:25:00+00:00,384.580109,384.695007,384.350098,384.440002,462487
2026-06-22 15:30:00+00:00,384.440002,384.575012,384.299988,384.350006,135465
2026-06-22 15:35:00+00:00,384.359985,384.429993,383.609985,383.790009,0
2026-06-22 15:40:00+00:00,383.790009,384.079987,383.619995,383.649994,102135
2026-06-22 15:45:00+00:00,383.670013,383.670013,382.640015,382.670013,91237
2026-06-22 15:50:00+00:00,382.750000,383.500000,382.649994,383.480011,170853
2026-06-22 15:55:00+00:00,383.459991,384.070007,383.399994,383.799988,88110
2026-06-22 16:00:00+00:00,383.829987,384.024994,383.309998,383.399994,31362
2026-06-22 16:05:00+00:00,383.380005,383.510010,383.209991,383.265015,43247
2026-06-22 16:10:00+00:00,383.265015,383.390015,383.089996,383.390015,29379
2026-06-22 16:15:00+00:00,383.320099,383.559998,383.239990,383.508209,29754
2026-06-22 16:20:00+00:00,383.524994,383.839996,383.484985,383.660004,28385
2026-06-22 16:25:00+00:00,383.690002,383.829987,383.559998,383.829987,15231
2026-06-22 16:30:00+00:00,383.809998,384.000000,383.690002,384.000000,50624
2026-06-22 16:35:00+00:00,384.010010,384.140015,383.880005,383.899994,30887
2026-06-22 16:40:00+00:00,383.890015,383.929993,383.679993,383.750000,21203
2026-06-22 16:45:00+00:00,383.720001,384.040009,383.670013,384.039886,19676
2026-06-22 16:50:00+00:00,384.019989,384.309998,383.964996,384.209991,36776
2026-06-22 16:55:00+00:00,384.250000,384.779999,384.167786,384.500000,74606
2026-06-22 17:00:00+00:00,384.510010,384.609985,384.329987,384.434998,17076
2026-06-22 17:05:00+00:00,384.399994,384.415009,384.140106,384.252502,16921
2026-06-22 17:10:00+00:00,384.260010,384.359985,384.109985,384.190002,19214
2026-06-22 17:15:00+00:00,384.149994,384.440002,384.149994,384.440002,35799
2026-06-22 17:20:00+00:00,384.440002,384.670013,384.410095,384.450012,27155
2026-06-22 17:25:00+00:00,384.450104,384.450104,383.929993,383.980011,62486
2026-06-22 17:30:00+00:00,383.980011,384.029999,383.410004,383.519012,184855
2026-06-22 17:35:00+00:00,383.519989,383.769989,383.339996,383.730011,50756
2026-06-22 17:40:00+00:00,383.739990,383.799988,383.619995,383.730011,28083
2026-06-22 17:45:00+00:00,383.769989,383.929993,383.630005,383.829987,30164
2026-06-22 17:50:00+00:00,383.845001,383.899994,383.679993,383.839996,15566
2026-06-22 17:55:00+00:00,383.845001,383.950012,383.780090,383.845001,38275
2026-06-22 18:00:00+00:00,383.900085,384.079987,383.816803,383.840607,39056
2026-06-22 18:05:00+00:00,383.875000,384.010010,383.850006,384.000000,27419
2026-06-22 18:10:00+00:00,384.000000,384.170013,383.910004,383.940002,47317
2026-06-22 18:15:00+00:00,383.950012,384.239990,383.950012,384.079987,63470
2026-06-22 18:20:00+00:00,384.079987,384.450012,384.070007,384.359985,85971
2026-06-22 18:25:00+00:00,384.369812,384.369995,384.170105,384.309998,23110
2026-06-22 18:30:00+00:00,384.315002,384.424988,384.122009,384.200012,38216
2026-06-22 18:35:00+00:00,384.200012,384.339996,384.119995,384.180115,93179
2026-06-22 18:40:00+00:00,384.200012,384.480011,384.200012,384.459991,21355
2026-06-22 18:45:00+00:00,384.470001,384.739990,384.440002,384.660004,28082
2026-06-22 18:50:00+00:00,384.670013,384.709991,384.480103,384.559998,17241
2026-06-22 18:55:00+00:00,384.559998,384.630005,384.470001,384.579987,17367
2026-06-22 19:00:00+00:00,384.630005,384.809998,384.579987,384.670013,69225
2026-06-22 19:05:00+00:00,384.679993,384.750000,384.584991,384.695007,42272
2026-06-22 19:10:00+00:00,384.690002,384.750000,384.559998,384.609985,20521
2026-06-22 19:15:00+00:00,384.609985,384.670013,384.500000,384.579987,26973
2026-06-22 19:20:00+00:00,384.575012,384.579987,384.290009,384.345001,47752
2026-06-22 19:25:00+00:00,384.369995,384.420013,384.250000,384.279999,66449
2026-06-22 19:30:00+00:00,384.269989,384.279999,384.130005,384.234985,117895
2026-06-22 19:35:00+00:00,384.234985,384.500000,384.179993,384.320007,266801
2026-06-22 19:40:00+00:00,384.315002,384.320007,383.954987,383.975006,88180
2026-06-22 19:45:00+00:00,383.970001,384.119995,383.970001,384.059998,46065
2026-06-22 19:50:00+00:00,384.070007,384.279999,384.010010,384.250000,123420
2026-06-22 19:55:00+00:00,384.244995,384.674988,384.170013,384.579987,267955
2026-06-23 13:30:00+00:00,377.721985,378.410004,377.170013,378.239990,1126965
2026-06-23 13:35:00+00:00,378.239990,378.480011,377.899994,377.920013,135229
2026-06-23 13:40:00+00:00,377.969910,378.859985,377.890015,378.600006,232506
2026-06-23 13:45:00+00:00,378.630005,379.429993,378.489990,379.119995,215592
2026-06-23 13:50:00+00:00,379.130005,379.949890,379.089996,379.670013,68781
2026-06-23 13:55:00+00:00,379.660004,379.839996,379.140106,379.529999,122147
2026-06-23 14:00:00+00:00,379.480011,379.970001,379.299988,379.700012,82146
2026-06-23 14:05:00+00:00,379.700012,380.239990,379.459991,380.070007,54771
2026-06-23 14:10:00+00:00,380.049988,380.350006,379.239990,379.660004,48659
2026-06-23 14:15:00+00:00,379.660004,380.089996,379.250000,380.035004,67796
2026-06-23 14:20:00+00:00,379.980011,380.149994,379.339996,379.410004,130799
2026-06-23 14:25:00+00:00,379.420013,379.549988,378.869995,379.195007,96247
2026-06-23 14:30:00+00:00,379.209991,379.230011,378.450012,378.695007,138147
2026-06-23 14:35:00+00:00,378.690002,378.899994,378.320007,378.445007,51887
2026-06-23 14:40:00+00:00,378.459991,378.839996,378.329987,378.510010,117809
2026-06-23 14:45:00+00:00,378.630005,378.829987,378.510010,378.621704,99678
2026-06-23 14:50:00+00:00,378.670013,378.970001,378.399994,378.744995,58087
2026-06-23 14:55:00+00:00,378.750000,378.970001,378.519989,378.970001,59499
2026-06-23 15:00:00+00:00,378.980011,379.419403,378.850006,379.325012,63645
2026-06-23 15:05:00+00:00,379.320007,379.459991,378.390015,378.390015,101054
2026-06-23 15:10:00+00:00,378.410004,378.820007,378.380005,378.799988,40429
2026-06-23 15:15:00+00:00,378.890015,379.040009,378.714600,378.769989,32082
2026-06-23 15:20:00+00:00,378.750000,378.924988,378.420105,378.532715,18753
2026-06-23 15:25:00+00:00,378.540009,378.799988,378.440002,378.700012,39277
2026-06-23 15:30:00+00:00,378.709991,379.579987,378.690002,379.220001,78769
2026-06-23 15:35:00+00:00,379.263489,379.649994,379.250000,379.640106,27360
2026-06-23 15:40:00+00:00,379.690002,380.079895,379.600006,379.769989,103366
2026-06-23 15:45:00+00:00,379.785004,379.869904,379.309998,379.440002,109678
2026-06-23 15:50:00+00:00,379.459991,379.779999,379.359985,379.649994,33464
2026-06-23 15:55:00+00:00,379.625000,379.799988,379.510010,379.760010,48214
2026-06-23 16:00:00+00:00,379.760010,379.890015,379.540009,379.549988,151179
2026-06-23 16:05:00+00:00,379.540009,379.609985,379.320007,379.399994,22420
2026-06-23 16:10:00+00:00,379.450012,379.570007,379.355011,379.450012,20300
2026-06-23 16:15:00+00:00,379.475006,379.730011,379.239990,379.690002,233359
2026-06-23 16:20:00+00:00,379.700012,379.739990,379.480011,379.575012,27399
2026-06-23 16:25:00+00:00,379.579987,379.619995,379.500092,379.575012,18281
2026-06-23 16:30:00+00:00,379.519989,380.140015,379.484985,379.970001,46290
2026-06-23 16:35:00+00:00,379.950012,380.140015,379.860107,380.079987,34713
2026-06-23 16:40:00+00:00,380.059998,380.239990,379.900085,380.209991,42043
2026-06-23 16:45:00+00:00,380.209991,380.239990,379.836212,379.929993,520948
2026-06-23 16:50:00+00:00,379.959991,379.979095,379.799988,379.820007,15728
2026-06-23 16:55:00+00:00,379.890015,379.903503,379.149994,379.369995,195920
2026-06-23 17:00:00+00:00,379.380005,379.400085,379.100006,379.179993,36488
2026-06-23 17:05:00+00:00,379.220001,379.380005,378.980011,379.225006,47339
2026-06-23 17:10:00+00:00,379.200012,379.878601,379.200012,379.760010,113258
2026-06-23 17:15:00+00:00,379.760010,379.760010,379.470001,379.589996,16079
2026-06-23 17:20:00+00:00,379.609985,379.700012,379.329987,379.329987,15628
2026-06-23 17:25:00+00:00,379.230011,379.269989,379.029999,379.070007,128421
2026-06-23 17:30:00+00:00,379.140015,379.140015,378.809998,378.980011,25426
2026-06-23 17:35:00+00:00,379.010010,379.079987,378.910004,378.995789,17936
2026-06-23 17:40:00+00:00,379.010010,379.190002,378.920013,379.190002,25352
2026-06-23 17:45:00+00:00,379.179993,379.279999,379.059998,379.130005,25780
2026-06-23 17:50:00+00:00,379.160004,379.160004,378.834991,378.855011,20333
2026-06-23 17:55:00+00:00,378.855011,378.940002,378.804993,378.804993,30722
2026-06-23 18:00:00+00:00,378.820007,379.070007,378.660004,378.690002,30483
2026-06-23 18:05:00+00:00,378.709991,378.750000,378.429993,378.535004,17512
2026-06-23 18:10:00+00:00,378.549988,378.619995,378.420013,378.470001,53872
2026-06-23 18:15:00+00:00,378.459991,378.579987,378.410004,378.476501,26775
2026-06-23 18:20:00+00:00,378.459991,378.559998,378.299988,378.390015,48528
2026-06-23 18:25:00+00:00,378.329987,378.329987,378.095306,378.160004,32060
2026-06-23 18:30:00+00:00,378.144989,378.290009,378.019989,378.190002,44201
2026-06-23 18:35:00+00:00,378.200012,378.290009,378.029999,378.040009,0
2026-06-23 18:40:00+00:00,378.039886,378.089996,377.679993,377.700012,52363
2026-06-23 18:45:00+00:00,377.709991,377.730011,377.399994,377.559998,55866
2026-06-23 18:50:00+00:00,377.589996,377.790009,377.500000,377.667297,41269
2026-06-23 18:55:00+00:00,377.657349,377.880005,377.570099,377.849915,39129
2026-06-23 19:00:00+00:00,377.869995,378.459991,377.769989,378.355011,55837
2026-06-23 19:05:00+00:00,378.339996,378.589996,378.149994,378.250000,35196
2026-06-23 19:10:00+00:00,378.269989,378.350922,378.107208,378.179993,42496
2026-06-23 19:15:00+00:00,378.200012,378.209991,377.809998,377.829987,50358
2026-06-23 19:20:00+00:00,377.899994,378.230011,377.850006,378.109985,43685
2026-06-23 19:25:00+00:00,378.059998,378.269989,378.049988,378.220001,61565
2026-06-23 19:30:00+00:00,378.230011,378.359985,378.089996,378.230011,68880
2026-06-23 19:35:00+00:00,378.214996,378.429993,378.170013,378.290009,54223
2026-06-23 19:40:00+00:00,378.290009,378.299988,378.097412,378.097412,62684
2026-06-23 19:45:00+00:00,378.109985,378.160004,377.850006,378.070007,83961
2026-06-23 19:50:00+00:00,378.070007,378.100006,377.464996,377.640015,177237
2026-06-23 19:55:00+00:00,377.649994,377.690002,377.299988,377.299988,285145
2026-06-24 13:30:00+00:00,364.809998,366.809998,364.609985,365.869995,1817087
2026-06-24 13:35:00+00:00,365.890015,367.739990,365.769989,367.559998,348599
2026-06-24 13:40:00+00:00,367.570007,368.736786,367.165009,368.470001,309125
2026-06-24 13:45:00+00:00,368.470001,368.950012,367.880005,368.880005,289610
2026-06-24 13:50:00+00:00,368.790009,370.190002,368.750000,369.769196,275935
2026-06-24 13:55:00+00:00,369.739990,370.899994,369.190002,370.480011,154229
2026-06-24 14:00:00+00:00,370.559998,370.799988,369.100006,369.323700,259554
2026-06-24 14:05:00+00:00,369.320007,369.929993,369.100006,369.609985,189107
2026-06-24 14:10:00+00:00,369.624390,370.029999,368.769989,368.875000,156480
2026-06-24 14:15:00+00:00,368.899994,368.980011,368.430115,368.769989,161705
2026-06-24 14:20:00+00:00,368.714996,369.350006,368.329987,369.230011,193649
2026-06-24 14:25:00+00:00,369.234985,369.595001,368.920013,369.190002,128122
2026-06-24 14:30:00+00:00,369.225006,370.200012,369.200012,369.890015,113475
2026-06-24 14:35:00+00:00,369.869995,369.970001,368.700989,368.815002,175591
2026-06-24 14:40:00+00:00,368.850006,369.024994,368.079987,368.500000,94933
2026-06-24 14:45:00+00:00,368.362000,368.459991,367.950012,368.075012,79494
2026-06-24 14:50:00+00:00,368.075012,368.260010,367.519989,367.565002,127145
2026-06-24 14:55:00+00:00,367.589996,367.799988,367.269989,367.739990,101538
2026-06-24 15:00:00+00:00,367.755005,367.950012,367.089996,367.359985,152653
2026-06-24 15:05:00+00:00,367.339996,367.410004,366.760010,366.959991,158292
2026-06-24 15:10:00+00:00,366.989990,367.390015,366.825012,367.190002,186988
2026-06-24 15:15:00+00:00,367.206207,368.079895,366.950012,368.029999,100168
2026-06-24 15:20:00+00:00,368.029999,368.380005,367.720001,367.839996,142128
2026-06-24 15:25:00+00:00,367.809998,368.429993,367.360107,368.429993,129234
2026-06-24 15:30:00+00:00,368.424988,368.469910,367.620087,367.880005,63913
2026-06-24 15:35:00+00:00,367.859985,367.999908,367.601593,367.649994,75114
2026-06-24 15:40:00+00:00,367.617004,367.660004,367.149994,367.579987,69607
2026-06-24 15:45:00+00:00,367.589996,368.410004,367.390015,368.209991,140421
2026-06-24 15:50:00+00:00,368.220001,368.562500,367.290009,367.459991,128676
2026-06-24 15:55:00+00:00,367.480011,367.559998,367.040009,367.244995,75519
2026-06-24 16:00:00+00:00,367.269989,367.529999,366.970001,367.220001,113245
2026-06-24 16:05:00+00:00,367.265015,367.609985,366.630005,367.059998,92877
2026-06-24 16:10:00+00:00,367.089996,367.429993,366.970001,367.239990,52392
2026-06-24 16:15:00+00:00,367.299988,367.600006,367.179993,367.250000,93355
2026-06-24 16:20:00+00:00,367.329987,368.230011,367.269989,368.040009,77048
2026-06-24 16:25:00+00:00,368.065002,368.609985,367.959991,368.489990,500059
2026-06-24 16:30:00+00:00,368.489990,368.809998,368.230011,368.410004,111930
2026-06-24 16:35:00+00:00,368.500000,369.119995,368.459991,368.690002,157993
2026-06-24 16:40:00+00:00,368.714996,368.869995,367.929993,368.149994,119074
2026-06-24 16:45:00+00:00,368.140015,368.170013,367.724396,367.724396,108440
2026-06-24 16:50:00+00:00,367.734985,368.045013,367.704987,367.709991,69033
2026-06-24 16:55:00+00:00,367.700806,367.859894,367.589996,367.640015,52085
2026-06-24 17:00:00+00:00,367.649994,368.049988,367.540009,367.920013,80364
2026-06-24 17:05:00+00:00,367.934998,368.010010,367.420013,367.589996,56455
2026-06-24 17:10:00+00:00,367.714996,367.915009,367.500000,367.559998,51287
2026-06-24 17:15:00+00:00,367.560089,367.670013,367.000000,367.040009,34747
2026-06-24 17:20:00+00:00,367.049988,367.119995,366.370087,366.420013,100124
2026-06-24 17:25:00+00:00,366.359985,366.690002,366.140015,366.170013,116388
2026-06-24 17:30:00+00:00,366.200012,366.200012,365.549988,365.765015,91621
2026-06-24 17:35:00+00:00,365.760010,365.910004,365.489990,365.750000,79906
2026-06-24 17:40:00+00:00,365.769989,365.800110,365.489990,365.614990,118659
2026-06-24 17:45:00+00:00,365.579987,365.850006,365.250000,365.350006,71345
2026-06-24 17:50:00+00:00,365.234985,365.390015,364.940002,365.200012,110781
2026-06-24 17:55:00+00:00,365.209991,365.399994,364.540009,364.570007,103407
2026-06-24 18:00:00+00:00,364.589996,364.765015,363.320007,363.980011,199968
2026-06-24 18:05:00+00:00,363.950012,365.600006,363.950012,365.589996,119084
2026-06-24 18:10:00+00:00,365.549988,366.350006,365.329987,366.010010,191131
2026-06-24 18:15:00+00:00,366.040009,366.319702,365.739990,365.859985,115618
2026-06-24 18:20:00+00:00,365.839996,365.910004,365.190002,365.850006,90085
2026-06-24 18:25:00+00:00,365.880005,366.260010,365.779999,366.149994,87298
2026-06-24 18:30:00+00:00,366.130005,366.494995,365.859985,366.000000,165996
2026-06-24 18:35:00+00:00,366.040009,366.061005,365.549988,365.630005,364340
2026-06-24 18:40:00+00:00,365.679993,365.730011,365.359985,365.519989,41664
2026-06-24 18:45:00+00:00,365.489990,365.489990,364.989899,365.161194,70931
2026-06-24 18:50:00+00:00,365.179993,365.420013,364.929993,365.345001,79417
2026-06-24 18:55:00+00:00,365.359985,365.600006,365.220001,365.329987,68405
2026-06-24 19:00:00+00:00,365.350006,365.660004,365.019989,365.485992,61056
2026-06-24 19:05:00+00:00,365.489990,365.519989,364.899994,364.929993,70570
2026-06-24 19:10:00+00:00,364.929993,364.959991,364.630005,364.894989,58448
2026-06-24 19:15:00+00:00,364.869995,365.000000,364.679993,364.964996,138161
2026-06-24 19:20:00+00:00,364.989990,365.209991,364.929993,365.140015,59245
2026-06-24 19:25:00+00:00,365.130005,365.630005,365.089996,365.589996,182155
2026-06-24 19:30:00+00:00,365.609985,366.000000,365.570007,365.720001,118544
2026-06-24 19:35:00+00:00,365.720001,365.725006,365.320007,365.440002,63481
2026-06-24 19:40:00+00:00,365.450012,365.559998,365.190002,365.470001,110760
2026-06-24 19:45:00+00:00,365.480011,365.630005,365.320007,365.375000,156629
2026-06-24 19:50:00+00:00,365.359985,366.209991,365.250000,366.160004,252012
2026-06-24 19:55:00+00:00,366.160004,366.170013,365.660004,366.000000,366463
2026-06-25 13:30:00+00:00,368.989990,369.579987,368.179993,368.209991,893556
2026-06-25 13:35:00+00:00,368.250000,369.420013,368.079987,369.104004,188910
2026-06-25 13:40:00+00:00,369.109985,369.130005,367.931793,368.035004,178253
2026-06-25 13:45:00+00:00,368.059998,368.420013,367.674988,368.170013,185982
2026-06-25 13:50:00+00:00,368.225006,368.700012,367.589996,367.709991,151933
2026-06-25 13:55:00+00:00,367.690002,367.839996,367.000000,367.160004,352303
2026-06-25 14:00:00+00:00,367.170013,368.670013,366.799988,368.265015,376515
2026-06-25 14:05:00+00:00,368.399994,368.899994,367.829987,368.478210,232290
2026-06-25 14:10:00+00:00,368.470001,368.709991,368.140015,368.440002,167400
2026-06-25 14:15:00+00:00,368.500000,368.859985,368.170013,368.570007,238814
2026-06-25 14:20:00+00:00,368.565002,369.000000,368.140015,368.250000,258947
2026-06-25 14:25:00+00:00,368.299988,369.540009,368.130005,369.350006,218177
2026-06-25 14:30:00+00:00,369.300110,369.630005,368.970001,369.299988,70236
2026-06-25 14:35:00+00:00,369.290009,369.420013,368.445007,368.570007,50041
2026-06-25 14:40:00+00:00,368.554993,368.809998,368.410004,368.779999,668788
2026-06-25 14:45:00+00:00,368.799988,368.880005,368.250000,368.500000,61314
2026-06-25 14:50:00+00:00,368.489990,368.809998,368.190002,368.600006,59397
2026-06-25 14:55:00+00:00,368.579987,368.579987,368.029999,368.075012,83276
2026-06-25 15:00:00+00:00,368.109985,368.380005,367.859985,368.380005,91985
2026-06-25 15:05:00+00:00,368.350006,368.820007,368.269989,368.510010,94485
2026-06-25 15:10:00+00:00,368.500000,368.524994,367.429993,367.700012,123634
2026-06-25 15:15:00+00:00,367.679993,368.399994,367.510010,368.329987,80804
2026-06-25 15:20:00+00:00,368.359894,370.640015,368.079987,370.410004,229146
2026-06-25 15:25:00+00:00,370.424988,370.424988,369.350006,369.394989,74748
2026-06-25 15:30:00+00:00,369.439911,369.579895,368.980011,369.010010,44644
2026-06-25 15:35:00+00:00,369.029999,369.779999,369.019989,369.589996,38662
2026-06-25 15:40:00+00:00,369.614990,369.799988,369.394989,369.500000,61346
2026-06-25 15:45:00+00:00,369.500000,370.329987,369.434998,369.829987,103244
2026-06-25 15:50:00+00:00,369.890015,370.795013,369.740112,370.480011,70794
2026-06-25 15:55:00+00:00,370.484985,370.890015,370.382996,370.769989,94867
2026-06-25 16:00:00+00:00,370.790009,370.915009,370.220001,370.480011,105655
2026-06-25 16:05:00+00:00,370.470001,370.640015,370.101013,370.190002,32742
2026-06-25 16:10:00+00:00,370.179993,370.750000,370.100098,370.369995,73068
2026-06-25 16:15:00+00:00,370.399994,371.029999,370.399994,370.679993,113451
2026-06-25 16:20:00+00:00,370.759888,371.010010,370.690002,370.820007,34443
2026-06-25 16:25:00+00:00,370.804993,370.899994,370.630005,370.730011,51796
2026-06-25 16:30:00+00:00,370.720001,370.750000,370.024994,370.170013,49166
2026-06-25 16:35:00+00:00,370.130005,370.359985,369.809998,369.869995,46824
2026-06-25 16:40:00+00:00,369.890015,370.049988,369.769989,369.829987,25340
2026-06-25 16:45:00+00:00,369.809998,369.855011,369.160004,369.855011,42898
2026-06-25 16:50:00+00:00,369.839996,370.000000,369.529999,369.839996,22154
2026-06-25 16:55:00+00:00,369.829987,369.839996,369.450012,369.570007,42196
2026-06-25 17:00:00+00:00,369.579987,369.730011,369.420013,369.670013,33569
2026-06-25 17:05:00+00:00,369.670013,369.910004,369.600006,369.760010,30239
2026-06-25 17:10:00+00:00,369.730011,369.859985,369.609985,369.660004,87040
2026-06-25 17:15:00+00:00,369.670013,369.970001,369.619995,369.709991,18333
2026-06-25 17:20:00+00:00,369.630096,369.970001,369.519989,369.910004,17661
2026-06-25 17:25:00+00:00,369.890015,370.230011,369.690002,369.929993,46122
2026-06-25 17:30:00+00:00,369.959991,370.149994,369.850006,369.880005,37098
2026-06-25 17:35:00+00:00,369.880005,370.084991,369.790100,369.990112,71673
2026-06-25 17:40:00+00:00,369.994995,370.239990,369.989990,370.109985,57526
2026-06-25 17:45:00+00:00,370.095001,370.095001,369.695007,369.864990,30185
2026-06-25 17:50:00+00:00,369.864990,370.119904,369.830109,370.019989,18532
2026-06-25 17:55:00+00:00,370.070007,370.320007,370.000000,370.160004,33363
2026-06-25 18:00:00+00:00,370.170013,370.230011,369.510010,369.635010,30495
2026-06-25 18:05:00+00:00,369.640015,370.089996,369.429993,370.010010,34956
2026-06-25 18:10:00+00:00,370.015106,370.174988,369.799988,369.984985,42564
2026-06-25 18:15:00+00:00,369.984985,370.690002,369.950012,370.500000,32439
2026-06-25 18:20:00+00:00,370.480011,370.630005,370.420105,370.559998,57546
2026-06-25 18:25:00+00:00,370.554993,371.029999,370.500000,371.029999,98975
2026-06-25 18:30:00+00:00,371.039795,371.039795,370.109985,370.140015,51039
2026-06-25 18:35:00+00:00,370.140015,370.334991,369.970001,370.299988,63710
2026-06-25 18:40:00+00:00,370.339996,370.339996,369.890015,370.040009,83522
2026-06-25 18:45:00+00:00,369.980011,370.010010,369.720001,369.920013,36894
2026-06-25 18:50:00+00:00,369.934998,370.310913,369.900299,370.210999,31924
2026-06-25 18:55:00+00:00,370.225006,370.299988,370.100006,370.179993,29249
2026-06-25 19:00:00+00:00,370.230011,370.279999,369.980103,370.100006,36095
2026-06-25 19:05:00+00:00,370.079987,370.619995,370.015015,370.545013,67072
2026-06-25 19:10:00+00:00,370.545013,370.682709,370.489990,370.665009,73948
2026-06-25 19:15:00+00:00,370.669586,370.964996,370.329987,370.420013,138235
2026-06-25 19:20:00+00:00,370.420013,370.699005,370.399994,370.600006,134708
2026-06-25 19:25:00+00:00,370.600006,370.750000,370.260010,370.350006,408004
2026-06-25 19:30:00+00:00,370.334991,370.369995,369.959991,370.130005,78800
2026-06-25 19:35:00+00:00,370.140015,370.269989,370.010010,370.174988,44590
2026-06-25 19:40:00+00:00,370.190002,370.484985,370.029999,370.130005,92634
2026-06-25 19:45:00+00:00,370.140015,370.144897,369.380005,369.440002,88287
2026-06-25 19:50:00+00:00,369.440002,369.529999,369.010010,369.429993,160819
2026-06-25 19:55:00+00:00,369.429993,369.559998,369.040009,369.464996,274143
2026-06-26 13:30:00+00:00,372.269989,372.339996,371.470001,371.690002,433587
2026-06-26 13:35:00+00:00,371.700012,371.805603,371.179993,371.429993,110871
2026-06-26 13:40:00+00:00,371.459991,372.799988,371.399994,372.790009,112666
2026-06-26 13:45:00+00:00,372.799988,373.040009,372.429993,372.750000,69968
2026-06-26 13:50:00+00:00,372.799988,373.489990,372.679993,372.932709,111317
2026-06-26 13:55:00+00:00,373.040009,374.230011,373.000000,373.880005,77095
2026-06-26 14:00:00+00:00,373.970001,374.350006,373.299988,374.200012,204213
2026-06-26 14:05:00+00:00,374.209991,374.342987,373.690094,374.329987,111730
2026-06-26 14:10:00+00:00,374.329987,374.890015,374.114990,374.630005,125603
2026-06-26 14:15:00+00:00,374.609985,375.619995,374.510010,375.230011,239906
2026-06-26 14:20:00+00:00,375.149994,375.559998,375.100006,375.209991,199770
2026-06-26 14:25:00+00:00,375.250000,375.450012,374.755005,374.795013,129661
2026-06-26 14:30:00+00:00,374.779999,374.839996,374.369995,374.369995,119657
2026-06-26 14:35:00+00:00,374.410004,374.549988,374.049988,374.329987,67155
2026-06-26 14:40:00+00:00,374.290009,374.750000,374.059998,374.654999,153444
2026-06-26 14:45:00+00:00,374.709991,375.459991,374.700012,375.174988,75912
2026-06-26 14:50:00+00:00,375.174988,375.184998,374.744995,375.100006,43564
2026-06-26 14:55:00+00:00,375.089996,375.390015,374.429993,374.459991,67753
2026-06-26 15:00:00+00:00,374.500000,374.679993,374.350006,374.359985,69660
2026-06-26 15:05:00+00:00,374.359985,374.470001,373.950012,374.437500,62536
2026-06-26 15:10:00+00:00,374.480011,374.579987,374.170013,374.359985,20094
2026-06-26 15:15:00+00:00,374.359985,374.760010,374.160004,374.540009,48148
2026-06-26 15:20:00+00:00,374.579987,374.730011,374.420013,374.570007,42393
2026-06-26 15:25:00+00:00,374.549988,374.790009,374.450012,374.769989,32470
2026-06-26 15:30:00+00:00,374.799988,375.174988,374.609985,374.609985,46117
2026-06-26 15:35:00+00:00,374.589996,375.670013,374.579987,375.489990,68402
2026-06-26 15:40:00+00:00,375.480011,375.790009,375.429993,375.700012,149090
2026-06-26 15:45:00+00:00,375.750000,375.850006,375.359985,375.750000,35589
2026-06-26 15:50:00+00:00,375.750000,375.794006,374.700989,374.959991,103130
2026-06-26 15:55:00+00:00,374.989990,375.540009,374.929993,375.350006,43948
2026-06-26 16:00:00+00:00,375.440002,375.600006,375.320007,375.459991,27419
2026-06-26 16:05:00+00:00,375.429993,375.429993,375.149994,375.220001,18422
2026-06-26 16:10:00+00:00,375.230011,375.470001,375.100006,375.350006,185009
2026-06-26 16:15:00+00:00,375.420013,375.640015,375.279999,375.350006,27109
2026-06-26 16:20:00+00:00,375.339996,375.372498,374.700012,374.929993,74196
2026-06-26 16:25:00+00:00,374.869995,375.149994,374.820007,375.019989,31974
2026-06-26 16:30:00+00:00,375.059998,375.619995,375.059998,375.125000,61247
2026-06-26 16:35:00+00:00,375.109985,375.190002,374.790009,374.835114,164831
2026-06-26 16:40:00+00:00,374.880005,374.959991,374.619995,374.850006,37720
2026-06-26 16:45:00+00:00,374.859985,375.049988,374.769989,374.785004,24673
2026-06-26 16:50:00+00:00,374.774994,374.910004,374.700012,374.880005,38619
2026-06-26 16:55:00+00:00,374.929993,374.959991,374.769989,374.875000,20279
2026-06-26 17:00:00+00:00,374.899994,374.929993,374.769989,374.850006,12964
2026-06-26 17:05:00+00:00,374.890015,375.149994,374.839996,375.019989,17760
2026-06-26 17:10:00+00:00,375.070007,375.070007,374.649994,374.750000,18317
2026-06-26 17:15:00+00:00,374.732513,374.799988,374.563599,374.575012,28180
2026-06-26 17:20:00+00:00,374.579987,374.859985,374.420013,374.817413,26317
2026-06-26 17:25:00+00:00,374.834991,374.837494,374.470001,374.549988,23327
2026-06-26 17:30:00+00:00,374.600006,374.739990,374.119995,374.234985,29087
2026-06-26 17:35:00+00:00,374.269989,374.320007,373.899994,374.000000,32452
2026-06-26 17:40:00+00:00,373.989990,374.149994,373.820007,374.084991,57484
2026-06-26 17:45:00+00:00,374.060089,374.170013,373.859985,374.040009,25384
2026-06-26 17:50:00+00:00,374.029999,374.089996,373.890015,373.975006,17214
2026-06-26 17:55:00+00:00,373.940002,373.989990,373.834991,373.920013,14842
2026-06-26 18:00:00+00:00,373.940002,374.109894,373.730011,374.100006,18406
2026-06-26 18:05:00+00:00,374.089996,374.290009,373.940094,374.149994,18506
2026-06-26 18:10:00+00:00,374.119995,374.209991,374.040009,374.084991,13721
2026-06-26 18:15:00+00:00,374.100006,374.119995,373.790009,373.884003,22988
2026-06-26 18:20:00+00:00,373.859985,373.880005,373.630005,373.660004,33878
2026-06-26 18:25:00+00:00,373.660004,373.839996,373.644989,373.804993,22211
2026-06-26 18:30:00+00:00,373.850006,373.970001,373.799988,373.871796,25246
2026-06-26 18:35:00+00:00,373.880005,373.880005,373.750000,373.849091,36208
2026-06-26 18:40:00+00:00,373.854004,373.889008,373.700012,373.750000,32318
2026-06-26 18:45:00+00:00,373.739990,373.739990,373.299988,373.429993,20140
2026-06-26 18:50:00+00:00,373.399994,373.559998,373.359985,373.519989,15356
2026-06-26 18:55:00+00:00,373.549988,373.595001,373.250000,373.250000,29418
2026-06-26 19:00:00+00:00,373.279999,373.359985,373.040009,373.109985,61254
2026-06-26 19:05:00+00:00,373.109985,373.265015,373.010010,373.204987,47100
2026-06-26 19:10:00+00:00,373.220001,373.510010,373.149994,373.459991,19376
2026-06-26 19:15:00+00:00,373.454987,373.459991,373.269989,373.329987,31361
2026-06-26 19:20:00+00:00,373.329987,373.329987,373.019989,373.119995,42167
2026-06-26 19:25:00+00:00,373.160004,373.309998,373.029999,373.179993,84214
2026-06-26 19:30:00+00:00,373.190002,373.540009,373.130005,373.540009,47690
2026-06-26 19:35:00+00:00,373.519989,373.589996,373.369995,373.390015,34924
2026-06-26 19:40:00+00:00,373.410004,373.549988,373.339996,373.390015,80982
2026-06-26 19:45:00+00:00,373.380005,373.497314,373.239990,373.489990,70563
2026-06-26 19:50:00+00:00,373.500000,373.890015,373.489990,373.820007,120123
2026-06-26 19:55:00+00:00,373.839996,373.940002,373.570007,373.630005,201970
2026-06-29 13:30:00+00:00,370.575012,371.190002,370.470001,371.070007,326252
2026-06-29 13:35:00+00:00,371.089996,371.130005,370.209991,370.410004,78702
2026-06-29 13:40:00+00:00,370.369995,370.904999,370.320007,370.590088,52832
2026-06-29 13:45:00+00:00,370.640015,370.769989,370.075012,370.244995,110508
2026-06-29 13:50:00+00:00,370.220001,370.350006,369.809998,369.970001,85079
2026-06-29 13:55:00+00:00,369.970001,370.100006,369.640015,370.000000,107167
2026-06-29 14:00:00+00:00,370.010010,370.290009,369.140015,369.559998,137084
2026-06-29 14:05:00+00:00,369.510895,369.600006,368.420013,368.470001,156085
2026-06-29 14:10:00+00:00,368.470001,368.700012,367.831909,367.831909,126552
2026-06-29 14:15:00+00:00,367.850006,368.730011,366.970001,368.679993,311373
2026-06-29 14:20:00+00:00,368.635010,368.929993,368.440002,368.899994,56386
2026-06-29 14:25:00+00:00,368.920013,369.640015,368.915009,369.334991,126148
2026-06-29 14:30:00+00:00,369.334991,369.600006,369.220001,369.470001,26527
2026-06-29 14:35:00+00:00,369.460114,369.589996,368.970001,369.209991,58749
2026-06-29 14:40:00+00:00,369.184998,369.260010,368.850006,368.929993,28319
2026-06-29 14:45:00+00:00,368.989990,369.190002,368.670013,368.825012,52749
2026-06-29 14:50:00+00:00,368.825012,369.540009,368.760010,369.470001,55976
2026-06-29 14:55:00+00:00,369.434998,369.809998,369.239990,369.410004,47161
2026-06-29 15:00:00+00:00,369.420013,369.470001,369.000092,369.000092,33312
2026-06-29 15:05:00+00:00,369.000000,369.339996,368.959991,369.160004,77147
2026-06-29 15:10:00+00:00,369.190002,369.269989,368.839996,369.059998,28385
2026-06-29 15:15:00+00:00,369.049988,369.549988,369.000000,369.070007,43261
2026-06-29 15:20:00+00:00,369.070007,369.109985,368.570007,368.700012,63944
2026-06-29 15:25:00+00:00,368.730011,369.279907,368.730011,369.269989,27197
2026-06-29 15:30:00+00:00,369.260010,369.450012,369.160004,369.204010,40428
2026-06-29 15:35:00+00:00,369.154999,369.299988,368.660004,369.140015,67145
2026-06-29 15:40:00+00:00,369.119995,369.190002,369.029999,369.144989,20709
2026-06-29 15:45:00+00:00,369.119995,369.560211,369.079987,369.500000,31592
2026-06-29 15:50:00+00:00,369.440002,369.765106,369.380096,369.619995,28123
2026-06-29 15:55:00+00:00,369.579987,369.809998,369.489990,369.510010,118460
2026-06-29 16:00:00+00:00,369.500000,369.640015,369.330109,369.459991,66625
2026-06-29 16:05:00+00:00,369.440002,369.570007,369.260010,369.540009,34277
2026-06-29 16:10:00+00:00,369.537506,369.570007,369.179993,369.210114,25606
2026-06-29 16:15:00+00:00,369.209991,369.369995,369.040009,369.369995,42843
2026-06-29 16:20:00+00:00,369.375000,369.450012,369.299988,369.393097,27110
2026-06-29 16:25:00+00:00,369.350006,369.380005,369.187500,369.214996,22896
2026-06-29 16:30:00+00:00,369.230011,369.279999,368.739990,368.799988,24652
2026-06-29 16:35:00+00:00,368.809998,369.029999,368.809998,369.014008,23861
2026-06-29 16:40:00+00:00,368.989990,369.084991,368.809998,368.980011,34465
2026-06-29 16:45:00+00:00,368.989990,369.429993,368.929993,369.424988,34476
2026-06-29 16:50:00+00:00,369.429993,369.619995,369.390015,369.424988,58960
2026-06-29 16:55:00+00:00,369.410004,369.459991,369.220001,369.220001,16768
2026-06-29 17:00:00+00:00,369.220001,369.394989,369.170013,369.350006,19903
2026-06-29 17:05:00+00:00,369.329987,369.959991,369.329987,369.809998,22231
2026-06-29 17:10:00+00:00,369.809998,369.959991,369.589996,369.674988,37852
2026-06-29 17:15:00+00:00,369.690002,369.839996,369.625000,369.819885,22757
2026-06-29 17:20:00+00:00,369.790009,369.799988,369.480011,369.540009,26112
2026-06-29 17:25:00+00:00,369.510010,369.529999,369.130005,369.220001,47038
2026-06-29 17:30:00+00:00,369.260010,369.279999,368.989990,369.220001,23338
2026-06-29 17:35:00+00:00,369.220001,369.289886,369.109985,369.250000,16834
2026-06-29 17:40:00+00:00,369.230011,369.299896,369.070007,369.089996,14717
2026-06-29 17:45:00+00:00,369.089996,369.100006,368.955811,369.000000,16289
2026-06-29 17:50:00+00:00,369.010010,369.140015,368.859985,369.010010,59957
2026-06-29 17:55:00+00:00,368.989990,369.070007,368.829987,368.984985,13972
2026-06-29 18:00:00+00:00,368.984985,369.260010,368.950012,369.260010,24543
2026-06-29 18:05:00+00:00,369.190002,369.209991,369.059998,369.119995,11017
2026-06-29 18:10:00+00:00,369.119995,369.269989,369.119995,369.239990,8779
2026-06-29 18:15:00+00:00,369.230011,369.350006,369.140015,369.339996,13355
2026-06-29 18:20:00+00:00,369.299988,369.350006,369.230011,369.269989,12306
2026-06-29 18:25:00+00:00,369.260101,369.269989,368.929993,368.989990,23430
2026-06-29 18:30:00+00:00,368.989990,369.040009,368.859985,368.920685,105596
2026-06-29 18:35:00+00:00,368.940002,368.980011,368.880005,368.975006,24211
2026-06-29 18:40:00+00:00,368.959991,369.019989,368.851410,368.959991,27406
2026-06-29 18:45:00+00:00,368.980011,369.010010,368.500000,368.515015,82403
2026-06-29 18:50:00+00:00,368.500000,368.700012,368.464996,368.649994,35072
2026-06-29 18:55:00+00:00,368.649994,368.659912,368.149994,368.279999,43411
2026-06-29 19:00:00+00:00,368.286499,368.399994,367.920013,367.920105,96767
2026-06-29 19:05:00+00:00,367.940002,368.130005,367.929993,368.105011,48278
2026-06-29 19:10:00+00:00,368.100006,368.135010,367.739990,367.790009,70540
2026-06-29 19:15:00+00:00,367.750000,367.859985,367.529999,367.859985,30257
2026-06-29 19:20:00+00:00,367.850006,368.190002,367.839996,368.105011,28556
2026-06-29 19:25:00+00:00,368.100006,368.575012,368.100006,368.574707,42913
2026-06-29 19:30:00+00:00,368.600006,368.839996,368.570007,368.644989,46487
2026-06-29 19:35:00+00:00,368.640015,368.769989,368.570007,368.619995,52964
2026-06-29 19:40:00+00:00,368.609985,368.709991,368.549988,368.690002,25279
2026-06-29 19:45:00+00:00,368.695007,368.720001,368.390015,368.399994,70736
2026-06-29 19:50:00+00:00,368.420013,368.429993,368.239990,368.339996,122684
2026-06-29 19:55:00+00:00,368.339996,368.660004,368.220001,368.570007,300790
2026-06-30 13:30:00+00:00,369.220001,369.609985,368.825012,369.019989,305012
2026-06-30 13:35:00+00:00,369.029999,369.170013,368.255005,368.274811,78465
2026-06-30 13:40:00+00:00,368.299988,369.480011,368.299988,369.290009,108897
2026-06-30 13:45:00+00:00,369.290009,369.570007,369.070007,369.260010,87210
2026-06-30 13:50:00+00:00,369.234985,370.029999,369.234985,369.679901,70363
2026-06-30 13:55:00+00:00,369.649994,369.989990,369.510010,369.739990,104074
2026-06-30 14:00:00+00:00,369.739990,369.890015,369.329712,369.420013,99784
2026-06-30 14:05:00+00:00,369.429993,371.149994,369.359985,371.019989,156669
2026-06-30 14:10:00+00:00,371.010010,371.500000,370.440002,371.065002,168952
2026-06-30 14:15:00+00:00,371.064789,371.570007,371.010010,371.502808,79683
2026-06-30 14:20:00+00:00,371.549988,372.829987,371.424988,372.730011,357277
2026-06-30 14:25:00+00:00,372.752991,372.752991,371.990112,372.010010,82366
2026-06-30 14:30:00+00:00,372.010010,372.399994,371.779999,371.809998,46717
2026-06-30 14:35:00+00:00,371.818390,371.929993,371.130005,371.545013,66400
2026-06-30 14:40:00+00:00,371.589996,371.920013,371.434998,371.700012,118622
2026-06-30 14:45:00+00:00,371.619995,371.619995,370.989990,371.040009,44625
2026-06-30 14:50:00+00:00,371.070007,371.369904,370.880005,371.029999,35362
2026-06-30 14:55:00+00:00,371.040009,371.095001,370.436615,370.459991,47598
2026-06-30 15:00:00+00:00,370.445007,370.600006,370.130005,370.204987,40158
2026-06-30 15:05:00+00:00,370.213501,370.480011,369.980011,370.220001,43873
2026-06-30 15:10:00+00:00,370.250000,370.415009,370.010010,370.380005,50389
2026-06-30 15:15:00+00:00,370.320007,370.329987,369.429993,369.489990,51986
2026-06-30 15:20:00+00:00,369.589996,369.670013,369.070007,369.570007,65947
2026-06-30 15:25:00+00:00,369.510010,369.839996,369.500000,369.649994,28325
2026-06-30 15:30:00+00:00,369.700012,369.890015,369.559998,369.759705,28079
2026-06-30 15:35:00+00:00,369.779999,369.910004,369.540009,369.880005,30838
2026-06-30 15:40:00+00:00,369.875000,369.875000,369.500000,369.759888,22266
2026-06-30 15:45:00+00:00,369.760010,370.209991,369.760010,370.089996,32301
2026-06-30 15:50:00+00:00,370.048401,370.160004,369.910004,370.148987,18469
2026-06-30 15:55:00+00:00,370.140015,370.190704,369.660004,369.709991,38392
2026-06-30 16:00:00+00:00,369.709991,369.796509,369.429993,369.500000,30580
2026-06-30 16:05:00+00:00,369.529999,369.679993,369.380005,369.484985,12127
2026-06-30 16:10:00+00:00,369.429993,369.779999,369.429993,369.769989,10711
2026-06-30 16:15:00+00:00,369.779999,369.873199,369.579987,369.779907,37320
2026-06-30 16:20:00+00:00,369.799988,369.899994,369.660400,369.700012,30382
2026-06-30 16:25:00+00:00,369.691803,369.839996,369.630005,369.769989,24126
2026-06-30 16:30:00+00:00,369.720001,369.869995,369.679993,369.839996,20326
2026-06-30 16:35:00+00:00,369.839996,369.859985,369.551514,369.820007,24374
2026-06-30 16:40:00+00:00,369.809998,369.970001,369.619995,369.869995,18525
2026-06-30 16:45:00+00:00,369.920013,370.140015,369.880096,369.924988,26382
2026-06-30 16:50:00+00:00,369.880005,369.940002,369.799988,369.920013,9695
2026-06-30 16:55:00+00:00,369.869995,369.885010,369.380005,369.390015,17827
2026-06-30 17:00:00+00:00,369.399994,369.554993,369.260010,369.450012,12488
2026-06-30 17:05:00+00:00,369.450012,369.475311,368.970001,369.119995,26491
2026-06-30 17:10:00+00:00,369.089996,369.190002,368.899994,369.150085,49412
2026-06-30 17:15:00+00:00,369.160004,369.589996,369.140015,369.489990,31025
2026-06-30 17:20:00+00:00,369.470001,369.489990,369.126007,369.190002,20928
2026-06-30 17:25:00+00:00,369.179993,369.399994,369.010010,369.329987,60724
2026-06-30 17:30:00+00:00,369.359985,369.619995,369.359985,369.565002,53149
2026-06-30 17:35:00+00:00,369.541687,369.640015,369.399994,369.515015,9325
2026-06-30 17:40:00+00:00,369.489990,369.753296,369.459991,369.709991,13060
2026-06-30 17:45:00+00:00,369.715088,369.850006,369.695007,369.739990,42043
2026-06-30 17:50:00+00:00,369.741302,369.954987,369.741302,369.869995,11621
2026-06-30 17:55:00+00:00,369.859985,369.950012,369.752014,369.839996,17784
2026-06-30 18:00:00+00:00,369.839996,369.970001,369.839996,369.950012,34031
2026-06-30 18:05:00+00:00,369.954010,370.130005,369.929993,370.019989,15319
2026-06-30 18:10:00+00:00,370.024994,370.089996,369.980011,370.000000,11564
2026-06-30 18:15:00+00:00,369.982300,369.994995,369.804993,369.950104,16455
2026-06-30 18:20:00+00:00,369.959991,370.029999,369.850098,369.920013,17533
2026-06-30 18:25:00+00:00,369.929993,369.980011,369.820007,369.910004,21031
2026-06-30 18:30:00+00:00,369.920013,369.920013,369.709991,369.804993,36134
2026-06-30 18:35:00+00:00,369.829987,369.940002,369.750000,369.765015,12118
2026-06-30 18:40:00+00:00,369.750000,369.899994,369.619995,369.850006,30261
2026-06-30 18:45:00+00:00,369.839996,369.929993,369.679993,369.910004,28297
2026-06-30 18:50:00+00:00,369.924988,370.010010,369.820007,369.950012,17482
2026-06-30 18:55:00+00:00,369.929993,369.929993,369.609985,369.630005,22312
2026-06-30 19:00:00+00:00,369.609985,369.725006,369.450012,369.450012,38960
2026-06-30 19:05:00+00:00,369.480011,369.529999,369.250000,369.299988,24148
2026-06-30 19:10:00+00:00,369.295013,369.459991,369.195007,369.230011,48942
2026-06-30 19:15:00+00:00,369.222504,369.320007,369.140015,369.190002,44365
2026-06-30 19:20:00+00:00,369.200012,369.260010,369.029999,369.040009,30133
2026-06-30 19:25:00+00:00,369.045013,369.100006,368.950012,368.950012,35624
2026-06-30 19:30:00+00:00,368.950012,369.160004,368.900085,369.049988,46413
2026-06-30 19:35:00+00:00,369.045990,369.059998,368.899994,369.029999,82928
2026-06-30 19:40:00+00:00,369.019989,369.114990,368.920013,369.029999,339505
2026-06-30 19:45:00+00:00,369.029999,369.079987,368.829987,368.859985,129260
2026-06-30 19:50:00+00:00,368.839996,368.910004,368.420013,368.440002,223976
2026-06-30 19:55:00+00:00,368.475006,368.690002,368.290009,368.369995,369207
2026-07-01 13:30:00+00:00,371.204987,371.820007,370.720001,371.360809,663220
2026-07-01 13:35:00+00:00,371.329987,373.545013,371.209991,373.470001,239468
2026-07-01 13:40:00+00:00,373.399994,376.100006,373.380005,376.019989,293666
2026-07-01 13:45:00+00:00,376.049988,376.920013,374.791809,375.269989,331164
2026-07-01 13:50:00+00:00,375.220001,375.959991,374.829987,375.079987,238490
2026-07-01 13:55:00+00:00,375.089996,375.530090,374.880005,375.279999,130061
2026-07-01 14:00:00+00:00,375.339996,376.299988,374.609985,374.869995,187851
2026-07-01 14:05:00+00:00,374.869995,375.880005,374.869995,375.739990,163538
2026-07-01 14:10:00+00:00,375.759308,376.250000,375.589996,375.639893,423012
2026-07-01 14:15:00+00:00,375.640015,376.179993,375.319794,375.820007,409190
2026-07-01 14:20:00+00:00,375.799988,376.869995,375.760010,376.750000,251582
2026-07-01 14:25:00+00:00,376.750000,376.940002,375.899994,376.339996,289041
2026-07-01 14:30:00+00:00,376.359985,377.320007,376.114990,377.319702,97536
2026-07-01 14:35:00+00:00,377.255005,377.779999,376.770111,376.869995,206091
2026-07-01 14:40:00+00:00,376.820007,376.899994,375.540009,375.609985,82960
2026-07-01 14:45:00+00:00,375.630005,375.820007,375.089996,375.200012,74721
2026-07-01 14:50:00+00:00,375.239990,375.470001,375.000000,375.279999,52638
2026-07-01 14:55:00+00:00,375.279999,375.755005,375.279999,375.619995,48356
2026-07-01 15:00:00+00:00,375.660004,375.769989,375.220001,375.279999,54618
2026-07-01 15:05:00+00:00,375.285004,375.660004,374.750000,374.809998,126674
2026-07-01 15:10:00+00:00,374.815002,375.010010,374.600006,374.904388,85436
2026-07-01 15:15:00+00:00,374.910095,375.505005,374.910095,375.049988,66635
2026-07-01 15:20:00+00:00,375.000000,375.309998,374.260010,374.519989,104810
2026-07-01 15:25:00+00:00,374.529999,374.859985,374.348511,374.739990,52167
2026-07-01 15:30:00+00:00,374.765015,374.790009,374.250000,374.250000,76659
2026-07-01 15:35:00+00:00,374.220001,374.579987,374.144989,374.489990,46368
2026-07-01 15:40:00+00:00,374.459991,374.679901,374.320007,374.679901,200420
2026-07-01 15:45:00+00:00,374.649994,374.905090,374.549988,374.799988,47320
2026-07-01 15:50:00+00:00,374.829987,375.149994,374.700012,374.820007,57695
2026-07-01 15:55:00+00:00,374.799988,374.799988,374.350006,374.510010,22051
2026-07-01 16:00:00+00:00,374.519989,375.040009,374.519989,374.910004,29291
2026-07-01 16:05:00+00:00,374.890015,375.220001,374.799988,374.829987,83631
2026-07-01 16:10:00+00:00,374.850006,374.850006,374.589996,374.665009,22153
2026-07-01 16:15:00+00:00,374.640015,374.820007,374.520203,374.799988,35216
2026-07-01 16:20:00+00:00,374.769989,374.890015,374.470001,374.570007,54993
2026-07-01 16:25:00+00:00,374.559998,374.790009,374.545013,374.545013,323157
2026-07-01 16:30:00+00:00,374.545013,374.709991,373.970001,374.040009,103438
2026-07-01 16:35:00+00:00,374.065002,374.429993,374.059998,374.170013,15737
2026-07-01 16:40:00+00:00,374.149994,374.170013,373.760010,373.869995,377505
2026-07-01 16:45:00+00:00,373.890015,374.049988,373.750000,373.809998,37972
2026-07-01 16:50:00+00:00,373.790009,373.900085,373.570007,373.790009,528788
2026-07-01 16:55:00+00:00,373.779999,373.779999,373.529999,373.609985,523828
2026-07-01 17:00:00+00:00,373.589996,373.799988,373.450012,373.649994,30317
2026-07-01 17:05:00+00:00,373.630005,373.630005,373.320007,373.334991,26179
2026-07-01 17:10:00+00:00,373.399994,373.640015,373.309998,373.579987,30476
2026-07-01 17:15:00+00:00,373.630005,373.660004,373.299988,373.459991,28812
2026-07-01 17:20:00+00:00,373.494995,373.640106,373.421600,373.510010,26179
2026-07-01 17:25:00+00:00,373.549988,373.570007,373.290009,373.290009,35897
2026-07-01 17:30:00+00:00,373.334991,373.695007,373.329987,373.584991,44446
2026-07-01 17:35:00+00:00,373.565002,373.644989,373.480011,373.618103,15148
2026-07-01 17:40:00+00:00,373.549988,373.790009,373.480011,373.579987,28218
2026-07-01 17:45:00+00:00,373.579987,373.660095,373.510010,373.619995,10500
2026-07-01 17:50:00+00:00,373.630005,373.690002,373.429993,373.459991,15406
2026-07-01 17:55:00+00:00,373.489990,373.489990,373.230011,373.335114,18744
2026-07-01 18:00:00+00:00,373.315002,373.510010,373.309998,373.489990,21762
2026-07-01 18:05:00+00:00,373.500000,373.500000,373.279999,373.279999,15601
2026-07-01 18:10:00+00:00,373.269989,373.559998,373.220093,373.480011,27962
2026-07-01 18:15:00+00:00,373.380005,373.399994,373.010010,373.220001,24976
2026-07-01 18:20:00+00:00,373.179993,373.179993,372.920013,373.024994,24467
2026-07-01 18:25:00+00:00,373.029999,373.079987,372.660004,372.709991,20908
2026-07-01 18:30:00+00:00,372.839996,373.119995,372.779999,373.029999,27862
2026-07-01 18:35:00+00:00,373.029999,373.046753,372.869995,372.915009,16433
2026-07-01 18:40:00+00:00,372.869995,372.869995,372.700012,372.845001,18305
2026-07-01 18:45:00+00:00,372.825012,372.839996,372.660004,372.725006,30181
2026-07-01 18:50:00+00:00,372.725006,372.769989,372.359985,372.424011,66772
2026-07-01 18:55:00+00:00,372.440002,372.795013,372.420013,372.774994,27313
2026-07-01 19:00:00+00:00,372.760010,373.130005,372.739990,373.114990,28132
2026-07-01 19:05:00+00:00,373.100006,373.304993,372.970001,373.250000,19693
2026-07-01 19:10:00+00:00,373.220001,373.234985,372.950012,373.035004,44596
2026-07-01 19:15:00+00:00,373.024994,373.089996,372.649994,372.679993,31358
2026-07-01 19:20:00+00:00,372.665009,372.750000,372.220001,372.234985,39635
2026-07-01 19:25:00+00:00,372.269989,372.510010,372.234985,372.440002,27255
2026-07-01 19:30:00+00:00,372.434998,372.500000,372.130005,372.215088,35883
2026-07-01 19:35:00+00:00,372.214996,372.239990,372.082001,372.119995,36778
2026-07-01 19:40:00+00:00,372.130005,372.149994,371.880005,371.959991,34968
2026-07-01 19:45:00+00:00,371.950012,372.010010,371.709991,371.820007,56363
2026-07-01 19:50:00+00:00,371.829987,371.850006,370.619995,370.850006,144302
2026-07-01 19:55:00+00:00,370.850006,370.899994,370.209991,370.570007,202944
2026-07-02 13:30:00+00:00,377.434998,379.049988,377.140015,378.869995,933883
2026-07-02 13:35:00+00:00,378.839996,379.774994,378.779999,379.500000,183016
2026-07-02 13:40:00+00:00,379.529999,379.709991,378.690002,379.420013,139538
2026-07-02 13:45:00+00:00,379.424988,380.179993,379.331085,379.984985,216810
2026-07-02 13:50:00+00:00,379.975006,380.269989,379.231995,379.320007,181720
2026-07-02 13:55:00+00:00,379.320007,379.989990,379.220001,379.630005,88744
2026-07-02 14:00:00+00:00,379.609985,379.759888,378.765015,379.000000,157564
2026-07-02 14:05:00+00:00,379.019989,379.399994,378.779999,378.804993,122100
2026-07-02 14:10:00+00:00,378.760010,379.089996,378.410004,378.839996,123076
2026-07-02 14:15:00+00:00,378.839996,379.559998,378.690002,379.040009,125886
2026-07-02 14:20:00+00:00,379.010010,379.010010,378.154999,378.359985,129044
2026-07-02 14:25:00+00:00,378.359985,378.459991,377.519989,377.720001,142906
2026-07-02 14:30:00+00:00,377.739990,378.589996,377.600006,378.059998,96450
2026-07-02 14:35:00+00:00,378.059998,378.149994,377.734985,377.920013,39816
2026-07-02 14:40:00+00:00,377.984985,378.135010,377.559998,377.929993,92043
2026-07-02 14:45:00+00:00,377.950012,378.329895,377.679993,378.320007,42268
2026-07-02 14:50:00+00:00,378.329987,378.679993,378.135010,378.399994,60869
2026-07-02 14:55:00+00:00,378.420013,378.950012,378.420013,378.880005,56586
2026-07-02 15:00:00+00:00,378.880005,379.100006,378.640015,378.720093,52113
2026-07-02 15:05:00+00:00,378.739990,378.739990,377.600006,378.170013,77238
2026-07-02 15:10:00+00:00,378.230011,379.079987,378.130005,378.700012,66717
2026-07-02 15:15:00+00:00,378.700012,378.890015,378.140015,378.255005,68381
2026-07-02 15:20:00+00:00,378.260010,379.109985,378.260010,378.950012,57624
2026-07-02 15:25:00+00:00,378.959991,378.984985,378.274994,378.279999,36038
2026-07-02 15:30:00+00:00,378.350006,379.070007,378.290009,379.019012,63993
2026-07-02 15:35:00+00:00,379.029999,379.119995,378.790009,378.809998,29327
2026-07-02 15:40:00+00:00,378.790009,378.899994,378.540009,378.540009,53677
2026-07-02 15:45:00+00:00,378.630005,379.000000,378.630005,378.890015,85015
2026-07-02 15:50:00+00:00,378.869995,378.899994,378.500000,378.899994,45873
2026-07-02 15:55:00+00:00,378.880005,378.959991,378.600006,378.890015,325492
2026-07-02 16:00:00+00:00,378.899994,379.040009,378.524994,378.684998,533450
2026-07-02 16:05:00+00:00,378.709991,378.750000,378.320007,378.334991,42228
2026-07-02 16:10:00+00:00,378.380005,378.670013,378.269989,378.390015,56767
2026-07-02 16:15:00+00:00,378.410004,378.450012,378.170013,378.438995,16623
2026-07-02 16:20:00+00:00,378.399994,378.415009,377.730011,377.829987,37336
2026-07-02 16:25:00+00:00,377.840088,378.024994,377.707794,377.779999,25043
2026-07-02 16:30:00+00:00,377.785004,377.785004,376.470001,376.549988,118791
2026-07-02 16:35:00+00:00,376.609985,377.214996,376.286194,377.200012,47426
2026-07-02 16:40:00+00:00,377.220001,377.839996,377.160004,377.649994,38475
2026-07-02 16:45:00+00:00,377.640015,377.980011,377.559998,377.899994,68007
2026-07-02 16:50:00+00:00,377.890015,378.144989,377.670013,377.869995,94708
2026-07-02 16:55:00+00:00,377.869995,377.989990,377.730011,377.899994,23950
2026-07-02 17:00:00+00:00,377.915009,378.019989,377.559998,377.709991,133811
2026-07-02 17:05:00+00:00,377.670013,378.100006,377.489990,377.820007,54939
2026-07-02 17:10:00+00:00,377.795013,377.950012,377.529999,377.880005,25933
2026-07-02 17:15:00+00:00,377.910004,378.079987,377.730011,377.765015,21629
2026-07-02 17:20:00+00:00,377.769989,377.839996,377.279999,377.579987,92292
2026-07-02 17:25:00+00:00,377.579987,377.700012,377.279999,377.369995,68989
2026-07-02 17:30:00+00:00,377.369995,377.579987,377.179993,377.339996,51019
2026-07-02 17:35:00+00:00,377.299988,377.459991,376.970001,377.089996,37002
2026-07-02 17:40:00+00:00,377.070007,377.109985,376.779999,376.899994,60840
2026-07-02 17:45:00+00:00,376.859985,377.140015,376.804993,377.119995,37384
2026-07-02 17:50:00+00:00,377.105011,377.190002,376.839996,377.100006,31784
2026-07-02 17:55:00+00:00,377.100006,377.195007,376.799988,376.899994,25432
2026-07-02 18:00:00+00:00,376.899994,377.600006,376.779999,377.600006,56008
2026-07-02 18:05:00+00:00,377.584991,378.334991,377.540009,378.309998,71189
2026-07-02 18:10:00+00:00,378.323303,378.410004,377.980011,378.019989,42427
2026-07-02 18:15:00+00:00,378.059998,378.109985,377.690002,377.804993,45155
2026-07-02 18:20:00+00:00,377.804993,377.920013,377.720001,377.899994,38309
2026-07-02 18:25:00+00:00,377.899994,378.369995,377.899994,378.359985,42908
2026-07-02 18:30:00+00:00,378.359985,378.730011,378.359985,378.570007,32820
2026-07-02 18:35:00+00:00,378.565002,378.625000,378.480011,378.540009,62911
2026-07-02 18:40:00+00:00,378.549988,378.549988,378.220093,378.220093,23575
2026-07-02 18:45:00+00:00,378.220001,378.339996,378.100006,378.325012,36674
2026-07-02 18:50:00+00:00,378.309998,378.524994,378.250000,378.269989,24688
2026-07-02 18:55:00+00:00,378.255005,378.420013,378.190002,378.385010,27179
2026-07-02 19:00:00+00:00,378.410004,378.518707,377.920013,377.959991,42829
2026-07-02 19:05:00+00:00,378.000000,378.089996,377.684998,377.799988,88055
2026-07-02 19:10:00+00:00,377.820007,377.820007,377.429993,377.549988,31944
2026-07-02 19:15:00+00:00,377.549988,377.579987,377.339996,377.390015,65437
2026-07-02 19:20:00+00:00,377.350006,377.380005,377.059998,377.079987,32440
2026-07-02 19:25:00+00:00,377.070007,377.500000,377.010986,377.434998,48720
2026-07-02 19:30:00+00:00,377.420013,377.600006,377.350006,377.440002,56522
2026-07-02 19:35:00+00:00,377.470001,377.489990,377.239990,377.380005,63216
2026-07-02 19:40:00+00:00,377.397705,377.519989,377.359985,377.484985,45264
2026-07-02 19:45:00+00:00,377.464996,377.689301,377.420013,377.679993,49588
2026-07-02 19:50:00+00:00,377.690002,378.410004,377.690002,378.399994,88026
2026-07-02 19:55:00+00:00,378.420013,378.470001,378.029999,378.109985,267677
2026-07-06 13:30:00+00:00,380.209991,380.869995,380.000000,380.769501,553626
2026-07-06 13:35:00+00:00,380.739990,380.768005,380.279999,380.720001,63611
2026-07-06 13:40:00+00:00,380.750000,380.839996,380.269989,380.769989,48090
2026-07-06 13:45:00+00:00,380.799988,380.799988,380.059998,380.440002,95128
2026-07-06 13:50:00+00:00,380.529999,380.720001,380.170105,380.450012,57356
2026-07-06 13:55:00+00:00,380.450012,380.510010,379.500000,379.980011,115853
2026-07-06 14:00:00+00:00,379.940002,380.570007,379.779999,379.917297,49726
2026-07-06 14:05:00+00:00,379.980011,380.154999,379.279999,379.501892,65233
2026-07-06 14:10:00+00:00,379.540009,380.339905,379.540009,379.915009,54824
2026-07-06 14:15:00+00:00,379.940002,379.940002,379.339996,379.480011,64638
2026-07-06 14:20:00+00:00,379.519989,379.709991,379.149994,379.200012,58426
2026-07-06 14:25:00+00:00,379.209991,379.752502,379.190002,379.579987,39659
2026-07-06 14:30:00+00:00,379.619995,379.979889,379.299988,379.967987,24945
2026-07-06 14:35:00+00:00,379.940002,380.029999,379.519989,379.640015,45342
2026-07-06 14:40:00+00:00,379.630005,379.779999,378.829987,378.970001,77611
2026-07-06 14:45:00+00:00,378.970001,379.375000,378.890015,379.299988,26414
2026-07-06 14:50:00+00:00,379.320007,379.559998,379.265015,379.459991,39559
2026-07-06 14:55:00+00:00,379.535004,379.730011,379.380005,379.710205,27256
2026-07-06 15:00:00+00:00,379.750000,380.290009,379.630005,380.239990,47387
2026-07-06 15:05:00+00:00,380.239990,380.440002,380.079987,380.279999,18649
2026-07-06 15:10:00+00:00,380.316315,380.316315,379.739990,379.820007,19631
2026-07-06 15:15:00+00:00,379.839996,380.149994,379.839996,379.910004,41939
2026-07-06 15:20:00+00:00,379.890015,380.329987,379.760010,380.200012,32633
2026-07-06 15:25:00+00:00,380.230011,380.920013,380.220001,380.869995,30539
2026-07-06 15:30:00+00:00,380.859985,380.959991,380.609985,380.809998,47072
2026-07-06 15:35:00+00:00,380.809998,380.899994,380.540009,380.890015,64210
2026-07-06 15:40:00+00:00,380.880005,380.904999,380.709991,380.795013,28142
2026-07-06 15:45:00+00:00,380.820007,380.850006,380.529999,380.589996,38015
2026-07-06 15:50:00+00:00,380.584991,380.649902,380.369995,380.420013,31146
2026-07-06 15:55:00+00:00,380.420013,380.730011,380.350006,380.666901,29894
2026-07-06 16:00:00+00:00,380.670013,380.690002,380.220001,380.290009,16953
2026-07-06 16:05:00+00:00,380.260010,380.339996,380.200012,380.230011,28481
2026-07-06 16:10:00+00:00,380.250000,380.299988,379.950012,379.959991,18442
2026-07-06 16:15:00+00:00,379.910004,380.239990,379.910004,380.190002,43655
2026-07-06 16:20:00+00:00,380.160004,380.390015,380.100006,380.390015,35604
2026-07-06 16:25:00+00:00,380.410004,380.480011,380.260010,380.399994,15647
2026-07-06 16:30:00+00:00,380.380005,380.660004,380.380005,380.579590,14238
2026-07-06 16:35:00+00:00,380.559998,380.809998,380.545013,380.760010,15820
2026-07-06 16:40:00+00:00,380.740997,380.834991,380.679993,380.760010,19010
2026-07-06 16:45:00+00:00,380.737488,380.829987,380.709991,380.829987,16228
2026-07-06 16:50:00+00:00,380.834991,381.309998,380.834991,381.165009,36147
2026-07-06 16:55:00+00:00,381.165009,381.369995,381.079987,381.280090,23240
2026-07-06 17:00:00+00:00,381.299988,381.349915,381.029999,381.089996,51470
2026-07-06 17:05:00+00:00,381.079987,381.359985,381.079987,381.200012,52149
2026-07-06 17:10:00+00:00,381.170013,381.320007,381.040009,381.130005,32168
2026-07-06 17:15:00+00:00,381.130005,381.230011,380.940002,380.989990,38715
2026-07-06 17:20:00+00:00,380.959991,381.584991,380.859985,381.470001,33599
2026-07-06 17:25:00+00:00,381.480011,381.670013,381.209991,381.304993,60204
2026-07-06 17:30:00+00:00,381.363586,381.589996,381.250000,381.579987,39356
2026-07-06 17:35:00+00:00,381.579987,381.640015,381.410004,381.640015,33315
2026-07-06 17:40:00+00:00,381.630005,381.679993,381.459991,381.459991,24801
2026-07-06 17:45:00+00:00,381.464813,381.730011,381.429993,381.730011,15366
2026-07-06 17:50:00+00:00,381.720001,381.869995,381.640015,381.714996,30649
2026-07-06 17:55:00+00:00,381.709991,381.890015,381.630005,381.850006,30181
2026-07-06 18:00:00+00:00,381.910004,381.929993,381.450012,381.524994,34219
2026-07-06 18:05:00+00:00,381.529999,381.529999,381.320404,381.399994,24752
2026-07-06 18:10:00+00:00,381.394989,381.589996,381.315002,381.549988,22100
2026-07-06 18:15:00+00:00,381.609985,381.885010,381.609985,381.839996,15328
2026-07-06 18:20:00+00:00,381.809998,381.910004,381.709991,381.890015,19043
2026-07-06 18:25:00+00:00,381.880005,382.000000,381.829987,381.850006,28593
2026-07-06 18:30:00+00:00,381.850006,382.089996,381.720001,382.059998,34613
2026-07-06 18:35:00+00:00,382.059998,382.429993,382.059998,382.220001,27945
2026-07-06 18:40:00+00:00,382.260010,382.260010,382.000000,382.109314,18949
2026-07-06 18:45:00+00:00,382.100006,382.209900,382.079987,382.130005,15488
2026-07-06 18:50:00+00:00,382.130005,382.149994,381.910004,382.005005,38177
2026-07-06 18:55:00+00:00,382.005005,382.130005,381.959991,382.089905,19320
2026-07-06 19:00:00+00:00,382.089996,382.204987,381.890015,381.899994,18283
2026-07-06 19:05:00+00:00,381.920013,381.920013,381.720001,381.795013,15074
2026-07-06 19:10:00+00:00,381.804993,381.820007,381.649994,381.679993,23711
2026-07-06 19:15:00+00:00,381.649994,381.850006,381.629913,381.850006,21050
2026-07-06 19:20:00+00:00,381.850006,381.980011,381.790009,381.939911,54748
2026-07-06 19:25:00+00:00,381.920013,382.039398,381.880005,381.994995,18840
2026-07-06 19:30:00+00:00,382.000000,382.010010,381.890015,381.929993,24909
2026-07-06 19:35:00+00:00,381.924988,381.929993,381.720001,381.750000,38424
2026-07-06 19:40:00+00:00,381.739990,381.859985,381.720001,381.859985,50445
2026-07-06 19:45:00+00:00,381.890015,382.129913,381.859985,382.059998,56803
2026-07-06 19:50:00+00:00,382.070007,382.219910,382.019989,382.070007,117218
2026-07-06 19:55:00+00:00,382.089905,382.109985,381.850006,382.059998,209613
2026-07-07 13:30:00+00:00,382.390015,382.730011,382.100006,382.559998,545758
2026-07-07 13:35:00+00:00,382.540009,383.505005,382.450012,382.720001,86679
2026-07-07 13:40:00+00:00,382.649994,383.599915,382.549988,383.279999,65265
2026-07-07 13:45:00+00:00,383.390015,383.529999,382.649994,382.915009,44787
2026-07-07 13:50:00+00:00,382.859985,383.008789,382.109985,382.269989,38412
2026-07-07 13:55:00+00:00,382.283691,382.429993,381.350006,381.584991,128925
2026-07-07 14:00:00+00:00,381.584991,382.029999,381.109985,381.239990,60922
2026-07-07 14:05:00+00:00,381.220001,381.537506,381.000000,381.390015,69055
2026-07-07 14:10:00+00:00,381.380005,381.450012,380.869995,380.970001,34744
2026-07-07 14:15:00+00:00,381.000000,381.654999,380.929993,381.630005,35427
2026-07-07 14:20:00+00:00,381.595001,381.595001,381.000000,381.119995,65300
2026-07-07 14:25:00+00:00,381.070007,381.558594,380.899994,381.549988,48976
2026-07-07 14:30:00+00:00,381.570007,381.670013,380.950012,380.964996,46263
2026-07-07 14:35:00+00:00,380.950012,380.959991,380.529999,380.779999,47286
2026-07-07 14:40:00+00:00,380.809998,381.029999,380.209991,381.000000,38202
2026-07-07 14:45:00+00:00,381.049988,381.510010,381.049988,381.420013,34323
2026-07-07 14:50:00+00:00,381.369995,381.510010,381.170013,381.179993,27578
2026-07-07 14:55:00+00:00,381.255005,381.470001,381.220001,381.234985,24483
2026-07-07 15:00:00+00:00,381.239990,381.250000,380.825012,380.940002,39871
2026-07-07 15:05:00+00:00,380.989990,381.320007,380.790009,381.130005,29644
2026-07-07 15:10:00+00:00,381.170013,381.299988,380.649994,380.684998,31495
2026-07-07 15:15:00+00:00,380.709991,380.709991,380.059998,380.309998,63054
2026-07-07 15:20:00+00:00,380.339996,380.510010,380.250000,380.369995,17747
2026-07-07 15:25:00+00:00,380.399994,380.489990,380.070007,380.179993,13094
2026-07-07 15:30:00+00:00,380.279999,380.480011,380.160095,380.264496,44590
2026-07-07 15:35:00+00:00,380.250000,380.459991,380.149994,380.399994,40029
2026-07-07 15:40:00+00:00,380.410004,380.649994,380.320007,380.519989,59688
2026-07-07 15:45:00+00:00,380.515015,380.600006,380.135010,380.135010,34994
2026-07-07 15:50:00+00:00,380.031708,380.179993,379.690002,379.720001,28705
2026-07-07 15:55:00+00:00,379.695007,379.799988,379.489990,379.795013,26961
2026-07-07 16:00:00+00:00,379.820007,379.970001,379.619995,379.846985,27525
2026-07-07 16:05:00+00:00,379.899994,380.209991,379.829987,379.899994,22709
2026-07-07 16:10:00+00:00,379.940002,380.130005,379.869995,380.000000,21082
2026-07-07 16:15:00+00:00,380.015015,380.350006,379.984985,380.304993,48007
2026-07-07 16:20:00+00:00,380.320007,380.489990,380.140015,380.350006,28034
2026-07-07 16:25:00+00:00,380.350006,380.559998,380.299988,380.475006,13697
2026-07-07 16:30:00+00:00,380.450012,380.470001,380.190002,380.220093,12132
2026-07-07 16:35:00+00:00,380.209991,380.369995,380.119995,380.299500,18105
2026-07-07 16:40:00+00:00,380.355011,380.355011,380.170013,380.190002,10036
2026-07-07 16:45:00+00:00,380.200012,380.309998,379.980011,380.309998,18942
2026-07-07 16:50:00+00:00,380.309998,380.500000,380.300110,380.334991,10088
2026-07-07 16:55:00+00:00,380.309998,380.369995,380.184998,380.369995,16578
2026-07-07 17:00:00+00:00,380.380005,380.440002,380.265106,380.420013,21948
2026-07-07 17:05:00+00:00,380.450012,380.529907,380.329987,380.410004,42655
2026-07-07 17:10:00+00:00,380.399994,380.410004,380.089996,380.149994,9914
2026-07-07 17:15:00+00:00,380.160004,380.170013,379.950012,380.154999,28848
2026-07-07 17:20:00+00:00,380.160004,380.390015,380.075012,380.351013,66928
2026-07-07 17:25:00+00:00,380.359985,380.480011,380.239990,380.420013,15330
2026-07-07 17:30:00+00:00,380.429993,380.600006,380.385010,380.470001,67664
2026-07-07 17:35:00+00:00,380.450012,380.489990,380.306213,380.440002,23378
2026-07-07 17:40:00+00:00,380.399994,380.589996,380.390991,380.480011,9896
2026-07-07 17:45:00+00:00,380.519989,380.540009,380.345001,380.345001,7440
2026-07-07 17:50:00+00:00,380.290009,380.290009,380.130096,380.179993,5988
2026-07-07 17:55:00+00:00,380.174988,380.299988,380.174988,380.230011,12854
2026-07-07 18:00:00+00:00,380.320007,380.320007,379.989990,380.100006,17250
2026-07-07 18:05:00+00:00,380.100006,380.119995,379.970001,380.000000,31689
2026-07-07 18:10:00+00:00,380.005005,380.100006,379.945007,380.070007,33027
2026-07-07 18:15:00+00:00,380.059998,380.059998,379.869995,380.010010,58194
2026-07-07 18:20:00+00:00,379.970001,380.239990,379.910004,380.140015,11650
2026-07-07 18:25:00+00:00,380.135101,380.239990,379.989990,379.989990,10868
2026-07-07 18:30:00+00:00,379.980011,379.989990,379.539093,379.790009,28251
2026-07-07 18:35:00+00:00,379.775909,380.054993,379.769989,379.959991,62216
2026-07-07 18:40:00+00:00,379.980011,379.994995,379.806305,379.994995,8965
2026-07-07 18:45:00+00:00,380.035004,380.070007,379.125000,379.369995,54514
2026-07-07 18:50:00+00:00,379.359985,379.459991,378.450012,378.619995,158131
2026-07-07 18:55:00+00:00,378.609985,378.980011,378.549988,378.644989,66213
2026-07-07 19:00:00+00:00,378.660004,378.690002,377.850006,378.190002,105777
2026-07-07 19:05:00+00:00,378.200012,378.200012,376.959991,377.230011,107740
2026-07-07 19:10:00+00:00,377.225006,377.249908,376.500000,376.709991,135632
2026-07-07 19:15:00+00:00,376.709991,376.720001,375.519989,376.160004,138126
2026-07-07 19:20:00+00:00,376.140015,376.500000,375.640015,376.339996,123172
2026-07-07 19:25:00+00:00,376.329987,376.850006,376.079987,376.545013,106671
2026-07-07 19:30:00+00:00,376.570007,377.455109,376.570007,377.390015,59016
2026-07-07 19:35:00+00:00,377.369995,377.570007,377.084991,377.181488,143072
2026-07-07 19:40:00+00:00,377.170013,377.279999,376.964996,377.040009,84903
2026-07-07 19:45:00+00:00,377.040009,377.450012,376.929993,377.329987,73383
2026-07-07 19:50:00+00:00,377.350006,377.660004,377.170105,377.640015,103279
2026-07-07 19:55:00+00:00,377.630005,377.839996,377.369995,377.450012,297087
2026-07-08 13:30:00+00:00,373.170013,374.369995,373.109985,374.165009,495019
2026-07-08 13:35:00+00:00,374.049988,374.369995,373.709991,374.279999,76292
2026-07-08 13:40:00+00:00,374.230011,374.359985,373.480011,373.760010,45553
2026-07-08 13:45:00+00:00,373.644989,374.279999,373.369995,373.399994,35608
2026-07-08 13:50:00+00:00,373.399994,373.779999,373.269989,373.410004,32432
2026-07-08 13:55:00+00:00,373.399994,373.700012,373.355011,373.540009,59608
2026-07-08 14:00:00+00:00,373.510010,373.570007,372.880005,373.140015,102629
2026-07-08 14:05:00+00:00,373.149994,373.269989,372.609985,372.859985,91681
2026-07-08 14:10:00+00:00,372.850006,372.959991,372.225006,372.269989,65066
2026-07-08 14:15:00+00:00,372.209991,372.600006,371.700012,372.019714,91616
2026-07-08 14:20:00+00:00,372.019989,372.679993,371.859985,372.480011,78044
2026-07-08 14:25:00+00:00,372.459991,372.970001,372.369995,372.500000,77489
2026-07-08 14:30:00+00:00,372.494995,372.559998,371.740997,372.029999,67266
2026-07-08 14:35:00+00:00,372.005005,372.070007,370.820007,370.930908,115807
2026-07-08 14:40:00+00:00,370.910004,371.489990,370.230011,370.334991,195611
2026-07-08 14:45:00+00:00,370.320007,370.670013,370.059998,370.239990,197303
2026-07-08 14:50:00+00:00,370.209991,371.220001,370.144989,371.019989,65000
2026-07-08 14:55:00+00:00,371.040009,371.160004,370.678497,370.760010,66480
2026-07-08 15:00:00+00:00,370.790009,370.799988,370.200012,370.420013,150166
2026-07-08 15:05:00+00:00,370.410004,370.980011,370.410004,370.644989,47117
2026-07-08 15:10:00+00:00,370.690002,370.829987,370.049988,370.079987,45690
2026-07-08 15:15:00+00:00,370.100006,370.149994,369.500000,369.899994,155872
2026-07-08 15:20:00+00:00,369.869995,370.290009,369.350006,369.415009,62673
2026-07-08 15:25:00+00:00,369.380005,369.950012,369.380005,369.811188,99908
2026-07-08 15:30:00+00:00,369.804993,369.920013,368.950012,369.329987,112683
2026-07-08 15:35:00+00:00,369.290009,369.899994,369.218567,369.670013,85187
2026-07-08 15:40:00+00:00,369.686890,370.059998,369.640106,370.000000,112777
2026-07-08 15:45:00+00:00,370.000000,370.170013,369.710999,370.100006,92573
2026-07-08 15:50:00+00:00,370.100006,370.489990,370.054993,370.140015,55494
2026-07-08 15:55:00+00:00,370.135101,370.200012,369.790009,370.089996,63007
2026-07-08 16:00:00+00:00,370.119995,370.420013,370.010010,370.309998,74531
2026-07-08 16:05:00+00:00,370.339996,370.675598,370.309998,370.595001,68065
2026-07-08 16:10:00+00:00,370.600006,370.915009,370.529999,370.600006,87615
2026-07-08 16:15:00+00:00,370.584991,370.799988,370.489990,370.765015,59617
2026-07-08 16:20:00+00:00,370.779999,370.869995,370.519989,370.559998,35691
2026-07-08 16:25:00+00:00,370.540009,371.130005,370.540009,370.989990,36220
2026-07-08 16:30:00+00:00,370.980011,371.299988,370.829987,370.855011,41863
2026-07-08 16:35:00+00:00,370.859985,371.269989,370.609985,371.084991,79880
2026-07-08 16:40:00+00:00,371.089996,372.239990,370.930511,372.170013,79939
2026-07-08 16:45:00+00:00,372.190002,372.390015,371.899994,372.344910,82850
2026-07-08 16:50:00+00:00,372.369995,372.750000,372.260010,372.709991,82173
2026-07-08 16:55:00+00:00,372.750000,372.910004,372.609985,372.810089,60610
2026-07-08 17:00:00+00:00,372.790009,372.809998,372.450012,372.549988,34077
2026-07-08 17:05:00+00:00,372.549988,373.299988,372.540009,373.005005,44498
2026-07-08 17:10:00+00:00,373.019989,373.475006,372.839996,372.950012,132304
2026-07-08 17:15:00+00:00,373.000000,373.220001,372.840088,373.109985,74091
2026-07-08 17:20:00+00:00,373.129791,373.515015,373.049988,373.390015,44457
2026-07-08 17:25:00+00:00,373.399994,373.804993,373.369995,373.707794,61378
2026-07-08 17:30:00+00:00,373.759888,374.015015,373.559998,373.670013,112446
2026-07-08 17:35:00+00:00,373.665009,373.739990,373.440002,373.519989,74525
2026-07-08 17:40:00+00:00,373.540009,373.589996,373.380005,373.470001,75153
2026-07-08 17:45:00+00:00,373.464996,373.509888,373.230011,373.260010,54627
2026-07-08 17:50:00+00:00,373.269989,373.450012,373.140015,373.265015,51776
2026-07-08 17:55:00+00:00,373.274994,373.274994,372.950012,373.130005,59722
2026-07-08 18:00:00+00:00,373.079987,373.899994,372.890015,373.380005,102932
2026-07-08 18:05:00+00:00,373.410004,373.481506,373.100006,373.244995,28652
2026-07-08 18:10:00+00:00,373.230011,374.005005,373.230011,373.929993,95772
2026-07-08 18:15:00+00:00,373.890015,373.920013,373.459991,373.614990,23905
2026-07-08 18:20:00+00:00,373.609985,373.619995,373.309998,373.420013,50047
2026-07-08 18:25:00+00:00,373.420013,373.649994,373.239990,373.459991,135633
2026-07-08 18:30:00+00:00,373.484985,373.600006,373.209991,373.459991,94481
2026-07-08 18:35:00+00:00,373.510010,374.005005,373.390015,373.954987,119992
2026-07-08 18:40:00+00:00,373.980011,374.350006,373.929993,374.350006,70067
2026-07-08 18:45:00+00:00,374.359985,375.454987,374.299988,375.390015,502177
2026-07-08 18:50:00+00:00,375.380005,375.470001,374.799988,374.904999,147446
2026-07-08 18:55:00+00:00,374.899994,374.899994,374.609985,374.799988,148067
2026-07-08 19:00:00+00:00,374.790009,375.399994,374.790009,375.079987,117164
2026-07-08 19:05:00+00:00,375.079987,375.380005,374.970001,375.260101,191752
2026-07-08 19:10:00+00:00,375.274994,375.350006,374.950012,375.109985,78695
2026-07-08 19:15:00+00:00,375.049988,375.140015,374.839996,375.029999,40762
2026-07-08 19:20:00+00:00,375.029999,375.119995,374.959991,375.045013,58042
2026-07-08 19:25:00+00:00,375.029999,375.184998,374.850006,375.149994,34466
2026-07-08 19:30:00+00:00,375.170013,375.429993,375.015015,375.030090,33883
2026-07-08 19:35:00+00:00,375.019989,375.230011,374.989990,375.040009,44582
2026-07-08 19:40:00+00:00,375.049988,375.070007,374.672485,374.709991,75724
2026-07-08 19:45:00+00:00,374.709991,374.739990,374.239990,374.290009,162773
2026-07-08 19:50:00+00:00,374.269989,374.720001,374.250000,374.709991,157575
2026-07-08 19:55:00+00:00,374.709991,374.720001,374.410004,374.470001,197097
2026-07-09 13:30:00+00:00,378.505005,378.779999,377.949310,378.459991,354336
2026-07-09 13:35:00+00:00,378.459991,378.665009,378.149994,378.424988,72928
2026-07-09 13:40:00+00:00,378.424988,378.869995,378.119995,378.649994,67381
2026-07-09 13:45:00+00:00,378.660004,378.660004,378.079987,378.299988,38771
2026-07-09 13:50:00+00:00,378.304993,378.599792,377.850006,377.880005,49012
2026-07-09 13:55:00+00:00,377.829987,378.184998,377.750000,378.089996,49479
2026-07-09 14:00:00+00:00,378.100006,379.339996,378.079987,378.950012,78079
2026-07-09 14:05:00+00:00,378.989990,379.484985,378.519989,378.570007,54743
2026-07-09 14:10:00+00:00,378.554993,378.619995,377.989990,378.190002,565106
2026-07-09 14:15:00+00:00,378.174988,378.174988,377.579987,377.720001,72671
2026-07-09 14:20:00+00:00,377.709991,378.309998,377.410004,378.279907,77954
2026-07-09 14:25:00+00:00,378.290009,378.500000,378.119995,378.400085,332086
2026-07-09 14:30:00+00:00,378.380005,378.459991,378.065002,378.388397,37809
2026-07-09 14:35:00+00:00,378.404999,378.589996,378.109985,378.214996,47735
2026-07-09 14:40:00+00:00,378.214996,378.359985,378.000092,378.337006,87247
2026-07-09 14:45:00+00:00,378.334991,378.440002,377.920013,377.924988,18410
2026-07-09 14:50:00+00:00,377.915009,378.329987,377.790009,378.329987,24226
2026-07-09 14:55:00+00:00,378.304993,378.670013,378.210999,378.660004,24419
2026-07-09 15:00:00+00:00,378.660004,378.730011,378.429993,378.529999,22747
2026-07-09 15:05:00+00:00,378.549988,378.929993,378.424988,378.559998,298866
2026-07-09 15:10:00+00:00,378.575012,378.609894,378.380005,378.399994,33700
2026-07-09 15:15:00+00:00,378.410004,378.640015,378.410004,378.630005,21463
2026-07-09 15:20:00+00:00,378.570007,378.904999,378.420013,378.839996,10282
2026-07-09 15:25:00+00:00,378.790009,378.899994,378.565002,378.654999,51192
2026-07-09 15:30:00+00:00,378.670013,378.679993,378.480011,378.579987,60700
2026-07-09 15:35:00+00:00,378.559998,378.890015,378.540009,378.890015,32855
2026-07-09 15:40:00+00:00,378.902496,379.000000,378.748505,378.899994,71335
2026-07-09 15:45:00+00:00,378.899994,379.119995,378.760010,378.760010,39731
2026-07-09 15:50:00+00:00,378.799988,379.019989,378.549286,378.600006,25950
2026-07-09 15:55:00+00:00,378.619995,378.750000,378.549988,378.570007,19070
2026-07-09 16:00:00+00:00,378.640015,378.859985,378.489990,378.529999,44690
2026-07-09 16:05:00+00:00,378.510010,378.790009,378.500000,378.730011,21370
2026-07-09 16:10:00+00:00,378.779999,378.975006,378.670013,378.890015,19592
2026-07-09 16:15:00+00:00,378.869995,379.170013,378.820099,378.859985,31866
2026-07-09 16:20:00+00:00,378.859985,379.040009,378.820007,378.970001,11746
2026-07-09 16:25:00+00:00,378.954987,379.149994,378.790009,379.149994,18570
2026-07-09 16:30:00+00:00,379.119995,379.649994,379.100006,379.320007,57197
2026-07-09 16:35:00+00:00,379.320007,379.449005,379.040009,379.114990,47027
2026-07-09 16:40:00+00:00,379.100006,379.269989,379.089996,379.190002,27964
2026-07-09 16:45:00+00:00,379.220001,379.279907,379.005005,379.005005,23485
2026-07-09 16:50:00+00:00,378.989990,379.200012,378.959991,379.179688,14183
2026-07-09 16:55:00+00:00,379.140015,379.140015,378.700012,378.720001,16907
2026-07-09 17:00:00+00:00,378.750000,378.760010,378.540009,378.725006,12675
2026-07-09 17:05:00+00:00,378.760010,378.760010,378.589996,378.670013,11880
2026-07-09 17:10:00+00:00,378.670013,378.704987,378.489990,378.649994,12438
2026-07-09 17:15:00+00:00,378.660004,378.700684,378.420013,378.609985,19312
2026-07-09 17:20:00+00:00,378.570007,378.750000,378.480011,378.720001,11409
2026-07-09 17:25:00+00:00,378.700012,379.029999,378.500000,378.970001,121710
2026-07-09 17:30:00+00:00,378.989990,379.200012,378.760010,378.815002,114876
2026-07-09 17:35:00+00:00,378.790009,379.230011,378.790009,379.154999,17719
2026-07-09 17:40:00+00:00,379.149994,379.220001,379.019989,379.019989,12594
2026-07-09 17:45:00+00:00,379.070007,379.589996,379.049988,379.399994,17307
2026-07-09 17:50:00+00:00,379.390015,379.519989,379.320007,379.375000,16172
2026-07-09 17:55:00+00:00,379.364990,379.489990,379.250000,379.450012,16279
2026-07-09 18:00:00+00:00,379.420013,379.420013,378.929993,378.980011,17233
2026-07-09 18:05:00+00:00,378.980499,379.029999,378.850006,378.954987,10749
2026-07-09 18:10:00+00:00,378.924988,378.940002,378.609985,378.720001,32016
2026-07-09 18:15:00+00:00,378.744995,378.744995,378.549988,378.605011,16341
2026-07-09 18:20:00+00:00,378.595490,378.595490,378.329987,378.369995,16684
2026-07-09 18:25:00+00:00,378.369995,378.440002,378.239990,378.329987,15496
2026-07-09 18:30:00+00:00,378.329987,378.399994,378.200012,378.329987,14674
2026-07-09 18:35:00+00:00,378.345001,378.345001,378.109985,378.174011,18058
2026-07-09 18:40:00+00:00,378.170013,378.440002,378.170013,378.434998,29048
2026-07-09 18:45:00+00:00,378.420105,378.450012,378.304993,378.315002,21350
2026-07-09 18:50:00+00:00,378.350006,378.350006,378.190002,378.285004,84944
2026-07-09 18:55:00+00:00,378.279999,378.440002,378.250000,378.399994,13967
2026-07-09 19:00:00+00:00,378.359985,378.570007,378.299988,378.394989,21640
2026-07-09 19:05:00+00:00,378.399994,378.489990,378.290009,378.309387,20356
2026-07-09 19:10:00+00:00,378.299805,378.375000,378.244995,378.355011,35731
2026-07-09 19:15:00+00:00,378.359985,378.434998,378.279999,378.329987,46700
2026-07-09 19:20:00+00:00,378.320007,378.355011,378.140015,378.144989,35191
2026-07-09 19:25:00+00:00,378.160004,378.173004,378.040009,378.062866,25309
2026-07-09 19:30:00+00:00,378.049988,378.089996,377.940002,378.040009,43031
2026-07-09 19:35:00+00:00,378.019989,378.209991,377.970001,377.989990,21955
2026-07-09 19:40:00+00:00,378.000000,378.079987,377.890015,378.000000,31444
2026-07-09 19:45:00+00:00,377.989990,378.190002,377.950012,378.174988,40596
2026-07-09 19:50:00+00:00,378.160004,378.304993,378.070007,378.127197,88468
2026-07-09 19:55:00+00:00,378.100006,378.239990,378.040009,378.209991,151596
2026-07-10 13:30:00+00:00,375.000000,375.899994,374.970001,375.239899,318579
2026-07-10 13:35:00+00:00,375.239990,375.890015,375.019989,375.890015,82782
2026-07-10 13:40:00+00:00,375.920013,376.399994,375.750000,376.075012,62736
2026-07-10 13:45:00+00:00,376.040009,376.390015,375.954987,376.350006,100525
2026-07-10 13:50:00+00:00,376.290009,376.700012,376.209991,376.459900,52632
2026-07-10 13:55:00+00:00,376.369995,376.410004,376.029999,376.179993,32907
2026-07-10 14:00:00+00:00,376.190002,376.350006,375.989990,376.260101,136152
2026-07-10 14:05:00+00:00,376.269989,376.500000,376.130005,376.200012,83083
2026-07-10 14:10:00+00:00,376.214996,376.470001,375.989990,376.170013,152606
2026-07-10 14:15:00+00:00,376.160004,376.660004,375.920013,376.559998,159417
2026-07-10 14:20:00+00:00,376.579987,376.869995,376.339996,376.410004,163826
2026-07-10 14:25:00+00:00,376.390015,376.989990,376.200012,376.649994,163932
2026-07-10 14:30:00+00:00,376.709991,376.850006,373.720001,375.220001,459917
2026-07-10 14:35:00+00:00,375.250000,375.910004,375.000000,375.677094,305958
2026-07-10 14:40:00+00:00,375.750000,376.279999,375.720001,376.049988,84463
2026-07-10 14:45:00+00:00,376.035004,376.820007,376.015015,376.815002,253345
2026-07-10 14:50:00+00:00,376.779999,376.790009,376.170013,376.250000,346615
2026-07-10 14:55:00+00:00,376.269897,376.320007,375.369995,375.494995,45638
2026-07-10 15:00:00+00:00,375.529999,376.059998,375.329987,375.915009,39558
2026-07-10 15:05:00+00:00,375.940002,376.179993,375.799988,376.024994,52885
2026-07-10 15:10:00+00:00,376.065002,376.190002,375.840088,375.899994,35454
2026-07-10 15:15:00+00:00,375.899994,376.440002,375.899994,376.100006,70331
2026-07-10 15:20:00+00:00,376.100006,376.734985,376.040009,376.670013,39616
2026-07-10 15:25:00+00:00,376.670013,376.839996,376.195007,376.285004,59932
2026-07-10 15:30:00+00:00,376.339996,376.480011,376.260010,376.450012,18432
2026-07-10 15:35:00+00:00,376.459991,376.739990,376.290009,376.690002,40658
2026-07-10 15:40:00+00:00,376.670013,376.750000,376.480011,376.720093,73243
2026-07-10 15:45:00+00:00,376.709991,377.119995,376.649994,377.049988,37549
2026-07-10 15:50:00+00:00,377.049988,377.250000,376.920013,377.100006,39730
2026-07-10 15:55:00+00:00,377.135010,377.369995,377.070007,377.325012,43287
2026-07-10 16:00:00+00:00,377.309998,377.500000,377.154999,377.209991,54844
2026-07-10 16:05:00+00:00,377.170013,377.244995,376.994995,377.184998,28036
2026-07-10 16:10:00+00:00,377.179993,377.260010,376.899994,377.041992,27598
2026-07-10 16:15:00+00:00,377.059998,377.390015,377.045013,377.140015,36621
2026-07-10 16:20:00+00:00,377.119995,377.149994,376.829987,377.148712,25433
2026-07-10 16:25:00+00:00,377.160004,377.459991,377.160004,377.459991,34270
2026-07-10 16:30:00+00:00,377.459991,377.549988,377.299988,377.299988,22758
2026-07-10 16:35:00+00:00,377.290009,377.434998,377.239990,377.282013,20706
2026-07-10 16:40:00+00:00,377.290009,377.369995,376.954987,376.959991,26639
2026-07-10 16:45:00+00:00,376.959991,377.019989,376.839996,376.850006,19413
2026-07-10 16:50:00+00:00,376.859985,376.970001,376.660004,376.700012,21321
2026-07-10 16:55:00+00:00,376.720001,376.769989,376.540100,376.540100,19063
2026-07-10 17:00:00+00:00,376.540009,376.630005,376.369995,376.429993,52623
2026-07-10 17:05:00+00:00,376.399994,376.660004,376.329987,376.489990,26820
2026-07-10 17:10:00+00:00,376.494995,376.640015,376.434998,376.519989,20631
2026-07-10 17:15:00+00:00,376.559906,376.730011,376.520111,376.570007,10807
2026-07-10 17:20:00+00:00,376.589996,376.760010,376.579987,376.703308,28569
2026-07-10 17:25:00+00:00,376.700012,376.700012,376.490509,376.640015,9244
2026-07-10 17:30:00+00:00,376.720001,376.765015,376.600006,376.649994,9865
2026-07-10 17:35:00+00:00,376.619995,376.660004,376.510010,376.515015,9135
2026-07-10 17:40:00+00:00,376.529999,376.654999,376.440002,376.529999,25064
2026-07-10 17:45:00+00:00,376.471191,376.570007,376.424988,376.489990,24085
2026-07-10 17:50:00+00:00,376.500000,376.640015,376.450012,376.484985,150066
2026-07-10 17:55:00+00:00,376.510010,376.510010,376.209991,376.220001,9391
2026-07-10 18:00:00+00:00,376.230011,376.399994,376.149994,376.390106,35987
2026-07-10 18:05:00+00:00,376.369995,376.489990,376.320007,376.489990,7984
2026-07-10 18:10:00+00:00,376.450012,376.644989,376.440002,376.619995,49414
2026-07-10 18:15:00+00:00,376.619995,376.639893,376.380005,376.470001,19316
2026-07-10 18:20:00+00:00,376.470001,376.559998,376.399994,376.459991,27200
2026-07-10 18:25:00+00:00,376.404999,376.720001,376.404999,376.424988,19679
2026-07-10 18:30:00+00:00,376.440002,376.510010,376.299988,376.489990,41020
2026-07-10 18:35:00+00:00,376.450012,376.489990,376.109985,376.140015,31971
2026-07-10 18:40:00+00:00,376.140808,376.200012,376.040009,376.049988,24401
2026-07-10 18:45:00+00:00,376.000000,376.189911,376.000000,376.189911,24650
2026-07-10 18:50:00+00:00,376.190002,376.269989,376.121002,376.269012,10150
2026-07-10 18:55:00+00:00,376.250000,376.309601,376.180115,376.260010,7818
2026-07-10 19:00:00+00:00,376.239990,376.250000,375.980011,376.000000,46609
2026-07-10 19:05:00+00:00,376.010010,376.429993,375.989990,376.299988,27926
2026-07-10 19:10:00+00:00,376.290009,376.334991,376.079987,376.334991,18490
2026-07-10 19:15:00+00:00,376.334991,376.459991,376.290009,376.440002,19526
2026-07-10 19:20:00+00:00,376.450012,376.479889,376.350006,376.350006,19654
2026-07-10 19:25:00+00:00,376.339996,376.420013,376.320007,376.369995,27531
2026-07-10 19:30:00+00:00,376.339996,376.500000,376.239990,376.325012,42145
2026-07-10 19:35:00+00:00,376.309998,376.450012,376.269989,376.390015,25595
2026-07-10 19:40:00+00:00,376.380005,376.529999,376.350006,376.399994,37341
2026-07-10 19:45:00+00:00,376.454987,376.670013,376.434998,376.635010,23240
2026-07-10 19:50:00+00:00,376.649994,376.739990,376.559998,376.730011,73469
2026-07-10 19:55:00+00:00,376.730011,377.010010,376.700012,376.980011,207111
2026-07-13 13:30:00+00:00,372.769989,372.890015,372.220001,372.334991,340892
2026-07-13 13:35:00+00:00,372.399994,372.660004,371.959991,371.960114,58586
2026-07-13 13:40:00+00:00,371.970001,372.359985,371.720001,372.040009,44689
2026-07-13 13:45:00+00:00,372.049988,372.329987,371.558685,371.609985,181436
2026-07-13 13:50:00+00:00,371.609985,371.769989,370.880005,371.720001,221884
2026-07-13 13:55:00+00:00,371.660004,371.830109,370.839996,370.970001,57827
2026-07-13 14:00:00+00:00,370.970001,371.279999,370.470001,370.674988,92462
2026-07-13 14:05:00+00:00,370.709991,370.750000,369.730011,370.489990,204424
2026-07-13 14:10:00+00:00,370.450012,370.649994,370.130005,370.309998,66201
2026-07-13 14:15:00+00:00,370.290009,370.440002,367.660004,369.078491,367097
2026-07-13 14:20:00+00:00,369.019409,369.040009,367.220001,368.984985,221863
2026-07-13 14:25:00+00:00,368.989990,369.670013,368.380005,368.579987,108047
2026-07-13 14:30:00+00:00,368.540009,368.609985,367.450012,368.010010,205870
2026-07-13 14:35:00+00:00,368.000000,368.010010,367.380005,367.789886,98990
2026-07-13 14:40:00+00:00,367.739990,367.744995,367.000000,367.510010,136869
2026-07-13 14:45:00+00:00,367.450012,367.880005,367.170013,367.619995,101758
2026-07-13 14:50:00+00:00,367.649994,368.000000,367.429993,367.869995,79806
2026-07-13 14:55:00+00:00,367.875000,368.429993,367.829987,368.429993,53613
2026-07-13 15:00:00+00:00,368.459991,368.630005,368.079987,368.109985,64499
2026-07-13 15:05:00+00:00,368.130005,368.339996,368.000000,368.299988,48383
2026-07-13 15:10:00+00:00,368.320007,368.549896,368.279999,368.369995,59053
2026-07-13 15:15:00+00:00,368.369995,368.790009,368.209991,368.790009,48429
2026-07-13 15:20:00+00:00,368.720001,368.869995,368.420105,368.510010,79987
2026-07-13 15:25:00+00:00,368.420013,368.690002,368.190002,368.500000,48547
2026-07-13 15:30:00+00:00,368.500000,368.635010,368.279999,368.369995,73764
2026-07-13 15:35:00+00:00,368.369995,368.519989,368.230011,368.399994,42463
2026-07-13 15:40:00+00:00,368.399994,368.470001,368.100006,368.190002,41497
2026-07-13 15:45:00+00:00,368.209991,368.369995,367.959991,368.250000,52011
2026-07-13 15:50:00+00:00,368.260010,368.320007,367.940002,368.249908,49448
2026-07-13 15:55:00+00:00,368.239990,368.450012,368.179993,368.450012,43769
2026-07-13 16:00:00+00:00,368.440002,368.665009,368.279999,368.489990,123098
2026-07-13 16:05:00+00:00,368.510010,368.609985,368.285004,368.459991,40633
2026-07-13 16:10:00+00:00,368.420013,368.529999,368.170013,368.299988,36596
2026-07-13 16:15:00+00:00,368.279999,368.279999,368.010010,368.075012,261230
2026-07-13 16:20:00+00:00,368.079987,368.149902,367.850006,367.910004,39583
2026-07-13 16:25:00+00:00,367.864990,367.970001,367.049988,367.345001,70703
2026-07-13 16:30:00+00:00,367.329987,367.440002,366.279999,366.420013,111769
2026-07-13 16:35:00+00:00,366.459991,366.760010,366.131805,366.690002,101013
2026-07-13 16:40:00+00:00,366.670013,367.070007,366.559998,367.049988,62410
2026-07-13 16:45:00+00:00,367.049988,367.239990,366.769989,366.865906,45697
2026-07-13 16:50:00+00:00,366.850006,366.890015,366.250000,366.290009,59959
2026-07-13 16:55:00+00:00,366.304993,366.410004,365.769989,366.364990,84600
2026-07-13 17:00:00+00:00,366.429993,366.765015,366.299988,366.529999,43309
2026-07-13 17:05:00+00:00,366.524994,366.910004,366.450012,366.829987,68000
2026-07-13 17:10:00+00:00,366.820007,366.880005,366.710693,366.815002,38571
2026-07-13 17:15:00+00:00,366.839996,367.149994,366.739990,367.140015,80866
2026-07-13 17:20:00+00:00,367.089996,367.160004,366.779999,366.840912,92068
2026-07-13 17:25:00+00:00,366.880005,366.940002,366.679993,366.880005,50764
2026-07-13 17:30:00+00:00,366.880005,367.070007,366.809998,367.010010,17593
2026-07-13 17:35:00+00:00,366.959991,366.970001,366.720001,366.760010,25427
2026-07-13 17:40:00+00:00,366.750000,366.839996,366.649994,366.700012,41684
2026-07-13 17:45:00+00:00,366.700012,366.920013,366.470001,366.589996,38948
2026-07-13 17:50:00+00:00,366.579987,366.649994,366.350006,366.500000,32163
2026-07-13 17:55:00+00:00,366.529999,366.549988,366.250000,366.320099,48115
2026-07-13 18:00:00+00:00,366.299011,366.489990,366.100006,366.160004,34072
2026-07-13 18:05:00+00:00,366.110107,366.519989,366.110107,366.230011,30833
2026-07-13 18:10:00+00:00,366.234985,366.424988,366.029999,366.410004,35764
2026-07-13 18:15:00+00:00,366.390015,366.470001,365.779999,365.920013,41333
2026-07-13 18:20:00+00:00,365.915558,366.510010,365.809998,366.489990,55933
2026-07-13 18:25:00+00:00,366.489990,366.674988,366.480011,366.524994,30838
2026-07-13 18:30:00+00:00,366.549988,366.820007,366.459991,366.689301,30715
2026-07-13 18:35:00+00:00,366.720001,367.029999,366.709991,366.894989,148637
2026-07-13 18:40:00+00:00,366.899994,367.049896,366.820007,366.989990,33299
2026-07-13 18:45:00+00:00,367.019989,367.160004,366.850006,367.130005,77877
2026-07-13 18:50:00+00:00,367.130005,367.450012,367.029999,367.320007,71838
2026-07-13 18:55:00+00:00,367.304993,367.410095,366.839996,367.100006,55917
2026-07-13 19:00:00+00:00,367.149994,367.375000,366.820007,367.375000,60108
2026-07-13 19:05:00+00:00,367.350006,367.390015,366.890015,367.000000,27959
2026-07-13 19:10:00+00:00,366.980011,366.984985,366.765015,366.799988,37865
2026-07-13 19:15:00+00:00,366.809998,366.955109,366.765015,366.915009,18395
2026-07-13 19:20:00+00:00,366.940002,367.000000,366.700012,366.990997,47877
2026-07-13 19:25:00+00:00,367.000000,367.049988,366.850006,366.870697,46178
2026-07-13 19:30:00+00:00,366.859985,367.079987,366.809998,366.929993,46456
2026-07-13 19:35:00+00:00,366.920013,366.924988,366.399994,366.545013,43473
2026-07-13 19:40:00+00:00,366.549988,366.929993,366.529999,366.910004,58915
2026-07-13 19:45:00+00:00,366.899994,366.929993,366.690002,366.725006,77521
2026-07-13 19:50:00+00:00,366.709991,367.119995,366.700012,367.040009,157489
2026-07-13 19:55:00+00:00,367.024994,367.239990,366.950012,367.200012,355934
2026-07-14 13:30:00+00:00,374.529999,374.809998,373.980286,374.404999,927869
2026-07-14 13:35:00+00:00,374.320007,375.100006,374.179993,374.899994,574580
2026-07-14 13:40:00+00:00,374.940002,375.166809,374.600006,375.092194,64404
2026-07-14 13:45:00+00:00,375.049988,375.079987,374.410004,374.500305,172006
2026-07-14 13:50:00+00:00,374.670013,374.839996,373.869995,374.029999,77700
2026-07-14 13:55:00+00:00,374.040009,374.220001,373.869995,374.049988,69506
2026-07-14 14:00:00+00:00,374.049988,374.375000,373.760010,373.820007,103386
2026-07-14 14:05:00+00:00,373.820007,374.454987,373.670013,374.369995,77190
2026-07-14 14:10:00+00:00,374.364990,374.850006,374.100006,374.570007,113971
2026-07-14 14:15:00+00:00,374.519989,374.535004,373.519989,373.739990,116427
2026-07-14 14:20:00+00:00,373.769989,374.850006,373.730011,374.214996,118353
2026-07-14 14:25:00+00:00,374.230011,374.359985,373.829987,374.100006,130342
2026-07-14 14:30:00+00:00,374.040009,375.420013,373.760406,374.367493,147108
2026-07-14 14:35:00+00:00,374.440002,374.440002,373.859985,374.299988,56240
2026-07-14 14:40:00+00:00,374.269989,374.554993,374.200012,374.350006,36583
2026-07-14 14:45:00+00:00,374.359985,374.549988,374.190002,374.220001,318842
2026-07-14 14:50:00+00:00,374.179993,374.640015,374.100006,374.589996,23814
2026-07-14 14:55:00+00:00,374.609985,375.015015,374.470001,374.799988,42785
2026-07-14 15:00:00+00:00,374.829987,375.529999,374.239990,375.130005,210609
2026-07-14 15:05:00+00:00,375.059998,376.279999,374.950012,375.859985,97433
2026-07-14 15:10:00+00:00,375.859985,375.950012,375.220001,375.320007,58065
2026-07-14 15:15:00+00:00,375.279999,375.355011,374.880005,375.010010,64561
2026-07-14 15:20:00+00:00,374.959991,375.309998,374.859985,374.970001,51747
2026-07-14 15:25:00+00:00,375.010010,375.010010,374.605011,374.760010,45675
2026-07-14 15:30:00+00:00,374.779999,374.989990,374.380005,374.440002,59685
2026-07-14 15:35:00+00:00,374.562012,374.562012,373.929993,373.959991,57439
2026-07-14 15:40:00+00:00,373.980011,374.049988,373.109985,373.760010,48804
2026-07-14 15:45:00+00:00,373.750000,374.010010,373.540009,373.579987,27013
2026-07-14 15:50:00+00:00,373.619995,373.619995,373.040009,373.089996,40458
2026-07-14 15:55:00+00:00,373.079987,373.269897,372.910004,373.045410,35790
2026-07-14 16:00:00+00:00,373.119995,373.119995,372.709991,372.809998,21677
2026-07-14 16:05:00+00:00,372.869995,372.880005,372.250000,372.515015,58400
2026-07-14 16:10:00+00:00,372.529999,372.920013,372.529999,372.760010,38378
2026-07-14 16:15:00+00:00,372.769989,372.929993,372.587311,372.769989,52530
2026-07-14 16:20:00+00:00,372.750000,372.799988,372.282990,372.540009,52117
2026-07-14 16:25:00+00:00,372.554993,372.670013,372.350006,372.429993,31936
2026-07-14 16:30:00+00:00,372.420013,372.739990,372.359985,372.480011,35294
2026-07-14 16:35:00+00:00,372.489990,372.565002,372.269989,372.489990,21598
2026-07-14 16:40:00+00:00,372.489990,372.700012,372.420013,372.529999,32027
2026-07-14 16:45:00+00:00,372.600006,372.619995,372.260010,372.429993,31760
2026-07-14 16:50:00+00:00,372.434814,372.579987,372.359985,372.484985,15143
2026-07-14 16:55:00+00:00,372.480011,372.679993,372.480011,372.600006,21221
2026-07-14 17:00:00+00:00,372.630005,372.875000,372.459991,372.519989,21561
2026-07-14 17:05:00+00:00,372.519897,372.569489,372.200012,372.399994,33127
2026-07-14 17:10:00+00:00,372.410004,372.450012,372.010010,372.170013,42331
2026-07-14 17:15:00+00:00,372.130005,372.190002,371.920013,372.170013,27419
2026-07-14 17:20:00+00:00,372.179993,372.600006,372.140015,372.579987,16626
2026-07-14 17:25:00+00:00,372.570007,372.845001,372.500000,372.750000,11405
2026-07-14 17:30:00+00:00,372.820007,372.924988,372.654999,372.700012,20625
2026-07-14 17:35:00+00:00,372.660004,372.769897,372.579987,372.660004,24995
2026-07-14 17:40:00+00:00,372.660004,372.730011,372.450012,372.460114,14920
2026-07-14 17:45:00+00:00,372.459991,372.670013,372.359985,372.601898,9443
2026-07-14 17:50:00+00:00,372.670013,372.839996,372.670013,372.820007,18491
2026-07-14 17:55:00+00:00,372.769989,372.859985,372.739990,372.799988,10280
2026-07-14 18:00:00+00:00,372.760010,372.765015,372.500000,372.709991,57147
2026-07-14 18:05:00+00:00,372.700012,372.709991,372.549988,372.549988,22624
2026-07-14 18:10:00+00:00,372.579987,372.679993,372.510010,372.674988,18003
2026-07-14 18:15:00+00:00,372.674988,372.790009,372.589996,372.774994,33157
2026-07-14 18:20:00+00:00,372.765015,372.769989,372.250000,372.250000,24081
2026-07-14 18:25:00+00:00,372.250000,372.410004,372.209991,372.369995,19465
2026-07-14 18:30:00+00:00,372.359985,372.440002,372.079987,372.190002,14955
2026-07-14 18:35:00+00:00,372.178986,372.194794,371.760010,371.850006,24594
2026-07-14 18:40:00+00:00,371.829987,371.959900,370.920013,371.200012,67759
2026-07-14 18:45:00+00:00,371.234985,371.640015,371.109985,371.540009,40747
2026-07-14 18:50:00+00:00,371.519989,371.760010,371.329987,371.738312,11512
2026-07-14 18:55:00+00:00,371.755005,372.000000,371.700012,371.959991,64632
2026-07-14 19:00:00+00:00,371.970001,372.019989,371.769989,371.829987,49651
2026-07-14 19:05:00+00:00,371.855011,371.989990,371.790009,371.959991,27364
2026-07-14 19:10:00+00:00,371.940002,372.259491,371.880005,372.190002,23370
2026-07-14 19:15:00+00:00,372.179993,372.209991,372.049988,372.119995,28948
2026-07-14 19:20:00+00:00,372.109985,372.130005,371.779999,371.804993,21222
2026-07-14 19:25:00+00:00,371.799988,371.859985,371.679993,371.710114,23734
2026-07-14 19:30:00+00:00,371.649994,371.700012,371.359985,371.600006,47109
2026-07-14 19:35:00+00:00,371.587799,371.790009,371.500000,371.670685,57653
2026-07-14 19:40:00+00:00,371.670013,371.850006,371.619995,371.799988,17972
2026-07-14 19:45:00+00:00,371.809998,371.989990,371.769989,371.795013,60159
2026-07-14 19:50:00+00:00,371.809998,372.230011,371.739990,372.119293,96806
2026-07-14 19:55:00+00:00,372.100006,372.250000,372.029999,372.149994,271487
2026-07-15 13:30:00+00:00,372.119995,372.640015,372.070007,372.470001,549841
2026-07-15 13:35:00+00:00,372.494995,372.750000,372.251007,372.635010,246360
2026-07-15 13:40:00+00:00,372.619995,372.799988,372.339996,372.649994,84827
2026-07-15 13:45:00+00:00,372.649994,372.713287,372.040009,372.200012,90626
2026-07-15 13:50:00+00:00,372.239990,372.584991,372.070007,372.390015,38468
2026-07-15 13:55:00+00:00,372.399994,373.105011,372.309998,372.660004,42961
2026-07-15 14:00:00+00:00,372.690002,373.059998,372.510010,372.809998,52827
2026-07-15 14:05:00+00:00,372.850006,373.023804,372.730011,372.839996,60407
2026-07-15 14:10:00+00:00,372.845001,373.079987,372.739990,372.899994,65123
2026-07-15 14:15:00+00:00,372.945007,373.089996,372.579987,372.809998,49589
2026-07-15 14:20:00+00:00,372.809998,372.809998,372.130005,372.315002,117556
2026-07-15 14:25:00+00:00,372.320007,372.489990,372.109985,372.359985,152272
2026-07-15 14:30:00+00:00,372.440002,372.820007,372.299988,372.739990,284869
2026-07-15 14:35:00+00:00,372.760010,372.880005,372.614990,372.739990,49700
2026-07-15 14:40:00+00:00,372.750000,372.799988,372.250000,372.290009,45232
2026-07-15 14:45:00+00:00,372.295013,372.570007,371.910004,372.519989,57025
2026-07-15 14:50:00+00:00,372.515015,372.540009,372.049988,372.170013,45268
2026-07-15 14:55:00+00:00,372.160004,372.619995,372.149994,372.540009,36840
2026-07-15 15:00:00+00:00,372.660004,372.809998,372.350006,372.450012,25224
2026-07-15 15:05:00+00:00,372.464996,372.464996,371.970001,372.040009,62037
2026-07-15 15:10:00+00:00,371.959991,372.010010,370.970001,371.079987,55134
2026-07-15 15:15:00+00:00,371.045013,371.309998,370.964996,371.250000,84115
2026-07-15 15:20:00+00:00,371.220001,371.239990,370.600006,371.109985,112303
2026-07-15 15:25:00+00:00,371.149902,371.589905,371.059998,371.510010,131257
2026-07-15 15:30:00+00:00,371.570007,371.570007,371.109985,371.429993,62198
2026-07-15 15:35:00+00:00,371.430511,371.510010,371.299988,371.390015,24667
2026-07-15 15:40:00+00:00,371.519897,371.630005,371.454987,371.570007,25710
2026-07-15 15:45:00+00:00,371.540009,371.670013,371.440399,371.575012,30698
2026-07-15 15:50:00+00:00,371.565002,371.656189,371.330109,371.640015,45022
2026-07-15 15:55:00+00:00,371.579010,371.589905,371.279999,371.329987,18184
2026-07-15 16:00:00+00:00,371.299988,371.399506,370.940002,370.994995,20768
2026-07-15 16:05:00+00:00,370.950012,371.119904,370.860809,370.873993,33781
2026-07-15 16:10:00+00:00,370.950012,370.950012,370.459991,370.545013,60697
2026-07-15 16:15:00+00:00,370.540009,370.799988,370.070007,370.100006,49518
2026-07-15 16:20:00+00:00,370.160004,370.500000,370.079987,370.359985,27147
2026-07-15 16:25:00+00:00,370.325012,370.515015,370.100006,370.279999,95034
2026-07-15 16:30:00+00:00,370.230011,370.469910,369.850006,369.850006,47855
2026-07-15 16:35:00+00:00,369.869995,369.920013,369.519989,369.820007,77619
2026-07-15 16:40:00+00:00,369.804993,369.939911,369.500000,369.660004,45136
2026-07-15 16:45:00+00:00,369.670013,370.429993,369.570007,370.329987,179649
2026-07-15 16:50:00+00:00,370.299988,370.519989,370.119995,370.149994,32559
2026-07-15 16:55:00+00:00,370.125000,370.149994,369.747009,370.119995,31618
2026-07-15 17:00:00+00:00,370.149994,370.565002,370.049988,370.489990,42488
2026-07-15 17:05:00+00:00,370.470001,370.609894,370.394989,370.410004,52146
2026-07-15 17:10:00+00:00,370.404999,370.579987,370.320007,370.320007,16159
2026-07-15 17:15:00+00:00,370.290009,370.399994,370.105011,370.309998,26058
2026-07-15 17:20:00+00:00,370.355011,370.605011,370.309998,370.489990,11779
2026-07-15 17:25:00+00:00,370.528198,371.420013,370.494995,371.389893,57432
2026-07-15 17:30:00+00:00,371.359985,372.089996,371.300110,372.019989,116982
2026-07-15 17:35:00+00:00,371.989990,372.515015,371.915985,372.299988,55147
2026-07-15 17:40:00+00:00,372.220001,372.769989,372.220001,372.679993,53137
2026-07-15 17:45:00+00:00,372.660004,373.100006,372.620514,373.000000,36455
2026-07-15 17:50:00+00:00,372.950012,372.975006,372.690002,372.799988,32511
2026-07-15 17:55:00+00:00,372.812988,372.859985,372.549988,372.730804,33232
2026-07-15 18:00:00+00:00,372.725006,373.320007,372.709991,373.250610,30524
2026-07-15 18:05:00+00:00,373.250000,373.420013,373.089996,373.179993,27100
2026-07-15 18:10:00+00:00,373.149994,373.315002,373.070007,373.179993,31836
2026-07-15 18:15:00+00:00,373.299988,373.467987,373.170013,373.464996,181306
2026-07-15 18:20:00+00:00,373.437714,373.619995,373.379913,373.549988,51169
2026-07-15 18:25:00+00:00,373.549988,373.970001,373.399994,373.859985,74835
2026-07-15 18:30:00+00:00,373.850006,374.489990,373.669006,373.750000,51299
2026-07-15 18:35:00+00:00,373.649994,373.730011,373.489990,373.508209,28665
2026-07-15 18:40:00+00:00,373.500000,373.519989,373.234680,373.269989,38956
2026-07-15 18:45:00+00:00,373.200012,373.309998,372.920013,372.975006,68584
2026-07-15 18:50:00+00:00,372.980011,372.980011,372.750000,372.890015,28777
2026-07-15 18:55:00+00:00,372.869995,372.980011,372.290009,372.420013,389686
2026-07-15 19:00:00+00:00,372.445007,372.790009,372.250000,372.540009,237513
2026-07-15 19:05:00+00:00,372.540009,372.540009,372.350006,372.519989,37937
2026-07-15 19:10:00+00:00,372.549988,372.704987,372.353088,372.570007,45156
2026-07-15 19:15:00+00:00,372.609985,372.609985,372.149994,372.195007,245539
2026-07-15 19:20:00+00:00,372.190002,372.190002,371.799988,372.000000,42479
2026-07-15 19:25:00+00:00,371.959991,372.290009,371.950012,372.135010,19924
2026-07-15 19:30:00+00:00,372.140015,372.260010,371.450012,371.529999,84715
2026-07-15 19:35:00+00:00,371.515015,371.739990,371.380005,371.570007,54785
2026-07-15 19:40:00+00:00,371.570007,371.839996,371.570007,371.670013,33758
2026-07-15 19:45:00+00:00,371.679993,371.880005,371.649994,371.790009,51006
2026-07-15 19:50:00+00:00,371.799988,372.019989,371.690002,371.940002,73680
2026-07-15 19:55:00+00:00,371.924988,372.309998,371.829987,372.290009,424803
2026-07-16 13:30:00+00:00,367.450012,367.709991,366.320007,366.339996,665742
2026-07-16 13:35:00+00:00,366.279999,366.359985,365.250000,365.410004,147157
2026-07-16 13:40:00+00:00,365.420013,365.915009,365.420013,365.700012,120325
2026-07-16 13:45:00+00:00,365.700012,366.320007,365.700012,366.198303,177048
2026-07-16 13:50:00+00:00,366.199005,366.644989,366.100006,366.369995,132480
2026-07-16 13:55:00+00:00,366.380005,366.380005,365.811310,366.040009,104513
2026-07-16 14:00:00+00:00,366.040009,366.654999,365.970001,366.625000,124879
2026-07-16 14:05:00+00:00,366.570007,366.609985,366.079987,366.289886,71716
2026-07-16 14:10:00+00:00,366.230011,366.380005,365.730011,365.900513,150293
2026-07-16 14:15:00+00:00,365.924988,366.649994,365.779999,366.519989,119687
2026-07-16 14:20:00+00:00,366.529907,366.570007,366.029999,366.200012,87395
2026-07-16 14:25:00+00:00,366.209991,366.937500,366.119995,366.839996,171435
2026-07-16 14:30:00+00:00,366.765015,367.290009,366.470001,367.140015,43915
2026-07-16 14:35:00+00:00,367.119995,367.236298,366.820007,366.869995,43016
2026-07-16 14:40:00+00:00,366.880005,367.320007,366.839996,367.309998,28879
2026-07-16 14:45:00+00:00,367.350006,367.480011,366.799988,366.799988,88222
2026-07-16 14:50:00+00:00,366.829987,366.940002,366.429993,366.480011,139821
2026-07-16 14:55:00+00:00,366.470001,366.825012,366.220001,366.704987,75450
2026-07-16 15:00:00+00:00,366.700012,366.809998,366.250000,366.250000,114051
2026-07-16 15:05:00+00:00,366.265015,366.529999,366.040009,366.510010,43172
2026-07-16 15:10:00+00:00,366.480011,366.489990,365.950012,366.269989,42318
2026-07-16 15:15:00+00:00,366.279999,366.819885,366.279999,366.809998,47639
2026-07-16 15:20:00+00:00,366.799988,367.734985,366.799988,367.619995,168170
2026-07-16 15:25:00+00:00,367.630005,368.429993,367.570007,367.929993,97300
2026-07-16 15:30:00+00:00,367.924988,368.269897,367.600006,368.209991,88010
2026-07-16 15:35:00+00:00,368.200012,368.399994,367.890015,368.170013,57972
2026-07-16 15:40:00+00:00,368.170013,368.170013,367.750000,367.869995,154433
2026-07-16 15:45:00+00:00,367.839996,367.940002,367.619995,367.850006,99225
2026-07-16 15:50:00+00:00,367.859985,368.089996,367.640015,367.709991,400277
2026-07-16 15:55:00+00:00,367.720001,367.730011,367.380005,367.489990,94633
2026-07-16 16:00:00+00:00,367.500000,367.589996,366.769989,366.829987,141407
2026-07-16 16:05:00+00:00,366.849915,366.950012,366.630005,366.739105,118701
2026-07-16 16:10:00+00:00,366.619995,366.679993,365.920013,365.940002,117585
2026-07-16 16:15:00+00:00,365.920013,366.119995,365.570007,365.679993,148846
2026-07-16 16:20:00+00:00,365.679993,365.910004,365.290009,365.660004,227722
2026-07-16 16:25:00+00:00,365.660004,365.769989,365.440002,365.700012,162559
2026-07-16 16:30:00+00:00,365.720001,366.000000,365.700012,365.910004,643931
2026-07-16 16:35:00+00:00,365.910004,366.189911,365.899994,366.100006,35635
2026-07-16 16:40:00+00:00,366.100006,366.220001,365.850006,366.184998,33565
2026-07-16 16:45:00+00:00,366.170013,366.249908,365.941406,366.170013,51624
2026-07-16 16:50:00+00:00,366.149994,366.510010,366.109985,366.339996,39073
2026-07-16 16:55:00+00:00,366.390015,366.600006,366.130005,366.130005,50546
2026-07-16 17:00:00+00:00,366.135010,366.200104,365.970001,366.070007,31570
2026-07-16 17:05:00+00:00,366.079987,366.109985,365.720001,365.769989,65405
2026-07-16 17:10:00+00:00,365.785004,365.825012,365.489990,365.565002,68233
2026-07-16 17:15:00+00:00,365.589996,365.809998,365.489990,365.750000,86972
2026-07-16 17:20:00+00:00,365.750000,365.839996,365.549988,365.614990,47109
2026-07-16 17:25:00+00:00,365.630005,365.799988,365.320007,365.750000,78198
2026-07-16 17:30:00+00:00,365.730011,365.823212,365.299988,365.410004,59617
2026-07-16 17:35:00+00:00,365.440002,365.570007,365.160004,365.260010,137146
2026-07-16 17:40:00+00:00,365.239990,365.337494,365.010010,365.149994,82570
2026-07-16 17:45:00+00:00,365.190002,365.609985,365.109985,365.459991,51389
2026-07-16 17:50:00+00:00,365.480011,365.722900,365.429993,365.635010,40458
2026-07-16 17:55:00+00:00,365.609985,365.640015,365.369995,365.429993,33012
2026-07-16 18:00:00+00:00,365.489990,365.655090,365.380005,365.559998,44017
2026-07-16 18:05:00+00:00,365.540009,365.779999,365.359985,365.720001,63291
2026-07-16 18:10:00+00:00,365.739990,365.910004,365.510010,365.510010,67265
2026-07-16 18:15:00+00:00,365.480011,365.820007,365.429993,365.799988,28711
2026-07-16 18:20:00+00:00,365.779999,365.999512,365.660004,365.660004,21606
2026-07-16 18:25:00+00:00,365.660004,365.720001,365.529999,365.630005,24367
2026-07-16 18:30:00+00:00,365.570007,365.570007,364.950012,364.980011,82025
2026-07-16 18:35:00+00:00,364.980011,364.980011,364.690002,364.890015,134334
2026-07-16 18:40:00+00:00,364.850006,365.369995,364.820007,365.339996,51163
2026-07-16 18:45:00+00:00,365.325012,365.499390,365.230011,365.304993,28428
2026-07-16 18:50:00+00:00,365.320007,365.399994,365.079987,365.144989,18645
2026-07-16 18:55:00+00:00,365.119995,365.248688,364.970001,365.040009,36701
2026-07-16 19:00:00+00:00,365.040009,365.529999,364.940094,365.500000,37944
2026-07-16 19:05:00+00:00,365.480011,365.579987,365.190002,365.269989,31938
2026-07-16 19:10:00+00:00,365.265015,365.290009,364.929993,365.089996,51374
2026-07-16 19:15:00+00:00,365.049988,365.269989,365.029999,365.269989,40734
2026-07-16 19:20:00+00:00,365.290009,365.390015,365.059998,365.130005,32829
2026-07-16 19:25:00+00:00,365.135010,365.200012,364.869995,364.910004,48146
2026-07-16 19:30:00+00:00,364.940002,364.970001,364.529999,364.559998,125365
2026-07-16 19:35:00+00:00,364.570007,364.600006,364.049988,364.599487,188055
2026-07-16 19:40:00+00:00,364.570007,364.779999,364.540009,364.640015,137770
2026-07-16 19:45:00+00:00,364.619995,364.700012,364.350006,364.549988,94883
2026-07-16 19:50:00+00:00,364.559998,365.269989,364.450012,365.149994,172656
2026-07-16 19:55:00+00:00,365.149994,365.200012,364.660004,365.010010,418873
2026-07-17 13:30:00+00:00,364.109985,364.420013,363.600006,363.869995,360933
2026-07-17 13:35:00+00:00,363.799988,367.290009,363.779999,366.359985,283973
2026-07-17 13:40:00+00:00,366.410004,366.410004,365.329987,365.579987,87998
2026-07-17 13:45:00+00:00,365.575012,366.149994,365.200012,366.029999,135924
2026-07-17 13:50:00+00:00,366.010010,366.415009,365.899994,365.933502,106794
2026-07-17 13:55:00+00:00,365.950012,366.720001,365.850006,366.720001,105348
2026-07-17 14:00:00+00:00,366.690002,367.015015,366.125000,366.489990,130374
2026-07-17 14:05:00+00:00,366.519989,367.059998,366.480011,366.690002,171934
2026-07-17 14:10:00+00:00,366.690002,367.070007,366.470001,366.522491,140726
2026-07-17 14:15:00+00:00,366.519989,367.059998,366.440002,366.790009,121222
2026-07-17 14:20:00+00:00,366.790009,367.440002,366.640015,367.279999,153927
2026-07-17 14:25:00+00:00,367.286285,367.394989,366.825012,366.880005,114040
2026-07-17 14:30:00+00:00,366.859985,366.859985,366.260010,366.500000,45784
2026-07-17 14:35:00+00:00,366.440002,366.929993,366.440002,366.739990,56354
2026-07-17 14:40:00+00:00,366.700012,366.820099,366.515015,366.760010,51417
2026-07-17 14:45:00+00:00,366.760010,367.000000,366.500000,366.519989,82956
2026-07-17 14:50:00+00:00,366.609985,366.839996,366.359985,366.394989,25265
2026-07-17 14:55:00+00:00,366.399994,367.065002,366.269989,367.065002,33646
2026-07-17 15:00:00+00:00,367.040009,368.220001,366.760010,368.079987,142485
2026-07-17 15:05:00+00:00,368.089996,368.265015,367.250000,367.720001,98458
2026-07-17 15:10:00+00:00,367.720001,368.230011,367.290009,367.500000,63688
2026-07-17 15:15:00+00:00,367.510010,367.720001,367.380005,367.480103,37431
2026-07-17 15:20:00+00:00,367.480011,368.079987,367.410004,367.760010,45791
2026-07-17 15:25:00+00:00,367.730011,368.190002,367.570007,368.190002,41988
2026-07-17 15:30:00+00:00,368.184998,368.459991,367.769989,367.959991,68975
2026-07-17 15:35:00+00:00,367.920105,368.459991,367.855011,368.290009,34503
2026-07-17 15:40:00+00:00,368.274994,368.420013,368.048004,368.399994,81485
2026-07-17 15:45:00+00:00,368.382202,368.599487,368.269989,368.500000,40115
2026-07-17 15:50:00+00:00,368.510010,368.920013,368.489990,368.850006,34201
2026-07-17 15:55:00+00:00,368.859985,368.899994,368.576111,368.730011,66425
2026-07-17 16:00:00+00:00,368.750000,368.750000,367.950500,368.489990,373805
2026-07-17 16:05:00+00:00,368.579987,368.739990,368.299988,368.640015,30951
2026-07-17 16:10:00+00:00,368.654999,368.859985,368.644989,368.670013,38788
2026-07-17 16:15:00+00:00,368.700012,368.980011,368.660004,368.959991,43092
2026-07-17 16:20:00+00:00,368.950012,369.209991,368.640015,369.174988,43589
2026-07-17 16:25:00+00:00,369.109985,369.160004,368.579987,368.720001,26594
2026-07-17 16:30:00+00:00,368.730011,368.779999,368.420013,368.499695,39714
2026-07-17 16:35:00+00:00,368.480011,368.519989,368.209991,368.230103,18469
2026-07-17 16:40:00+00:00,368.320007,368.579987,368.174988,368.554993,219126
2026-07-17 16:45:00+00:00,368.554993,368.809998,368.480011,368.809998,17945
2026-07-17 16:50:00+00:00,368.795013,368.809998,368.399994,368.484985,29388
2026-07-17 16:55:00+00:00,368.425690,368.489899,368.329987,368.339996,20825
2026-07-17 17:00:00+00:00,368.410004,368.730011,368.390015,368.559998,33352
2026-07-17 17:05:00+00:00,368.519989,368.670013,368.489990,368.619995,12244
2026-07-17 17:10:00+00:00,368.609985,368.649994,368.190094,368.190094,15851
2026-07-17 17:15:00+00:00,368.239990,368.410004,368.154999,368.190002,23942
2026-07-17 17:20:00+00:00,368.220001,368.367889,368.109985,368.329987,17297
2026-07-17 17:25:00+00:00,368.320007,368.450012,368.179993,368.214996,28398
2026-07-17 17:30:00+00:00,368.222473,368.320007,368.040009,368.119904,18884
2026-07-17 17:35:00+00:00,368.119995,368.140015,367.899994,368.109985,58586
2026-07-17 17:40:00+00:00,368.100006,368.100006,367.850006,367.980011,52901
2026-07-17 17:45:00+00:00,367.980011,368.149994,367.910004,368.140015,50727
2026-07-17 17:50:00+00:00,368.149994,368.170013,367.720001,367.829895,76719
2026-07-17 17:55:00+00:00,367.790009,367.909912,367.720001,367.879486,62632
2026-07-17 18:00:00+00:00,367.880005,368.000000,367.679993,367.855011,30106
2026-07-17 18:05:00+00:00,367.845001,368.100006,367.804993,368.024994,14438
2026-07-17 18:10:00+00:00,368.075012,368.135010,367.850006,367.899994,63398
2026-07-17 18:15:00+00:00,367.899994,368.144989,367.779999,368.029999,27966
2026-07-17 18:20:00+00:00,368.040009,368.160004,367.899994,368.052704,26011
2026-07-17 18:25:00+00:00,368.049988,368.429993,368.019989,368.381989,23401
2026-07-17 18:30:00+00:00,368.359985,368.450012,368.019989,368.170013,21968
2026-07-17 18:35:00+00:00,368.149994,368.190002,368.019989,368.045013,6982
2026-07-17 18:40:00+00:00,368.019989,368.019989,367.619995,367.739990,23740
2026-07-17 18:45:00+00:00,367.704987,367.799896,367.549988,367.640015,19091
2026-07-17 18:50:00+00:00,367.635010,367.929993,367.609985,367.899994,16417
2026-07-17 18:55:00+00:00,367.929993,368.070007,367.880005,367.970001,12925
2026-07-17 19:00:00+00:00,367.970001,367.989990,367.640015,367.695007,21173
2026-07-17 19:05:00+00:00,367.719910,367.719910,367.369995,367.450012,66557
2026-07-17 19:10:00+00:00,367.450012,367.540009,367.359985,367.510010,37987
2026-07-17 19:15:00+00:00,367.500000,367.579987,367.390015,367.529999,67783
2026-07-17 19:20:00+00:00,367.519989,367.529999,367.200012,367.209991,39884
2026-07-17 19:25:00+00:00,367.200012,367.468994,367.200012,367.450012,53935
2026-07-17 19:30:00+00:00,367.459991,367.630005,367.440002,367.554993,55696
2026-07-17 19:35:00+00:00,367.540009,367.765015,367.489990,367.575012,51955
2026-07-17 19:40:00+00:00,367.559998,367.890015,367.510010,367.890015,29100
2026-07-17 19:45:00+00:00,367.880005,368.035004,367.839996,367.959991,79799
2026-07-17 19:50:00+00:00,367.959991,368.450012,367.959991,368.410004,221198
2026-07-17 19:55:00+00:00,368.399994,368.529999,368.350006,368.420013,364437
2026-07-20 13:30:00+00:00,367.790009,368.399994,367.679993,368.260010,370002
2026-07-20 13:35:00+00:00,368.200012,368.320007,367.769989,368.290009,86697
2026-07-20 13:40:00+00:00,368.269989,368.589996,368.140015,368.179993,53063
2026-07-20 13:45:00+00:00,368.230011,368.230011,367.859985,367.980011,53761
2026-07-20 13:50:00+00:00,368.100006,368.198303,367.640015,367.910004,51108
2026-07-20 13:55:00+00:00,367.890015,368.070007,367.500000,367.500000,27474
2026-07-20 14:00:00+00:00,367.500000,367.690002,367.140015,367.339996,58425
2026-07-20 14:05:00+00:00,367.369995,367.529999,367.019989,367.079987,49799
2026-07-20 14:10:00+00:00,367.070007,367.170013,366.829987,366.875000,48632
2026-07-20 14:15:00+00:00,366.872009,367.250000,366.850006,367.174988,32489
2026-07-20 14:20:00+00:00,367.140808,367.250000,366.799988,367.239990,47628
2026-07-20 14:25:00+00:00,367.230011,367.579987,367.190002,367.579987,92837
2026-07-20 14:30:00+00:00,367.600006,367.839996,367.540009,367.839996,72065
2026-07-20 14:35:00+00:00,367.850006,367.950012,367.620087,367.880005,52549
2026-07-20 14:40:00+00:00,367.869995,367.980011,367.621185,367.649994,90550
2026-07-20 14:45:00+00:00,367.640015,368.250000,367.589996,368.149994,110763
2026-07-20 14:50:00+00:00,368.140015,368.190002,367.750000,367.750000,54707
2026-07-20 14:55:00+00:00,367.739990,367.739990,367.440002,367.549194,51620
2026-07-20 15:00:00+00:00,367.570007,368.000000,367.380005,367.845001,79038
2026-07-20 15:05:00+00:00,367.839996,368.760101,367.609985,368.760101,52649
2026-07-20 15:10:00+00:00,368.765015,368.789307,368.109985,368.269989,84884
2026-07-20 15:15:00+00:00,368.290009,368.380005,368.040009,368.119995,44330
2026-07-20 15:20:00+00:00,368.140015,368.389496,368.029999,368.375000,71348
2026-07-20 15:25:00+00:00,368.380005,368.510010,368.350006,368.510010,88022
2026-07-20 15:30:00+00:00,368.480011,368.529999,368.190002,368.209991,20503
2026-07-20 15:35:00+00:00,368.179993,368.320007,367.929993,368.018585,21590
2026-07-20 15:40:00+00:00,368.069214,368.160095,367.940002,368.150085,13812
2026-07-20 15:45:00+00:00,368.190002,368.390015,368.119995,368.320007,12162
2026-07-20 15:50:00+00:00,368.369995,368.489990,368.320007,368.320099,13744
2026-07-20 15:55:00+00:00,368.320007,368.369995,368.095001,368.095001,35733
2026-07-20 16:00:00+00:00,368.049988,368.450012,368.029999,368.399994,53492
2026-07-20 16:05:00+00:00,368.429901,368.702087,368.369995,368.600006,91994
2026-07-20 16:10:00+00:00,368.600006,368.679993,368.204987,368.239990,19660
2026-07-20 16:15:00+00:00,368.252014,368.339905,368.089996,368.100006,14204
2026-07-20 16:20:00+00:00,368.130005,368.170013,368.070007,368.100006,13678
2026-07-20 16:25:00+00:00,368.127808,368.200012,367.970886,368.141998,17876
2026-07-20 16:30:00+00:00,368.149994,368.170013,367.880005,367.880005,17442
2026-07-20 16:35:00+00:00,367.899994,368.140015,367.880096,368.130005,24971
2026-07-20 16:40:00+00:00,368.109985,368.170013,367.100006,367.880005,141587
2026-07-20 16:45:00+00:00,367.890015,367.970001,367.670013,367.820007,40883
2026-07-20 16:50:00+00:00,367.795013,367.820007,367.559998,367.769989,42567
2026-07-20 16:55:00+00:00,367.739990,367.940002,367.720001,367.910004,15467
2026-07-20 17:00:00+00:00,367.929993,368.100006,367.910004,367.989990,60202
2026-07-20 17:05:00+00:00,367.994537,368.075012,367.899994,368.035004,45242
2026-07-20 17:10:00+00:00,368.019989,368.040009,367.829987,367.910004,49981
2026-07-20 17:15:00+00:00,367.890015,368.019989,367.799988,367.915009,34810
2026-07-20 17:20:00+00:00,367.940002,368.160004,367.855011,368.000000,25205
2026-07-20 17:25:00+00:00,368.035004,368.140015,367.959991,368.079987,32176
2026-07-20 17:30:00+00:00,368.119995,368.160004,367.959991,368.079987,18955
2026-07-20 17:35:00+00:00,368.089996,368.130005,367.890015,367.899994,32808
2026-07-20 17:40:00+00:00,367.890015,367.940002,367.700012,367.725006,15755
2026-07-20 17:45:00+00:00,367.709991,367.709991,367.500000,367.529999,23765
2026-07-20 17:50:00+00:00,367.529999,367.559998,367.350006,367.450012,50890
2026-07-20 17:55:00+00:00,367.459991,367.500000,367.350006,367.460114,11253
2026-07-20 18:00:00+00:00,367.540009,367.820007,367.540009,367.690002,15149
2026-07-20 18:05:00+00:00,367.660004,367.880005,367.660004,367.880005,19671
2026-07-20 18:10:00+00:00,367.890015,367.989990,367.760010,367.815002,17022
2026-07-20 18:15:00+00:00,367.820007,368.070007,367.679993,367.720001,43204
2026-07-20 18:20:00+00:00,367.744995,367.809906,367.320007,367.480011,62482
2026-07-20 18:25:00+00:00,367.470001,367.670013,367.429993,367.605011,11631
2026-07-20 18:30:00+00:00,367.559998,367.630005,367.399994,367.420013,12148
2026-07-20 18:35:00+00:00,367.449310,367.589996,367.449310,367.529999,7875
2026-07-20 18:40:00+00:00,367.559998,367.649994,367.510010,367.570007,12121
2026-07-20 18:45:00+00:00,367.579987,367.776215,367.500000,367.709991,9525
2026-07-20 18:50:00+00:00,367.709991,367.779999,367.610107,367.670105,9546
2026-07-20 18:55:00+00:00,367.670013,367.699890,367.529999,367.665009,142772
2026-07-20 19:00:00+00:00,367.631714,367.700012,367.484985,367.500000,16258
2026-07-20 19:05:00+00:00,367.500000,367.600006,367.399994,367.589996,13714
2026-07-20 19:10:00+00:00,367.595001,367.649994,367.369995,367.403595,24930
2026-07-20 19:15:00+00:00,367.380005,367.739990,367.359985,367.730011,66807
2026-07-20 19:20:00+00:00,367.733612,367.929993,367.720001,367.730011,32552
2026-07-20 19:25:00+00:00,367.709991,368.200012,367.640015,368.184998,82767
2026-07-20 19:30:00+00:00,368.170013,368.640015,368.100006,368.250885,64850
2026-07-20 19:35:00+00:00,368.250000,368.269989,367.875000,368.000000,17339
2026-07-20 19:40:00+00:00,367.980011,368.000000,367.480011,367.545013,43069
2026-07-20 19:45:00+00:00,367.545990,367.880005,367.500000,367.809998,53079
2026-07-20 19:50:00+00:00,367.790009,367.940002,367.739990,367.890015,64833
2026-07-20 19:55:00+00:00,367.880005,367.890015,367.480011,367.589996,132473
2026-07-21 13:30:00+00:00,371.700012,372.269989,371.359985,372.149597,452936
2026-07-21 13:35:00+00:00,372.079987,372.299988,371.679993,371.851013,38312
2026-07-21 13:40:00+00:00,371.859985,371.910004,371.070007,371.279999,60636
2026-07-21 13:45:00+00:00,371.250000,371.640015,371.079987,371.619995,34105
2026-07-21 13:50:00+00:00,371.609985,371.809998,371.255310,371.799988,44465
2026-07-21 13:55:00+00:00,371.790009,371.915009,371.570007,371.899994,49657
2026-07-21 14:00:00+00:00,371.890015,372.209991,371.700012,372.182495,59677
2026-07-21 14:05:00+00:00,372.170013,372.450012,372.010010,372.049988,102599
2026-07-21 14:10:00+00:00,372.065002,373.049988,372.040009,373.029999,91006
2026-07-21 14:15:00+00:00,373.035004,373.239990,372.589996,372.880005,120125
2026-07-21 14:20:00+00:00,372.880005,373.000000,372.630005,372.959991,81965
2026-07-21 14:25:00+00:00,372.980011,373.380005,372.910004,373.350006,78609
2026-07-21 14:30:00+00:00,373.390015,373.790009,373.140015,373.140015,91839
2026-07-21 14:35:00+00:00,373.130005,373.160004,372.720001,372.924988,42983
2026-07-21 14:40:00+00:00,372.915009,373.239990,372.779999,373.200012,38247
2026-07-21 14:45:00+00:00,373.200012,373.480011,373.089996,373.375000,46069
2026-07-21 14:50:00+00:00,373.399994,373.484985,373.160004,373.350006,36945
2026-07-21 14:55:00+00:00,373.380005,373.479889,373.160004,373.274994,45614
2026-07-21 15:00:00+00:00,373.260010,373.510010,373.220001,373.290009,38481
2026-07-21 15:05:00+00:00,373.260010,373.470001,373.029999,373.350006,37926
2026-07-21 15:10:00+00:00,373.359985,373.760010,373.359985,373.739990,58979
2026-07-21 15:15:00+00:00,373.769012,374.220001,373.760010,374.100006,85123
2026-07-21 15:20:00+00:00,374.084991,374.269989,373.954987,374.220001,62300
2026-07-21 15:25:00+00:00,374.209991,374.230011,373.940002,374.049988,57918
2026-07-21 15:30:00+00:00,374.029999,374.579987,374.000000,374.480011,218582
2026-07-21 15:35:00+00:00,374.470001,374.630005,374.239990,374.390015,68352
2026-07-21 15:40:00+00:00,374.399994,374.420013,373.910004,373.950012,63101
2026-07-21 15:45:00+00:00,373.940002,373.989990,373.589996,373.679993,58483
2026-07-21 15:50:00+00:00,373.750000,374.170013,373.739990,374.024994,41599
2026-07-21 15:55:00+00:00,374.007996,374.007996,373.765015,373.820007,11126
2026-07-21 16:00:00+00:00,373.790009,374.170013,373.755005,374.170013,60405
2026-07-21 16:05:00+00:00,374.130005,374.190002,374.019989,374.049988,26967
2026-07-21 16:10:00+00:00,374.070007,374.290009,374.019989,374.165009,45413
2026-07-21 16:15:00+00:00,374.220001,374.220001,374.040009,374.109985,47396
2026-07-21 16:20:00+00:00,374.140015,374.174988,374.000000,374.154999,25742
2026-07-21 16:25:00+00:00,374.170013,374.170013,373.800507,373.964996,105399
2026-07-21 16:30:00+00:00,373.959991,374.029999,373.850006,373.970001,35381
2026-07-21 16:35:00+00:00,373.970001,373.970001,373.529999,373.850006,125391
2026-07-21 16:40:00+00:00,373.820007,373.899994,373.570007,373.620087,27039
2026-07-21 16:45:00+00:00,373.609985,373.679993,373.429993,373.640015,25800
2026-07-21 16:50:00+00:00,373.630005,373.744995,373.589996,373.690002,24445
2026-07-21 16:55:00+00:00,373.690002,373.709991,373.519989,373.559998,26580
2026-07-21 17:00:00+00:00,373.554993,373.630005,373.369995,373.420013,22556
2026-07-21 17:05:00+00:00,373.440002,373.649994,373.410004,373.549988,17496
2026-07-21 17:10:00+00:00,373.549988,373.649994,373.429993,373.470001,14443
2026-07-21 17:15:00+00:00,373.494995,373.517914,373.329987,373.329987,15610
2026-07-21 17:20:00+00:00,373.370392,373.570007,373.370392,373.549988,24443
2026-07-21 17:25:00+00:00,373.549988,373.649994,373.489990,373.605011,31965
2026-07-21 17:30:00+00:00,373.589996,373.605011,373.369995,373.424988,44386
2026-07-21 17:35:00+00:00,373.399994,373.420013,373.299988,373.359985,19219
2026-07-21 17:40:00+00:00,373.359985,373.359985,373.119995,373.265015,15849
2026-07-21 17:45:00+00:00,373.239990,373.260010,373.119995,373.160004,20796
2026-07-21 17:50:00+00:00,373.149994,373.225006,373.119995,373.204987,8400
2026-07-21 17:55:00+00:00,373.209991,373.295013,373.119995,373.295013,12682
2026-07-21 18:00:00+00:00,373.299988,373.380005,373.238800,373.239990,22894
2026-07-21 18:05:00+00:00,373.290009,373.600006,373.220001,373.579987,11191
2026-07-21 18:10:00+00:00,373.583496,373.635010,373.549988,373.574310,26624
2026-07-21 18:15:00+00:00,373.570007,373.779694,373.529999,373.750000,34434
2026-07-21 18:20:00+00:00,373.730011,374.440002,373.640015,374.440002,61293
2026-07-21 18:25:00+00:00,374.459991,375.010010,374.459991,374.699890,85102
2026-07-21 18:30:00+00:00,374.660004,374.849487,374.459991,374.730011,31924
2026-07-21 18:35:00+00:00,374.744995,374.839996,374.470001,374.609985,17530
2026-07-21 18:40:00+00:00,374.589996,374.699005,374.510010,374.535004,21963
2026-07-21 18:45:00+00:00,374.540009,374.579987,374.390015,374.404999,26884
2026-07-21 18:50:00+00:00,374.440002,374.475006,374.285004,374.429993,20824
2026-07-21 18:55:00+00:00,374.440002,374.640015,374.440002,374.559998,20362
2026-07-21 19:00:00+00:00,374.579987,374.839996,374.559998,374.760101,46741
2026-07-21 19:05:00+00:00,374.739990,374.834991,374.440002,374.440002,24866
2026-07-21 19:10:00+00:00,374.468994,374.529907,374.339996,374.410004,35179
2026-07-21 19:15:00+00:00,374.470001,374.739105,374.450012,374.690002,198428
2026-07-21 19:20:00+00:00,374.700012,374.769989,374.584991,374.700012,37193
2026-07-21 19:25:00+00:00,374.690002,374.850006,374.670013,374.730011,139068
2026-07-21 19:30:00+00:00,374.750000,374.829987,374.630005,374.665009,49300
2026-07-21 19:35:00+00:00,374.660004,374.670013,374.519989,374.589996,79203
2026-07-21 19:40:00+00:00,374.579987,374.760010,374.559998,374.660004,867842
2026-07-21 19:45:00+00:00,374.649994,374.829987,374.605011,374.760010,82962
2026-07-21 19:50:00+00:00,374.760010,374.829987,374.679993,374.739990,112802
2026-07-21 19:55:00+00:00,374.739990,374.850006,374.670013,374.779999,354638
2026-07-22 13:30:00+00:00,379.067993,380.450012,379.049988,379.989990,579857
2026-07-22 13:35:00+00:00,380.000000,380.329987,379.660004,380.279999,71293
2026-07-22 13:40:00+00:00,380.225006,380.369995,379.940002,380.040009,58323
2026-07-22 13:45:00+00:00,380.095001,380.760010,380.070007,380.429993,132669
2026-07-22 13:50:00+00:00,380.429993,380.589996,380.200012,380.369995,98244
2026-07-22 13:55:00+00:00,380.359985,381.269989,380.269989,381.149994,118600
2026-07-22 14:00:00+00:00,381.149994,381.959991,381.040009,381.359985,181726
2026-07-22 14:05:00+00:00,381.364990,381.579987,381.049988,381.350006,141096
2026-07-22 14:10:00+00:00,381.364990,381.600006,381.260010,381.359985,140662
2026-07-22 14:15:00+00:00,381.375000,381.375000,380.660004,380.670013,160497
2026-07-22 14:20:00+00:00,380.679993,381.040009,380.630005,380.750000,157676
2026-07-22 14:25:00+00:00,380.769989,380.820007,380.250000,380.440002,219890
2026-07-22 14:30:00+00:00,380.450012,380.989990,380.440002,380.825012,62872
2026-07-22 14:35:00+00:00,380.815002,380.950012,380.640503,380.915009,35563
2026-07-22 14:40:00+00:00,380.915009,381.019989,380.540100,380.869995,76827
2026-07-22 14:45:00+00:00,380.890015,381.019989,380.380005,380.589996,60183
2026-07-22 14:50:00+00:00,380.609985,380.670013,380.420013,380.570007,71393
2026-07-22 14:55:00+00:00,380.549988,380.769989,380.200012,380.649994,47813
2026-07-22 15:00:00+00:00,380.630005,381.230011,380.630005,381.170013,56048
2026-07-22 15:05:00+00:00,381.170013,381.350006,381.130005,381.220001,45370
2026-07-22 15:10:00+00:00,381.179993,381.519989,381.149994,381.440002,31857
2026-07-22 15:15:00+00:00,381.420013,381.459991,381.040009,381.200012,62913
2026-07-22 15:20:00+00:00,381.209991,381.779999,381.160004,381.649994,48880
2026-07-22 15:25:00+00:00,381.660004,381.695007,381.359985,381.399994,34091
2026-07-22 15:30:00+00:00,381.404999,381.559998,381.309998,381.380005,32430
2026-07-22 15:35:00+00:00,381.420013,381.584991,381.260010,381.399994,39171
2026-07-22 15:40:00+00:00,381.420013,381.760010,381.399994,381.700012,115875
2026-07-22 15:45:00+00:00,381.700012,382.149994,381.590302,382.089996,64052
2026-07-22 15:50:00+00:00,382.089996,382.220001,381.920013,381.934998,46701
2026-07-22 15:55:00+00:00,381.880005,381.899994,381.549988,381.649994,27645
2026-07-22 16:00:00+00:00,381.639008,381.639008,381.359985,381.390015,44198
2026-07-22 16:05:00+00:00,381.438812,381.630005,381.364990,381.380005,31652
2026-07-22 16:10:00+00:00,381.399994,381.399994,381.059998,381.160004,81102
2026-07-22 16:15:00+00:00,381.154999,381.230011,380.830109,381.200012,48851
2026-07-22 16:20:00+00:00,381.190002,381.269897,380.945007,380.959991,45507
2026-07-22 16:25:00+00:00,380.970001,380.989990,380.559998,380.690002,115817
2026-07-22 16:30:00+00:00,380.690002,380.815002,380.399994,380.453186,61427
2026-07-22 16:35:00+00:00,380.468994,380.674988,380.250000,380.630005,141635
2026-07-22 16:40:00+00:00,380.630005,380.890015,380.495605,380.495605,39436
2026-07-22 16:45:00+00:00,380.500000,380.619995,380.369995,380.480011,68348
2026-07-22 16:50:00+00:00,380.500000,380.500000,380.260010,380.440002,37284
2026-07-22 16:55:00+00:00,380.429993,380.649902,380.359985,380.440002,31812
2026-07-22 17:00:00+00:00,380.475006,380.538910,380.239990,380.480011,30655
2026-07-22 17:05:00+00:00,380.440002,380.480011,380.079987,380.209991,33886
2026-07-22 17:10:00+00:00,380.220001,380.380005,380.170013,380.353394,50615
2026-07-22 17:15:00+00:00,380.299988,380.380005,380.070007,380.100006,58501
2026-07-22 17:20:00+00:00,380.089996,380.350006,380.065002,380.166504,33038
2026-07-22 17:25:00+00:00,380.184998,380.475006,380.140015,380.450012,51058
2026-07-22 17:30:00+00:00,380.369995,380.510010,380.239990,380.279999,35617
2026-07-22 17:35:00+00:00,380.329987,380.353607,379.720001,379.720001,87254
2026-07-22 17:40:00+00:00,379.750000,379.899994,379.660004,379.880005,41721
2026-07-22 17:45:00+00:00,379.869995,380.119995,379.859985,380.089996,28074
2026-07-22 17:50:00+00:00,380.089996,380.140015,380.019989,380.089996,32386
2026-07-22 17:55:00+00:00,380.059998,380.133514,379.970001,380.049988,44196
2026-07-22 18:00:00+00:00,380.029999,380.059998,379.529999,379.575012,158962
2026-07-22 18:05:00+00:00,379.589996,379.924988,379.579987,379.769989,23955
2026-07-22 18:10:00+00:00,379.750000,379.845001,379.600006,379.640015,16454
2026-07-22 18:15:00+00:00,379.609985,379.720001,379.524994,379.709991,30761
2026-07-22 18:20:00+00:00,379.660004,379.760010,379.380005,379.480011,55211
2026-07-22 18:25:00+00:00,379.489990,379.500000,379.299988,379.315002,107129
2026-07-22 18:30:00+00:00,379.329987,379.380005,379.029999,379.130005,94470
2026-07-22 18:35:00+00:00,379.130005,379.429993,379.109985,379.410004,140225
2026-07-22 18:40:00+00:00,379.420013,379.450012,379.244995,379.429993,25066
2026-07-22 18:45:00+00:00,379.420013,379.640015,379.385010,379.554993,34450
2026-07-22 18:50:00+00:00,379.565002,379.670013,379.549988,379.570007,18497
2026-07-22 18:55:00+00:00,379.570007,379.600006,379.399994,379.399994,37803
2026-07-22 19:00:00+00:00,379.415009,379.429993,379.149994,379.329987,61614
2026-07-22 19:05:00+00:00,379.369995,379.549988,379.320007,379.390015,49954
2026-07-22 19:10:00+00:00,379.369995,379.399994,379.230011,379.260010,18446
2026-07-22 19:15:00+00:00,379.230011,379.390015,379.179993,379.260895,30162
2026-07-22 19:20:00+00:00,379.269989,379.339996,379.049988,379.269989,35952
2026-07-22 19:25:00+00:00,379.279999,379.329987,379.079987,379.329987,52416
2026-07-22 19:30:00+00:00,379.260010,379.470001,379.130005,379.390015,60779
2026-07-22 19:35:00+00:00,379.380005,379.459991,379.250000,379.299988,42938
2026-07-22 19:40:00+00:00,379.299988,379.420013,379.220001,379.265015,41507
2026-07-22 19:45:00+00:00,379.269989,379.390015,379.179993,379.380005,97207
2026-07-22 19:50:00+00:00,379.380005,379.410004,378.829987,378.959991,196926
2026-07-22 19:55:00+00:00,378.950012,379.170013,378.910004,379.093994,226076
2026-07-23 13:30:00+00:00,372.359985,373.085205,372.220001,372.760010,707343
2026-07-23 13:35:00+00:00,372.720001,372.839996,372.000000,372.090088,122964
2026-07-23 13:40:00+00:00,372.125000,372.640015,372.010010,372.160004,88252
2026-07-23 13:45:00+00:00,372.130005,372.170013,371.529999,371.660004,101240
2026-07-23 13:50:00+00:00,371.739990,372.320007,371.684814,372.090302,48869
2026-07-23 13:55:00+00:00,372.089996,372.220001,370.850006,370.864990,62472
2026-07-23 14:00:00+00:00,370.890015,371.549988,370.839996,370.910004,186580
2026-07-23 14:05:00+00:00,370.880005,371.100006,370.529999,371.059998,245010
2026-07-23 14:10:00+00:00,371.079987,371.579590,370.720001,371.309998,156287
2026-07-23 14:15:00+00:00,371.290009,371.460114,370.755005,370.920013,288845
2026-07-23 14:20:00+00:00,370.890015,371.649994,370.785004,371.649994,158859
2026-07-23 14:25:00+00:00,371.609985,372.079987,371.559998,372.029999,131421
2026-07-23 14:30:00+00:00,372.079987,372.199890,371.660095,371.888611,58875
2026-07-23 14:35:00+00:00,371.890015,372.440002,371.609985,372.320007,162982
2026-07-23 14:40:00+00:00,372.320007,372.375000,372.049988,372.130005,97769
2026-07-23 14:45:00+00:00,372.119995,372.549988,372.089996,372.299988,28676
2026-07-23 14:50:00+00:00,372.315002,372.434998,372.089996,372.154999,35982
2026-07-23 14:55:00+00:00,372.149994,372.424988,372.149994,372.250000,26715
2026-07-23 15:00:00+00:00,372.179993,372.350006,372.029999,372.119995,38569
2026-07-23 15:05:00+00:00,372.149994,372.209991,371.640015,371.640015,85787
2026-07-23 15:10:00+00:00,371.674988,371.855011,371.450012,371.630005,68923
2026-07-23 15:15:00+00:00,371.619995,372.114990,371.549988,371.679993,37813
2026-07-23 15:20:00+00:00,371.779999,371.834991,371.089996,371.505005,82145
2026-07-23 15:25:00+00:00,371.535004,371.540009,371.170013,371.170013,50658
2026-07-23 15:30:00+00:00,371.200012,371.200012,370.799988,371.070099,33152
2026-07-23 15:35:00+00:00,371.114990,371.660004,371.105011,371.489990,1485552
2026-07-23 15:40:00+00:00,371.445007,371.795013,371.329987,371.359985,28770
2026-07-23 15:45:00+00:00,371.356110,371.615295,371.274994,371.470001,25796
2026-07-23 15:50:00+00:00,371.429993,371.609894,371.234985,371.549988,23963
2026-07-23 15:55:00+00:00,371.549988,371.579987,371.220001,371.390015,27671
2026-07-23 16:00:00+00:00,371.420013,371.600006,371.350006,371.350006,157557
2026-07-23 16:05:00+00:00,371.355011,371.510010,371.269989,371.385010,37246
2026-07-23 16:10:00+00:00,371.390015,371.570007,371.329987,371.529999,51989
2026-07-23 16:15:00+00:00,371.519989,371.570007,371.130005,371.190002,23129
2026-07-23 16:20:00+00:00,371.190002,371.640015,371.190002,371.339996,59409
2026-07-23 16:25:00+00:00,371.369995,371.640015,371.339996,371.510010,402811
2026-07-23 16:30:00+00:00,371.500000,371.554993,371.309998,371.324188,127539
2026-07-23 16:35:00+00:00,371.320007,371.579895,371.239990,371.540009,15611
2026-07-23 16:40:00+00:00,371.549988,371.589996,371.420013,371.510010,372696
2026-07-23 16:45:00+00:00,371.489990,371.605011,371.420013,371.440002,27524
2026-07-23 16:50:00+00:00,371.429993,371.475006,371.320007,371.429993,0
2026-07-23 16:55:00+00:00,371.475006,371.679993,371.454712,371.640015,140219
2026-07-23 17:00:00+00:00,371.649994,371.920013,371.570007,371.649994,51014
2026-07-23 17:05:00+00:00,371.681976,371.825012,371.239990,371.339996,32849
2026-07-23 17:10:00+00:00,371.347504,371.440002,371.239990,371.279999,14674
2026-07-23 17:15:00+00:00,371.260010,371.489990,371.140015,371.190002,245030
2026-07-23 17:20:00+00:00,371.200012,371.559998,371.200012,371.385010,27130
2026-07-23 17:25:00+00:00,371.390015,371.489990,371.200012,371.260010,21686
2026-07-23 17:30:00+00:00,371.230011,371.429993,371.214996,371.279999,15508
2026-07-23 17:35:00+00:00,371.269989,371.299988,370.950012,370.980011,42665
2026-07-23 17:40:00+00:00,371.059998,371.069885,370.760010,370.850006,38842
2026-07-23 17:45:00+00:00,370.839996,370.980011,370.809998,370.930115,67031
2026-07-23 17:50:00+00:00,370.959991,370.979889,370.790009,370.890015,24391
2026-07-23 17:55:00+00:00,370.880005,370.915009,370.760010,370.769989,30593
2026-07-23 18:00:00+00:00,370.790009,370.890015,370.649994,370.739990,23187
2026-07-23 18:05:00+00:00,370.730011,370.970001,370.640015,370.890015,24726
2026-07-23 18:10:00+00:00,370.880005,370.980011,370.690002,370.750000,99916
2026-07-23 18:15:00+00:00,370.730011,371.000000,370.660004,370.890015,57240
2026-07-23 18:20:00+00:00,370.890015,370.909698,370.630005,370.779999,34518
2026-07-23 18:25:00+00:00,370.760010,371.100006,370.690002,371.035004,31002
2026-07-23 18:30:00+00:00,371.070007,371.335510,371.049988,371.065002,90840
2026-07-23 18:35:00+00:00,371.090393,371.220001,371.010010,371.089996,29346
2026-07-23 18:40:00+00:00,371.100006,371.204987,371.059998,371.184998,24237
2026-07-23 18:45:00+00:00,371.234985,371.390015,371.220001,371.280304,22990
2026-07-23 18:50:00+00:00,371.279999,371.279999,371.119995,371.160004,54125
2026-07-23 18:55:00+00:00,371.195007,371.230011,371.049988,371.160004,19244
2026-07-23 19:00:00+00:00,371.209991,371.410004,371.089996,371.089996,50574
2026-07-23 19:05:00+00:00,371.089996,371.190002,370.929993,370.929993,80928
2026-07-23 19:10:00+00:00,370.929993,371.010010,370.880005,370.910004,96187
2026-07-23 19:15:00+00:00,370.910004,371.160004,370.899994,371.075012,36953
2026-07-23 19:20:00+00:00,371.070007,371.380005,371.059998,371.336212,32751
2026-07-23 19:25:00+00:00,371.329987,371.450012,371.230011,371.339996,37877
2026-07-23 19:30:00+00:00,371.369995,371.600006,371.140015,371.274994,57894
2026-07-23 19:35:00+00:00,371.260010,371.385010,371.230011,371.334991,57949
2026-07-23 19:40:00+00:00,371.334991,371.355011,371.119995,371.119995,104835
2026-07-23 19:45:00+00:00,371.130005,371.220001,371.040009,371.140015,74175
2026-07-23 19:50:00+00:00,371.170013,371.570007,371.140015,371.559998,240652
2026-07-23 19:55:00+00:00,371.559998,371.660004,371.480011,371.540009,310433
2026-07-24 13:30:00+00:00,371.260010,371.540009,371.029999,371.470001,477279
2026-07-24 13:35:00+00:00,371.540009,372.160004,371.500000,372.125000,69556
2026-07-24 13:40:00+00:00,372.109985,372.149994,371.670013,371.710999,31199
2026-07-24 13:45:00+00:00,371.720001,372.529999,371.339996,372.274994,50598
2026-07-24 13:50:00+00:00,372.290009,372.570007,372.089996,372.449890,53193
2026-07-24 13:55:00+00:00,372.415009,373.279999,372.179993,373.119995,88815
2026-07-24 14:00:00+00:00,373.149994,373.380005,372.720001,372.730011,110800
2026-07-24 14:05:00+00:00,372.750000,372.880005,372.239990,372.708801,79713
2026-07-24 14:10:00+00:00,372.505005,372.670013,372.380005,372.380005,37471
2026-07-24 14:15:00+00:00,372.380005,372.494995,372.110107,372.279999,61889
2026-07-24 14:20:00+00:00,372.320007,372.915009,372.160004,372.829987,48074
2026-07-24 14:25:00+00:00,372.940002,373.329987,372.910004,373.049988,79710
2026-07-24 14:30:00+00:00,372.970093,373.209991,372.929993,372.959991,35625
2026-07-24 14:35:00+00:00,372.929993,373.075012,372.450012,372.540009,20591
2026-07-24 14:40:00+00:00,372.559998,372.679993,372.399994,372.509308,50482
2026-07-24 14:45:00+00:00,372.461212,372.809998,372.350006,372.753815,19732
2026-07-24 14:50:00+00:00,372.779999,372.885010,372.579987,372.609985,13926
2026-07-24 14:55:00+00:00,372.640015,373.070007,372.609985,372.790009,64041
2026-07-24 15:00:00+00:00,372.839996,373.140015,372.640015,372.920013,45707
2026-07-24 15:05:00+00:00,372.859985,372.910004,372.649994,372.820007,11138
2026-07-24 15:10:00+00:00,372.779999,374.019989,372.779999,373.910004,84977
2026-07-24 15:15:00+00:00,373.829987,374.459991,373.589996,374.049988,91163
2026-07-24 15:20:00+00:00,374.019989,374.489990,373.600006,373.769989,85147
2026-07-24 15:25:00+00:00,373.809998,374.010010,373.640015,373.890015,36124
2026-07-24 15:30:00+00:00,373.869995,374.000000,373.769989,373.779999,36123
2026-07-24 15:35:00+00:00,373.779999,374.239990,373.739990,374.130005,37755
2026-07-24 15:40:00+00:00,374.128906,374.290009,373.510010,373.589996,61053
2026-07-24 15:45:00+00:00,373.600006,373.720001,373.480011,373.679993,20436
2026-07-24 15:50:00+00:00,373.690002,373.940002,373.660004,373.845001,28174
2026-07-24 15:55:00+00:00,373.859985,374.130005,373.859985,374.059998,48168
2026-07-24 16:00:00+00:00,374.070007,374.084991,373.869995,374.019989,42907
2026-07-24 16:05:00+00:00,374.019989,374.075012,373.869995,373.970001,43546
2026-07-24 16:10:00+00:00,373.970001,374.059998,373.809998,373.859985,43093
2026-07-24 16:15:00+00:00,373.864990,373.950012,373.765015,373.850006,47210
2026-07-24 16:20:00+00:00,373.850006,374.109985,373.760010,374.019989,58476
2026-07-24 16:25:00+00:00,374.067291,374.160004,373.720001,373.759399,59029
2026-07-24 16:30:00+00:00,373.769989,373.769989,373.440002,373.610291,44314
2026-07-24 16:35:00+00:00,373.619904,373.619904,373.200012,373.230011,12020
2026-07-24 16:40:00+00:00,373.250000,373.290009,373.104401,373.179993,78031
2026-07-24 16:45:00+00:00,373.200012,373.200012,372.869995,372.920013,52486
2026-07-24 16:50:00+00:00,372.929993,373.015015,372.850006,372.989990,40563
2026-07-24 16:55:00+00:00,372.989990,373.190002,372.959991,373.140015,11142
2026-07-24 17:00:00+00:00,373.144989,373.239105,373.105011,373.190002,12275
2026-07-24 17:05:00+00:00,373.190002,373.190002,372.859985,373.005005,69161
2026-07-24 17:10:00+00:00,373.019104,373.049896,372.755005,372.845001,13997
2026-07-24 17:15:00+00:00,372.850006,373.100006,372.790009,373.100006,28156
2026-07-24 17:20:00+00:00,373.079987,373.269989,372.940002,373.269989,26434
2026-07-24 17:25:00+00:00,373.250000,373.359985,373.130005,373.269989,50251
2026-07-24 17:30:00+00:00,373.234985,373.369995,373.160004,373.269989,21788
2026-07-24 17:35:00+00:00,373.279999,373.290009,373.179993,373.209991,22024
2026-07-24 17:40:00+00:00,373.220001,373.290009,373.049988,373.079987,12241
2026-07-24 17:45:00+00:00,373.079987,373.140015,372.929993,373.010010,15900
2026-07-24 17:50:00+00:00,373.040009,373.130005,372.779999,372.790009,19219
2026-07-24 17:55:00+00:00,372.820007,372.950012,372.799988,372.799988,16104
2026-07-24 18:00:00+00:00,372.790009,372.869995,372.609985,372.700012,23690
2026-07-24 18:05:00+00:00,372.760010,372.899994,372.739990,372.769989,16988
2026-07-24 18:10:00+00:00,372.809998,372.809998,372.619995,372.619995,11235
2026-07-24 18:15:00+00:00,372.649994,372.755005,372.500000,372.510010,22255
2026-07-24 18:20:00+00:00,372.515015,372.529999,372.179993,372.269989,34116
2026-07-24 18:25:00+00:00,372.295013,372.325012,372.010010,372.040009,50280
2026-07-24 18:30:00+00:00,372.054993,372.100006,371.779999,371.886505,37894
2026-07-24 18:35:00+00:00,371.920013,372.204987,371.850006,372.095001,63118
2026-07-24 18:40:00+00:00,372.079987,372.079987,371.690002,371.769989,21105
2026-07-24 18:45:00+00:00,371.790009,372.040009,371.744995,371.899994,20701
2026-07-24 18:50:00+00:00,371.910004,372.109985,371.850006,371.970001,19568
2026-07-24 18:55:00+00:00,371.950592,372.049988,371.930511,371.994690,13341
2026-07-24 19:00:00+00:00,371.980011,372.119995,371.795013,371.989990,32306
2026-07-24 19:05:00+00:00,371.960114,372.019989,371.820007,371.839996,19368
2026-07-24 19:10:00+00:00,371.829987,372.019012,371.769989,371.790009,22658
2026-07-24 19:15:00+00:00,371.790009,371.799988,371.540009,371.630005,30192
2026-07-24 19:20:00+00:00,371.640015,371.670013,371.510010,371.529999,24381
2026-07-24 19:25:00+00:00,371.529999,371.725006,371.480286,371.690002,41801
2026-07-24 19:30:00+00:00,371.695007,371.970001,371.679993,371.920013,20256
2026-07-24 19:35:00+00:00,371.920013,372.119995,371.899994,372.024994,76497
2026-07-24 19:40:00+00:00,372.015015,372.279999,372.015015,372.170013,52929
2026-07-24 19:45:00+00:00,372.170013,372.220001,371.970001,371.999908,59351
2026-07-24 19:50:00+00:00,372.010010,372.040009,371.859985,372.019989,48695
2026-07-24 19:55:00+00:00,372.019989,372.019989,371.769989,371.899994,132250
2026-07-27 13:30:00+00:00,373.890015,374.469696,373.869995,374.239990,275671
2026-07-27 13:35:00+00:00,374.250000,374.940002,374.250000,374.769989,43418
2026-07-27 13:40:00+00:00,374.779999,375.109985,374.649994,374.850006,48818
2026-07-27 13:45:00+00:00,374.899994,375.140015,374.750000,374.940002,54491
2026-07-27 13:50:00+00:00,374.950012,375.100006,374.640015,374.679993,60984
2026-07-27 13:55:00+00:00,374.570007,374.570007,373.390015,373.730011,102984
2026-07-27 14:00:00+00:00,373.709991,374.175903,373.459991,373.809998,80123
2026-07-27 14:05:00+00:00,373.859985,374.079987,373.690002,374.040009,40043
2026-07-27 14:10:00+00:00,374.049988,374.059998,373.588989,374.000000,41559
2026-07-27 14:15:00+00:00,374.019989,374.160004,373.859985,373.975006,35654
2026-07-27 14:20:00+00:00,373.959991,373.999908,373.630005,373.700012,28676
2026-07-27 14:25:00+00:00,373.720001,373.750000,373.119995,373.239990,55471
2026-07-27 14:30:00+00:00,373.239990,373.310303,373.010010,373.209991,36770
2026-07-27 14:35:00+00:00,373.179993,373.420013,373.000000,373.230011,30570
2026-07-27 14:40:00+00:00,373.194000,373.294800,372.910004,373.220001,22865
2026-07-27 14:45:00+00:00,373.290009,373.670013,373.290009,373.510010,76221
2026-07-27 14:50:00+00:00,373.559998,373.809998,373.459991,373.680115,20412
2026-07-27 14:55:00+00:00,373.690002,374.059998,373.559998,373.980011,51971
2026-07-27 15:00:00+00:00,373.970001,373.989990,373.609985,373.909912,29517
2026-07-27 15:05:00+00:00,373.855011,373.855011,373.609985,373.619995,16644
2026-07-27 15:10:00+00:00,373.640015,373.954987,373.579987,373.910004,55190
2026-07-27 15:15:00+00:00,373.940002,374.199097,373.879303,374.079987,40533
2026-07-27 15:20:00+00:00,374.075012,374.179993,373.810089,373.856812,19903
2026-07-27 15:25:00+00:00,373.855011,373.989990,373.785004,373.970001,16501
2026-07-27 15:30:00+00:00,373.869995,374.055511,373.619995,373.700012,56390
2026-07-27 15:35:00+00:00,373.670013,373.805695,373.609985,373.700012,20769
2026-07-27 15:40:00+00:00,373.700012,373.950012,373.679993,373.920013,16802
2026-07-27 15:45:00+00:00,373.940002,373.989899,373.795013,373.929993,39815
2026-07-27 15:50:00+00:00,373.945007,374.239990,373.920013,374.040009,39796
2026-07-27 15:55:00+00:00,374.040009,374.200012,374.029999,374.140015,10932
2026-07-27 16:00:00+00:00,374.160004,374.269989,374.089996,374.260010,11908
2026-07-27 16:05:00+00:00,374.220001,374.700012,374.130005,374.679993,37257
2026-07-27 16:10:00+00:00,374.649994,374.649994,374.350006,374.415009,10278
2026-07-27 16:15:00+00:00,374.339996,374.439911,374.260010,374.345001,16093
2026-07-27 16:20:00+00:00,374.345001,374.540009,374.345001,374.390015,11727
2026-07-27 16:25:00+00:00,374.359985,375.109985,374.359985,374.769989,45923
2026-07-27 16:30:00+00:00,374.769989,375.480011,374.755005,375.359985,47846
2026-07-27 16:35:00+00:00,375.299988,375.529999,375.200012,375.209991,25126
2026-07-27 16:40:00+00:00,375.230011,375.269989,374.940002,374.989990,25278
2026-07-27 16:45:00+00:00,375.040009,375.040009,374.649994,374.649994,8414
2026-07-27 16:50:00+00:00,374.619995,374.635101,374.359985,374.420013,16676
2026-07-27 16:55:00+00:00,374.399994,374.500000,374.320007,374.500000,9268
2026-07-27 17:00:00+00:00,374.459991,374.470001,373.859985,373.920013,27501
2026-07-27 17:05:00+00:00,373.929993,373.989990,373.700012,373.799988,44689
2026-07-27 17:10:00+00:00,373.829987,373.880005,373.420013,373.720001,49248
2026-07-27 17:15:00+00:00,373.700012,373.875000,373.600006,373.730011,53907
2026-07-27 17:20:00+00:00,373.730011,373.904999,373.670013,373.720001,24300
2026-07-27 17:25:00+00:00,373.739990,373.970001,373.709381,373.809998,9593
2026-07-27 17:30:00+00:00,373.840088,373.894989,373.700012,373.700012,7181
2026-07-27 17:35:00+00:00,373.730011,373.790009,373.549988,373.630005,8659
2026-07-27 17:40:00+00:00,373.660004,373.790009,373.630005,373.700012,10796
2026-07-27 17:45:00+00:00,373.739990,373.880005,373.690002,373.850006,16269
2026-07-27 17:50:00+00:00,373.850006,374.054993,373.829987,373.924988,49717
2026-07-27 17:55:00+00:00,373.960114,374.015991,373.935303,373.989990,6109
2026-07-27 18:00:00+00:00,374.000000,374.204987,373.929993,374.059906,11283
2026-07-27 18:05:00+00:00,374.046295,374.230011,374.040009,374.170013,32347
2026-07-27 18:10:00+00:00,374.170013,374.179993,373.929993,373.959991,62445
2026-07-27 18:15:00+00:00,373.989990,373.989990,373.750000,373.829987,23521
2026-07-27 18:20:00+00:00,373.790009,373.950012,373.750000,373.929993,11088
2026-07-27 18:25:00+00:00,373.940002,373.989990,373.875000,373.980011,25224
2026-07-27 18:30:00+00:00,373.964996,374.000000,373.785004,373.785004,15567
2026-07-27 18:35:00+00:00,373.779999,373.799988,373.640015,373.649994,14757
2026-07-27 18:40:00+00:00,373.670013,374.220001,373.649994,373.950012,76141
2026-07-27 18:45:00+00:00,373.989990,373.989990,373.850098,373.864990,8064
2026-07-27 18:50:00+00:00,373.850006,374.184998,373.809998,374.149994,19107
2026-07-27 18:55:00+00:00,374.140015,374.250000,374.050201,374.130005,17971
2026-07-27 19:00:00+00:00,374.140015,374.200012,374.040009,374.065002,19095
2026-07-27 19:05:00+00:00,374.040009,374.329987,373.970001,374.329987,23857
2026-07-27 19:10:00+00:00,374.334991,374.470001,374.280090,374.330994,16825
2026-07-27 19:15:00+00:00,374.360107,374.709991,374.260010,374.709991,46049
2026-07-27 19:20:00+00:00,374.760010,375.079987,374.730011,374.799988,68799
2026-07-27 19:25:00+00:00,374.809998,374.840088,374.600006,374.790009,46804
2026-07-27 19:30:00+00:00,374.820007,374.880005,374.654999,374.774994,21786
2026-07-27 19:35:00+00:00,374.769989,374.910004,374.769989,374.895813,30261
2026-07-27 19:40:00+00:00,374.899994,374.980011,374.799988,374.950012,31422
2026-07-27 19:45:00+00:00,374.940002,375.160004,374.880005,375.149994,40715
2026-07-27 19:50:00+00:00,375.130005,375.179993,374.850006,375.019989,123407
2026-07-27 19:55:00+00:00,375.000000,375.010010,374.480011,374.559998,338171
2026-07-28 13:30:00+00:00,369.605011,369.973389,369.459991,369.790009,273971
2026-07-28 13:35:00+00:00,369.820007,369.949005,368.890015,368.946991,137523
2026-07-28 13:40:00+00:00,368.929993,369.214996,368.500000,369.209991,129167
2026-07-28 13:45:00+00:00,369.250000,369.390015,368.959991,369.200012,47081
2026-07-28 13:50:00+00:00,369.225006,369.589996,369.170013,369.410004,75059
2026-07-28 13:55:00+00:00,369.410004,369.429993,368.920013,368.970001,104537
2026-07-28 14:00:00+00:00,368.959991,369.410004,368.920013,369.345001,120814
2026-07-28 14:05:00+00:00,369.320007,369.790009,369.309998,369.660004,90478
2026-07-28 14:10:00+00:00,369.684998,369.989990,369.209991,369.260010,128927
2026-07-28 14:15:00+00:00,369.269989,369.369995,368.739990,368.739990,110195
2026-07-28 14:20:00+00:00,368.755005,368.820007,367.980011,368.480103,130777
2026-07-28 14:25:00+00:00,368.489990,368.989990,368.429993,368.940002,77308
2026-07-28 14:30:00+00:00,368.920013,369.230011,368.790009,368.803192,30067
2026-07-28 14:35:00+00:00,368.799988,369.109985,368.739990,368.809998,41944
2026-07-28 14:40:00+00:00,368.790009,369.133209,368.679993,369.040009,30635
2026-07-28 14:45:00+00:00,369.040009,369.565002,368.915009,369.549988,42047
2026-07-28 14:50:00+00:00,369.540009,369.640015,369.350006,369.481689,43143
2026-07-28 14:55:00+00:00,369.450012,369.519897,369.149994,369.149994,25660
2026-07-28 15:00:00+00:00,369.179993,369.630005,369.119995,369.205109,30205
2026-07-28 15:05:00+00:00,369.195007,369.459991,368.970001,369.459991,26923
2026-07-28 15:10:00+00:00,369.500000,370.250000,369.500000,370.029999,77223
2026-07-28 15:15:00+00:00,369.959991,370.230011,369.867493,370.179993,33916
2026-07-28 15:20:00+00:00,370.190002,370.720001,370.190002,370.234985,66974
2026-07-28 15:25:00+00:00,370.250000,370.589996,370.140015,370.170013,35456
2026-07-28 15:30:00+00:00,370.190002,370.260010,369.910004,370.010010,61799
2026-07-28 15:35:00+00:00,370.049988,370.470001,369.959991,370.309998,181780
2026-07-28 15:40:00+00:00,370.320007,370.799591,370.290009,370.765015,29621
2026-07-28 15:45:00+00:00,370.730011,371.059906,370.700012,370.920013,46069
2026-07-28 15:50:00+00:00,370.910004,371.220001,370.790009,371.160004,36858
2026-07-28 15:55:00+00:00,371.130005,371.230011,371.040009,371.170013,36985
2026-07-28 16:00:00+00:00,371.174988,371.190002,370.779999,370.785004,81076
2026-07-28 16:05:00+00:00,370.785004,371.019989,370.785004,370.859985,59565
2026-07-28 16:10:00+00:00,370.869995,371.100006,370.779999,371.010010,36732
2026-07-28 16:15:00+00:00,371.019989,371.089996,370.899994,371.079987,14398
2026-07-28 16:20:00+00:00,371.070007,371.119995,370.880005,370.950012,42144
2026-07-28 16:25:00+00:00,371.019989,371.019989,370.769989,370.769989,17243
2026-07-28 16:30:00+00:00,370.799988,370.920013,370.670013,370.848785,19774
2026-07-28 16:35:00+00:00,370.850006,370.899994,370.730011,370.779999,11693
2026-07-28 16:40:00+00:00,370.790009,370.869995,370.600006,370.644989,20499
2026-07-28 16:45:00+00:00,370.670013,370.690002,370.369995,370.399994,20667
2026-07-28 16:50:00+00:00,370.399994,370.429993,370.310211,370.429993,44495
2026-07-28 16:55:00+00:00,370.420013,370.429993,370.279999,370.369995,14060
2026-07-28 17:00:00+00:00,370.380005,370.579987,370.345001,370.579987,44440
2026-07-28 17:05:00+00:00,370.599915,370.670013,370.410004,370.434998,18904
2026-07-28 17:10:00+00:00,370.410004,370.450012,370.179993,370.299988,36988
2026-07-28 17:15:00+00:00,370.275787,370.320007,370.170013,370.190002,12737
2026-07-28 17:20:00+00:00,370.160004,370.720001,370.130005,370.230988,33008
2026-07-28 17:25:00+00:00,370.220001,370.529999,370.209991,370.350006,22131
2026-07-28 17:30:00+00:00,370.359985,370.369995,370.080109,370.192902,26054
2026-07-28 17:35:00+00:00,370.119995,370.144989,369.809998,369.809998,27189
2026-07-28 17:40:00+00:00,369.790009,369.829987,369.450012,369.540009,17394
2026-07-28 17:45:00+00:00,369.529999,369.609985,369.290009,369.609985,22327
2026-07-28 17:50:00+00:00,369.540009,369.540009,369.290009,369.345001,11303
2026-07-28 17:55:00+00:00,369.350006,369.480011,369.320007,369.470001,15113
2026-07-28 18:00:00+00:00,369.480011,369.630005,369.399994,369.619995,18566
2026-07-28 18:05:00+00:00,369.630005,369.709991,369.589996,369.630005,23370
2026-07-28 18:10:00+00:00,369.635010,369.649994,369.459991,369.519989,50276
2026-07-28 18:15:00+00:00,369.480011,369.660004,369.475006,369.529999,36247
2026-07-28 18:20:00+00:00,369.540009,369.559998,369.350006,369.369904,35153
2026-07-28 18:25:00+00:00,369.339996,369.440002,369.272491,369.399994,47198
2026-07-28 18:30:00+00:00,369.390015,369.420013,369.130005,369.160004,33747
2026-07-28 18:35:00+00:00,369.160004,369.169891,369.035004,369.109802,36904
2026-07-28 18:40:00+00:00,369.105011,369.200012,369.049988,369.100006,19051
2026-07-28 18:45:00+00:00,369.079987,369.299988,369.070007,369.079987,86800
2026-07-28 18:50:00+00:00,369.109985,369.150391,368.959991,369.000000,36698
2026-07-28 18:55:00+00:00,368.989990,369.019989,368.880005,368.989990,46770
2026-07-28 19:00:00+00:00,369.019989,369.170013,368.950012,369.159912,53872
2026-07-28 19:05:00+00:00,369.140015,369.290009,369.070007,369.200012,89770
2026-07-28 19:10:00+00:00,369.209991,369.239990,369.109985,369.149994,54383
2026-07-28 19:15:00+00:00,369.154999,369.250000,369.119995,369.119995,17980
2026-07-28 19:20:00+00:00,369.119995,369.158997,369.029999,369.049988,13562
2026-07-28 19:25:00+00:00,369.049988,369.100006,368.950287,369.079987,22658
2026-07-28 19:30:00+00:00,369.100006,369.470001,369.019989,369.445007,46144
2026-07-28 19:35:00+00:00,369.440002,369.450012,369.170013,369.230011,61431
2026-07-28 19:40:00+00:00,369.220001,369.359985,369.209991,369.359985,41368
2026-07-28 19:45:00+00:00,369.359985,369.440002,369.329987,369.359985,45212
2026-07-28 19:50:00+00:00,369.359985,369.519897,369.250000,369.470001,115022
2026-07-28 19:55:00+00:00,369.459991,369.549988,369.350006,369.369995,210010
2026-07-29 13:30:00+00:00,368.290009,368.559998,367.810486,368.505005,353227
2026-07-29 13:35:00+00:00,368.380005,368.590088,368.209991,368.370087,56933
2026-07-29 13:40:00+00:00,368.380005,368.399994,368.079987,368.209991,100926
2026-07-29 13:45:00+00:00,368.149994,368.380005,367.929993,368.239990,37944
2026-07-29 13:50:00+00:00,368.269989,368.269989,367.510010,367.750000,75001
2026-07-29 13:55:00+00:00,367.710114,367.710114,367.119995,367.565002,339472
2026-07-29 14:00:00+00:00,367.570007,367.660004,367.029999,367.480011,84165
2026-07-29 14:05:00+00:00,367.459991,367.529999,366.809998,366.880005,90311
2026-07-29 14:10:00+00:00,366.869995,367.010010,366.526001,366.829987,47605
2026-07-29 14:15:00+00:00,366.809998,367.808685,366.809998,367.640503,276237
2026-07-29 14:20:00+00:00,367.670013,367.859985,367.549988,367.839996,50258
2026-07-29 14:25:00+00:00,367.834991,367.834991,367.250000,367.415009,110834
2026-07-29 14:30:00+00:00,367.390015,367.779999,367.290009,367.630005,20176
2026-07-29 14:35:00+00:00,367.644989,367.679993,367.225006,367.310089,40791
2026-07-29 14:40:00+00:00,367.285004,367.519989,366.850006,367.019989,34158
2026-07-29 14:45:00+00:00,367.010010,367.140015,366.711212,367.030090,85177
2026-07-29 14:50:00+00:00,367.010010,367.429993,366.980011,367.380005,20845
2026-07-29 14:55:00+00:00,367.339996,367.440002,367.130005,367.364990,23895
2026-07-29 15:00:00+00:00,367.359985,367.739990,367.220001,367.690002,47744
2026-07-29 15:05:00+00:00,367.700012,367.799988,367.529999,367.799988,29850
2026-07-29 15:10:00+00:00,367.750000,367.765015,367.440002,367.559998,18882
2026-07-29 15:15:00+00:00,367.559998,367.684998,367.399994,367.420013,16365
2026-07-29 15:20:00+00:00,367.380005,367.880005,367.290009,367.850006,69836
2026-07-29 15:25:00+00:00,367.829987,367.959991,367.670013,367.899994,24277
2026-07-29 15:30:00+00:00,367.899994,368.200012,367.839996,367.899994,123250
2026-07-29 15:35:00+00:00,367.910004,368.079987,367.684998,367.739990,100104
2026-07-29 15:40:00+00:00,367.744995,367.880005,367.609985,367.850006,12886
2026-07-29 15:45:00+00:00,367.890015,368.109985,367.799988,368.109985,17400
2026-07-29 15:50:00+00:00,368.130005,368.200012,367.945007,367.989990,17635
2026-07-29 15:55:00+00:00,368.029999,368.029999,367.720001,367.869995,18868
2026-07-29 16:00:00+00:00,367.869995,367.989990,367.670013,367.825012,22576
2026-07-29 16:05:00+00:00,367.829987,368.399994,367.760010,368.315002,48188
2026-07-29 16:10:00+00:00,368.290314,368.385010,367.809998,367.809998,42498
2026-07-29 16:15:00+00:00,367.799988,367.970001,367.679993,367.970001,128451
2026-07-29 16:20:00+00:00,367.975006,368.519989,367.950012,368.369995,32526
2026-07-29 16:25:00+00:00,368.399994,368.549988,368.350006,368.480011,68310
2026-07-29 16:30:00+00:00,368.459991,368.709991,368.359985,368.549988,19551
2026-07-29 16:35:00+00:00,368.554993,368.640015,368.360107,368.519989,252609
2026-07-29 16:40:00+00:00,368.500000,368.579987,368.410004,368.535004,210942
2026-07-29 16:45:00+00:00,368.519989,368.625000,368.350006,368.609985,97436
2026-07-29 16:50:00+00:00,368.605011,369.320007,368.600006,369.320007,269035
2026-07-29 16:55:00+00:00,369.299988,369.989990,369.269989,369.505005,125974
2026-07-29 17:00:00+00:00,369.510010,370.459991,369.480011,370.399902,195365
2026-07-29 17:05:00+00:00,370.399994,370.779907,370.230011,370.520111,126390
2026-07-29 17:10:00+00:00,370.549988,371.619995,370.440002,370.859985,153949
2026-07-29 17:15:00+00:00,370.850006,371.390015,370.739990,371.170013,283941
2026-07-29 17:20:00+00:00,371.144989,371.619995,371.089996,371.309998,227181
2026-07-29 17:25:00+00:00,371.320007,371.399994,370.359985,370.529999,161961
2026-07-29 17:30:00+00:00,370.559998,370.820007,370.442505,370.535004,101407
2026-07-29 17:35:00+00:00,370.529999,370.799988,370.299988,370.799988,81476
2026-07-29 17:40:00+00:00,370.785004,371.329987,370.750000,371.190002,106666
2026-07-29 17:45:00+00:00,371.190002,371.399994,371.109985,371.320007,87685
2026-07-29 17:50:00+00:00,371.309998,371.339996,371.070007,371.079987,70916
2026-07-29 17:55:00+00:00,371.040009,371.160004,370.779999,371.149994,65881
2026-07-29 18:00:00+00:00,371.000092,374.839905,371.000092,373.079987,487713
2026-07-29 18:05:00+00:00,373.109985,374.519989,373.049988,373.850006,168628
2026-07-29 18:10:00+00:00,373.910004,374.880005,373.540009,374.399994,132551
2026-07-29 18:15:00+00:00,374.450012,374.688995,373.480011,373.500000,98606
2026-07-29 18:20:00+00:00,373.579987,373.679993,373.070007,373.070007,72640
2026-07-29 18:25:00+00:00,373.089996,373.209991,372.809998,373.190002,56332
2026-07-29 18:30:00+00:00,373.200012,373.630005,371.750000,372.429993,209413
2026-07-29 18:35:00+00:00,372.450012,373.709991,371.880005,373.500000,76414
2026-07-29 18:40:00+00:00,373.470001,374.959991,373.440002,374.609985,133190
2026-07-29 18:45:00+00:00,374.679993,376.170013,374.519989,376.019989,217193
2026-07-29 18:50:00+00:00,376.100006,377.000000,375.420013,376.549988,187745
2026-07-29 18:55:00+00:00,376.570007,376.989899,376.209991,376.760010,125037
2026-07-29 19:00:00+00:00,376.730011,377.619995,376.250000,376.364990,300483
2026-07-29 19:05:00+00:00,376.399994,376.589996,375.524902,375.799988,175737
2026-07-29 19:10:00+00:00,375.820007,376.350006,375.220001,376.109985,209019
2026-07-29 19:15:00+00:00,376.065002,376.500000,375.890015,375.970001,132379
2026-07-29 19:20:00+00:00,375.989990,376.059998,374.700012,374.890015,227710
2026-07-29 19:25:00+00:00,374.859985,374.950012,374.329987,374.630005,147257
2026-07-29 19:30:00+00:00,374.649994,375.040009,373.059998,373.679993,260054
2026-07-29 19:35:00+00:00,373.619995,373.910004,373.000000,373.265015,200941
2026-07-29 19:40:00+00:00,373.190002,373.640015,372.869995,373.230011,278078
2026-07-29 19:45:00+00:00,373.250000,373.500000,372.904999,373.429993,251719
2026-07-29 19:50:00+00:00,373.390015,373.390015,372.459991,372.535004,546073
2026-07-29 19:55:00+00:00,372.510010,372.529999,370.559998,371.000000,1123944
2026-07-30 13:30:00+00:00,374.160004,374.359985,373.799988,373.842590,327855
2026-07-30 13:35:00+00:00,373.820007,375.950012,373.755005,375.179993,206074
2026-07-30 13:40:00+00:00,375.220001,375.700012,374.730011,375.000000,120687
2026-07-30 13:45:00+00:00,375.020111,376.144989,374.690613,375.549988,125168
2026-07-30 13:50:00+00:00,375.559998,376.299988,375.450012,376.290009,96942
2026-07-30 13:55:00+00:00,376.255005,377.195007,376.170013,377.140015,214979
2026-07-30 14:00:00+00:00,377.154999,377.859985,376.619995,376.704987,389107
2026-07-30 14:05:00+00:00,376.799988,376.899994,375.489990,375.959991,604954
2026-07-30 14:10:00+00:00,375.965088,376.269989,375.709991,375.850006,73037
2026-07-30 14:15:00+00:00,375.850006,376.040009,375.149994,375.149994,176212
2026-07-30 14:20:00+00:00,375.154999,375.890015,374.859985,375.049988,107120
2026-07-30 14:25:00+00:00,375.049988,375.677612,374.839996,375.677612,56901
2026-07-30 14:30:00+00:00,375.700012,376.260010,375.545013,376.029999,70484
2026-07-30 14:35:00+00:00,376.075012,376.549988,376.010010,376.529999,75222
2026-07-30 14:40:00+00:00,376.575012,377.040009,376.420013,376.964996,161801
2026-07-30 14:45:00+00:00,377.040009,377.229187,376.179993,376.415009,42076
2026-07-30 14:50:00+00:00,376.420013,376.420013,375.880005,375.975006,46273
2026-07-30 14:55:00+00:00,375.954987,376.070007,375.670013,376.010010,36620
2026-07-30 15:00:00+00:00,375.970001,375.989990,375.630005,375.750000,56616
2026-07-30 15:05:00+00:00,375.739990,375.820007,375.059998,375.130005,94858
2026-07-30 15:10:00+00:00,375.109985,375.130005,374.459991,374.670013,73299
2026-07-30 15:15:00+00:00,374.665009,375.649994,374.619995,375.584991,64848
2026-07-30 15:20:00+00:00,375.640015,375.715088,375.269989,375.429993,49648
2026-07-30 15:25:00+00:00,375.424988,375.679993,375.250000,375.660004,54233
2026-07-30 15:30:00+00:00,375.635010,376.010010,375.299988,375.964996,41200
2026-07-30 15:35:00+00:00,375.959991,376.070007,375.815002,375.940002,21481
2026-07-30 15:40:00+00:00,375.899994,376.619995,375.899994,376.500000,17937
2026-07-30 15:45:00+00:00,376.489990,376.614990,376.329987,376.549988,17407
2026-07-30 15:50:00+00:00,376.515106,376.720001,376.420013,376.609985,19137
2026-07-30 15:55:00+00:00,376.649994,376.899902,376.630005,376.705994,32032
2026-07-30 16:00:00+00:00,376.730011,377.429993,376.730011,377.329987,50652
2026-07-30 16:05:00+00:00,377.325012,377.375000,377.000000,377.059998,39003
2026-07-30 16:10:00+00:00,377.000000,377.440002,376.869995,377.315002,53500
2026-07-30 16:15:00+00:00,377.320007,377.489990,377.299988,377.339996,52201
2026-07-30 16:20:00+00:00,377.320007,377.790009,377.279999,377.730011,41963
2026-07-30 16:25:00+00:00,377.760010,377.760010,377.459991,377.489990,21658
2026-07-30 16:30:00+00:00,377.489990,377.519806,377.200012,377.239990,29250
2026-07-30 16:35:00+00:00,377.220001,377.380005,376.960510,377.006287,25534
2026-07-30 16:40:00+00:00,377.019989,377.119995,376.760010,376.785004,24945
2026-07-30 16:45:00+00:00,376.799988,376.899994,376.679993,376.894989,15564
2026-07-30 16:50:00+00:00,376.890015,376.950012,376.630005,376.690002,28919
2026-07-30 16:55:00+00:00,376.734985,377.000000,376.720001,377.000000,26026
2026-07-30 17:00:00+00:00,377.000000,377.049988,376.619995,376.739990,45931
2026-07-30 17:05:00+00:00,376.725006,376.812500,376.630005,376.730011,18019
2026-07-30 17:10:00+00:00,376.730011,376.820007,376.484985,376.500000,38525
2026-07-30 17:15:00+00:00,376.484985,376.660004,376.390015,376.644989,25519
2026-07-30 17:20:00+00:00,376.640015,376.790009,376.480011,376.769989,28471
2026-07-30 17:25:00+00:00,376.760010,376.760010,375.859985,376.109985,51670
2026-07-30 17:30:00+00:00,376.160004,376.230011,376.040009,376.100006,51619
2026-07-30 17:35:00+00:00,376.119995,376.779999,376.019989,376.304993,34704
2026-07-30 17:40:00+00:00,376.279999,376.635010,376.279999,376.579987,91794
2026-07-30 17:45:00+00:00,376.559998,376.790009,376.420013,376.420013,37704
2026-07-30 17:50:00+00:00,376.440002,376.470001,376.304993,376.350006,29435
2026-07-30 17:55:00+00:00,376.339996,376.375000,376.160004,376.290009,16961
2026-07-30 18:00:00+00:00,376.279999,376.559998,376.279999,376.529999,18147
2026-07-30 18:05:00+00:00,376.529999,376.640015,376.459991,376.600006,21737
2026-07-30 18:10:00+00:00,376.589996,376.659912,376.489990,376.609985,19680
2026-07-30 18:15:00+00:00,376.640015,376.640015,376.359985,376.390015,20756
2026-07-30 18:20:00+00:00,376.410004,376.540009,376.170013,376.239990,77021
2026-07-30 18:25:00+00:00,376.250000,376.369995,376.109985,376.369995,24863
2026-07-30 18:30:00+00:00,376.394989,376.720001,376.309998,376.649994,17540
2026-07-30 18:35:00+00:00,376.630005,376.640015,376.470001,376.475006,17134
2026-07-30 18:40:00+00:00,376.484009,376.554993,376.410004,376.489990,17598
2026-07-30 18:45:00+00:00,376.489990,376.505005,376.079987,376.100006,22595
2026-07-30 18:50:00+00:00,376.140015,376.170013,375.924988,375.945007,27657
2026-07-30 18:55:00+00:00,375.940002,376.049988,375.915009,376.015015,27364
2026-07-30 19:00:00+00:00,376.000000,376.339996,375.920013,376.339996,31582
2026-07-30 19:05:00+00:00,376.369995,376.540009,376.290009,376.540009,33236
2026-07-30 19:10:00+00:00,376.540009,376.559998,376.345001,376.440002,42002
2026-07-30 19:15:00+00:00,376.481598,377.269989,376.309998,377.019989,56233
2026-07-30 19:20:00+00:00,377.010010,377.109985,376.910004,377.079987,34617
2026-07-30 19:25:00+00:00,377.059998,377.410095,377.019989,377.230011,44764
2026-07-30 19:30:00+00:00,377.220001,377.380005,377.190002,377.380005,50094
2026-07-30 19:35:00+00:00,377.385010,377.459991,377.170013,377.239990,44815
2026-07-30 19:40:00+00:00,377.239990,377.339996,377.100006,377.130005,77938
2026-07-30 19:45:00+00:00,377.130005,377.200012,377.029999,377.140015,63431
2026-07-30 19:50:00+00:00,377.149994,377.184998,376.885010,376.890015,156327
2026-07-30 19:55:00+00:00,376.890015,377.230011,376.859985,377.179993,346539
2026-07-31 13:30:00+00:00,370.839996,370.904999,370.140015,370.151093,622064
2026-07-31 13:35:00+00:00,370.160004,370.339996,369.390015,369.459991,181981
2026-07-31 13:40:00+00:00,369.510010,369.660004,368.950012,369.220001,204809
2026-07-31 13:45:00+00:00,369.190002,369.489990,368.899994,369.040009,106718
2026-07-31 13:50:00+00:00,368.980011,369.549988,368.940002,369.549988,74541
2026-07-31 13:55:00+00:00,369.545013,369.859985,369.269989,369.277893,130500
2026-07-31 14:00:00+00:00,369.250000,369.880005,369.250000,369.559998,96857
2026-07-31 14:05:00+00:00,369.589996,369.640015,368.815002,369.380005,123528
2026-07-31 14:10:00+00:00,369.359985,369.869995,369.239990,369.850006,108014
2026-07-31 14:15:00+00:00,369.820007,370.140015,369.649994,369.929993,245742
2026-07-31 14:20:00+00:00,369.950012,370.450012,369.850006,370.100006,169904
2026-07-31 14:25:00+00:00,370.100006,370.579102,370.100006,370.450012,121532
2026-07-31 14:30:00+00:00,370.440002,370.659790,370.260010,370.609985,32079
2026-07-31 14:35:00+00:00,370.619995,370.799988,370.510101,370.670013,51669
2026-07-31 14:40:00+00:00,370.670013,370.869995,370.589996,370.700012,36809
2026-07-31 14:45:00+00:00,370.720001,371.125000,370.679993,370.959991,70151
2026-07-31 14:50:00+00:00,370.984985,371.420013,370.850006,371.200012,54863
2026-07-31 14:55:00+00:00,371.190002,371.589996,371.059998,371.450012,72011
2026-07-31 15:00:00+00:00,371.450012,371.577698,371.019989,371.040009,66525
2026-07-31 15:05:00+00:00,371.059998,371.410004,371.000092,371.130005,40928
2026-07-31 15:10:00+00:00,371.125000,371.288696,370.850494,371.260010,53093
2026-07-31 15:15:00+00:00,371.214996,371.739990,370.809998,371.070007,53137
2026-07-31 15:20:00+00:00,371.065002,371.130005,370.809998,370.855011,29105
2026-07-31 15:25:00+00:00,370.890015,371.000000,370.600006,370.679993,45934
2026-07-31 15:30:00+00:00,370.670013,370.760010,370.290009,370.500000,27717
2026-07-31 15:35:00+00:00,370.470001,370.880005,370.339996,370.804993,48459
2026-07-31 15:40:00+00:00,370.839996,370.940002,370.660004,370.765015,23906
2026-07-31 15:45:00+00:00,370.769989,370.839996,370.600006,370.640015,22915
2026-07-31 15:50:00+00:00,370.649994,371.130005,370.595001,371.080109,21483
2026-07-31 15:55:00+00:00,371.100006,371.220001,371.019989,371.109985,76969
2026-07-31 16:00:00+00:00,371.090088,371.160004,370.920013,370.959991,90616
2026-07-31 16:05:00+00:00,370.940002,371.010010,370.705292,370.950012,12869
2026-07-31 16:10:00+00:00,370.950012,371.239014,370.940002,371.190002,21354
2026-07-31 16:15:00+00:00,371.190002,371.190002,370.910004,371.059998,13238
2026-07-31 16:20:00+00:00,371.119995,371.299988,371.070007,371.200012,72797
2026-07-31 16:25:00+00:00,371.160004,371.369995,371.015015,371.274994,22407
2026-07-31 16:30:00+00:00,371.290009,371.489990,371.260803,371.459991,19498
2026-07-31 16:35:00+00:00,371.459991,371.510010,371.250000,371.250000,34023
2026-07-31 16:40:00+00:00,371.244995,371.290009,370.750000,370.843903,57327
2026-07-31 16:45:00+00:00,370.845001,371.029999,370.820007,370.970001,20239
2026-07-31 16:50:00+00:00,371.029999,371.079987,370.899994,370.940002,17772
2026-07-31 16:55:00+00:00,370.929993,370.964996,370.829987,370.920013,17043
2026-07-31 17:00:00+00:00,370.910004,371.140015,370.839996,370.864990,26714
2026-07-31 17:05:00+00:00,370.859985,371.029999,370.769989,370.799988,54275
2026-07-31 17:10:00+00:00,370.799988,371.209991,370.739990,371.130005,93667
2026-07-31 17:15:00+00:00,371.130005,371.269989,371.040009,371.239990,201800
2026-07-31 17:20:00+00:00,371.220001,371.390015,371.070007,371.320007,51625
2026-07-31 17:25:00+00:00,371.309998,371.829987,371.059998,371.589996,55708
2026-07-31 17:30:00+00:00,371.630005,371.779999,371.345001,371.369995,25761
2026-07-31 17:35:00+00:00,371.350006,371.640015,371.299988,371.510010,31495
2026-07-31 17:40:00+00:00,371.545013,371.720001,371.519989,371.670013,13780
2026-07-31 17:45:00+00:00,371.690002,371.899994,371.529999,371.739990,40155
2026-07-31 17:50:00+00:00,371.734985,371.920013,371.720001,371.799988,27048
2026-07-31 17:55:00+00:00,371.779999,371.880005,371.739990,371.880005,15574
2026-07-31 18:00:00+00:00,371.890015,371.989990,371.709991,371.730011,13912
2026-07-31 18:05:00+00:00,371.709991,371.730011,371.500000,371.660004,25926
2026-07-31 18:10:00+00:00,371.645111,371.645111,371.269989,371.359985,27665
2026-07-31 18:15:00+00:00,371.339996,371.579987,371.339996,371.501007,19314
2026-07-31 18:20:00+00:00,371.510010,371.649994,371.466736,371.609985,19971
2026-07-31 18:25:00+00:00,371.649994,371.670013,371.529999,371.600006,41006
2026-07-31 18:30:00+00:00,371.600006,371.619995,371.429993,371.429993,25830
2026-07-31 18:35:00+00:00,371.420013,371.649994,371.309998,371.584991,22313
2026-07-31 18:40:00+00:00,371.584991,371.649994,371.450012,371.450012,17761
2026-07-31 18:45:00+00:00,371.470001,371.500000,371.329987,371.494995,28642
2026-07-31 18:50:00+00:00,371.489990,371.649994,371.480011,371.519989,23859
2026-07-31 18:55:00+00:00,371.510010,371.589996,371.440002,371.559998,20763
2026-07-31 19:00:00+00:00,371.559998,371.739990,371.390015,371.410004,26274
2026-07-31 19:05:00+00:00,371.410004,371.459991,371.320007,371.450012,20612
2026-07-31 19:10:00+00:00,371.440002,371.470001,371.200012,371.304993,21027
2026-07-31 19:15:00+00:00,371.290497,371.410004,371.239990,371.410004,23496
2026-07-31 19:20:00+00:00,371.408997,371.510010,371.320099,371.420013,15826
2026-07-31 19:25:00+00:00,371.410004,371.559509,371.399994,371.529999,18919
2026-07-31 19:30:00+00:00,371.549988,371.649994,371.410004,371.535004,58561
2026-07-31 19:35:00+00:00,371.529999,371.649994,371.480011,371.480011,54800
2026-07-31 19:40:00+00:00,371.484985,371.920013,371.480011,371.880005,98815
2026-07-31 19:45:00+00:00,371.894989,372.010010,371.799988,371.924988,90854
2026-07-31 19:50:00+00:00,371.920013,371.924988,371.540009,371.570007,242365
2026-07-31 19:55:00+00:00,371.570007,371.720001,371.040009,371.529999,822441
2026-08-03 13:30:00+00:00,370.100006,370.170013,369.579987,369.709991,461208
2026-08-03 13:35:00+00:00,369.750000,369.779999,368.642792,369.299988,142607
2026-08-03 13:40:00+00:00,369.269989,370.000000,369.180115,369.820007,122124
2026-08-03 13:45:00+00:00,369.845001,370.125000,369.480011,369.619995,108633
2026-08-03 13:50:00+00:00,369.559998,369.869995,369.450012,369.660004,142357
2026-08-03 13:55:00+00:00,369.654999,370.000000,369.500000,369.829987,131362
2026-08-03 14:00:00+00:00,369.809998,370.189911,369.445007,369.589996,183340
2026-08-03 14:05:00+00:00,369.565002,369.839996,369.364990,369.380005,81282
2026-08-03 14:10:00+00:00,369.380005,370.049988,369.329987,369.920013,78679
2026-08-03 14:15:00+00:00,369.920013,370.070007,369.720001,369.750000,70452
2026-08-03 14:20:00+00:00,369.750000,370.149994,369.654999,370.000000,65068
2026-08-03 14:25:00+00:00,370.015106,370.179993,369.839996,369.850006,52075
2026-08-03 14:30:00+00:00,369.839996,370.149994,369.809998,370.109985,48209
2026-08-03 14:35:00+00:00,370.109985,370.350006,369.910004,369.910004,61538
2026-08-03 14:40:00+00:00,369.929993,370.429993,369.855011,370.250000,66224
2026-08-03 14:45:00+00:00,370.260010,370.290009,370.059998,370.200012,64719
2026-08-03 14:50:00+00:00,370.204987,370.315002,370.019989,370.200012,323470
2026-08-03 14:55:00+00:00,370.209991,370.529999,370.209991,370.230011,47125
2026-08-03 15:00:00+00:00,370.239990,370.279999,369.850006,369.859985,62733
2026-08-03 15:05:00+00:00,369.880005,370.315002,369.709991,370.089996,60468
2026-08-03 15:10:00+00:00,370.080994,370.165009,369.869995,369.970001,28919
2026-08-03 15:15:00+00:00,370.010010,370.359985,369.959991,370.290009,40180
2026-08-03 15:20:00+00:00,370.339996,370.459991,370.209991,370.369995,122010
2026-08-03 15:25:00+00:00,370.359985,370.420013,369.739990,369.950012,133674
2026-08-03 15:30:00+00:00,369.904999,370.095001,369.769989,369.970093,39423
2026-08-03 15:35:00+00:00,369.975006,370.304993,369.954987,370.285095,78704
2026-08-03 15:40:00+00:00,370.304993,370.480011,370.239990,370.309998,26357
2026-08-03 15:45:00+00:00,370.299988,370.670013,370.290009,370.375000,43096
2026-08-03 15:50:00+00:00,370.339996,370.579987,370.339996,370.420013,32964
2026-08-03 15:55:00+00:00,370.390015,370.390015,370.190002,370.250000,18425
2026-08-03 16:00:00+00:00,370.260010,370.350006,370.179993,370.259003,15788
2026-08-03 16:05:00+00:00,370.269989,370.269989,370.095001,370.149994,13893
2026-08-03 16:10:00+00:00,370.170013,370.269989,370.170013,370.265015,21540
2026-08-03 16:15:00+00:00,370.244995,370.369995,370.160004,370.200012,15407
2026-08-03 16:20:00+00:00,370.209991,370.390015,370.122711,370.390015,37387
2026-08-03 16:25:00+00:00,370.385010,370.440002,370.250000,370.304993,30098
2026-08-03 16:30:00+00:00,370.309998,370.399994,370.200012,370.399902,18770
2026-08-03 16:35:00+00:00,370.380005,370.475006,370.260010,370.265106,22287
2026-08-03 16:40:00+00:00,370.290009,370.510010,370.290009,370.459991,13179
2026-08-03 16:45:00+00:00,370.430115,370.459991,370.339996,370.359985,24895
2026-08-03 16:50:00+00:00,370.320007,370.399994,370.179993,370.239990,49752
2026-08-03 16:55:00+00:00,370.230011,370.359985,370.200012,370.279999,16697
2026-08-03 17:00:00+00:00,370.290009,370.350006,369.970001,370.029999,34251
2026-08-03 17:05:00+00:00,370.020111,370.119995,370.010010,370.100006,13580
2026-08-03 17:10:00+00:00,370.089996,370.089996,370.010010,370.049988,20601
2026-08-03 17:15:00+00:00,370.054993,370.350006,370.040009,370.230011,20197
2026-08-03 17:20:00+00:00,370.230011,370.230011,370.049988,370.116364,15681
2026-08-03 17:25:00+00:00,370.135101,370.250000,370.010010,370.079987,18771
2026-08-03 17:30:00+00:00,370.059998,370.119995,370.040009,370.119904,16376
2026-08-03 17:35:00+00:00,370.089996,370.279999,370.079987,370.200012,12573
2026-08-03 17:40:00+00:00,370.195007,370.260010,370.140015,370.209991,8762
2026-08-03 17:45:00+00:00,370.200012,370.230011,370.039368,370.040009,15500
2026-08-03 17:50:00+00:00,370.040009,370.059998,369.720001,369.720093,32916
2026-08-03 17:55:00+00:00,369.739990,369.779999,369.700012,369.720001,22303
2026-08-03 18:00:00+00:00,369.730011,369.855011,369.650391,369.790100,35449
2026-08-03 18:05:00+00:00,369.820007,370.250000,369.820007,370.250000,24269
2026-08-03 18:10:00+00:00,370.244995,370.429291,370.105011,370.114990,25758
2026-08-03 18:15:00+00:00,370.126709,370.459991,370.119995,370.339996,26011
2026-08-03 18:20:00+00:00,370.350006,370.424988,370.279999,370.309998,62522
2026-08-03 18:25:00+00:00,370.299988,370.429993,370.239990,370.359985,11395
2026-08-03 18:30:00+00:00,370.345001,370.420013,370.260010,370.279999,11587
2026-08-03 18:35:00+00:00,370.299988,370.449890,370.299988,370.380005,63086
2026-08-03 18:40:00+00:00,370.380005,370.725006,370.375000,370.725006,27714
2026-08-03 18:45:00+00:00,370.700012,370.829987,370.649994,370.829010,34848
2026-08-03 18:50:00+00:00,370.829987,370.950012,370.779999,370.929993,26668
2026-08-03 18:55:00+00:00,370.950897,371.049988,370.880005,370.934998,54778
2026-08-03 19:00:00+00:00,370.959991,371.379913,370.940002,371.355011,65303
2026-08-03 19:05:00+00:00,371.359985,371.470001,371.119995,371.140015,71586
2026-08-03 19:10:00+00:00,371.149994,371.380005,371.079987,371.174988,73839
2026-08-03 19:15:00+00:00,371.170105,371.470001,371.170013,371.339996,44364
2026-08-03 19:20:00+00:00,371.334991,371.809998,371.334991,371.799988,57159
2026-08-03 19:25:00+00:00,371.799988,371.929993,371.709991,371.774994,59628
2026-08-03 19:30:00+00:00,371.809998,372.035004,371.700012,371.790009,45655
2026-08-03 19:35:00+00:00,371.769989,371.940002,371.769989,371.880005,39735
2026-08-03 19:40:00+00:00,371.880005,371.929993,371.751495,371.859985,86204
2026-08-03 19:45:00+00:00,371.859985,372.000000,371.720612,371.929993,53969
2026-08-03 19:50:00+00:00,371.929993,372.010010,371.820007,371.869995,96105
2026-08-03 19:55:00+00:00,371.859985,371.869995,371.630005,371.690002,203215
2026-08-04 13:30:00+00:00,374.140015,374.720001,373.920013,374.619995,569512
2026-08-04 13:35:00+00:00,374.570007,375.070007,374.519989,374.940002,86397
2026-08-04 13:40:00+00:00,374.989990,375.315002,374.579987,374.579987,121602
2026-08-04 13:45:00+00:00,374.565002,375.529999,374.420013,375.399994,92554
2026-08-04 13:50:00+00:00,375.440002,375.570007,374.860504,374.875000,61495
2026-08-04 13:55:00+00:00,374.859985,374.899994,374.549988,374.660004,38283
2026-08-04 14:00:00+00:00,374.709991,375.250000,374.559998,375.019989,172000
2026-08-04 14:05:00+00:00,375.010010,375.250000,374.760010,375.140015,107541
2026-08-04 14:10:00+00:00,375.179993,375.309998,375.029999,375.170013,72581
2026-08-04 14:15:00+00:00,375.179993,375.350006,374.440002,374.519989,84309
2026-08-04 14:20:00+00:00,374.549988,374.690002,374.309998,374.420013,58971
2026-08-04 14:25:00+00:00,374.420013,374.880005,374.375000,374.640015,63399
2026-08-04 14:30:00+00:00,374.570007,374.850006,373.979004,373.979004,140267
2026-08-04 14:35:00+00:00,374.049988,374.660004,373.709991,374.119995,113447
2026-08-04 14:40:00+00:00,374.125000,374.320007,373.959991,374.220001,24426
2026-08-04 14:45:00+00:00,374.130005,374.329987,374.059998,374.279999,45935
2026-08-04 14:50:00+00:00,374.274994,374.687988,374.269989,374.609985,56935
2026-08-04 14:55:00+00:00,374.649994,374.700012,374.420013,374.549988,34634
2026-08-04 15:00:00+00:00,374.580109,374.640015,374.355011,374.420013,23912
2026-08-04 15:05:00+00:00,374.387909,374.750000,374.244995,374.739990,62308
2026-08-04 15:10:00+00:00,374.739990,374.799988,374.559998,374.654999,196183
2026-08-04 15:15:00+00:00,374.687805,374.687805,373.899994,373.940094,63387
2026-08-04 15:20:00+00:00,373.980011,374.049988,373.769989,373.869995,26020
2026-08-04 15:25:00+00:00,373.934998,374.109985,373.849609,374.109985,39376
2026-08-04 15:30:00+00:00,374.075012,374.260010,373.959991,374.035004,56833
2026-08-04 15:35:00+00:00,374.018005,374.910004,373.940002,374.579987,85643
2026-08-04 15:40:00+00:00,374.609985,374.920013,374.600006,374.635010,45493
2026-08-04 15:45:00+00:00,374.709991,374.769989,374.540009,374.579987,48888
2026-08-04 15:50:00+00:00,374.609985,374.989990,374.589996,374.946014,37020
2026-08-04 15:55:00+00:00,374.940002,375.079987,374.809998,374.929993,38297
2026-08-04 16:00:00+00:00,374.950012,375.049988,374.799988,374.889893,58128
2026-08-04 16:05:00+00:00,374.859985,374.917908,374.679993,374.917908,35496
2026-08-04 16:10:00+00:00,374.899994,374.950012,374.660004,374.739990,52970
2026-08-04 16:15:00+00:00,374.734985,374.799988,374.570007,374.606995,22249
2026-08-04 16:20:00+00:00,374.609985,375.040009,374.609985,374.954987,55858
2026-08-04 16:25:00+00:00,374.945007,375.179993,374.839996,374.970001,39556
2026-08-04 16:30:00+00:00,374.959991,375.040009,374.899994,375.000000,27285
2026-08-04 16:35:00+00:00,374.980103,375.010010,374.730011,374.809998,27588
2026-08-04 16:40:00+00:00,374.809998,375.140015,374.779999,375.109985,44193
2026-08-04 16:45:00+00:00,375.130005,375.500000,375.089996,375.440002,51271
2026-08-04 16:50:00+00:00,375.440002,375.519989,375.290009,375.290009,21460
2026-08-04 16:55:00+00:00,375.279999,375.519989,375.220001,375.500000,25824
2026-08-04 17:00:00+00:00,375.489990,376.350006,375.434998,376.260010,88308
2026-08-04 17:05:00+00:00,376.309998,376.690002,376.079987,376.089996,776914
2026-08-04 17:10:00+00:00,376.029785,376.239990,375.920013,376.109985,31405
2026-08-04 17:15:00+00:00,376.125000,376.204987,375.839996,375.880005,20683
2026-08-04 17:20:00+00:00,375.910004,376.170013,375.855011,376.089996,42653
2026-08-04 17:25:00+00:00,376.079987,376.140015,375.630005,375.640015,51598
2026-08-04 17:30:00+00:00,375.619995,375.630005,375.353210,375.540009,37603
2026-08-04 17:35:00+00:00,375.549988,375.730011,375.549988,375.635010,26030
2026-08-04 17:40:00+00:00,375.640015,375.750000,375.549988,375.695007,15996
2026-08-04 17:45:00+00:00,375.690094,375.799988,375.549988,375.554993,25225
2026-08-04 17:50:00+00:00,375.569885,375.600006,375.170013,375.225006,32222
2026-08-04 17:55:00+00:00,375.179993,375.299988,374.850006,374.890015,42727
2026-08-04 18:00:00+00:00,374.839996,375.049988,374.744995,374.890015,24274
2026-08-04 18:05:00+00:00,374.950012,375.089996,374.940002,375.000000,14526
2026-08-04 18:10:00+00:00,375.040009,375.070007,374.863708,375.059998,17501
2026-08-04 18:15:00+00:00,375.079987,375.079987,374.829987,374.850006,19509
2026-08-04 18:20:00+00:00,374.864990,375.100006,374.850006,374.950012,27037
2026-08-04 18:25:00+00:00,374.869995,375.000000,374.640015,374.660004,38886
2026-08-04 18:30:00+00:00,374.654999,374.750000,374.480011,374.480011,69240
2026-08-04 18:35:00+00:00,374.500000,374.559998,374.109985,374.140015,32198
2026-08-04 18:40:00+00:00,374.144989,374.250000,373.899994,373.920013,68297
2026-08-04 18:45:00+00:00,373.929993,374.279999,373.813599,374.250000,37072
2026-08-04 18:50:00+00:00,374.239990,374.329987,374.149994,374.234985,22530
2026-08-04 18:55:00+00:00,374.220001,374.380005,374.190002,374.239899,25621
2026-08-04 19:00:00+00:00,374.239990,374.439911,374.130005,374.304993,25263
2026-08-04 19:05:00+00:00,374.299988,374.649994,374.290009,374.640015,18985
2026-08-04 19:10:00+00:00,374.640015,374.668091,374.420013,374.420013,30223
2026-08-04 19:15:00+00:00,374.459991,374.700012,374.385010,374.649994,49094
2026-08-04 19:20:00+00:00,374.640015,374.674988,374.279999,374.290009,25984
2026-08-04 19:25:00+00:00,374.290009,374.359894,374.170013,374.269989,49923
2026-08-04 19:30:00+00:00,374.255005,374.320007,374.160004,374.299988,41895
2026-08-04 19:35:00+00:00,374.320007,374.369995,374.230011,374.350006,34717
2026-08-04 19:40:00+00:00,374.359985,374.484985,374.329987,374.390015,32795
2026-08-04 19:45:00+00:00,374.410004,374.489990,374.181488,374.279999,55810
2026-08-04 19:50:00+00:00,374.279999,374.290009,373.950012,373.984985,187744
2026-08-04 19:55:00+00:00,373.989990,374.190002,373.899994,374.119995,206107
2026-08-05 13:30:00+00:00,384.959991,385.609985,384.739990,385.440002,1331664
2026-08-05 13:35:00+00:00,385.429993,385.670013,384.519989,385.309998,304956
2026-08-05 13:40:00+00:00,385.320007,385.609985,385.029999,385.029999,164763
2026-08-05 13:45:00+00:00,385.089996,385.209900,384.450012,384.665009,124713
2026-08-05 13:50:00+00:00,384.679993,385.399994,384.320007,385.350006,220459
2026-08-05 13:55:00+00:00,385.339996,385.899994,385.290009,385.834991,164389
2026-08-05 14:00:00+00:00,385.809998,386.299988,385.540009,386.250000,328403
2026-08-05 14:05:00+00:00,386.239990,387.910004,386.239990,387.859985,425164
2026-08-05 14:10:00+00:00,387.869995,388.489990,387.640015,388.024994,514235
2026-08-05 14:15:00+00:00,388.010010,388.869995,387.769989,388.670013,604618
2026-08-05 14:20:00+00:00,388.670013,388.869995,388.130005,388.239990,440100
2026-08-05 14:25:00+00:00,388.250000,389.049988,388.209991,388.720001,578886
2026-08-05 14:30:00+00:00,388.720001,389.174988,387.970001,388.095001,614898
2026-08-05 14:35:00+00:00,388.105011,388.420013,387.900391,388.204987,184868
2026-08-05 14:40:00+00:00,388.230011,389.390015,388.049988,389.249908,282974
2026-08-05 14:45:00+00:00,389.220001,389.644989,389.070007,389.630005,185039
2026-08-05 14:50:00+00:00,389.630005,389.649994,388.339996,388.750000,344615
2026-08-05 14:55:00+00:00,388.769989,389.489990,388.614990,389.359985,209472
2026-08-05 15:00:00+00:00,389.339996,390.769989,389.220001,390.385010,243077
2026-08-05 15:05:00+00:00,390.380005,390.739990,390.019989,390.470001,173208
2026-08-05 15:10:00+00:00,390.420013,390.915009,390.390015,390.619995,225023
2026-08-05 15:15:00+00:00,390.600006,390.644989,389.870789,390.549988,263130
2026-08-05 15:20:00+00:00,390.549988,390.970001,390.429993,390.779999,134119
2026-08-05 15:25:00+00:00,390.769989,391.239990,390.529999,390.549988,135147
2026-08-05 15:30:00+00:00,390.540009,390.709991,390.279999,390.329987,134792
2026-08-05 15:35:00+00:00,390.329987,390.779999,390.250000,390.565002,126249
2026-08-05 15:40:00+00:00,390.549988,390.565002,390.100006,390.399994,85112
2026-08-05 15:45:00+00:00,390.399902,390.399994,389.799988,389.880005,204125
2026-08-05 15:50:00+00:00,389.869995,389.899994,389.040009,389.230011,301458
2026-08-05 15:55:00+00:00,389.239990,389.260010,388.279999,388.329895,270829
2026-08-05 16:00:00+00:00,388.350006,388.459991,387.630005,387.665009,244960
2026-08-05 16:05:00+00:00,387.665009,388.549988,387.565002,388.535095,103049
2026-08-05 16:10:00+00:00,388.529999,388.589996,388.200012,388.399994,64512
2026-08-05 16:15:00+00:00,388.450012,388.660004,388.269989,388.364990,65800
2026-08-05 16:20:00+00:00,388.380005,388.989990,388.367645,388.839996,69699
2026-08-05 16:25:00+00:00,388.850006,389.119995,388.829987,389.070007,83692
2026-08-05 16:30:00+00:00,389.070007,389.239990,388.859985,389.059906,70626
2026-08-05 16:35:00+00:00,389.019989,389.450012,388.980011,389.309998,53583
2026-08-05 16:40:00+00:00,389.320007,389.570007,389.239990,389.369995,35291
2026-08-05 16:45:00+00:00,389.350006,389.420013,388.899994,389.160004,70580
2026-08-05 16:50:00+00:00,389.144989,389.609985,389.130005,389.334991,84764
2026-08-05 16:55:00+00:00,389.350006,389.350006,388.779999,389.105011,68339
2026-08-05 17:00:00+00:00,389.130005,389.220001,388.850006,389.220001,76312
2026-08-05 17:05:00+00:00,389.204987,389.309998,389.024994,389.049988,116169
2026-08-05 17:10:00+00:00,389.049988,389.279999,389.024994,389.135010,40547
2026-08-05 17:15:00+00:00,389.109985,389.109985,388.769989,388.809998,87136
2026-08-05 17:20:00+00:00,388.809998,388.964996,388.630005,388.964996,73312
2026-08-05 17:25:00+00:00,388.950012,389.579987,388.730011,389.364990,152247
2026-08-05 17:30:00+00:00,389.364990,389.700012,389.051208,389.700012,55593
2026-08-05 17:35:00+00:00,389.690002,389.940002,389.510010,389.885010,91933
2026-08-05 17:40:00+00:00,389.890015,389.959991,389.679993,389.734985,78109
2026-08-05 17:45:00+00:00,389.720001,389.940002,389.640015,389.760010,42738
2026-08-05 17:50:00+00:00,389.750000,389.920013,389.730011,389.845093,58939
2026-08-05 17:55:00+00:00,389.839996,390.100006,389.839996,389.910004,77044
2026-08-05 18:00:00+00:00,389.910004,390.260010,389.820007,390.160004,53935
2026-08-05 18:05:00+00:00,390.149994,390.540009,390.149994,390.390015,46323
2026-08-05 18:10:00+00:00,390.410004,390.559998,390.160004,390.165009,41691
2026-08-05 18:15:00+00:00,390.179993,390.559998,390.154999,390.515015,59164
2026-08-05 18:20:00+00:00,390.500000,391.510010,390.480011,391.109985,230863
2026-08-05 18:25:00+00:00,391.109985,391.279999,390.940002,391.049988,102318
2026-08-05 18:30:00+00:00,391.040009,391.109985,390.285004,390.320007,81082
2026-08-05 18:35:00+00:00,390.339996,390.639008,390.339996,390.554993,48799
2026-08-05 18:40:00+00:00,390.554993,390.839996,390.529999,390.739990,90583
2026-08-05 18:45:00+00:00,390.760010,390.950012,390.609985,390.700012,62082
2026-08-05 18:50:00+00:00,390.709991,391.019989,390.670013,390.970001,97390
2026-08-05 18:55:00+00:00,390.970001,391.100006,390.840088,390.890015,67097
2026-08-05 19:00:00+00:00,390.880005,390.989899,390.730011,390.989899,63090
2026-08-05 19:05:00+00:00,390.980103,390.980103,390.549988,390.589996,60927
2026-08-05 19:10:00+00:00,390.570007,390.690002,390.410004,390.630005,72855
2026-08-05 19:15:00+00:00,390.609985,390.609985,389.924988,390.019989,77405
2026-08-05 19:20:00+00:00,390.040009,390.390015,389.910004,390.359985,81880
2026-08-05 19:25:00+00:00,390.350006,390.420013,390.109985,390.130005,73383
2026-08-05 19:30:00+00:00,390.130005,390.239990,389.809998,389.829987,84008
2026-08-05 19:35:00+00:00,389.825012,389.959991,389.674988,389.890015,111442
2026-08-05 19:40:00+00:00,389.890015,390.209991,389.890015,390.200012,94531
2026-08-05 19:45:00+00:00,390.179993,390.209991,389.679993,389.725006,155201
2026-08-05 19:50:00+00:00,389.739990,389.839996,389.619995,389.779999,179914
2026-08-05 19:55:00+00:00,389.790009,389.820007,389.480011,389.570007,508717
2026-08-06 13:30:00+00:00,389.500000,390.040009,389.429993,389.869995,994216
2026-08-06 13:35:00+00:00,389.829987,391.200012,389.809998,390.614990,210291
2026-08-06 13:40:00+00:00,390.609985,392.019897,390.570007,391.665009,334821
2026-08-06 13:45:00+00:00,391.600006,391.630005,390.920013,391.000000,128365
2026-08-06 13:50:00+00:00,391.049988,391.420013,390.890015,391.249908,86116
2026-08-06 13:55:00+00:00,391.250000,391.549988,391.190002,391.309998,107237
2026-08-06 14:00:00+00:00,391.350006,391.709991,391.149994,391.359985,140073
2026-08-06 14:05:00+00:00,391.339996,391.750000,391.029999,391.149994,121555
2026-08-06 14:10:00+00:00,391.190002,392.100006,391.160004,391.489990,440753
2026-08-06 14:15:00+00:00,391.500000,391.519989,390.750000,391.250000,98605
2026-08-06 14:20:00+00:00,391.250000,391.375000,390.839996,390.890015,90209
2026-08-06 14:25:00+00:00,390.899994,391.510010,390.700012,391.209991,242570
2026-08-06 14:30:00+00:00,391.209991,392.000000,391.209991,391.809998,104772
2026-08-06 14:35:00+00:00,391.809998,392.119995,391.625000,391.649994,79054
2026-08-06 14:40:00+00:00,391.630005,392.059998,391.609985,391.950012,93631
2026-08-06 14:45:00+00:00,391.945007,392.089996,391.170013,391.209991,114150
2026-08-06 14:50:00+00:00,391.170013,391.690002,390.964996,391.685791,110838
2026-08-06 14:55:00+00:00,391.690002,391.869995,391.345001,391.859985,103534
2026-08-06 15:00:00+00:00,391.880005,391.989899,391.475006,391.649994,167703
2026-08-06 15:05:00+00:00,391.630005,391.730011,391.109985,391.299988,108628
2026-08-06 15:10:00+00:00,391.279999,391.440002,390.799988,391.005005,105424
2026-08-06 15:15:00+00:00,390.989990,391.010010,390.299988,390.320007,122725
2026-08-06 15:20:00+00:00,390.339996,390.480011,389.809998,390.184998,104646
2026-08-06 15:25:00+00:00,390.160004,390.600006,390.029999,390.190002,89866
2026-08-06 15:30:00+00:00,390.214996,390.279999,389.700012,389.709991,130824
2026-08-06 15:35:00+00:00,389.690002,390.049988,389.459991,389.989990,177958
2026-08-06 15:40:00+00:00,389.980011,390.059998,389.579987,389.869995,66857
2026-08-06 15:45:00+00:00,389.880005,389.880005,389.540009,389.549988,48532
2026-08-06 15:50:00+00:00,389.500000,389.730011,388.329987,388.350006,110963
2026-08-06 15:55:00+00:00,388.299988,388.589996,387.750092,388.204987,317315
2026-08-06 16:00:00+00:00,388.220001,388.640015,388.079987,388.580109,236071
2026-08-06 16:05:00+00:00,388.630005,389.109985,388.529999,388.994995,135612
2026-08-06 16:10:00+00:00,388.959991,389.029999,387.980011,388.149994,118855
2026-08-06 16:15:00+00:00,388.149994,388.167297,387.376099,387.600006,132142
2026-08-06 16:20:00+00:00,387.600006,387.709991,387.279999,387.375000,114742
2026-08-06 16:25:00+00:00,387.399994,387.929993,387.269989,387.899994,728836
2026-08-06 16:30:00+00:00,387.920013,388.209991,387.920013,388.089996,72938
2026-08-06 16:35:00+00:00,388.100006,388.424988,388.070007,388.375000,83891
2026-08-06 16:40:00+00:00,388.369995,388.369995,388.065002,388.208221,45899
2026-08-06 16:45:00+00:00,388.239990,388.489990,388.065002,388.470001,39365
2026-08-06 16:50:00+00:00,388.480011,388.644989,388.390015,388.575012,62028
2026-08-06 16:55:00+00:00,388.559998,389.029999,388.559998,388.929993,82806
2026-08-06 17:00:00+00:00,388.940002,389.140015,388.739990,388.945007,107747
2026-08-06 17:05:00+00:00,388.945007,389.114990,388.859985,389.070007,52050
2026-08-06 17:10:00+00:00,389.049988,389.229889,388.864502,388.880005,99475
2026-08-06 17:15:00+00:00,388.899994,388.934998,388.700012,388.904999,90457
2026-08-06 17:20:00+00:00,388.929993,389.019989,388.670013,388.760498,59313
2026-08-06 17:25:00+00:00,388.799988,389.063507,388.750000,388.964996,52553
2026-08-06 17:30:00+00:00,388.920013,388.989990,388.700012,388.869995,35594
2026-08-06 17:35:00+00:00,388.850098,389.140015,388.681885,388.989990,39393
2026-08-06 17:40:00+00:00,389.000000,389.100006,388.929993,388.973785,20093
2026-08-06 17:45:00+00:00,388.984985,389.049988,388.855011,388.980011,14746
2026-08-06 17:50:00+00:00,389.024994,389.559998,389.019989,389.470001,53362
2026-08-06 17:55:00+00:00,389.459991,389.559998,389.320007,389.510010,56557
2026-08-06 18:00:00+00:00,389.519989,389.538391,389.230011,389.385010,41112
2026-08-06 18:05:00+00:00,389.385010,389.670013,389.385010,389.609985,38887
2026-08-06 18:10:00+00:00,389.609985,389.670013,389.450012,389.519989,41188
2026-08-06 18:15:00+00:00,389.510010,389.709991,389.420013,389.589996,52615
2026-08-06 18:20:00+00:00,389.575012,389.760010,389.510590,389.570007,66497
2026-08-06 18:25:00+00:00,389.579987,389.630005,389.424988,389.470703,47232
2026-08-06 18:30:00+00:00,389.480011,389.570007,389.160095,389.220001,40873
2026-08-06 18:35:00+00:00,389.200012,389.269989,389.079987,389.160004,28425
2026-08-06 18:40:00+00:00,389.140015,389.179993,388.910004,389.000000,29479
2026-08-06 18:45:00+00:00,389.010010,389.309998,388.989990,389.290009,57410
2026-08-06 18:50:00+00:00,389.279999,389.380005,388.990509,389.005005,32157
2026-08-06 18:55:00+00:00,389.010010,389.154999,388.910004,389.140015,23613
2026-08-06 19:00:00+00:00,389.170013,389.660004,389.109985,389.614990,50077
2026-08-06 19:05:00+00:00,389.609985,389.660004,389.489990,389.660004,40509
2026-08-06 19:10:00+00:00,389.660004,389.850006,389.470001,389.475006,65211
2026-08-06 19:15:00+00:00,389.480011,389.589996,389.299988,389.299988,50667
2026-08-06 19:20:00+00:00,389.309998,389.470001,388.799988,388.809998,75249
2026-08-06 19:25:00+00:00,388.815002,388.979889,388.369995,388.559998,192514
2026-08-06 19:30:00+00:00,388.549988,388.679993,388.394989,388.649994,110987
2026-08-06 19:35:00+00:00,388.654999,388.765015,388.480011,388.489990,116118
2026-08-06 19:40:00+00:00,388.489990,388.529999,388.130005,388.299988,166000
2026-08-06 19:45:00+00:00,388.290009,388.730011,388.290009,388.579987,87808
2026-08-06 19:50:00+00:00,388.579987,389.829987,388.570007,389.470001,222076
2026-08-06 19:55:00+00:00,389.470001,389.720001,389.190002,389.649994,260894
2026-08-07 13:30:00+00:00,399.595001,399.950012,399.100494,399.329987,2535331
2026-08-07 13:35:00+00:00,399.329987,400.459991,398.920013,400.359985,433750
2026-08-07 13:40:00+00:00,400.339996,400.660004,399.769989,399.769989,272346
2026-08-07 13:45:00+00:00,399.769989,399.950012,399.211304,399.309998,435782
2026-08-07 13:50:00+00:00,399.329987,399.799988,399.209991,399.450012,186463
2026-08-07 13:55:00+00:00,399.440002,399.640015,398.290009,398.790009,194161
2026-08-07 14:00:00+00:00,398.804993,398.880005,397.500000,397.500000,430470
2026-08-07 14:05:00+00:00,397.510010,397.980011,397.250000,397.950012,502905
2026-08-07 14:10:00+00:00,397.920013,398.329987,396.950012,397.619995,304870
2026-08-07 14:15:00+00:00,397.619995,398.799988,397.260010,398.704987,399608
2026-08-07 14:20:00+00:00,398.695007,399.269989,398.475006,399.200012,582627
2026-08-07 14:25:00+00:00,399.239990,399.334991,398.869995,398.959991,391349
2026-08-07 14:30:00+00:00,398.980011,399.100006,398.500000,398.820007,122728
2026-08-07 14:35:00+00:00,398.850006,398.980011,398.390015,398.440002,94357
2026-08-07 14:40:00+00:00,398.429993,399.070007,398.355011,398.540009,137895
2026-08-07 14:45:00+00:00,398.559998,398.750000,398.140015,398.359985,106049
2026-08-07 14:50:00+00:00,398.410004,398.940002,398.410004,398.600006,63824
2026-08-07 14:55:00+00:00,398.639496,398.700012,398.109985,398.250000,123598
2026-08-07 15:00:00+00:00,398.299988,398.920013,398.130005,398.540009,250317
2026-08-07 15:05:00+00:00,398.500000,399.350006,398.489990,398.859985,82785
2026-08-07 15:10:00+00:00,398.869995,399.579987,398.709991,399.489990,209344
2026-08-07 15:15:00+00:00,399.500000,399.660004,399.239685,399.468994,105614
2026-08-07 15:20:00+00:00,399.440002,399.760010,399.420105,399.635010,58242
2026-08-07 15:25:00+00:00,399.621002,399.730011,399.070007,399.070007,199844
2026-08-07 15:30:00+00:00,399.119995,399.269989,398.720001,398.940002,78768
2026-08-07 15:35:00+00:00,398.980011,399.349915,398.890015,399.190002,38940
2026-08-07 15:40:00+00:00,399.190002,399.299988,398.880005,398.970001,56471
2026-08-07 15:45:00+00:00,398.980011,399.174408,398.859985,398.940002,191795
2026-08-07 15:50:00+00:00,398.959991,399.029999,398.059998,398.359985,70092
2026-08-07 15:55:00+00:00,398.339996,398.570007,398.170013,398.209991,45247
2026-08-07 16:00:00+00:00,398.220001,398.429993,397.959991,398.415009,81717
2026-08-07 16:05:00+00:00,398.450012,398.989990,398.429993,398.790009,87396
2026-08-07 16:10:00+00:00,398.760010,398.850006,398.475006,398.799988,106524
2026-08-07 16:15:00+00:00,398.807587,398.864990,398.339996,398.339996,54429
2026-08-07 16:20:00+00:00,398.329987,399.019989,397.940002,397.940002,74846
2026-08-07 16:25:00+00:00,397.959991,397.959991,397.630005,397.915009,102203
2026-08-07 16:30:00+00:00,397.899994,398.065002,397.450012,398.040009,132142
2026-08-07 16:35:00+00:00,398.059998,398.320007,397.799988,398.125000,90481
2026-08-07 16:40:00+00:00,398.125000,398.220001,397.820007,397.970001,69580
2026-08-07 16:45:00+00:00,397.970001,398.320007,397.700012,397.975006,99740
2026-08-07 16:50:00+00:00,397.950012,398.040009,397.434998,397.510010,92758
2026-08-07 16:55:00+00:00,397.549988,397.589996,397.089996,397.209991,188024
2026-08-07 17:00:00+00:00,397.130005,397.700012,397.020111,397.679993,54357
2026-08-07 17:05:00+00:00,397.650085,397.980011,397.649994,397.690002,25417
2026-08-07 17:10:00+00:00,397.739990,397.924988,397.690002,397.720001,44762
2026-08-07 17:15:00+00:00,397.730011,397.809998,397.570007,397.720001,41590
2026-08-07 17:20:00+00:00,397.730011,398.079987,397.570007,398.000000,79804
2026-08-07 17:25:00+00:00,397.989990,398.304993,397.850006,398.114990,111388
2026-08-07 17:30:00+00:00,398.100006,398.130005,397.579987,397.829987,58660
2026-08-07 17:35:00+00:00,397.825012,397.841003,397.220001,397.660095,61460
2026-08-07 17:40:00+00:00,397.690002,397.980011,397.679993,397.779999,71715
2026-08-07 17:45:00+00:00,397.790009,397.915009,397.690002,397.850006,31069
2026-08-07 17:50:00+00:00,397.869995,398.250000,397.864990,398.231903,30599
2026-08-07 17:55:00+00:00,398.250000,398.399994,398.119995,398.165009,45091
2026-08-07 18:00:00+00:00,398.149994,398.239990,398.040009,398.119995,59290
2026-08-07 18:05:00+00:00,398.119995,398.390015,398.100006,398.290009,45794
2026-08-07 18:10:00+00:00,398.285004,398.329987,397.640015,397.644989,43410
2026-08-07 18:15:00+00:00,397.679993,397.940002,397.670013,397.709991,46870
2026-08-07 18:20:00+00:00,397.714996,397.750000,397.410004,397.510010,40046
2026-08-07 18:25:00+00:00,397.529999,397.700012,397.399994,397.600006,65542
2026-08-07 18:30:00+00:00,397.619995,397.885010,397.529999,397.829987,47483
2026-08-07 18:35:00+00:00,397.839996,398.019989,397.799988,397.859985,38552
2026-08-07 18:40:00+00:00,397.829987,397.880005,397.480011,397.584991,32939
2026-08-07 18:45:00+00:00,397.589996,397.869995,397.575012,397.780090,39281
2026-08-07 18:50:00+00:00,397.809998,397.869995,397.549988,397.669891,43217
2026-08-07 18:55:00+00:00,397.674988,397.704987,397.459991,397.690002,46519
2026-08-07 19:00:00+00:00,397.670013,398.540009,397.670013,398.119995,92523
2026-08-07 19:05:00+00:00,398.105011,398.600006,398.100006,398.557404,86715
2026-08-07 19:10:00+00:00,398.559998,398.660004,398.429993,398.463257,65026
2026-08-07 19:15:00+00:00,398.470001,399.019989,398.399994,398.799988,104816
2026-08-07 19:20:00+00:00,398.790009,399.059998,398.790009,398.899994,77671
2026-08-07 19:25:00+00:00,398.899994,398.950012,398.769989,398.899994,90272
2026-08-07 19:30:00+00:00,398.880005,398.929993,398.579987,398.621002,88610
2026-08-07 19:35:00+00:00,398.635010,398.779999,398.519989,398.679993,118897
2026-08-07 19:40:00+00:00,398.679993,398.899994,398.549988,398.869995,107850
2026-08-07 19:45:00+00:00,398.859009,399.000000,398.769989,398.809998,144747
2026-08-07 19:50:00+00:00,398.809998,399.000000,398.300690,398.394989,330125
2026-08-07 19:55:00+00:00,398.399994,398.649994,398.070007,398.510010,580486
2026-08-10 13:30:00+00:00,397.713989,398.019989,397.380005,397.834991,551903
2026-08-10 13:35:00+00:00,397.815002,398.119995,397.769989,397.940002,81003
2026-08-10 13:40:00+00:00,397.970001,397.970001,397.200012,397.299988,79906
2026-08-10 13:45:00+00:00,397.279999,397.390015,396.739990,396.981201,115885
2026-08-10 13:50:00+00:00,397.010010,397.040009,396.360107,396.589996,182948
2026-08-10 13:55:00+00:00,396.570007,396.709991,395.929993,396.070007,136520
2026-08-10 14:00:00+00:00,396.079987,396.769989,396.050110,396.549988,121181
2026-08-10 14:05:00+00:00,396.550110,396.820007,396.380005,396.625000,150807
2026-08-10 14:10:00+00:00,396.625000,397.250000,396.625000,397.144989,101333
2026-08-10 14:15:00+00:00,397.160004,397.769989,396.989990,397.579987,119538
2026-08-10 14:20:00+00:00,397.519989,398.160004,397.380005,397.970001,108869
2026-08-10 14:25:00+00:00,397.970001,398.809998,397.950012,398.589996,149173
2026-08-10 14:30:00+00:00,398.589996,399.160004,398.570007,398.760010,193661
2026-08-10 14:35:00+00:00,398.768799,398.890015,398.513794,398.709991,99053
2026-08-10 14:40:00+00:00,398.730011,399.040009,398.679993,398.989990,107340
2026-08-10 14:45:00+00:00,398.980011,399.089996,398.674988,398.799988,89070
2026-08-10 14:50:00+00:00,398.779999,398.786194,398.359985,398.390015,332484
2026-08-10 14:55:00+00:00,398.380005,398.660004,398.355011,398.622009,102134
2026-08-10 15:00:00+00:00,398.660004,399.000000,398.380005,398.850006,119351
2026-08-10 15:05:00+00:00,398.834991,399.239990,398.420013,398.579987,135882
2026-08-10 15:10:00+00:00,398.584991,398.809998,398.470612,398.809998,72584
2026-08-10 15:15:00+00:00,398.760010,399.230011,398.660004,399.000000,92165
2026-08-10 15:20:00+00:00,399.010010,399.250000,398.950012,398.994995,159218
2026-08-10 15:25:00+00:00,399.010010,399.190002,398.790009,398.940002,109049
2026-08-10 15:30:00+00:00,398.989990,399.190002,398.809998,398.859985,50811
2026-08-10 15:35:00+00:00,398.859985,399.190002,398.855011,399.070007,58644
2026-08-10 15:40:00+00:00,399.070007,399.179993,398.980103,399.070007,90752
2026-08-10 15:45:00+00:00,399.070007,399.369995,398.920013,399.239990,70882
2026-08-10 15:50:00+00:00,399.269989,399.730011,399.239990,399.694214,119526
2026-08-10 15:55:00+00:00,399.679993,399.920013,399.625000,399.809998,78000
2026-08-10 16:00:00+00:00,399.859985,400.320007,399.760010,399.779999,164249
2026-08-10 16:05:00+00:00,399.790009,400.290009,399.690002,400.279999,81814
2026-08-10 16:10:00+00:00,400.290009,400.410004,400.059998,400.090912,136174
2026-08-10 16:15:00+00:00,400.105011,400.290009,400.075012,400.090515,135019
2026-08-10 16:20:00+00:00,400.109985,400.380005,400.089996,400.279999,410399
2026-08-10 16:25:00+00:00,400.299988,400.399994,400.109985,400.209991,95480
2026-08-10 16:30:00+00:00,400.230011,400.239990,398.899994,399.549988,420229
2026-08-10 16:35:00+00:00,399.609894,399.849915,399.470001,399.524994,67530
2026-08-10 16:40:00+00:00,399.549988,399.630005,399.119995,399.200012,51971
2026-08-10 16:45:00+00:00,399.187988,399.489990,399.179993,399.339996,86159
2026-08-10 16:50:00+00:00,399.359894,399.419891,399.239990,399.375000,135793
2026-08-10 16:55:00+00:00,399.369995,399.679993,399.220001,399.679993,43694
2026-08-10 17:00:00+00:00,399.700012,399.750000,399.440002,399.459991,42704
2026-08-10 17:05:00+00:00,399.440002,399.709991,399.200012,399.540009,59553
2026-08-10 17:10:00+00:00,399.589996,399.809998,399.540009,399.715790,67827
2026-08-10 17:15:00+00:00,399.695007,399.790009,399.630005,399.709991,38603
2026-08-10 17:20:00+00:00,399.720001,400.000000,399.709991,399.959991,43197
2026-08-10 17:25:00+00:00,399.950012,400.059998,399.829987,400.059998,51470
2026-08-10 17:30:00+00:00,400.059998,400.200012,399.920013,400.149994,45130
2026-08-10 17:35:00+00:00,400.149994,400.470001,400.140015,400.320007,157383
2026-08-10 17:40:00+00:00,400.334991,400.339996,399.920013,400.000000,60181
2026-08-10 17:45:00+00:00,399.989990,400.070007,399.760010,400.024994,126111
2026-08-10 17:50:00+00:00,400.010010,400.089996,399.861115,399.869995,39005
2026-08-10 17:55:00+00:00,399.885010,400.010010,399.750000,400.005005,122316
2026-08-10 18:00:00+00:00,400.010010,400.369995,399.940002,400.329987,98159
2026-08-10 18:05:00+00:00,400.329987,400.470001,400.260010,400.329987,143141
2026-08-10 18:10:00+00:00,400.329987,400.390015,400.230011,400.260010,49241
2026-08-10 18:15:00+00:00,400.260010,400.369995,400.130096,400.265015,66336
2026-08-10 18:20:00+00:00,400.239990,400.410004,400.179993,400.380005,55013
2026-08-10 18:25:00+00:00,400.394989,400.619904,400.390015,400.510010,68423
2026-08-10 18:30:00+00:00,400.509888,401.850006,400.450104,401.755005,228701
2026-08-10 18:35:00+00:00,401.720001,401.950012,401.558990,401.924988,115435
2026-08-10 18:40:00+00:00,401.929901,402.109985,401.769989,401.769989,135268
2026-08-10 18:45:00+00:00,401.774994,401.779999,401.201294,401.524994,229337
2026-08-10 18:50:00+00:00,401.519989,401.730011,401.350006,401.529999,100199
2026-08-10 18:55:00+00:00,401.529999,401.739990,401.470001,401.679993,66788
2026-08-10 19:00:00+00:00,401.720001,401.929993,401.670807,401.820007,103935
2026-08-10 19:05:00+00:00,401.799988,402.079987,401.790009,401.980011,132356
2026-08-10 19:10:00+00:00,402.010010,402.095001,401.850311,402.029999,135651
2026-08-10 19:15:00+00:00,402.010010,402.119995,401.910004,402.070007,169221
2026-08-10 19:20:00+00:00,402.059998,402.579987,402.040009,402.440002,307534
2026-08-10 19:25:00+00:00,402.429993,402.890015,402.350006,402.819885,368677
2026-08-10 19:30:00+00:00,402.829987,403.109985,402.385010,402.470001,204995
2026-08-10 19:35:00+00:00,402.470001,402.630005,402.220001,402.545013,136141
2026-08-10 19:40:00+00:00,402.589996,402.799988,402.459991,402.579895,147738
2026-08-10 19:45:00+00:00,402.570007,403.200012,402.470001,403.149902,264221
2026-08-10 19:50:00+00:00,403.119995,403.239990,402.850006,402.989990,227868
2026-08-10 19:55:00+00:00,402.970001,403.000000,402.420013,402.559998,401424
2026-08-11 13:30:00+00:00,403.440002,403.589996,402.649994,402.890015,1039746
2026-08-11 13:35:00+00:00,402.869995,403.600006,402.519989,403.570007,241849
2026-08-11 13:40:00+00:00,403.600006,403.774994,403.450012,403.600006,148653
2026-08-11 13:45:00+00:00,403.609985,404.029999,402.901886,403.100006,186480
2026-08-11 13:50:00+00:00,403.089996,403.279999,402.119995,402.380005,147225
2026-08-11 13:55:00+00:00,402.359985,403.070007,402.355011,402.559998,111481
2026-08-11 14:00:00+00:00,402.545013,402.649994,401.834991,402.220001,175578
2026-08-11 14:05:00+00:00,402.234985,402.399994,401.989990,402.179901,98610
2026-08-11 14:10:00+00:00,402.179993,402.399994,402.000000,402.394989,85093
2026-08-11 14:15:00+00:00,402.394989,402.690002,402.065002,402.299988,113616
2026-08-11 14:20:00+00:00,402.329987,402.649994,401.950012,402.200012,102884
2026-08-11 14:25:00+00:00,402.170013,402.480011,401.950104,402.127991,50536
2026-08-11 14:30:00+00:00,402.119995,402.750000,402.119995,402.720001,37563
2026-08-11 14:35:00+00:00,402.709991,402.970001,402.630005,402.850006,101191
2026-08-11 14:40:00+00:00,402.885010,403.179993,402.760010,403.029999,71373
2026-08-11 14:45:00+00:00,403.010010,403.220001,402.929993,403.029999,98291
2026-08-11 14:50:00+00:00,403.024994,403.200012,402.890015,403.179993,60330
2026-08-11 14:55:00+00:00,403.179993,403.440002,402.980011,403.075012,59456
2026-08-11 15:00:00+00:00,403.079987,403.488800,402.959991,403.299896,85273
2026-08-11 15:05:00+00:00,403.320007,403.350006,402.690002,402.850006,113315
2026-08-11 15:10:00+00:00,402.760010,403.250000,402.660004,402.886993,89967
2026-08-11 15:15:00+00:00,402.834991,402.855011,401.920013,402.339996,54207
2026-08-11 15:20:00+00:00,402.359985,402.670013,402.070099,402.130005,79824
2026-08-11 15:25:00+00:00,402.130005,402.500000,401.970001,402.364990,63300
2026-08-11 15:30:00+00:00,402.404999,402.420013,401.440002,401.519989,71727
2026-08-11 15:35:00+00:00,401.579987,401.679993,400.970001,400.970001,286926
2026-08-11 15:40:00+00:00,400.950012,401.390015,400.730011,401.390015,61777
2026-08-11 15:45:00+00:00,401.380005,401.619995,401.279999,401.434998,146375
2026-08-11 15:50:00+00:00,401.404999,401.820007,401.375000,401.799988,108854
2026-08-11 15:55:00+00:00,401.809998,402.119995,401.739990,402.119904,59224
2026-08-11 16:00:00+00:00,402.119995,402.200012,401.809998,401.809998,48491
2026-08-11 16:05:00+00:00,401.820007,401.899994,401.654999,401.750000,33974
2026-08-11 16:10:00+00:00,401.779999,401.885010,401.654999,401.700012,35244
2026-08-11 16:15:00+00:00,401.720001,401.859985,401.609985,401.626312,19425
2026-08-11 16:20:00+00:00,401.630005,402.010010,401.609985,401.890015,45495
2026-08-11 16:25:00+00:00,401.899994,402.069489,401.809998,402.049988,37076
2026-08-11 16:30:00+00:00,402.010101,402.023102,401.730011,401.970001,26196
2026-08-11 16:35:00+00:00,402.000000,402.220001,401.980011,402.130005,29035
2026-08-11 16:40:00+00:00,402.149994,402.309998,402.054993,402.239990,45611
2026-08-11 16:45:00+00:00,402.239990,402.290009,401.980011,402.049988,32665
2026-08-11 16:50:00+00:00,402.049988,402.065002,401.880005,401.959991,30811
2026-08-11 16:55:00+00:00,401.954803,402.220001,401.954803,402.089996,24496
2026-08-11 17:00:00+00:00,402.100006,402.250000,401.989990,402.119995,56752
2026-08-11 17:05:00+00:00,402.070007,402.260010,401.920013,402.154999,45852
2026-08-11 17:10:00+00:00,402.140015,402.209991,401.880005,401.890015,65661
2026-08-11 17:15:00+00:00,401.859985,402.109985,401.779999,402.059998,237983
2026-08-11 17:20:00+00:00,402.049988,402.160004,401.769989,401.859985,20598
2026-08-11 17:25:00+00:00,401.859985,402.070007,401.670013,401.899994,34203
2026-08-11 17:30:00+00:00,401.920013,401.929993,401.390015,401.440002,37838
2026-08-11 17:35:00+00:00,401.440002,401.500000,401.260010,401.441010,23761
2026-08-11 17:40:00+00:00,401.459991,401.579987,401.399994,401.410004,23298
2026-08-11 17:45:00+00:00,401.400085,401.500000,401.274994,401.420013,25366
2026-08-11 17:50:00+00:00,401.420013,401.445007,401.089996,401.089996,31774
2026-08-11 17:55:00+00:00,401.100006,401.130005,400.700012,400.739990,67153
2026-08-11 18:00:00+00:00,400.730011,400.760010,400.220001,400.369995,216716
2026-08-11 18:05:00+00:00,400.359985,400.519989,399.980011,400.037506,114347
2026-08-11 18:10:00+00:00,400.059998,400.279999,399.890015,400.269989,36912
2026-08-11 18:15:00+00:00,400.230011,400.559998,400.220001,400.480011,70087
2026-08-11 18:20:00+00:00,400.470001,400.470001,400.089996,400.295013,52018
2026-08-11 18:25:00+00:00,400.309998,400.394989,399.959991,400.019989,33916
2026-08-11 18:30:00+00:00,400.054993,400.640015,399.980103,400.589996,46218
2026-08-11 18:35:00+00:00,400.614990,400.959900,400.600006,400.900085,27911
2026-08-11 18:40:00+00:00,400.885010,401.000000,400.709991,400.949890,25839
2026-08-11 18:45:00+00:00,400.940491,401.089996,400.910004,400.984985,26206
2026-08-11 18:50:00+00:00,400.989990,401.070007,400.970001,401.040009,23001
2026-08-11 18:55:00+00:00,401.019989,401.049408,400.859985,400.989990,32241
2026-08-11 19:00:00+00:00,401.000000,401.024994,400.549988,400.549988,44915
2026-08-11 19:05:00+00:00,400.540009,400.540009,400.200012,400.309998,77128
2026-08-11 19:10:00+00:00,400.309998,400.549988,400.220001,400.244995,27812
2026-08-11 19:15:00+00:00,400.244995,400.325287,400.019989,400.160004,38162
2026-08-11 19:20:00+00:00,400.144989,400.709991,400.109985,400.700012,110518
2026-08-11 19:25:00+00:00,400.670013,400.890015,400.510010,400.848999,77458
2026-08-11 19:30:00+00:00,400.859985,401.200012,400.850006,400.940002,60093
2026-08-11 19:35:00+00:00,400.940002,400.959991,400.679993,400.869995,51792
2026-08-11 19:40:00+00:00,400.869995,400.887207,400.459991,400.609985,63505
2026-08-11 19:45:00+00:00,400.630005,400.899994,400.510010,400.859985,91698
2026-08-11 19:50:00+00:00,400.809998,400.910004,400.459991,400.809998,152603
2026-08-11 19:55:00+00:00,400.799988,401.190002,400.790009,400.980011,274824
2026-08-12 13:30:00+00:00,405.309998,405.570007,404.769989,404.940002,893616
2026-08-12 13:35:00+00:00,404.870392,405.458801,404.528595,404.670013,172259
2026-08-12 13:40:00+00:00,404.660004,405.480011,404.399994,405.160004,223269
2026-08-12 13:45:00+00:00,405.143585,406.209991,405.070007,406.114990,168479
2026-08-12 13:50:00+00:00,406.209991,406.760010,406.010010,406.630005,248374
2026-08-12 13:55:00+00:00,406.600006,406.630005,406.070007,406.154999,101358
2026-08-12 14:00:00+00:00,406.149994,406.234985,405.540009,406.074799,141040
2026-08-12 14:05:00+00:00,406.065002,406.410004,406.040009,406.359985,155265
2026-08-12 14:10:00+00:00,406.339996,406.829987,406.320007,406.535004,178864
2026-08-12 14:15:00+00:00,406.519989,407.079987,406.350006,406.979889,174106
2026-08-12 14:20:00+00:00,406.980011,407.279999,406.739990,406.970001,185259
2026-08-12 14:25:00+00:00,406.989990,407.059998,406.399994,406.484985,160418
2026-08-12 14:30:00+00:00,406.500000,406.922211,405.329987,405.450012,233600
2026-08-12 14:35:00+00:00,405.459991,405.704987,405.070007,405.269989,145564
2026-08-12 14:40:00+00:00,405.209991,405.920013,405.190002,405.899994,140704
2026-08-12 14:45:00+00:00,405.864990,407.359985,405.500000,405.720001,842545
2026-08-12 14:50:00+00:00,405.635010,405.920013,405.142487,405.734985,422188
2026-08-12 14:55:00+00:00,405.760010,405.850006,405.359985,405.679993,225272
2026-08-12 15:00:00+00:00,405.695007,405.799988,405.070007,405.144989,227223
2026-08-12 15:05:00+00:00,405.135986,405.730011,405.000000,405.540009,126003
2026-08-12 15:10:00+00:00,405.579987,406.329987,405.530090,406.010010,178442
2026-08-12 15:15:00+00:00,406.010010,406.045013,405.600006,405.760010,96922
2026-08-12 15:20:00+00:00,405.804993,406.140015,405.779999,405.970001,38245
2026-08-12 15:25:00+00:00,405.959991,405.959991,405.399994,405.559998,32086
2026-08-12 15:30:00+00:00,405.589996,405.910004,405.279999,405.329987,57317
2026-08-12 15:35:00+00:00,405.334991,405.510010,405.089996,405.489990,39571
2026-08-12 15:40:00+00:00,405.509888,405.589996,405.170105,405.250000,68501
2026-08-12 15:45:00+00:00,405.260010,405.290009,404.920013,405.059998,155087
2026-08-12 15:50:00+00:00,405.070007,405.149994,404.609985,405.140015,244026
2026-08-12 15:55:00+00:00,405.130005,405.670013,405.119995,405.565002,57885
2026-08-12 16:00:00+00:00,405.559998,405.980011,405.299988,405.470093,102158
2026-08-12 16:05:00+00:00,405.484985,405.640015,405.269989,405.375000,65099
2026-08-12 16:10:00+00:00,405.394989,405.790009,405.179993,405.739990,71846
2026-08-12 16:15:00+00:00,405.739990,405.980011,405.640015,405.890015,69282
2026-08-12 16:20:00+00:00,405.924988,405.980011,405.739990,405.950012,55606
2026-08-12 16:25:00+00:00,405.950012,405.970001,405.614990,405.690002,77292
2026-08-12 16:30:00+00:00,405.690002,405.739990,404.760010,404.760010,38353
2026-08-12 16:35:00+00:00,404.734985,405.019989,404.640015,404.839996,118817
2026-08-12 16:40:00+00:00,404.850006,405.000000,404.429993,404.562012,118541
2026-08-12 16:45:00+00:00,404.549988,404.609985,403.760010,403.779999,119934
2026-08-12 16:50:00+00:00,403.790009,404.095001,403.720001,404.040009,125157
2026-08-12 16:55:00+00:00,403.980011,404.010010,403.239990,403.709991,128474
2026-08-12 17:00:00+00:00,403.739990,404.049988,403.540009,403.829987,70217
2026-08-12 17:05:00+00:00,403.829987,404.239990,403.785004,404.154999,178995
2026-08-12 17:10:00+00:00,404.140015,404.160004,403.829987,403.880005,53187
2026-08-12 17:15:00+00:00,403.890015,403.947388,403.709991,403.820007,66966
2026-08-12 17:20:00+00:00,403.839996,404.424988,403.799988,404.230011,55839
2026-08-12 17:25:00+00:00,404.239990,404.380005,404.024994,404.160004,70843
2026-08-12 17:30:00+00:00,404.170013,404.559998,404.140015,404.540009,42171
2026-08-12 17:35:00+00:00,404.529999,404.649994,404.019989,404.109985,380014
2026-08-12 17:40:00+00:00,404.088013,404.088013,403.720001,403.760010,33243
2026-08-12 17:45:00+00:00,403.750000,403.943512,403.670013,403.880615,28786
2026-08-12 17:50:00+00:00,403.869904,404.079987,403.549988,403.588989,18996
2026-08-12 17:55:00+00:00,403.600006,403.730011,403.489990,403.515015,29351
2026-08-12 18:00:00+00:00,403.500000,403.510010,403.220001,403.489990,86638
2026-08-12 18:05:00+00:00,403.480011,403.951202,403.440002,403.950012,21780
2026-08-12 18:10:00+00:00,403.964996,404.160004,403.964996,404.109985,26346
2026-08-12 18:15:00+00:00,404.109985,404.320007,404.019714,404.320007,29163
2026-08-12 18:20:00+00:00,404.329987,404.540009,404.245300,404.540009,26297
2026-08-12 18:25:00+00:00,404.540009,404.609985,404.284485,404.380005,32276
2026-08-12 18:30:00+00:00,404.369995,404.799988,404.334991,404.734985,19931
2026-08-12 18:35:00+00:00,404.739990,404.779999,404.570007,404.630005,14708
2026-08-12 18:40:00+00:00,404.619995,404.859406,404.579987,404.839996,17330
2026-08-12 18:45:00+00:00,404.859985,405.239990,404.850006,405.149994,159868
2026-08-12 18:50:00+00:00,405.160004,405.160004,404.790009,404.825012,66357
2026-08-12 18:55:00+00:00,404.820007,404.869995,404.755005,404.779999,37350
2026-08-12 19:00:00+00:00,404.790009,405.154999,404.750000,405.149994,47126
2026-08-12 19:05:00+00:00,405.119995,405.279999,404.970001,405.045013,61571
2026-08-12 19:10:00+00:00,405.045013,405.160004,405.019989,405.089996,28994
2026-08-12 19:15:00+00:00,405.084991,405.250000,405.084991,405.204987,43338
2026-08-12 19:20:00+00:00,405.179993,405.225006,405.084991,405.130005,41802
2026-08-12 19:25:00+00:00,405.109985,405.194092,405.040009,405.149994,62072
2026-08-12 19:30:00+00:00,405.160004,405.160004,404.799988,404.839996,62890
2026-08-12 19:35:00+00:00,404.839996,404.899994,404.619995,404.660004,59425
2026-08-12 19:40:00+00:00,404.670013,404.799988,404.630005,404.790009,42126
2026-08-12 19:45:00+00:00,404.779999,404.820007,404.299988,404.450012,205565
2026-08-12 19:50:00+00:00,404.459991,404.820007,404.429993,404.619995,156852
2026-08-12 19:55:00+00:00,404.640015,404.910004,404.584991,404.880005,274988
2026-08-13 13:30:00+00:00,402.170013,402.579987,401.410004,401.500000,723123
2026-08-13 13:35:00+00:00,401.519989,401.880005,401.209991,401.880005,96354
2026-08-13 13:40:00+00:00,401.869995,402.019989,401.339996,401.625000,98762
2026-08-13 13:45:00+00:00,401.570007,401.880005,401.260010,401.399994,111732
2026-08-13 13:50:00+00:00,401.399994,401.489899,400.799988,401.279999,147976
2026-08-13 13:55:00+00:00,401.309998,401.535004,400.899994,400.940002,211238
2026-08-13 14:00:00+00:00,400.980011,401.510010,400.734985,400.980011,163393
2026-08-13 14:05:00+00:00,401.019989,401.500000,400.500000,400.649994,233682
2026-08-13 14:10:00+00:00,400.649994,400.859985,400.390015,400.750000,176630
2026-08-13 14:15:00+00:00,400.790009,401.429993,400.609985,401.190002,169696
2026-08-13 14:20:00+00:00,401.190002,401.420013,400.769989,401.079987,158039
2026-08-13 14:25:00+00:00,401.140015,401.260010,400.450012,400.494995,308250
2026-08-13 14:30:00+00:00,400.480011,401.279999,399.160004,401.149994,334001
2026-08-13 14:35:00+00:00,401.170013,401.440002,400.929993,401.390106,243212
2026-08-13 14:40:00+00:00,401.356293,401.779999,401.320007,401.739990,70322
2026-08-13 14:45:00+00:00,401.714996,402.274994,401.700012,402.100006,112385
2026-08-13 14:50:00+00:00,402.114990,402.309998,401.890015,402.049896,58222
2026-08-13 14:55:00+00:00,402.059998,402.269989,401.970001,402.005005,27840
2026-08-13 15:00:00+00:00,402.010010,402.170013,401.459991,401.470001,82696
2026-08-13 15:05:00+00:00,401.464996,401.480011,400.649994,400.880005,67787
2026-08-13 15:10:00+00:00,400.869995,400.934998,400.619995,400.695007,235475
2026-08-13 15:15:00+00:00,400.679993,400.750000,400.160004,400.529999,65344
2026-08-13 15:20:00+00:00,400.525085,400.940002,400.399994,400.890015,6585
2026-08-13 15:25:00+00:00,400.880005,401.100006,400.200012,400.293793,99155
2026-08-13 15:30:00+00:00,400.333710,400.333710,399.559998,399.839996,110274
2026-08-13 15:35:00+00:00,399.869995,400.859985,399.839996,400.650085,103466
2026-08-13 15:40:00+00:00,400.640015,400.869995,400.565002,400.614990,20375
2026-08-13 15:45:00+00:00,400.609985,400.809998,400.600006,400.656097,24358
2026-08-13 15:50:00+00:00,400.649994,400.704987,400.320007,400.339996,45335
2026-08-13 15:55:00+00:00,400.350006,400.529907,400.119995,400.290009,47677
2026-08-13 16:00:00+00:00,400.285095,400.480011,400.040009,400.144989,46349
2026-08-13 16:05:00+00:00,400.059998,400.100006,399.649994,399.670013,109290
2026-08-13 16:10:00+00:00,399.660004,399.850006,399.250610,399.369995,183726
2026-08-13 16:15:00+00:00,399.369995,399.369995,398.950012,399.010010,212148
2026-08-13 16:20:00+00:00,399.029999,399.630005,398.980011,399.630005,92208
2026-08-13 16:25:00+00:00,399.619995,400.049988,399.489990,400.010010,342679
2026-08-13 16:30:00+00:00,400.010986,400.380005,400.010986,400.380005,35137
2026-08-13 16:35:00+00:00,400.390015,400.410004,400.100006,400.170013,13209
2026-08-13 16:40:00+00:00,400.165009,400.440002,400.119995,400.315002,20245
2026-08-13 16:45:00+00:00,400.350006,400.470001,400.309998,400.339996,23523
2026-08-13 16:50:00+00:00,400.359985,400.380005,400.170013,400.269989,124632
2026-08-13 16:55:00+00:00,400.290009,400.559998,400.265015,400.399994,32614
2026-08-13 17:00:00+00:00,400.429993,400.631531,400.260010,400.369995,21457
2026-08-13 17:05:00+00:00,400.369995,400.964996,400.369995,400.899994,30764
2026-08-13 17:10:00+00:00,400.920013,401.019989,400.866394,400.866394,12823
2026-08-13 17:15:00+00:00,400.869995,400.899994,400.390015,400.484985,65983
2026-08-13 17:20:00+00:00,400.500000,400.644989,400.440002,400.540009,85755
2026-08-13 17:25:00+00:00,400.589996,400.605011,400.029999,400.089996,35761
2026-08-13 17:30:00+00:00,400.130005,400.190002,399.790009,399.904999,31668
2026-08-13 17:35:00+00:00,399.869995,400.029999,399.799988,399.909210,21957
2026-08-13 17:40:00+00:00,399.929993,400.000000,399.440002,399.546112,45925
2026-08-13 17:45:00+00:00,399.570007,399.799988,399.549988,399.750000,37330
2026-08-13 17:50:00+00:00,399.739990,399.829987,399.540009,399.630005,25214
2026-08-13 17:55:00+00:00,399.579987,399.634705,399.410004,399.440002,18799
2026-08-13 18:00:00+00:00,399.440002,399.790009,399.429993,399.630005,67345
2026-08-13 18:05:00+00:00,399.619995,399.769989,399.519989,399.730011,63219
2026-08-13 18:10:00+00:00,399.709991,400.019989,399.595001,399.955109,77347
2026-08-13 18:15:00+00:00,399.970001,400.100006,399.850006,400.054993,40153
2026-08-13 18:20:00+00:00,400.049988,400.059998,399.429993,399.500000,41486
2026-08-13 18:25:00+00:00,399.519989,399.630005,399.320007,399.559998,42098
2026-08-13 18:30:00+00:00,399.570007,399.730011,399.459991,399.630096,34175
2026-08-13 18:35:00+00:00,399.635010,399.790009,399.559998,399.725006,37731
2026-08-13 18:40:00+00:00,399.739990,399.809998,399.540009,399.630005,56529
2026-08-13 18:45:00+00:00,399.600006,399.619995,399.450012,399.515015,47611
2026-08-13 18:50:00+00:00,399.519989,399.559998,399.290009,399.489990,19637
2026-08-13 18:55:00+00:00,399.500000,399.570007,399.480011,399.524994,133603
2026-08-13 19:00:00+00:00,399.529999,399.691010,399.450012,399.630005,28370
2026-08-13 19:05:00+00:00,399.630005,399.649994,399.160004,399.200012,8895
2026-08-13 19:10:00+00:00,399.200012,399.209991,398.540009,398.600006,80827
2026-08-13 19:15:00+00:00,398.589996,398.760010,398.279999,398.695007,65962
2026-08-13 19:20:00+00:00,398.709991,398.825012,398.579987,398.766296,51217
2026-08-13 19:25:00+00:00,398.769989,399.059998,398.750000,399.049988,256459
2026-08-13 19:30:00+00:00,399.049988,399.100006,398.899994,399.000000,139752
2026-08-13 19:35:00+00:00,399.005005,399.290009,398.989990,399.200012,38039
2026-08-13 19:40:00+00:00,399.179993,399.220001,398.980011,399.040009,94512
2026-08-13 19:45:00+00:00,399.040009,399.040009,398.700012,398.869995,63560
2026-08-13 19:50:00+00:00,398.850006,399.000000,398.799988,398.954987,200775
2026-08-13 19:55:00+00:00,398.954987,399.000000,398.709991,398.959991,232022
2026-08-14 13:30:00+00:00,402.179993,402.850006,402.070007,402.779999,512313
2026-08-14 13:35:00+00:00,402.799988,403.329987,402.769989,403.144989,723127
2026-08-14 13:40:00+00:00,403.200012,403.250000,402.730011,403.068787,159581
2026-08-14 13:45:00+00:00,403.029999,403.140015,402.377808,402.380005,137735
2026-08-14 13:50:00+00:00,402.380005,402.549988,402.036194,402.195007,106288
2026-08-14 13:55:00+00:00,402.200012,402.329987,402.035004,402.209991,52338
2026-08-14 14:00:00+00:00,402.179993,402.959991,402.179993,402.850006,104054
2026-08-14 14:05:00+00:00,402.839996,402.899994,402.589996,402.609985,139634
2026-08-14 14:10:00+00:00,402.630005,403.000000,402.420013,402.750000,315805
2026-08-14 14:15:00+00:00,402.785004,402.890015,402.290009,402.380005,238285
2026-08-14 14:20:00+00:00,402.399994,402.920013,402.239990,402.910004,111561
2026-08-14 14:25:00+00:00,402.894989,403.105011,402.739990,402.760010,96631
2026-08-14 14:30:00+00:00,402.809998,402.859985,402.170013,402.239990,63089
2026-08-14 14:35:00+00:00,402.250000,402.459991,402.160004,402.329987,40312
2026-08-14 14:40:00+00:00,402.339996,402.364990,401.935394,402.149994,39462
2026-08-14 14:45:00+00:00,402.109985,402.109985,401.670013,401.820007,29874
2026-08-14 14:50:00+00:00,401.757599,402.024994,401.700012,401.880005,34527
2026-08-14 14:55:00+00:00,401.899994,402.010010,401.700012,401.839996,55447
2026-08-14 15:00:00+00:00,401.859985,402.709991,401.859985,402.410004,44486
2026-08-14 15:05:00+00:00,402.390015,402.570007,402.239990,402.320007,29587
2026-08-14 15:10:00+00:00,402.320007,403.010010,402.295013,402.839996,74194
2026-08-14 15:15:00+00:00,402.839996,403.010010,402.263214,402.263214,56191
2026-08-14 15:20:00+00:00,402.295013,402.364990,402.029999,402.049988,32130
2026-08-14 15:25:00+00:00,402.045013,402.179993,401.640015,402.174988,97174
2026-08-14 15:30:00+00:00,402.200012,402.579987,402.100006,402.489990,82329
2026-08-14 15:35:00+00:00,402.450012,402.679993,402.380005,402.475006,25881
2026-08-14 15:40:00+00:00,402.480011,402.679993,402.390015,402.630005,39031
2026-08-14 15:45:00+00:00,402.660004,403.149994,402.630005,402.880005,153399
2026-08-14 15:50:00+00:00,402.899994,402.964996,402.690002,402.730011,58471
2026-08-14 15:55:00+00:00,402.750000,402.980011,402.739990,402.834991,24809
2026-08-14 16:00:00+00:00,402.859985,403.290009,402.779999,402.779999,224358
2026-08-14 16:05:00+00:00,402.769989,402.979004,402.609985,402.660004,17461
2026-08-14 16:10:00+00:00,402.670013,402.709991,402.575012,402.644989,16804
2026-08-14 16:15:00+00:00,402.670013,402.859985,402.670013,402.829987,37100
2026-08-14 16:20:00+00:00,402.825012,402.940002,402.644989,402.690002,33168
2026-08-14 16:25:00+00:00,402.670013,402.670013,402.399994,402.470001,63906
2026-08-14 16:30:00+00:00,402.470001,402.470001,401.799988,402.154999,65428
2026-08-14 16:35:00+00:00,402.135010,402.600006,402.100006,402.559998,26523
2026-08-14 16:40:00+00:00,402.547485,402.570007,402.290009,402.309998,21483
2026-08-14 16:45:00+00:00,402.339996,402.410004,402.265015,402.390015,12030
2026-08-14 16:50:00+00:00,402.399994,402.420013,402.275085,402.380005,8552
2026-08-14 16:55:00+00:00,402.309998,402.364990,402.209991,402.269989,15969
2026-08-14 17:00:00+00:00,402.299988,402.320007,402.019989,402.040009,26423
2026-08-14 17:05:00+00:00,402.059998,402.109985,401.869995,401.959991,0
2026-08-14 17:10:00+00:00,401.940002,401.970886,401.799988,401.959991,17793
2026-08-14 17:15:00+00:00,401.970001,402.204010,401.899994,401.899994,103686
2026-08-14 17:20:00+00:00,401.864990,401.980011,401.739990,401.875000,24948
2026-08-14 17:25:00+00:00,401.875000,401.940002,401.670013,401.700012,99581
2026-08-14 17:30:00+00:00,401.690002,401.970001,401.690002,401.970001,30117
2026-08-14 17:35:00+00:00,401.929993,401.929993,401.690002,401.714996,22037
2026-08-14 17:40:00+00:00,401.700012,401.790009,401.470001,401.529999,18044
2026-08-14 17:45:00+00:00,401.510010,401.519989,401.420013,401.470001,17985
2026-08-14 17:50:00+00:00,401.459991,401.640015,401.410004,401.554993,28465
2026-08-14 17:55:00+00:00,401.540100,401.600006,401.470001,401.600006,11318
2026-08-14 18:00:00+00:00,401.630005,401.829987,401.429993,401.818115,17658
2026-08-14 18:05:00+00:00,401.859802,401.910004,401.690002,401.734985,14403
2026-08-14 18:10:00+00:00,401.700012,401.804993,401.454987,401.480011,39622
2026-08-14 18:15:00+00:00,401.524994,401.649994,401.459991,401.609985,22940
2026-08-14 18:20:00+00:00,401.579987,401.750000,401.579987,401.690002,12882
2026-08-14 18:25:00+00:00,401.700012,401.749908,401.540009,401.690002,11086
2026-08-14 18:30:00+00:00,401.670013,401.699707,401.480011,401.579315,15512
2026-08-14 18:35:00+00:00,401.575012,401.970001,401.570099,401.940002,36203
2026-08-14 18:40:00+00:00,401.981964,401.981964,401.399994,401.450012,83448
2026-08-14 18:45:00+00:00,401.434998,401.470001,400.934998,401.205109,84621
2026-08-14 18:50:00+00:00,401.209991,401.355011,401.100006,401.109985,22553
2026-08-14 18:55:00+00:00,401.135010,401.239990,401.100006,401.160004,72451
2026-08-14 19:00:00+00:00,401.140015,401.190002,401.059998,401.089905,53098
2026-08-14 19:05:00+00:00,401.089996,401.480011,401.040009,401.440094,44035
2026-08-14 19:10:00+00:00,401.454987,401.510010,401.369995,401.390015,21682
2026-08-14 19:15:00+00:00,401.380005,401.449890,401.220001,401.320007,41195
2026-08-14 19:20:00+00:00,401.304993,401.480011,401.304993,401.430115,21428
2026-08-14 19:25:00+00:00,401.450012,401.579987,401.434998,401.529999,25786
2026-08-14 19:30:00+00:00,401.519989,401.589996,401.459991,401.515015,33882
2026-08-14 19:35:00+00:00,401.510010,401.619995,401.410004,401.424988,43494
2026-08-14 19:40:00+00:00,401.437195,401.549988,401.369995,401.380005,41833
2026-08-14 19:45:00+00:00,401.390015,401.429993,401.320099,401.359985,48515
2026-08-14 19:50:00+00:00,401.390015,401.790009,401.390015,401.614990,165854
2026-08-14 19:55:00+00:00,401.609985,401.615112,401.190002,401.429993,350433
2026-08-17 13:30:00+00:00,402.334991,402.720001,402.269989,402.562988,385014
2026-08-17 13:35:00+00:00,402.549988,402.880005,402.320099,402.559998,69744
2026-08-17 13:40:00+00:00,402.559998,402.580109,402.209991,402.290009,84749
2026-08-17 13:45:00+00:00,402.299988,403.200012,402.179993,403.149994,210810
2026-08-17 13:50:00+00:00,403.140015,404.290009,403.100006,403.744995,245195
2026-08-17 13:55:00+00:00,403.769989,405.100006,403.730103,404.470001,445680
2026-08-17 14:00:00+00:00,404.440002,404.570007,404.010010,404.329987,186451
2026-08-17 14:05:00+00:00,404.380005,404.380005,404.070007,404.119904,133673
2026-08-17 14:10:00+00:00,404.109985,404.760010,403.959991,404.739990,215264
2026-08-17 14:15:00+00:00,404.739990,405.510010,404.679993,405.279999,351735
2026-08-17 14:20:00+00:00,405.320007,406.160004,405.209991,405.839996,244835
2026-08-17 14:25:00+00:00,405.850006,406.035004,405.059998,405.289886,134401
2026-08-17 14:30:00+00:00,405.290009,405.850006,405.290009,405.640015,113087
2026-08-17 14:35:00+00:00,405.654999,405.760010,405.109985,405.250000,151355
2026-08-17 14:40:00+00:00,405.239990,405.600006,405.190002,405.190002,106480
2026-08-17 14:45:00+00:00,405.257812,405.425507,404.899994,405.209991,101935
2026-08-17 14:50:00+00:00,405.220001,405.529999,405.062988,405.089996,68315
2026-08-17 14:55:00+00:00,405.122894,405.290009,404.950012,405.209991,207636
2026-08-17 15:00:00+00:00,405.220001,405.399994,405.019989,405.320007,122809
2026-08-17 15:05:00+00:00,405.369995,405.410004,405.119995,405.160004,65612
2026-08-17 15:10:00+00:00,405.130005,405.679993,405.089996,405.559998,88986
2026-08-17 15:15:00+00:00,405.549988,405.769989,405.390015,405.649994,75634
2026-08-17 15:20:00+00:00,405.709991,405.820007,405.600006,405.750000,103533
2026-08-17 15:25:00+00:00,405.769989,406.019989,405.519989,405.989990,108557
2026-08-17 15:30:00+00:00,405.950012,406.049988,405.609985,405.709991,94166
2026-08-17 15:35:00+00:00,405.700012,405.799988,405.459991,405.640015,517745
2026-08-17 15:40:00+00:00,405.635010,405.790009,405.359985,405.390015,136178
2026-08-17 15:45:00+00:00,405.399994,405.839996,405.250000,405.774994,69724
2026-08-17 15:50:00+00:00,405.774994,406.040009,405.720001,406.029999,57911
2026-08-17 15:55:00+00:00,406.010010,406.160004,405.989990,406.119995,88705
2026-08-17 16:00:00+00:00,406.140015,406.179993,405.829987,405.940002,56143
2026-08-17 16:05:00+00:00,405.929993,406.200012,405.799988,406.140015,34581
2026-08-17 16:10:00+00:00,406.109985,406.230011,405.970001,405.983002,40337
2026-08-17 16:15:00+00:00,405.984985,406.140015,405.910004,405.970001,77946
2026-08-17 16:20:00+00:00,405.929993,406.160004,405.869995,405.920013,85502
2026-08-17 16:25:00+00:00,405.899994,405.929993,405.709991,405.910004,155249
2026-08-17 16:30:00+00:00,405.920013,405.959900,405.700012,405.820007,39477
2026-08-17 16:35:00+00:00,405.831299,406.089996,405.779999,406.069885,36512
2026-08-17 16:40:00+00:00,406.045013,406.079987,405.839996,405.864990,48978
2026-08-17 16:45:00+00:00,405.859985,405.899994,405.670013,405.829987,24880
2026-08-17 16:50:00+00:00,405.809998,405.959991,405.670105,405.750000,47273
2026-08-17 16:55:00+00:00,405.769989,405.929993,405.750000,405.834991,24596
2026-08-17 17:00:00+00:00,405.850006,406.010010,405.809998,405.880005,27348
2026-08-17 17:05:00+00:00,405.899994,405.899994,405.559998,405.650085,41085
2026-08-17 17:10:00+00:00,405.649994,405.739990,405.609985,405.730011,52282
2026-08-17 17:15:00+00:00,405.700012,405.730011,405.347992,405.360107,42347
2026-08-17 17:20:00+00:00,405.380005,405.440002,405.059998,405.119995,47713
2026-08-17 17:25:00+00:00,405.109985,405.189911,404.850006,405.165009,61887
2026-08-17 17:30:00+00:00,405.170013,405.320007,404.880005,405.160004,34386
2026-08-17 17:35:00+00:00,405.154999,405.220001,404.679993,404.690002,37383
2026-08-17 17:40:00+00:00,404.690002,405.160004,404.609985,405.149994,30920
2026-08-17 17:45:00+00:00,405.190002,405.410004,405.179993,405.339996,28475
2026-08-17 17:50:00+00:00,405.390015,405.441101,405.160004,405.160004,28748
2026-08-17 17:55:00+00:00,405.200012,405.239990,404.809998,404.859985,78814
2026-08-17 18:00:00+00:00,404.860107,404.920013,404.549988,404.625000,54514
2026-08-17 18:05:00+00:00,404.635010,404.809998,404.540009,404.709991,50071
2026-08-17 18:10:00+00:00,404.640015,404.859985,404.549988,404.859985,41826
2026-08-17 18:15:00+00:00,404.869995,405.079987,404.829987,404.959991,22256
2026-08-17 18:20:00+00:00,404.940002,405.000000,404.380005,404.410004,33817
2026-08-17 18:25:00+00:00,404.399994,404.489990,404.040009,404.163788,94692
2026-08-17 18:30:00+00:00,404.179993,404.179993,403.399994,403.589996,113061
2026-08-17 18:35:00+00:00,403.579987,403.795013,403.510010,403.785004,35792
2026-08-17 18:40:00+00:00,403.779999,404.029999,403.720001,403.720001,41348
2026-08-17 18:45:00+00:00,403.779999,404.170013,403.630005,404.130005,33703
2026-08-17 18:50:00+00:00,404.149994,404.339996,404.049988,404.210602,284763
2026-08-17 18:55:00+00:00,404.219910,404.250000,404.119995,404.200012,85014
2026-08-17 19:00:00+00:00,404.230011,404.279999,403.790009,403.920013,70992
2026-08-17 19:05:00+00:00,403.890015,403.920013,403.630005,403.910004,123484
2026-08-17 19:10:00+00:00,403.970001,404.415009,403.929993,404.410004,139954
2026-08-17 19:15:00+00:00,404.410004,405.119995,404.410004,404.989990,325332
2026-08-17 19:20:00+00:00,404.989990,405.170013,404.959991,405.065002,127498
2026-08-17 19:25:00+00:00,405.059998,405.209991,404.829987,404.920013,324260
2026-08-17 19:30:00+00:00,404.915009,405.125000,404.869995,405.059998,116220
2026-08-17 19:35:00+00:00,405.100006,405.149994,404.980011,405.119995,47677
2026-08-17 19:40:00+00:00,405.130005,405.500000,405.010010,405.380005,128674
2026-08-17 19:45:00+00:00,405.385010,405.540009,405.299988,405.460114,169606
2026-08-17 19:50:00+00:00,405.459991,405.459991,405.079987,405.269989,126294
2026-08-17 19:55:00+00:00,405.266205,405.529999,405.200012,405.470001,291878
2026-08-18 13:30:00+00:00,402.549988,403.500000,401.390015,403.369995,632756
2026-08-18 13:35:00+00:00,403.350006,403.899994,403.179993,403.859985,151208
2026-08-18 13:40:00+00:00,403.864990,404.320007,403.559998,403.690002,142201
2026-08-18 13:45:00+00:00,403.739990,403.790009,402.839996,403.200012,100752
2026-08-18 13:50:00+00:00,403.119995,403.390015,402.640015,402.750000,75035
2026-08-18 13:55:00+00:00,402.779999,403.154999,402.670013,403.154999,78588
2026-08-18 14:00:00+00:00,403.130096,404.200012,403.049988,403.975006,133248
2026-08-18 14:05:00+00:00,403.970001,404.019989,403.380005,403.460907,188125
2026-08-18 14:10:00+00:00,403.399994,403.500000,402.769989,402.980011,57010
2026-08-18 14:15:00+00:00,402.920013,404.011505,402.920013,403.709991,60776
2026-08-18 14:20:00+00:00,403.720001,403.809998,403.190002,403.369995,69583
2026-08-18 14:25:00+00:00,403.380005,403.459991,402.899994,403.070007,56428
2026-08-18 14:30:00+00:00,403.049988,403.239990,402.239990,402.613190,147611
2026-08-18 14:35:00+00:00,402.600006,402.619995,401.880005,401.959991,403865
2026-08-18 14:40:00+00:00,401.980011,402.140015,401.480011,401.670013,306584
2026-08-18 14:45:00+00:00,401.649994,402.454987,401.519989,402.320007,199679
2026-08-18 14:50:00+00:00,402.309998,402.523895,400.950012,401.589996,224756
2026-08-18 14:55:00+00:00,401.549988,401.959991,400.190002,400.440002,170072
2026-08-18 15:00:00+00:00,400.470001,401.379089,400.350006,401.279999,415152
2026-08-18 15:05:00+00:00,401.285004,401.459991,400.299988,400.369995,120369
2026-08-18 15:10:00+00:00,400.375000,400.589996,399.609985,399.799988,270382
2026-08-18 15:15:00+00:00,399.829987,400.299988,399.350006,399.380005,229706
2026-08-18 15:20:00+00:00,399.350006,399.570007,399.070007,399.309998,365996
2026-08-18 15:25:00+00:00,399.339996,399.910004,399.200012,399.390015,209654
2026-08-18 15:30:00+00:00,399.359985,400.000000,399.329987,399.790009,377034
2026-08-18 15:35:00+00:00,399.795013,400.040009,399.500000,399.984985,177723
2026-08-18 15:40:00+00:00,399.899994,400.010010,399.540009,399.700012,96723
2026-08-18 15:45:00+00:00,399.720001,400.299988,399.720001,400.230011,102976
2026-08-18 15:50:00+00:00,400.230011,400.440002,399.940002,400.269989,70352
2026-08-18 15:55:00+00:00,400.279999,400.399994,400.149994,400.290009,58917
2026-08-18 16:00:00+00:00,400.299988,400.690002,400.299988,400.579987,74914
2026-08-18 16:05:00+00:00,400.565002,400.903412,400.440002,400.899994,66112
2026-08-18 16:10:00+00:00,400.899994,400.910004,400.510010,400.549988,44500
2026-08-18 16:15:00+00:00,400.540009,400.600006,400.229004,400.459991,99004
2026-08-18 16:20:00+00:00,400.510010,400.720001,400.440002,400.605011,63432
2026-08-18 16:25:00+00:00,400.579987,400.689697,400.170013,400.220001,52248
2026-08-18 16:30:00+00:00,400.230011,400.459991,400.144989,400.350006,83457
2026-08-18 16:35:00+00:00,400.420013,400.500000,400.140015,400.345093,33113
2026-08-18 16:40:00+00:00,400.334991,400.619995,400.309998,400.519989,36445
2026-08-18 16:45:00+00:00,400.549988,400.559998,400.110107,400.154999,54386
2026-08-18 16:50:00+00:00,400.160004,400.670013,400.100006,400.620087,62268
2026-08-18 16:55:00+00:00,400.619995,400.619995,400.130005,400.220001,58413
2026-08-18 17:00:00+00:00,400.190002,400.345093,400.160004,400.250000,33018
2026-08-18 17:05:00+00:00,400.239990,400.410004,400.239990,400.355011,26872
2026-08-18 17:10:00+00:00,400.369995,400.484985,400.265015,400.459991,103176
2026-08-18 17:15:00+00:00,400.470001,400.579987,400.130005,400.230011,96507
2026-08-18 17:20:00+00:00,400.237091,400.535004,400.222992,400.529999,44577
2026-08-18 17:25:00+00:00,400.549988,400.600006,400.209991,400.334991,35265
2026-08-18 17:30:00+00:00,400.309998,400.410004,399.959991,400.230011,87549
2026-08-18 17:35:00+00:00,400.220001,400.319397,399.910004,400.089996,75156
2026-08-18 17:40:00+00:00,400.079987,400.299988,399.739990,399.739990,53209
2026-08-18 17:45:00+00:00,399.718994,399.880005,399.554993,399.619995,36281
2026-08-18 17:50:00+00:00,399.645691,399.809998,399.645691,399.709991,42717
2026-08-18 17:55:00+00:00,399.709991,399.750000,399.529999,399.619995,65119
2026-08-18 18:00:00+00:00,399.649994,399.649994,399.160004,399.230011,87419
2026-08-18 18:05:00+00:00,399.250000,399.464996,399.200012,399.440002,54256
2026-08-18 18:10:00+00:00,399.459991,399.709991,399.220001,399.660004,44041
2026-08-18 18:15:00+00:00,399.690002,399.829987,399.600006,399.779999,42527
2026-08-18 18:20:00+00:00,399.799988,399.843506,399.480011,399.579987,15757
2026-08-18 18:25:00+00:00,399.559204,399.950012,399.529999,399.899994,15537
2026-08-18 18:30:00+00:00,399.894989,399.940002,399.700012,399.820007,180463
2026-08-18 18:35:00+00:00,399.799988,399.924988,399.714996,399.839996,50328
2026-08-18 18:40:00+00:00,399.799988,399.799988,399.250000,399.320007,40605
2026-08-18 18:45:00+00:00,399.329987,399.450012,399.200012,399.280304,31873
2026-08-18 18:50:00+00:00,399.309998,399.410004,399.309998,399.359985,18927
2026-08-18 18:55:00+00:00,399.363495,399.494995,399.325012,399.334991,38554
2026-08-18 19:00:00+00:00,399.351196,399.709991,399.320007,399.450012,84744
2026-08-18 19:05:00+00:00,399.489990,399.600006,399.399994,399.470001,19053
2026-08-18 19:10:00+00:00,399.429993,399.690002,399.390015,399.609985,27046
2026-08-18 19:15:00+00:00,399.589996,399.760010,399.320007,399.389099,59175
2026-08-18 19:20:00+00:00,399.390015,399.549988,399.230011,399.260010,31202
2026-08-18 19:25:00+00:00,399.255005,399.475006,399.200012,399.410004,122513
2026-08-18 19:30:00+00:00,399.380005,399.579987,399.279999,399.334991,54688
2026-08-18 19:35:00+00:00,399.350006,399.450012,399.299988,399.399994,28230
2026-08-18 19:40:00+00:00,399.420013,399.670013,398.920013,398.920013,143310
2026-08-18 19:45:00+00:00,398.920013,399.230011,398.339996,398.519989,183728
2026-08-18 19:50:00+00:00,398.524994,398.619995,398.179993,398.484985,248765
2026-08-18 19:55:00+00:00,398.470001,398.619995,397.869995,398.529999,425920
2026-08-19 13:30:00+00:00,408.809998,409.670013,408.524506,409.269989,1965611
2026-08-19 13:35:00+00:00,409.293610,409.293610,407.470001,408.700012,746486
2026-08-19 13:40:00+00:00,408.720001,409.529999,408.200012,409.170013,279879
2026-08-19 13:45:00+00:00,409.160004,409.289886,408.170013,408.200012,333648
2026-08-19 13:50:00+00:00,408.210114,408.774994,407.700012,408.489990,390696
2026-08-19 13:55:00+00:00,408.549988,409.390015,408.329987,409.029999,178881
2026-08-19 14:00:00+00:00,409.029999,409.290009,408.660004,409.140015,193322
2026-08-19 14:05:00+00:00,409.144989,410.230011,409.130005,410.200012,533014
2026-08-19 14:10:00+00:00,410.190002,410.554993,409.950012,410.388397,498513
2026-08-19 14:15:00+00:00,410.390015,410.799988,410.160004,410.160004,392682
2026-08-19 14:20:00+00:00,410.190002,410.970001,410.044189,410.829987,332783
2026-08-19 14:25:00+00:00,410.790009,411.665009,410.700012,411.480011,569264
2026-08-19 14:30:00+00:00,411.484985,411.959991,411.310608,411.619995,236622
2026-08-19 14:35:00+00:00,411.670013,412.000000,411.549988,411.790009,209021
2026-08-19 14:40:00+00:00,411.790009,412.630005,411.630005,411.850006,258067
2026-08-19 14:45:00+00:00,411.820007,411.822510,410.730011,410.829987,228977
2026-08-19 14:50:00+00:00,410.834991,411.529999,410.750000,411.450012,93888
2026-08-19 14:55:00+00:00,411.480011,411.809998,411.420013,411.695007,131139
2026-08-19 15:00:00+00:00,411.730011,411.730011,411.030090,411.390015,132713
2026-08-19 15:05:00+00:00,411.410004,411.609985,411.119995,411.119995,113562
2026-08-19 15:10:00+00:00,411.119995,411.630005,410.899994,411.450012,110205
2026-08-19 15:15:00+00:00,411.440002,411.600006,411.299988,411.519989,73653
2026-08-19 15:20:00+00:00,411.480011,411.660004,411.029999,411.029999,88730
2026-08-19 15:25:00+00:00,411.000000,411.339996,410.790009,411.269989,82101
2026-08-19 15:30:00+00:00,411.260010,411.500000,411.000000,411.355011,76726
2026-08-19 15:35:00+00:00,411.380005,411.689911,411.359985,411.589996,72277
2026-08-19 15:40:00+00:00,411.570007,412.040009,411.367493,411.880005,128589
2026-08-19 15:45:00+00:00,411.869995,412.239990,411.820007,411.899994,138356
2026-08-19 15:50:00+00:00,411.899994,412.119995,411.720001,411.959991,96427
2026-08-19 15:55:00+00:00,411.954803,412.190002,411.920013,412.184998,53958
2026-08-19 16:00:00+00:00,412.200012,412.529999,412.130005,412.170013,102417
2026-08-19 16:05:00+00:00,412.169891,412.510010,411.970001,412.459991,274567
2026-08-19 16:10:00+00:00,412.450104,412.670013,412.429993,412.559998,449712
2026-08-19 16:15:00+00:00,412.559998,412.700012,412.320099,412.320496,177679
2026-08-19 16:20:00+00:00,412.329987,412.470001,412.170013,412.299988,123921
2026-08-19 16:25:00+00:00,412.309998,412.359985,411.910004,411.959991,76710
2026-08-19 16:30:00+00:00,411.945007,412.369995,411.920013,412.355011,0
2026-08-19 16:35:00+00:00,412.369995,412.428986,412.075012,412.350006,102028
2026-08-19 16:40:00+00:00,412.359985,412.450012,412.220001,412.332001,228930
2026-08-19 16:45:00+00:00,412.350006,412.500000,412.200012,412.290009,163121
2026-08-19 16:50:00+00:00,412.290009,412.559998,412.239990,412.286804,95842
2026-08-19 16:55:00+00:00,412.279999,412.359985,412.174988,412.174988,211520
2026-08-19 17:00:00+00:00,412.190002,412.670990,412.170013,412.470001,113515
2026-08-19 17:05:00+00:00,412.480011,412.529999,411.970001,412.170013,208162
2026-08-19 17:10:00+00:00,412.149994,412.214996,411.750000,412.089996,180529
2026-08-19 17:15:00+00:00,412.119995,412.119995,411.589996,411.790009,98208
2026-08-19 17:20:00+00:00,411.839996,411.929993,411.630005,411.819489,148102
2026-08-19 17:25:00+00:00,411.790009,411.800201,411.489990,411.670013,124870
2026-08-19 17:30:00+00:00,411.700012,411.764008,411.329987,411.670013,268850
2026-08-19 17:35:00+00:00,411.700012,411.890015,411.584991,411.739990,179505
2026-08-19 17:40:00+00:00,411.739990,412.029999,411.600006,411.730011,65919
2026-08-19 17:45:00+00:00,411.709991,411.799988,411.649994,411.709991,28772
2026-08-19 17:50:00+00:00,411.700012,411.760010,411.450012,411.519989,72735
2026-08-19 17:55:00+00:00,411.519989,411.549988,411.309998,411.549988,64692
2026-08-19 18:00:00+00:00,411.570007,412.386292,411.410004,412.358887,201125
2026-08-19 18:05:00+00:00,412.399994,412.409607,411.500000,411.730011,291195
2026-08-19 18:10:00+00:00,411.730011,411.850006,411.500000,411.600006,51648
2026-08-19 18:15:00+00:00,411.630096,411.630096,411.134003,411.369995,59110
2026-08-19 18:20:00+00:00,411.390015,411.390015,411.010010,411.045013,55256
2026-08-19 18:25:00+00:00,411.049988,411.089996,410.230011,410.489990,209809
2026-08-19 18:30:00+00:00,410.500000,411.059998,410.160004,411.000000,273634
2026-08-19 18:35:00+00:00,411.019989,411.359985,410.829987,411.309998,129280
2026-08-19 18:40:00+00:00,411.320007,411.989990,411.269989,411.880005,152456
2026-08-19 18:45:00+00:00,411.880005,412.015015,411.790009,411.989990,51713
2026-08-19 18:50:00+00:00,411.994995,412.470001,411.892487,412.220001,118357
2026-08-19 18:55:00+00:00,412.260010,412.410004,412.230011,412.329987,60915
2026-08-19 19:00:00+00:00,412.339996,412.625000,412.260010,412.500000,204781
2026-08-19 19:05:00+00:00,412.500000,413.279999,412.341614,413.230011,198785
2026-08-19 19:10:00+00:00,413.230011,413.299988,412.959991,413.065002,109170
2026-08-19 19:15:00+00:00,413.054993,413.359985,413.049988,413.190002,108563
2026-08-19 19:20:00+00:00,413.160004,413.269989,413.015015,413.269989,61308
2026-08-19 19:25:00+00:00,413.250000,413.470001,413.079987,413.424988,94969
2026-08-19 19:30:00+00:00,413.449890,413.760010,413.320007,413.640015,132812
2026-08-19 19:35:00+00:00,413.640015,413.695007,413.109985,413.304993,115334
2026-08-19 19:40:00+00:00,413.300110,413.489990,412.959991,413.440002,186999
2026-08-19 19:45:00+00:00,413.420013,413.829987,413.279999,413.809998,289707
2026-08-19 19:50:00+00:00,413.790009,413.890015,413.540009,413.839996,350161
2026-08-19 19:55:00+00:00,413.820007,414.000000,413.549988,413.880005,572979
2026-08-20 13:30:00+00:00,410.079987,410.549988,409.820007,410.429993,985739
2026-08-20 13:35:00+00:00,410.450012,411.454987,410.320007,411.170013,368108
2026-08-20 13:40:00+00:00,411.200012,411.559998,410.619995,411.459991,180577
2026-08-20 13:45:00+00:00,411.470001,411.700012,410.850006,411.029999,146449
2026-08-20 13:50:00+00:00,411.029999,411.403015,410.890015,411.334991,91679
2026-08-20 13:55:00+00:00,411.339996,411.410004,410.690002,410.929993,317714
2026-08-20 14:00:00+00:00,410.940002,411.799988,410.934998,411.130005,122568
2026-08-20 14:05:00+00:00,411.109985,411.429993,410.350006,411.269989,569293
2026-08-20 14:10:00+00:00,411.250000,411.635010,411.100006,411.220001,182211
2026-08-20 14:15:00+00:00,411.234985,411.640015,410.959991,410.980011,216053
2026-08-20 14:20:00+00:00,410.980011,412.059998,410.940002,411.779999,222519
2026-08-20 14:25:00+00:00,411.739990,411.970001,411.369995,411.850006,176964
2026-08-20 14:30:00+00:00,411.834991,412.385010,411.834991,412.100006,131874
2026-08-20 14:35:00+00:00,412.140015,412.720001,412.019989,412.269989,154047
2026-08-20 14:40:00+00:00,412.279999,412.750000,412.059998,412.579987,125420
2026-08-20 14:45:00+00:00,412.579987,413.450012,412.510010,413.393188,150770
2026-08-20 14:50:00+00:00,413.369995,413.609985,413.059998,413.600006,275321
2026-08-20 14:55:00+00:00,413.559998,414.160004,413.510010,414.109985,165006
2026-08-20 15:00:00+00:00,414.140015,416.049988,414.049988,415.959991,673169
2026-08-20 15:05:00+00:00,415.910004,416.040009,414.640015,414.929993,1158038
2026-08-20 15:10:00+00:00,414.890015,416.279999,414.600006,415.920013,350462
2026-08-20 15:15:00+00:00,415.920013,416.450012,415.440002,416.309998,456872
2026-08-20 15:20:00+00:00,416.299988,416.450012,414.795013,415.123993,425953
2026-08-20 15:25:00+00:00,415.100006,415.799988,414.980011,415.640015,223257
2026-08-20 15:30:00+00:00,415.679993,415.790009,414.709991,414.820007,228685
2026-08-20 15:35:00+00:00,414.820007,415.079987,414.230011,414.369995,238626
2026-08-20 15:40:00+00:00,414.390015,414.480011,413.420013,413.739990,210796
2026-08-20 15:45:00+00:00,413.739990,414.649994,413.679993,414.570007,233455
2026-08-20 15:50:00+00:00,414.549988,414.690002,414.140015,414.429993,168457
2026-08-20 15:55:00+00:00,414.459991,414.910004,414.269989,414.670013,201420
2026-08-20 16:00:00+00:00,414.700012,414.980011,414.454987,414.510010,67668
2026-08-20 16:05:00+00:00,414.500000,414.714996,414.424988,414.510010,48959
2026-08-20 16:10:00+00:00,414.529999,414.559998,413.609985,413.690002,121690
2026-08-20 16:15:00+00:00,413.679993,413.829987,413.410004,413.760010,165283
2026-08-20 16:20:00+00:00,413.769989,413.820007,413.489990,413.739990,88203
2026-08-20 16:25:00+00:00,413.714996,413.714996,413.130005,413.472809,92764
2026-08-20 16:30:00+00:00,413.489990,413.540009,412.869995,413.489990,113121
2026-08-20 16:35:00+00:00,413.500000,413.829987,413.339996,413.350006,68186
2026-08-20 16:40:00+00:00,413.334991,413.589996,413.329987,413.480011,97651
2026-08-20 16:45:00+00:00,413.470001,413.779999,413.320007,413.750000,89548
2026-08-20 16:50:00+00:00,413.750000,413.890015,413.420013,413.500000,191443
2026-08-20 16:55:00+00:00,413.494995,413.630890,413.339996,413.529999,68337
2026-08-20 17:00:00+00:00,413.549988,413.934998,413.540009,413.709991,24912
2026-08-20 17:05:00+00:00,413.725006,413.730011,413.369995,413.540009,28761
2026-08-20 17:10:00+00:00,413.549988,413.626892,413.364990,413.510010,30075
2026-08-20 17:15:00+00:00,413.480011,413.677795,413.380005,413.429993,26679
2026-08-20 17:20:00+00:00,413.459991,413.940002,413.420013,413.670013,89976
2026-08-20 17:25:00+00:00,413.660004,414.135010,413.470001,413.834991,89503
2026-08-20 17:30:00+00:00,413.850006,414.329987,413.635010,414.309998,46893
2026-08-20 17:35:00+00:00,414.299988,414.355011,414.119995,414.190002,317001
2026-08-20 17:40:00+00:00,414.170013,414.359985,414.160004,414.325104,47686
2026-08-20 17:45:00+00:00,414.320007,414.529907,414.247406,414.429993,80519
2026-08-20 17:50:00+00:00,414.429993,414.509888,414.250000,414.359985,88350
2026-08-20 17:55:00+00:00,414.369995,414.540009,414.322906,414.429993,41329
2026-08-20 18:00:00+00:00,414.484009,414.704987,414.334991,414.649994,33130
2026-08-20 18:05:00+00:00,414.674988,414.704987,414.010010,414.154999,60794
2026-08-20 18:10:00+00:00,414.100006,414.109741,413.500000,413.630005,80753
2026-08-20 18:15:00+00:00,413.630005,414.179993,413.399994,414.134796,172566
2026-08-20 18:20:00+00:00,414.109985,414.299988,414.040009,414.170013,51819
2026-08-20 18:25:00+00:00,414.190002,414.506409,414.190002,414.424011,31868
2026-08-20 18:30:00+00:00,414.385010,414.619995,414.369995,414.440002,39906
2026-08-20 18:35:00+00:00,414.399994,414.825012,414.390015,414.630005,62083
2026-08-20 18:40:00+00:00,414.625000,414.690002,414.480011,414.529999,81178
2026-08-20 18:45:00+00:00,414.535004,414.640015,414.329987,414.640015,68842
2026-08-20 18:50:00+00:00,414.640015,414.989990,414.609985,414.910004,87465
2026-08-20 18:55:00+00:00,414.940002,414.970001,414.630005,414.680115,66758
2026-08-20 19:00:00+00:00,414.684998,414.720001,414.320007,414.657501,52905
2026-08-20 19:05:00+00:00,414.649994,415.057312,414.630005,415.035004,75593
2026-08-20 19:10:00+00:00,415.054993,415.260010,414.899994,415.208588,50798
2026-08-20 19:15:00+00:00,415.204987,415.369995,415.019989,415.040009,77756
2026-08-20 19:20:00+00:00,415.040009,415.260010,414.869995,415.140015,80556
2026-08-20 19:25:00+00:00,415.130005,415.200012,414.737396,414.760010,88215
2026-08-20 19:30:00+00:00,414.730011,414.919403,414.674988,414.869995,74328
2026-08-20 19:35:00+00:00,414.850098,415.369995,414.769989,415.345001,81041
2026-08-20 19:40:00+00:00,415.325012,415.339996,415.045013,415.045013,184323
2026-08-20 19:45:00+00:00,415.040009,415.420013,414.925812,415.299988,153572
2026-08-20 19:50:00+00:00,415.269989,415.589996,415.226807,415.480011,169776
2026-08-20 19:55:00+00:00,415.484985,415.529999,415.089996,415.260010,392429
2026-08-21 13:30:00+00:00,420.529999,420.709991,419.459991,419.500000,1344057
2026-08-21 13:35:00+00:00,419.489990,421.089996,419.420013,420.774994,197391
2026-08-21 13:40:00+00:00,420.739990,421.059998,420.489990,420.850006,133366
2026-08-21 13:45:00+00:00,420.779999,421.239990,420.470001,420.959991,143254
2026-08-21 13:50:00+00:00,420.959991,421.089996,419.750000,420.159912,217447
2026-08-21 13:55:00+00:00,420.154999,420.579987,420.059998,420.125000,113312
2026-08-21 14:00:00+00:00,420.125000,420.875000,420.019989,420.855011,196898
2026-08-21 14:05:00+00:00,420.872498,421.079987,420.369995,420.779999,177548
2026-08-21 14:10:00+00:00,420.750000,421.019989,420.570007,420.989990,295170
2026-08-21 14:15:00+00:00,421.000000,421.119995,420.689240,421.045013,303442
2026-08-21 14:20:00+00:00,421.049500,421.789886,420.989990,421.700012,420961
2026-08-21 14:25:00+00:00,421.739990,422.239899,421.720001,422.239899,275285
2026-08-21 14:30:00+00:00,422.214996,422.269989,420.980011,421.029999,167213
2026-08-21 14:35:00+00:00,421.000000,421.279999,420.200012,420.295013,250800
2026-08-21 14:40:00+00:00,420.304993,421.000000,420.149994,420.345001,194136
2026-08-21 14:45:00+00:00,420.420013,421.200012,420.199890,421.170013,209536
2026-08-21 14:50:00+00:00,421.174988,421.480011,420.890015,420.950012,132337
2026-08-21 14:55:00+00:00,420.981995,421.250000,420.470001,421.179993,50262
2026-08-21 15:00:00+00:00,421.160004,421.420013,420.760010,421.299988,94978
2026-08-21 15:05:00+00:00,421.339996,421.760010,421.179993,421.368103,190731
2026-08-21 15:10:00+00:00,421.390015,421.700012,421.345001,421.440094,122616
2026-08-21 15:15:00+00:00,421.445007,421.815002,421.445007,421.640015,78924
2026-08-21 15:20:00+00:00,421.700012,422.149994,421.500092,422.119995,105991
2026-08-21 15:25:00+00:00,422.130005,422.619995,421.929993,422.250000,181733
2026-08-21 15:30:00+00:00,422.244995,422.489990,421.890015,422.458710,919825
2026-08-21 15:35:00+00:00,422.489990,422.670013,422.366211,422.535004,99705
2026-08-21 15:40:00+00:00,422.553497,422.899994,422.440002,422.820007,124477
2026-08-21 15:45:00+00:00,422.815002,422.959991,422.570007,422.640015,138326
2026-08-21 15:50:00+00:00,422.679993,423.309998,422.614990,423.200012,232254
2026-08-21 15:55:00+00:00,423.209991,423.359985,422.940002,423.279999,170266
2026-08-21 16:00:00+00:00,423.290009,423.570007,423.149994,423.500000,142298
2026-08-21 16:05:00+00:00,423.500000,423.519989,422.766907,422.820099,185657
2026-08-21 16:10:00+00:00,422.880005,423.380005,422.880005,423.279907,60979
2026-08-21 16:15:00+00:00,423.250000,423.410004,423.209991,423.220001,127508
2026-08-21 16:20:00+00:00,423.230011,423.799988,422.950012,423.139709,142012
2026-08-21 16:25:00+00:00,423.109985,423.250000,422.839996,423.184998,158162
2026-08-21 16:30:00+00:00,423.200012,423.369995,423.000000,423.325012,102539
2026-08-21 16:35:00+00:00,423.299988,423.820007,423.260010,423.654999,100896
2026-08-21 16:40:00+00:00,423.670013,423.959991,423.519989,423.914001,100825
2026-08-21 16:45:00+00:00,423.910004,424.209991,423.874908,424.130005,164138
2026-08-21 16:50:00+00:00,424.170013,424.440002,424.100006,424.435486,108516
2026-08-21 16:55:00+00:00,424.429993,424.619995,424.309998,424.570007,182402
2026-08-21 17:00:00+00:00,424.570007,424.750000,424.380005,424.450012,152865
2026-08-21 17:05:00+00:00,424.464996,424.890015,424.339996,424.790009,147403
2026-08-21 17:10:00+00:00,424.779999,424.839996,423.921387,424.119995,124512
2026-08-21 17:15:00+00:00,424.109985,424.309998,423.940002,424.059998,96447
2026-08-21 17:20:00+00:00,424.035004,424.209991,423.339996,423.609985,263717
2026-08-21 17:25:00+00:00,423.609985,424.190002,423.359985,423.984985,168860
2026-08-21 17:30:00+00:00,423.970001,423.989990,423.720001,423.839996,40768
2026-08-21 17:35:00+00:00,423.859985,424.190002,423.859985,424.035004,644270
2026-08-21 17:40:00+00:00,424.029999,424.209991,423.630005,423.679993,72965
2026-08-21 17:45:00+00:00,423.640015,423.750000,423.480011,423.670013,42494
2026-08-21 17:50:00+00:00,423.660004,423.975006,423.590088,423.730011,43790
2026-08-21 17:55:00+00:00,423.720001,423.925507,423.681396,423.820007,84316
2026-08-21 18:00:00+00:00,423.839996,424.339996,423.769989,424.321014,98944
2026-08-21 18:05:00+00:00,424.350006,424.470001,424.170013,424.320709,48035
2026-08-21 18:10:00+00:00,424.299988,424.349915,424.049988,424.149994,73343
2026-08-21 18:15:00+00:00,424.154999,424.380005,424.154999,424.369995,39046
2026-08-21 18:20:00+00:00,424.369995,424.470001,424.269989,424.369995,36709
2026-08-21 18:25:00+00:00,424.380005,424.470001,424.170013,424.260010,60832
2026-08-21 18:30:00+00:00,424.214996,424.260010,423.769989,423.989990,65538
2026-08-21 18:35:00+00:00,423.975006,424.049988,423.730011,423.739990,108063
2026-08-21 18:40:00+00:00,423.750000,423.920013,423.750000,423.850006,84222
2026-08-21 18:45:00+00:00,423.850006,424.320007,423.839996,424.190002,100517
2026-08-21 18:50:00+00:00,424.209991,424.239990,424.049988,424.220001,68320
2026-08-21 18:55:00+00:00,424.209991,424.220001,424.070007,424.174988,76524
2026-08-21 19:00:00+00:00,424.190002,424.290009,423.910004,423.980011,108526
2026-08-21 19:05:00+00:00,423.959991,423.980011,423.609985,423.873688,89715
2026-08-21 19:10:00+00:00,423.880005,424.100006,423.820007,424.000000,81694
2026-08-21 19:15:00+00:00,424.019989,424.029999,423.779999,424.010010,88401
2026-08-21 19:20:00+00:00,424.000000,424.079987,423.950012,424.010010,105354
2026-08-21 19:25:00+00:00,423.980011,424.056000,423.579987,423.589996,105410
2026-08-21 19:30:00+00:00,423.600006,423.739990,423.459991,423.459991,112370
2026-08-21 19:35:00+00:00,423.489990,423.609985,423.359985,423.559998,138654
2026-08-21 19:40:00+00:00,423.570007,423.739990,423.549988,423.600006,138222
2026-08-21 19:45:00+00:00,423.579987,424.059998,423.523987,424.029999,217491
2026-08-21 19:50:00+00:00,424.010010,424.119995,423.850006,424.035004,397305
2026-08-21 19:55:00+00:00,424.029999,424.035004,423.230011,423.380005,788038
2026-08-24 13:30:00+00:00,428.549988,429.299988,428.350006,429.260010,1766792
2026-08-24 13:35:00+00:00,429.266998,429.420013,428.059998,428.070007,595446
2026-08-24 13:40:00+00:00,428.089996,428.760010,427.290009,427.290009,349471
2026-08-24 13:45:00+00:00,427.269989,429.079987,427.040009,428.660004,346018
2026-08-24 13:50:00+00:00,428.660004,428.869995,427.209991,428.000000,3636506
2026-08-24 13:55:00+00:00,428.040009,428.229889,427.364990,427.850006,637284
2026-08-24 14:00:00+00:00,427.829987,428.130005,427.431000,427.660004,274895
2026-08-24 14:05:00+00:00,427.690002,428.399994,427.609985,428.399994,156466
2026-08-24 14:10:00+00:00,428.399994,428.563690,427.630005,427.963287,253334
2026-08-24 14:15:00+00:00,427.954987,428.035004,426.670105,427.910004,285358
2026-08-24 14:20:00+00:00,427.929993,428.359894,427.859985,428.019989,177778
2026-08-24 14:25:00+00:00,427.975006,428.799988,427.959991,428.500000,165544
2026-08-24 14:30:00+00:00,428.540009,429.019989,428.410004,428.969513,97382
2026-08-24 14:35:00+00:00,428.969513,429.140015,428.760010,428.809998,132960
2026-08-24 14:40:00+00:00,428.864990,429.070007,428.309998,428.489990,294864
2026-08-24 14:45:00+00:00,428.515015,428.649902,427.864990,427.904999,158383
2026-08-24 14:50:00+00:00,427.989990,428.220001,427.130005,428.220001,360631
2026-08-24 14:55:00+00:00,428.218597,428.860107,428.070007,428.429993,167989
2026-08-24 15:00:00+00:00,428.420013,428.959991,427.899994,428.859985,378455
2026-08-24 15:05:00+00:00,428.880005,428.950012,428.630005,428.670013,335571
2026-08-24 15:10:00+00:00,428.699890,428.790009,428.445007,428.625000,85411
2026-08-24 15:15:00+00:00,428.630005,428.690002,428.334991,428.609985,172305
2026-08-24 15:20:00+00:00,428.640015,428.670013,428.170013,428.320099,118898
2026-08-24 15:25:00+00:00,428.339996,429.239990,428.290009,428.869995,194439
2026-08-24 15:30:00+00:00,428.890015,429.040009,428.345001,428.545013,150930
2026-08-24 15:35:00+00:00,428.559998,428.760010,428.079987,428.179993,77072
2026-08-24 15:40:00+00:00,428.220001,428.220001,427.310089,427.459991,113165
2026-08-24 15:45:00+00:00,427.410004,427.679993,426.030396,426.198303,246470
2026-08-24 15:50:00+00:00,426.170013,426.970001,426.160004,426.769989,110109
2026-08-24 15:55:00+00:00,426.750000,426.750000,425.540009,426.390015,249866
2026-08-24 16:00:00+00:00,426.410004,427.545013,426.130005,427.265015,180230
2026-08-24 16:05:00+00:00,427.250000,427.510010,426.850006,426.859985,65371
2026-08-24 16:10:00+00:00,426.869995,427.200012,426.815002,427.170013,48230
2026-08-24 16:15:00+00:00,427.160004,427.470001,427.049988,427.296295,54028
2026-08-24 16:20:00+00:00,427.220001,427.309998,427.000000,427.029999,44284
2026-08-24 16:25:00+00:00,427.049988,427.320007,427.000000,427.295013,275302
2026-08-24 16:30:00+00:00,427.309998,427.500000,427.299988,427.410004,34094
2026-08-24 16:35:00+00:00,427.429993,427.589996,427.320007,427.375000,39765
2026-08-24 16:40:00+00:00,427.350006,427.500000,427.089996,427.329987,128596
2026-08-24 16:45:00+00:00,427.359985,427.359985,426.959991,427.140015,67751
2026-08-24 16:50:00+00:00,427.149994,427.160004,426.549988,426.660004,94686
2026-08-24 16:55:00+00:00,426.670013,426.670013,425.660004,425.970001,157142
2026-08-24 17:00:00+00:00,426.010010,426.230011,425.649994,426.059998,139708
2026-08-24 17:05:00+00:00,426.105011,426.970001,425.899994,426.709991,135516
2026-08-24 17:10:00+00:00,426.690002,426.899994,426.437988,426.619995,147696
2026-08-24 17:15:00+00:00,426.670013,426.920013,426.309998,426.350006,154166
2026-08-24 17:20:00+00:00,426.339996,426.339996,424.640015,425.269989,473940
2026-08-24 17:25:00+00:00,425.279999,426.059998,424.940002,425.399994,149923
2026-08-24 17:30:00+00:00,425.434998,425.700012,425.186005,425.339996,102187
2026-08-24 17:35:00+00:00,425.309998,425.864990,425.260010,425.695007,139987
2026-08-24 17:40:00+00:00,425.700012,425.799988,425.270111,425.429993,73724
2026-08-24 17:45:00+00:00,425.429993,425.489990,424.959991,424.970001,91212
2026-08-24 17:50:00+00:00,424.970001,425.480011,424.839996,425.059998,107059
2026-08-24 17:55:00+00:00,425.035004,425.339996,424.934998,425.260010,65717
2026-08-24 18:00:00+00:00,425.260010,425.670013,425.140015,425.579987,80840
2026-08-24 18:05:00+00:00,425.559998,425.609985,424.220001,424.859985,186047
2026-08-24 18:10:00+00:00,424.880005,425.125000,424.660004,424.869995,126605
2026-08-24 18:15:00+00:00,424.899994,425.070007,424.399994,424.489990,98825
2026-08-24 18:20:00+00:00,424.489990,425.299988,424.380005,425.230011,147802
2026-08-24 18:25:00+00:00,425.239990,425.790009,425.239990,425.653198,92554
2026-08-24 18:30:00+00:00,425.700012,425.760010,424.845001,424.894989,77209
2026-08-24 18:35:00+00:00,424.890015,424.989990,424.200012,424.714996,122673
2026-08-24 18:40:00+00:00,424.739990,425.214996,424.730011,425.160004,81436
2026-08-24 18:45:00+00:00,425.149994,425.190002,424.815002,425.000000,68961
2026-08-24 18:50:00+00:00,424.989990,425.190002,424.970001,425.029999,42289
2026-08-24 18:55:00+00:00,425.040009,425.369995,425.040009,425.286194,55241
2026-08-24 19:00:00+00:00,425.250000,425.669891,425.250000,425.510010,78338
2026-08-24 19:05:00+00:00,425.510010,425.665009,425.279999,425.464996,63562
2026-08-24 19:10:00+00:00,425.480011,425.500000,425.230011,425.250000,108555
2026-08-24 19:15:00+00:00,425.285004,425.890015,425.234985,425.890015,96472
2026-08-24 19:20:00+00:00,425.869995,426.059998,425.720001,425.809998,108201
2026-08-24 19:25:00+00:00,425.859985,425.880005,425.600006,425.760010,36341
2026-08-24 19:30:00+00:00,425.718994,425.839996,425.630005,425.688995,65383
2026-08-24 19:35:00+00:00,425.700012,426.190002,425.670013,426.029999,132700
2026-08-24 19:40:00+00:00,426.054993,426.609985,426.029999,426.529999,133394
2026-08-24 19:45:00+00:00,426.529999,427.000000,426.510010,426.980011,225686
2026-08-24 19:50:00+00:00,426.980011,427.089996,426.640015,426.790009,353420
2026-08-24 19:55:00+00:00,426.779999,426.899994,426.519989,426.730011,422926
2026-08-25 13:30:00+00:00,422.774994,424.049988,422.720001,423.899994,767534
2026-08-25 13:35:00+00:00,423.899994,423.904999,422.780396,423.369995,181477
2026-08-25 13:40:00+00:00,423.359985,423.869995,422.899994,423.049988,236881
2026-08-25 13:45:00+00:00,423.079987,423.269501,422.329987,422.500000,183337
2026-08-25 13:50:00+00:00,422.480011,422.980011,422.385010,422.549896,266814
2026-08-25 13:55:00+00:00,422.529999,423.454987,422.350006,423.369995,150363
2026-08-25 14:00:00+00:00,423.359985,423.829987,423.140015,423.589996,230725
2026-08-25 14:05:00+00:00,423.600006,424.149994,423.529999,423.989990,114965
2026-08-25 14:10:00+00:00,423.989990,424.329987,423.859985,423.970001,107894
2026-08-25 14:15:00+00:00,423.980011,424.119995,423.630005,423.630005,171742
2026-08-25 14:20:00+00:00,423.640015,424.250000,423.559998,424.249908,108901
2026-08-25 14:25:00+00:00,424.230011,424.489990,424.029999,424.059998,110040
2026-08-25 14:30:00+00:00,424.059998,424.779999,423.000000,424.589996,1081775
2026-08-25 14:35:00+00:00,424.619995,425.350006,424.589996,425.290009,283864
2026-08-25 14:40:00+00:00,425.269989,425.410004,424.762512,425.320007,229452
2026-08-25 14:45:00+00:00,425.299988,425.589996,425.130005,425.260010,75354
2026-08-25 14:50:00+00:00,425.299988,425.399994,424.899994,425.140015,63637
2026-08-25 14:55:00+00:00,425.149994,425.320007,424.940002,425.160004,87998
2026-08-25 15:00:00+00:00,425.170013,425.348907,424.750000,424.850006,82030
2026-08-25 15:05:00+00:00,424.850006,425.019012,424.690002,424.890015,102078
2026-08-25 15:10:00+00:00,424.880005,425.147614,424.769989,424.980011,79864
2026-08-25 15:15:00+00:00,424.970001,425.539886,424.600006,425.480011,207978
2026-08-25 15:20:00+00:00,425.470001,426.029999,425.459991,425.648010,199753
2026-08-25 15:25:00+00:00,425.640015,425.880005,425.290009,425.630005,129255
2026-08-25 15:30:00+00:00,425.570007,426.589996,425.570007,426.350006,220386
2026-08-25 15:35:00+00:00,426.329987,427.239990,426.320007,427.040009,276078
2026-08-25 15:40:00+00:00,427.035004,427.379913,426.880005,427.070007,104972
2026-08-25 15:45:00+00:00,427.079987,427.170013,426.549988,426.614990,175498
2026-08-25 15:50:00+00:00,426.630005,426.695007,426.359985,426.539886,180790
2026-08-25 15:55:00+00:00,426.549988,426.839996,426.359985,426.739990,98870
2026-08-25 16:00:00+00:00,426.779999,426.825012,426.290009,426.329987,568125
2026-08-25 16:05:00+00:00,426.329987,426.410004,426.000000,426.000000,85470
2026-08-25 16:10:00+00:00,426.000000,426.119995,425.809998,426.019989,111303
2026-08-25 16:15:00+00:00,426.010010,426.260010,425.750000,425.850006,627958
2026-08-25 16:20:00+00:00,425.839996,425.869995,425.339996,425.559509,207761
2026-08-25 16:25:00+00:00,425.579987,425.769989,425.470001,425.595001,437417
2026-08-25 16:30:00+00:00,425.589996,425.739990,425.369995,425.410004,179440
2026-08-25 16:35:00+00:00,425.399994,426.040009,425.290009,425.920105,112691
2026-08-25 16:40:00+00:00,425.920013,425.989990,425.790009,425.899994,162784
2026-08-25 16:45:00+00:00,425.869995,426.079498,425.690002,425.994995,117121
2026-08-25 16:50:00+00:00,426.029907,426.100006,425.880005,425.880005,73325
2026-08-25 16:55:00+00:00,425.880005,426.010010,425.570007,425.839996,66347
2026-08-25 17:00:00+00:00,425.880005,425.880005,425.375000,425.549988,71725
2026-08-25 17:05:00+00:00,425.540009,425.559998,425.049988,425.174988,42865
2026-08-25 17:10:00+00:00,425.170013,425.500000,424.980011,425.339996,56662
2026-08-25 17:15:00+00:00,425.329987,425.798401,425.000000,425.785004,94637
2026-08-25 17:20:00+00:00,425.769989,425.980011,425.320007,425.439911,117170
2026-08-25 17:25:00+00:00,425.420013,425.609985,425.170013,425.230011,40484
2026-08-25 17:30:00+00:00,425.279999,425.489990,425.200012,425.359985,39404
2026-08-25 17:35:00+00:00,425.364990,425.829987,425.364990,425.768005,80301
2026-08-25 17:40:00+00:00,425.769989,425.920013,425.678558,425.799988,60291
2026-08-25 17:45:00+00:00,425.809998,426.144989,425.799988,426.084991,35334
2026-08-25 17:50:00+00:00,426.100006,426.114990,425.777496,426.010010,183127
2026-08-25 17:55:00+00:00,425.989990,426.315002,425.980011,426.309998,39463
2026-08-25 18:00:00+00:00,426.325012,426.325012,425.964996,425.975006,47154
2026-08-25 18:05:00+00:00,425.980011,426.239990,425.920013,426.148010,20564
2026-08-25 18:10:00+00:00,426.149994,426.489990,426.095001,426.220001,45437
2026-08-25 18:15:00+00:00,426.209991,426.390015,426.127991,426.359985,27175
2026-08-25 18:20:00+00:00,426.351013,426.440002,426.290009,426.359985,21509
2026-08-25 18:25:00+00:00,426.399994,426.510010,426.359985,426.480011,28112
2026-08-25 18:30:00+00:00,426.480011,426.480011,426.100006,426.229889,51807
2026-08-25 18:35:00+00:00,426.239990,426.299988,426.079010,426.260010,40674
2026-08-25 18:40:00+00:00,426.260010,426.489990,426.244995,426.380096,29923
2026-08-25 18:45:00+00:00,426.404999,426.660004,426.390015,426.589996,30212
2026-08-25 18:50:00+00:00,426.570007,426.589996,426.449188,426.549988,18355
2026-08-25 18:55:00+00:00,426.540009,426.920013,426.510101,426.860199,81358
2026-08-25 19:00:00+00:00,426.859985,427.161011,426.765015,426.829987,111507
2026-08-25 19:05:00+00:00,426.809998,427.390015,426.790009,427.285004,158421
2026-08-25 19:10:00+00:00,427.279999,427.640015,427.239990,427.559998,161623
2026-08-25 19:15:00+00:00,427.579987,428.101013,427.540009,428.000000,139174
2026-08-25 19:20:00+00:00,428.000000,428.029999,427.649994,427.750000,84754
2026-08-25 19:25:00+00:00,427.730011,427.730011,427.350006,427.480011,101352
2026-08-25 19:30:00+00:00,427.510010,427.575500,427.279999,427.299988,165763
2026-08-25 19:35:00+00:00,427.312500,427.420013,427.220001,427.350006,78567
2026-08-25 19:40:00+00:00,427.350189,427.869995,427.339996,427.609985,88833
2026-08-25 19:45:00+00:00,427.609985,427.850006,427.420013,427.825012,103208
2026-08-25 19:50:00+00:00,427.820007,428.089996,427.589996,427.880096,242501
2026-08-25 19:55:00+00:00,427.885010,428.130005,427.519989,428.100006,289151
2026-08-26 13:30:00+00:00,423.000000,423.640015,422.829987,423.390015,746202
2026-08-26 13:35:00+00:00,423.440002,423.500000,423.070007,423.130005,113442
2026-08-26 13:40:00+00:00,423.142609,424.059998,422.959991,423.734985,225353
2026-08-26 13:45:00+00:00,423.700012,424.299988,423.609985,424.290009,321623
2026-08-26 13:50:00+00:00,424.279999,424.579987,424.000000,424.095001,233468
2026-08-26 13:55:00+00:00,424.119995,424.820007,424.109985,424.779999,156016
2026-08-26 14:00:00+00:00,424.799988,424.950012,423.959991,424.135010,139524
2026-08-26 14:05:00+00:00,424.149994,424.290009,423.799988,423.980011,116694
2026-08-26 14:10:00+00:00,423.959991,424.350006,423.649994,423.720001,105192
2026-08-26 14:15:00+00:00,423.739990,424.100006,423.640015,423.959991,133354
2026-08-26 14:20:00+00:00,423.989990,424.299988,423.614990,423.809998,96146
2026-08-26 14:25:00+00:00,423.820007,423.829987,423.320007,423.390015,97611
2026-08-26 14:30:00+00:00,423.359985,423.679993,423.239990,423.589996,155039
2026-08-26 14:35:00+00:00,423.549011,423.589996,423.089996,423.450012,113007
2026-08-26 14:40:00+00:00,423.464996,423.980011,423.464996,423.899994,37617
2026-08-26 14:45:00+00:00,423.920013,423.959991,422.970001,423.070007,131203
2026-08-26 14:50:00+00:00,423.000000,423.170013,422.489990,422.639893,114386
2026-08-26 14:55:00+00:00,422.640015,423.040009,422.160004,422.179993,116446
2026-08-26 15:00:00+00:00,422.149994,422.380005,421.269989,421.730011,314527
2026-08-26 15:05:00+00:00,421.730011,421.730011,420.760010,421.681213,233777
2026-08-26 15:10:00+00:00,421.665009,421.859985,420.809998,420.869995,290857
2026-08-26 15:15:00+00:00,420.875000,421.339996,420.309998,421.019989,203187
2026-08-26 15:20:00+00:00,420.980011,421.339996,420.829987,421.119995,575650
2026-08-26 15:25:00+00:00,421.119995,421.739990,421.000000,421.429993,143371
2026-08-26 15:30:00+00:00,421.399994,421.700012,421.390015,421.700012,136402
2026-08-26 15:35:00+00:00,421.713287,421.999786,421.630005,421.999786,83162
2026-08-26 15:40:00+00:00,421.994995,422.309998,421.890015,422.299988,99390
2026-08-26 15:45:00+00:00,422.309998,422.696808,422.269989,422.619995,76375
2026-08-26 15:50:00+00:00,422.630005,422.640015,421.734985,421.920013,81640
2026-08-26 15:55:00+00:00,421.890015,422.200012,421.510010,421.529999,86808
2026-08-26 16:00:00+00:00,421.500000,421.790009,421.000000,421.630005,109629
2026-08-26 16:05:00+00:00,421.635010,422.079987,421.600006,421.899994,189587
2026-08-26 16:10:00+00:00,421.875000,421.920013,421.619995,421.920013,97215
2026-08-26 16:15:00+00:00,421.899994,421.940002,421.609985,421.820007,61556
2026-08-26 16:20:00+00:00,421.809998,421.875000,421.369995,421.510010,40706
2026-08-26 16:25:00+00:00,421.559998,421.635010,421.380005,421.447205,42012
2026-08-26 16:30:00+00:00,421.454987,421.559998,421.260010,421.380005,70589
2026-08-26 16:35:00+00:00,421.339996,421.470001,420.700012,420.730011,163158
2026-08-26 16:40:00+00:00,420.739990,421.109985,420.589996,420.790985,44828
2026-08-26 16:45:00+00:00,420.829987,421.399994,420.820007,421.399994,19720
2026-08-26 16:50:00+00:00,421.427612,421.609985,420.880005,420.950012,28503
2026-08-26 16:55:00+00:00,420.899994,421.157806,420.850006,421.100006,77674
2026-08-26 17:00:00+00:00,421.140015,421.339996,421.089996,421.279999,40910
2026-08-26 17:05:00+00:00,421.269989,421.540009,421.010010,421.339996,38290
2026-08-26 17:10:00+00:00,421.348206,421.450012,421.269989,421.420013,46603
2026-08-26 17:15:00+00:00,421.420013,421.510010,421.271210,421.510010,24271
2026-08-26 17:20:00+00:00,421.515015,421.779999,421.470001,421.568604,33000
2026-08-26 17:25:00+00:00,421.554993,421.750000,421.343689,421.649994,128031
2026-08-26 17:30:00+00:00,421.670013,422.075012,421.589996,421.981293,74035
2026-08-26 17:35:00+00:00,421.989990,422.000000,421.480011,421.600006,52052
2026-08-26 17:40:00+00:00,421.600006,421.799988,421.500000,421.600006,32298
2026-08-26 17:45:00+00:00,421.619995,421.765015,421.524109,421.709991,27968
2026-08-26 17:50:00+00:00,421.720001,421.790009,421.640015,421.660004,33740
2026-08-26 17:55:00+00:00,421.640015,421.690002,421.339996,421.660004,33850
2026-08-26 18:00:00+00:00,421.660004,422.179993,421.600006,422.149994,27895
2026-08-26 18:05:00+00:00,422.149994,422.320007,421.950012,422.089996,52256
2026-08-26 18:10:00+00:00,422.065002,422.220001,421.869995,421.899994,42426
2026-08-26 18:15:00+00:00,421.920013,421.940002,421.450012,421.470001,156111
2026-08-26 18:20:00+00:00,421.484985,421.489990,421.230011,421.339996,64670
2026-08-26 18:25:00+00:00,421.369995,421.450012,421.260010,421.429901,54084
2026-08-26 18:30:00+00:00,421.410004,421.489990,421.270996,421.290009,36678
2026-08-26 18:35:00+00:00,421.250000,421.549988,421.173889,421.329987,38257
2026-08-26 18:40:00+00:00,421.339996,421.679993,421.339996,421.605011,119721
2026-08-26 18:45:00+00:00,421.600006,421.709991,421.510010,421.609985,26210
2026-08-26 18:50:00+00:00,421.579987,421.690002,421.545013,421.545013,31908
2026-08-26 18:55:00+00:00,421.549988,421.549988,421.279999,421.329987,60269
2026-08-26 19:00:00+00:00,421.350006,421.440002,421.079987,421.160004,46189
2026-08-26 19:05:00+00:00,421.170013,421.299988,421.075012,421.260010,39336
2026-08-26 19:10:00+00:00,421.260010,421.489990,421.250000,421.359985,50098
2026-08-26 19:15:00+00:00,421.359985,421.489594,421.130005,421.154999,66900
2026-08-26 19:20:00+00:00,421.140015,421.390015,421.098999,421.369995,31130
2026-08-26 19:25:00+00:00,421.369995,421.779999,421.369995,421.720001,85739
2026-08-26 19:30:00+00:00,421.730011,421.989990,421.600006,421.649994,79387
2026-08-26 19:35:00+00:00,421.640015,421.750000,421.565491,421.579987,55785
2026-08-26 19:40:00+00:00,421.570007,421.600006,421.350006,421.480011,121262
2026-08-26 19:45:00+00:00,421.500000,421.570007,421.398987,421.436188,81473
2026-08-26 19:50:00+00:00,421.420013,421.450012,421.179993,421.295013,163182
2026-08-26 19:55:00+00:00,421.299988,421.429993,421.160004,421.329987,238302
2026-08-27 13:30:00+00:00,420.815002,421.130005,419.459991,419.510010,542549
2026-08-27 13:35:00+00:00,419.519989,420.049988,419.390015,419.529999,85310
2026-08-27 13:40:00+00:00,419.459991,420.329987,419.209991,419.790009,106576
2026-08-27 13:45:00+00:00,419.750000,419.899994,418.429993,419.600006,155360
2026-08-27 13:50:00+00:00,419.649994,420.140015,418.970001,419.149994,358572
2026-08-27 13:55:00+00:00,419.179993,419.475006,419.049988,419.190002,153640
2026-08-27 14:00:00+00:00,419.179993,419.529999,418.841705,419.500000,185047
2026-08-27 14:05:00+00:00,419.540009,419.829987,419.100006,419.369995,142173
2026-08-27 14:10:00+00:00,419.385010,419.660004,419.130005,419.309998,64265
2026-08-27 14:15:00+00:00,419.309998,420.089996,419.299988,419.809998,144522
2026-08-27 14:20:00+00:00,419.829987,420.249908,419.440002,419.719910,189853
2026-08-27 14:25:00+00:00,419.700012,420.010010,419.320007,419.980011,114380
2026-08-27 14:30:00+00:00,419.984589,420.429993,419.984589,420.420013,53530
2026-08-27 14:35:00+00:00,420.410004,420.910004,420.399994,420.726990,113727
2026-08-27 14:40:00+00:00,420.750000,421.489990,420.475006,421.220001,250033
2026-08-27 14:45:00+00:00,421.230011,421.570007,420.970001,421.053894,200845
2026-08-27 14:50:00+00:00,421.070007,421.149994,420.849213,420.890015,84012
2026-08-27 14:55:00+00:00,420.880005,421.070007,420.575012,420.890015,77261
2026-08-27 15:00:00+00:00,420.894989,421.279999,420.894989,421.109985,69010
2026-08-27 15:05:00+00:00,421.109985,421.260010,420.850006,420.930511,79448
2026-08-27 15:10:00+00:00,420.920013,421.239990,420.910004,420.980011,62478
2026-08-27 15:15:00+00:00,420.980011,421.489990,420.980011,421.470001,75283
2026-08-27 15:20:00+00:00,421.429993,421.440002,420.730011,420.790009,76037
2026-08-27 15:25:00+00:00,420.790009,421.269989,420.670013,421.029999,63416
2026-08-27 15:30:00+00:00,421.029999,421.559998,420.959991,421.399994,73348
2026-08-27 15:35:00+00:00,421.399994,421.630005,421.320007,421.630005,96139
2026-08-27 15:40:00+00:00,421.625000,422.190002,421.609985,421.755005,95917
2026-08-27 15:45:00+00:00,421.769989,422.119507,421.679993,422.079987,166862
2026-08-27 15:50:00+00:00,422.079987,422.619995,422.000000,422.559998,73879
2026-08-27 15:55:00+00:00,422.549988,422.730011,422.459991,422.665009,89182
2026-08-27 16:00:00+00:00,422.649994,422.869995,422.516113,422.779999,68211
2026-08-27 16:05:00+00:00,422.721588,422.750000,422.209991,422.339996,71725
2026-08-27 16:10:00+00:00,422.350006,422.380005,422.079987,422.109985,60338
2026-08-27 16:15:00+00:00,422.095001,422.174988,421.920013,421.970001,37994
2026-08-27 16:20:00+00:00,421.970001,422.440002,421.970001,422.269989,106539
2026-08-27 16:25:00+00:00,422.279999,422.464600,422.239990,422.390015,50776
2026-08-27 16:30:00+00:00,422.390015,422.549988,422.250000,422.549988,127064
2026-08-27 16:35:00+00:00,422.494995,422.880005,422.440002,422.806702,150730
2026-08-27 16:40:00+00:00,422.765015,422.779999,422.625000,422.760010,33476
2026-08-27 16:45:00+00:00,422.779999,423.067810,422.670013,422.709991,200804
2026-08-27 16:50:00+00:00,422.709991,423.239990,422.630005,423.190002,55946
2026-08-27 16:55:00+00:00,423.222412,423.222412,422.875000,423.109985,50032
2026-08-27 17:00:00+00:00,423.130005,423.250000,422.880005,423.049988,65120
2026-08-27 17:05:00+00:00,423.029999,423.029999,422.670013,422.695007,46811
2026-08-27 17:10:00+00:00,422.700012,422.779999,422.500000,422.649994,28619
2026-08-27 17:15:00+00:00,422.654999,422.660004,422.489990,422.529999,35027
2026-08-27 17:20:00+00:00,422.589996,422.799988,422.559998,422.790009,28658
2026-08-27 17:25:00+00:00,422.799988,422.839996,422.570007,422.674988,30271
2026-08-27 17:30:00+00:00,422.660004,422.765015,422.570007,422.635010,22165
2026-08-27 17:35:00+00:00,422.609985,422.750000,422.489990,422.750000,19460
2026-08-27 17:40:00+00:00,422.760010,423.033508,422.619995,422.769989,36722
2026-08-27 17:45:00+00:00,422.769989,422.804993,422.329987,422.644989,112049
2026-08-27 17:50:00+00:00,422.630005,422.670013,422.359985,422.470001,33303
2026-08-27 17:55:00+00:00,422.480011,422.570007,422.209991,422.299988,18733
2026-08-27 18:00:00+00:00,422.320007,422.394989,421.929993,422.010010,34760
2026-08-27 18:05:00+00:00,421.996490,422.450012,421.996490,422.149994,34556
2026-08-27 18:10:00+00:00,422.200012,422.309998,422.079987,422.230011,26103
2026-08-27 18:15:00+00:00,422.225006,422.399994,422.171692,422.399994,25927
2026-08-27 18:20:00+00:00,422.393005,422.440002,421.983093,422.029999,41876
2026-08-27 18:25:00+00:00,422.025513,422.025513,421.790009,421.850006,56049
2026-08-27 18:30:00+00:00,421.829987,422.049988,421.799988,421.915009,32495
2026-08-27 18:35:00+00:00,421.899994,422.190002,421.899994,422.049988,23748
2026-08-27 18:40:00+00:00,422.109985,422.140015,422.049988,422.089996,15489
2026-08-27 18:45:00+00:00,422.095001,422.330994,422.089996,422.244995,23239
2026-08-27 18:50:00+00:00,422.230011,422.747009,422.149994,422.549988,36586
2026-08-27 18:55:00+00:00,422.519989,422.684998,422.489990,422.630005,28003
2026-08-27 19:00:00+00:00,422.640015,423.221313,422.640015,422.929993,36254
2026-08-27 19:05:00+00:00,422.940002,423.350006,422.850006,423.269989,73066
2026-08-27 19:10:00+00:00,423.260010,423.279999,423.054993,423.130005,33367
2026-08-27 19:15:00+00:00,423.140015,423.179993,422.589996,422.740295,111936
2026-08-27 19:20:00+00:00,422.790009,422.790009,422.320007,422.390106,24878
2026-08-27 19:25:00+00:00,422.385010,422.489990,422.109985,422.260010,30151
2026-08-27 19:30:00+00:00,422.269989,422.470001,422.179993,422.359985,80563
2026-08-27 19:35:00+00:00,422.399994,422.500000,422.350006,422.445007,34536
2026-08-27 19:40:00+00:00,422.445007,422.649994,422.429993,422.630005,44445
2026-08-27 19:45:00+00:00,422.648987,422.899994,422.524994,422.670013,92903
2026-08-27 19:50:00+00:00,422.670013,422.679993,422.329987,422.464996,93901
2026-08-27 19:55:00+00:00,422.464996,422.649994,422.209991,422.600006,295853
2026-08-28 13:30:00+00:00,422.239990,422.309998,421.720001,422.286285,540044
2026-08-28 13:35:00+00:00,422.279999,422.469910,421.880005,422.380005,60766
2026-08-28 13:40:00+00:00,422.380005,422.539001,421.980011,422.230011,46614
2026-08-28 13:45:00+00:00,422.260010,422.929993,422.260010,422.679993,94418
2026-08-28 13:50:00+00:00,422.760010,422.934998,422.489990,422.774994,77002
2026-08-28 13:55:00+00:00,422.760010,424.329987,422.049988,422.209991,318707
2026-08-28 14:00:00+00:00,422.000000,424.790009,419.350006,419.734100,925954
2026-08-28 14:05:00+00:00,419.760010,420.190002,417.040009,419.429993,1242245
2026-08-28 14:10:00+00:00,419.406891,419.406891,416.399994,416.825012,1093367
2026-08-28 14:15:00+00:00,416.869995,418.779999,416.739990,417.519989,553141
2026-08-28 14:20:00+00:00,417.529999,418.940002,417.019989,417.910004,313754
2026-08-28 14:25:00+00:00,417.910004,418.079987,415.239990,417.315002,1139380
2026-08-28 14:30:00+00:00,417.325012,419.040009,417.325012,419.019989,559892
2026-08-28 14:35:00+00:00,418.989990,419.630005,418.500000,418.529999,349303
2026-08-28 14:40:00+00:00,418.543213,418.859985,417.809998,418.200012,287373
2026-08-28 14:45:00+00:00,418.160004,418.329987,417.339996,417.459991,228975
2026-08-28 14:50:00+00:00,417.445007,419.070007,417.200012,419.035004,240227
2026-08-28 14:55:00+00:00,419.100006,419.980011,418.970001,419.519989,545406
2026-08-28 15:00:00+00:00,419.519989,420.049988,419.029999,419.785004,812749
2026-08-28 15:05:00+00:00,419.760010,419.920013,419.040009,419.140015,370426
2026-08-28 15:10:00+00:00,419.109985,419.190002,417.660004,417.869995,209063
2026-08-28 15:15:00+00:00,417.899994,418.359985,417.390015,417.500000,115308
2026-08-28 15:20:00+00:00,417.559998,418.500000,417.190002,418.470001,149910
2026-08-28 15:25:00+00:00,418.489990,418.755005,417.750000,418.549988,642225
2026-08-28 15:30:00+00:00,418.554993,418.579987,417.440002,417.730011,313362
2026-08-28 15:35:00+00:00,417.779999,418.260010,416.779999,416.829987,273524
2026-08-28 15:40:00+00:00,416.829987,416.894989,415.609985,416.000000,404159
2026-08-28 15:45:00+00:00,416.109985,416.709991,415.380005,415.704987,171997
2026-08-28 15:50:00+00:00,415.730011,416.660004,415.609985,416.130005,221068
2026-08-28 15:55:00+00:00,416.079987,416.209991,414.561005,414.660004,351870
2026-08-28 16:00:00+00:00,414.640015,415.054993,414.260010,414.270111,234665
2026-08-28 16:05:00+00:00,414.230011,414.250000,413.130005,413.160004,562809
2026-08-28 16:10:00+00:00,413.130005,413.809998,412.109985,412.230011,400629
2026-08-28 16:15:00+00:00,412.190002,412.720001,410.683014,410.683014,457604
2026-08-28 16:20:00+00:00,410.701385,410.920013,409.109985,409.529999,1019666
2026-08-28 16:25:00+00:00,409.519989,410.809998,409.190002,410.684998,552849
2026-08-28 16:30:00+00:00,410.670013,411.339996,409.910004,410.089996,478980
2026-08-28 16:35:00+00:00,410.105011,411.450012,410.096802,411.138489,319015
2026-08-28 16:40:00+00:00,411.130005,411.260010,409.420013,409.649994,198873
2026-08-28 16:45:00+00:00,409.700012,410.836304,409.700012,410.835785,188943
2026-08-28 16:50:00+00:00,410.839996,411.109985,410.579987,410.679993,295294
2026-08-28 16:55:00+00:00,410.690002,410.859985,410.149994,410.589996,254814
2026-08-28 17:00:00+00:00,410.619995,410.799988,410.040009,410.299988,485068
2026-08-28 17:05:00+00:00,410.320007,410.950012,410.260010,410.649994,212030
2026-08-28 17:10:00+00:00,410.649994,410.769989,409.880493,410.769989,264823
2026-08-28 17:15:00+00:00,410.869995,410.890015,410.250000,410.779999,121594
2026-08-28 17:20:00+00:00,410.809998,411.299591,410.700104,411.144501,82446
2026-08-28 17:25:00+00:00,411.190002,411.250000,410.320007,410.489990,97274
2026-08-28 17:30:00+00:00,410.570007,410.839996,410.070007,410.612701,232215
2026-08-28 17:35:00+00:00,410.609985,410.850006,409.890015,409.940002,100215
2026-08-28 17:40:00+00:00,409.967712,410.250000,408.870087,409.589996,167991
2026-08-28 17:45:00+00:00,409.549988,410.309998,409.489990,410.160004,89891
2026-08-28 17:50:00+00:00,410.174988,410.304993,409.970001,410.040009,203725
2026-08-28 17:55:00+00:00,410.010010,410.010010,409.500000,409.760010,92629
2026-08-28 18:00:00+00:00,409.776306,409.959991,408.929993,409.000000,158264
2026-08-28 18:05:00+00:00,409.019989,409.589996,408.869995,409.089996,123254
2026-08-28 18:10:00+00:00,409.089996,409.407013,408.899994,409.079987,133195
2026-08-28 18:15:00+00:00,409.049988,409.190002,408.320007,408.850006,187417
2026-08-28 18:20:00+00:00,408.831207,409.269989,408.080109,408.380005,161267
2026-08-28 18:25:00+00:00,408.420013,409.256287,408.279999,408.609985,123078
2026-08-28 18:30:00+00:00,408.570007,408.850006,408.239990,408.700012,159636
2026-08-28 18:35:00+00:00,408.690002,408.709991,408.140015,408.309998,120223
2026-08-28 18:40:00+00:00,408.315002,408.540009,407.619995,408.179993,216352
2026-08-28 18:45:00+00:00,408.189911,408.529999,407.880005,408.350006,116860
2026-08-28 18:50:00+00:00,408.364990,408.690002,408.220001,408.450012,105442
2026-08-28 18:55:00+00:00,408.459991,408.839905,408.290009,408.700012,86548
2026-08-28 19:00:00+00:00,408.644989,409.170013,408.309998,408.730011,164513
2026-08-28 19:05:00+00:00,408.750000,409.190002,408.670013,409.119995,80576
2026-08-28 19:10:00+00:00,409.109985,409.140015,408.420013,408.640015,122945
2026-08-28 19:15:00+00:00,408.670502,409.029999,408.480011,408.959991,56613
2026-08-28 19:20:00+00:00,408.959991,409.154999,408.695007,408.845001,82575
2026-08-28 19:25:00+00:00,408.890015,409.289886,408.890015,409.160095,108314
2026-08-28 19:30:00+00:00,409.135010,409.399994,409.054993,409.209991,81212
2026-08-28 19:35:00+00:00,409.214996,409.589996,409.119995,409.519989,108792
2026-08-28 19:40:00+00:00,409.519989,409.579987,409.359985,409.401306,158333
2026-08-28 19:45:00+00:00,409.404999,409.404999,408.484985,408.714905,299358
2026-08-28 19:50:00+00:00,408.700012,408.967712,408.279999,408.720001,430380
2026-08-28 19:55:00+00:00,408.720001,409.119995,408.640015,408.809998,557135
2026-08-31 13:30:00+00:00,407.760010,407.910004,406.950012,406.989990,666693
2026-08-31 13:35:00+00:00,407.029999,407.459991,406.750000,406.850006,190180
2026-08-31 13:40:00+00:00,406.839996,406.959991,406.399994,406.570007,222276
2026-08-31 13:45:00+00:00,406.589996,406.589996,405.760010,405.809998,272694
2026-08-31 13:50:00+00:00,405.790497,406.149994,405.279999,405.700012,233845
2026-08-31 13:55:00+00:00,405.739990,405.779999,404.899994,405.170898,188887
2026-08-31 14:00:00+00:00,405.179993,405.649994,405.029999,405.404999,131370
2026-08-31 14:05:00+00:00,405.380005,406.029999,405.290009,405.964996,219793
2026-08-31 14:10:00+00:00,405.958099,406.010010,405.424988,406.010010,119066
2026-08-31 14:15:00+00:00,406.010010,406.339996,405.730011,405.940002,169213
2026-08-31 14:20:00+00:00,405.920013,405.920013,404.970001,405.209991,154479
2026-08-31 14:25:00+00:00,405.179901,405.589996,405.070007,405.279999,152621
2026-08-31 14:30:00+00:00,405.279999,406.079987,405.220001,405.750000,156497
2026-08-31 14:35:00+00:00,405.779999,406.850006,405.760010,406.579987,88821
2026-08-31 14:40:00+00:00,406.570007,406.790009,406.359985,406.500000,148320
2026-08-31 14:45:00+00:00,406.500000,406.790009,406.095001,406.130005,91327
2026-08-31 14:50:00+00:00,406.109985,406.570007,405.880005,406.535004,160616
2026-08-31 14:55:00+00:00,406.529999,406.820007,406.359985,406.399994,65688
2026-08-31 15:00:00+00:00,406.410004,406.869995,406.119995,406.119995,68704
2026-08-31 15:05:00+00:00,406.130005,406.670013,406.100006,406.660004,60085
2026-08-31 15:10:00+00:00,406.649994,406.970001,406.470001,406.739990,114301
2026-08-31 15:15:00+00:00,406.750000,406.970001,406.190002,406.470001,49477
2026-08-31 15:20:00+00:00,406.480011,406.779999,406.209991,406.579987,126408
2026-08-31 15:25:00+00:00,406.600006,406.700012,406.359985,406.559998,48945
2026-08-31 15:30:00+00:00,406.529999,406.679993,406.119995,406.299988,105562
2026-08-31 15:35:00+00:00,406.299988,406.529999,406.000000,406.239990,226982
2026-08-31 15:40:00+00:00,406.260010,406.390015,405.959991,406.059998,31258
2026-08-31 15:45:00+00:00,406.049988,406.579895,406.049988,406.420013,42474
2026-08-31 15:50:00+00:00,406.399994,406.500000,405.989990,406.089996,66090
2026-08-31 15:55:00+00:00,406.084991,406.190002,405.779999,405.920013,104633
2026-08-31 16:00:00+00:00,405.959991,406.510010,405.670013,406.325012,93606
2026-08-31 16:05:00+00:00,406.309998,406.829987,406.285004,406.660004,82302
2026-08-31 16:10:00+00:00,406.660004,406.940002,406.519989,406.709991,89897
2026-08-31 16:15:00+00:00,406.755005,406.899994,406.670013,406.720001,52851
2026-08-31 16:20:00+00:00,406.730011,406.869995,406.579987,406.799988,25174
2026-08-31 16:25:00+00:00,406.829987,407.059998,406.750000,407.049988,43185
2026-08-31 16:30:00+00:00,407.059998,407.209991,406.770111,406.869995,87656
2026-08-31 16:35:00+00:00,406.859985,406.859985,406.408997,406.480011,69602
2026-08-31 16:40:00+00:00,406.459991,406.974487,406.420013,406.820007,74800
2026-08-31 16:45:00+00:00,406.839996,406.929993,406.510010,406.660004,59274
2026-08-31 16:50:00+00:00,406.644989,406.964996,406.640015,406.665009,22606
2026-08-31 16:55:00+00:00,406.690002,406.690002,406.489990,406.589996,38025
2026-08-31 17:00:00+00:00,406.600006,406.709991,406.394989,406.519989,37040
2026-08-31 17:05:00+00:00,406.529999,406.559998,406.329987,406.459991,37781
2026-08-31 17:10:00+00:00,406.429993,406.767395,406.420013,406.649994,33339
2026-08-31 17:15:00+00:00,406.559998,406.859985,406.540009,406.829987,32880
2026-08-31 17:20:00+00:00,406.829987,406.920013,406.549988,406.549988,42210
2026-08-31 17:25:00+00:00,406.570007,406.760010,406.179993,406.359985,77622
2026-08-31 17:30:00+00:00,406.329987,406.730011,406.279999,406.540009,44017
2026-08-31 17:35:00+00:00,406.570007,406.799988,406.570007,406.630005,29206
2026-08-31 17:40:00+00:00,406.619995,406.929993,406.570007,406.885010,33117
2026-08-31 17:45:00+00:00,406.869995,407.200012,406.799988,407.070007,38094
2026-08-31 17:50:00+00:00,407.075104,407.209503,406.940002,406.984406,41613
2026-08-31 17:55:00+00:00,406.980713,407.010010,406.799988,406.890015,40000
2026-08-31 18:00:00+00:00,406.899994,406.899994,406.329987,406.489990,60398
2026-08-31 18:05:00+00:00,406.480011,406.540009,406.380005,406.410004,66053
2026-08-31 18:10:00+00:00,406.404999,406.609985,406.309998,406.609985,22779
2026-08-31 18:15:00+00:00,406.619995,406.690002,406.429993,406.449890,18682
2026-08-31 18:20:00+00:00,406.450012,406.559906,406.445007,406.519989,21036
2026-08-31 18:25:00+00:00,406.515015,406.519989,406.234985,406.250000,128596
2026-08-31 18:30:00+00:00,406.230011,406.230011,405.931000,406.059998,31711
2026-08-31 18:35:00+00:00,406.059998,406.165009,405.984985,406.130005,64980
2026-08-31 18:40:00+00:00,406.140015,406.299988,406.049988,406.220001,23324
2026-08-31 18:45:00+00:00,406.200012,406.540009,406.200012,406.540009,47764
2026-08-31 18:50:00+00:00,406.540009,406.690002,406.490112,406.579987,32523
2026-08-31 18:55:00+00:00,406.579987,406.630005,406.325012,406.369904,31817
2026-08-31 19:00:00+00:00,406.362305,406.579895,406.210114,406.350006,47835
2026-08-31 19:05:00+00:00,406.350006,406.720001,406.350006,406.720001,40493
2026-08-31 19:10:00+00:00,406.750000,406.769989,406.519989,406.630005,49984
2026-08-31 19:15:00+00:00,406.619995,406.670013,406.589996,406.609985,47347
2026-08-31 19:20:00+00:00,406.629913,407.170013,406.549988,407.130005,85722
2026-08-31 19:25:00+00:00,407.160004,407.440002,407.029999,407.250000,110773
2026-08-31 19:30:00+00:00,407.260010,407.299988,407.149994,407.260010,60720
2026-08-31 19:35:00+00:00,407.260010,407.709991,407.209991,407.484985,643798
2026-08-31 19:40:00+00:00,407.489990,407.535004,407.100006,407.481934,153261
2026-08-31 19:45:00+00:00,407.470001,408.010010,407.320007,408.000000,171612
2026-08-31 19:50:00+00:00,408.000000,408.380005,407.839996,408.160004,360821
2026-08-31 19:55:00+00:00,408.149994,408.799988,407.920013,408.440002,574583
2026-09-01 13:30:00+00:00,398.285004,399.419891,398.079987,399.230011,1493646
2026-09-01 13:35:00+00:00,399.279999,399.719910,398.679993,399.250000,277910
2026-09-01 13:40:00+00:00,399.239990,400.070007,399.049988,400.033203,208782
2026-09-01 13:45:00+00:00,400.010010,400.079987,399.329987,399.994995,348989
2026-09-01 13:50:00+00:00,399.989990,400.290009,399.578400,399.660004,195185
2026-09-01 13:55:00+00:00,399.690002,400.579987,399.680511,400.410004,346090
2026-09-01 14:00:00+00:00,400.450012,400.899994,399.269989,399.279999,280429
2026-09-01 14:05:00+00:00,399.260010,400.720001,399.250000,400.399994,186878
2026-09-01 14:10:00+00:00,400.390015,400.790009,400.040009,400.790009,174961
2026-09-01 14:15:00+00:00,400.779999,401.165009,400.640015,400.859985,220087
2026-09-01 14:20:00+00:00,400.875000,401.250000,400.856293,401.059998,289808
2026-09-01 14:25:00+00:00,401.049988,401.130005,400.339996,400.359985,226820
2026-09-01 14:30:00+00:00,400.350006,401.000000,400.350006,400.989990,150272
2026-09-01 14:35:00+00:00,400.980011,401.095001,400.359985,400.402710,134870
2026-09-01 14:40:00+00:00,400.420013,400.593292,400.270111,400.529999,73290
2026-09-01 14:45:00+00:00,400.515106,400.820007,399.910004,400.019989,116893
2026-09-01 14:50:00+00:00,400.040009,400.600006,399.710297,399.855011,139415
2026-09-01 14:55:00+00:00,399.859985,399.910004,399.570007,399.899994,103946
2026-09-01 15:00:00+00:00,399.920013,400.119995,399.410004,399.600006,102645
2026-09-01 15:05:00+00:00,399.589996,399.910004,399.519989,399.880005,91587
2026-09-01 15:10:00+00:00,399.869995,400.130005,399.579987,399.649994,63656
2026-09-01 15:15:00+00:00,399.630005,400.219910,399.529999,400.160004,109867
2026-09-01 15:20:00+00:00,400.160004,400.369995,400.019989,400.089996,110666
2026-09-01 15:25:00+00:00,400.070007,400.399994,399.760010,400.399994,67294
2026-09-01 15:30:00+00:00,400.399994,400.480011,400.140015,400.149994,62511
2026-09-01 15:35:00+00:00,400.140015,400.480011,400.010010,400.239990,77387
2026-09-01 15:40:00+00:00,400.250000,400.859985,400.250000,400.850006,56985
2026-09-01 15:45:00+00:00,400.859985,400.910004,400.630005,400.880005,67719
2026-09-01 15:50:00+00:00,400.859894,401.059998,400.730011,401.049988,70526
2026-09-01 15:55:00+00:00,401.029999,401.109985,400.820007,401.019989,65447
2026-09-01 16:00:00+00:00,401.049988,401.190002,400.899994,400.979889,97276
2026-09-01 16:05:00+00:00,400.959991,401.079987,400.605011,400.605011,64736
2026-09-01 16:10:00+00:00,400.609985,400.635010,400.089996,400.089996,114730
2026-09-01 16:15:00+00:00,400.079987,400.389893,399.760010,399.760010,87042
2026-09-01 16:20:00+00:00,399.769989,399.769989,399.460114,399.694000,73131
2026-09-01 16:25:00+00:00,399.700012,399.760010,399.160004,399.190002,124439
2026-09-01 16:30:00+00:00,399.190002,399.250000,398.679993,398.820007,78155
2026-09-01 16:35:00+00:00,398.809998,399.468994,398.690002,399.450012,134805
2026-09-01 16:40:00+00:00,399.440002,399.670013,399.179993,399.398987,66889
2026-09-01 16:45:00+00:00,399.429993,399.779999,399.429993,399.609985,48515
2026-09-01 16:50:00+00:00,399.640015,399.739990,399.290009,399.434998,56390
2026-09-01 16:55:00+00:00,399.424591,399.519989,399.049988,399.089996,63951
2026-09-01 17:00:00+00:00,399.079987,399.125000,398.670013,398.670990,81352
2026-09-01 17:05:00+00:00,398.670013,398.760010,398.440002,398.579987,69301
2026-09-01 17:10:00+00:00,398.589996,398.734985,398.420013,398.628510,97412
2026-09-01 17:15:00+00:00,398.609985,398.829987,398.369995,398.670013,64748
2026-09-01 17:20:00+00:00,398.609985,398.769989,398.459991,398.680511,51666
2026-09-01 17:25:00+00:00,398.670013,398.954987,398.200012,398.954987,147971
2026-09-01 17:30:00+00:00,398.959991,399.140015,398.709991,398.749908,70490
2026-09-01 17:35:00+00:00,398.769989,399.010010,398.570007,398.570007,87729
2026-09-01 17:40:00+00:00,398.605011,398.700012,398.306000,398.429993,80328
2026-09-01 17:45:00+00:00,398.420013,398.450012,398.119995,398.337006,92031
2026-09-01 17:50:00+00:00,398.320007,398.459991,398.149994,398.309998,82622
2026-09-01 17:55:00+00:00,398.380005,398.410004,398.200012,398.304993,46938
2026-09-01 18:00:00+00:00,398.315002,398.459900,397.899994,397.945007,240639
2026-09-01 18:05:00+00:00,397.970001,398.079987,397.720001,397.740112,101230
2026-09-01 18:10:00+00:00,397.730011,397.829987,397.540009,397.709991,66356
2026-09-01 18:15:00+00:00,397.709015,398.140015,397.609985,398.095001,86899
2026-09-01 18:20:00+00:00,398.079987,398.190002,398.014404,398.160004,44137
2026-09-01 18:25:00+00:00,398.160004,398.160004,397.767212,397.767212,46582
2026-09-01 18:30:00+00:00,397.750000,397.750000,397.380005,397.494995,256491
2026-09-01 18:35:00+00:00,397.500000,397.505005,397.040009,397.095001,119506
2026-09-01 18:40:00+00:00,397.109985,397.209991,396.980011,397.079987,93964
2026-09-01 18:45:00+00:00,397.130096,397.279999,396.970001,397.269989,146151
2026-09-01 18:50:00+00:00,397.290009,397.540009,397.049988,397.059998,114775
2026-09-01 18:55:00+00:00,397.070007,397.440002,396.970001,397.299988,133502
2026-09-01 19:00:00+00:00,397.279999,397.359985,397.040009,397.299988,105552
2026-09-01 19:05:00+00:00,397.290009,397.489990,397.089996,397.250000,64049
2026-09-01 19:10:00+00:00,397.265015,397.799988,397.220001,397.799988,159034
2026-09-01 19:15:00+00:00,397.795013,397.809998,397.519989,397.589996,111311
2026-09-01 19:20:00+00:00,397.579987,397.630005,397.440002,397.489990,50223
2026-09-01 19:25:00+00:00,397.519989,397.630005,397.519989,397.549988,49791
2026-09-01 19:30:00+00:00,397.549988,397.559998,396.970001,397.149994,125298
2026-09-01 19:35:00+00:00,397.149994,397.190002,396.450012,396.510010,244850
2026-09-01 19:40:00+00:00,396.500000,396.945007,396.450012,396.820007,264803
2026-09-01 19:45:00+00:00,396.815002,397.109985,396.540009,396.890015,286610
2026-09-01 19:50:00+00:00,396.869995,397.179993,396.799988,396.950012,188131
2026-09-01 19:55:00+00:00,396.970001,397.109985,396.579987,396.820007,615517
