Datetime,Open,High,Low,Close,Volume
2026-04-08 13:30:00+00:00,76.014999,76.949997,75.714996,76.580101,584069
2026-04-08 13:45:00+00:00,76.580002,76.824997,76.459999,76.800003,326352
2026-04-08 14:00:00+00:00,76.760002,77.059998,76.555000,76.820000,440053
2026-04-08 14:15:00+00:00,76.830002,76.910004,76.639999,76.745003,215547
2026-04-08 14:30:00+00:00,76.724998,76.800003,76.278999,76.278999,230439
2026-04-08 14:45:00+00:00,76.293098,76.370003,75.830002,76.019997,180792
2026-04-08 15:00:00+00:00,76.080002,76.249901,76.044998,76.139999,141635
2026-04-08 15:15:00+00:00,76.139999,76.349998,76.139999,76.160004,154711
2026-04-08 15:30:00+00:00,76.169998,76.205002,76.000000,76.019997,181588
2026-04-08 15:45:00+00:00,76.019997,76.080002,75.919998,76.019997,137463
2026-04-08 16:00:00+00:00,76.010002,76.169403,75.949997,76.029999,89828
2026-04-08 16:15:00+00:00,76.019997,76.095001,75.949997,76.074997,80976
2026-04-08 16:30:00+00:00,76.074997,76.250000,76.040001,76.239998,80388
2026-04-08 16:45:00+00:00,76.235001,76.260002,76.180000,76.239998,68758
2026-04-08 17:00:00+00:00,76.250000,76.385002,76.239998,76.330002,182190
2026-04-08 17:15:00+00:00,76.334999,76.400002,76.059998,76.099998,111755
2026-04-08 17:30:00+00:00,76.110001,76.480003,76.070000,76.419998,455974
2026-04-08 17:45:00+00:00,76.425003,76.650002,76.410004,76.605003,159037
2026-04-08 18:00:00+00:00,76.589996,76.769997,76.570000,76.739998,140394
2026-04-08 18:15:00+00:00,76.750000,76.805000,76.360001,76.504997,173189
2026-04-08 18:30:00+00:00,76.500000,76.519997,76.220001,76.239998,93491
2026-04-08 18:45:00+00:00,76.224998,76.379997,76.050003,76.080002,144289
2026-04-08 19:00:00+00:00,76.084999,76.400002,76.040001,76.400002,143375
2026-04-08 19:15:00+00:00,76.400002,76.480003,76.269997,76.290001,166741
2026-04-08 19:30:00+00:00,76.279999,76.500000,76.279999,76.440002,200264
2026-04-08 19:45:00+00:00,76.440002,76.790001,76.349998,76.750000,910468
2026-04-09 13:30:00+00:00,75.589996,76.110001,75.379997,75.955002,213766
2026-04-09 13:45:00+00:00,75.949997,76.031898,75.730003,75.925003,114732
2026-04-09 14:00:00+00:00,75.910004,76.150002,75.870003,75.949997,168339
2026-04-09 14:15:00+00:00,75.949997,75.949997,75.544998,75.800003,139691
2026-04-09 14:30:00+00:00,75.800003,75.910004,75.764999,75.815002,69310
2026-04-09 14:45:00+00:00,75.830002,76.080002,75.800003,76.029999,76307
2026-04-09 15:00:00+00:00,76.010002,76.220001,75.900101,76.212303,90586
2026-04-09 15:15:00+00:00,76.220001,76.544998,76.220001,76.480003,147082
2026-04-09 15:30:00+00:00,76.470001,76.930000,76.425003,76.910004,174674
2026-04-09 15:45:00+00:00,76.904999,77.059998,76.860001,76.974998,183197
2026-04-09 16:00:00+00:00,76.980003,77.282501,76.959999,77.099998,117844
2026-04-09 16:15:00+00:00,77.105003,77.110001,76.849998,77.095001,111954
2026-04-09 16:30:00+00:00,77.095001,77.099998,76.949997,77.004997,90216
2026-04-09 16:45:00+00:00,77.004997,77.004997,76.739998,76.800003,192749
2026-04-09 17:00:00+00:00,76.815002,77.019997,76.790001,76.940002,114218
2026-04-09 17:15:00+00:00,76.940002,77.309998,76.940002,77.250000,183026
2026-04-09 17:30:00+00:00,77.250000,77.250000,77.080002,77.089996,129775
2026-04-09 17:45:00+00:00,77.089996,77.129997,77.029999,77.080002,95142
2026-04-09 18:00:00+00:00,77.080002,77.089996,76.714996,76.760002,153584
2026-04-09 18:15:00+00:00,76.760002,76.769997,76.599998,76.629997,111482
2026-04-09 18:30:00+00:00,76.629997,76.650002,76.570000,76.599998,73656
2026-04-09 18:45:00+00:00,76.599998,76.654999,76.580002,76.610001,69678
2026-04-09 19:00:00+00:00,76.610001,76.860001,76.589996,76.769997,152555
2026-04-09 19:15:00+00:00,76.790001,76.889999,76.690002,76.785004,195329
2026-04-09 19:30:00+00:00,76.790001,77.000000,76.790001,76.949997,188983
2026-04-09 19:45:00+00:00,76.940002,76.970001,76.620003,76.720001,694627
2026-04-10 13:30:00+00:00,77.110001,77.470001,76.660004,77.019997,142836
2026-04-10 13:45:00+00:00,77.010002,77.339996,76.970001,77.239998,113043
2026-04-10 14:00:00+00:00,77.230003,77.283997,76.955002,77.059998,150846
2026-04-10 14:15:00+00:00,77.040001,77.159897,76.959999,77.055000,60829
2026-04-10 14:30:00+00:00,77.080002,77.080002,76.870003,76.980003,92927
2026-04-10 14:45:00+00:00,76.945000,76.970001,76.849998,76.860001,45881
2026-04-10 15:00:00+00:00,76.855698,76.879997,76.760002,76.815002,71116
2026-04-10 15:15:00+00:00,76.830002,76.849998,76.559998,76.574997,79808
2026-04-10 15:30:00+00:00,76.599998,76.620003,76.415001,76.485001,129901
2026-04-10 15:45:00+00:00,76.480003,76.480003,76.279999,76.320000,84925
2026-04-10 16:00:00+00:00,76.330002,76.360001,76.235001,76.293602,81784
2026-04-10 16:15:00+00:00,76.290001,76.294998,76.139999,76.224998,46913
2026-04-10 16:30:00+00:00,76.224998,76.300003,76.220001,76.239998,44424
2026-04-10 16:45:00+00:00,76.230003,76.355003,76.230003,76.275002,56199
2026-04-10 17:00:00+00:00,76.275002,76.375000,76.245003,76.339996,61080
2026-04-10 17:15:00+00:00,76.360001,76.370003,76.300003,76.330002,49562
2026-04-10 17:30:00+00:00,76.334999,76.480003,76.320000,76.464996,66281
2026-04-10 17:45:00+00:00,76.480003,76.550003,76.459999,76.525002,45470
2026-04-10 18:00:00+00:00,76.500000,76.625000,76.500000,76.625000,63210
2026-04-10 18:15:00+00:00,76.625000,76.695000,76.599998,76.650002,71384
2026-04-10 18:30:00+00:00,76.650002,76.680000,76.540001,76.570000,69705
2026-04-10 18:45:00+00:00,76.570000,76.580002,76.500000,76.529999,62964
2026-04-10 19:00:00+00:00,76.529999,76.574997,76.459999,76.500000,83557
2026-04-10 19:15:00+00:00,76.500000,76.540001,76.379997,76.379997,116690
2026-04-10 19:30:00+00:00,76.379997,76.410004,76.199997,76.275002,158973
2026-04-10 19:45:00+00:00,76.279999,76.419998,76.180000,76.404999,571343
2026-04-13 13:30:00+00:00,75.610001,75.680000,75.150002,75.550003,244497
2026-04-13 13:45:00+00:00,75.529999,75.690002,75.360001,75.639999,153686
2026-04-13 14:00:00+00:00,75.620003,75.639999,75.260002,75.480103,134312
2026-04-13 14:15:00+00:00,75.470001,75.550003,75.349998,75.430000,103841
2026-04-13 14:30:00+00:00,75.434998,75.790001,75.410004,75.790001,95599
2026-04-13 14:45:00+00:00,75.790001,76.220001,75.730003,76.169998,189055
2026-04-13 15:00:00+00:00,76.160103,76.220001,76.050003,76.169998,121500
2026-04-13 15:15:00+00:00,76.190002,76.199997,76.019997,76.041298,94983
2026-04-13 15:30:00+00:00,76.044998,76.059998,75.760002,75.899902,96923
2026-04-13 15:45:00+00:00,75.870003,75.955002,75.834999,75.860001,78497
2026-04-13 16:00:00+00:00,75.870003,76.129997,75.800003,76.089996,86862
2026-04-13 16:15:00+00:00,76.099998,76.290001,76.070000,76.290001,91204
2026-04-13 16:30:00+00:00,76.260002,76.430000,76.209999,76.320000,84987
2026-04-13 16:45:00+00:00,76.300003,76.489998,76.269997,76.330002,66987
2026-04-13 17:00:00+00:00,76.349998,76.349998,76.287399,76.300003,50054
2026-04-13 17:15:00+00:00,76.309998,76.320000,76.220001,76.269897,45934
2026-04-13 17:30:00+00:00,76.260002,76.329803,76.180000,76.199997,83025
2026-04-13 17:45:00+00:00,76.209999,76.239998,76.154999,76.199997,43141
2026-04-13 18:00:00+00:00,76.195000,76.349998,76.180000,76.320099,70127
2026-04-13 18:15:00+00:00,76.320000,76.330002,76.260002,76.279999,56132
2026-04-13 18:30:00+00:00,76.279999,76.279999,76.195000,76.269997,81459
2026-04-13 18:45:00+00:00,76.279999,76.440002,76.279999,76.370003,76763
2026-04-13 19:00:00+00:00,76.379997,76.430000,76.349998,76.370003,82427
2026-04-13 19:15:00+00:00,76.364998,76.425003,76.349998,76.419998,121526
2026-04-13 19:30:00+00:00,76.419998,76.500000,76.370003,76.480003,124044
2026-04-13 19:45:00+00:00,76.470001,76.860001,76.419998,76.820000,582002
2026-04-14 13:30:00+00:00,78.629997,79.099998,78.103897,78.870003,482359
2026-04-14 13:45:00+00:00,78.860001,79.269997,78.830002,79.010002,148939
2026-04-14 14:00:00+00:00,79.000000,79.290001,78.940002,79.260002,197248
2026-04-14 14:15:00+00:00,79.269997,79.690002,79.230003,79.429901,296224
2026-04-14 14:30:00+00:00,79.430000,79.559998,79.389999,79.550003,157176
2026-04-14 14:45:00+00:00,79.570000,79.750000,79.510002,79.550003,179356
2026-04-14 15:00:00+00:00,79.544998,79.570000,79.300003,79.449997,185559
2026-04-14 15:15:00+00:00,79.434998,79.650002,79.415001,79.610001,289606
2026-04-14 15:30:00+00:00,79.610001,79.800003,79.580002,79.735001,244937
2026-04-14 15:45:00+00:00,79.750000,79.860001,79.695000,79.760002,112873
2026-04-14 16:00:00+00:00,79.745003,79.839996,79.720001,79.790001,126933
2026-04-14 16:15:00+00:00,79.790001,79.820000,79.739998,79.750000,86909
2026-04-14 16:30:00+00:00,79.750000,79.760002,79.620003,79.620003,104067
2026-04-14 16:45:00+00:00,79.620003,79.690002,79.440002,79.440002,241803
2026-04-14 17:00:00+00:00,79.430000,79.525002,79.370003,79.480003,82345
2026-04-14 17:15:00+00:00,79.480003,79.650002,79.470001,79.620003,83626
2026-04-14 17:30:00+00:00,79.629997,79.745003,79.559998,79.639999,86600
2026-04-14 17:45:00+00:00,79.639999,79.639999,79.540001,79.614998,66107
2026-04-14 18:00:00+00:00,79.620003,79.675003,79.570000,79.665001,97660
2026-04-14 18:15:00+00:00,79.660004,79.669998,79.440002,79.445000,108716
2026-04-14 18:30:00+00:00,79.440002,79.550003,79.370003,79.419998,130534
2026-04-14 18:45:00+00:00,79.419998,79.500000,79.415001,79.480003,76695
2026-04-14 19:00:00+00:00,79.480003,79.614998,79.459999,79.559998,122535
2026-04-14 19:15:00+00:00,79.559998,79.629997,79.500000,79.589996,174759
2026-04-14 19:30:00+00:00,79.599998,79.699997,79.529999,79.570000,256309
2026-04-14 19:45:00+00:00,79.570000,79.620003,79.345001,79.455002,534945
2026-04-15 13:30:00+00:00,79.540001,79.540001,78.279999,78.309998,161127
2026-04-15 13:45:00+00:00,78.309998,78.650002,78.190002,78.639999,141796
2026-04-15 14:00:00+00:00,78.639999,78.639999,78.180000,78.330002,269759
2026-04-15 14:15:00+00:00,78.349998,78.510002,78.250000,78.474998,111823
2026-04-15 14:30:00+00:00,78.480003,78.480003,78.239998,78.345001,92129
2026-04-15 14:45:00+00:00,78.360001,78.400002,78.010002,78.010002,110246
2026-04-15 15:00:00+00:00,78.010002,78.195000,77.760002,78.195000,172107
2026-04-15 15:15:00+00:00,78.195000,78.339996,78.175003,78.275002,84321
2026-04-15 15:30:00+00:00,78.279999,78.389999,78.250000,78.379997,90391
2026-04-15 15:45:00+00:00,78.379997,78.379997,78.080002,78.099998,88274
2026-04-15 16:00:00+00:00,78.120003,78.235001,78.089996,78.220001,65514
2026-04-15 16:15:00+00:00,78.209999,78.235001,78.099998,78.230003,77834
2026-04-15 16:30:00+00:00,78.239998,78.279999,78.050003,78.110001,93597
2026-04-15 16:45:00+00:00,78.110001,78.169899,78.035004,78.084999,69919
2026-04-15 17:00:00+00:00,78.080002,78.300003,78.050003,78.239998,76312
2026-04-15 17:15:00+00:00,78.239998,78.264999,78.186996,78.205002,50557
2026-04-15 17:30:00+00:00,78.204102,78.300003,78.150002,78.239998,72535
2026-04-15 17:45:00+00:00,78.250000,78.290001,78.199997,78.209999,61664
2026-04-15 18:00:00+00:00,78.209999,78.269997,78.080002,78.264999,152859
2026-04-15 18:15:00+00:00,78.269997,78.495003,78.269997,78.385002,117080
2026-04-15 18:30:00+00:00,78.400002,78.489998,78.360001,78.410004,81787
2026-04-15 18:45:00+00:00,78.419998,78.589996,78.419998,78.580002,109294
2026-04-15 19:00:00+00:00,78.580002,78.639999,78.529999,78.599998,205963
2026-04-15 19:15:00+00:00,78.599998,78.639999,78.430000,78.495003,167797
2026-04-15 19:30:00+00:00,78.489998,78.519997,78.160004,78.269997,257910
2026-04-15 19:45:00+00:00,78.269997,78.400002,77.769997,77.779999,886109
2026-04-16 13:30:00+00:00,77.589996,78.349998,77.535004,78.050003,222212
2026-04-16 13:45:00+00:00,78.019997,78.220001,77.830002,77.980003,197959
2026-04-16 14:00:00+00:00,77.910004,78.180000,77.870003,78.059998,169235
2026-04-16 14:15:00+00:00,78.080002,78.139999,77.889999,77.910004,68094
2026-04-16 14:30:00+00:00,77.900002,77.900002,77.080002,77.099998,255160
2026-04-16 14:45:00+00:00,77.120003,77.300003,77.011101,77.160004,193215
2026-04-16 15:00:00+00:00,77.160004,77.675003,77.140297,77.589996,167411
2026-04-16 15:15:00+00:00,77.589996,77.720001,77.580002,77.580002,131124
2026-04-16 15:30:00+00:00,77.559998,77.889999,77.485001,77.665001,172554
2026-04-16 15:45:00+00:00,77.680000,77.919998,77.660004,77.899902,124738
2026-04-16 16:00:00+00:00,77.875000,77.949997,77.629997,77.644997,90169
2026-04-16 16:15:00+00:00,77.669998,77.800003,77.639999,77.800003,55579
2026-04-16 16:30:00+00:00,77.800003,77.809998,77.639999,77.669998,113673
2026-04-16 16:45:00+00:00,77.684998,77.730003,77.599998,77.610001,72416
2026-04-16 17:00:00+00:00,77.610001,77.629997,77.370003,77.415001,87967
2026-04-16 17:15:00+00:00,77.430000,77.470001,77.320000,77.445000,59132
2026-04-16 17:30:00+00:00,77.449997,77.489998,77.400002,77.485001,90085
2026-04-16 17:45:00+00:00,77.489998,77.489998,77.349998,77.389999,69088
2026-04-16 18:00:00+00:00,77.394997,77.540001,77.385002,77.470001,105220
2026-04-16 18:15:00+00:00,77.480003,77.565002,77.455002,77.455002,181999
2026-04-16 18:30:00+00:00,77.459999,77.510002,77.300003,77.470001,123355
2026-04-16 18:45:00+00:00,77.449997,77.480003,77.360001,77.459999,111706
2026-04-16 19:00:00+00:00,77.459999,77.584999,77.410004,77.519997,202615
2026-04-16 19:15:00+00:00,77.529999,77.639999,77.440002,77.525002,186066
2026-04-16 19:30:00+00:00,77.529999,77.760002,77.529999,77.660004,460745
2026-04-16 19:45:00+00:00,77.650002,78.169998,77.599998,78.044998,730971
2026-04-17 13:30:00+00:00,79.400002,81.000000,79.400002,80.730003,746861
2026-04-17 13:45:00+00:00,80.730003,81.269997,80.620003,81.180000,284182
2026-04-17 14:00:00+00:00,81.150002,81.739998,81.099998,81.550003,255511
2026-04-17 14:15:00+00:00,81.559998,82.070000,81.529999,81.625000,191961
2026-04-17 14:30:00+00:00,81.625000,81.879898,81.550003,81.785004,156709
2026-04-17 14:45:00+00:00,81.793999,82.150002,81.779999,81.864998,207248
2026-04-17 15:00:00+00:00,81.849998,82.190002,81.849998,82.089996,223261
2026-04-17 15:15:00+00:00,82.089996,82.180000,81.879997,82.070000,145497
2026-04-17 15:30:00+00:00,82.080002,82.389999,82.040001,82.180000,206855
2026-04-17 15:45:00+00:00,82.180000,82.419998,82.080002,82.300003,143819
2026-04-17 16:00:00+00:00,82.290001,82.565002,82.290001,82.485001,136414
2026-04-17 16:15:00+00:00,82.485001,82.540001,82.400002,82.419998,136948
2026-04-17 16:30:00+00:00,82.440002,82.599998,82.419998,82.529999,128528
2026-04-17 16:45:00+00:00,82.529999,82.660004,82.440002,82.654999,111510
2026-04-17 17:00:00+00:00,82.669998,82.669998,82.120003,82.160004,155558
2026-04-17 17:15:00+00:00,82.180000,82.224998,81.730003,82.035004,141829
2026-04-17 17:30:00+00:00,82.010002,82.129997,81.834999,81.834999,117066
2026-04-17 17:45:00+00:00,81.830002,81.879997,81.785004,81.820503,83827
2026-04-17 18:00:00+00:00,81.834999,81.870003,81.639999,81.690002,102979
2026-04-17 18:15:00+00:00,81.714996,81.800003,81.669998,81.709999,99401
2026-04-17 18:30:00+00:00,81.714996,81.800003,81.550003,81.580002,73134
2026-04-17 18:45:00+00:00,81.570000,81.589996,81.370003,81.379997,103633
2026-04-17 19:00:00+00:00,81.379997,81.529999,81.306999,81.349998,106940
2026-04-17 19:15:00+00:00,81.339996,81.410004,81.269997,81.275002,106682
2026-04-17 19:30:00+00:00,81.279999,81.449997,81.190002,81.190002,250923
2026-04-17 19:45:00+00:00,81.199997,81.370003,80.879997,81.309998,908423
2026-04-20 13:30:00+00:00,80.860001,81.160004,80.360001,80.550003,252190
2026-04-20 13:45:00+00:00,80.540001,80.910004,80.449997,80.870003,173071
2026-04-20 14:00:00+00:00,80.870003,80.930000,80.680000,80.900002,197108
2026-04-20 14:15:00+00:00,80.915001,81.074997,80.820000,80.827797,121235
2026-04-20 14:30:00+00:00,80.849998,80.919899,80.680000,80.760002,98603
2026-04-20 14:45:00+00:00,80.750000,80.879997,80.519997,80.730003,140443
2026-04-20 15:00:00+00:00,80.739998,80.769997,80.570000,80.599998,121732
2026-04-20 15:15:00+00:00,80.599998,80.919998,80.550003,80.739998,142718
2026-04-20 15:30:00+00:00,80.709999,80.849998,80.525002,80.565002,125003
2026-04-20 15:45:00+00:00,80.540001,80.669998,80.500000,80.580002,70404
2026-04-20 16:00:00+00:00,80.559998,80.586601,80.449997,80.519997,75161
2026-04-20 16:15:00+00:00,80.510002,80.580002,80.456802,80.540001,75912
2026-04-20 16:30:00+00:00,80.535004,80.580002,80.455002,80.529999,57721
2026-04-20 16:45:00+00:00,80.529999,80.669998,80.523170,80.629997,42386
2026-04-20 17:00:00+00:00,80.639999,80.669998,80.599998,80.650002,39304
2026-04-20 17:15:00+00:00,80.629997,80.639999,80.535004,80.559998,41351
2026-04-20 17:30:00+00:00,80.550003,80.559998,80.455002,80.485001,64419
2026-04-20 17:45:00+00:00,80.470001,80.500000,80.440002,80.449997,47508
2026-04-20 18:00:00+00:00,80.449997,80.474998,80.324997,80.450104,91602
2026-04-20 18:15:00+00:00,80.470001,80.605003,80.434998,80.540001,88306
2026-04-20 18:30:00+00:00,80.550003,80.565002,80.440002,80.525002,56610
2026-04-20 18:45:00+00:00,80.510002,80.550003,80.470001,80.540001,50697
2026-04-20 19:00:00+00:00,80.529999,80.550003,80.480003,80.480003,108898
2026-04-20 19:15:00+00:00,80.480003,80.500000,80.375000,80.400002,101710
2026-04-20 19:30:00+00:00,80.400002,80.495003,80.389999,80.457802,141023
2026-04-20 19:45:00+00:00,80.455002,80.559998,80.339996,80.535004,530573
2026-04-21 13:30:00+00:00,80.440002,80.925003,80.370003,80.595001,272292
2026-04-21 13:45:00+00:00,80.580002,81.199997,80.570000,80.849998,191692
2026-04-21 14:00:00+00:00,80.839996,80.989998,80.584999,80.980003,156799
2026-04-21 14:15:00+00:00,80.980003,80.989998,80.750000,80.919998,100289
2026-04-21 14:30:00+00:00,80.910004,81.000000,80.760002,80.930000,118912
2026-04-21 14:45:00+00:00,80.910004,80.910004,80.309998,80.330002,130551
2026-04-21 15:00:00+00:00,80.339996,80.469902,80.099998,80.430000,121393
2026-04-21 15:15:00+00:00,80.434998,80.464996,79.900002,79.910004,186305
2026-04-21 15:30:00+00:00,79.915001,79.980003,79.760002,79.949997,87637
2026-04-21 15:45:00+00:00,79.959999,80.019997,79.739998,79.830002,83656
2026-04-21 16:00:00+00:00,79.849998,80.059998,79.849998,80.029999,69740
2026-04-21 16:15:00+00:00,80.029999,80.089996,79.980003,80.000000,47270
2026-04-21 16:30:00+00:00,79.989998,80.010002,79.889999,79.889999,108133
2026-04-21 16:45:00+00:00,79.919998,80.099998,79.889999,79.889999,92026
2026-04-21 17:00:00+00:00,79.879997,79.970001,79.709999,79.720001,80621
2026-04-21 17:15:00+00:00,79.730003,79.849998,79.650002,79.709999,51155
2026-04-21 17:30:00+00:00,79.709999,80.150002,79.709999,80.050003,99002
2026-04-21 17:45:00+00:00,80.019997,80.040001,79.879997,79.910004,62426
2026-04-21 18:00:00+00:00,79.934998,80.019997,79.900002,79.930000,54784
2026-04-21 18:15:00+00:00,79.930000,79.985001,79.709999,79.764999,106739
2026-04-21 18:30:00+00:00,79.769997,79.889999,79.675003,79.690002,71111
2026-04-21 18:45:00+00:00,79.680000,79.989998,79.660004,79.894997,133837
2026-04-21 19:00:00+00:00,79.900002,80.059998,79.830002,79.980003,129177
2026-04-21 19:15:00+00:00,79.980003,80.212502,79.919998,80.120003,131376
2026-04-21 19:30:00+00:00,80.125000,80.160004,79.050003,79.242500,585546
2026-04-21 19:45:00+00:00,79.235001,79.419998,79.000000,79.040001,786843
2026-04-22 13:30:00+00:00,79.589996,79.795601,79.190002,79.190002,179085
2026-04-22 13:45:00+00:00,79.110001,79.580002,79.080002,79.504997,82943
2026-04-22 14:00:00+00:00,79.480003,79.580002,79.349998,79.440002,77403
2026-04-22 14:15:00+00:00,79.430000,79.540001,79.360001,79.425003,75514
2026-04-22 14:30:00+00:00,79.419998,79.550003,79.180000,79.269997,89145
2026-04-22 14:45:00+00:00,79.269997,79.375000,79.160103,79.309998,56022
2026-04-22 15:00:00+00:00,79.330002,79.339996,79.099998,79.214996,60500
2026-04-22 15:15:00+00:00,79.214996,79.230003,79.019997,79.139999,61454
2026-04-22 15:30:00+00:00,79.135002,79.199997,79.044998,79.099998,51372
2026-04-22 15:45:00+00:00,79.089996,79.355003,79.089996,79.315002,61978
2026-04-22 16:00:00+00:00,79.330002,79.379997,79.305000,79.320000,34884
2026-04-22 16:15:00+00:00,79.339996,79.360001,79.180000,79.180000,41422
2026-04-22 16:30:00+00:00,79.180000,79.305000,79.139999,79.230003,51717
2026-04-22 16:45:00+00:00,79.220001,79.254997,79.150002,79.160004,33344
2026-04-22 17:00:00+00:00,79.150002,79.220001,79.035004,79.125000,93385
2026-04-22 17:15:00+00:00,79.120003,79.184998,79.089996,79.169998,51241
2026-04-22 17:30:00+00:00,79.160004,79.180000,78.976898,79.019997,104700
2026-04-22 17:45:00+00:00,79.040001,79.089996,78.940002,79.000000,48932
2026-04-22 18:00:00+00:00,79.000000,79.080002,78.959999,79.050003,48221
2026-04-22 18:15:00+00:00,79.044998,79.050003,78.870003,78.879997,52041
2026-04-22 18:30:00+00:00,78.879997,78.959999,78.855003,78.919998,39351
2026-04-22 18:45:00+00:00,78.910004,78.910004,78.629997,78.790001,120165
2026-04-22 19:00:00+00:00,78.790001,78.830002,78.684998,78.820000,73272
2026-04-22 19:15:00+00:00,78.800003,78.845001,78.760002,78.800903,74589
2026-04-22 19:30:00+00:00,78.805000,78.815002,78.660004,78.769997,204443
2026-04-22 19:45:00+00:00,78.730003,79.059998,78.650002,78.980003,497646
2026-04-23 13:30:00+00:00,78.940002,79.099998,78.470001,78.800003,169308
2026-04-23 13:45:00+00:00,78.769997,78.791603,78.440002,78.449997,125988
2026-04-23 14:00:00+00:00,78.449997,78.470001,78.294998,78.430000,114495
2026-04-23 14:15:00+00:00,78.445602,78.487999,78.279999,78.294998,121864
2026-04-23 14:30:00+00:00,78.300003,78.430000,78.059998,78.410004,114237
2026-04-23 14:45:00+00:00,78.419998,78.580002,78.410004,78.470001,112473
2026-04-23 15:00:00+00:00,78.470001,78.470001,78.220001,78.220001,98600
2026-04-23 15:15:00+00:00,78.220001,78.332199,78.180000,78.239998,90099
2026-04-23 15:30:00+00:00,78.239998,78.345001,78.180000,78.209999,99303
2026-04-23 15:45:00+00:00,78.190002,78.470001,78.165001,78.419998,105961
2026-04-23 16:00:00+00:00,78.440002,78.445000,78.330002,78.370003,55409
2026-04-23 16:15:00+00:00,78.360001,78.440002,78.309998,78.375000,68819
2026-04-23 16:30:00+00:00,78.389999,78.500000,78.370003,78.489998,54570
2026-04-23 16:45:00+00:00,78.500000,78.580002,78.464996,78.480003,62338
2026-04-23 17:00:00+00:00,78.500000,78.500000,78.000000,78.070000,181541
2026-04-23 17:15:00+00:00,78.059998,78.059998,77.650002,77.650002,105430
2026-04-23 17:30:00+00:00,77.669899,77.779999,77.257500,77.330002,118786
2026-04-23 17:45:00+00:00,77.309998,77.839996,77.160004,77.794998,231587
2026-04-23 18:00:00+00:00,77.779999,78.095001,77.739998,78.059998,167380
2026-04-23 18:15:00+00:00,78.059998,78.320000,78.059998,78.320000,117941
2026-04-23 18:30:00+00:00,78.320000,78.430000,78.194801,78.290001,101615
2026-04-23 18:45:00+00:00,78.269997,78.279999,78.080002,78.150002,100949
2026-04-23 19:00:00+00:00,78.160004,78.269997,78.080002,78.230003,94728
2026-04-23 19:15:00+00:00,78.239998,78.480003,78.199997,78.464996,123922
2026-04-23 19:30:00+00:00,78.459999,78.577499,78.150002,78.180000,388972
2026-04-23 19:45:00+00:00,78.190002,78.519997,78.150002,78.500000,604341
2026-04-24 13:30:00+00:00,78.230003,78.519997,77.360001,77.815002,320737
2026-04-24 13:45:00+00:00,77.779999,77.964996,77.510002,77.589996,201408
2026-04-24 14:00:00+00:00,77.570000,77.599998,76.924400,76.924400,261679
2026-04-24 14:15:00+00:00,76.930000,77.379997,76.919998,77.290001,203646
2026-04-24 14:30:00+00:00,77.300003,77.644997,77.214996,77.614998,160140
2026-04-24 14:45:00+00:00,77.620003,77.900002,77.559998,77.879997,214158
2026-04-24 15:00:00+00:00,77.879997,78.129997,77.879997,77.919998,265948
2026-04-24 15:15:00+00:00,77.930000,78.055000,77.910004,77.919998,141838
2026-04-24 15:30:00+00:00,77.930000,78.059998,77.709999,78.050003,149152
2026-04-24 15:45:00+00:00,78.059998,78.209999,77.930000,77.980003,155809
2026-04-24 16:00:00+00:00,77.970001,78.029999,77.769997,77.900002,183504
2026-04-24 16:15:00+00:00,77.889999,77.900002,77.800003,77.849998,149172
2026-04-24 16:30:00+00:00,77.839996,77.930000,77.695000,77.830002,154718
2026-04-24 16:45:00+00:00,77.830002,78.000000,77.800003,77.949997,152330
2026-04-24 17:00:00+00:00,77.940002,77.949997,77.720001,77.750000,154027
2026-04-24 17:15:00+00:00,77.739998,77.805000,77.709999,77.800003,119969
2026-04-24 17:30:00+00:00,77.800003,77.820000,77.639999,77.709999,103953
2026-04-24 17:45:00+00:00,77.709999,77.919998,77.709999,77.830002,129638
2026-04-24 18:00:00+00:00,77.855003,77.959999,77.785004,77.845001,182468
2026-04-24 18:15:00+00:00,77.849998,77.919998,77.779999,77.839996,110994
2026-04-24 18:30:00+00:00,77.834999,77.925003,77.820000,77.830002,103453
2026-04-24 18:45:00+00:00,77.824997,77.889999,77.760002,77.830002,106064
2026-04-24 19:00:00+00:00,77.830002,77.910004,77.709999,77.769997,137203
2026-04-24 19:15:00+00:00,77.760002,77.820000,77.620003,77.790001,161348
2026-04-24 19:30:00+00:00,77.779999,78.059998,77.739998,77.955002,233919
2026-04-24 19:45:00+00:00,77.955002,78.089996,77.809998,78.040001,744643
2026-04-27 13:30:00+00:00,76.610001,78.529999,76.610001,78.050003,405045
2026-04-27 13:45:00+00:00,78.050003,78.820000,77.980003,78.650002,518460
2026-04-27 14:00:00+00:00,78.680000,78.830002,78.415001,78.415001,278720
2026-04-27 14:15:00+00:00,78.449997,78.485001,78.120003,78.139999,221162
2026-04-27 14:30:00+00:00,78.139999,78.279999,78.019997,78.209999,207026
2026-04-27 14:45:00+00:00,78.220001,78.220001,77.930000,78.019997,368136
2026-04-27 15:00:00+00:00,78.025002,78.050003,77.400002,77.419998,352451
2026-04-27 15:15:00+00:00,77.419998,77.730003,77.400002,77.714996,259365
2026-04-27 15:30:00+00:00,77.714996,77.849998,77.680000,77.739998,206057
2026-04-27 15:45:00+00:00,77.750000,77.809998,77.559998,77.699997,328539
2026-04-27 16:00:00+00:00,77.690002,77.824997,77.580002,77.580002,107041
2026-04-27 16:15:00+00:00,77.599998,77.675003,77.453003,77.455002,101552
2026-04-27 16:30:00+00:00,77.449997,77.544998,77.410004,77.419998,120874
2026-04-27 16:45:00+00:00,77.415001,77.480003,77.285004,77.474998,102875
2026-04-27 17:00:00+00:00,77.470001,77.510002,77.260002,77.269997,103971
2026-04-27 17:15:00+00:00,77.269997,77.419998,77.209999,77.379997,97301
2026-04-27 17:30:00+00:00,77.370003,77.580002,77.360001,77.430000,188163
2026-04-27 17:45:00+00:00,77.419998,77.489998,77.349998,77.449997,90455
2026-04-27 18:00:00+00:00,77.449997,77.529999,77.254997,77.254997,135807
2026-04-27 18:15:00+00:00,77.250000,77.279999,77.114998,77.195000,222424
2026-04-27 18:30:00+00:00,77.190002,77.230003,77.070000,77.230003,178225
2026-04-27 18:45:00+00:00,77.235001,77.470001,77.235001,77.400002,115447
2026-04-27 19:00:00+00:00,77.389999,77.690002,77.339996,77.580002,193058
2026-04-27 19:15:00+00:00,77.581902,77.639999,77.500000,77.620003,250964
2026-04-27 19:30:00+00:00,77.620003,77.820000,77.519997,77.730003,368812
2026-04-27 19:45:00+00:00,77.735001,78.120003,77.714996,77.959999,1118187
2026-04-28 13:30:00+00:00,78.014999,79.400002,76.240700,77.635002,1627054
2026-04-28 13:45:00+00:00,77.639999,77.849998,75.070000,75.099998,818674
2026-04-28 14:00:00+00:00,75.110001,75.250000,74.780998,75.199997,771627
2026-04-28 14:15:00+00:00,75.224998,76.660004,75.139999,76.309998,796197
2026-04-28 14:30:00+00:00,76.300003,76.394997,75.526497,75.849998,709473
2026-04-28 14:45:00+00:00,75.849998,76.309998,75.660004,76.297600,360172
2026-04-28 15:00:00+00:00,76.349998,76.749496,76.150002,76.660004,532391
2026-04-28 15:15:00+00:00,76.654999,76.949997,76.180000,76.404999,671809
2026-04-28 15:30:00+00:00,76.379997,76.389999,76.000000,76.269997,439510
2026-04-28 15:45:00+00:00,76.300003,76.370003,75.830002,75.940002,381082
2026-04-28 16:00:00+00:00,75.934998,76.425003,75.930000,76.279999,291983
2026-04-28 16:15:00+00:00,76.290001,76.769997,76.089996,76.639999,340560
2026-04-28 16:30:00+00:00,76.629997,77.169998,76.629997,76.940002,285872
2026-04-28 16:45:00+00:00,76.989998,77.360001,76.900002,77.339996,178537
2026-04-28 17:00:00+00:00,77.354698,78.300003,77.285004,78.169998,323021
2026-04-28 17:15:00+00:00,78.190002,78.300003,77.855003,77.904999,268699
2026-04-28 17:30:00+00:00,77.889999,78.190002,77.720001,78.139999,309183
2026-04-28 17:45:00+00:00,78.149002,78.470001,77.785004,78.245003,751821
2026-04-28 18:00:00+00:00,78.239998,79.019997,78.239998,78.580002,458800
2026-04-28 18:15:00+00:00,78.599998,78.800003,78.404999,78.644997,253525
2026-04-28 18:30:00+00:00,78.629997,78.800003,78.470001,78.529999,297248
2026-04-28 18:45:00+00:00,78.529999,78.736504,78.489998,78.650002,195410
2026-04-28 19:00:00+00:00,78.629997,78.839996,78.330002,78.809998,270826
2026-04-28 19:15:00+00:00,78.839897,79.250000,78.669998,78.680000,409158
2026-04-28 19:30:00+00:00,78.699997,78.885002,78.610001,78.690002,571784
2026-04-28 19:45:00+00:00,78.695000,79.000000,78.629997,78.949997,1451013
2026-04-29 13:30:00+00:00,78.199997,78.309998,75.375000,76.279999,721579
2026-04-29 13:45:00+00:00,76.239998,76.480003,75.949997,76.449997,572775
2026-04-29 14:00:00+00:00,76.459999,76.495003,75.995003,76.120003,422940
2026-04-29 14:15:00+00:00,76.129997,76.500000,76.129997,76.430000,330870
2026-04-29 14:30:00+00:00,76.430000,76.639999,76.389999,76.565002,303393
2026-04-29 14:45:00+00:00,76.574997,77.180000,76.550003,76.980003,325071
2026-04-29 15:00:00+00:00,76.959999,76.980003,76.309998,76.400002,231282
2026-04-29 15:15:00+00:00,76.419998,76.510002,76.154999,76.239998,296506
2026-04-29 15:30:00+00:00,76.245003,76.474998,76.110001,76.430000,263138
2026-04-29 15:45:00+00:00,76.449997,76.570000,76.339996,76.400002,201282
2026-04-29 16:00:00+00:00,76.394997,76.532501,76.300003,76.519997,239112
2026-04-29 16:15:00+00:00,76.514999,76.669998,76.355003,76.440002,205256
2026-04-29 16:30:00+00:00,76.434998,76.480003,76.190002,76.320000,140552
2026-04-29 16:45:00+00:00,76.309998,76.309998,76.169998,76.199997,104231
2026-04-29 17:00:00+00:00,76.199997,76.230003,75.730003,75.815002,199443
2026-04-29 17:15:00+00:00,75.800003,76.209999,75.750000,76.209999,131166
2026-04-29 17:30:00+00:00,76.220001,76.379997,76.059998,76.120003,154681
2026-04-29 17:45:00+00:00,76.129997,76.379997,76.080002,76.364998,202088
2026-04-29 18:00:00+00:00,76.370003,76.379997,76.139999,76.150002,183338
2026-04-29 18:15:00+00:00,76.160004,76.315002,76.080002,76.245003,210316
2026-04-29 18:30:00+00:00,76.245003,76.275002,76.059998,76.190002,204352
2026-04-29 18:45:00+00:00,76.180000,76.430000,76.139999,76.330002,162961
2026-04-29 19:00:00+00:00,76.349998,76.510002,76.309998,76.449997,224198
2026-04-29 19:15:00+00:00,76.459999,76.480003,76.260002,76.320000,314179
2026-04-29 19:30:00+00:00,76.309998,76.379997,76.080200,76.330002,460976
2026-04-29 19:45:00+00:00,76.330002,76.750000,76.305000,76.629997,989064
2026-04-30 13:30:00+00:00,76.964996,77.730003,76.839996,77.495003,477077
2026-04-30 13:45:00+00:00,77.500000,77.709999,77.110001,77.570000,371778
2026-04-30 14:00:00+00:00,77.559998,77.790001,77.349998,77.529999,381631
2026-04-30 14:15:00+00:00,77.589996,78.010002,77.589996,77.919998,235515
2026-04-30 14:30:00+00:00,77.900002,78.074997,77.660004,77.690002,221552
2026-04-30 14:45:00+00:00,77.680000,77.769997,77.320000,77.370003,246759
2026-04-30 15:00:00+00:00,77.370003,77.370003,76.820000,76.839996,346942
2026-04-30 15:15:00+00:00,76.864998,76.940002,76.690002,76.860001,415029
2026-04-30 15:30:00+00:00,76.849998,77.004997,76.769997,76.800003,246434
2026-04-30 15:45:00+00:00,76.790001,76.834999,76.570000,76.680000,171968
2026-04-30 16:00:00+00:00,76.673897,76.720001,76.510002,76.669998,180593
2026-04-30 16:15:00+00:00,76.680000,76.970001,76.650002,76.964996,198852
2026-04-30 16:30:00+00:00,76.970001,76.985001,76.750000,76.750000,132336
2026-04-30 16:45:00+00:00,76.750000,77.059998,76.690002,77.029999,134320
2026-04-30 17:00:00+00:00,77.014999,77.040001,76.820000,76.910004,98000
2026-04-30 17:15:00+00:00,76.900002,77.019997,76.824997,77.010002,116896
2026-04-30 17:30:00+00:00,77.040001,77.179901,76.815002,76.820000,126309
2026-04-30 17:45:00+00:00,76.830002,76.949997,76.790001,76.820000,122634
2026-04-30 18:00:00+00:00,76.820000,77.139999,76.800003,77.065002,165314
2026-04-30 18:15:00+00:00,77.065002,77.150002,76.900002,77.055000,179564
2026-04-30 18:30:00+00:00,77.070000,77.070000,76.919998,77.035004,246960
2026-04-30 18:45:00+00:00,77.050003,77.099899,76.940002,76.949997,181309
2026-04-30 19:00:00+00:00,76.949997,77.220001,76.940002,77.200996,248414
2026-04-30 19:15:00+00:00,77.209999,77.309998,77.110001,77.239998,282997
2026-04-30 19:30:00+00:00,77.230003,77.320000,77.169998,77.199997,379667
2026-04-30 19:45:00+00:00,77.190002,77.300003,76.900002,76.900002,1434883
2026-05-01 13:30:00+00:00,77.120003,77.500000,76.000000,76.339996,401626
2026-05-01 13:45:00+00:00,76.309998,76.769997,75.989998,76.769997,317378
2026-05-01 14:00:00+00:00,76.739998,77.000000,76.410004,76.970001,355411
2026-05-01 14:15:00+00:00,76.970001,77.199997,76.875000,76.959999,202165
2026-05-01 14:30:00+00:00,76.949997,76.985001,76.620003,76.629997,155687
2026-05-01 14:45:00+00:00,76.629997,76.629997,76.349998,76.500000,173396
2026-05-01 15:00:00+00:00,76.489998,76.769997,76.480003,76.550003,179843
2026-05-01 15:15:00+00:00,76.550003,76.595001,76.330002,76.410004,162151
2026-05-01 15:30:00+00:00,76.419998,76.451698,76.300003,76.385002,128017
2026-05-01 15:45:00+00:00,76.379997,76.760002,75.544998,75.680000,1057033
2026-05-01 16:00:00+00:00,75.680000,76.004997,75.519997,75.949997,335384
2026-05-01 16:15:00+00:00,75.949997,75.989998,75.669998,75.820000,193979
2026-05-01 16:30:00+00:00,75.824997,75.879997,75.709999,75.809998,118156
2026-05-01 16:45:00+00:00,75.779999,75.830002,75.570000,75.780800,164046
2026-05-01 17:00:00+00:00,75.779999,75.919998,75.750000,75.919998,104233
2026-05-01 17:15:00+00:00,75.919998,75.949997,75.670998,75.724998,104369
2026-05-01 17:30:00+00:00,75.720001,76.059998,75.720001,75.989998,144892
2026-05-01 17:45:00+00:00,75.949997,76.099998,75.940002,76.099998,89234
2026-05-01 18:00:00+00:00,76.089996,76.150002,75.699997,75.750000,131776
2026-05-01 18:15:00+00:00,75.760002,75.919998,75.709999,75.919998,108572
2026-05-01 18:30:00+00:00,75.919998,75.949997,75.750000,75.845001,107392
2026-05-01 18:45:00+00:00,75.839996,75.930000,75.809998,75.820000,167930
2026-05-01 19:00:00+00:00,75.809998,75.989998,75.790001,75.989998,121735
2026-05-01 19:15:00+00:00,75.989998,76.019997,75.800003,75.800003,210126
2026-05-01 19:30:00+00:00,75.800003,75.980003,75.769997,75.930000,304929
2026-05-01 19:45:00+00:00,75.919998,75.980003,75.769997,75.769997,676900
2026-05-04 13:30:00+00:00,76.360001,76.964996,76.059998,76.394997,351288
2026-05-04 13:45:00+00:00,76.309998,76.720001,76.250000,76.690002,274577
2026-05-04 14:00:00+00:00,76.690002,77.010002,76.577499,76.669998,254509
2026-05-04 14:15:00+00:00,76.660004,76.709999,76.315002,76.440002,243859
2026-05-04 14:30:00+00:00,76.440002,76.540001,76.095001,76.095001,158730
2026-05-04 14:45:00+00:00,76.070000,76.199997,75.956001,76.050003,162821
2026-05-04 15:00:00+00:00,76.040001,76.110001,75.940002,75.989998,167668
2026-05-04 15:15:00+00:00,75.980003,76.000000,75.639999,75.761902,259068
2026-05-04 15:30:00+00:00,75.769997,76.235001,75.654999,76.205002,273071
2026-05-04 15:45:00+00:00,76.190002,76.430000,76.070000,76.099998,232560
2026-05-04 16:00:00+00:00,76.089996,76.324997,75.949997,75.980103,198483
2026-05-04 16:15:00+00:00,75.950104,76.331299,75.904999,76.000000,225675
2026-05-04 16:30:00+00:00,75.949997,75.980003,75.629997,75.639999,286167
2026-05-04 16:45:00+00:00,75.645103,75.724998,75.430000,75.434998,146249
2026-05-04 17:00:00+00:00,75.419998,75.470001,75.324997,75.449997,88100
2026-05-04 17:15:00+00:00,75.443001,75.690002,75.210602,75.654999,167638
2026-05-04 17:30:00+00:00,75.650002,75.790001,75.570000,75.705002,73020
2026-05-04 17:45:00+00:00,75.699997,75.730003,75.635002,75.660004,77574
2026-05-04 18:00:00+00:00,75.660004,75.919998,75.629997,75.845001,90192
2026-05-04 18:15:00+00:00,75.839996,75.855431,75.629997,75.639999,99508
2026-05-04 18:30:00+00:00,75.639999,75.870003,75.639999,75.680000,168249
2026-05-04 18:45:00+00:00,75.699997,75.754997,75.639999,75.709999,107292
2026-05-04 19:00:00+00:00,75.714996,75.940002,75.650002,75.849998,173071
2026-05-04 19:15:00+00:00,75.849998,75.860001,75.610001,75.625000,145833
2026-05-04 19:30:00+00:00,75.610001,75.819000,75.589996,75.620003,221263
2026-05-04 19:45:00+00:00,75.620003,75.820000,75.610001,75.714996,1100063
2026-05-05 13:30:00+00:00,76.269997,77.059998,76.150002,76.220001,262336
2026-05-05 13:45:00+00:00,76.220001,76.580002,76.019997,76.550003,146526
2026-05-05 14:00:00+00:00,76.540001,76.949997,76.510002,76.760002,143238
2026-05-05 14:15:00+00:00,76.730003,77.154999,76.730003,76.885002,227709
2026-05-05 14:30:00+00:00,76.889999,76.919998,76.650002,76.845001,152857
2026-05-05 14:45:00+00:00,76.839996,76.910004,76.760002,76.870102,85207
2026-05-05 15:00:00+00:00,76.889999,77.110001,76.790100,76.830002,122270
2026-05-05 15:15:00+00:00,76.824997,76.870003,76.705002,76.775002,77287
2026-05-05 15:30:00+00:00,76.779999,76.900002,76.709999,76.739998,106606
2026-05-05 15:45:00+00:00,76.750000,77.000000,76.709999,76.959999,102405
2026-05-05 16:00:00+00:00,76.980003,77.040001,76.800003,76.800003,83166
2026-05-05 16:15:00+00:00,76.805000,76.809998,76.480003,76.529999,101914
2026-05-05 16:30:00+00:00,76.535004,76.550003,76.410004,76.425003,71814
2026-05-05 16:45:00+00:00,76.419998,76.470001,76.309998,76.440002,112874
2026-05-05 17:00:00+00:00,76.449997,76.459999,76.320000,76.330002,195427
2026-05-05 17:15:00+00:00,76.309998,76.370003,76.211197,76.324997,109339
2026-05-05 17:30:00+00:00,76.339996,76.339996,76.260002,76.269997,94740
2026-05-05 17:45:00+00:00,76.269997,76.300003,76.135002,76.160004,98168
2026-05-05 18:00:00+00:00,76.160004,76.349998,76.114998,76.190002,162502
2026-05-05 18:15:00+00:00,76.209999,76.260002,76.129997,76.175003,128737
2026-05-05 18:30:00+00:00,76.190002,76.214996,76.125000,76.199997,74196
2026-05-05 18:45:00+00:00,76.184998,76.364998,76.169998,76.349998,114365
2026-05-05 19:00:00+00:00,76.375000,76.639999,76.367500,76.620003,121714
2026-05-05 19:15:00+00:00,76.639999,76.639999,76.480003,76.489998,160350
2026-05-05 19:30:00+00:00,76.496803,76.669998,76.449997,76.459999,196282
2026-05-05 19:45:00+00:00,76.455002,76.500000,76.160004,76.160004,506135
2026-05-06 13:30:00+00:00,78.199997,79.220001,78.180000,78.887497,444380
2026-05-06 13:45:00+00:00,78.894997,78.910004,78.570000,78.769997,104929
2026-05-06 14:00:00+00:00,78.820000,78.820000,78.309998,78.599998,153900
2026-05-06 14:15:00+00:00,78.620003,78.779999,78.440002,78.440002,126504
2026-05-06 14:30:00+00:00,78.610001,78.875000,78.339996,78.849998,179289
2026-05-06 14:45:00+00:00,78.849998,78.859299,78.654999,78.730003,90494
2026-05-06 15:00:00+00:00,78.730003,78.820000,78.519997,78.644997,236526
2026-05-06 15:15:00+00:00,78.620003,78.729897,78.449997,78.470001,83715
2026-05-06 15:30:00+00:00,78.470001,78.470001,77.839996,77.985001,245605
2026-05-06 15:45:00+00:00,77.985001,78.019997,77.870003,77.900002,92077
2026-05-06 16:00:00+00:00,77.904999,78.010002,77.824997,77.840401,104633
2026-05-06 16:15:00+00:00,77.860001,78.209999,77.860001,78.050003,110430
2026-05-06 16:30:00+00:00,78.059998,78.209999,78.040001,78.114998,63824
2026-05-06 16:45:00+00:00,78.125000,78.239998,78.080002,78.150002,113991
2026-05-06 17:00:00+00:00,78.150002,78.339996,78.120003,78.230003,81731
2026-05-06 17:15:00+00:00,78.230003,78.300003,78.230003,78.300003,2306173
2026-05-06 17:30:00+00:00,78.315002,78.480003,78.290001,78.339996,84263
2026-05-06 17:45:00+00:00,78.349998,78.389999,78.239998,78.389999,70614
2026-05-06 18:00:00+00:00,78.349998,78.459999,78.320000,78.400002,91251
2026-05-06 18:15:00+00:00,78.389999,78.675003,78.385002,78.589996,95693
2026-05-06 18:30:00+00:00,78.589996,78.839996,78.589996,78.839996,166306
2026-05-06 18:45:00+00:00,78.830002,79.300003,78.760399,79.190002,208421
2026-05-06 19:00:00+00:00,79.190002,79.449997,79.160004,79.300003,198889
2026-05-06 19:15:00+00:00,79.290001,79.330002,78.989998,79.029999,208504
2026-05-06 19:30:00+00:00,79.019997,79.040001,78.779999,78.949997,257194
2026-05-06 19:45:00+00:00,78.959999,79.095001,78.559998,78.690002,742432
2026-05-07 13:30:00+00:00,78.820000,79.370003,78.628998,78.730003,197169
2026-05-07 13:45:00+00:00,78.750000,78.769997,78.419998,78.540001,138960
2026-05-07 14:00:00+00:00,78.529999,78.598999,78.180000,78.519997,156516
2026-05-07 14:15:00+00:00,78.500000,78.739998,78.169998,78.230003,164785
2026-05-07 14:30:00+00:00,78.260002,78.695000,78.254997,78.650002,115357
2026-05-07 14:45:00+00:00,78.665001,78.870003,78.620003,78.845001,88625
2026-05-07 15:00:00+00:00,78.855003,79.269997,78.790901,79.110001,125955
2026-05-07 15:15:00+00:00,79.099998,79.239998,79.040001,79.199997,150815
2026-05-07 15:30:00+00:00,79.220001,79.230003,78.980003,79.029999,107615
2026-05-07 15:45:00+00:00,79.029999,79.080002,78.794998,78.870003,113681
2026-05-07 16:00:00+00:00,78.860001,79.050003,78.794998,78.980003,124171
2026-05-07 16:15:00+00:00,78.980003,78.989998,78.650002,78.989998,91362
2026-05-07 16:30:00+00:00,78.989998,79.029900,78.834999,78.860001,78970
2026-05-07 16:45:00+00:00,78.870003,78.900002,78.750000,78.839996,62449
2026-05-07 17:00:00+00:00,78.849998,78.925003,78.730003,78.860001,74353
2026-05-07 17:15:00+00:00,78.860001,79.080002,78.695000,78.800003,77025
2026-05-07 17:30:00+00:00,78.760002,78.870003,78.680000,78.709999,55740
2026-05-07 17:45:00+00:00,78.709999,78.860001,78.680000,78.860001,66004
2026-05-07 18:00:00+00:00,78.860001,78.879997,78.669998,78.779999,65704
2026-05-07 18:15:00+00:00,78.779999,78.845001,78.559998,78.589996,67585
2026-05-07 18:30:00+00:00,78.589996,78.644997,78.370003,78.410004,71770
2026-05-07 18:45:00+00:00,78.394997,78.489998,78.339996,78.449997,74003
2026-05-07 19:00:00+00:00,78.470001,78.739998,78.470001,78.660004,81828
2026-05-07 19:15:00+00:00,78.650002,78.650002,78.500000,78.540001,140195
2026-05-07 19:30:00+00:00,78.559998,78.580002,78.400002,78.459999,224435
2026-05-07 19:45:00+00:00,78.459999,78.610001,78.389999,78.419998,675110
2026-05-08 13:30:00+00:00,79.129997,79.330002,78.360001,78.510002,144929
2026-05-08 13:45:00+00:00,78.510002,78.820000,78.389999,78.510002,100597
2026-05-08 14:00:00+00:00,78.519997,78.615097,78.069099,78.300003,69064
2026-05-08 14:15:00+00:00,78.290001,78.529999,78.209999,78.489998,64118
2026-05-08 14:30:00+00:00,78.449997,78.610001,78.355003,78.430000,81568
2026-05-08 14:45:00+00:00,78.430000,78.430000,78.279999,78.349998,116524
2026-05-08 15:00:00+00:00,78.334999,78.559998,78.286697,78.480003,71065
2026-05-08 15:15:00+00:00,78.470001,78.610001,78.470001,78.519997,89631
2026-05-08 15:30:00+00:00,78.489998,78.820000,78.489998,78.779999,76010
2026-05-08 15:45:00+00:00,78.769997,78.930000,78.699997,78.900002,61921
2026-05-08 16:00:00+00:00,78.860001,78.910004,78.790001,78.820000,50214
2026-05-08 16:15:00+00:00,78.820000,78.830002,78.699997,78.779999,43955
2026-05-08 16:30:00+00:00,78.788399,78.910004,78.739998,78.779999,45644
2026-05-08 16:45:00+00:00,78.785004,78.809998,78.660004,78.699997,38257
2026-05-08 17:00:00+00:00,78.720001,78.739998,78.349998,78.355003,56305
2026-05-08 17:15:00+00:00,78.339996,78.400002,78.294998,78.334999,59500
2026-05-08 17:30:00+00:00,78.339996,78.495003,78.309998,78.459999,62577
2026-05-08 17:45:00+00:00,78.459999,78.605003,78.449997,78.559998,33311
2026-05-08 18:00:00+00:00,78.570000,78.730003,78.379997,78.434998,100255
2026-05-08 18:15:00+00:00,78.449997,78.620003,78.419998,78.620003,56559
2026-05-08 18:30:00+00:00,78.639999,78.660004,78.559998,78.599998,41155
2026-05-08 18:45:00+00:00,78.599998,78.605003,78.400002,78.480003,69235
2026-05-08 19:00:00+00:00,78.457497,78.550102,78.449997,78.500000,69495
2026-05-08 19:15:00+00:00,78.489998,78.680000,78.480003,78.625000,101595
2026-05-08 19:30:00+00:00,78.610001,78.800003,78.580101,78.699997,143713
2026-05-08 19:45:00+00:00,78.690002,78.839996,78.619301,78.779999,402836
2026-05-11 13:30:00+00:00,78.800003,79.000000,77.800003,77.849998,252829
2026-05-11 13:45:00+00:00,77.910004,78.220001,77.629997,77.970001,119324
2026-05-11 14:00:00+00:00,77.974998,77.974998,77.324997,77.324997,124703
2026-05-11 14:15:00+00:00,77.440002,77.580002,76.949997,76.980003,153357
2026-05-11 14:30:00+00:00,76.980003,77.050003,76.416603,76.699997,219470
2026-05-11 14:45:00+00:00,76.690002,76.779999,76.230003,76.269997,290812
2026-05-11 15:00:00+00:00,76.245003,76.470001,76.169998,76.425003,151472
2026-05-11 15:15:00+00:00,76.443001,76.514999,76.129997,76.129997,273150
2026-05-11 15:30:00+00:00,76.129997,76.389999,76.010002,76.290001,159952
2026-05-11 15:45:00+00:00,76.180000,76.355003,75.699997,75.779999,243759
2026-05-11 16:00:00+00:00,75.764999,75.907097,75.754997,75.809998,81180
2026-05-11 16:15:00+00:00,75.800003,75.910004,75.639999,75.695000,208189
2026-05-11 16:30:00+00:00,75.695000,75.834999,75.425003,75.455002,155465
2026-05-11 16:45:00+00:00,75.449997,75.709999,75.339996,75.699997,191295
2026-05-11 17:00:00+00:00,75.669998,75.690002,75.410004,75.480003,131546
2026-05-11 17:15:00+00:00,75.459999,75.820000,75.430000,75.650002,162193
2026-05-11 17:30:00+00:00,75.650002,75.739998,75.389999,75.489998,174144
2026-05-11 17:45:00+00:00,75.500000,75.809998,75.430099,75.724998,190477
2026-05-11 18:00:00+00:00,75.730003,75.750000,75.540001,75.650002,99461
2026-05-11 18:15:00+00:00,75.660004,75.790001,75.634201,75.750000,110545
2026-05-11 18:30:00+00:00,75.769997,76.059998,75.750000,75.995003,183948
2026-05-11 18:45:00+00:00,75.989998,76.070000,75.360001,75.410004,238770
2026-05-11 19:00:00+00:00,75.419998,75.559998,75.224998,75.400002,234635
2026-05-11 19:15:00+00:00,75.379997,75.614998,75.355003,75.570000,255651
2026-05-11 19:30:00+00:00,75.565002,75.565002,75.129997,75.180000,261798
2026-05-11 19:45:00+00:00,75.190002,75.315002,75.107697,75.309998,713578
2026-05-12 13:30:00+00:00,75.400002,75.699997,75.000000,75.099998,229376
2026-05-12 13:45:00+00:00,75.114998,75.400002,74.959999,75.370003,116980
2026-05-12 14:00:00+00:00,75.389999,75.519997,75.154999,75.320000,109770
2026-05-12 14:15:00+00:00,75.320000,75.540001,75.175003,75.529999,116101
2026-05-12 14:30:00+00:00,75.544998,75.580002,75.339996,75.574997,106130
2026-05-12 14:45:00+00:00,75.559998,75.790001,75.430000,75.775002,122612
2026-05-12 15:00:00+00:00,75.790001,75.800003,75.639999,75.745003,117700
2026-05-12 15:15:00+00:00,75.739998,75.891098,75.660004,75.779999,123097
2026-05-12 15:30:00+00:00,75.790001,75.809998,75.625000,75.709999,105983
2026-05-12 15:45:00+00:00,75.730003,75.739998,75.610001,75.675003,168248
2026-05-12 16:00:00+00:00,75.660004,75.919998,75.610100,75.650002,96340
2026-05-12 16:15:00+00:00,75.669998,75.750000,75.650002,75.730003,60012
2026-05-12 16:30:00+00:00,75.735001,75.800003,75.669998,75.750000,72901
2026-05-12 16:45:00+00:00,75.750000,76.089996,75.709999,76.059998,96392
2026-05-12 17:00:00+00:00,76.050003,76.180000,75.995003,76.089996,129918
2026-05-12 17:15:00+00:00,76.080002,76.120003,75.940002,75.949997,114828
2026-05-12 17:30:00+00:00,75.930000,75.970001,75.864998,75.949997,68859
2026-05-12 17:45:00+00:00,75.930000,76.029999,75.849998,76.014999,116504
2026-05-12 18:00:00+00:00,76.014999,76.230003,76.000000,76.205002,115770
2026-05-12 18:15:00+00:00,76.209999,76.360001,76.114998,76.269997,104147
2026-05-12 18:30:00+00:00,76.279999,76.540001,76.260002,76.504997,93363
2026-05-12 18:45:00+00:00,76.514999,76.639999,76.464996,76.620003,153128
2026-05-12 19:00:00+00:00,76.629997,76.889999,76.629997,76.810097,175888
2026-05-12 19:15:00+00:00,76.800102,76.805000,76.605003,76.644997,167968
2026-05-12 19:30:00+00:00,76.650002,76.699997,76.449997,76.570000,243293
2026-05-12 19:45:00+00:00,76.565002,76.720001,76.419998,76.455002,549641
2026-05-13 13:30:00+00:00,76.220001,76.230003,75.559998,75.830002,306185
2026-05-13 13:45:00+00:00,75.820000,76.320000,75.790001,76.180000,176729
2026-05-13 14:00:00+00:00,76.209999,76.529999,76.059998,76.425003,185782
2026-05-13 14:15:00+00:00,76.425003,76.779999,76.425003,76.559998,145094
2026-05-13 14:30:00+00:00,76.589996,76.879997,76.470001,76.654999,136622
2026-05-13 14:45:00+00:00,76.674797,77.010002,76.660004,76.900803,127756
2026-05-13 15:00:00+00:00,76.940002,77.290001,76.940002,77.239998,254570
2026-05-13 15:15:00+00:00,77.250000,77.660004,77.220001,77.529999,270173
2026-05-13 15:30:00+00:00,77.529999,77.599998,76.830002,76.839996,236058
2026-05-13 15:45:00+00:00,76.839996,76.889999,76.580002,76.794998,144733
2026-05-13 16:00:00+00:00,76.769997,76.870003,76.589996,76.644997,126925
2026-05-13 16:15:00+00:00,76.660004,76.820000,76.199997,76.349998,350155
2026-05-13 16:30:00+00:00,76.349998,76.425102,76.089996,76.379997,354972
2026-05-13 16:45:00+00:00,76.389999,76.629997,76.269997,76.565002,402511
2026-05-13 17:00:00+00:00,76.559998,76.690002,76.239998,76.269997,222109
2026-05-13 17:15:00+00:00,76.260002,76.379997,76.110001,76.125000,258389
2026-05-13 17:30:00+00:00,76.110001,76.250000,75.910004,76.129997,163851
2026-05-13 17:45:00+00:00,76.135002,76.336098,76.070000,76.264999,188010
2026-05-13 18:00:00+00:00,76.250000,76.379997,75.910004,76.010002,190893
2026-05-13 18:15:00+00:00,76.019997,76.144997,75.750099,75.779999,166244
2026-05-13 18:30:00+00:00,75.785004,75.845001,75.449997,75.470001,148318
2026-05-13 18:45:00+00:00,75.489998,75.755096,75.474998,75.739998,151172
2026-05-13 19:00:00+00:00,75.760002,76.300003,75.739998,75.980003,310740
2026-05-13 19:15:00+00:00,76.000000,76.230003,75.910004,76.175003,307489
2026-05-13 19:30:00+00:00,76.190002,76.355003,75.820000,75.834999,452975
2026-05-13 19:45:00+00:00,75.820000,76.044998,75.639999,75.809998,929495
2026-05-14 13:30:00+00:00,75.879997,77.180000,75.879997,76.860001,778787
2026-05-14 13:45:00+00:00,76.864998,77.510002,76.529999,77.449997,397155
2026-05-14 14:00:00+00:00,77.360001,77.709297,77.239998,77.680000,256475
2026-05-14 14:15:00+00:00,77.684998,78.425003,77.654999,78.070000,873412
2026-05-14 14:30:00+00:00,78.059998,78.699898,78.019997,78.135002,372554
2026-05-14 14:45:00+00:00,78.110001,78.489998,78.050003,78.230003,242319
2026-05-14 15:00:00+00:00,78.209999,78.449997,78.209999,78.245201,148701
2026-05-14 15:15:00+00:00,78.239998,78.570000,78.150002,78.495003,123729
2026-05-14 15:30:00+00:00,78.480003,78.870003,78.389999,78.739998,219010
2026-05-14 15:45:00+00:00,78.739998,79.105003,78.739998,79.080002,378467
2026-05-14 16:00:00+00:00,79.070000,79.230003,78.949997,79.059998,204428
2026-05-14 16:15:00+00:00,79.070000,79.269997,78.960999,79.000000,92404
2026-05-14 16:30:00+00:00,79.000000,79.080002,78.699997,78.720001,103757
2026-05-14 16:45:00+00:00,78.739998,78.829903,78.403000,78.526802,102663
2026-05-14 17:00:00+00:00,78.514999,78.730003,78.514999,78.650002,127160
2026-05-14 17:15:00+00:00,78.635002,78.635002,78.330002,78.339996,99541
2026-05-14 17:30:00+00:00,78.345001,78.345001,78.169998,78.230003,172207
2026-05-14 17:45:00+00:00,78.235001,78.334999,78.190002,78.245003,140170
2026-05-14 18:00:00+00:00,78.239998,78.355003,78.209999,78.260002,118252
2026-05-14 18:15:00+00:00,78.305000,78.305000,77.640999,77.720001,211164
2026-05-14 18:30:00+00:00,77.714996,78.059998,77.699997,77.970001,115424
2026-05-14 18:45:00+00:00,77.985001,78.095001,77.709999,77.879997,101825
2026-05-14 19:00:00+00:00,77.879997,77.904999,77.720001,77.904999,159071
2026-05-14 19:15:00+00:00,77.904999,77.959999,77.699997,77.805000,256697
2026-05-14 19:30:00+00:00,77.805000,78.000000,77.769997,77.849998,323370
2026-05-14 19:45:00+00:00,77.849998,77.870003,77.570000,77.754997,761007
2026-05-15 13:30:00+00:00,76.599998,77.160004,76.205002,76.334999,759614
2026-05-15 13:45:00+00:00,76.349998,76.680000,76.250000,76.379997,182174
2026-05-15 14:00:00+00:00,76.370003,76.400002,75.500000,75.639999,394984
2026-05-15 14:15:00+00:00,75.660004,75.949997,75.480003,75.769997,186699
2026-05-15 14:30:00+00:00,75.730003,76.010002,75.730003,75.859001,141081
2026-05-15 14:45:00+00:00,75.839996,75.930000,75.742699,75.855003,122972
2026-05-15 15:00:00+00:00,75.889999,75.949997,75.610001,75.699997,111886
2026-05-15 15:15:00+00:00,75.720001,75.730003,75.510002,75.574997,162357
2026-05-15 15:30:00+00:00,75.589996,75.829903,75.570000,75.675003,138284
2026-05-15 15:45:00+00:00,75.669998,75.760002,75.110001,75.165001,174970
2026-05-15 16:00:00+00:00,75.165001,75.430000,75.150002,75.220001,197727
2026-05-15 16:15:00+00:00,75.254402,75.254402,74.959999,75.209999,185146
2026-05-15 16:30:00+00:00,75.196899,75.269997,75.139999,75.220001,147944
2026-05-15 16:45:00+00:00,75.220001,75.470001,75.180000,75.349998,187694
2026-05-15 17:00:00+00:00,75.370003,75.599998,75.235001,75.309402,148518
2026-05-15 17:15:00+00:00,75.290001,75.550003,75.180000,75.180000,142559
2026-05-15 17:30:00+00:00,75.209999,75.260002,75.129997,75.230003,132671
2026-05-15 17:45:00+00:00,75.195000,75.309998,75.110001,75.129997,112076
2026-05-15 18:00:00+00:00,75.150002,75.449997,75.055000,75.080002,229506
2026-05-15 18:15:00+00:00,75.059998,75.110001,74.889999,74.995003,259020
2026-05-15 18:30:00+00:00,74.995003,75.099998,74.960098,75.044998,151463
2026-05-15 18:45:00+00:00,75.010002,75.230003,75.004997,75.165001,226191
2026-05-15 19:00:00+00:00,75.199997,75.449997,75.129997,75.360001,251535
2026-05-15 19:15:00+00:00,75.375000,75.599998,75.239998,75.290001,471802
2026-05-15 19:30:00+00:00,75.300003,75.320000,74.940002,74.985001,340228
2026-05-15 19:45:00+00:00,74.989998,75.089996,74.800003,74.839996,1044410
2026-05-18 13:30:00+00:00,74.820000,74.980003,73.709999,74.480003,325599
2026-05-18 13:45:00+00:00,74.510002,74.660004,74.339996,74.389999,116290
2026-05-18 14:00:00+00:00,74.430000,74.537300,74.099998,74.339996,147132
2026-05-18 14:15:00+00:00,74.330002,74.760002,74.330002,74.680000,103435
2026-05-18 14:30:00+00:00,74.660004,74.660004,74.129997,74.349998,157422
2026-05-18 14:45:00+00:00,74.339996,74.919998,74.320000,74.794998,147873
2026-05-18 15:00:00+00:00,74.779999,74.815002,74.360001,74.419998,161281
2026-05-18 15:15:00+00:00,74.470001,74.525002,74.339996,74.430000,122308
2026-05-18 15:30:00+00:00,74.449997,74.599998,74.330002,74.489998,133686
2026-05-18 15:45:00+00:00,74.495003,74.519997,74.360001,74.375000,57004
2026-05-18 16:00:00+00:00,74.355003,74.419998,74.339996,74.370003,51857
2026-05-18 16:15:00+00:00,74.430000,74.529999,74.349998,74.382500,98931
2026-05-18 16:30:00+00:00,74.349998,74.519997,74.230003,74.230003,85864
2026-05-18 16:45:00+00:00,74.230003,74.410004,74.230003,74.290001,55236
2026-05-18 17:00:00+00:00,74.260002,74.389999,74.160004,74.195000,75271
2026-05-18 17:15:00+00:00,74.169998,74.400002,74.160004,74.339996,78214
2026-05-18 17:30:00+00:00,74.324997,74.349998,74.010002,74.010002,88741
2026-05-18 17:45:00+00:00,74.025002,74.150002,74.000000,74.070000,70797
2026-05-18 18:00:00+00:00,74.089996,74.089996,73.820000,73.864998,84814
2026-05-18 18:15:00+00:00,73.849998,73.879997,73.570000,73.680000,100531
2026-05-18 18:30:00+00:00,73.699997,73.820000,73.660004,73.769997,101823
2026-05-18 18:45:00+00:00,73.800003,73.849998,73.580002,73.589996,90416
2026-05-18 19:00:00+00:00,73.599998,74.160004,73.599998,73.720001,147142
2026-05-18 19:15:00+00:00,73.750000,73.790001,73.510002,73.555000,187452
2026-05-18 19:30:00+00:00,73.550003,73.629997,73.510002,73.589996,229965
2026-05-18 19:45:00+00:00,73.580002,73.660004,73.089996,73.110001,916649
2026-05-19 13:30:00+00:00,72.239998,72.419998,70.535004,70.540001,499950
2026-05-19 13:45:00+00:00,70.540001,71.180000,70.425003,70.919998,327894
2026-05-19 14:00:00+00:00,70.889999,71.379997,70.580002,71.339996,467263
2026-05-19 14:15:00+00:00,71.349998,71.584999,71.297501,71.519997,248354
2026-05-19 14:30:00+00:00,71.540001,71.760002,71.375000,71.449997,211262
2026-05-19 14:45:00+00:00,71.434998,71.540001,71.125000,71.309998,127965
2026-05-19 15:00:00+00:00,71.320000,71.574997,71.190002,71.489998,197244
2026-05-19 15:15:00+00:00,71.485001,71.720001,71.389999,71.699997,136010
2026-05-19 15:30:00+00:00,71.699997,71.900002,71.680000,71.769997,175913
2026-05-19 15:45:00+00:00,71.785004,72.080002,71.785004,72.010002,109251
2026-05-19 16:00:00+00:00,72.014999,72.360001,71.970001,72.345001,133145
2026-05-19 16:15:00+00:00,72.335197,72.550003,72.269997,72.440002,158634
2026-05-19 16:30:00+00:00,72.430000,72.510002,72.309998,72.389999,132995
2026-05-19 16:45:00+00:00,72.400002,72.480003,72.250000,72.455002,131651
2026-05-19 17:00:00+00:00,72.455002,72.489998,72.264999,72.489998,178515
2026-05-19 17:15:00+00:00,72.480003,72.559998,72.410004,72.519997,150335
2026-05-19 17:30:00+00:00,72.514999,72.650002,72.510002,72.584999,183837
2026-05-19 17:45:00+00:00,72.589996,72.639999,72.389999,72.500000,168303
2026-05-19 18:00:00+00:00,72.510002,72.800003,72.510002,72.764999,151487
2026-05-19 18:15:00+00:00,72.750000,72.769997,72.660004,72.709999,144968
2026-05-19 18:30:00+00:00,72.714996,72.769997,72.529999,72.650002,144834
2026-05-19 18:45:00+00:00,72.644997,72.701698,72.480003,72.701698,223734
2026-05-19 19:00:00+00:00,72.709999,72.820000,72.570000,72.739998,183432
2026-05-19 19:15:00+00:00,72.769997,72.879997,72.720001,72.769997,188295
2026-05-19 19:30:00+00:00,72.779999,72.879997,72.663902,72.675003,309730
2026-05-19 19:45:00+00:00,72.680000,72.750000,72.470001,72.639999,631346
2026-05-20 13:30:00+00:00,73.589996,74.440002,73.269997,74.080002,433729
2026-05-20 13:45:00+00:00,74.120003,74.839996,74.080002,74.459999,331331
2026-05-20 14:00:00+00:00,74.480003,74.489998,74.000000,74.209999,223651
2026-05-20 14:15:00+00:00,74.209999,74.660004,74.195000,74.474998,305036
2026-05-20 14:30:00+00:00,74.510002,74.739998,74.370003,74.650002,193026
2026-05-20 14:45:00+00:00,74.650002,74.860001,74.550003,74.839996,151381
2026-05-20 15:00:00+00:00,74.820000,74.860001,74.629997,74.629997,230082
2026-05-20 15:15:00+00:00,74.660004,75.129997,74.629997,74.915001,265376
2026-05-20 15:30:00+00:00,74.919998,75.139999,74.849998,74.989998,340396
2026-05-20 15:45:00+00:00,75.000000,75.239998,74.980003,75.230003,146285
2026-05-20 16:00:00+00:00,75.250000,75.309998,75.150002,75.250000,181957
2026-05-20 16:15:00+00:00,75.239998,75.290001,75.089996,75.139999,164966
2026-05-20 16:30:00+00:00,75.150002,75.379997,75.110001,75.379997,148340
2026-05-20 16:45:00+00:00,75.360001,75.410004,75.223000,75.254700,116721
2026-05-20 17:00:00+00:00,75.250000,75.330002,75.120003,75.239998,140270
2026-05-20 17:15:00+00:00,75.250000,75.415001,75.250000,75.394997,109003
2026-05-20 17:30:00+00:00,75.410004,75.504997,75.320000,75.370003,146388
2026-05-20 17:45:00+00:00,75.364998,75.474998,75.230003,75.360001,122593
2026-05-20 18:00:00+00:00,75.339996,75.620003,75.279999,75.620003,180468
2026-05-20 18:15:00+00:00,75.620003,75.644997,75.559998,75.601700,128878
2026-05-20 18:30:00+00:00,75.610001,75.889999,75.599998,75.769997,246509
2026-05-20 18:45:00+00:00,75.769997,75.930000,75.760002,75.919998,146873
2026-05-20 19:00:00+00:00,75.940002,76.095001,75.925003,75.945000,206250
2026-05-20 19:15:00+00:00,75.945000,76.010002,75.860001,75.934998,230365
2026-05-20 19:30:00+00:00,75.940002,76.055000,75.894997,75.900002,409817
2026-05-20 19:45:00+00:00,75.900002,76.160004,75.720001,76.139999,847810
2026-05-21 13:30:00+00:00,75.379997,75.820000,75.000000,75.459999,333546
2026-05-21 13:45:00+00:00,75.419998,76.220001,75.404999,76.084999,188784
2026-05-21 14:00:00+00:00,76.050003,76.360001,75.904999,76.309998,250959
2026-05-21 14:15:00+00:00,76.309998,76.370003,76.029999,76.279999,136038
2026-05-21 14:30:00+00:00,76.269997,76.360001,75.910004,76.000000,118553
2026-05-21 14:45:00+00:00,76.010002,76.144997,75.930000,76.135002,103325
2026-05-21 15:00:00+00:00,76.160004,76.264999,76.029999,76.239998,122997
2026-05-21 15:15:00+00:00,76.220001,76.279999,76.139999,76.190002,113808
2026-05-21 15:30:00+00:00,76.199997,76.220001,76.029999,76.135002,108990
2026-05-21 15:45:00+00:00,76.129997,76.199997,76.050003,76.129997,103633
2026-05-21 16:00:00+00:00,76.129997,76.239998,76.055000,76.080002,112479
2026-05-21 16:15:00+00:00,76.080002,76.205002,76.014999,76.035301,80727
2026-05-21 16:30:00+00:00,76.035004,76.220001,76.035004,76.214996,76995
2026-05-21 16:45:00+00:00,76.230003,76.250000,76.129997,76.209999,73180
2026-05-21 17:00:00+00:00,76.209999,76.480003,76.150002,76.400002,110754
2026-05-21 17:15:00+00:00,76.440002,76.930000,76.440002,76.889999,131490
2026-05-21 17:30:00+00:00,76.889999,76.910004,76.639999,76.860001,128547
2026-05-21 17:45:00+00:00,76.864998,77.120003,76.849998,77.029999,142818
2026-05-21 18:00:00+00:00,77.044998,77.260002,76.904999,77.175003,235319
2026-05-21 18:15:00+00:00,77.169998,77.364998,77.130096,77.254997,103877
2026-05-21 18:30:00+00:00,77.260002,77.339996,77.190002,77.214996,105910
2026-05-21 18:45:00+00:00,77.224998,77.224998,76.750000,76.864998,137520
2026-05-21 19:00:00+00:00,76.878998,77.050003,76.839996,77.014999,134711
2026-05-21 19:15:00+00:00,77.029999,77.080002,76.910004,77.029999,174067
2026-05-21 19:30:00+00:00,77.040001,77.370003,77.029999,77.180000,372847
2026-05-21 19:45:00+00:00,77.169998,77.320000,77.150002,77.220001,799684
2026-05-22 13:30:00+00:00,78.000000,78.470001,77.684998,77.949997,221447
2026-05-22 13:45:00+00:00,77.919998,78.789902,77.919998,78.644997,185221
2026-05-22 14:00:00+00:00,78.570000,79.019997,78.504997,78.727501,214120
2026-05-22 14:15:00+00:00,78.739998,79.269997,78.739998,79.180000,186756
2026-05-22 14:30:00+00:00,79.180000,79.570000,79.131401,79.570000,154442
2026-05-22 14:45:00+00:00,79.559998,79.849998,79.464996,79.695000,235378
2026-05-22 15:00:00+00:00,79.705002,79.802498,79.220001,79.360001,257193
2026-05-22 15:15:00+00:00,79.349998,79.480003,79.260002,79.349998,209644
2026-05-22 15:30:00+00:00,79.350098,79.389999,79.199997,79.360001,192555
2026-05-22 15:45:00+00:00,79.345001,79.404999,78.940002,78.989998,319175
2026-05-22 16:00:00+00:00,79.009903,79.349998,78.970001,79.050003,241622
2026-05-22 16:15:00+00:00,79.080002,79.224899,78.769997,78.839996,167953
2026-05-22 16:30:00+00:00,78.839996,79.355003,78.839996,79.264999,146244
2026-05-22 16:45:00+00:00,79.269997,79.379997,79.089996,79.110001,101435
2026-05-22 17:00:00+00:00,79.110001,79.279999,79.010002,79.019997,145840
2026-05-22 17:15:00+00:00,79.019997,79.389999,78.839996,79.360001,218241
2026-05-22 17:30:00+00:00,79.379997,79.379997,79.099998,79.250000,94612
2026-05-22 17:45:00+00:00,79.249901,79.249901,79.019997,79.074997,116826
2026-05-22 18:00:00+00:00,79.080002,79.110001,78.911003,78.940002,106147
2026-05-22 18:15:00+00:00,78.934998,79.120003,78.904999,79.025002,117120
2026-05-22 18:30:00+00:00,79.025002,79.040001,78.809998,78.864998,130631
2026-05-22 18:45:00+00:00,78.870003,78.919998,78.779999,78.785004,217622
2026-05-22 19:00:00+00:00,78.785004,78.820000,78.580002,78.684998,143231
2026-05-22 19:15:00+00:00,78.684998,78.799896,78.620003,78.760002,222486
2026-05-22 19:30:00+00:00,78.769997,78.915001,78.709999,78.790001,273828
2026-05-22 19:45:00+00:00,78.790001,78.864998,78.589996,78.794998,723718
2026-05-26 13:30:00+00:00,79.300003,79.870003,78.665001,79.620003,361325
2026-05-26 13:45:00+00:00,79.660004,80.070000,79.660004,79.875000,440005
2026-05-26 14:00:00+00:00,79.839996,80.169998,79.790001,80.105003,230183
2026-05-26 14:15:00+00:00,80.105003,80.105003,79.529999,79.540001,134078
2026-05-26 14:30:00+00:00,79.550003,79.720001,79.489998,79.660004,89888
2026-05-26 14:45:00+00:00,79.709999,79.809998,79.589996,79.769997,167733
2026-05-26 15:00:00+00:00,79.769997,79.769997,79.459999,79.459999,69022
2026-05-26 15:15:00+00:00,79.470001,79.470001,79.209999,79.250000,90390
2026-05-26 15:30:00+00:00,79.250000,79.269997,79.160004,79.230003,58707
2026-05-26 15:45:00+00:00,79.230003,79.400002,79.205002,79.379997,67913
2026-05-26 16:00:00+00:00,79.384399,79.400002,79.260002,79.309998,63323
2026-05-26 16:15:00+00:00,79.309998,79.445000,79.290001,79.379997,54080
2026-05-26 16:30:00+00:00,79.370003,79.529999,79.370003,79.519997,48058
2026-05-26 16:45:00+00:00,79.504997,79.550003,79.419998,79.495003,64202
2026-05-26 17:00:00+00:00,79.510002,79.680000,79.504997,79.540001,66035
2026-05-26 17:15:00+00:00,79.543953,79.675003,79.470001,79.629997,64625
2026-05-26 17:30:00+00:00,79.612701,79.800003,79.589996,79.779999,66413
2026-05-26 17:45:00+00:00,79.779999,79.864998,79.709999,79.839996,80617
2026-05-26 18:00:00+00:00,79.839996,79.849998,79.489998,79.519997,105676
2026-05-26 18:15:00+00:00,79.495003,79.589996,79.459999,79.535004,84809
2026-05-26 18:30:00+00:00,79.540001,79.639999,79.535004,79.540001,103511
2026-05-26 18:45:00+00:00,79.540001,79.565002,79.470001,79.529999,95554
2026-05-26 19:00:00+00:00,79.540001,79.595001,79.440002,79.550003,129970
2026-05-26 19:15:00+00:00,79.550003,79.830002,79.529999,79.750000,139318
2026-05-26 19:30:00+00:00,79.760002,80.000000,79.760002,79.989998,167807
2026-05-26 19:45:00+00:00,79.985001,80.089996,79.760002,79.794998,652908
2026-05-27 13:30:00+00:00,80.650002,83.129997,80.650002,82.620003,800970
2026-05-27 13:45:00+00:00,82.620003,83.690002,82.620003,83.529999,511993
2026-05-27 14:00:00+00:00,83.559998,83.769897,83.400002,83.684998,274159
2026-05-27 14:15:00+00:00,83.720001,83.849998,83.334999,83.570000,312100
2026-05-27 14:30:00+00:00,83.540001,83.900002,83.500000,83.725098,234864
2026-05-27 14:45:00+00:00,83.714996,83.720001,83.239998,83.339996,240059
2026-05-27 15:00:00+00:00,83.330002,83.695000,83.275002,83.660004,448338
2026-05-27 15:15:00+00:00,83.669998,83.989998,83.544998,83.959999,199959
2026-05-27 15:30:00+00:00,83.959999,84.190002,83.870003,84.019997,394234
2026-05-27 15:45:00+00:00,84.010002,84.050003,83.620003,83.620003,224828
2026-05-27 16:00:00+00:00,83.610001,83.760002,83.535004,83.639999,144985
2026-05-27 16:15:00+00:00,83.629997,83.730003,83.559998,83.650002,130698
2026-05-27 16:30:00+00:00,83.650002,83.769997,83.555000,83.643097,158855
2026-05-27 16:45:00+00:00,83.635002,83.800003,83.529999,83.629997,116960
2026-05-27 17:00:00+00:00,83.610001,83.669998,83.269997,83.360001,114292
2026-05-27 17:15:00+00:00,83.370003,83.608597,83.339996,83.459999,117189
2026-05-27 17:30:00+00:00,83.459999,84.305000,83.449997,84.250099,495706
2026-05-27 17:45:00+00:00,84.255096,84.519997,84.229698,84.459999,226272
2026-05-27 18:00:00+00:00,84.449997,84.474998,84.309998,84.449997,161753
2026-05-27 18:15:00+00:00,84.459000,84.478996,84.290001,84.290001,151039
2026-05-27 18:30:00+00:00,84.290001,84.349998,84.059998,84.230003,185080
2026-05-27 18:45:00+00:00,84.239998,84.324997,82.589996,84.290001,276111
2026-05-27 19:00:00+00:00,84.290001,84.440002,84.224998,84.275002,199177
2026-05-27 19:15:00+00:00,84.279999,84.370003,84.220001,84.312401,307938
2026-05-27 19:30:00+00:00,84.309998,84.470001,83.845001,83.875000,332896
2026-05-27 19:45:00+00:00,83.879997,84.190002,83.675003,84.135002,864938
2026-05-28 13:30:00+00:00,83.599998,84.199997,83.379997,83.639999,332510
2026-05-28 13:45:00+00:00,83.649902,83.955002,83.519997,83.885002,347778
2026-05-28 14:00:00+00:00,83.885002,84.540001,83.540001,84.404999,391546
2026-05-28 14:15:00+00:00,84.404999,84.533302,84.150002,84.510002,262623
2026-05-28 14:30:00+00:00,84.559998,84.970001,84.559998,84.900002,166875
2026-05-28 14:45:00+00:00,84.885002,85.025002,84.809998,84.875000,431898
2026-05-28 15:00:00+00:00,84.849998,84.980003,84.739998,84.925003,122127
2026-05-28 15:15:00+00:00,84.919998,84.940002,84.769997,84.820000,133849
2026-05-28 15:30:00+00:00,84.834999,84.879997,84.644997,84.800003,195812
2026-05-28 15:45:00+00:00,84.780602,84.815002,84.610001,84.785004,149032
2026-05-28 16:00:00+00:00,84.750000,85.000000,84.709999,84.959999,231056
2026-05-28 16:15:00+00:00,84.970001,85.190002,84.868599,84.910004,358746
2026-05-28 16:30:00+00:00,84.889999,85.029999,84.870102,84.930000,80190
2026-05-28 16:45:00+00:00,84.949997,85.000000,84.845001,84.855003,100140
2026-05-28 17:00:00+00:00,84.830002,84.919998,84.820000,84.839996,76607
2026-05-28 17:15:00+00:00,84.830002,84.887100,84.705597,84.809998,120740
2026-05-28 17:30:00+00:00,84.794998,84.876404,84.760002,84.820000,97087
2026-05-28 17:45:00+00:00,84.830002,84.830002,84.739998,84.809998,96045
2026-05-28 18:00:00+00:00,84.809998,84.839996,84.605003,84.680000,143462
2026-05-28 18:15:00+00:00,84.680000,84.739998,84.644997,84.680000,106750
2026-05-28 18:30:00+00:00,84.680000,84.680000,84.400002,84.410004,131419
2026-05-28 18:45:00+00:00,84.410004,84.489998,84.339996,84.430000,137058
2026-05-28 19:00:00+00:00,84.440002,84.534897,84.389999,84.470001,161249
2026-05-28 19:15:00+00:00,84.474998,84.720001,84.440002,84.720001,184324
2026-05-28 19:30:00+00:00,84.720001,84.730003,84.419998,84.474998,228307
2026-05-28 19:45:00+00:00,84.470001,84.605003,84.290001,84.349998,1053381
2026-05-29 13:30:00+00:00,84.800003,85.010002,83.879997,84.230003,643304
2026-05-29 13:45:00+00:00,84.169998,84.430000,83.959999,84.245003,470606
2026-05-29 14:00:00+00:00,84.269997,84.330002,83.650002,84.154999,587603
2026-05-29 14:15:00+00:00,84.184998,84.410004,84.000000,84.129997,295957
2026-05-29 14:30:00+00:00,84.139999,84.139999,82.160004,82.510002,805827
2026-05-29 14:45:00+00:00,82.510002,82.650002,81.220001,81.620003,743174
2026-05-29 15:00:00+00:00,81.650002,82.029999,81.339996,82.010002,416441
2026-05-29 15:15:00+00:00,82.029999,82.495003,81.980003,82.089996,251472
2026-05-29 15:30:00+00:00,82.089996,82.430000,81.930000,82.430000,212053
2026-05-29 15:45:00+00:00,82.425003,82.449997,82.000000,82.300003,273219
2026-05-29 16:00:00+00:00,82.269997,82.830002,82.224998,82.794998,274485
2026-05-29 16:15:00+00:00,82.779999,82.949997,82.669998,82.930000,135592
2026-05-29 16:30:00+00:00,82.919998,83.650002,82.879997,83.555000,562662
2026-05-29 16:45:00+00:00,83.565002,83.739998,83.434998,83.720001,193249
2026-05-29 17:00:00+00:00,83.724998,83.879997,83.455002,83.699997,225757
2026-05-29 17:15:00+00:00,83.696800,83.709999,83.220001,83.370003,217706
2026-05-29 17:30:00+00:00,83.370003,83.580002,83.224998,83.550003,117265
2026-05-29 17:45:00+00:00,83.535004,83.620003,83.430000,83.495003,140075
2026-05-29 18:00:00+00:00,83.480003,83.599998,83.305000,83.485001,175621
2026-05-29 18:15:00+00:00,83.489998,83.639999,83.400002,83.510002,134716
2026-05-29 18:30:00+00:00,83.514999,83.709999,83.470001,83.599998,143540
2026-05-29 18:45:00+00:00,83.599998,83.714996,83.440002,83.629997,194007
2026-05-29 19:00:00+00:00,83.635002,83.849998,83.635002,83.790001,180473
2026-05-29 19:15:00+00:00,83.779999,83.830002,83.300003,83.450996,228185
2026-05-29 19:30:00+00:00,83.449997,83.699997,83.370003,83.540001,430005
2026-05-29 19:45:00+00:00,83.519997,83.940002,83.220001,83.250000,1228109
2026-06-01 13:30:00+00:00,83.430000,83.440002,81.639999,81.989998,330441
2026-06-01 13:45:00+00:00,82.044998,82.120003,81.680000,81.769997,194138
2026-06-01 14:00:00+00:00,81.769997,82.230003,81.760002,81.959999,171257
2026-06-01 14:15:00+00:00,81.959999,82.300003,81.864998,82.014999,192283
2026-06-01 14:30:00+00:00,82.010002,82.049896,81.470001,81.540001,216978
2026-06-01 14:45:00+00:00,81.519997,81.769997,81.389999,81.695000,129386
2026-06-01 15:00:00+00:00,81.709999,81.970001,81.529999,81.949997,240219
2026-06-01 15:15:00+00:00,81.959999,81.959999,81.650002,81.699997,124022
2026-06-01 15:30:00+00:00,81.699997,82.070000,81.699997,81.919998,159821
2026-06-01 15:45:00+00:00,81.919998,81.934998,81.750000,81.750000,87662
2026-06-01 16:00:00+00:00,81.739998,81.830002,81.290001,81.339996,101324
2026-06-01 16:15:00+00:00,81.339996,81.419998,80.449997,80.739998,581758
2026-06-01 16:30:00+00:00,80.760002,80.940002,80.629997,80.879997,355583
2026-06-01 16:45:00+00:00,80.879997,81.160004,80.739998,81.144997,167580
2026-06-01 17:00:00+00:00,81.129997,81.290001,81.040001,81.220001,99676
2026-06-01 17:15:00+00:00,81.209999,81.529999,81.209999,81.510002,118853
2026-06-01 17:30:00+00:00,81.529999,81.790001,81.500000,81.584999,269137
2026-06-01 17:45:00+00:00,81.595001,81.730003,81.510101,81.730003,111835
2026-06-01 18:00:00+00:00,81.760002,81.940002,81.660004,81.940002,99621
2026-06-01 18:15:00+00:00,81.930000,82.019997,81.614998,81.940002,206728
2026-06-01 18:30:00+00:00,81.940002,82.449997,81.930000,82.425003,216661
2026-06-01 18:45:00+00:00,82.425003,82.660004,82.400002,82.614998,171978
2026-06-01 19:00:00+00:00,82.614998,82.739998,82.510002,82.684998,193540
2026-06-01 19:15:00+00:00,82.680000,83.089996,82.669998,83.055000,305361
2026-06-01 19:30:00+00:00,83.029999,83.074997,82.709999,82.809998,357870
2026-06-01 19:45:00+00:00,82.805000,82.940002,82.620003,82.695000,1109043
2026-06-02 13:30:00+00:00,82.889999,82.889999,81.024101,81.754997,326352
2026-06-02 13:45:00+00:00,81.754997,81.910004,81.190002,81.224998,267259
2026-06-02 14:00:00+00:00,81.190002,81.574997,81.080002,81.519997,375395
2026-06-02 14:15:00+00:00,81.529999,81.959999,81.512100,81.805000,202811
2026-06-02 14:30:00+00:00,81.820000,82.970001,81.820000,82.919998,222906
2026-06-02 14:45:00+00:00,82.919998,83.544998,82.860001,83.449997,358147
2026-06-02 15:00:00+00:00,83.449997,84.205002,83.324997,83.800003,465569
2026-06-02 15:15:00+00:00,83.805000,84.019997,83.709999,83.855003,201080
2026-06-02 15:30:00+00:00,83.839996,84.050003,83.419998,83.500000,174311
2026-06-02 15:45:00+00:00,83.480003,83.519997,83.000000,83.050003,144512
2026-06-02 16:00:00+00:00,83.059998,83.230003,82.860001,82.955002,225225
2026-06-02 16:15:00+00:00,82.980003,83.169998,82.750099,82.769997,117656
2026-06-02 16:30:00+00:00,82.760002,82.925003,82.500000,82.595001,275714
2026-06-02 16:45:00+00:00,82.595001,82.897400,82.385002,82.705002,170735
2026-06-02 17:00:00+00:00,82.739998,82.790001,82.519997,82.629997,146132
2026-06-02 17:15:00+00:00,82.620003,82.650002,82.309998,82.400002,282694
2026-06-02 17:30:00+00:00,82.419998,82.699997,82.419998,82.699997,108862
2026-06-02 17:45:00+00:00,82.695000,82.750000,82.540001,82.690002,210781
2026-06-02 18:00:00+00:00,82.699997,82.790001,82.590401,82.735001,275492
2026-06-02 18:15:00+00:00,82.735001,82.930000,82.580002,82.839996,174757
2026-06-02 18:30:00+00:00,82.839996,82.860001,82.680000,82.779999,130920
2026-06-02 18:45:00+00:00,82.769997,83.040001,82.690002,82.930000,211437
2026-06-02 19:00:00+00:00,82.900002,82.900002,82.690002,82.750000,272783
2026-06-02 19:15:00+00:00,82.745003,83.279999,82.739998,83.209999,487281
2026-06-02 19:30:00+00:00,83.199997,83.309998,82.589996,82.665001,323782
2026-06-02 19:45:00+00:00,82.665001,82.695000,81.669998,81.730003,1188018
2026-06-03 13:30:00+00:00,80.709999,84.000000,80.339996,83.699898,589438
2026-06-03 13:45:00+00:00,83.654999,84.120003,83.199997,83.250000,445017
2026-06-03 14:00:00+00:00,83.389999,83.389999,82.345001,82.830002,313095
2026-06-03 14:15:00+00:00,82.844200,83.050003,82.629997,82.800003,215778
2026-06-03 14:30:00+00:00,82.790001,83.070000,82.730003,83.070000,296001
2026-06-03 14:45:00+00:00,83.070000,83.440002,82.970001,83.394997,250198
2026-06-03 15:00:00+00:00,83.394997,83.654999,83.260002,83.339996,296671
2026-06-03 15:15:00+00:00,83.339996,83.419998,83.239998,83.285004,161130
2026-06-03 15:30:00+00:00,83.275002,83.342499,82.940002,82.974998,213298
2026-06-03 15:45:00+00:00,82.985001,83.260002,82.915001,83.230003,160068
2026-06-03 16:00:00+00:00,83.209999,83.300003,83.120003,83.250000,131955
2026-06-03 16:15:00+00:00,83.253998,83.379997,83.000000,83.250801,234088
2026-06-03 16:30:00+00:00,83.260002,83.339996,83.000000,83.160004,181438
2026-06-03 16:45:00+00:00,83.169998,83.169998,82.930000,82.995003,121916
2026-06-03 17:00:00+00:00,82.989998,82.989998,82.820000,82.820000,125101
2026-06-03 17:15:00+00:00,82.800003,82.889999,82.669998,82.709999,119494
2026-06-03 17:30:00+00:00,82.709999,82.834999,82.599998,82.650002,166979
2026-06-03 17:45:00+00:00,82.650002,82.720001,82.489998,82.570000,175357
2026-06-03 18:00:00+00:00,82.574997,82.599998,82.407501,82.570000,163532
2026-06-03 18:15:00+00:00,82.570000,82.663300,82.467499,82.495003,123110
2026-06-03 18:30:00+00:00,82.489998,82.529900,82.209999,82.209999,217144
2026-06-03 18:45:00+00:00,82.209999,82.309998,82.139999,82.239998,145533
2026-06-03 19:00:00+00:00,82.230003,82.230003,82.050003,82.114998,231225
2026-06-03 19:15:00+00:00,82.129997,82.139999,81.830002,81.889999,286937
2026-06-03 19:30:00+00:00,81.889999,82.199997,81.779999,82.180000,391686
2026-06-03 19:45:00+00:00,82.180000,82.220001,81.690002,81.720001,1305917
2026-06-04 13:30:00+00:00,82.059998,82.919998,81.639999,82.919998,285268
2026-06-04 13:45:00+00:00,82.940002,83.150002,82.800301,82.830002,249004
2026-06-04 14:00:00+00:00,82.830002,83.195000,82.550003,83.139999,327688
2026-06-04 14:15:00+00:00,83.139999,83.220001,82.820000,82.820000,290788
2026-06-04 14:30:00+00:00,82.820000,82.970001,82.680000,82.769997,153745
2026-06-04 14:45:00+00:00,82.760002,83.056610,82.570000,82.919998,144811
2026-06-04 15:00:00+00:00,82.900002,83.000000,82.720001,83.000000,156752
2026-06-04 15:15:00+00:00,83.000000,83.019997,82.809998,82.900002,158098
2026-06-04 15:30:00+00:00,82.925003,82.925003,82.735001,82.894997,146784
2026-06-04 15:45:00+00:00,82.900002,83.175003,82.879997,83.080002,161744
2026-06-04 16:00:00+00:00,83.089996,83.559998,83.080002,83.379997,195731
2026-06-04 16:15:00+00:00,83.370003,83.639999,83.349998,83.574997,166801
2026-06-04 16:30:00+00:00,83.574997,83.620003,83.445000,83.470001,167550
2026-06-04 16:45:00+00:00,83.485001,83.574997,83.419998,83.500000,112539
2026-06-04 17:00:00+00:00,83.500000,83.639999,83.470001,83.525002,116550
2026-06-04 17:15:00+00:00,83.524902,83.559998,83.379997,83.419998,75494
2026-06-04 17:30:00+00:00,83.430000,83.449997,83.139999,83.269997,114576
2026-06-04 17:45:00+00:00,83.269997,83.339996,83.190002,83.239998,94952
2026-06-04 18:00:00+00:00,83.230003,83.230003,82.945000,82.970001,99118
2026-06-04 18:15:00+00:00,82.980003,83.327400,82.940002,83.279999,192846
2026-06-04 18:30:00+00:00,83.269997,83.339996,83.084999,83.084999,229668
2026-06-04 18:45:00+00:00,83.084999,83.149002,83.010002,83.029999,137907
2026-06-04 19:00:00+00:00,83.014999,83.199997,82.860001,83.199997,173416
2026-06-04 19:15:00+00:00,83.199997,83.290001,83.120003,83.214996,303130
2026-06-04 19:30:00+00:00,83.214996,83.330002,82.930000,82.949997,273116
2026-06-04 19:45:00+00:00,82.940002,83.385002,82.760002,83.220001,806742
2026-06-05 13:30:00+00:00,81.970001,82.980003,81.400002,82.360001,376121
2026-06-05 13:45:00+00:00,82.360001,82.769997,82.209999,82.720001,203687
2026-06-05 14:00:00+00:00,82.699997,83.099899,82.514999,82.580002,203554
2026-06-05 14:15:00+00:00,82.540001,82.711304,82.375000,82.550003,199192
2026-06-05 14:30:00+00:00,82.589996,82.769997,82.480003,82.665001,130023
2026-06-05 14:45:00+00:00,82.690002,82.809998,82.660004,82.684998,137628
2026-06-05 15:00:00+00:00,82.690002,82.735703,82.480003,82.559998,173755
2026-06-05 15:15:00+00:00,82.570000,82.750000,82.519997,82.599998,206631
2026-06-05 15:30:00+00:00,82.610001,82.709999,82.190002,82.379997,196343
2026-06-05 15:45:00+00:00,82.379997,82.430000,82.254997,82.309998,133578
2026-06-05 16:00:00+00:00,82.309998,82.349998,82.190002,82.190002,129748
2026-06-05 16:15:00+00:00,82.199997,82.230003,82.025002,82.100098,121326
2026-06-05 16:30:00+00:00,82.099998,82.210098,81.970001,82.040001,128697
2026-06-05 16:45:00+00:00,82.040001,82.294998,81.949997,82.294998,113148
2026-06-05 17:00:00+00:00,82.290001,82.339996,82.239998,82.315002,99982
2026-06-05 17:15:00+00:00,82.330002,82.330002,82.074997,82.195000,126689
2026-06-05 17:30:00+00:00,82.190002,82.199997,81.830002,81.889999,221774
2026-06-05 17:45:00+00:00,81.900002,82.150002,81.879997,82.059998,206086
2026-06-05 18:00:00+00:00,82.080002,82.114998,81.820000,81.834999,123314
2026-06-05 18:15:00+00:00,81.849998,81.974998,81.760002,81.830002,112553
2026-06-05 18:30:00+00:00,81.830002,81.875000,81.764999,81.830002,135453
2026-06-05 18:45:00+00:00,81.809998,81.809998,81.559998,81.620003,136663
2026-06-05 19:00:00+00:00,81.610001,81.769997,81.510002,81.684998,179883
2026-06-05 19:15:00+00:00,81.680000,81.720001,81.580002,81.684998,188077
2026-06-05 19:30:00+00:00,81.690002,82.084999,81.660004,82.040001,293900
2026-06-05 19:45:00+00:00,82.050003,82.150002,81.949997,82.105003,737232
2026-06-08 13:30:00+00:00,81.669998,83.790100,81.510002,82.934998,373298
2026-06-08 13:45:00+00:00,82.910004,83.269997,82.820000,82.919998,233621
2026-06-08 14:00:00+00:00,82.925003,83.110001,82.839996,82.915001,192566
2026-06-08 14:15:00+00:00,82.915001,83.489998,82.815002,83.394997,199125
2026-06-08 14:30:00+00:00,83.394997,83.579903,83.351997,83.449997,168302
2026-06-08 14:45:00+00:00,83.449997,83.699997,83.309998,83.695000,219893
2026-06-08 15:00:00+00:00,83.695000,83.769997,83.620003,83.695000,157356
2026-06-08 15:15:00+00:00,83.699997,84.019997,83.650101,83.650101,242430
2026-06-08 15:30:00+00:00,83.680000,83.800003,83.510002,83.750000,172312
2026-06-08 15:45:00+00:00,83.739998,83.970001,83.739998,83.970001,144650
2026-06-08 16:00:00+00:00,83.970001,84.059898,83.900002,84.059898,135971
2026-06-08 16:15:00+00:00,84.044998,84.129997,83.980003,84.080002,143612
2026-06-08 16:30:00+00:00,84.080002,84.105003,83.764999,83.919998,196361
2026-06-08 16:45:00+00:00,83.930000,84.025002,83.889999,83.925003,134217
2026-06-08 17:00:00+00:00,83.925003,83.930000,83.480003,83.570000,105075
2026-06-08 17:15:00+00:00,83.574997,83.720001,83.544998,83.720001,106847
2026-06-08 17:30:00+00:00,83.709999,83.745003,83.508400,83.745003,100079
2026-06-08 17:45:00+00:00,83.745003,83.849998,83.690002,83.699997,81117
2026-06-08 18:00:00+00:00,83.699997,83.970001,83.699997,83.889999,112308
2026-06-08 18:15:00+00:00,83.900002,84.120003,83.900002,84.099998,95705
2026-06-08 18:30:00+00:00,84.114998,84.169998,84.025002,84.099998,134574
2026-06-08 18:45:00+00:00,84.105003,84.129997,83.900002,83.910004,123187
2026-06-08 19:00:00+00:00,83.910004,84.000000,83.815002,83.860001,145932
2026-06-08 19:15:00+00:00,83.860001,83.860001,83.730003,83.794998,205039
2026-06-08 19:30:00+00:00,83.790001,83.901802,83.709999,83.724998,276810
2026-06-08 19:45:00+00:00,83.720001,83.900002,83.550003,83.764999,837015
2026-06-09 13:30:00+00:00,84.550003,85.099998,83.540001,83.665001,587341
2026-06-09 13:45:00+00:00,83.629997,83.919998,83.209999,83.495003,264139
2026-06-09 14:00:00+00:00,83.500000,83.680000,83.019997,83.099998,260521
2026-06-09 14:15:00+00:00,83.080002,83.959900,82.930000,83.699997,341958
2026-06-09 14:30:00+00:00,83.695000,83.839996,83.480003,83.489998,133084
2026-06-09 14:45:00+00:00,83.495003,83.495003,82.930000,83.370003,173894
2026-06-09 15:00:00+00:00,83.375000,83.425003,82.794998,82.794998,157250
2026-06-09 15:15:00+00:00,82.820000,82.824997,81.800003,81.870003,162189
2026-06-09 15:30:00+00:00,81.879997,82.029999,81.658501,81.945000,225485
2026-06-09 15:45:00+00:00,81.959999,82.239998,81.699997,82.029999,354312
2026-06-09 16:00:00+00:00,82.000000,82.500000,81.980003,82.440002,484427
2026-06-09 16:15:00+00:00,82.449997,82.540001,82.059998,82.370003,242324
2026-06-09 16:30:00+00:00,82.370003,82.669998,81.739998,81.870003,259646
2026-06-09 16:45:00+00:00,81.855003,82.070000,81.684998,82.000000,178777
2026-06-09 17:00:00+00:00,82.019997,82.349998,81.915001,82.285004,181401
2026-06-09 17:15:00+00:00,82.285004,82.889999,82.269997,82.839996,130661
2026-06-09 17:30:00+00:00,82.849998,83.279999,82.764999,83.169998,138352
2026-06-09 17:45:00+00:00,83.165001,83.300003,82.985001,83.260002,141346
2026-06-09 18:00:00+00:00,83.269997,83.419998,83.209999,83.389999,133931
2026-06-09 18:15:00+00:00,83.379997,83.610001,83.355003,83.610001,184098
2026-06-09 18:30:00+00:00,83.589996,83.809998,83.540001,83.540001,141159
2026-06-09 18:45:00+00:00,83.540001,83.870003,83.540001,83.870003,123563
2026-06-09 19:00:00+00:00,83.870003,83.879997,83.709999,83.739998,134307
2026-06-09 19:15:00+00:00,83.739998,83.739998,83.459999,83.599998,154136
2026-06-09 19:30:00+00:00,83.580002,83.690002,83.360001,83.400002,190557
2026-06-09 19:45:00+00:00,83.394997,83.769997,83.355003,83.760002,603462
2026-06-10 13:30:00+00:00,83.510002,83.792503,82.180000,82.839996,1483290
2026-06-10 13:45:00+00:00,82.769997,83.000000,82.620003,82.729401,249045
2026-06-10 14:00:00+00:00,82.760002,82.834999,81.980003,81.980003,265449
2026-06-10 14:15:00+00:00,81.980003,82.089996,81.680000,81.729897,209304
2026-06-10 14:30:00+00:00,81.720001,81.730003,80.362099,80.531898,413642
2026-06-10 14:45:00+00:00,80.508003,80.559998,79.900002,80.059998,330508
2026-06-10 15:00:00+00:00,80.040001,80.247498,79.580002,79.580002,306866
2026-06-10 15:15:00+00:00,79.584503,79.680000,79.230003,79.599998,234054
2026-06-10 15:30:00+00:00,79.610001,79.650002,79.260002,79.415001,230140
2026-06-10 15:45:00+00:00,79.419998,79.580002,79.000000,79.379997,355741
2026-06-10 16:00:00+00:00,79.400002,80.160004,79.309998,80.129997,281337
2026-06-10 16:15:00+00:00,80.144997,80.480003,80.072197,80.110001,186493
2026-06-10 16:30:00+00:00,80.089996,80.269997,79.949997,80.000000,162315
2026-06-10 16:45:00+00:00,79.970001,80.040001,79.860001,79.949997,118687
2026-06-10 17:00:00+00:00,79.940002,80.125801,79.714996,79.769997,145137
2026-06-10 17:15:00+00:00,79.764999,80.570000,79.745003,80.570000,504658
2026-06-10 17:30:00+00:00,80.599998,80.620003,80.300003,80.309998,149711
2026-06-10 17:45:00+00:00,80.300003,80.690002,80.290001,80.644997,194029
2026-06-10 18:00:00+00:00,80.650002,80.680000,80.290001,80.309998,131690
2026-06-10 18:15:00+00:00,80.330002,80.455002,80.019997,80.239998,154272
2026-06-10 18:30:00+00:00,80.254997,81.019997,80.089996,80.375000,531466
2026-06-10 18:45:00+00:00,80.375000,80.375000,79.704002,79.739998,300840
2026-06-10 19:00:00+00:00,79.730003,79.739998,79.480003,79.595001,189306
2026-06-10 19:15:00+00:00,79.605003,79.970001,79.500000,79.940002,282547
2026-06-10 19:30:00+00:00,79.934998,80.099998,79.769997,80.092499,372478
2026-06-10 19:45:00+00:00,80.080002,80.099998,79.099998,79.410004,1062704
2026-06-11 13:30:00+00:00,80.040001,80.080002,79.099998,79.169998,242025
2026-06-11 13:45:00+00:00,79.160004,79.849998,79.110001,79.629997,187300
2026-06-11 14:00:00+00:00,79.625000,79.660004,79.230003,79.350098,163768
2026-06-11 14:15:00+00:00,79.391197,79.669998,79.110001,79.660004,159328
2026-06-11 14:30:00+00:00,79.654999,79.654999,79.360001,79.430000,138422
2026-06-11 14:45:00+00:00,79.449997,79.769997,79.445000,79.500000,120536
2026-06-11 15:00:00+00:00,79.480003,79.644997,79.309998,79.559998,120938
2026-06-11 15:15:00+00:00,79.559998,79.766945,79.430000,79.610001,109616
2026-06-11 15:30:00+00:00,79.589996,79.650002,79.355003,79.495003,140645
2026-06-11 15:45:00+00:00,79.510002,79.510002,79.250000,79.410004,94180
2026-06-11 16:00:00+00:00,79.389999,79.570000,79.339996,79.419998,102328
2026-06-11 16:15:00+00:00,79.449997,79.502502,79.217499,79.230003,122644
2026-06-11 16:30:00+00:00,79.220001,79.459999,79.139999,79.389999,97684
2026-06-11 16:45:00+00:00,79.389999,79.419998,79.199997,79.199997,84278
2026-06-11 17:00:00+00:00,79.199997,79.339996,79.120003,79.180099,117527
2026-06-11 17:15:00+00:00,79.180000,80.129997,79.084999,80.120003,274388
2026-06-11 17:30:00+00:00,80.349998,80.699997,79.870003,80.639999,216899
2026-06-11 17:45:00+00:00,80.635002,80.669998,80.389999,80.540001,131992
2026-06-11 18:00:00+00:00,80.519997,80.555000,80.139999,80.250000,122842
2026-06-11 18:15:00+00:00,80.220001,80.440002,80.209999,80.300003,98699
2026-06-11 18:30:00+00:00,80.300003,80.470001,80.250000,80.464996,109673
2026-06-11 18:45:00+00:00,80.449997,80.649902,80.449997,80.599998,116419
2026-06-11 19:00:00+00:00,80.610001,80.695000,80.464996,80.470001,166676
2026-06-11 19:15:00+00:00,80.480003,80.750000,80.419998,80.565002,321844
2026-06-11 19:30:00+00:00,80.580002,81.089996,80.570000,80.735001,352325
2026-06-11 19:45:00+00:00,80.669998,81.080002,80.504997,80.860001,889619
2026-06-12 13:30:00+00:00,81.720001,82.125000,81.040001,81.320000,257576
2026-06-12 13:45:00+00:00,81.305000,81.445000,81.199997,81.250000,102563
2026-06-12 14:00:00+00:00,81.245003,81.410004,80.769997,80.889999,175945
2026-06-12 14:15:00+00:00,80.879997,81.169998,80.730003,80.879997,131997
2026-06-12 14:30:00+00:00,80.879997,81.099998,80.800003,80.919998,121703
2026-06-12 14:45:00+00:00,80.940002,81.589996,80.815002,81.535004,162098
2026-06-12 15:00:00+00:00,81.540001,81.550003,81.150002,81.205002,113743
2026-06-12 15:15:00+00:00,81.219902,81.279999,81.040001,81.169998,106457
2026-06-12 15:30:00+00:00,81.175003,81.320000,80.970001,81.029999,123792
2026-06-12 15:45:00+00:00,81.040001,81.150002,80.500000,80.660004,91517
2026-06-12 16:00:00+00:00,80.697502,81.254997,80.540001,81.019997,134422
2026-06-12 16:15:00+00:00,81.029999,81.120003,80.830002,81.095001,94261
2026-06-12 16:30:00+00:00,81.110001,81.360001,81.089996,81.230003,81531
2026-06-12 16:45:00+00:00,81.245003,81.400002,81.239998,81.385002,62502
2026-06-12 17:00:00+00:00,81.400002,81.699997,81.370003,81.550003,122816
2026-06-12 17:15:00+00:00,81.567398,81.599998,81.419998,81.470001,57535
2026-06-12 17:30:00+00:00,81.470001,81.684998,81.449997,81.650002,74570
2026-06-12 17:45:00+00:00,81.650002,81.680000,81.440002,81.455002,73121
2026-06-12 18:00:00+00:00,81.449997,81.504997,81.375000,81.430000,78198
2026-06-12 18:15:00+00:00,81.424301,81.495003,81.330002,81.349998,105815
2026-06-12 18:30:00+00:00,81.355003,81.410004,81.250000,81.260002,117700
2026-06-12 18:45:00+00:00,81.261002,81.309998,81.209999,81.230003,122560
2026-06-12 19:00:00+00:00,81.230003,81.309998,81.214996,81.260002,100626
2026-06-12 19:15:00+00:00,81.260002,81.309998,81.214996,81.275002,115898
2026-06-12 19:30:00+00:00,81.290001,81.379997,81.199997,81.290001,184078
2026-06-12 19:45:00+00:00,81.279999,81.580002,81.180000,81.489998,668368
2026-06-15 13:30:00+00:00,82.639999,84.955002,82.639999,83.930000,567039
2026-06-15 13:45:00+00:00,83.889999,84.370003,83.459999,84.160004,236357
2026-06-15 14:00:00+00:00,84.154999,84.330002,83.620003,83.654999,203960
2026-06-15 14:15:00+00:00,83.660004,83.815002,83.370003,83.529999,218046
2026-06-15 14:30:00+00:00,83.489998,84.000000,83.440002,83.959999,294966
2026-06-15 14:45:00+00:00,83.949997,84.195000,83.754997,83.824997,210588
2026-06-15 15:00:00+00:00,83.834999,83.919998,83.629997,83.669998,153047
2026-06-15 15:15:00+00:00,83.660004,83.839996,83.620003,83.800003,122672
2026-06-15 15:30:00+00:00,83.820000,83.919998,83.680000,83.730003,229333
2026-06-15 15:45:00+00:00,83.739998,83.849998,83.584999,83.760002,274960
2026-06-15 16:00:00+00:00,83.760002,83.889999,83.724998,83.889999,107840
2026-06-15 16:15:00+00:00,83.900002,84.059998,83.860001,84.000000,143009
2026-06-15 16:30:00+00:00,84.010002,84.010002,83.764999,83.800003,64619
2026-06-15 16:45:00+00:00,83.790001,84.169998,83.760002,84.099998,94735
2026-06-15 17:00:00+00:00,84.110001,84.129997,83.980003,84.029999,63064
2026-06-15 17:15:00+00:00,84.029999,84.139999,83.959999,84.040001,107487
2026-06-15 17:30:00+00:00,84.059998,84.080002,83.930000,83.959999,80271
2026-06-15 17:45:00+00:00,83.955002,84.070000,83.825798,84.035004,103432
2026-06-15 18:00:00+00:00,84.029999,84.029999,83.629997,83.705002,91232
2026-06-15 18:15:00+00:00,83.724998,83.800003,83.614998,83.625000,98674
2026-06-15 18:30:00+00:00,83.625000,83.864998,83.559998,83.820000,168147
2026-06-15 18:45:00+00:00,83.830002,83.919998,83.800003,83.910004,79425
2026-06-15 19:00:00+00:00,83.919998,84.025002,83.849998,84.025002,156591
2026-06-15 19:15:00+00:00,84.019997,84.139999,83.925003,83.949997,236269
2026-06-15 19:30:00+00:00,83.940002,83.985001,83.800003,83.834999,318949
2026-06-15 19:45:00+00:00,83.834999,84.089996,83.720001,84.070000,836803
2026-06-16 13:30:00+00:00,84.650002,85.410004,84.160004,85.180000,603895
2026-06-16 13:45:00+00:00,85.184998,85.349998,84.888496,84.970001,227425
2026-06-16 14:00:00+00:00,84.930000,85.010002,84.580002,84.614998,173246
2026-06-16 14:15:00+00:00,84.650002,84.669998,84.230003,84.339996,332183
2026-06-16 14:30:00+00:00,84.330002,84.500000,84.239998,84.360001,234831
2026-06-16 14:45:00+00:00,84.364998,84.635002,84.349998,84.519997,114784
2026-06-16 15:00:00+00:00,84.519997,84.602798,84.440002,84.489998,135288
2026-06-16 15:15:00+00:00,84.500000,84.529999,84.300003,84.330002,133815
2026-06-16 15:30:00+00:00,84.320000,84.370003,84.070000,84.120003,158289
2026-06-16 15:45:00+00:00,84.120003,84.139900,83.070000,83.739998,696785
2026-06-16 16:00:00+00:00,83.730003,83.919998,83.595001,83.699997,183022
2026-06-16 16:15:00+00:00,83.699997,83.709999,83.449997,83.565002,161488
2026-06-16 16:30:00+00:00,83.589996,83.669998,83.279999,83.300003,135198
2026-06-16 16:45:00+00:00,83.279999,83.425003,83.114998,83.425003,172876
2026-06-16 17:00:00+00:00,83.425003,83.790001,83.410004,83.550003,192536
2026-06-16 17:15:00+00:00,83.566002,83.599998,83.500000,83.540001,112067
2026-06-16 17:30:00+00:00,83.535004,83.669998,83.430000,83.449997,126081
2026-06-16 17:45:00+00:00,83.459999,83.519997,83.349998,83.445000,208231
2026-06-16 18:00:00+00:00,83.430000,83.440002,83.209999,83.279999,126028
2026-06-16 18:15:00+00:00,83.279999,83.279999,83.111298,83.220001,110427
2026-06-16 18:30:00+00:00,83.220001,83.230003,83.019997,83.074997,111111
2026-06-16 18:45:00+00:00,83.080002,83.080002,82.730003,82.785004,161433
2026-06-16 19:00:00+00:00,82.785004,82.785004,82.330002,82.559998,265750
2026-06-16 19:15:00+00:00,82.559998,82.639999,82.360001,82.500000,249863
2026-06-16 19:30:00+00:00,82.510002,82.519997,82.230003,82.260002,237098
2026-06-16 19:45:00+00:00,82.239998,82.919998,82.220100,82.529999,1151549
2026-06-17 13:30:00+00:00,82.500000,83.175003,82.000000,82.470001,279883
2026-06-17 13:45:00+00:00,82.489998,82.959999,82.259102,82.660004,185503
2026-06-17 14:00:00+00:00,82.669998,83.129997,82.660004,82.974998,310732
2026-06-17 14:15:00+00:00,82.974998,83.040001,82.680000,82.849998,220004
2026-06-17 14:30:00+00:00,82.870003,82.919998,82.430000,82.440002,136670
2026-06-17 14:45:00+00:00,82.419998,82.589996,81.930000,81.970001,193814
2026-06-17 15:00:00+00:00,81.974998,82.089996,81.800003,81.900002,159418
2026-06-17 15:15:00+00:00,81.900002,82.150002,81.851196,82.150002,170391
2026-06-17 15:30:00+00:00,82.154999,82.440002,82.129997,82.360001,145645
2026-06-17 15:45:00+00:00,82.360001,82.389999,82.139999,82.220001,97239
2026-06-17 16:00:00+00:00,82.224998,82.324997,82.169998,82.260002,100961
2026-06-17 16:15:00+00:00,82.254997,82.254997,82.050003,82.089996,105191
2026-06-17 16:30:00+00:00,82.099998,82.129997,81.889999,82.019997,138253
2026-06-17 16:45:00+00:00,82.025002,82.055000,81.889999,81.910004,108123
2026-06-17 17:00:00+00:00,81.900002,81.974998,81.570000,81.570000,174676
2026-06-17 17:15:00+00:00,81.550003,81.570000,81.239998,81.290001,187067
2026-06-17 17:30:00+00:00,81.279999,81.669899,81.269997,81.605003,118109
2026-06-17 17:45:00+00:00,81.595001,81.660004,81.559998,81.639999,83708
2026-06-17 18:00:00+00:00,81.639999,81.639999,79.820000,80.629997,424033
2026-06-17 18:15:00+00:00,80.650002,80.979897,80.650002,80.785004,195220
2026-06-17 18:30:00+00:00,80.800003,81.279999,80.730003,81.220001,236808
2026-06-17 18:45:00+00:00,81.209999,81.209999,80.540001,80.620003,183333
2026-06-17 19:00:00+00:00,80.614998,80.790001,80.430000,80.699997,232410
2026-06-17 19:15:00+00:00,80.705002,80.705002,79.849998,79.910004,298033
2026-06-17 19:30:00+00:00,79.889999,79.910004,79.275002,79.397903,433640
2026-06-17 19:45:00+00:00,79.389999,79.649902,79.154999,79.570000,794079
2026-06-18 13:30:00+00:00,80.605003,80.949997,80.032501,80.320000,1069455
2026-06-18 13:45:00+00:00,80.339996,80.440002,79.860001,80.040001,267595
2026-06-18 14:00:00+00:00,80.040001,80.260002,79.660004,79.764999,237640
2026-06-18 14:15:00+00:00,79.764999,79.849998,79.445999,79.540001,210139
2026-06-18 14:30:00+00:00,79.559998,79.830002,79.440002,79.590103,162656
2026-06-18 14:45:00+00:00,79.589996,79.709999,79.349998,79.559998,226542
2026-06-18 15:00:00+00:00,79.559998,79.690002,79.300003,79.639999,155466
2026-06-18 15:15:00+00:00,79.589996,80.089996,79.550003,79.970001,179701
2026-06-18 15:30:00+00:00,79.970001,80.139999,79.849998,80.065002,115556
2026-06-18 15:45:00+00:00,80.040001,80.309998,80.010002,80.135002,138288
2026-06-18 16:00:00+00:00,80.135002,80.209999,79.810097,79.824997,201043
2026-06-18 16:15:00+00:00,79.820000,80.000000,79.750000,79.930000,157594
2026-06-18 16:30:00+00:00,79.930000,80.230003,79.910004,80.089996,164172
2026-06-18 16:45:00+00:00,80.050003,80.129997,79.849998,79.940002,89132
2026-06-18 17:00:00+00:00,79.934998,80.290001,79.934998,80.239998,160837
2026-06-18 17:15:00+00:00,80.250000,80.440002,80.220001,80.434998,121239
2026-06-18 17:30:00+00:00,80.437500,80.750000,80.389999,80.419998,227671
2026-06-18 17:45:00+00:00,80.419998,80.495399,80.309998,80.415001,201794
2026-06-18 18:00:00+00:00,80.410004,80.425003,79.754997,79.940002,256859
2026-06-18 18:15:00+00:00,79.940002,80.144997,79.889999,80.080002,119918
2026-06-18 18:30:00+00:00,80.080002,80.150002,79.860001,79.970001,170146
2026-06-18 18:45:00+00:00,79.978996,79.978996,79.709999,79.750000,166947
2026-06-18 19:00:00+00:00,79.757202,79.757202,79.209999,79.220299,406378
2026-06-18 19:15:00+00:00,79.230003,79.349998,79.139999,79.254997,470555
2026-06-18 19:30:00+00:00,79.254997,79.660004,79.224998,79.610001,575584
2026-06-18 19:45:00+00:00,79.599998,79.650002,78.940002,79.300003,2112974
2026-06-22 13:30:00+00:00,80.794998,82.525002,80.209999,82.294998,595404
2026-06-22 13:45:00+00:00,82.260002,83.315002,82.250000,82.769997,412159
2026-06-22 14:00:00+00:00,82.809998,82.809998,81.839996,82.614998,407402
2026-06-22 14:15:00+00:00,82.614998,82.870003,82.470001,82.769997,247824
2026-06-22 14:30:00+00:00,82.764000,82.764000,82.110001,82.161201,201559
2026-06-22 14:45:00+00:00,82.144997,82.559998,82.089996,82.550003,317302
2026-06-22 15:00:00+00:00,82.570000,82.760002,82.500000,82.754997,203237
2026-06-22 15:15:00+00:00,82.739998,82.830002,82.540001,82.599998,210337
2026-06-22 15:30:00+00:00,82.589996,82.669998,82.375000,82.470001,251310
2026-06-22 15:45:00+00:00,82.480003,82.750000,82.290001,82.330002,302952
2026-06-22 16:00:00+00:00,82.330002,82.360001,82.089996,82.129997,174188
2026-06-22 16:15:00+00:00,82.150002,82.449997,82.125000,82.199997,234602
2026-06-22 16:30:00+00:00,82.209999,82.419296,82.139999,82.269997,168346
2026-06-22 16:45:00+00:00,82.269997,82.300003,82.050003,82.264999,183872
2026-06-22 17:00:00+00:00,82.269997,82.360001,82.129997,82.129997,161461
2026-06-22 17:15:00+00:00,82.129997,82.150002,81.709999,81.709999,201884
2026-06-22 17:30:00+00:00,81.709999,81.760002,81.480003,81.605003,327146
2026-06-22 17:45:00+00:00,81.599998,81.620003,81.285004,81.309898,268518
2026-06-22 18:00:00+00:00,81.279999,81.445000,81.199997,81.220001,332422
2026-06-22 18:15:00+00:00,81.214996,81.214996,80.739998,80.855003,272764
2026-06-22 18:30:00+00:00,80.849998,80.930000,80.760002,80.830002,254228
2026-06-22 18:45:00+00:00,80.820000,81.050003,80.739998,80.900002,473639
2026-06-22 19:00:00+00:00,80.900002,80.959999,80.720001,80.900002,324776
2026-06-22 19:15:00+00:00,80.919998,80.930000,80.169998,80.190300,414126
2026-06-22 19:30:00+00:00,80.209999,80.480003,80.070000,80.400002,618961
2026-06-22 19:45:00+00:00,80.400002,80.559998,80.239998,80.419998,1323023
2026-06-23 13:30:00+00:00,79.190002,79.430000,78.599998,78.830002,388455
2026-06-23 13:45:00+00:00,78.867500,79.339996,78.800003,79.129997,240933
2026-06-23 14:00:00+00:00,79.150002,79.650002,79.084999,79.650002,207796
2026-06-23 14:15:00+00:00,79.629997,79.680000,79.349998,79.480003,138859
2026-06-23 14:30:00+00:00,79.470001,79.489998,79.180000,79.230003,122985
2026-06-23 14:45:00+00:00,79.199997,79.349998,79.110001,79.339996,99449
2026-06-23 15:00:00+00:00,79.345001,79.660004,79.330002,79.625000,102947
2026-06-23 15:15:00+00:00,79.660004,79.660004,79.169998,79.290001,103512
2026-06-23 15:30:00+00:00,79.290001,79.535004,79.290001,79.470001,216346
2026-06-23 15:45:00+00:00,79.459999,79.599998,79.334999,79.540001,116015
2026-06-23 16:00:00+00:00,79.559998,80.129997,79.559998,80.080002,153807
2026-06-23 16:15:00+00:00,80.099998,80.129997,79.809998,79.900002,352509
2026-06-23 16:30:00+00:00,79.900002,80.010002,79.870003,79.959999,247790
2026-06-23 16:45:00+00:00,79.970001,80.000000,79.845001,79.949997,212925
2026-06-23 17:00:00+00:00,79.945000,80.120003,79.945000,80.074997,129010
2026-06-23 17:15:00+00:00,80.074997,80.209999,80.000000,80.160004,147329
2026-06-23 17:30:00+00:00,80.160004,80.165001,79.830002,79.875000,245905
2026-06-23 17:45:00+00:00,79.875000,79.959999,79.769997,79.794998,170128
2026-06-23 18:00:00+00:00,79.800003,79.970001,79.449997,79.529999,478719
2026-06-23 18:15:00+00:00,79.519997,79.660004,79.230003,79.430000,360484
2026-06-23 18:30:00+00:00,79.430000,79.440002,79.040001,79.080002,185826
2026-06-23 18:45:00+00:00,79.089996,79.160004,78.980003,79.150002,200567
2026-06-23 19:00:00+00:00,79.150002,79.339996,79.050003,79.105003,271166
2026-06-23 19:15:00+00:00,79.120003,79.339996,79.089996,79.250000,272182
2026-06-23 19:30:00+00:00,79.260002,79.305000,79.089996,79.230003,285766
2026-06-23 19:45:00+00:00,79.220001,79.309898,78.940002,78.964996,925633
2026-06-24 13:30:00+00:00,79.129997,79.824997,79.080002,79.820000,219200
2026-06-24 13:45:00+00:00,79.830002,80.065002,79.595001,79.893799,187431
2026-06-24 14:00:00+00:00,79.870003,80.519997,79.529999,80.489998,194908
2026-06-24 14:15:00+00:00,80.529999,80.569000,79.949997,80.029999,152110
2026-06-24 14:30:00+00:00,80.019997,80.019997,79.589996,79.974998,206661
2026-06-24 14:45:00+00:00,79.985001,80.184998,79.870003,79.870003,222356
2026-06-24 15:00:00+00:00,79.849998,79.930000,79.519997,79.580002,166025
2026-06-24 15:15:00+00:00,79.580002,79.919998,79.540001,79.919998,593396
2026-06-24 15:30:00+00:00,79.900002,80.165001,79.900002,79.970001,181962
2026-06-24 15:45:00+00:00,79.955002,79.955002,79.709999,79.754997,159082
2026-06-24 16:00:00+00:00,79.754997,79.754997,79.430099,79.660004,180179
2026-06-24 16:15:00+00:00,79.680000,80.044998,79.660004,79.945000,199232
2026-06-24 16:30:00+00:00,79.959999,80.040001,79.769997,79.785004,130191
2026-06-24 16:45:00+00:00,79.769997,79.910004,79.692101,79.760002,216372
2026-06-24 17:00:00+00:00,79.750000,79.800003,79.690002,79.730003,111877
2026-06-24 17:15:00+00:00,79.750000,79.830002,79.559998,79.580002,203338
2026-06-24 17:30:00+00:00,79.584999,79.709999,79.559998,79.625000,111990
2026-06-24 17:45:00+00:00,79.639999,79.654999,79.517403,79.599998,139424
2026-06-24 18:00:00+00:00,79.589996,79.720001,79.349998,79.555000,217907
2026-06-24 18:15:00+00:00,79.580002,79.785004,79.574997,79.769997,204120
2026-06-24 18:30:00+00:00,79.769997,79.910004,79.580002,79.620003,203357
2026-06-24 18:45:00+00:00,79.610001,79.639999,79.303902,79.559998,173117
2026-06-24 19:00:00+00:00,79.570000,79.769997,79.440002,79.565002,267370
2026-06-24 19:15:00+00:00,79.565002,79.680000,79.510002,79.605003,275113
2026-06-24 19:30:00+00:00,79.605003,79.639999,79.114998,79.300003,353312
2026-06-24 19:45:00+00:00,79.309998,79.650002,78.940002,78.940002,1207405
2026-06-25 13:30:00+00:00,79.099998,79.921402,78.389999,79.580002,315786
2026-06-25 13:45:00+00:00,79.580002,80.019997,79.350098,79.459999,271177
2026-06-25 14:00:00+00:00,79.480003,79.839996,79.029999,79.099998,257488
2026-06-25 14:15:00+00:00,79.105003,79.404999,79.000000,79.110001,168585
2026-06-25 14:30:00+00:00,79.139999,80.089996,79.095001,79.934998,296367
2026-06-25 14:45:00+00:00,79.940002,80.430000,79.910004,80.175003,161190
2026-06-25 15:00:00+00:00,80.150002,80.279999,79.970001,79.970001,189538
2026-06-25 15:15:00+00:00,79.970001,80.389000,79.949997,80.169998,323110
2026-06-25 15:30:00+00:00,80.180000,80.220001,79.879997,80.019997,146209
2026-06-25 15:45:00+00:00,80.000000,80.080002,79.870003,80.029999,213691
2026-06-25 16:00:00+00:00,80.050003,80.254997,80.000000,80.160004,107406
2026-06-25 16:15:00+00:00,80.199997,80.230003,79.945000,79.985001,100834
2026-06-25 16:30:00+00:00,79.985001,79.989998,79.360001,79.389999,305563
2026-06-25 16:45:00+00:00,79.370003,79.379997,79.209999,79.209999,91060
2026-06-25 17:00:00+00:00,79.230003,79.540001,79.070000,79.462097,192864
2026-06-25 17:15:00+00:00,79.479897,79.570000,79.269997,79.360001,92896
2026-06-25 17:30:00+00:00,79.379799,79.400002,79.150002,79.150002,109700
2026-06-25 17:45:00+00:00,79.160004,79.165001,78.660004,79.050003,166826
2026-06-25 18:00:00+00:00,79.059998,79.070000,78.610001,78.690002,119308
2026-06-25 18:15:00+00:00,78.680000,78.989998,78.660004,78.885002,115764
2026-06-25 18:30:00+00:00,78.885002,78.905998,78.540001,78.555000,96192
2026-06-25 18:45:00+00:00,78.555000,78.620003,78.419998,78.570000,137510
2026-06-25 19:00:00+00:00,78.559998,78.680000,78.480003,78.650002,139295
2026-06-25 19:15:00+00:00,78.650002,78.779999,78.550003,78.769997,212190
2026-06-25 19:30:00+00:00,78.769997,78.870003,78.684998,78.684998,302327
2026-06-25 19:45:00+00:00,78.684998,78.750000,78.511002,78.589996,890968
2026-06-26 13:30:00+00:00,78.389999,79.190002,77.889999,79.129997,379703
2026-06-26 13:45:00+00:00,79.129997,79.410004,78.650002,79.334999,200339
2026-06-26 14:00:00+00:00,79.349998,79.500000,78.949997,79.139999,160701
2026-06-26 14:15:00+00:00,79.139801,79.245003,79.089996,79.129997,120841
2026-06-26 14:30:00+00:00,79.144997,79.370003,79.144997,79.324997,110043
2026-06-26 14:45:00+00:00,79.324997,79.440002,79.264999,79.389999,90285
2026-06-26 15:00:00+00:00,79.379997,79.430000,79.279999,79.345001,115753
2026-06-26 15:15:00+00:00,79.330002,79.360001,79.220001,79.309998,149304
2026-06-26 15:30:00+00:00,79.330002,79.430000,79.019997,79.330002,125398
2026-06-26 15:45:00+00:00,79.349998,79.404999,79.059998,79.129997,154772
2026-06-26 16:00:00+00:00,79.139999,79.264999,79.050003,79.162498,159638
2026-06-26 16:15:00+00:00,79.129997,79.199997,78.860001,78.879997,151081
2026-06-26 16:30:00+00:00,78.900002,79.070000,78.900002,78.940002,95145
2026-06-26 16:45:00+00:00,78.949997,79.150002,78.894997,79.110001,84087
2026-06-26 17:00:00+00:00,79.139999,79.230003,79.110001,79.139999,75597
2026-06-26 17:15:00+00:00,79.129997,79.129997,78.730003,78.769997,55763
2026-06-26 17:30:00+00:00,78.769997,79.050003,78.769997,78.879997,115574
2026-06-26 17:45:00+00:00,78.875000,78.879997,78.639999,78.669998,124888
2026-06-26 18:00:00+00:00,78.680000,78.714996,78.480003,78.489998,115299
2026-06-26 18:15:00+00:00,78.485001,78.620003,78.419998,78.474998,113056
2026-06-26 18:30:00+00:00,78.489998,78.559998,78.125000,78.199997,164268
2026-06-26 18:45:00+00:00,78.199997,78.389999,78.150002,78.370003,215263
2026-06-26 19:00:00+00:00,78.370003,78.519997,78.349998,78.500000,216535
2026-06-26 19:15:00+00:00,78.489998,78.500000,78.160004,78.279999,255657
2026-06-26 19:30:00+00:00,78.269997,78.290001,78.000000,78.095001,390255
2026-06-26 19:45:00+00:00,78.089996,78.320000,77.805000,78.070000,1075915
2026-06-29 13:30:00+00:00,78.250000,78.370003,77.599998,77.885002,337260
2026-06-29 13:45:00+00:00,77.839996,77.989998,77.540001,77.724998,327891
2026-06-29 14:00:00+00:00,77.730003,77.860001,77.500000,77.709999,183753
2026-06-29 14:15:00+00:00,77.709999,78.050003,77.669998,77.800003,100604
2026-06-29 14:30:00+00:00,77.809998,78.184998,77.709999,78.019997,100444
2026-06-29 14:45:00+00:00,78.010002,78.029999,77.845001,77.910004,130620
2026-06-29 15:00:00+00:00,77.900002,77.930000,77.510002,77.565002,96734
2026-06-29 15:15:00+00:00,77.559998,77.559998,77.055000,77.330002,117909
2026-06-29 15:30:00+00:00,77.320000,77.500000,77.269997,77.495003,148849
2026-06-29 15:45:00+00:00,77.495003,77.665001,77.419998,77.549896,115313
2026-06-29 16:00:00+00:00,77.559998,77.879997,77.529999,77.879997,75341
2026-06-29 16:15:00+00:00,77.875000,78.154999,77.839996,77.989998,105653
2026-06-29 16:30:00+00:00,77.970001,77.970001,77.660004,77.660004,109641
2026-06-29 16:45:00+00:00,77.669998,77.779999,77.540001,77.720001,91415
2026-06-29 17:00:00+00:00,77.720001,78.114998,77.690002,78.050003,84834
2026-06-29 17:15:00+00:00,78.059998,78.135002,77.985001,78.125000,105649
2026-06-29 17:30:00+00:00,78.120003,78.389999,78.070000,78.290001,153811
2026-06-29 17:45:00+00:00,78.269997,78.459999,78.230003,78.394997,116925
2026-06-29 18:00:00+00:00,78.379997,78.379997,78.065002,78.089996,156934
2026-06-29 18:15:00+00:00,78.080002,78.139999,78.010002,78.070000,127415
2026-06-29 18:30:00+00:00,78.080002,78.220001,78.070000,78.220001,115703
2026-06-29 18:45:00+00:00,78.205002,78.300003,78.129997,78.139999,119617
2026-06-29 19:00:00+00:00,78.139999,78.139999,77.690002,77.709999,156169
2026-06-29 19:15:00+00:00,77.690002,77.815002,77.599998,77.720001,245589
2026-06-29 19:30:00+00:00,77.730003,78.074997,77.514999,77.930000,469466
2026-06-29 19:45:00+00:00,77.930000,77.930000,77.300003,77.349998,886933
2026-06-30 13:30:00+00:00,77.260002,77.260002,76.599998,76.660004,233680
2026-06-30 13:45:00+00:00,76.690002,77.172401,76.480003,76.970001,110817
2026-06-30 14:00:00+00:00,76.930000,77.239998,76.870003,77.040001,129370
2026-06-30 14:15:00+00:00,77.040001,77.089996,76.739998,76.769997,120071
2026-06-30 14:30:00+00:00,76.769997,76.860001,76.610001,76.800003,110030
2026-06-30 14:45:00+00:00,76.800003,76.854584,76.050003,76.070000,315309
2026-06-30 15:00:00+00:00,76.059998,76.305000,76.010002,76.180000,222429
2026-06-30 15:15:00+00:00,76.160004,76.235001,76.080002,76.190002,143921
2026-06-30 15:30:00+00:00,76.171204,76.250000,75.900002,76.250000,230698
2026-06-30 15:45:00+00:00,76.250000,76.384102,76.099998,76.309998,164616
2026-06-30 16:00:00+00:00,76.320000,76.550003,76.320000,76.550003,154260
2026-06-30 16:15:00+00:00,76.550003,76.720001,76.360001,76.470001,163688
2026-06-30 16:30:00+00:00,76.459999,76.559998,76.389999,76.540001,164724
2026-06-30 16:45:00+00:00,76.550003,76.589996,76.431000,76.529999,102966
2026-06-30 17:00:00+00:00,76.525002,76.565002,76.300003,76.379997,273392
2026-06-30 17:15:00+00:00,76.379997,76.660004,76.313301,76.639999,117137
2026-06-30 17:30:00+00:00,76.639999,76.639999,76.480003,76.510002,92006
2026-06-30 17:45:00+00:00,76.504997,76.699997,76.474998,76.684998,119642
2026-06-30 18:00:00+00:00,76.699997,76.720001,76.489998,76.510002,126563
2026-06-30 18:15:00+00:00,76.510002,76.565002,76.404999,76.419998,144469
2026-06-30 18:30:00+00:00,76.419998,76.570000,76.411400,76.570000,107449
2026-06-30 18:45:00+00:00,76.570000,76.760002,76.540001,76.695000,122702
2026-06-30 19:00:00+00:00,76.699997,76.970001,76.699997,76.955002,167852
2026-06-30 19:15:00+00:00,76.955002,77.029999,76.680000,77.029999,215181
2026-06-30 19:30:00+00:00,77.019997,77.080002,76.839996,76.955002,281918
2026-06-30 19:45:00+00:00,76.949997,77.260002,76.849998,77.074997,980400
2026-07-01 13:30:00+00:00,76.989998,77.489998,76.279999,76.792503,367959
2026-07-01 13:45:00+00:00,76.820000,77.260002,76.775002,77.239998,150151
2026-07-01 14:00:00+00:00,77.269997,77.514999,77.099998,77.389999,197006
2026-07-01 14:15:00+00:00,77.389999,77.445000,77.035004,77.040001,177731
2026-07-01 14:30:00+00:00,77.040001,77.050003,76.339996,76.529999,169419
2026-07-01 14:45:00+00:00,76.550003,76.580002,76.180000,76.389999,210791
2026-07-01 15:00:00+00:00,76.394997,76.800003,76.330002,76.400002,213630
2026-07-01 15:15:00+00:00,76.410004,76.510002,76.129997,76.339996,188314
2026-07-01 15:30:00+00:00,76.360001,76.620003,76.239998,76.385002,230440
2026-07-01 15:45:00+00:00,76.400002,76.695000,76.349998,76.510002,111852
2026-07-01 16:00:00+00:00,76.480003,76.650002,76.410004,76.620003,115105
2026-07-01 16:15:00+00:00,76.610001,76.660004,76.470001,76.570000,87922
2026-07-01 16:30:00+00:00,76.570000,76.644997,76.440002,76.464996,92174
2026-07-01 16:45:00+00:00,76.455002,76.480003,76.114998,76.144997,146450
2026-07-01 17:00:00+00:00,76.160004,76.315002,76.099998,76.184998,105685
2026-07-01 17:15:00+00:00,76.180000,76.209999,75.820000,75.889999,178325
2026-07-01 17:30:00+00:00,75.889999,75.900002,75.590103,75.590103,119872
2026-07-01 17:45:00+00:00,75.595001,75.644997,75.410004,75.470001,105942
2026-07-01 18:00:00+00:00,75.480003,75.540001,75.349998,75.379997,100088
2026-07-01 18:15:00+00:00,75.379997,75.400002,75.292000,75.320000,97527
2026-07-01 18:30:00+00:00,75.320000,75.389900,75.199997,75.324997,122160
2026-07-01 18:45:00+00:00,75.330002,75.419998,75.220001,75.320000,176441
2026-07-01 19:00:00+00:00,75.309998,75.724998,75.290001,75.625000,242868
2026-07-01 19:15:00+00:00,75.625000,75.739998,75.480103,75.489998,203172
2026-07-01 19:30:00+00:00,75.489998,75.589996,75.309998,75.570000,307919
2026-07-01 19:45:00+00:00,75.570000,75.730003,75.464996,75.535004,930440
2026-07-02 13:30:00+00:00,76.885002,77.199997,76.090103,76.459999,272802
2026-07-02 13:45:00+00:00,76.360001,76.428497,75.724998,75.769997,152833
2026-07-02 14:00:00+00:00,75.779999,75.839996,75.410004,75.430000,139364
2026-07-02 14:15:00+00:00,75.489998,75.620003,75.070000,75.290001,133188
2026-07-02 14:30:00+00:00,75.300003,75.375000,74.830002,74.885002,218133
2026-07-02 14:45:00+00:00,74.919998,75.199997,74.839996,74.949997,83882
2026-07-02 15:00:00+00:00,74.985001,75.000000,74.599998,74.824997,169466
2026-07-02 15:15:00+00:00,74.849998,74.864998,74.650002,74.739998,121543
2026-07-02 15:30:00+00:00,74.730003,75.135002,74.730003,75.129898,116744
2026-07-02 15:45:00+00:00,75.120003,75.199997,74.820000,75.080002,119413
2026-07-02 16:00:00+00:00,75.078903,75.105003,74.809998,74.809998,130265
2026-07-02 16:15:00+00:00,74.820000,74.885002,74.690002,74.738297,109205
2026-07-02 16:30:00+00:00,74.730003,74.735001,74.410004,74.620003,217135
2026-07-02 16:45:00+00:00,74.620003,74.820000,74.500000,74.654999,91581
2026-07-02 17:00:00+00:00,74.669998,74.790001,74.400002,74.540001,124720
2026-07-02 17:15:00+00:00,74.540001,74.655502,74.480003,74.504997,72168
2026-07-02 17:30:00+00:00,74.504997,74.580002,74.269997,74.300003,87786
2026-07-02 17:45:00+00:00,74.305099,74.430000,74.250000,74.279999,138094
2026-07-02 18:00:00+00:00,74.262497,74.879997,74.220001,74.834999,183565
2026-07-02 18:15:00+00:00,74.820000,75.099998,74.815002,75.099998,129959
2026-07-02 18:30:00+00:00,75.110001,75.199997,75.019997,75.099998,137794
2026-07-02 18:45:00+00:00,75.099998,75.129997,74.970001,75.120003,88902
2026-07-02 19:00:00+00:00,75.120003,75.260002,75.040001,75.139999,339300
2026-07-02 19:15:00+00:00,75.120003,75.379997,75.000000,75.324997,210401
2026-07-02 19:30:00+00:00,75.324997,75.629997,75.309998,75.595001,234108
2026-07-02 19:45:00+00:00,75.589996,76.089996,75.519997,76.000000,807366
2026-07-06 13:30:00+00:00,76.529999,77.279999,76.115799,77.199997,271511
2026-07-06 13:45:00+00:00,77.120003,77.489998,76.849998,76.919998,107896
2026-07-06 14:00:00+00:00,76.930000,77.250000,76.349998,76.629997,97746
2026-07-06 14:15:00+00:00,76.614998,76.614998,76.150002,76.470001,185466
2026-07-06 14:30:00+00:00,76.464996,76.529999,76.169998,76.360001,145372
2026-07-06 14:45:00+00:00,76.360001,76.480003,76.220001,76.480003,96712
2026-07-06 15:00:00+00:00,76.489998,77.029999,76.489998,76.989998,150201
2026-07-06 15:15:00+00:00,76.989998,77.040001,76.739998,76.970001,80775
2026-07-06 15:30:00+00:00,76.940002,77.404999,76.919998,77.370003,123344
2026-07-06 15:45:00+00:00,77.389999,77.529999,77.290001,77.309898,140077
2026-07-06 16:00:00+00:00,77.294998,77.665001,77.239998,77.605003,154052
2026-07-06 16:15:00+00:00,77.589996,77.639999,77.525002,77.570000,91977
2026-07-06 16:30:00+00:00,77.540001,77.730003,77.510002,77.730003,122391
2026-07-06 16:45:00+00:00,77.709999,77.779999,77.580002,77.769997,120398
2026-07-06 17:00:00+00:00,77.779999,77.955002,77.730003,77.910004,115142
2026-07-06 17:15:00+00:00,77.934998,78.000000,77.889999,77.925003,104148
2026-07-06 17:30:00+00:00,77.919998,77.919998,77.730003,77.800003,62994
2026-07-06 17:45:00+00:00,77.800003,77.849998,77.720001,77.800003,54882
2026-07-06 18:00:00+00:00,77.800003,77.949997,77.794998,77.919998,108371
2026-07-06 18:15:00+00:00,77.919998,78.059998,77.894997,78.029999,103282
2026-07-06 18:30:00+00:00,78.044998,78.070000,77.894997,77.900002,66182
2026-07-06 18:45:00+00:00,77.889999,77.995003,77.850098,77.910004,87088
2026-07-06 19:00:00+00:00,77.919998,77.940002,77.760002,77.834999,109855
2026-07-06 19:15:00+00:00,77.849998,77.959999,77.760002,77.934998,167650
2026-07-06 19:30:00+00:00,77.940002,78.035004,77.800003,77.870003,240164
2026-07-06 19:45:00+00:00,77.870003,78.014999,77.809998,77.845001,729114
2026-07-07 13:30:00+00:00,77.720001,77.720001,76.279999,76.809998,357622
2026-07-07 13:45:00+00:00,76.838303,76.894997,76.440002,76.739998,103869
2026-07-07 14:00:00+00:00,76.736000,76.779999,76.489998,76.605003,116626
2026-07-07 14:15:00+00:00,76.580002,76.645798,76.209999,76.400002,202426
2026-07-07 14:30:00+00:00,76.370003,76.519997,76.279999,76.410004,157293
2026-07-07 14:45:00+00:00,76.404999,76.709999,76.370003,76.599998,186844
2026-07-07 15:00:00+00:00,76.599998,76.625000,76.434998,76.440002,204291
2026-07-07 15:15:00+00:00,76.430000,76.449997,75.940002,76.110001,184207
2026-07-07 15:30:00+00:00,76.120003,76.120003,75.739998,75.855003,134860
2026-07-07 15:45:00+00:00,75.855003,75.900002,75.680000,75.794998,137497
2026-07-07 16:00:00+00:00,75.800003,75.839996,75.641800,75.699997,108050
2026-07-07 16:15:00+00:00,75.699997,75.809998,75.680000,75.739998,101993
2026-07-07 16:30:00+00:00,75.739998,75.919998,75.709999,75.820000,100924
2026-07-07 16:45:00+00:00,75.820000,76.000000,75.820000,76.000000,101602
2026-07-07 17:00:00+00:00,76.029999,76.209999,76.014999,76.040001,92612
2026-07-07 17:15:00+00:00,76.059998,76.059998,75.809998,75.860001,111398
2026-07-07 17:30:00+00:00,75.860001,75.955002,75.839996,75.879997,92113
2026-07-07 17:45:00+00:00,75.874100,75.900002,75.779999,75.849998,74173
2026-07-07 18:00:00+00:00,75.849701,75.980003,75.805000,75.830002,170822
2026-07-07 18:15:00+00:00,75.845001,75.970001,75.739998,75.900002,119685
2026-07-07 18:30:00+00:00,75.900002,76.400002,75.870003,76.370003,202913
2026-07-07 18:45:00+00:00,76.364998,76.379997,76.175003,76.220001,109447
2026-07-07 19:00:00+00:00,76.220001,76.275002,76.095001,76.150002,104096
2026-07-07 19:15:00+00:00,76.139999,76.379997,76.050003,76.349998,215057
2026-07-07 19:30:00+00:00,76.320000,76.330002,76.099998,76.205002,192005
2026-07-07 19:45:00+00:00,76.205002,76.315002,75.989998,76.035004,762003
2026-07-08 13:30:00+00:00,75.214996,76.239998,74.580002,76.160004,247395
2026-07-08 13:45:00+00:00,76.180000,76.260002,75.962502,76.139999,122814
2026-07-08 14:00:00+00:00,76.110001,76.309998,75.930000,76.050003,120846
2026-07-08 14:15:00+00:00,76.029999,76.029999,75.660004,75.790001,94335
2026-07-08 14:30:00+00:00,75.779999,75.800003,75.230003,75.311600,123688
2026-07-08 14:45:00+00:00,75.300003,75.430000,75.099998,75.250000,112390
2026-07-08 15:00:00+00:00,75.248100,75.248100,74.980003,75.019997,97535
2026-07-08 15:15:00+00:00,75.040001,75.160004,74.930000,75.004951,120744
2026-07-08 15:30:00+00:00,75.014999,75.349998,75.010002,75.309998,176326
2026-07-08 15:45:00+00:00,75.309998,75.510002,75.293999,75.410004,126633
2026-07-08 16:00:00+00:00,75.419998,75.669998,75.419998,75.650002,88695
2026-07-08 16:15:00+00:00,75.639999,75.830002,75.599998,75.745003,99876
2026-07-08 16:30:00+00:00,75.720001,75.817001,75.339996,75.732498,142418
2026-07-08 16:45:00+00:00,75.755600,75.879898,75.709999,75.809998,69966
2026-07-08 17:00:00+00:00,75.779999,75.855003,75.724998,75.750000,55022
2026-07-08 17:15:00+00:00,75.769997,75.820000,75.695000,75.760002,40184
2026-07-08 17:30:00+00:00,75.750000,75.970001,75.750000,75.845001,86942
2026-07-08 17:45:00+00:00,75.845001,75.870003,75.580002,75.635002,38036
2026-07-08 18:00:00+00:00,75.620003,75.760002,75.586800,75.684998,51114
2026-07-08 18:15:00+00:00,75.699997,75.750000,75.610001,75.650002,103327
2026-07-08 18:30:00+00:00,75.650002,75.714996,75.570000,75.684998,99322
2026-07-08 18:45:00+00:00,75.669998,75.675003,75.529999,75.589996,100790
2026-07-08 19:00:00+00:00,75.589996,75.940002,75.589996,75.910004,95062
2026-07-08 19:15:00+00:00,75.910004,75.989998,75.834999,75.860001,89791
2026-07-08 19:30:00+00:00,75.860001,76.040001,75.790001,76.035004,190212
2026-07-08 19:45:00+00:00,76.019997,76.300003,75.989998,76.224998,612616
2026-07-09 13:30:00+00:00,76.370003,76.730003,75.629997,76.089996,121027
2026-07-09 13:45:00+00:00,76.050003,76.180000,75.779999,75.870003,81488
2026-07-09 14:00:00+00:00,75.839996,76.099998,75.699997,75.834999,93752
2026-07-09 14:15:00+00:00,75.835098,75.940002,75.449997,75.925003,90314
2026-07-09 14:30:00+00:00,75.919998,76.239998,75.790001,76.070000,118860
2026-07-09 14:45:00+00:00,76.089996,76.379997,76.000000,76.339996,97287
2026-07-09 15:00:00+00:00,76.334999,76.360001,76.000000,76.000000,101570
2026-07-09 15:15:00+00:00,76.000000,76.309998,75.980003,76.245003,136254
2026-07-09 15:30:00+00:00,76.245003,76.260002,76.070000,76.180000,104989
2026-07-09 15:45:00+00:00,76.180000,76.449997,76.175003,76.391403,91419
2026-07-09 16:00:00+00:00,76.410004,76.550003,76.410004,76.550003,60141
2026-07-09 16:15:00+00:00,76.569199,76.589996,76.339996,76.349998,64403
2026-07-09 16:30:00+00:00,76.339996,76.500000,76.320000,76.500000,52884
2026-07-09 16:45:00+00:00,76.510002,76.699997,76.445000,76.510002,55023
2026-07-09 17:00:00+00:00,76.519997,76.605003,76.460098,76.580002,45630
2026-07-09 17:15:00+00:00,76.599998,76.680000,76.550003,76.650002,159794
2026-07-09 17:30:00+00:00,76.635002,76.705002,76.589996,76.654999,65200
2026-07-09 17:45:00+00:00,76.650002,76.720001,76.628197,76.709999,70905
2026-07-09 18:00:00+00:00,76.690002,76.870003,76.580002,76.864998,129393
2026-07-09 18:15:00+00:00,76.879997,76.900002,76.639999,76.669998,146380
2026-07-09 18:30:00+00:00,76.684998,76.754997,76.540001,76.660004,96672
2026-07-09 18:45:00+00:00,76.680000,76.779999,76.639999,76.760002,78886
2026-07-09 19:00:00+00:00,76.750000,76.760002,76.570000,76.669998,95069
2026-07-09 19:15:00+00:00,76.650002,76.760002,76.589996,76.654999,104595
2026-07-09 19:30:00+00:00,76.639999,76.724998,76.570000,76.644997,154761
2026-07-09 19:45:00+00:00,76.639999,76.720001,76.440002,76.644997,651266
2026-07-10 13:30:00+00:00,76.889999,77.650002,76.875000,77.584999,163716
2026-07-10 13:45:00+00:00,77.584999,77.730003,77.510002,77.660004,68886
2026-07-10 14:00:00+00:00,77.629997,78.089996,77.629997,77.930000,113334
2026-07-10 14:15:00+00:00,77.900002,78.264999,77.889999,78.220001,66678
2026-07-10 14:30:00+00:00,78.225098,78.440002,77.580002,78.330002,210700
2026-07-10 14:45:00+00:00,78.349998,78.519997,78.209999,78.260002,79344
2026-07-10 15:00:00+00:00,78.254997,78.525002,78.160004,78.189201,84740
2026-07-10 15:15:00+00:00,78.199997,78.510002,78.190002,78.389999,77166
2026-07-10 15:30:00+00:00,78.389999,78.389999,78.160004,78.220001,165095
2026-07-10 15:45:00+00:00,78.209999,78.410004,78.099998,78.379997,178856
2026-07-10 16:00:00+00:00,78.385002,78.599998,78.364998,78.434998,147388
2026-07-10 16:15:00+00:00,78.434998,78.669998,78.379997,78.629997,145311
2026-07-10 16:30:00+00:00,78.650002,78.654999,78.375000,78.445000,97761
2026-07-10 16:45:00+00:00,78.455002,78.629997,78.440002,78.595001,56268
2026-07-10 17:00:00+00:00,78.580002,78.639999,78.440002,78.455002,77393
2026-07-10 17:15:00+00:00,78.455002,78.474998,78.379997,78.470001,63794
2026-07-10 17:30:00+00:00,78.470001,78.504997,78.379997,78.495003,68054
2026-07-10 17:45:00+00:00,78.495003,78.529999,78.400002,78.449997,68822
2026-07-10 18:00:00+00:00,78.459999,78.570000,78.324997,78.540001,231691
2026-07-10 18:15:00+00:00,78.559998,78.599998,78.364998,78.389999,77229
2026-07-10 18:30:00+00:00,78.400002,78.440002,78.295998,78.339996,65654
2026-07-10 18:45:00+00:00,78.349998,78.389999,78.250000,78.339996,87382
2026-07-10 19:00:00+00:00,78.334999,78.410004,78.209999,78.358200,241270
2026-07-10 19:15:00+00:00,78.345001,78.349998,78.230003,78.279999,118493
2026-07-10 19:30:00+00:00,78.269997,78.370003,78.195000,78.330002,205065
2026-07-10 19:45:00+00:00,78.345001,78.379997,77.815002,77.849998,584969
2026-07-13 13:30:00+00:00,78.050003,78.500000,77.589996,77.690002,145602
2026-07-13 13:45:00+00:00,77.829903,77.839996,77.461899,77.834999,131351
2026-07-13 14:00:00+00:00,77.839996,77.910004,77.620003,77.830002,82859
2026-07-13 14:15:00+00:00,77.769997,77.834999,77.199997,77.535004,131471
2026-07-13 14:30:00+00:00,77.510002,77.629997,77.180000,77.230988,60448
2026-07-13 14:45:00+00:00,77.235001,77.260002,77.050003,77.180000,66696
2026-07-13 15:00:00+00:00,77.190002,77.389999,77.125000,77.235001,40393
2026-07-13 15:15:00+00:00,77.209999,77.360001,77.139999,77.190002,45444
2026-07-13 15:30:00+00:00,77.180000,77.278999,76.949997,76.974998,63788
2026-07-13 15:45:00+00:00,76.980003,77.000000,76.769997,76.800003,70380
2026-07-13 16:00:00+00:00,76.800003,76.940002,76.779999,76.839996,61169
2026-07-13 16:15:00+00:00,76.790001,76.910004,76.629997,76.675003,51395
2026-07-13 16:30:00+00:00,76.660004,76.669998,76.480003,76.610001,61134
2026-07-13 16:45:00+00:00,76.639999,76.690002,76.440002,76.654999,63587
2026-07-13 17:00:00+00:00,76.660004,76.769997,76.605003,76.682503,53561
2026-07-13 17:15:00+00:00,76.690002,76.800003,76.650002,76.720001,39718
2026-07-13 17:30:00+00:00,76.730003,76.785004,76.650002,76.709999,40824
2026-07-13 17:45:00+00:00,76.735001,76.830002,76.675003,76.675003,44281
2026-07-13 18:00:00+00:00,76.680000,76.724998,76.430000,76.540001,61730
2026-07-13 18:15:00+00:00,76.544998,76.680000,76.430000,76.625000,50066
2026-07-13 18:30:00+00:00,76.610001,76.820000,76.584999,76.720001,71630
2026-07-13 18:45:00+00:00,76.720001,76.739998,76.555000,76.580002,51160
2026-07-13 19:00:00+00:00,76.585503,76.669998,76.514999,76.639999,54055
2026-07-13 19:15:00+00:00,76.620003,76.720001,76.544998,76.570000,107333
2026-07-13 19:30:00+00:00,76.570000,76.730003,76.519997,76.714996,138363
2026-07-13 19:45:00+00:00,76.699997,76.839996,76.629997,76.724998,472468
2026-07-14 13:30:00+00:00,76.779999,77.334999,76.510002,77.264999,206741
2026-07-14 13:45:00+00:00,77.199997,77.199997,76.570000,76.584999,80596
2026-07-14 14:00:00+00:00,76.540001,76.930000,76.470001,76.730003,124786
2026-07-14 14:15:00+00:00,76.720001,76.739998,76.519997,76.730003,64039
2026-07-14 14:30:00+00:00,76.720001,76.989998,76.559998,76.675003,118381
2026-07-14 14:45:00+00:00,76.690002,76.760002,76.629997,76.709999,33111
2026-07-14 15:00:00+00:00,76.730003,77.082397,76.635002,77.050003,72803
2026-07-14 15:15:00+00:00,77.019997,77.019997,76.760002,76.775002,31014
2026-07-14 15:30:00+00:00,76.800003,76.800003,76.370003,76.455002,51888
2026-07-14 15:45:00+00:00,76.459999,76.595001,76.358803,76.404999,48520
2026-07-14 16:00:00+00:00,76.440002,76.505096,76.320000,76.364998,72535
2026-07-14 16:15:00+00:00,76.364998,76.449997,76.334999,76.419998,45571
2026-07-14 16:30:00+00:00,76.419998,76.480003,76.345001,76.394997,50397
2026-07-14 16:45:00+00:00,76.400002,76.410004,76.250000,76.269997,35177
2026-07-14 17:00:00+00:00,76.275002,76.330002,76.190002,76.285004,46341
2026-07-14 17:15:00+00:00,76.300003,76.309998,76.120003,76.120003,47234
2026-07-14 17:30:00+00:00,76.135002,76.254997,75.955002,76.180000,88339
2026-07-14 17:45:00+00:00,76.175003,76.269997,76.160004,76.260002,32018
2026-07-14 18:00:00+00:00,76.260002,76.519997,76.260002,76.489998,90110
2026-07-14 18:15:00+00:00,76.500000,76.720001,76.474998,76.690002,106451
2026-07-14 18:30:00+00:00,76.695000,76.695000,76.449997,76.500000,123453
2026-07-14 18:45:00+00:00,76.519997,76.730003,76.519997,76.720001,56034
2026-07-14 19:00:00+00:00,76.699997,76.769997,76.614998,76.644997,45650
2026-07-14 19:15:00+00:00,76.639999,76.775101,76.639999,76.669998,64710
2026-07-14 19:30:00+00:00,76.650002,76.690002,76.419998,76.474998,208065
2026-07-14 19:45:00+00:00,76.480003,76.894997,76.440002,76.870003,578858
2026-07-15 13:30:00+00:00,77.239998,77.660004,77.099998,77.114998,738167
2026-07-15 13:45:00+00:00,77.080002,77.400002,76.896004,77.160004,161256
2026-07-15 14:00:00+00:00,77.220001,77.705002,77.150002,77.629997,127662
2026-07-15 14:15:00+00:00,77.660004,77.879997,77.635002,77.720001,85398
2026-07-15 14:30:00+00:00,77.724998,77.800003,77.530998,77.550003,113848
2026-07-15 14:45:00+00:00,77.555000,77.860001,77.400002,77.827698,115568
2026-07-15 15:00:00+00:00,77.860001,78.160004,77.699997,77.699997,81518
2026-07-15 15:15:00+00:00,77.699997,77.809998,77.593597,77.720001,79670
2026-07-15 15:30:00+00:00,77.699997,77.699997,77.480003,77.489998,81578
2026-07-15 15:45:00+00:00,77.480003,77.485001,77.269997,77.349998,126386
2026-07-15 16:00:00+00:00,77.379997,77.394997,77.169998,77.169998,96017
2026-07-15 16:15:00+00:00,77.169998,77.235001,76.820000,76.949997,151083
2026-07-15 16:30:00+00:00,76.964996,76.980003,76.790001,76.980003,94513
2026-07-15 16:45:00+00:00,77.000000,77.199997,76.919998,77.165001,214706
2026-07-15 17:00:00+00:00,77.169998,77.245003,76.985001,77.044998,73107
2026-07-15 17:15:00+00:00,77.050003,77.199997,77.029999,77.190002,80794
2026-07-15 17:30:00+00:00,77.199997,77.430000,77.190002,77.389999,75347
2026-07-15 17:45:00+00:00,77.389999,77.459999,77.320000,77.379997,112838
2026-07-15 18:00:00+00:00,77.379997,77.400002,76.985001,77.000000,121353
2026-07-15 18:15:00+00:00,76.995003,77.059998,76.930000,77.040199,91594
2026-07-15 18:30:00+00:00,77.050003,77.239998,77.040001,77.165001,102246
2026-07-15 18:45:00+00:00,77.160004,77.169998,76.970001,77.000000,108395
2026-07-15 19:00:00+00:00,76.989998,77.239998,76.919998,77.230003,101146
2026-07-15 19:15:00+00:00,77.230003,77.370003,77.190002,77.275002,106627
2026-07-15 19:30:00+00:00,77.279999,77.385002,77.209999,77.370003,164841
2026-07-15 19:45:00+00:00,77.360001,77.660004,77.279999,77.660004,772820
2026-07-16 13:30:00+00:00,77.500000,77.860001,77.110001,77.709999,131131
2026-07-16 13:45:00+00:00,77.629997,77.970001,77.510002,77.650002,111037
2026-07-16 14:00:00+00:00,77.654999,77.919998,77.459999,77.769997,151597
2026-07-16 14:15:00+00:00,77.709999,77.775002,77.449997,77.669998,75469
2026-07-16 14:30:00+00:00,77.699997,77.720001,77.419998,77.570000,79659
2026-07-16 14:45:00+00:00,77.565002,77.709099,77.480003,77.584999,106858
2026-07-16 15:00:00+00:00,77.564003,77.580002,77.269997,77.470001,155599
2026-07-16 15:15:00+00:00,77.489998,77.489998,77.099998,77.110001,93330
2026-07-16 15:30:00+00:00,77.139999,77.250000,77.029999,77.070000,115901
2026-07-16 15:45:00+00:00,77.074997,77.080002,76.720001,76.775002,100630
2026-07-16 16:00:00+00:00,76.775002,76.879997,76.650002,76.751503,81336
2026-07-16 16:15:00+00:00,76.760002,76.879997,76.650002,76.650002,166564
2026-07-16 16:30:00+00:00,76.665001,76.930000,76.665001,76.720001,62309
2026-07-16 16:45:00+00:00,76.720001,76.879997,76.614998,76.870003,71067
2026-07-16 17:00:00+00:00,76.875000,76.989998,76.849998,76.860001,56339
2026-07-16 17:15:00+00:00,76.870003,76.879997,76.690002,76.750000,53026
2026-07-16 17:30:00+00:00,76.750000,76.839996,76.635002,76.690002,59835
2026-07-16 17:45:00+00:00,76.690002,76.870003,76.690002,76.805000,52507
2026-07-16 18:00:00+00:00,76.800003,77.040001,76.705002,76.910004,107000
2026-07-16 18:15:00+00:00,76.870003,77.040001,76.800003,76.889603,109099
2026-07-16 18:30:00+00:00,76.870003,76.930000,76.709999,76.800003,99089
2026-07-16 18:45:00+00:00,76.790001,76.940002,76.754997,76.934998,114128
2026-07-16 19:00:00+00:00,76.934998,77.029999,76.860001,77.019997,139179
2026-07-16 19:15:00+00:00,77.019997,77.220001,77.000000,77.120003,154812
2026-07-16 19:30:00+00:00,77.120003,77.620003,77.070000,77.589996,280126
2026-07-16 19:45:00+00:00,77.580002,77.720001,77.379997,77.720001,841753
2026-07-17 13:30:00+00:00,77.139999,77.184998,76.029999,77.089996,422476
2026-07-17 13:45:00+00:00,77.125000,77.940002,77.050003,77.535004,100835
2026-07-17 14:00:00+00:00,77.540001,77.589996,77.199997,77.260002,110991
2026-07-17 14:15:00+00:00,77.264999,77.340103,77.029999,77.199997,106203
2026-07-17 14:30:00+00:00,77.139999,77.250000,77.000000,77.029999,104319
2026-07-17 14:45:00+00:00,77.029999,77.220001,76.900002,77.182503,256323
2026-07-17 15:00:00+00:00,77.184998,77.205002,76.820000,76.879997,229365
2026-07-17 15:15:00+00:00,76.849998,77.300003,76.830002,77.110001,512315
2026-07-17 15:30:00+00:00,77.099998,77.190002,76.900002,77.120003,162680
2026-07-17 15:45:00+00:00,77.110001,77.320000,77.010002,77.320000,96795
2026-07-17 16:00:00+00:00,77.339996,77.400002,77.089996,77.355003,77643
2026-07-17 16:15:00+00:00,77.345001,77.379997,77.070000,77.110001,81392
2026-07-17 16:30:00+00:00,77.114998,77.190002,76.974998,77.070000,129362
2026-07-17 16:45:00+00:00,77.080002,77.190002,76.925003,77.014999,103186
2026-07-17 17:00:00+00:00,77.029999,77.220001,77.029999,77.120003,86482
2026-07-17 17:15:00+00:00,77.120003,77.175003,77.019997,77.080002,92907
2026-07-17 17:30:00+00:00,77.080002,77.099998,76.690002,76.735001,129448
2026-07-17 17:45:00+00:00,76.735001,76.845001,76.699997,76.720001,95557
2026-07-17 18:00:00+00:00,76.720001,76.769997,76.610001,76.629997,82560
2026-07-17 18:15:00+00:00,76.620003,76.654999,76.464996,76.629997,92329
2026-07-17 18:30:00+00:00,76.639999,76.690002,76.540001,76.559898,76075
2026-07-17 18:45:00+00:00,76.559998,76.655899,76.540001,76.559998,84451
2026-07-17 19:00:00+00:00,76.550003,76.584999,76.419998,76.495003,106385
2026-07-17 19:15:00+00:00,76.495003,76.605003,76.370003,76.480003,134907
2026-07-17 19:30:00+00:00,76.489998,76.535004,76.389999,76.430000,237229
2026-07-17 19:45:00+00:00,76.430000,76.489998,75.989998,76.059998,792850
2026-07-20 13:30:00+00:00,76.989998,77.190002,75.710098,76.250000,289828
2026-07-20 13:45:00+00:00,76.260002,76.364998,75.940002,76.044998,195092
2026-07-20 14:00:00+00:00,76.040001,76.209999,75.849998,75.985001,368276
2026-07-20 14:15:00+00:00,75.985001,76.199997,75.879997,76.190002,249511
2026-07-20 14:30:00+00:00,76.190002,76.430000,76.129997,76.370003,258632
2026-07-20 14:45:00+00:00,76.379997,76.459999,76.070000,76.160004,171450
2026-07-20 15:00:00+00:00,76.160004,76.620003,76.129997,76.540001,212986
2026-07-20 15:15:00+00:00,76.550003,76.570000,76.269997,76.269997,202020
2026-07-20 15:30:00+00:00,76.269997,76.324997,76.010002,76.084999,126491
2026-07-20 15:45:00+00:00,76.084999,76.120003,75.896500,75.985001,238923
2026-07-20 16:00:00+00:00,75.974998,76.250000,75.974998,76.180000,161010
2026-07-20 16:15:00+00:00,76.169998,76.209999,76.080002,76.180000,116636
2026-07-20 16:30:00+00:00,76.184998,76.220001,76.000000,76.120003,131203
2026-07-20 16:45:00+00:00,76.099998,76.150002,75.669998,75.849998,225657
2026-07-20 17:00:00+00:00,75.870003,75.949898,75.639999,75.684998,190156
2026-07-20 17:15:00+00:00,75.684998,75.684998,75.529999,75.599998,154111
2026-07-20 17:30:00+00:00,75.599998,75.610001,75.410004,75.510002,135136
2026-07-20 17:45:00+00:00,75.510002,75.510002,75.400002,75.480003,100374
2026-07-20 18:00:00+00:00,75.480003,75.754997,75.459999,75.599899,231651
2026-07-20 18:15:00+00:00,75.610001,75.760002,75.589996,75.605003,169277
2026-07-20 18:30:00+00:00,75.605003,75.605003,75.470100,75.570000,225946
2026-07-20 18:45:00+00:00,75.559998,75.714996,75.489998,75.660004,232346
2026-07-20 19:00:00+00:00,75.669998,75.690002,75.360001,75.430000,261098
2026-07-20 19:15:00+00:00,75.410004,76.010002,75.389999,75.860001,620831
2026-07-20 19:30:00+00:00,75.860001,75.930000,75.459999,75.675003,488179
2026-07-20 19:45:00+00:00,75.675003,76.029999,75.389999,75.849998,1439858
2026-07-21 13:30:00+00:00,76.089996,77.860001,74.800003,77.500000,1791435
2026-07-21 13:45:00+00:00,77.559998,79.489998,77.489998,78.570000,1064368
2026-07-21 14:00:00+00:00,78.510002,78.839996,78.129997,78.582001,657701
2026-07-21 14:15:00+00:00,78.589996,78.860001,78.290001,78.510002,387070
2026-07-21 14:30:00+00:00,78.519997,79.000000,78.339996,78.834999,260709
2026-07-21 14:45:00+00:00,78.860001,78.989998,78.110001,78.690002,398517
2026-07-21 15:00:00+00:00,78.779099,78.779099,77.870003,78.449997,256384
2026-07-21 15:15:00+00:00,78.400002,79.059998,78.379997,78.940002,173954
2026-07-21 15:30:00+00:00,78.959999,79.400002,78.675003,79.290001,199773
2026-07-21 15:45:00+00:00,79.285004,80.029999,79.260002,79.675003,509465
2026-07-21 16:00:00+00:00,79.675003,79.889999,79.430000,79.440002,157763
2026-07-21 16:15:00+00:00,79.419998,79.574997,78.769997,79.574997,184301
2026-07-21 16:30:00+00:00,79.574997,79.809998,79.389999,79.809998,123053
2026-07-21 16:45:00+00:00,79.805000,80.099998,79.669998,79.820000,307513
2026-07-21 17:00:00+00:00,79.779999,80.050003,79.639999,80.015999,198242
2026-07-21 17:15:00+00:00,80.000000,80.089996,79.540001,79.879997,183883
2026-07-21 17:30:00+00:00,79.879997,79.940002,79.675003,79.855003,177863
2026-07-21 17:45:00+00:00,79.849998,79.900002,79.584999,79.639999,226743
2026-07-21 18:00:00+00:00,79.639999,79.760002,79.230003,79.419998,377243
2026-07-21 18:15:00+00:00,79.415001,80.089996,79.400002,79.820000,331565
2026-07-21 18:30:00+00:00,79.820000,79.830002,79.010002,79.118980,355705
2026-07-21 18:45:00+00:00,79.125000,79.489998,78.779999,79.300003,225738
2026-07-21 19:00:00+00:00,79.294998,79.510002,79.114998,79.470001,179416
2026-07-21 19:15:00+00:00,79.464996,79.889999,79.370003,79.650002,351580
2026-07-21 19:30:00+00:00,79.669998,79.860001,79.559998,79.834999,380055
2026-07-21 19:45:00+00:00,79.834999,80.070000,79.500000,79.529999,1145574
2026-07-22 13:30:00+00:00,80.500000,83.980003,80.040001,83.559998,1641671
2026-07-22 13:45:00+00:00,83.500000,84.330002,83.339996,84.070000,468502
2026-07-22 14:00:00+00:00,84.019997,84.195000,82.760002,82.889999,514064
2026-07-22 14:15:00+00:00,82.870003,82.989998,82.160004,82.230003,1018828
2026-07-22 14:30:00+00:00,82.230003,82.260002,81.705704,82.125000,440492
2026-07-22 14:45:00+00:00,82.114998,82.485001,81.959999,82.360001,459870
2026-07-22 15:00:00+00:00,82.335098,82.639999,82.209999,82.440002,226030
2026-07-22 15:15:00+00:00,82.410004,82.720001,82.379997,82.474998,336009
2026-07-22 15:30:00+00:00,82.474998,82.949997,82.362000,82.489998,439159
2026-07-22 15:45:00+00:00,82.489998,82.675003,82.309998,82.610001,177874
2026-07-22 16:00:00+00:00,82.629997,82.989998,82.620003,82.910004,188407
2026-07-22 16:15:00+00:00,82.915001,82.955002,82.677299,82.945000,140698
2026-07-22 16:30:00+00:00,82.910004,83.250000,82.830002,82.864998,237821
2026-07-22 16:45:00+00:00,82.864998,83.000000,82.779999,82.879997,261897
2026-07-22 17:00:00+00:00,82.883499,83.007500,82.785004,82.870003,232594
2026-07-22 17:15:00+00:00,82.870003,82.879997,82.620003,82.629997,322368
2026-07-22 17:30:00+00:00,82.625000,82.750000,82.470001,82.671700,206399
2026-07-22 17:45:00+00:00,82.680000,82.900002,82.660004,82.695000,197859
2026-07-22 18:00:00+00:00,82.695000,82.723198,82.110001,82.129997,306495
2026-07-22 18:15:00+00:00,82.110001,82.239998,82.025002,82.165001,292301
2026-07-22 18:30:00+00:00,82.165001,82.205002,81.820000,82.110001,314286
2026-07-22 18:45:00+00:00,82.110001,82.209999,81.800003,82.160004,303886
2026-07-22 19:00:00+00:00,82.160004,82.169998,81.480003,81.480003,276324
2026-07-22 19:15:00+00:00,81.480003,81.580002,81.230003,81.489998,391483
2026-07-22 19:30:00+00:00,81.489998,82.099998,81.489998,81.879997,657562
2026-07-22 19:45:00+00:00,81.864998,82.279999,81.750000,82.129997,1616457
2026-07-23 13:30:00+00:00,81.360001,81.744003,80.214996,80.764999,312111
2026-07-23 13:45:00+00:00,80.779999,80.779999,79.589996,79.739998,210417
2026-07-23 14:00:00+00:00,79.779999,79.779999,79.419998,79.570000,195758
2026-07-23 14:15:00+00:00,79.559998,79.599998,79.129997,79.260002,143373
2026-07-23 14:30:00+00:00,79.279999,79.635002,79.099998,79.519997,113640
2026-07-23 14:45:00+00:00,79.504997,79.779999,79.425003,79.639999,98563
2026-07-23 15:00:00+00:00,79.635002,79.690002,79.430000,79.584999,108827
2026-07-23 15:15:00+00:00,79.584999,79.660004,79.099998,79.099998,113723
2026-07-23 15:30:00+00:00,79.080002,79.480003,79.000000,79.349998,141803
2026-07-23 15:45:00+00:00,79.349998,79.650002,79.309998,79.614998,92778
2026-07-23 16:00:00+00:00,79.610001,79.720001,79.519997,79.654999,109942
2026-07-23 16:15:00+00:00,79.642502,79.692802,79.510002,79.665001,74444
2026-07-23 16:30:00+00:00,79.660004,79.769897,79.389999,79.525002,221995
2026-07-23 16:45:00+00:00,79.510002,79.779999,79.430000,79.747498,125822
2026-07-23 17:00:00+00:00,79.789902,80.250000,79.760002,79.980103,235839
2026-07-23 17:15:00+00:00,79.980003,80.269897,79.970001,80.110001,287607
2026-07-23 17:30:00+00:00,80.110001,80.245003,79.980003,80.019997,143314
2026-07-23 17:45:00+00:00,80.010002,80.040001,79.632599,79.690002,134559
2026-07-23 18:00:00+00:00,79.690002,79.730003,79.595001,79.665001,143823
2026-07-23 18:15:00+00:00,79.669998,79.760002,79.599998,79.760002,125998
2026-07-23 18:30:00+00:00,79.769997,79.910004,79.650002,79.860001,190373
2026-07-23 18:45:00+00:00,79.864998,80.110001,79.790001,80.025002,196666
2026-07-23 19:00:00+00:00,80.029999,80.339996,80.029999,80.239998,197864
2026-07-23 19:15:00+00:00,80.245003,80.410004,80.160004,80.260002,294828
2026-07-23 19:30:00+00:00,80.264999,80.559998,80.139999,80.495003,312178
2026-07-23 19:45:00+00:00,80.500000,80.769997,80.209999,80.699997,1179448
2026-07-24 13:30:00+00:00,80.540001,82.489998,80.430000,82.190002,307348
2026-07-24 13:45:00+00:00,82.190002,82.980003,82.167702,82.669998,260321
2026-07-24 14:00:00+00:00,82.614998,83.279999,82.540001,83.272202,237622
2026-07-24 14:15:00+00:00,83.254997,83.440002,83.129997,83.160004,130761
2026-07-24 14:30:00+00:00,83.120003,83.220001,82.889999,83.080002,137897
2026-07-24 14:45:00+00:00,83.089996,83.389999,82.949997,83.379997,142270
2026-07-24 15:00:00+00:00,83.389999,83.620003,83.129997,83.595001,172719
2026-07-24 15:15:00+00:00,83.589996,83.760002,83.355003,83.639999,142621
2026-07-24 15:30:00+00:00,83.669998,83.760002,83.425003,83.535004,93660
2026-07-24 15:45:00+00:00,83.535004,83.584999,83.430000,83.529999,119213
2026-07-24 16:00:00+00:00,83.489998,83.495003,83.260002,83.269997,103411
2026-07-24 16:15:00+00:00,83.260002,83.370003,83.199997,83.254997,88681
2026-07-24 16:30:00+00:00,83.254997,83.279999,83.175003,83.209999,95860
2026-07-24 16:45:00+00:00,83.209999,83.209999,82.934998,83.099998,93913
2026-07-24 17:00:00+00:00,83.120003,83.125000,82.720001,82.809998,97141
2026-07-24 17:15:00+00:00,82.820000,82.900002,82.750000,82.800003,86782
2026-07-24 17:30:00+00:00,82.805702,82.830002,82.635002,82.660004,76454
2026-07-24 17:45:00+00:00,82.650002,82.720001,82.510002,82.525002,83248
2026-07-24 18:00:00+00:00,82.540001,82.550003,82.205002,82.239998,153249
2026-07-24 18:15:00+00:00,82.235001,82.339996,82.160004,82.169998,117215
2026-07-24 18:30:00+00:00,82.169998,82.190002,82.000000,82.089996,119605
2026-07-24 18:45:00+00:00,82.110001,82.154999,82.029999,82.135002,81761
2026-07-24 19:00:00+00:00,82.135002,82.209999,82.040001,82.059998,130367
2026-07-24 19:15:00+00:00,82.050003,82.150002,81.980003,82.040001,138856
2026-07-24 19:30:00+00:00,82.014999,82.330002,82.014999,82.324997,248596
2026-07-24 19:45:00+00:00,82.309998,82.676201,82.160004,82.639999,890244
2026-07-27 13:30:00+00:00,85.000000,85.900002,84.449997,85.680000,799454
2026-07-27 13:45:00+00:00,85.690002,85.889999,85.138199,85.175003,270571
2026-07-27 14:00:00+00:00,85.135002,85.660004,85.099998,85.430000,221696
2026-07-27 14:15:00+00:00,85.385002,85.410004,84.724998,84.782097,412787
2026-07-27 14:30:00+00:00,84.775002,84.879997,84.230003,84.230003,180118
2026-07-27 14:45:00+00:00,84.260002,84.830002,84.095001,84.779999,211958
2026-07-27 15:00:00+00:00,84.794998,84.889999,84.510002,84.525002,130987
2026-07-27 15:15:00+00:00,84.540001,84.580002,84.400002,84.489998,160201
2026-07-27 15:30:00+00:00,84.489998,84.824997,84.385002,84.529999,275069
2026-07-27 15:45:00+00:00,84.540001,84.555000,84.349998,84.389999,95983
2026-07-27 16:00:00+00:00,84.389999,84.589996,84.360001,84.419998,106439
2026-07-27 16:15:00+00:00,84.419998,85.089996,84.350998,84.885002,212664
2026-07-27 16:30:00+00:00,84.885002,84.894997,84.599998,84.720001,178066
2026-07-27 16:45:00+00:00,84.745003,85.250000,84.708702,85.239998,248968
2026-07-27 17:00:00+00:00,85.209999,85.665001,84.879997,85.550003,319795
2026-07-27 17:15:00+00:00,85.535004,86.099998,85.310097,86.040001,338423
2026-07-27 17:30:00+00:00,86.029999,86.099998,85.690002,85.745003,226363
2026-07-27 17:45:00+00:00,85.730003,85.730003,85.230003,85.540001,385957
2026-07-27 18:00:00+00:00,85.550003,85.650002,85.400002,85.510002,177151
2026-07-27 18:15:00+00:00,85.510002,85.699997,85.290001,85.699997,351022
2026-07-27 18:30:00+00:00,85.709999,85.830002,85.519997,85.550003,153557
2026-07-27 18:45:00+00:00,85.550003,86.089996,85.503098,85.839996,431303
2026-07-27 19:00:00+00:00,85.835098,86.169998,85.779999,86.050003,231023
2026-07-27 19:15:00+00:00,86.050003,86.230003,86.000000,86.059998,254328
2026-07-27 19:30:00+00:00,86.065002,86.489998,86.065002,86.480003,378338
2026-07-27 19:45:00+00:00,86.480003,87.080002,86.430000,87.040001,1334993
2026-07-28 13:30:00+00:00,87.605003,88.849998,87.209999,88.760002,953357
2026-07-28 13:45:00+00:00,88.750000,89.080002,88.510002,88.705002,397620
2026-07-28 14:00:00+00:00,88.720001,88.825600,88.400002,88.669998,341782
2026-07-28 14:15:00+00:00,88.680000,89.150002,88.680000,88.974998,738292
2026-07-28 14:30:00+00:00,88.974998,89.209999,88.830002,88.889999,266874
2026-07-28 14:45:00+00:00,88.889999,89.160004,88.750000,88.900002,234890
2026-07-28 15:00:00+00:00,88.900002,89.695000,88.860001,89.555000,380846
2026-07-28 15:15:00+00:00,89.550003,90.599998,89.544998,90.459999,1108375
2026-07-28 15:30:00+00:00,90.474998,90.730003,90.250000,90.669998,411173
2026-07-28 15:45:00+00:00,90.660004,90.830002,90.419998,90.500000,434125
2026-07-28 16:00:00+00:00,90.500000,90.650002,90.309998,90.610001,317718
2026-07-28 16:15:00+00:00,90.610001,90.675003,90.305000,90.544998,374356
2026-07-28 16:30:00+00:00,90.570000,90.944099,90.519997,90.630096,523793
2026-07-28 16:45:00+00:00,90.629997,91.150002,90.584999,91.135002,198397
2026-07-28 17:00:00+00:00,91.135002,91.139999,90.220001,90.264999,371781
2026-07-28 17:15:00+00:00,90.269997,90.400002,90.150002,90.224998,216846
2026-07-28 17:30:00+00:00,90.224998,90.269997,90.019997,90.050003,228526
2026-07-28 17:45:00+00:00,90.070000,90.169998,89.389999,89.500000,316456
2026-07-28 18:00:00+00:00,89.510002,89.669998,89.279999,89.389999,395262
2026-07-28 18:15:00+00:00,89.389999,89.635002,89.389999,89.635002,201319
2026-07-28 18:30:00+00:00,89.635002,89.900002,89.370102,89.370102,278064
2026-07-28 18:45:00+00:00,89.400002,89.579399,89.300102,89.320000,216537
2026-07-28 19:00:00+00:00,89.339996,89.699997,89.209999,89.669998,275955
2026-07-28 19:15:00+00:00,89.684998,89.790001,89.559998,89.570000,296320
2026-07-28 19:30:00+00:00,89.570000,90.089996,89.550003,90.074997,465448
2026-07-28 19:45:00+00:00,90.089996,90.440002,90.040001,90.285004,1247391
2026-07-29 13:30:00+00:00,90.699997,90.970001,90.000000,90.760002,411693
2026-07-29 13:45:00+00:00,90.769997,91.709999,90.730003,91.540001,388755
2026-07-29 14:00:00+00:00,91.535004,91.570000,90.800003,91.250000,392055
2026-07-29 14:15:00+00:00,91.250000,91.849998,90.970001,91.180000,324766
2026-07-29 14:30:00+00:00,91.180000,91.239998,90.269997,90.269997,480997
2026-07-29 14:45:00+00:00,90.245003,90.940002,90.089996,90.894997,265302
2026-07-29 15:00:00+00:00,90.900002,90.919197,90.449997,90.669998,267713
2026-07-29 15:15:00+00:00,90.669998,90.720001,90.315002,90.650002,143321
2026-07-29 15:30:00+00:00,90.690002,90.820000,90.330002,90.370003,201123
2026-07-29 15:45:00+00:00,90.379997,90.389999,89.800003,89.866600,128704
2026-07-29 16:00:00+00:00,89.860001,89.959999,89.730003,89.760002,133205
2026-07-29 16:15:00+00:00,89.760002,89.879997,89.660004,89.839996,101838
2026-07-29 16:30:00+00:00,89.830002,89.989998,89.680099,89.830002,89077
2026-07-29 16:45:00+00:00,89.830002,89.900002,89.684998,89.900002,66342
2026-07-29 17:00:00+00:00,89.900002,90.110001,89.690002,90.050003,90807
2026-07-29 17:15:00+00:00,90.050003,90.224998,90.050003,90.125000,80498
2026-07-29 17:30:00+00:00,90.110001,90.480003,90.000000,90.300003,205881
2026-07-29 17:45:00+00:00,90.290001,90.500000,90.169998,90.425003,115460
2026-07-29 18:00:00+00:00,90.440002,91.150002,90.440002,90.955002,253560
2026-07-29 18:15:00+00:00,90.955002,91.250000,90.779999,91.084999,201305
2026-07-29 18:30:00+00:00,91.050003,91.190002,90.650002,91.169998,248894
2026-07-29 18:45:00+00:00,91.150002,91.370003,91.080002,91.089996,157154
2026-07-29 19:00:00+00:00,91.089996,91.180000,90.570099,90.769997,188060
2026-07-29 19:15:00+00:00,90.739998,90.930000,90.245003,90.290001,238774
2026-07-29 19:30:00+00:00,90.300003,90.300003,89.400002,89.400002,303269
2026-07-29 19:45:00+00:00,89.400002,89.470001,89.105003,89.379997,961514
2026-07-30 13:30:00+00:00,89.739998,89.769997,87.910004,87.941002,330662
2026-07-30 13:45:00+00:00,87.945000,88.110001,87.550003,87.855003,261394
2026-07-30 14:00:00+00:00,87.820000,87.820000,87.150002,87.629997,366209
2026-07-30 14:15:00+00:00,87.625000,87.739998,87.330002,87.639999,179790
2026-07-30 14:30:00+00:00,87.680000,87.699997,87.070000,87.070099,195201
2026-07-30 14:45:00+00:00,87.074997,87.309998,86.904999,86.949997,204978
2026-07-30 15:00:00+00:00,86.975403,87.139999,86.669998,86.714996,254917
2026-07-30 15:15:00+00:00,86.690002,87.059998,86.605003,87.059998,167452
2026-07-30 15:30:00+00:00,87.055000,87.070000,86.860001,86.925003,145294
2026-07-30 15:45:00+00:00,86.910004,87.129997,86.815002,87.040001,136150
2026-07-30 16:00:00+00:00,87.055000,87.070000,86.779900,86.940002,144568
2026-07-30 16:15:00+00:00,86.945000,87.199997,86.934998,87.129997,112472
2026-07-30 16:30:00+00:00,87.110100,87.239998,87.089996,87.199997,107962
2026-07-30 16:45:00+00:00,87.205002,87.419998,87.205002,87.349998,98930
2026-07-30 17:00:00+00:00,87.370003,87.480003,87.269997,87.269997,144478
2026-07-30 17:15:00+00:00,87.269997,87.370003,87.220001,87.279999,87546
2026-07-30 17:30:00+00:00,87.269997,87.550003,87.239998,87.525002,103713
2026-07-30 17:45:00+00:00,87.525002,87.639999,87.440002,87.459999,101086
2026-07-30 18:00:00+00:00,87.470001,87.680000,87.470001,87.680000,143621
2026-07-30 18:15:00+00:00,87.680000,87.809998,87.665001,87.800003,117160
2026-07-30 18:30:00+00:00,87.809998,87.830002,87.610100,87.720001,110810
2026-07-30 18:45:00+00:00,87.720001,87.959999,87.680000,87.940002,110104
2026-07-30 19:00:00+00:00,87.949997,88.125000,87.919998,88.080002,130681
2026-07-30 19:15:00+00:00,88.070000,88.080002,87.760498,87.930099,182200
2026-07-30 19:30:00+00:00,87.934998,88.379997,87.934998,88.175003,232370
2026-07-30 19:45:00+00:00,88.160004,88.510002,88.089996,88.430000,890112
2026-07-31 13:30:00+00:00,88.849998,88.849998,87.480003,87.830002,205041
2026-07-31 13:45:00+00:00,87.910004,88.059998,87.460098,87.514999,144337
2026-07-31 14:00:00+00:00,87.519997,87.658699,87.040001,87.275002,234668
2026-07-31 14:15:00+00:00,87.220001,87.930099,87.150002,87.930099,135590
2026-07-31 14:30:00+00:00,87.959999,87.959999,87.555000,87.760002,115516
2026-07-31 14:45:00+00:00,87.730003,88.195000,87.709999,88.160004,135688
2026-07-31 15:00:00+00:00,88.190002,88.230003,87.885002,88.035004,118164
2026-07-31 15:15:00+00:00,88.000000,88.169998,87.677498,87.680000,114484
2026-07-31 15:30:00+00:00,87.699997,87.934998,87.550003,87.790001,136967
2026-07-31 15:45:00+00:00,87.800003,88.029999,87.660004,88.029999,77702
2026-07-31 16:00:00+00:00,88.010002,88.120003,87.805000,88.014999,84148
2026-07-31 16:15:00+00:00,88.019997,88.175003,87.879997,88.080002,83170
2026-07-31 16:30:00+00:00,88.110001,88.410004,88.089996,88.345001,166557
2026-07-31 16:45:00+00:00,88.360001,88.394997,88.169998,88.279999,96171
2026-07-31 17:00:00+00:00,88.269997,88.589996,88.269997,88.580002,116359
2026-07-31 17:15:00+00:00,88.570000,88.860001,88.558800,88.809998,122183
2026-07-31 17:30:00+00:00,88.800003,88.930000,88.730003,88.919998,115047
2026-07-31 17:45:00+00:00,88.919998,89.110001,88.900002,89.010002,91671
2026-07-31 18:00:00+00:00,89.010002,89.099998,88.830002,88.919998,127484
2026-07-31 18:15:00+00:00,88.910004,89.010002,88.904999,88.940002,66923
2026-07-31 18:30:00+00:00,88.940002,88.949997,88.699997,88.709999,79134
2026-07-31 18:45:00+00:00,88.709999,88.739998,88.639999,88.720001,103085
2026-07-31 19:00:00+00:00,88.709999,88.779999,88.570000,88.650002,82507
2026-07-31 19:15:00+00:00,88.620003,88.750000,88.589996,88.589996,91819
2026-07-31 19:30:00+00:00,88.580002,88.809998,88.504997,88.800003,167144
2026-07-31 19:45:00+00:00,88.790001,88.974998,88.709999,88.870003,590607
2026-08-03 13:30:00+00:00,89.510002,90.300003,88.750000,88.750000,295983
2026-08-03 13:45:00+00:00,88.760002,89.089996,88.419998,88.547997,145691
2026-08-03 14:00:00+00:00,88.440002,88.809998,88.309998,88.654999,159809
2026-08-03 14:15:00+00:00,88.654999,88.680000,88.389999,88.589996,90351
2026-08-03 14:30:00+00:00,88.559998,88.892502,88.544998,88.774300,106693
2026-08-03 14:45:00+00:00,88.790001,88.925003,88.639999,88.849998,124229
2026-08-03 15:00:00+00:00,88.849998,88.930000,88.190002,88.400002,208841
2026-08-03 15:15:00+00:00,88.389999,88.430000,88.050003,88.180000,226139
2026-08-03 15:30:00+00:00,88.175003,88.235001,87.879997,87.949997,201559
2026-08-03 15:45:00+00:00,87.980003,88.029999,87.870003,87.915001,77409
2026-08-03 16:00:00+00:00,87.910004,87.970001,87.730003,87.764999,96024
2026-08-03 16:15:00+00:00,87.750000,87.839996,87.610001,87.629997,92655
2026-08-03 16:30:00+00:00,87.629997,87.669998,87.449997,87.470001,89797
2026-08-03 16:45:00+00:00,87.459999,87.480003,87.309998,87.339996,83395
2026-08-03 17:00:00+00:00,87.330002,87.629997,87.285004,87.620102,103417
2026-08-03 17:15:00+00:00,87.625000,87.680000,87.540100,87.550003,86486
2026-08-03 17:30:00+00:00,87.529999,87.695000,87.484200,87.644997,71226
2026-08-03 17:45:00+00:00,87.660004,87.819901,87.660004,87.769997,78029
2026-08-03 18:00:00+00:00,87.760002,87.910004,87.730003,87.820000,99987
2026-08-03 18:15:00+00:00,87.820000,87.989998,87.820000,87.904999,105613
2026-08-03 18:30:00+00:00,87.910004,88.019997,87.830002,87.849998,122499
2026-08-03 18:45:00+00:00,87.849998,87.889999,87.680000,87.709999,97977
2026-08-03 19:00:00+00:00,87.720001,88.014999,87.714996,87.949997,180916
2026-08-03 19:15:00+00:00,87.959999,88.019997,87.830002,87.889999,253020
2026-08-03 19:30:00+00:00,87.900002,88.195000,87.900002,88.035004,194345
2026-08-03 19:45:00+00:00,88.019997,88.144997,87.610001,87.675003,603160
2026-08-04 13:30:00+00:00,87.410004,87.410004,86.110199,86.654999,357519
2026-08-04 13:45:00+00:00,86.699997,86.754997,86.029999,86.099998,200524
2026-08-04 14:00:00+00:00,86.089996,86.584999,86.040001,86.519997,219784
2026-08-04 14:15:00+00:00,86.550003,86.660004,86.029999,86.220001,182231
2026-08-04 14:30:00+00:00,86.220001,86.800003,86.110001,86.779999,153871
2026-08-04 14:45:00+00:00,86.760002,87.190002,86.760002,86.995003,221569
2026-08-04 15:00:00+00:00,86.995003,87.129898,86.750000,86.950996,123607
2026-08-04 15:15:00+00:00,86.954201,87.262245,86.954201,87.169998,164517
2026-08-04 15:30:00+00:00,87.184998,87.474998,87.150002,87.415001,169658
2026-08-04 15:45:00+00:00,87.389999,87.430000,87.269997,87.269997,136461
2026-08-04 16:00:00+00:00,87.260002,87.500000,87.129997,87.129997,70713
2026-08-04 16:15:00+00:00,87.120003,87.360001,87.110001,87.334999,62046
2026-08-04 16:30:00+00:00,87.339996,87.779999,87.269997,87.769997,152782
2026-08-04 16:45:00+00:00,87.775002,88.099998,87.764999,88.099998,111026
2026-08-04 17:00:00+00:00,88.110001,88.209999,88.080002,88.184998,79297
2026-08-04 17:15:00+00:00,88.184998,88.279999,88.080002,88.129997,108067
2026-08-04 17:30:00+00:00,88.120102,88.480003,88.110001,88.480003,87035
2026-08-04 17:45:00+00:00,88.470001,88.540001,88.279999,88.440002,89033
2026-08-04 18:00:00+00:00,88.440002,88.589996,88.425003,88.589996,115585
2026-08-04 18:15:00+00:00,88.580002,88.580002,88.205002,88.239998,122703
2026-08-04 18:30:00+00:00,88.210602,88.302498,88.089996,88.129997,76362
2026-08-04 18:45:00+00:00,88.139999,88.320000,88.089996,88.245003,85244
2026-08-04 19:00:00+00:00,88.250000,88.500000,88.250000,88.434998,98295
2026-08-04 19:15:00+00:00,88.430000,88.474998,88.129997,88.160004,133187
2026-08-04 19:30:00+00:00,88.180000,88.379997,88.175003,88.220001,186335
2026-08-04 19:45:00+00:00,88.220001,88.379997,88.220001,88.285004,644002
2026-08-05 13:30:00+00:00,88.459999,89.980003,88.254997,89.695000,225451
2026-08-05 13:45:00+00:00,89.750000,89.794998,89.404999,89.620003,132216
2026-08-05 14:00:00+00:00,89.610001,89.610001,89.105003,89.379997,173997
2026-08-05 14:15:00+00:00,89.400002,89.440002,88.970001,89.089996,121163
2026-08-05 14:30:00+00:00,89.080002,89.239998,88.959999,89.120003,117539
2026-08-05 14:45:00+00:00,89.120003,89.190002,88.809998,88.910004,86125
2026-08-05 15:00:00+00:00,88.879997,89.059998,88.695000,88.695000,78418
2026-08-05 15:15:00+00:00,88.684998,88.699997,88.480003,88.610001,88032
2026-08-05 15:30:00+00:00,88.599998,88.790001,88.529999,88.680000,163879
2026-08-05 15:45:00+00:00,88.680000,88.699997,88.440002,88.485001,75548
2026-08-05 16:00:00+00:00,88.489998,88.730003,88.489998,88.700302,68219
2026-08-05 16:15:00+00:00,88.699997,88.760002,88.565002,88.610001,63062
2026-08-05 16:30:00+00:00,88.629997,88.699997,88.510002,88.650002,73483
2026-08-05 16:45:00+00:00,88.660004,88.955002,88.654999,88.941803,63202
2026-08-05 17:00:00+00:00,88.945000,89.132599,88.889999,89.084999,130411
2026-08-05 17:15:00+00:00,89.089996,89.190002,89.035004,89.154999,61930
2026-08-05 17:30:00+00:00,89.144997,89.339996,89.129997,89.279999,78649
2026-08-05 17:45:00+00:00,89.250000,89.379997,89.230003,89.364998,79235
2026-08-05 18:00:00+00:00,89.389999,89.400002,89.120003,89.160004,94165
2026-08-05 18:15:00+00:00,89.160004,89.224998,89.129997,89.158997,70567
2026-08-05 18:30:00+00:00,89.150002,89.150002,89.010002,89.059998,79946
2026-08-05 18:45:00+00:00,89.070000,89.150002,89.029999,89.029999,80101
2026-08-05 19:00:00+00:00,89.040001,89.110001,89.010002,89.050003,82974
2026-08-05 19:15:00+00:00,89.059998,89.089996,89.010002,89.050003,138010
2026-08-05 19:30:00+00:00,89.044998,89.150002,89.019997,89.099998,186293
2026-08-05 19:45:00+00:00,89.099998,89.370003,88.980003,89.160004,662357
2026-08-06 13:30:00+00:00,89.160004,89.300003,88.379997,88.720001,247666
2026-08-06 13:45:00+00:00,88.839996,88.930000,88.330002,88.760002,311730
2026-08-06 14:00:00+00:00,88.779999,88.820000,88.370003,88.669998,96727
2026-08-06 14:15:00+00:00,88.680000,88.879997,88.445000,88.570000,104811
2026-08-06 14:30:00+00:00,88.579002,88.790001,88.540001,88.654999,108128
2026-08-06 14:45:00+00:00,88.610001,88.639999,88.400002,88.525002,102614
2026-08-06 15:00:00+00:00,88.489998,88.730003,88.470001,88.610001,100977
2026-08-06 15:15:00+00:00,88.610001,88.610001,88.184998,88.279999,154633
2026-08-06 15:30:00+00:00,88.279999,88.320000,88.099998,88.110001,100975
2026-08-06 15:45:00+00:00,88.110001,88.135002,87.440002,87.459999,179463
2026-08-06 16:00:00+00:00,87.449997,87.550003,87.349998,87.379997,115115
2026-08-06 16:15:00+00:00,87.388802,87.400002,86.980103,87.029999,183118
2026-08-06 16:30:00+00:00,87.050003,87.135002,86.870003,87.040001,98556
2026-08-06 16:45:00+00:00,87.050003,87.129997,86.879997,87.019997,102252
2026-08-06 17:00:00+00:00,87.010101,87.029999,86.695000,86.709999,152769
2026-08-06 17:15:00+00:00,86.690002,86.760002,86.500000,86.639999,177600
2026-08-06 17:30:00+00:00,86.620003,87.120003,86.599998,87.050003,165827
2026-08-06 17:45:00+00:00,87.050003,87.099998,86.875000,87.074997,195993
2026-08-06 18:00:00+00:00,87.074997,87.110001,86.915001,87.000000,108720
2026-08-06 18:15:00+00:00,87.010002,87.110001,86.910004,86.964996,103790
2026-08-06 18:30:00+00:00,86.949997,86.959999,86.790001,86.889999,92915
2026-08-06 18:45:00+00:00,86.875000,86.970001,86.860001,86.910004,95384
2026-08-06 19:00:00+00:00,86.919998,86.974998,86.760002,86.934998,148807
2026-08-06 19:15:00+00:00,86.940002,87.175003,86.919998,87.010002,229916
2026-08-06 19:30:00+00:00,87.019997,87.120003,86.654999,86.919998,422250
2026-08-06 19:45:00+00:00,86.910004,86.959999,86.599998,86.940002,618161
2026-08-07 13:30:00+00:00,86.889999,87.190002,86.580002,86.955002,207155
2026-08-07 13:45:00+00:00,86.931198,86.940002,86.690002,86.720001,79601
2026-08-07 14:00:00+00:00,86.720001,86.809998,86.331001,86.379997,171944
2026-08-07 14:15:00+00:00,86.380997,86.730003,86.340103,86.660004,114224
2026-08-07 14:30:00+00:00,86.709999,86.959999,86.660004,86.790001,101854
2026-08-07 14:45:00+00:00,86.800003,87.279999,86.790001,87.220001,100229
2026-08-07 15:00:00+00:00,87.235001,87.629997,87.235001,87.455002,137863
2026-08-07 15:15:00+00:00,87.441002,87.665001,87.410004,87.550003,94699
2026-08-07 15:30:00+00:00,87.555000,87.559998,87.264999,87.355003,87681
2026-08-07 15:45:00+00:00,87.330002,87.540001,87.320000,87.355003,60824
2026-08-07 16:00:00+00:00,87.355003,87.535004,87.293701,87.459999,70957
2026-08-07 16:15:00+00:00,87.459999,87.470001,87.130501,87.230003,55738
2026-08-07 16:30:00+00:00,87.209999,87.659302,87.190002,87.510002,88198
2026-08-07 16:45:00+00:00,87.512497,87.620003,87.440002,87.485001,81414
2026-08-07 17:00:00+00:00,87.500000,87.739998,87.500000,87.739998,49233
2026-08-07 17:15:00+00:00,87.739998,87.794998,87.629997,87.669998,87185
2026-08-07 17:30:00+00:00,87.669998,87.730003,87.580002,87.699997,70848
2026-08-07 17:45:00+00:00,87.714996,87.720001,87.620003,87.720001,61510
2026-08-07 18:00:00+00:00,87.739998,87.759003,87.589996,87.629997,87390
2026-08-07 18:15:00+00:00,87.614998,87.660004,87.459999,87.459999,200328
2026-08-07 18:30:00+00:00,87.459999,87.565002,87.449997,87.519997,73050
2026-08-07 18:45:00+00:00,87.529999,87.625397,87.519997,87.595001,73621
2026-08-07 19:00:00+00:00,87.599998,87.809998,87.599998,87.779999,109989
2026-08-07 19:15:00+00:00,87.790001,87.879997,87.660004,87.724998,136882
2026-08-07 19:30:00+00:00,87.730003,87.849998,87.629997,87.629997,149313
2026-08-07 19:45:00+00:00,87.620003,87.730003,87.440002,87.574997,478600
2026-08-10 13:30:00+00:00,87.419998,87.504997,86.379997,87.080002,151601
2026-08-10 13:45:00+00:00,87.029999,87.070000,86.669998,86.820000,74148
2026-08-10 14:00:00+00:00,86.800400,87.400002,86.800400,87.370003,96940
2026-08-10 14:15:00+00:00,87.410004,87.735001,87.205002,87.699997,97844
2026-08-10 14:30:00+00:00,87.699997,87.904999,87.625000,87.830002,105377
2026-08-10 14:45:00+00:00,87.839996,88.070000,87.839996,87.980003,62708
2026-08-10 15:00:00+00:00,87.980003,88.360001,87.910004,88.279999,72126
2026-08-10 15:15:00+00:00,88.260002,88.705002,88.260002,88.519997,229713
2026-08-10 15:30:00+00:00,88.510002,88.680000,88.419998,88.680000,104680
2026-08-10 15:45:00+00:00,88.680000,88.790001,88.589996,88.750000,85484
2026-08-10 16:00:00+00:00,88.730003,88.739998,88.620003,88.724998,62065
2026-08-10 16:15:00+00:00,88.730003,88.809998,88.610001,88.689201,63467
2026-08-10 16:30:00+00:00,88.680000,88.800003,88.480003,88.614998,100917
2026-08-10 16:45:00+00:00,88.599998,88.669998,88.529999,88.540001,46112
2026-08-10 17:00:00+00:00,88.559998,88.620003,88.449997,88.549004,110500
2026-08-10 17:15:00+00:00,88.529999,88.616997,88.500000,88.616997,44619
2026-08-10 17:30:00+00:00,88.610001,88.610001,88.330002,88.370003,46452
2026-08-10 17:45:00+00:00,88.349998,88.489998,88.349998,88.389900,41359
2026-08-10 18:00:00+00:00,88.370003,88.470001,88.334999,88.334999,44810
2026-08-10 18:15:00+00:00,88.345001,88.540001,88.339996,88.345001,117360
2026-08-10 18:30:00+00:00,88.330002,88.500000,88.320000,88.459999,41286
2026-08-10 18:45:00+00:00,88.470001,88.690002,88.459999,88.519997,91944
2026-08-10 19:00:00+00:00,88.519997,88.589996,88.400002,88.459999,76857
2026-08-10 19:15:00+00:00,88.455002,88.500000,88.379997,88.379997,68881
2026-08-10 19:30:00+00:00,88.379997,88.480003,88.360001,88.469002,89201
2026-08-10 19:45:00+00:00,88.449997,88.470001,87.915001,87.979897,455103
2026-08-11 13:30:00+00:00,88.129997,89.286301,87.879997,88.995003,306014
2026-08-11 13:45:00+00:00,88.989998,89.349998,88.940002,89.080002,127861
2026-08-11 14:00:00+00:00,89.080002,89.258400,88.919998,89.050003,103832
2026-08-11 14:15:00+00:00,89.035004,89.696602,89.035004,89.675003,176272
2026-08-11 14:30:00+00:00,89.650002,89.650002,89.270103,89.404999,125665
2026-08-11 14:45:00+00:00,89.430000,89.605003,89.349998,89.355003,92616
2026-08-11 15:00:00+00:00,89.349998,89.400002,89.180000,89.270103,48868
2026-08-11 15:15:00+00:00,89.250000,89.410004,89.130501,89.339996,58040
2026-08-11 15:30:00+00:00,89.349899,89.349899,89.099998,89.285004,74339
2026-08-11 15:45:00+00:00,89.299004,89.605003,89.290001,89.589996,61463
2026-08-11 16:00:00+00:00,89.580002,89.739998,89.400002,89.440002,111892
2026-08-11 16:15:00+00:00,89.440002,89.559998,89.329597,89.370003,73311
2026-08-11 16:30:00+00:00,89.379997,89.379997,89.239998,89.309998,49583
2026-08-11 16:45:00+00:00,89.320000,89.434998,89.260002,89.375000,75049
2026-08-11 17:00:00+00:00,89.379997,89.385002,89.199997,89.199997,50862
2026-08-11 17:15:00+00:00,89.190002,89.275002,89.160004,89.230003,45388
2026-08-11 17:30:00+00:00,89.230003,89.279999,89.169998,89.239998,82021
2026-08-11 17:45:00+00:00,89.260002,89.589996,89.250000,89.534599,159245
2026-08-11 18:00:00+00:00,89.544998,89.599998,89.396202,89.570000,79228
2026-08-11 18:15:00+00:00,89.580002,89.614998,89.339996,89.339996,50091
2026-08-11 18:30:00+00:00,89.330002,89.489998,89.330002,89.430000,52725
2026-08-11 18:45:00+00:00,89.430000,89.474998,89.269997,89.294998,40826
2026-08-11 19:00:00+00:00,89.300003,89.330002,88.960098,88.985001,126350
2026-08-11 19:15:00+00:00,89.000000,89.110001,88.919998,88.970001,110717
2026-08-11 19:30:00+00:00,88.970001,89.179001,88.970001,89.099998,173337
2026-08-11 19:45:00+00:00,89.110001,89.459999,89.029999,89.360001,625228
2026-08-12 13:30:00+00:00,89.120003,89.120003,88.059998,88.330002,234061
2026-08-12 13:45:00+00:00,88.330002,88.360001,87.550003,87.800003,156677
2026-08-12 14:00:00+00:00,87.834999,88.089996,87.538101,87.720001,332573
2026-08-12 14:15:00+00:00,87.750000,88.089996,87.410004,87.440002,168473
2026-08-12 14:30:00+00:00,87.489998,87.620003,86.959999,87.114998,225976
2026-08-12 14:45:00+00:00,87.114998,87.235001,86.959999,87.120003,91397
2026-08-12 15:00:00+00:00,87.089996,87.410004,87.040001,87.364998,99851
2026-08-12 15:15:00+00:00,87.355003,87.559998,87.330002,87.455002,82417
2026-08-12 15:30:00+00:00,87.418800,87.549004,87.339996,87.540001,93296
2026-08-12 15:45:00+00:00,87.529999,87.779999,87.480003,87.750000,54889
2026-08-12 16:00:00+00:00,87.745003,87.919998,87.644997,87.779999,73161
2026-08-12 16:15:00+00:00,87.750000,87.769997,87.559998,87.584999,40408
2026-08-12 16:30:00+00:00,87.570000,87.570000,87.360001,87.389999,65353
2026-08-12 16:45:00+00:00,87.373802,87.373802,87.070000,87.199997,85566
2026-08-12 17:00:00+00:00,87.209999,87.239998,87.000000,87.120003,117996
2026-08-12 17:15:00+00:00,87.120003,87.489998,87.019997,87.324997,207459
2026-08-12 17:30:00+00:00,87.309998,87.330002,87.184998,87.209999,57530
2026-08-12 17:45:00+00:00,87.209999,87.220001,87.019997,87.032501,76532
2026-08-12 18:00:00+00:00,87.040001,87.169998,86.919998,87.009903,102574
2026-08-12 18:15:00+00:00,86.989998,87.110001,86.970001,86.989998,62993
2026-08-12 18:30:00+00:00,87.000000,87.139999,87.000000,87.080002,86865
2026-08-12 18:45:00+00:00,87.080002,87.290001,87.060097,87.230003,72666
2026-08-12 19:00:00+00:00,87.230003,87.324997,87.169998,87.230003,82303
2026-08-12 19:15:00+00:00,87.230003,87.275002,87.129997,87.214996,120679
2026-08-12 19:30:00+00:00,87.214996,87.404999,87.070000,87.095001,229047
2026-08-12 19:45:00+00:00,87.080101,87.099998,86.720001,86.764999,499153
2026-08-13 13:30:00+00:00,86.849998,87.320000,86.597504,86.670097,224563
2026-08-13 13:45:00+00:00,86.695000,86.860001,86.309998,86.720001,124368
2026-08-13 14:00:00+00:00,86.720001,87.214996,86.720001,87.160004,90502
2026-08-13 14:15:00+00:00,87.160103,87.349998,87.050003,87.160004,108080
2026-08-13 14:30:00+00:00,87.150002,87.320000,87.050003,87.239998,59924
2026-08-13 14:45:00+00:00,87.260002,87.309998,87.149498,87.250000,62635
2026-08-13 15:00:00+00:00,87.250000,87.339996,86.900002,86.930000,61767
2026-08-13 15:15:00+00:00,86.910004,87.059998,86.820000,86.839996,67173
2026-08-13 15:30:00+00:00,86.839996,86.985001,86.790001,86.940002,78298
2026-08-13 15:45:00+00:00,86.930000,86.970001,86.839996,86.849998,46740
2026-08-13 16:00:00+00:00,86.839996,86.980003,86.839996,86.858002,40809
2026-08-13 16:15:00+00:00,86.849998,86.885002,86.669998,86.779999,64740
2026-08-13 16:30:00+00:00,86.790001,86.800003,86.680000,86.769997,44770
2026-08-13 16:45:00+00:00,86.760002,86.849998,86.639999,86.809998,72179
2026-08-13 17:00:00+00:00,86.800003,86.860001,86.760002,86.860001,45449
2026-08-13 17:15:00+00:00,86.870003,87.019997,86.802002,86.802002,145850
2026-08-13 17:30:00+00:00,86.805000,86.805000,86.599998,86.620003,42210
2026-08-13 17:45:00+00:00,86.629997,86.654999,86.449997,86.500000,60196
2026-08-13 18:00:00+00:00,86.500000,86.669998,86.460503,86.660004,94987
2026-08-13 18:15:00+00:00,86.660004,86.660004,86.470001,86.589996,71731
2026-08-13 18:30:00+00:00,86.589996,86.660004,86.419998,86.510002,84824
2026-08-13 18:45:00+00:00,86.519997,86.639999,86.500000,86.510002,59986
2026-08-13 19:00:00+00:00,86.519997,86.730003,86.480003,86.599045,71519
2026-08-13 19:15:00+00:00,86.599998,86.699997,86.480003,86.489998,98712
2026-08-13 19:30:00+00:00,86.488998,86.614998,86.440102,86.550003,197520
2026-08-13 19:45:00+00:00,86.540001,86.570000,86.224998,86.394997,676381
2026-08-14 13:30:00+00:00,86.820000,86.820000,86.160004,86.269997,126843
2026-08-14 13:45:00+00:00,86.269997,86.741302,86.150002,86.639999,158719
2026-08-14 14:00:00+00:00,86.639999,86.980003,86.639999,86.720001,73624
2026-08-14 14:15:00+00:00,86.720703,86.930000,86.669998,86.760002,62853
2026-08-14 14:30:00+00:00,86.764999,86.860001,86.660004,86.699997,68434
2026-08-14 14:45:00+00:00,86.699997,86.849998,86.639999,86.805000,47622
2026-08-14 15:00:00+00:00,86.839996,86.870003,86.459999,86.459999,86659
2026-08-14 15:15:00+00:00,86.449997,86.544998,86.349998,86.470001,82089
2026-08-14 15:30:00+00:00,86.489998,86.525002,86.389999,86.400101,52823
2026-08-14 15:45:00+00:00,86.430000,86.574997,86.364998,86.555000,40926
2026-08-14 16:00:00+00:00,86.559998,86.650002,86.544998,86.639999,41267
2026-08-14 16:15:00+00:00,86.650002,86.739998,86.599998,86.690002,30108
2026-08-14 16:30:00+00:00,86.699997,86.900002,86.699997,86.830002,58355
2026-08-14 16:45:00+00:00,86.820000,86.889999,86.675003,86.699997,61081
2026-08-14 17:00:00+00:00,86.699997,86.809998,86.650002,86.769997,75923
2026-08-14 17:15:00+00:00,86.775002,86.889999,86.754997,86.809998,38276
2026-08-14 17:30:00+00:00,86.820000,86.860001,86.750000,86.820000,53130
2026-08-14 17:45:00+00:00,86.820000,86.849998,86.650002,86.800003,126086
2026-08-14 18:00:00+00:00,86.820000,86.879997,86.699997,86.849998,181755
2026-08-14 18:15:00+00:00,86.839996,86.915001,86.750000,86.769997,226151
2026-08-14 18:30:00+00:00,86.769997,86.769997,86.620003,86.680000,58631
2026-08-14 18:45:00+00:00,86.695000,87.050003,86.675003,87.029999,148954
2026-08-14 19:00:00+00:00,87.014999,87.180000,86.930000,87.169899,71670
2026-08-14 19:15:00+00:00,87.169998,87.169998,87.044998,87.080002,89275
2026-08-14 19:30:00+00:00,87.070000,87.129997,86.830002,86.900002,126383
2026-08-14 19:45:00+00:00,86.885002,87.055000,86.660004,86.760002,393401
2026-08-17 13:30:00+00:00,86.250000,86.489998,85.209999,85.504997,277672
2026-08-17 13:45:00+00:00,85.470001,85.949997,85.419998,85.644997,133324
2026-08-17 14:00:00+00:00,85.625000,86.120003,85.550003,86.014999,140433
2026-08-17 14:15:00+00:00,86.014999,86.099998,85.839996,86.099998,110016
2026-08-17 14:30:00+00:00,86.070000,86.099998,85.739998,85.879997,118266
2026-08-17 14:45:00+00:00,85.879997,86.250000,85.879997,86.059998,121491
2026-08-17 15:00:00+00:00,86.070000,86.125000,85.309998,85.330002,178234
2026-08-17 15:15:00+00:00,85.330002,85.519997,85.050003,85.275002,136219
2026-08-17 15:30:00+00:00,85.279999,85.500000,85.110001,85.474998,139500
2026-08-17 15:45:00+00:00,85.489998,85.489998,85.320000,85.330002,57618
2026-08-17 16:00:00+00:00,85.330002,85.480003,85.320000,85.480003,85400
2026-08-17 16:15:00+00:00,85.470001,85.480003,85.364998,85.440002,56176
2026-08-17 16:30:00+00:00,85.440002,85.580002,85.379997,85.525002,230326
2026-08-17 16:45:00+00:00,85.519997,85.599998,85.500000,85.528000,43369
2026-08-17 17:00:00+00:00,85.525002,85.580002,85.525002,85.529999,45244
2026-08-17 17:15:00+00:00,85.540001,85.620003,85.464996,85.574997,46235
2026-08-17 17:30:00+00:00,85.589996,85.625000,85.425003,85.489998,58615
2026-08-17 17:45:00+00:00,85.485001,85.489998,85.173897,85.269997,74537
2026-08-17 18:00:00+00:00,85.269997,85.279999,85.029999,85.120003,155954
2026-08-17 18:15:00+00:00,85.122002,85.411400,85.040001,85.345001,97271
2026-08-17 18:30:00+00:00,85.345001,85.349899,85.120003,85.199997,62390
2026-08-17 18:45:00+00:00,85.199997,85.209999,84.900002,84.925003,147100
2026-08-17 19:00:00+00:00,84.925003,84.940002,84.730003,84.889999,90839
2026-08-17 19:15:00+00:00,84.910004,85.029999,84.800003,84.800003,106943
2026-08-17 19:30:00+00:00,84.790001,85.000000,84.464996,84.495003,289911
2026-08-17 19:45:00+00:00,84.504997,84.639999,84.339996,84.370003,697732
2026-08-18 13:30:00+00:00,84.860001,84.860001,83.800003,84.065002,158557
2026-08-18 13:45:00+00:00,84.029999,84.205002,83.879997,84.010002,53220
2026-08-18 14:00:00+00:00,84.010002,84.160004,83.889999,83.940002,86876
2026-08-18 14:15:00+00:00,83.919998,83.959999,83.760002,83.790001,81383
2026-08-18 14:30:00+00:00,83.779999,84.139999,83.725998,84.139999,80761
2026-08-18 14:45:00+00:00,84.120003,84.220001,83.894997,83.910004,73549
2026-08-18 15:00:00+00:00,83.900002,83.989998,83.750000,83.870003,92084
2026-08-18 15:15:00+00:00,83.889999,83.910004,83.709999,83.790001,83079
2026-08-18 15:30:00+00:00,83.790001,83.824997,83.621002,83.800003,80613
2026-08-18 15:45:00+00:00,83.830002,84.044998,83.745003,83.805000,60916
2026-08-18 16:00:00+00:00,83.805000,83.860001,83.599998,83.839996,89959
2026-08-18 16:15:00+00:00,83.839996,83.849998,83.750000,83.799400,38048
2026-08-18 16:30:00+00:00,83.750000,83.864998,83.730003,83.864998,41162
2026-08-18 16:45:00+00:00,83.879997,84.070000,83.879997,83.970001,75275
2026-08-18 17:00:00+00:00,83.970001,84.059998,83.894997,83.955002,51085
2026-08-18 17:15:00+00:00,83.959999,83.959999,83.760002,83.760002,36779
2026-08-18 17:30:00+00:00,83.761002,83.779999,83.660004,83.730103,48710
2026-08-18 17:45:00+00:00,83.758904,83.830002,83.690002,83.830002,43861
2026-08-18 18:00:00+00:00,83.805603,83.820000,83.680000,83.769997,50449
2026-08-18 18:15:00+00:00,83.779999,83.779999,83.629997,83.724998,54325
2026-08-18 18:30:00+00:00,83.730003,84.230003,83.705002,84.230003,110909
2026-08-18 18:45:00+00:00,84.209999,84.220001,84.040001,84.080002,52300
2026-08-18 19:00:00+00:00,84.060997,84.129997,83.989998,84.129997,60273
2026-08-18 19:15:00+00:00,84.129997,84.650002,84.129997,84.599998,184504
2026-08-18 19:30:00+00:00,84.605003,84.610001,84.220001,84.290001,160162
2026-08-18 19:45:00+00:00,84.269997,84.389999,83.589996,83.699997,688896
2026-08-19 13:30:00+00:00,84.480003,84.989998,84.116997,84.839996,231882
2026-08-19 13:45:00+00:00,84.900002,85.570000,84.779999,85.500000,194135
2026-08-19 14:00:00+00:00,85.500000,85.989998,85.419998,85.529999,288090
2026-08-19 14:15:00+00:00,85.559998,86.089996,85.540001,85.989998,217752
2026-08-19 14:30:00+00:00,85.959999,86.095001,85.775002,85.820000,116224
2026-08-19 14:45:00+00:00,85.800003,85.800003,85.300003,85.430000,104187
2026-08-19 15:00:00+00:00,85.449997,85.559998,85.220001,85.419998,205912
2026-08-19 15:15:00+00:00,85.440002,85.470001,85.190002,85.459999,138758
2026-08-19 15:30:00+00:00,85.459999,85.540001,85.184799,85.237099,189153
2026-08-19 15:45:00+00:00,85.257202,85.257202,84.870003,84.879997,86738
2026-08-19 16:00:00+00:00,84.879997,85.209999,84.860001,85.110001,142569
2026-08-19 16:15:00+00:00,85.110001,85.129997,84.853996,84.856003,67164
2026-08-19 16:30:00+00:00,84.849998,84.930000,84.720001,84.730003,64769
2026-08-19 16:45:00+00:00,84.730003,85.029999,84.709999,85.000000,80913
2026-08-19 17:00:00+00:00,85.000000,85.105003,84.900002,84.940002,84628
2026-08-19 17:15:00+00:00,84.930000,84.964996,84.870003,84.949997,74214
2026-08-19 17:30:00+00:00,84.940002,85.055000,84.900002,84.945000,103950
2026-08-19 17:45:00+00:00,84.945000,84.989998,84.930000,84.980003,60241
2026-08-19 18:00:00+00:00,84.989998,85.169998,84.900002,85.095001,105189
2026-08-19 18:15:00+00:00,85.070000,85.236397,85.050003,85.160004,72681
2026-08-19 18:30:00+00:00,85.180000,85.610001,85.070000,85.349998,162966
2026-08-19 18:45:00+00:00,85.370003,85.608002,85.099998,85.410004,142404
2026-08-19 19:00:00+00:00,85.449997,85.569504,84.949997,84.955002,136486
2026-08-19 19:15:00+00:00,84.930000,84.989998,84.669998,84.739998,170313
2026-08-19 19:30:00+00:00,84.739998,84.930000,84.614998,84.625000,187278
2026-08-19 19:45:00+00:00,84.639999,85.019997,84.639999,84.970001,527552
2026-08-20 13:30:00+00:00,84.199997,84.839996,84.169998,84.300003,177778
2026-08-20 13:45:00+00:00,84.260002,84.355003,84.070000,84.320000,168840
2026-08-20 14:00:00+00:00,84.324997,84.324997,83.730003,83.800003,143685
2026-08-20 14:15:00+00:00,83.820000,84.464996,83.820000,84.400002,159784
2026-08-20 14:30:00+00:00,84.419998,84.540001,84.160004,84.480003,112149
2026-08-20 14:45:00+00:00,84.495003,84.730003,84.425003,84.669998,143440
2026-08-20 15:00:00+00:00,84.684998,85.309998,84.684998,85.290001,151958
2026-08-20 15:15:00+00:00,85.269997,85.559998,85.209999,85.559998,110753
2026-08-20 15:30:00+00:00,85.580002,85.660004,85.345001,85.379997,144039
2026-08-20 15:45:00+00:00,85.410004,85.470001,85.214996,85.260002,79791
2026-08-20 16:00:00+00:00,85.264999,85.430000,85.209999,85.425003,79714
2026-08-20 16:15:00+00:00,85.425003,85.510002,85.324997,85.510002,73565
2026-08-20 16:30:00+00:00,85.514999,85.720001,85.470001,85.669998,68229
2026-08-20 16:45:00+00:00,85.669998,85.839996,85.629997,85.820000,76837
2026-08-20 17:00:00+00:00,85.830002,85.940002,85.559998,85.565102,78519
2026-08-20 17:15:00+00:00,85.565002,85.720001,85.504997,85.669998,68237
2026-08-20 17:30:00+00:00,85.669998,85.839996,85.550003,85.614998,65251
2026-08-20 17:45:00+00:00,85.620003,85.739998,85.610001,85.730003,59804
2026-08-20 18:00:00+00:00,85.730003,85.779999,85.610001,85.660004,76814
2026-08-20 18:15:00+00:00,85.660004,85.870003,85.650002,85.864998,77340
2026-08-20 18:30:00+00:00,85.879997,86.220001,85.830002,86.180000,123525
2026-08-20 18:45:00+00:00,86.196701,86.309998,86.129997,86.158096,130858
2026-08-20 19:00:00+00:00,86.139999,86.400002,86.139999,86.379997,157528
2026-08-20 19:15:00+00:00,86.379997,86.440002,86.224998,86.339996,207738
2026-08-20 19:30:00+00:00,86.349998,86.349998,85.779999,85.834999,200965
2026-08-20 19:45:00+00:00,85.830002,86.180000,85.695000,86.160004,734469
2026-08-21 13:30:00+00:00,85.790001,88.110001,85.790001,88.023003,610528
2026-08-21 13:45:00+00:00,88.044998,88.080002,87.680000,88.050003,150123
2026-08-21 14:00:00+00:00,88.074997,88.360001,87.660004,87.754997,303434
2026-08-21 14:15:00+00:00,87.730003,87.754997,86.861000,86.861000,175811
2026-08-21 14:30:00+00:00,86.860001,86.949997,86.656700,86.830002,114210
2026-08-21 14:45:00+00:00,86.834999,87.239998,86.834999,87.230003,124102
2026-08-21 15:00:00+00:00,87.239998,88.050003,87.199997,87.834999,213394
2026-08-21 15:15:00+00:00,87.830002,87.989998,87.760002,87.985001,148791
2026-08-21 15:30:00+00:00,87.989998,88.040001,87.684998,87.974998,137042
2026-08-21 15:45:00+00:00,88.000000,88.019997,87.731003,87.760002,96070
2026-08-21 16:00:00+00:00,87.779999,87.849998,87.610001,87.724998,80772
2026-08-21 16:15:00+00:00,87.724998,87.860001,87.540001,87.559998,79530
2026-08-21 16:30:00+00:00,87.565002,87.769897,87.489998,87.699997,79495
2026-08-21 16:45:00+00:00,87.684998,87.690002,87.510002,87.510002,79786
2026-08-21 17:00:00+00:00,87.510002,87.580002,87.410004,87.550003,82988
2026-08-21 17:15:00+00:00,87.550003,87.650002,87.529999,87.550003,76863
2026-08-21 17:30:00+00:00,87.559998,87.654999,87.425003,87.440002,76457
2026-08-21 17:45:00+00:00,87.430000,87.504997,87.330002,87.349998,82967
2026-08-21 18:00:00+00:00,87.349998,87.400002,87.260002,87.349998,104562
2026-08-21 18:15:00+00:00,87.333801,87.469902,87.333801,87.415001,109496
2026-08-21 18:30:00+00:00,87.415001,87.455002,87.309998,87.410004,98080
2026-08-21 18:45:00+00:00,87.389999,87.724998,87.389999,87.724998,93983
2026-08-21 19:00:00+00:00,87.730003,87.970001,87.720001,87.959999,154554
2026-08-21 19:15:00+00:00,87.958298,88.055000,87.830002,88.019997,189035
2026-08-21 19:30:00+00:00,88.019997,88.098999,87.889999,88.019997,259039
2026-08-21 19:45:00+00:00,88.019997,88.044998,87.790001,87.934998,428670
2026-08-24 13:30:00+00:00,87.940002,88.269997,85.709999,86.910004,487576
2026-08-24 13:45:00+00:00,86.910004,87.419998,86.660004,87.150002,186707
2026-08-24 14:00:00+00:00,87.120003,87.339996,87.050003,87.139999,148306
2026-08-24 14:15:00+00:00,87.110001,87.222504,86.750000,86.834999,128600
2026-08-24 14:30:00+00:00,86.830002,86.830002,86.464996,86.535004,103396
2026-08-24 14:45:00+00:00,86.555000,86.639999,86.315002,86.315002,97789
2026-08-24 15:00:00+00:00,86.305000,86.417702,86.160004,86.279999,140073
2026-08-24 15:15:00+00:00,86.260002,86.260002,85.837502,86.004997,125375
2026-08-24 15:30:00+00:00,86.019997,86.379997,85.900002,86.305000,129895
2026-08-24 15:45:00+00:00,86.305000,86.410004,86.110100,86.389999,59403
2026-08-24 16:00:00+00:00,86.400002,86.584999,86.400002,86.540001,77239
2026-08-24 16:15:00+00:00,86.540001,86.709999,86.464996,86.650002,55983
2026-08-24 16:30:00+00:00,86.639999,86.760002,86.489998,86.584999,336296
2026-08-24 16:45:00+00:00,86.584999,86.654999,86.495003,86.555000,241020
2026-08-24 17:00:00+00:00,86.559998,86.699997,86.504997,86.695000,61814
2026-08-24 17:15:00+00:00,86.690002,86.841103,86.639999,86.809998,90210
2026-08-24 17:30:00+00:00,86.830002,86.904999,86.680000,86.684998,72006
2026-08-24 17:45:00+00:00,86.690002,86.849998,86.684998,86.800003,135126
2026-08-24 18:00:00+00:00,86.820000,87.029900,86.790001,87.019997,127137
2026-08-24 18:15:00+00:00,87.029999,87.110001,86.962502,87.014999,92480
2026-08-24 18:30:00+00:00,87.019997,87.139999,86.839996,87.084999,100194
2026-08-24 18:45:00+00:00,87.084999,87.084999,86.880997,86.964996,82508
2026-08-24 19:00:00+00:00,86.959999,87.010002,86.870003,86.934998,120950
2026-08-24 19:15:00+00:00,86.940002,87.029999,86.841003,86.949997,149379
2026-08-24 19:30:00+00:00,86.940002,87.051003,86.870003,86.870003,107346
2026-08-24 19:45:00+00:00,86.864998,87.139999,86.849998,86.980003,348735
2026-08-25 13:30:00+00:00,87.010002,87.099998,85.639999,86.620003,296509
2026-08-25 13:45:00+00:00,86.565002,86.750000,86.150002,86.220001,121919
2026-08-25 14:00:00+00:00,86.220001,86.250000,85.910004,85.964996,142785
2026-08-25 14:15:00+00:00,85.985001,86.209999,85.910004,86.025002,88659
2026-08-25 14:30:00+00:00,86.019997,86.125000,85.739998,85.849998,137865
2026-08-25 14:45:00+00:00,85.849998,85.885002,85.699997,85.885002,96057
2026-08-25 15:00:00+00:00,85.879997,86.160004,85.785004,86.035004,123645
2026-08-25 15:15:00+00:00,86.040001,86.230003,85.839996,86.220001,141462
2026-08-25 15:30:00+00:00,86.214996,86.489998,86.180000,86.379997,124398
2026-08-25 15:45:00+00:00,86.400002,86.660004,86.300003,86.555000,151920
2026-08-25 16:00:00+00:00,86.550003,86.580002,86.315002,86.389999,92862
2026-08-25 16:15:00+00:00,86.389999,86.519997,86.300003,86.519997,75546
2026-08-25 16:30:00+00:00,86.535004,86.745003,86.489998,86.724998,96242
2026-08-25 16:45:00+00:00,86.730003,86.834999,86.730003,86.745003,71970
2026-08-25 17:00:00+00:00,86.750000,86.820000,86.570000,86.619797,51973
2026-08-25 17:15:00+00:00,86.620003,86.684998,86.580002,86.680000,45224
2026-08-25 17:30:00+00:00,86.680000,86.769997,86.669998,86.769997,48810
2026-08-25 17:45:00+00:00,86.779999,86.860001,86.769997,86.800003,76557
2026-08-25 18:00:00+00:00,86.809998,86.930000,86.769997,86.779999,79634
2026-08-25 18:15:00+00:00,86.779999,86.860001,86.660004,86.845001,64441
2026-08-25 18:30:00+00:00,86.849998,86.910004,86.699997,86.709999,88521
2026-08-25 18:45:00+00:00,86.709999,86.739899,86.570000,86.654999,157416
2026-08-25 19:00:00+00:00,86.660004,86.709999,86.339996,86.349998,100162
2026-08-25 19:15:00+00:00,86.345001,86.410004,86.004997,86.099998,132859
2026-08-25 19:30:00+00:00,86.105003,86.150002,85.919998,85.934998,156237
2026-08-25 19:45:00+00:00,85.934998,86.160004,85.699997,85.830002,527654
2026-08-26 13:30:00+00:00,85.980003,85.980003,84.915398,85.714996,294627
2026-08-26 13:45:00+00:00,85.739998,85.959999,85.577499,85.875000,205638
2026-08-26 14:00:00+00:00,85.889999,85.973969,85.730003,85.849998,120834
2026-08-26 14:15:00+00:00,85.860001,85.870003,85.375000,85.415001,150911
2026-08-26 14:30:00+00:00,85.410004,85.629997,85.324997,85.460999,114245
2026-08-26 14:45:00+00:00,85.470001,85.470001,85.269997,85.440002,90424
2026-08-26 15:00:00+00:00,85.445000,85.779999,85.419998,85.589996,74995
2026-08-26 15:15:00+00:00,85.580002,85.845001,85.419998,85.834999,170040
2026-08-26 15:30:00+00:00,85.846802,85.875000,85.760002,85.830002,77905
2026-08-26 15:45:00+00:00,85.839996,85.860001,85.620003,85.754997,74825
2026-08-26 16:00:00+00:00,85.760002,85.790001,85.699997,85.779999,75035
2026-08-26 16:15:00+00:00,85.769997,85.800003,85.714996,85.754997,60952
2026-08-26 16:30:00+00:00,85.750000,85.870003,85.750000,85.800003,69858
2026-08-26 16:45:00+00:00,85.809998,85.949997,85.779999,85.930000,74214
2026-08-26 17:00:00+00:00,85.925003,86.019997,85.669998,85.879997,271483
2026-08-26 17:15:00+00:00,85.910004,86.049500,85.870003,86.040001,55865
2026-08-26 17:30:00+00:00,86.040001,86.065002,85.889999,85.955002,82759
2026-08-26 17:45:00+00:00,85.955002,86.044998,85.915001,86.019997,79403
2026-08-26 18:00:00+00:00,86.019997,86.035004,85.930000,86.004997,62270
2026-08-26 18:15:00+00:00,86.019997,86.190002,85.940002,86.114998,107808
2026-08-26 18:30:00+00:00,86.110001,86.180000,86.059998,86.084999,57232
2026-08-26 18:45:00+00:00,86.089996,86.209999,86.080002,86.205002,376195
2026-08-26 19:00:00+00:00,86.205002,86.320000,86.190002,86.214996,85880
2026-08-26 19:15:00+00:00,86.220001,86.360001,86.220001,86.285004,153703
2026-08-26 19:30:00+00:00,86.290001,86.370003,86.150002,86.349998,126991
2026-08-26 19:45:00+00:00,86.360001,86.559998,86.239998,86.349998,359075
2026-08-27 13:30:00+00:00,85.879997,86.974998,85.879997,86.339996,206821
2026-08-27 13:45:00+00:00,86.400002,86.650002,86.110001,86.610001,108832
2026-08-27 14:00:00+00:00,86.639999,86.705002,86.058502,86.058502,128723
2026-08-27 14:15:00+00:00,86.070000,86.150002,85.952003,86.112000,103735
2026-08-27 14:30:00+00:00,86.120003,86.824997,86.120003,86.800003,89712
2026-08-27 14:45:00+00:00,86.790001,86.870003,86.430000,86.519997,99070
2026-08-27 15:00:00+00:00,86.550003,86.785004,86.510002,86.760002,99587
2026-08-27 15:15:00+00:00,86.754997,87.089996,86.720001,86.820000,111883
2026-08-27 15:30:00+00:00,86.830002,87.000000,86.760002,86.820000,94578
2026-08-27 15:45:00+00:00,86.820000,86.919998,86.680000,86.839996,87945
2026-08-27 16:00:00+00:00,86.845001,86.900002,86.589996,86.635002,76864
2026-08-27 16:15:00+00:00,86.639999,86.675003,86.410004,86.529999,77119
2026-08-27 16:30:00+00:00,86.529999,86.620003,86.459999,86.620003,58877
2026-08-27 16:45:00+00:00,86.621002,86.800003,86.559998,86.680000,73760
2026-08-27 17:00:00+00:00,86.684998,86.764999,86.665001,86.665001,39304
2026-08-27 17:15:00+00:00,86.660004,86.764999,86.599998,86.639999,48498
2026-08-27 17:30:00+00:00,86.639999,86.699997,86.574997,86.584999,72925
2026-08-27 17:45:00+00:00,86.580002,86.650002,86.504997,86.629997,58131
2026-08-27 18:00:00+00:00,86.620003,86.714996,86.500000,86.714996,67816
2026-08-27 18:15:00+00:00,86.720001,86.809998,86.550003,86.550003,88217
2026-08-27 18:30:00+00:00,86.550003,86.680000,86.519997,86.669998,69665
2026-08-27 18:45:00+00:00,86.669998,86.680000,86.519997,86.529999,75198
2026-08-27 19:00:00+00:00,86.529999,86.629997,86.470001,86.500000,73735
2026-08-27 19:15:00+00:00,86.510002,86.599998,86.294998,86.339996,107404
2026-08-27 19:30:00+00:00,86.334999,86.459999,86.214996,86.279404,94900
2026-08-27 19:45:00+00:00,86.269997,86.300003,86.050003,86.169998,380418
2026-08-28 13:30:00+00:00,87.629997,88.269997,86.760002,86.760002,269926
2026-08-28 13:45:00+00:00,86.730003,87.025002,86.639999,86.989998,188569
2026-08-28 14:00:00+00:00,86.989998,87.000000,86.519997,86.629997,151735
2026-08-28 14:15:00+00:00,86.629997,86.699997,86.269997,86.379997,125037
2026-08-28 14:30:00+00:00,86.370003,86.480003,86.120003,86.129997,109273
2026-08-28 14:45:00+00:00,86.084999,86.269997,85.879997,86.269997,111328
2026-08-28 15:00:00+00:00,86.269997,86.404999,86.129997,86.379997,102691
2026-08-28 15:15:00+00:00,86.379997,86.449501,86.264999,86.325996,81608
2026-08-28 15:30:00+00:00,86.345001,86.345001,86.099998,86.230003,79421
2026-08-28 15:45:00+00:00,86.239998,86.309998,86.054497,86.089996,65776
2026-08-28 16:00:00+00:00,86.095001,86.299896,86.070000,86.190002,53586
2026-08-28 16:15:00+00:00,86.195000,86.230003,85.910004,85.919998,66706
2026-08-28 16:30:00+00:00,85.919998,86.230003,85.919998,86.065102,52694
2026-08-28 16:45:00+00:00,86.070000,86.160004,85.970001,85.970001,51797
2026-08-28 17:00:00+00:00,85.959999,85.970001,85.680000,85.830002,71774
2026-08-28 17:15:00+00:00,85.830002,85.915001,85.730003,85.754997,50343
2026-08-28 17:30:00+00:00,85.760002,85.889999,85.639999,85.779999,61688
2026-08-28 17:45:00+00:00,85.785004,85.889999,85.754997,85.860001,52024
2026-08-28 18:00:00+00:00,85.830002,86.019997,85.820000,85.955002,69211
2026-08-28 18:15:00+00:00,85.949997,86.019997,85.815002,85.845001,88505
2026-08-28 18:30:00+00:00,85.849998,86.014999,85.849998,86.004997,71594
2026-08-28 18:45:00+00:00,86.004997,86.065002,85.860001,85.970001,64038
2026-08-28 19:00:00+00:00,85.959999,86.169998,85.959999,86.169998,60537
2026-08-28 19:15:00+00:00,86.169998,86.320000,86.089996,86.169998,134420
2026-08-28 19:30:00+00:00,86.150002,86.269997,86.099998,86.199997,137069
2026-08-28 19:45:00+00:00,86.190002,86.419998,85.949997,86.269997,777421
2026-08-31 13:30:00+00:00,86.279999,87.190002,86.004997,86.779999,191175
2026-08-31 13:45:00+00:00,86.760002,87.150002,86.760002,87.105003,86173
2026-08-31 14:00:00+00:00,87.139999,87.169998,86.525002,86.580002,106772
2026-08-31 14:15:00+00:00,86.580002,86.809898,86.500000,86.660004,104420
2026-08-31 14:30:00+00:00,86.669998,86.879997,86.434998,86.769997,84350
2026-08-31 14:45:00+00:00,86.769997,86.809998,86.589996,86.639999,77522
2026-08-31 15:00:00+00:00,86.620003,86.730003,86.565002,86.680000,70561
2026-08-31 15:15:00+00:00,86.705002,86.705002,86.542000,86.610001,86856
2026-08-31 15:30:00+00:00,86.610001,86.660004,86.440002,86.488701,78378
2026-08-31 15:45:00+00:00,86.489998,86.690002,86.449997,86.605003,52138
2026-08-31 16:00:00+00:00,86.599998,86.714996,86.500000,86.660004,60306
2026-08-31 16:15:00+00:00,86.669998,86.705002,86.519997,86.565002,67891
2026-08-31 16:30:00+00:00,86.565002,86.584999,86.375000,86.415001,62307
2026-08-31 16:45:00+00:00,86.419998,86.485001,86.290001,86.440002,83666
2026-08-31 17:00:00+00:00,86.440002,86.580002,86.400002,86.540001,65669
2026-08-31 17:15:00+00:00,86.540001,86.620003,86.514999,86.520103,56178
2026-08-31 17:30:00+00:00,86.525002,86.750000,86.489998,86.750000,70733
2026-08-31 17:45:00+00:00,86.745003,86.904999,86.739998,86.860001,96477
2026-08-31 18:00:00+00:00,86.879997,87.190002,86.760002,87.160004,122048
2026-08-31 18:15:00+00:00,87.169998,87.175003,86.839996,86.885002,88616
2026-08-31 18:30:00+00:00,86.885002,86.891098,86.650002,86.650002,123873
2026-08-31 18:45:00+00:00,86.639999,86.644997,86.480003,86.605003,126739
2026-08-31 19:00:00+00:00,86.599998,86.750000,86.510002,86.714996,155273
2026-08-31 19:15:00+00:00,86.714996,86.730003,86.504997,86.650002,190045
2026-08-31 19:30:00+00:00,86.654999,86.654999,86.324997,86.459999,185316
2026-08-31 19:45:00+00:00,86.440002,86.514999,86.150002,86.300003,628410
