Datetime,Open,High,Low,Close,Volume
2026-04-08 13:30:00+00:00,55.270000,56.630001,54.810001,56.589802,23482713
2026-04-08 13:45:00+00:00,56.709999,57.500000,56.580002,57.404999,12994838
2026-04-08 14:00:00+00:00,57.404999,57.715000,57.308998,57.520000,10009771
2026-04-08 14:15:00+00:00,57.520100,57.700001,57.250000,57.259998,7204186
2026-04-08 14:30:00+00:00,57.270000,57.564999,56.855000,56.875000,6996089
2026-04-08 14:45:00+00:00,56.875000,56.900002,56.169998,56.464401,6206017
2026-04-08 15:00:00+00:00,56.480000,57.230000,56.470100,57.200001,5723105
2026-04-08 15:15:00+00:00,57.195000,57.590000,57.119999,57.240002,5373982
2026-04-08 15:30:00+00:00,57.250000,57.560001,57.180000,57.325001,4031058
2026-04-08 15:45:00+00:00,57.340199,57.730000,57.310001,57.581799,4299011
2026-04-08 16:00:00+00:00,57.584999,57.919998,57.564999,57.834999,3814148
2026-04-08 16:15:00+00:00,57.839901,58.119999,57.730000,58.090000,5303009
2026-04-08 16:30:00+00:00,58.090000,58.320000,58.049999,58.154999,4716991
2026-04-08 16:45:00+00:00,58.150002,58.639999,58.080002,58.629902,4606923
2026-04-08 17:00:00+00:00,58.619999,58.810001,58.494999,58.525002,4367634
2026-04-08 17:15:00+00:00,58.525002,58.595299,58.269901,58.575001,4217190
2026-04-08 17:30:00+00:00,58.575001,58.759998,58.480000,58.715000,4005651
2026-04-08 17:45:00+00:00,58.715000,58.900002,58.700001,58.869801,3497703
2026-04-08 18:00:00+00:00,58.860001,59.169998,58.830002,59.075001,4839099
2026-04-08 18:15:00+00:00,59.070000,59.130001,58.610001,58.615002,5016045
2026-04-08 18:30:00+00:00,58.619999,58.750000,58.299999,58.310001,5298690
2026-04-08 18:45:00+00:00,58.305000,58.369999,57.919998,57.990002,5326520
2026-04-08 19:00:00+00:00,57.985001,58.384998,57.900002,58.345001,5541758
2026-04-08 19:15:00+00:00,58.345001,58.575001,58.165001,58.432999,4810471
2026-04-08 19:30:00+00:00,58.439999,58.509998,58.139999,58.215000,4813293
2026-04-08 19:45:00+00:00,58.220001,59.049999,58.209999,58.970001,12068902
2026-04-09 13:30:00+00:00,58.715000,60.305000,58.549999,60.181301,28264275
2026-04-09 13:45:00+00:00,60.169998,60.470001,59.700100,60.299999,10195952
2026-04-09 14:00:00+00:00,60.299999,61.059898,60.160000,60.240002,9533296
2026-04-09 14:15:00+00:00,60.244999,60.900002,59.990002,60.610001,7147625
2026-04-09 14:30:00+00:00,60.599998,60.654999,60.029999,60.549999,5590451
2026-04-09 14:45:00+00:00,60.549999,61.080002,60.430000,60.899799,6147488
2026-04-09 15:00:00+00:00,60.895000,61.040001,60.779999,60.924999,3341191
2026-04-09 15:15:00+00:00,60.930000,60.950001,60.000000,60.429901,6803710
2026-04-09 15:30:00+00:00,60.420101,60.719002,60.240002,60.435001,3827148
2026-04-09 15:45:00+00:00,60.430000,60.544998,60.279999,60.320000,2600436
2026-04-09 16:00:00+00:00,60.325001,60.499001,59.860001,60.290100,4850073
2026-04-09 16:15:00+00:00,60.290298,60.589901,60.270000,60.474998,2985427
2026-04-09 16:30:00+00:00,60.474998,60.520000,60.250000,60.285000,2380950
2026-04-09 16:45:00+00:00,60.290001,60.659901,60.080002,60.520000,4966609
2026-04-09 17:00:00+00:00,60.520000,60.680000,60.384998,60.544998,2049340
2026-04-09 17:15:00+00:00,60.525002,60.634998,60.340000,60.580002,2366991
2026-04-09 17:30:00+00:00,60.580002,60.849899,60.389999,60.744999,2530333
2026-04-09 17:45:00+00:00,60.743000,60.900002,60.669998,60.845001,1959976
2026-04-09 18:00:00+00:00,60.845001,60.869999,60.450001,60.680000,2592524
2026-04-09 18:15:00+00:00,60.680099,60.750000,60.330002,60.465000,2053199
2026-04-09 18:30:00+00:00,60.465000,61.000000,60.430000,60.805000,2851758
2026-04-09 18:45:00+00:00,60.810001,60.849998,60.654999,60.770000,2011538
2026-04-09 19:00:00+00:00,60.770000,61.200001,60.759998,61.070000,3489884
2026-04-09 19:15:00+00:00,61.075001,61.489799,61.035000,61.430000,4372580
2026-04-09 19:30:00+00:00,61.424999,61.689999,61.400002,61.634998,4844849
2026-04-09 19:45:00+00:00,61.634998,62.079899,61.619999,61.680000,11827743
2026-04-10 13:30:00+00:00,61.480000,62.660000,60.750000,62.430000,16782613
2026-04-10 13:45:00+00:00,62.410000,63.389999,62.389999,62.849998,8328052
2026-04-10 14:00:00+00:00,62.849998,63.119900,62.580002,62.779999,5019201
2026-04-10 14:15:00+00:00,62.779999,63.080002,62.450001,62.764999,4302422
2026-04-10 14:30:00+00:00,62.759998,62.840000,62.320000,62.455002,3072509
2026-04-10 14:45:00+00:00,62.465000,62.970001,62.430000,62.965000,3047650
2026-04-10 15:00:00+00:00,62.962299,63.130001,62.750000,62.851398,3527421
2026-04-10 15:15:00+00:00,62.869999,63.290001,62.869999,62.965000,3742036
2026-04-10 15:30:00+00:00,62.965000,63.150002,62.799999,62.875000,2500159
2026-04-10 15:45:00+00:00,62.875000,62.965000,62.450001,62.555000,2925531
2026-04-10 16:00:00+00:00,62.560001,62.584999,62.180000,62.419998,2777600
2026-04-10 16:15:00+00:00,62.415001,62.520000,62.070000,62.430000,2517859
2026-04-10 16:30:00+00:00,62.430000,62.509899,62.255001,62.275002,2053801
2026-04-10 16:45:00+00:00,62.275002,62.536098,62.235001,62.365002,2227261
2026-04-10 17:00:00+00:00,62.380001,62.480000,62.189999,62.264999,1510014
2026-04-10 17:15:00+00:00,62.264999,62.610001,62.090000,62.469898,2784894
2026-04-10 17:30:00+00:00,62.465000,62.810001,62.419998,62.779999,1880958
2026-04-10 17:45:00+00:00,62.779999,62.830002,62.599998,62.805000,1725476
2026-04-10 18:00:00+00:00,62.794998,62.884998,62.730000,62.799999,1658900
2026-04-10 18:15:00+00:00,62.805000,63.000000,62.785000,62.884998,1858183
2026-04-10 18:30:00+00:00,62.880001,62.930000,62.790001,62.794998,1276424
2026-04-10 18:45:00+00:00,62.790001,62.930000,62.709999,62.750099,1999656
2026-04-10 19:00:00+00:00,62.755001,62.860001,62.695000,62.750099,1674287
2026-04-10 19:15:00+00:00,62.757801,63.240002,62.723999,63.080002,3528142
2026-04-10 19:30:00+00:00,63.080002,63.080002,62.705002,62.791199,2691752
2026-04-10 19:45:00+00:00,62.790001,62.830002,62.330002,62.369999,6102397
2026-04-13 13:30:00+00:00,62.217999,64.779999,62.217999,64.139999,16311744
2026-04-13 13:45:00+00:00,64.139900,64.379997,63.529999,63.740002,7061587
2026-04-13 14:00:00+00:00,63.740002,64.050003,63.410099,63.589901,4148094
2026-04-13 14:15:00+00:00,63.584999,64.040001,63.529999,63.625000,4244849
2026-04-13 14:30:00+00:00,63.619999,64.580002,63.480000,64.500504,4818519
2026-04-13 14:45:00+00:00,64.519997,64.660004,64.150002,64.209999,3376798
2026-04-13 15:00:00+00:00,64.199997,64.669998,63.990002,64.430000,3535446
2026-04-13 15:15:00+00:00,64.430000,64.650002,64.195000,64.195000,2931370
2026-04-13 15:30:00+00:00,64.199997,64.519997,64.082497,64.480499,2810907
2026-04-13 15:45:00+00:00,64.475998,64.940002,64.449997,64.574997,4082225
2026-04-13 16:00:00+00:00,64.574997,64.750000,64.389999,64.555000,2778399
2026-04-13 16:15:00+00:00,64.550003,64.889999,64.470200,64.794998,2632833
2026-04-13 16:30:00+00:00,64.790001,65.209999,64.760002,65.150002,4983542
2026-04-13 16:45:00+00:00,65.135002,65.620003,65.120003,65.609901,4085958
2026-04-13 17:00:00+00:00,65.620003,65.650002,65.315002,65.421700,2558171
2026-04-13 17:15:00+00:00,65.425003,65.489502,65.264999,65.270103,1782325
2026-04-13 17:30:00+00:00,65.275002,65.370003,65.129997,65.180000,1796761
2026-04-13 17:45:00+00:00,65.189903,65.190002,64.940002,64.959999,1934161
2026-04-13 18:00:00+00:00,64.955299,65.050003,64.650002,64.654999,2140512
2026-04-13 18:15:00+00:00,64.650597,64.680000,64.419998,64.625000,2811447
2026-04-13 18:30:00+00:00,64.623398,64.870003,64.614998,64.834999,2146368
2026-04-13 18:45:00+00:00,64.834999,65.190002,64.834702,65.080101,2595844
2026-04-13 19:00:00+00:00,65.089996,65.220001,65.044998,65.120003,2258557
2026-04-13 19:15:00+00:00,65.125000,65.290001,65.089996,65.125000,2433045
2026-04-13 19:30:00+00:00,65.120003,65.220001,65.010002,65.129898,2810368
2026-04-13 19:45:00+00:00,65.125000,65.449997,65.059998,65.169998,7410292
2026-04-14 13:30:00+00:00,65.160004,65.180000,62.639999,63.674999,20858699
2026-04-14 13:45:00+00:00,63.680000,64.349998,63.499901,63.869999,6871486
2026-04-14 14:00:00+00:00,63.869999,63.936501,63.340000,63.455002,4499259
2026-04-14 14:15:00+00:00,63.448502,63.665001,63.099998,63.320000,4755192
2026-04-14 14:30:00+00:00,63.330002,63.371700,62.900002,63.180000,4399035
2026-04-14 14:45:00+00:00,63.169998,63.639999,63.112999,63.112999,3770393
2026-04-14 15:00:00+00:00,63.099998,63.130001,62.680000,62.985001,4260008
2026-04-14 15:15:00+00:00,62.980000,63.055000,62.840000,62.935001,3028791
2026-04-14 15:30:00+00:00,62.939899,63.029900,62.400002,62.415001,3972879
2026-04-14 15:45:00+00:00,62.430000,62.570000,62.220001,62.540699,3932089
2026-04-14 16:00:00+00:00,62.540001,62.819901,62.465000,62.485001,2844020
2026-04-14 16:15:00+00:00,62.480202,62.595001,62.380699,62.509998,1856958
2026-04-14 16:30:00+00:00,62.509998,62.555000,62.130001,62.154999,3913365
2026-04-14 16:45:00+00:00,62.160099,62.230000,62.089001,62.185001,2081660
2026-04-14 17:00:00+00:00,62.180099,62.430000,62.169998,62.334999,2211136
2026-04-14 17:15:00+00:00,62.325001,62.779999,62.325001,62.770000,2708400
2026-04-14 17:30:00+00:00,62.759998,63.014999,62.709999,62.733002,3039370
2026-04-14 17:45:00+00:00,62.735001,62.779999,62.590000,62.779900,2038900
2026-04-14 18:00:00+00:00,62.775002,63.049999,62.770000,62.845001,2440422
2026-04-14 18:15:00+00:00,62.849998,62.849998,62.680000,62.775002,1668533
2026-04-14 18:30:00+00:00,62.775002,62.990002,62.744999,62.959999,1684020
2026-04-14 18:45:00+00:00,62.959801,63.320000,62.951000,63.205002,2746967
2026-04-14 19:00:00+00:00,63.205002,63.430000,63.150002,63.310001,2369615
2026-04-14 19:15:00+00:00,63.320000,63.650002,63.310001,63.539902,2903256
2026-04-14 19:30:00+00:00,63.529999,63.619900,63.369999,63.557301,3091336
2026-04-14 19:45:00+00:00,63.549999,63.830002,63.509998,63.810001,6047976
2026-04-15 13:30:00+00:00,63.799999,65.000000,62.875000,63.698101,14232339
2026-04-15 13:45:00+00:00,63.689999,64.599998,63.584999,64.479897,5760282
2026-04-15 14:00:00+00:00,64.480003,64.605003,63.955002,64.440002,4257559
2026-04-15 14:15:00+00:00,64.430000,64.716301,64.165001,64.539200,3898144
2026-04-15 14:30:00+00:00,64.540001,65.839996,64.489998,65.419998,8263054
2026-04-15 14:45:00+00:00,65.425003,65.470001,65.195000,65.334999,3247819
2026-04-15 15:00:00+00:00,65.339996,65.400002,64.989998,65.400002,3185639
2026-04-15 15:15:00+00:00,65.380096,65.500000,65.290001,65.324997,2642160
2026-04-15 15:30:00+00:00,65.320000,65.550003,65.025002,65.485001,3030728
2026-04-15 15:45:00+00:00,65.489998,65.539902,65.180000,65.341003,2243241
2026-04-15 16:00:00+00:00,65.339996,65.470001,65.190002,65.394997,1596417
2026-04-15 16:15:00+00:00,65.394997,65.434998,64.809998,64.830200,3274557
2026-04-15 16:30:00+00:00,64.834999,64.889900,63.970001,64.125000,3581906
2026-04-15 16:45:00+00:00,64.120102,64.269997,63.730000,64.074997,3075111
2026-04-15 17:00:00+00:00,64.074997,64.370003,63.974998,64.300003,1802526
2026-04-15 17:15:00+00:00,64.294998,64.319298,64.129997,64.200302,1196339
2026-04-15 17:30:00+00:00,64.200104,64.320000,64.099998,64.110001,1243519
2026-04-15 17:45:00+00:00,64.110001,64.430000,64.110001,64.334999,1343003
2026-04-15 18:00:00+00:00,64.330002,64.500000,64.220001,64.294998,1554768
2026-04-15 18:15:00+00:00,64.300003,64.489998,64.299301,64.489998,1124893
2026-04-15 18:30:00+00:00,64.485001,64.555000,64.385201,64.409897,1030597
2026-04-15 18:45:00+00:00,64.410004,64.509903,64.339996,64.504997,1060076
2026-04-15 19:00:00+00:00,64.510002,64.715599,64.449997,64.621002,1741786
2026-04-15 19:15:00+00:00,64.628899,64.699997,64.500000,64.599998,1895810
2026-04-15 19:30:00+00:00,64.599998,64.750000,64.519997,64.559998,2018150
2026-04-15 19:45:00+00:00,64.565002,64.959999,64.557999,64.934998,5911290
2026-04-16 13:30:00+00:00,65.059998,66.930000,64.272003,66.355003,14217467
2026-04-16 13:45:00+00:00,66.349998,66.540001,65.570000,65.915100,5103422
2026-04-16 14:00:00+00:00,65.930000,66.830002,65.654999,66.129997,5900638
2026-04-16 14:15:00+00:00,66.139999,66.330002,65.790001,66.240097,2741232
2026-04-16 14:30:00+00:00,66.239998,66.455002,66.099998,66.339897,2566598
2026-04-16 14:45:00+00:00,66.334999,67.339996,66.330002,67.099998,5917879
2026-04-16 15:00:00+00:00,67.105003,67.750000,67.000000,67.434998,4958712
2026-04-16 15:15:00+00:00,67.434998,67.709999,67.400002,67.485001,3152759
2026-04-16 15:30:00+00:00,67.489998,67.800003,67.349998,67.654999,3003934
2026-04-16 15:45:00+00:00,67.699997,68.029999,67.690002,67.940002,3495912
2026-04-16 16:00:00+00:00,67.939301,68.070000,67.754997,67.885002,3076230
2026-04-16 16:15:00+00:00,67.889999,68.230003,67.875000,67.915001,2661612
2026-04-16 16:30:00+00:00,67.919998,68.169998,67.425003,67.920097,3612938
2026-04-16 16:45:00+00:00,67.925003,68.014999,67.614998,67.675003,2112804
2026-04-16 17:00:00+00:00,67.680000,67.750000,67.550003,67.559998,1845161
2026-04-16 17:15:00+00:00,67.550003,67.739998,67.379997,67.714996,2202728
2026-04-16 17:30:00+00:00,67.717003,67.915001,67.660004,67.675003,2009407
2026-04-16 17:45:00+00:00,67.680000,67.800003,67.635002,67.722397,1627321
2026-04-16 18:00:00+00:00,67.714996,67.809998,67.290001,67.540100,2533828
2026-04-16 18:15:00+00:00,67.550003,67.620003,67.059998,67.184998,2372648
2026-04-16 18:30:00+00:00,67.190002,67.980003,67.175003,67.815002,4523844
2026-04-16 18:45:00+00:00,67.815002,68.000000,67.779999,67.870102,2139387
2026-04-16 19:00:00+00:00,67.879997,68.379997,67.853996,68.275002,3056858
2026-04-16 19:15:00+00:00,68.275002,68.389999,68.120003,68.138100,2530826
2026-04-16 19:30:00+00:00,68.134499,68.410004,68.070000,68.205002,3361982
2026-04-16 19:45:00+00:00,68.205002,68.610001,68.160004,68.480003,7901167
2026-04-17 13:30:00+00:00,68.837997,69.550003,68.349998,69.074997,16684742
2026-04-17 13:45:00+00:00,69.074997,69.555000,68.779999,69.425003,5468450
2026-04-17 14:00:00+00:00,69.430000,70.120003,69.300003,69.625000,8607980
2026-04-17 14:15:00+00:00,69.635002,69.839996,69.320000,69.614998,3789550
2026-04-17 14:30:00+00:00,69.629997,70.070000,69.464996,69.940002,3852769
2026-04-17 14:45:00+00:00,69.940002,69.940002,69.535004,69.690002,3427431
2026-04-17 15:00:00+00:00,69.690002,70.180000,69.584999,69.959801,4296199
2026-04-17 15:15:00+00:00,69.959999,70.324997,69.919998,70.260002,3657417
2026-04-17 15:30:00+00:00,70.260002,70.279999,69.699997,69.709999,2896813
2026-04-17 15:45:00+00:00,69.709999,69.855003,69.022400,69.050598,4483608
2026-04-17 16:00:00+00:00,69.050003,69.870003,68.754997,69.821503,4599988
2026-04-17 16:15:00+00:00,69.821503,69.930000,69.360001,69.360001,2713251
2026-04-17 16:30:00+00:00,69.364998,69.430000,69.003502,69.059998,3174591
2026-04-17 16:45:00+00:00,69.050003,69.300003,68.860001,68.995003,2851337
2026-04-17 17:00:00+00:00,68.999901,69.019997,68.680000,68.845001,2198370
2026-04-17 17:15:00+00:00,68.845001,68.930000,68.370003,68.639999,3345483
2026-04-17 17:30:00+00:00,68.629997,68.820000,68.464996,68.559998,2915064
2026-04-17 17:45:00+00:00,68.550003,68.875000,68.500000,68.644997,1772407
2026-04-17 18:00:00+00:00,68.642197,68.705002,68.089996,68.120102,2523275
2026-04-17 18:15:00+00:00,68.120003,68.375000,67.900002,67.974998,3201510
2026-04-17 18:30:00+00:00,67.980003,68.120003,67.769997,67.930000,2869849
2026-04-17 18:45:00+00:00,67.932404,68.110001,67.919998,67.945000,2616270
2026-04-17 19:00:00+00:00,67.945000,68.029999,67.735001,67.782997,2433903
2026-04-17 19:15:00+00:00,67.779999,68.080002,67.760002,68.019997,2901020
2026-04-17 19:30:00+00:00,68.014999,68.214996,67.800003,68.114998,3080934
2026-04-17 19:45:00+00:00,68.129997,68.750000,68.074997,68.495003,7099001
2026-04-20 13:30:00+00:00,68.449997,69.199997,66.500000,66.514999,14518413
2026-04-20 13:45:00+00:00,66.519897,66.739998,65.900002,66.305000,8020430
2026-04-20 14:00:00+00:00,66.305000,66.629997,65.730003,66.319901,5862369
2026-04-20 14:15:00+00:00,66.321899,66.349998,65.930000,66.240097,3186655
2026-04-20 14:30:00+00:00,66.245003,66.669998,66.070000,66.190102,3590210
2026-04-20 14:45:00+00:00,66.195000,66.329903,65.599998,65.800003,3593241
2026-04-20 15:00:00+00:00,65.809998,66.180000,65.650002,65.915001,2936227
2026-04-20 15:15:00+00:00,65.910004,66.159798,65.809998,65.955002,2549786
2026-04-20 15:30:00+00:00,65.949997,66.019997,65.690002,65.739998,2488789
2026-04-20 15:45:00+00:00,65.746002,65.970001,65.580002,65.889999,3228588
2026-04-20 16:00:00+00:00,65.889999,65.889999,65.500000,65.830101,2175260
2026-04-20 16:15:00+00:00,65.834999,66.000000,65.680000,65.764999,1893548
2026-04-20 16:30:00+00:00,65.764999,65.900002,65.730003,65.760002,1689804
2026-04-20 16:45:00+00:00,65.764999,65.817001,65.559998,65.732300,2074557
2026-04-20 17:00:00+00:00,65.730003,65.760002,65.459999,65.549896,2287714
2026-04-20 17:15:00+00:00,65.544998,65.650002,65.120003,65.180099,2908613
2026-04-20 17:30:00+00:00,65.180000,65.334999,65.099998,65.300003,3648041
2026-04-20 17:45:00+00:00,65.306503,65.779602,65.279999,65.599998,2368950
2026-04-20 18:00:00+00:00,65.600098,65.680000,65.279999,65.345001,1982931
2026-04-20 18:15:00+00:00,65.345001,65.562202,65.239998,65.500000,2179084
2026-04-20 18:30:00+00:00,65.500000,65.620003,65.339996,65.610001,1848691
2026-04-20 18:45:00+00:00,65.614998,65.830002,65.530098,65.795601,2196054
2026-04-20 19:00:00+00:00,65.800003,65.857597,65.695000,65.759903,2203103
2026-04-20 19:15:00+00:00,65.754997,65.764999,65.347801,65.499901,2185413
2026-04-20 19:30:00+00:00,65.498001,65.680000,65.389999,65.529999,2500401
2026-04-20 19:45:00+00:00,65.535004,65.730003,65.419998,65.714996,5266775
2026-04-21 13:30:00+00:00,67.150002,67.669998,66.519997,67.035004,13453750
2026-04-21 13:45:00+00:00,66.985001,67.230003,66.570000,66.860001,5006376
2026-04-21 14:00:00+00:00,66.870003,67.400002,66.779999,67.165001,4824889
2026-04-21 14:15:00+00:00,67.169998,67.559998,66.449997,66.750702,5057127
2026-04-21 14:30:00+00:00,66.751701,67.039902,66.455002,66.610001,3656961
2026-04-21 14:45:00+00:00,66.607201,66.749901,66.250000,66.290100,3932062
2026-04-21 15:00:00+00:00,66.294998,66.910004,66.090401,66.700104,3741487
2026-04-21 15:15:00+00:00,66.699997,67.260002,66.489998,66.595001,3592941
2026-04-21 15:30:00+00:00,66.599998,66.699997,66.400002,66.610001,2102441
2026-04-21 15:45:00+00:00,66.599998,66.720001,66.480003,66.565002,1528709
2026-04-21 16:00:00+00:00,66.570000,66.839897,66.500000,66.705002,2062454
2026-04-21 16:15:00+00:00,66.705002,66.815002,66.279999,66.305000,2210378
2026-04-21 16:30:00+00:00,66.305000,66.449997,65.949997,65.959900,2509276
2026-04-21 16:45:00+00:00,65.955002,66.120003,65.910004,66.029999,2086615
2026-04-21 17:00:00+00:00,66.022202,66.160004,65.684998,65.850098,2346860
2026-04-21 17:15:00+00:00,65.850098,65.949997,65.709999,65.750000,1714294
2026-04-21 17:30:00+00:00,65.745003,66.389999,65.735001,66.264999,2515559
2026-04-21 17:45:00+00:00,66.264999,66.339996,66.084999,66.294998,1620261
2026-04-21 18:00:00+00:00,66.294998,66.379997,66.204002,66.204002,1145745
2026-04-21 18:15:00+00:00,66.200104,66.230003,65.980003,66.014999,1300243
2026-04-21 18:30:00+00:00,66.014999,66.190002,65.989998,66.160202,2287945
2026-04-21 18:45:00+00:00,66.165001,66.289299,65.940002,66.199997,1686535
2026-04-21 19:00:00+00:00,66.199997,66.519997,66.184998,66.370003,1793565
2026-04-21 19:15:00+00:00,66.379700,66.659897,66.330002,66.525002,2459733
2026-04-21 19:30:00+00:00,66.525002,66.586502,65.639999,65.714996,2565936
2026-04-21 19:45:00+00:00,65.724098,66.300003,65.724098,66.300003,5311291
2026-04-22 13:30:00+00:00,67.959999,68.769997,66.940002,67.079903,12713481
2026-04-22 13:45:00+00:00,67.070000,67.209999,66.050003,66.288498,5321533
2026-04-22 14:00:00+00:00,66.279999,66.397598,65.400002,66.029999,6846528
2026-04-22 14:15:00+00:00,66.035004,66.389999,65.910004,66.345001,3285235
2026-04-22 14:30:00+00:00,66.339996,66.589996,66.120003,66.139999,3343836
2026-04-22 14:45:00+00:00,66.144997,66.309998,65.919998,66.105003,2576343
2026-04-22 15:00:00+00:00,66.115097,66.190002,65.820099,66.014099,2144448
2026-04-22 15:15:00+00:00,66.019897,66.290001,65.955002,66.089996,1970450
2026-04-22 15:30:00+00:00,66.089996,66.330002,66.050003,66.089996,1833346
2026-04-22 15:45:00+00:00,66.095001,66.269302,65.769997,65.839996,1771757
2026-04-22 16:00:00+00:00,65.845001,66.028000,65.684998,65.815002,1946781
2026-04-22 16:15:00+00:00,65.815002,65.864998,65.419998,65.425003,2308770
2026-04-22 16:30:00+00:00,65.425003,65.470001,65.180099,65.200699,3300188
2026-04-22 16:45:00+00:00,65.199997,65.355003,65.150002,65.305000,1954431
2026-04-22 17:00:00+00:00,65.305000,65.639999,65.300003,65.445000,2583038
2026-04-22 17:15:00+00:00,65.449997,65.695000,65.360001,65.654999,1902194
2026-04-22 17:30:00+00:00,65.650002,65.809998,65.529999,65.570099,1689422
2026-04-22 17:45:00+00:00,65.574997,65.650002,65.519997,65.540100,1120646
2026-04-22 18:00:00+00:00,65.549896,65.695000,65.379997,65.449997,1807670
2026-04-22 18:15:00+00:00,65.449997,65.550003,65.250000,65.430099,1591202
2026-04-22 18:30:00+00:00,65.430099,65.485001,65.310303,65.385002,1125879
2026-04-22 18:45:00+00:00,65.385002,65.449997,65.260002,65.290001,1485172
2026-04-22 19:00:00+00:00,65.279999,65.430000,64.980003,65.364998,3535715
2026-04-22 19:15:00+00:00,65.375000,65.580002,65.364998,65.415001,1960154
2026-04-22 19:30:00+00:00,65.420097,65.420097,65.239998,65.279999,1968610
2026-04-22 19:45:00+00:00,65.279999,65.439903,65.059998,65.239998,5691275
2026-04-23 13:30:00+00:00,66.089996,68.279999,65.699997,67.650002,16614235
2026-04-23 13:45:00+00:00,67.653000,67.785004,66.480698,66.864998,7702455
2026-04-23 14:00:00+00:00,66.860001,67.250000,66.431999,66.520699,4552279
2026-04-23 14:15:00+00:00,66.519997,67.040001,66.470001,66.900002,4539485
2026-04-23 14:30:00+00:00,66.889999,67.349998,66.809998,66.959999,3175601
2026-04-23 14:45:00+00:00,66.964996,67.050003,66.769997,67.014999,2096636
2026-04-23 15:00:00+00:00,67.019997,67.849998,67.000000,67.809998,4245574
2026-04-23 15:15:00+00:00,67.805000,67.820000,67.470001,67.569901,5119863
2026-04-23 15:30:00+00:00,67.559998,67.790001,67.440002,67.790001,2918205
2026-04-23 15:45:00+00:00,67.790001,67.849998,67.330002,67.750000,2851905
2026-04-23 16:00:00+00:00,67.750000,68.139999,67.370003,68.021004,4151804
2026-04-23 16:15:00+00:00,68.025002,68.120003,67.785004,67.985001,2739721
2026-04-23 16:30:00+00:00,67.985001,68.199997,67.900002,68.119904,2241958
2026-04-23 16:45:00+00:00,68.110001,68.279900,67.820000,67.980003,3082829
2026-04-23 17:00:00+00:00,67.970001,68.050003,67.360001,67.574997,3433399
2026-04-23 17:15:00+00:00,67.574997,67.574997,67.059998,67.410004,3354857
2026-04-23 17:30:00+00:00,67.400002,67.809998,66.849998,66.989998,2951539
2026-04-23 17:45:00+00:00,66.994797,67.589996,66.709999,67.565002,3605606
2026-04-23 18:00:00+00:00,67.555000,67.930000,67.550102,67.669899,2318343
2026-04-23 18:15:00+00:00,67.669998,67.709900,67.470001,67.639999,1557156
2026-04-23 18:30:00+00:00,67.639999,67.790001,67.445000,67.559998,1961670
2026-04-23 18:45:00+00:00,67.559998,67.576500,66.764999,66.904999,2035703
2026-04-23 19:00:00+00:00,66.900002,66.964996,66.629997,66.830002,2818300
2026-04-23 19:15:00+00:00,66.828003,66.855003,66.480003,66.609398,2758638
2026-04-23 19:30:00+00:00,66.610001,66.690002,65.964996,65.964996,4119964
2026-04-23 19:45:00+00:00,65.964996,66.849998,65.964996,66.849998,7953189
2026-04-24 13:30:00+00:00,82.129997,85.220001,82.022003,83.259903,76588844
2026-04-24 13:45:00+00:00,83.264999,83.500000,80.639999,81.625000,22664570
2026-04-24 14:00:00+00:00,81.589996,83.400002,81.419998,82.974403,16901908
2026-04-24 14:15:00+00:00,82.960899,83.459999,81.400002,82.264999,11617139
2026-04-24 14:30:00+00:00,82.271301,82.489998,81.220001,81.860001,8407234
2026-04-24 14:45:00+00:00,81.855003,82.730003,81.690002,82.701202,8160040
2026-04-24 15:00:00+00:00,82.715103,83.269997,82.389999,82.850601,7938207
2026-04-24 15:15:00+00:00,82.860001,82.949997,82.470200,82.629898,5697638
2026-04-24 15:30:00+00:00,82.639999,82.750000,82.050003,82.379997,5022281
2026-04-24 15:45:00+00:00,82.379997,82.540001,81.720001,81.855003,5565797
2026-04-24 16:00:00+00:00,81.849998,82.160004,81.529999,81.820099,4978980
2026-04-24 16:15:00+00:00,81.830002,81.839996,81.160004,81.293404,5913705
2026-04-24 16:30:00+00:00,81.290001,81.730003,80.809998,80.970001,6526949
2026-04-24 16:45:00+00:00,80.959999,81.120003,80.199997,80.360100,6341172
2026-04-24 17:00:00+00:00,80.379997,80.669998,79.620003,79.870003,7850170
2026-04-24 17:15:00+00:00,79.879997,81.050102,79.745003,80.849998,6897051
2026-04-24 17:30:00+00:00,80.859299,81.580002,80.709999,81.199898,6244320
2026-04-24 17:45:00+00:00,81.190002,81.849998,81.109398,81.809998,5513030
2026-04-24 18:00:00+00:00,81.819901,82.000000,81.021103,81.125000,4671636
2026-04-24 18:15:00+00:00,81.120102,81.139999,80.800003,80.910004,4823845
2026-04-24 18:30:00+00:00,80.915001,81.301003,80.779999,80.830002,3750792
2026-04-24 18:45:00+00:00,80.839897,81.099998,80.614998,80.800003,3377707
2026-04-24 19:00:00+00:00,80.800003,81.109100,80.410103,80.654999,4554153
2026-04-24 19:15:00+00:00,80.654999,81.040001,80.589996,80.629997,4064700
2026-04-24 19:30:00+00:00,80.629997,81.419998,80.500000,81.389999,5864317
2026-04-24 19:45:00+00:00,81.389999,82.599998,81.309998,82.559998,14829889
2026-04-27 13:30:00+00:00,83.610001,85.699997,82.790001,85.329903,33407750
2026-04-27 13:45:00+00:00,85.329903,86.830002,83.580002,86.629997,16742716
2026-04-27 14:00:00+00:00,86.667000,87.099998,85.779999,86.559998,12806663
2026-04-27 14:15:00+00:00,86.559998,86.639999,84.330002,84.350098,10147148
2026-04-27 14:30:00+00:00,84.341599,84.940002,83.669998,84.830002,8477180
2026-04-27 14:45:00+00:00,84.830002,84.900002,83.809998,84.279999,5282524
2026-04-27 15:00:00+00:00,84.279999,84.580002,83.599998,83.650002,4683243
2026-04-27 15:15:00+00:00,83.660004,84.070000,83.099998,83.250000,4521473
2026-04-27 15:30:00+00:00,83.239304,84.010002,83.040001,83.790001,4860344
2026-04-27 15:45:00+00:00,83.800003,84.099998,83.000000,83.205002,3698819
2026-04-27 16:00:00+00:00,83.199997,83.599998,82.930000,83.535103,5005022
2026-04-27 16:15:00+00:00,83.529999,83.635002,83.150101,83.269997,2862475
2026-04-27 16:30:00+00:00,83.279999,84.260002,83.220100,84.114998,4366024
2026-04-27 16:45:00+00:00,84.120003,84.360001,83.730003,83.739899,3198248
2026-04-27 17:00:00+00:00,83.739998,83.974998,83.543900,83.764999,3037338
2026-04-27 17:15:00+00:00,83.769897,83.779999,82.610001,83.014999,4611353
2026-04-27 17:30:00+00:00,83.014999,83.820000,82.980003,83.705002,3252149
2026-04-27 17:45:00+00:00,83.709999,83.889999,83.300003,83.339500,2657442
2026-04-27 18:00:00+00:00,83.330002,83.650002,83.110001,83.514999,2630832
2026-04-27 18:15:00+00:00,83.510002,83.830002,83.410004,83.665001,2179669
2026-04-27 18:30:00+00:00,83.659897,83.779999,83.419998,83.599998,1989422
2026-04-27 18:45:00+00:00,83.610001,83.620003,83.120003,83.261398,2346659
2026-04-27 19:00:00+00:00,83.260002,83.776802,83.110001,83.700104,2802311
2026-04-27 19:15:00+00:00,83.709999,84.160004,83.349998,83.949898,4193464
2026-04-27 19:30:00+00:00,83.945000,84.529999,83.940002,84.445000,5137800
2026-04-27 19:45:00+00:00,84.440002,85.000000,84.199997,84.995003,9481707
2026-04-28 13:30:00+00:00,81.279999,83.559998,80.800003,82.889801,24535308
2026-04-28 13:45:00+00:00,82.879997,83.250000,82.210503,83.019997,7111738
2026-04-28 14:00:00+00:00,83.019997,83.919998,82.720001,83.625000,6641793
2026-04-28 14:15:00+00:00,83.639999,83.820000,82.520103,82.819901,5618711
2026-04-28 14:30:00+00:00,82.809998,82.879997,80.940102,81.719803,7691069
2026-04-28 14:45:00+00:00,81.715500,81.930000,80.949997,81.929802,5416017
2026-04-28 15:00:00+00:00,81.929901,82.120003,81.279999,81.584999,4396858
2026-04-28 15:15:00+00:00,81.580002,82.059998,81.379997,81.910004,2739460
2026-04-28 15:30:00+00:00,81.910004,82.209999,81.480003,82.080002,3090360
2026-04-28 15:45:00+00:00,82.080002,82.184998,81.530701,81.775002,3349233
2026-04-28 16:00:00+00:00,81.775002,82.650002,81.684998,82.428802,3340329
2026-04-28 16:15:00+00:00,82.430000,82.540001,82.220001,82.248497,2232257
2026-04-28 16:30:00+00:00,82.245003,82.300003,81.550003,81.934998,3191888
2026-04-28 16:45:00+00:00,81.934998,82.489998,81.900002,82.415001,2693089
2026-04-28 17:00:00+00:00,82.410004,82.629997,82.339996,82.490097,2172467
2026-04-28 17:15:00+00:00,82.480003,82.699997,82.334999,82.519997,1761449
2026-04-28 17:30:00+00:00,82.519997,83.400002,82.470001,83.350098,3148145
2026-04-28 17:45:00+00:00,83.364998,83.849998,83.290001,83.639999,4636155
2026-04-28 18:00:00+00:00,83.639999,83.940002,83.373001,83.930000,2767451
2026-04-28 18:15:00+00:00,83.930000,84.589996,83.900002,84.260002,4790420
2026-04-28 18:30:00+00:00,84.265800,84.474998,84.209999,84.379997,2563308
2026-04-28 18:45:00+00:00,84.385002,84.470001,83.989998,84.099998,2761124
2026-04-28 19:00:00+00:00,84.089996,84.230003,83.910004,84.049896,2564896
2026-04-28 19:15:00+00:00,84.040001,84.040001,83.440002,83.570000,3344262
2026-04-28 19:30:00+00:00,83.580002,84.019997,83.480003,83.790001,3310522
2026-04-28 19:45:00+00:00,83.800102,84.580002,83.739998,84.529999,7407946
2026-04-29 13:30:00+00:00,86.139999,88.290001,86.110001,87.809998,23342390
2026-04-29 13:45:00+00:00,87.800003,88.629997,87.089996,88.209999,10158887
2026-04-29 14:00:00+00:00,88.209999,89.360001,87.550003,89.260002,10926429
2026-04-29 14:15:00+00:00,89.258400,91.150002,89.160004,90.859100,15970012
2026-04-29 14:30:00+00:00,90.864998,92.099998,90.419998,91.530098,11873207
2026-04-29 14:45:00+00:00,91.540001,93.349998,91.419998,93.290001,12617194
2026-04-29 15:00:00+00:00,93.290001,93.519997,92.110001,92.229897,13627896
2026-04-29 15:15:00+00:00,92.211998,93.440002,92.000000,93.150002,9663309
2026-04-29 15:30:00+00:00,93.154999,94.055000,93.000000,93.820000,10789526
2026-04-29 15:45:00+00:00,93.820198,94.099998,92.713997,92.957001,7729287
2026-04-29 16:00:00+00:00,92.946800,93.199997,92.500000,92.570000,6036650
2026-04-29 16:15:00+00:00,92.580002,92.849998,92.010002,92.129997,5326405
2026-04-29 16:30:00+00:00,92.129997,93.360001,91.879997,93.172699,7591858
2026-04-29 16:45:00+00:00,93.190002,93.699997,92.660004,93.230003,6958230
2026-04-29 17:00:00+00:00,93.235001,93.705002,93.010002,93.489899,4443942
2026-04-29 17:15:00+00:00,93.480003,93.620003,92.889999,93.070000,3199480
2026-04-29 17:30:00+00:00,93.080002,93.290001,92.800003,92.959999,3131416
2026-04-29 17:45:00+00:00,92.960999,93.639999,92.959999,93.507301,3414616
2026-04-29 18:00:00+00:00,93.510002,93.559898,92.930000,93.294998,4205534
2026-04-29 18:15:00+00:00,93.285004,93.830002,93.250000,93.464996,4160222
2026-04-29 18:30:00+00:00,93.464996,93.989998,93.129997,93.370003,4725984
2026-04-29 18:45:00+00:00,93.370003,94.370003,93.221001,93.770103,6201347
2026-04-29 19:00:00+00:00,93.775002,93.940002,93.300003,93.855103,8358763
2026-04-29 19:15:00+00:00,93.860001,94.229698,93.580002,93.809998,5392384
2026-04-29 19:30:00+00:00,93.800003,94.224998,93.660004,94.125298,4891028
2026-04-29 19:45:00+00:00,94.114998,94.949997,94.030296,94.779999,11041799
2026-04-30 13:30:00+00:00,94.169998,94.169998,92.461899,94.059998,27832348
2026-04-30 13:45:00+00:00,94.074997,94.084999,91.730202,92.415001,12568670
2026-04-30 14:00:00+00:00,92.430000,93.599998,92.349998,93.224998,7267038
2026-04-30 14:15:00+00:00,93.199997,93.224998,92.000000,92.590897,6266121
2026-04-30 14:30:00+00:00,92.589996,92.889999,91.500000,92.760002,5833498
2026-04-30 14:45:00+00:00,92.750000,93.250000,92.529999,92.620003,4757867
2026-04-30 15:00:00+00:00,92.599998,94.370003,92.550003,94.055000,6968757
2026-04-30 15:15:00+00:00,94.055000,94.620003,93.949997,94.389999,4641998
2026-04-30 15:30:00+00:00,94.379997,94.889999,93.349998,93.349998,4560566
2026-04-30 15:45:00+00:00,93.349998,93.570000,93.019997,93.284698,3881099
2026-04-30 16:00:00+00:00,93.300003,93.849998,93.190002,93.820000,2955234
2026-04-30 16:15:00+00:00,93.794998,93.829903,93.349998,93.570000,2345024
2026-04-30 16:30:00+00:00,93.559998,93.639999,93.180000,93.449997,2163513
2026-04-30 16:45:00+00:00,93.440002,93.639999,93.120003,93.584999,2415087
2026-04-30 17:00:00+00:00,93.580101,94.230003,93.559998,94.139999,3889155
2026-04-30 17:15:00+00:00,94.129997,94.230003,93.860001,93.964996,2681486
2026-04-30 17:30:00+00:00,93.959999,94.500000,93.919998,94.364998,2591818
2026-04-30 17:45:00+00:00,94.360001,95.070000,94.340103,94.949997,2899531
2026-04-30 18:00:00+00:00,94.949997,95.139999,93.730003,94.039902,3762528
2026-04-30 18:15:00+00:00,94.037697,94.669899,93.972000,94.579903,2820049
2026-04-30 18:30:00+00:00,94.570000,94.769997,94.040100,94.110001,2555061
2026-04-30 18:45:00+00:00,94.089996,94.197403,92.635002,92.660004,3641474
2026-04-30 19:00:00+00:00,92.660004,92.959999,92.205002,92.889999,5268645
2026-04-30 19:15:00+00:00,92.839996,93.059998,92.419998,92.434998,5486898
2026-04-30 19:30:00+00:00,92.430000,93.970001,92.357002,93.925003,4543318
2026-04-30 19:45:00+00:00,93.930000,94.629997,93.751404,94.474998,8708135
2026-05-01 13:30:00+00:00,93.199997,97.040001,92.620003,96.839996,18106691
2026-05-01 13:45:00+00:00,96.820099,98.349998,95.730003,98.346901,10312416
2026-05-01 14:00:00+00:00,98.360001,99.419998,97.870003,98.910004,12981092
2026-05-01 14:15:00+00:00,98.910004,99.800003,98.370003,99.339897,9647194
2026-05-01 14:30:00+00:00,99.324997,99.330002,97.820000,98.790001,9062499
2026-05-01 14:45:00+00:00,98.780998,100.379997,98.300003,99.224998,10921044
2026-05-01 15:00:00+00:00,99.224998,99.599998,98.730003,99.419998,5820916
2026-05-01 15:15:00+00:00,99.440002,100.449997,99.170097,99.361099,7192783
2026-05-01 15:30:00+00:00,99.379997,99.570000,99.010002,99.014999,4247759
2026-05-01 15:45:00+00:00,99.000000,99.620003,98.900002,99.540100,3997324
2026-05-01 16:00:00+00:00,99.540001,99.639999,99.010002,99.264999,2942336
2026-05-01 16:15:00+00:00,99.260002,99.760002,99.040001,99.300102,3488652
2026-05-01 16:30:00+00:00,99.434998,99.709999,99.129997,99.219902,4072168
2026-05-01 16:45:00+00:00,99.214996,99.349998,98.739998,98.759903,3458165
2026-05-01 17:00:00+00:00,98.739998,99.089996,98.546898,98.849899,2797334
2026-05-01 17:15:00+00:00,98.904999,99.230003,98.510002,98.644997,3365425
2026-05-01 17:30:00+00:00,98.644997,98.879997,98.109001,98.875000,3667840
2026-05-01 17:45:00+00:00,98.879997,99.099899,98.620003,99.028999,2768155
2026-05-01 18:00:00+00:00,99.029999,99.269997,98.906998,98.910004,2767939
2026-05-01 18:15:00+00:00,98.909897,99.109901,98.720100,98.764801,2014133
2026-05-01 18:30:00+00:00,98.754997,98.989998,98.680000,98.764999,1684319
2026-05-01 18:45:00+00:00,98.769997,98.949997,98.320099,98.827301,2611285
2026-05-01 19:00:00+00:00,98.824997,99.720001,98.785004,99.610001,3830846
2026-05-01 19:15:00+00:00,99.614998,100.120003,99.540001,99.885002,4745611
2026-05-01 19:30:00+00:00,99.885002,100.040001,99.550003,99.650002,3647119
2026-05-01 19:45:00+00:00,99.650002,100.080002,99.470001,99.669998,7144193
2026-05-04 13:30:00+00:00,99.169998,99.820000,96.370003,98.010002,23563166
2026-05-04 13:45:00+00:00,97.990601,99.190002,97.309998,99.180000,6665065
2026-05-04 14:00:00+00:00,99.160004,99.419296,98.739998,98.779900,5531549
2026-05-04 14:15:00+00:00,98.739998,98.879997,97.900101,98.239998,4491351
2026-05-04 14:30:00+00:00,98.228104,99.250000,98.199997,99.250000,3867027
2026-05-04 14:45:00+00:00,99.230003,99.570000,98.693001,99.160004,4016908
2026-05-04 15:00:00+00:00,99.169998,99.169998,98.350304,98.519997,3325774
2026-05-04 15:15:00+00:00,98.510002,98.940002,98.010002,98.669899,4309327
2026-05-04 15:30:00+00:00,98.669998,98.820000,97.620003,98.260002,3966288
2026-05-04 15:45:00+00:00,98.260002,98.320000,97.370003,97.874802,3348012
2026-05-04 16:00:00+00:00,97.790001,97.889999,96.629997,96.860001,4008204
2026-05-04 16:15:00+00:00,96.849998,97.389999,96.450104,96.930000,3888595
2026-05-04 16:30:00+00:00,96.940002,97.190002,96.330002,96.349998,2982754
2026-05-04 16:45:00+00:00,96.339996,96.970001,96.250000,96.739998,3049001
2026-05-04 17:00:00+00:00,96.720001,97.649902,96.669998,97.279999,2924863
2026-05-04 17:15:00+00:00,97.269997,97.540604,97.030098,97.089996,2621975
2026-05-04 17:30:00+00:00,97.089996,97.150002,96.550003,96.920097,2426973
2026-05-04 17:45:00+00:00,96.949997,97.199997,96.750000,96.980003,1723774
2026-05-04 18:00:00+00:00,96.980003,97.129997,96.680000,97.004997,2033783
2026-05-04 18:15:00+00:00,97.010002,97.239998,96.370003,97.002998,2790384
2026-05-04 18:30:00+00:00,97.010002,97.290001,96.459999,96.518402,2253637
2026-05-04 18:45:00+00:00,96.514999,96.939903,96.209999,96.820000,2472730
2026-05-04 19:00:00+00:00,96.820000,97.019897,96.650002,96.870003,2132073
2026-05-04 19:15:00+00:00,96.889999,97.000000,96.489998,96.620003,1787734
2026-05-04 19:30:00+00:00,96.599998,96.650002,96.059998,96.169998,2891551
2026-05-04 19:45:00+00:00,96.169998,96.610001,95.599998,95.764999,7282397
2026-05-05 13:30:00+00:00,100.504997,107.269997,100.080002,106.410004,33516560
2026-05-05 13:45:00+00:00,106.419998,106.769997,104.519997,105.285004,13193480
2026-05-05 14:00:00+00:00,105.285004,107.360001,104.540001,107.139999,11525561
2026-05-05 14:15:00+00:00,107.139900,109.609901,106.520897,109.370003,14067777
2026-05-05 14:30:00+00:00,109.375603,110.480003,108.830002,108.901604,13828259
2026-05-05 14:45:00+00:00,108.919998,109.879997,108.180000,108.199997,7926307
2026-05-05 15:00:00+00:00,108.199997,108.769997,107.760002,108.675003,6606531
2026-05-05 15:15:00+00:00,108.668404,109.500000,108.644997,108.915001,5564283
2026-05-05 15:30:00+00:00,108.915001,109.599998,108.599998,108.910004,4967370
2026-05-05 15:45:00+00:00,108.919998,109.279999,108.629997,108.648003,3348655
2026-05-05 16:00:00+00:00,108.639999,109.730003,108.410004,109.230003,4557743
2026-05-05 16:15:00+00:00,109.220398,109.279999,107.440002,107.910004,5363262
2026-05-05 16:30:00+00:00,107.894997,108.750000,107.800003,108.125000,4320295
2026-05-05 16:45:00+00:00,108.138603,108.849998,108.050102,108.500099,3139851
2026-05-05 17:00:00+00:00,108.500099,109.046600,108.419998,109.010002,2607662
2026-05-05 17:15:00+00:00,109.019997,109.419998,108.839996,109.296402,2983814
2026-05-05 17:30:00+00:00,109.290001,109.290001,108.650002,109.059998,2866951
2026-05-05 17:45:00+00:00,109.070000,109.470001,108.820000,109.114998,2885519
2026-05-05 18:00:00+00:00,109.110001,109.444099,108.510002,108.619202,3337377
2026-05-05 18:15:00+00:00,108.614998,108.869904,108.449997,108.754997,2645511
2026-05-05 18:30:00+00:00,108.754997,109.220001,108.559998,108.934998,2512976
2026-05-05 18:45:00+00:00,108.940002,109.050003,108.339996,108.769997,2667826
2026-05-05 19:00:00+00:00,108.760002,108.860001,108.201202,108.269997,2890591
2026-05-05 19:15:00+00:00,108.279999,108.300003,107.750000,107.760002,3705530
2026-05-05 19:30:00+00:00,107.760002,108.250000,107.529999,107.839996,3653837
2026-05-05 19:45:00+00:00,107.820000,108.245003,107.580002,108.129997,7152628
2026-05-06 13:30:00+00:00,110.974998,112.930000,108.750000,112.750000,36443786
2026-05-06 13:45:00+00:00,112.739998,113.500000,110.919998,110.919998,11419542
2026-05-06 14:00:00+00:00,110.919998,111.299896,108.610001,109.360001,10112604
2026-05-06 14:15:00+00:00,109.360001,109.764999,106.580101,107.419998,10970110
2026-05-06 14:30:00+00:00,107.370003,109.370003,107.315002,109.269997,5962200
2026-05-06 14:45:00+00:00,109.970001,110.639999,109.240196,110.101402,5688040
2026-05-06 15:00:00+00:00,110.114998,111.440002,109.800102,111.154198,5744387
2026-05-06 15:15:00+00:00,111.144997,111.979897,111.089996,111.114998,4359707
2026-05-06 15:30:00+00:00,111.114998,111.250000,110.500000,111.199997,3549402
2026-05-06 15:45:00+00:00,111.199997,111.300003,110.550003,110.820000,2790367
2026-05-06 16:00:00+00:00,110.805000,111.820000,110.699997,111.709900,2681376
2026-05-06 16:15:00+00:00,111.680000,111.730003,110.739998,111.260002,2945641
2026-05-06 16:30:00+00:00,111.290001,112.099998,111.120003,111.500000,3010762
2026-05-06 16:45:00+00:00,111.519997,111.550003,110.599998,110.875000,2910500
2026-05-06 17:00:00+00:00,110.879997,111.290001,110.559998,111.230003,2480578
2026-05-06 17:15:00+00:00,111.250000,111.459999,111.105904,111.105904,2088694
2026-05-06 17:30:00+00:00,111.110001,111.570000,110.779999,111.437500,1895964
2026-05-06 17:45:00+00:00,111.440002,111.529999,110.720001,110.912003,1768063
2026-05-06 18:00:00+00:00,110.915001,111.089996,110.589996,110.900002,1943088
2026-05-06 18:15:00+00:00,110.900002,111.224998,110.760002,110.949997,1843324
2026-05-06 18:30:00+00:00,110.949997,111.750000,110.809998,111.639999,2028439
2026-05-06 18:45:00+00:00,111.639999,112.555000,111.599998,112.214996,3633492
2026-05-06 19:00:00+00:00,112.205002,112.489998,111.720001,112.440002,2700738
2026-05-06 19:15:00+00:00,112.440002,113.000000,112.430199,112.750000,3097587
2026-05-06 19:30:00+00:00,112.769997,112.919998,112.110001,112.890099,3537490
2026-05-06 19:45:00+00:00,112.900002,113.099998,112.309998,113.004997,7985894
2026-05-07 13:30:00+00:00,111.044998,113.919998,109.589996,110.139999,19585448
2026-05-07 13:45:00+00:00,110.144997,112.739998,109.290001,112.070000,8436991
2026-05-07 14:00:00+00:00,112.089996,113.230003,112.000000,112.915001,6539884
2026-05-07 14:15:00+00:00,112.930000,114.510002,112.889999,113.929901,7417169
2026-05-07 14:30:00+00:00,113.910004,114.180000,113.120003,113.669998,4383131
2026-05-07 14:45:00+00:00,113.654999,113.800003,112.440002,113.055000,4006070
2026-05-07 15:00:00+00:00,113.070000,113.160004,111.879997,112.479897,4197099
2026-05-07 15:15:00+00:00,112.464996,113.000000,112.220001,112.629997,2480184
2026-05-07 15:30:00+00:00,112.650002,112.970001,111.949997,112.040001,2077107
2026-05-07 15:45:00+00:00,112.040001,112.070000,110.750000,110.989998,3661641
2026-05-07 16:00:00+00:00,111.000000,111.480003,110.640099,110.885002,3392118
2026-05-07 16:15:00+00:00,110.870003,111.389999,110.209999,111.149902,3389941
2026-05-07 16:30:00+00:00,111.120003,111.769997,110.669998,110.790001,2724803
2026-05-07 16:45:00+00:00,110.790001,111.330002,110.550003,110.860001,2307352
2026-05-07 17:00:00+00:00,110.879997,110.929901,109.500000,109.860001,3182768
2026-05-07 17:15:00+00:00,109.849998,110.599998,109.529999,110.050003,3523613
2026-05-07 17:30:00+00:00,110.059998,111.339996,109.989998,110.949997,2418843
2026-05-07 17:45:00+00:00,110.940002,111.040001,110.150002,111.000000,2311907
2026-05-07 18:00:00+00:00,110.980003,111.120003,110.136803,110.195000,2136491
2026-05-07 18:15:00+00:00,110.209999,110.339996,109.160004,109.410004,2744546
2026-05-07 18:30:00+00:00,109.400002,110.040001,109.269997,109.570000,2568633
2026-05-07 18:45:00+00:00,109.589996,109.900002,109.180000,109.570000,2270120
2026-05-07 19:00:00+00:00,109.580002,110.089996,109.150002,109.889900,2479177
2026-05-07 19:15:00+00:00,109.860001,109.894997,109.239998,109.260002,1929885
2026-05-07 19:30:00+00:00,109.269997,110.120003,109.250000,110.089996,2894146
2026-05-07 19:45:00+00:00,110.080101,110.889999,109.410004,109.599998,6714480
2026-05-08 13:30:00+00:00,111.834999,115.389999,111.834999,114.639999,18543923
2026-05-08 13:45:00+00:00,114.625000,115.400002,114.010002,114.916199,6744558
2026-05-08 14:00:00+00:00,115.214996,117.330002,114.910004,116.464996,8868890
2026-05-08 14:15:00+00:00,116.440102,117.750000,116.110001,116.228104,6802253
2026-05-08 14:30:00+00:00,116.209999,116.824997,115.510300,116.040001,4984000
2026-05-08 14:45:00+00:00,116.029999,116.820000,115.750000,116.809998,3659898
2026-05-08 15:00:00+00:00,116.794998,117.389999,116.139999,116.665001,4313726
2026-05-08 15:15:00+00:00,116.680000,117.150002,116.199997,116.599998,3071488
2026-05-08 15:30:00+00:00,116.620003,118.099998,116.410004,117.730003,4642981
2026-05-08 15:45:00+00:00,117.750000,118.750000,117.430000,118.209999,4529490
2026-05-08 16:00:00+00:00,118.199997,118.489998,117.550003,117.794998,3021518
2026-05-08 16:15:00+00:00,117.779999,117.849998,117.110001,117.625000,2631361
2026-05-08 16:30:00+00:00,117.625000,117.830002,117.000000,117.070000,2779248
2026-05-08 16:45:00+00:00,117.056702,126.550003,116.879997,126.419998,28795739
2026-05-08 17:00:00+00:00,126.404999,130.570007,126.000000,126.150002,27573422
2026-05-08 17:15:00+00:00,126.154999,127.160004,124.520103,127.040001,13033202
2026-05-08 17:30:00+00:00,126.980698,127.489998,125.529999,125.970001,8095645
2026-05-08 17:45:00+00:00,125.940002,126.389999,124.650002,125.430000,6191815
2026-05-08 18:00:00+00:00,125.430000,126.169899,124.279999,125.010002,6168459
2026-05-08 18:15:00+00:00,125.010002,125.099998,123.230103,124.184998,6194236
2026-05-08 18:30:00+00:00,124.175003,124.669998,123.540001,124.050003,3747049
2026-05-08 18:45:00+00:00,124.059998,124.968697,123.800102,123.825996,4373456
2026-05-08 19:00:00+00:00,123.844498,125.459999,123.750000,125.113297,4434848
2026-05-08 19:15:00+00:00,125.135002,125.699997,124.239998,124.320099,5030461
2026-05-08 19:30:00+00:00,124.334999,125.330002,124.300003,124.934998,4175708
2026-05-08 19:45:00+00:00,124.930000,125.230003,124.449997,124.919998,8273887
2026-05-11 13:30:00+00:00,130.949997,132.750000,127.346001,129.860001,43993565
2026-05-11 13:45:00+00:00,129.869995,130.020004,126.199997,126.452904,11115987
2026-05-11 14:00:00+00:00,126.500000,128.679993,126.360001,128.509995,7370011
2026-05-11 14:15:00+00:00,128.509995,129.139999,124.120003,124.190002,9632552
2026-05-11 14:30:00+00:00,124.143204,127.099998,123.919998,126.230003,8448064
2026-05-11 14:45:00+00:00,126.209999,127.070000,125.860001,126.029999,4661932
2026-05-11 15:00:00+00:00,126.029999,128.300003,126.000000,127.114998,5267496
2026-05-11 15:15:00+00:00,127.190002,127.879997,126.739998,126.959900,4543637
2026-05-11 15:30:00+00:00,126.940002,127.059998,126.050003,126.165001,3094410
2026-05-11 15:45:00+00:00,126.165001,127.269997,126.019997,127.095001,3223484
2026-05-11 16:00:00+00:00,127.119797,128.679993,127.050003,128.020004,4979616
2026-05-11 16:15:00+00:00,128.014999,128.179993,126.879997,126.955002,3232641
2026-05-11 16:30:00+00:00,126.955002,127.179802,126.010002,126.745003,3775485
2026-05-11 16:45:00+00:00,126.748001,127.111000,125.889999,126.165001,3563644
2026-05-11 17:00:00+00:00,126.165001,126.619904,125.680000,125.799896,3176722
2026-05-11 17:15:00+00:00,125.800003,126.330002,125.379997,126.139999,3265437
2026-05-11 17:30:00+00:00,126.090103,127.389999,125.620003,126.980003,3628852
2026-05-11 17:45:00+00:00,127.000000,127.629997,126.660004,126.790001,2621429
2026-05-11 18:00:00+00:00,126.779999,127.650002,126.629997,127.635002,2208454
2026-05-11 18:15:00+00:00,127.629997,129.080002,127.629997,128.639999,3723677
2026-05-11 18:30:00+00:00,128.660004,128.800003,128.039993,128.059998,2969225
2026-05-11 18:45:00+00:00,128.059998,128.479797,127.309998,127.535004,2651260
2026-05-11 19:00:00+00:00,127.510002,128.350006,127.449997,127.930000,2472115
2026-05-11 19:15:00+00:00,127.910004,128.304993,126.400002,126.535698,3243559
2026-05-11 19:30:00+00:00,126.521500,129.160004,126.330002,128.720001,5373793
2026-05-11 19:45:00+00:00,128.750000,130.000000,128.210007,129.419998,8823979
2026-05-12 13:30:00+00:00,124.360001,127.790001,122.919998,126.769997,21575293
2026-05-12 13:45:00+00:00,126.720001,127.050003,123.290001,123.499901,7821445
2026-05-12 14:00:00+00:00,123.500000,124.629997,122.980003,123.470001,7598139
2026-05-12 14:15:00+00:00,123.470001,124.480003,120.900002,121.010002,8879831
2026-05-12 14:30:00+00:00,121.010002,121.290001,118.820000,120.260002,14117450
2026-05-12 14:45:00+00:00,120.290001,120.639999,118.500000,118.790001,7960914
2026-05-12 15:00:00+00:00,118.791801,119.069901,117.500000,117.620003,8249942
2026-05-12 15:15:00+00:00,117.589996,118.290001,116.000000,116.099899,9343448
2026-05-12 15:30:00+00:00,116.062500,118.180000,116.044998,117.110001,6593088
2026-05-12 15:45:00+00:00,117.116600,118.249901,116.559998,116.660004,4554410
2026-05-12 16:00:00+00:00,116.669998,118.430000,116.500000,118.393204,4750216
2026-05-12 16:15:00+00:00,118.400002,118.419998,116.699997,117.080002,5284850
2026-05-12 16:30:00+00:00,117.074997,117.440002,115.139999,115.470001,5029608
2026-05-12 16:45:00+00:00,115.470001,115.930000,115.000000,115.250000,5154611
2026-05-12 17:00:00+00:00,115.250000,117.129898,115.239998,117.031097,3913409
2026-05-12 17:15:00+00:00,117.035004,117.750000,116.519997,117.099998,4054347
2026-05-12 17:30:00+00:00,117.089996,117.639999,116.389999,116.474998,2656278
2026-05-12 17:45:00+00:00,116.480003,117.389999,116.241997,117.264999,2583511
2026-05-12 18:00:00+00:00,117.260002,118.309998,117.230003,117.940002,3066943
2026-05-12 18:15:00+00:00,117.949898,118.980003,117.949898,118.599998,3207757
2026-05-12 18:30:00+00:00,118.599998,118.929901,118.129997,118.160004,2330054
2026-05-12 18:45:00+00:00,118.155502,118.500000,116.931000,117.199898,3491907
2026-05-12 19:00:00+00:00,117.199997,118.910004,117.199997,118.689903,2659895
2026-05-12 19:15:00+00:00,118.680000,119.300003,118.148903,118.459999,3280939
2026-05-12 19:30:00+00:00,118.449997,120.000000,118.449997,119.610001,4181011
2026-05-12 19:45:00+00:00,119.629997,120.839996,119.510002,120.595001,7249656
2026-05-13 13:30:00+00:00,124.084999,125.000000,119.690002,119.720001,22590971
2026-05-13 13:45:00+00:00,119.724899,119.830002,117.250099,118.434998,8736023
2026-05-13 14:00:00+00:00,118.459999,118.749901,116.410004,117.540001,6390340
2026-05-13 14:15:00+00:00,117.510002,119.150002,117.000000,118.767799,6153958
2026-05-13 14:30:00+00:00,118.750000,120.489998,118.669998,120.360001,5312681
2026-05-13 14:45:00+00:00,120.340103,121.689903,120.000000,121.675003,5033616
2026-05-13 15:00:00+00:00,121.680000,121.889999,120.970001,121.590103,3847763
2026-05-13 15:15:00+00:00,121.589996,122.800003,121.000000,121.285004,4734229
2026-05-13 15:30:00+00:00,121.285004,121.449997,120.700104,121.190102,3122678
2026-05-13 15:45:00+00:00,121.190002,121.190002,119.589996,119.719902,3133139
2026-05-13 16:00:00+00:00,119.720001,121.339897,119.570099,121.260002,2881353
2026-05-13 16:15:00+00:00,121.260002,121.507004,120.879997,121.455002,2452944
2026-05-13 16:30:00+00:00,121.449997,121.500000,121.000099,121.330002,1474040
2026-05-13 16:45:00+00:00,121.334999,121.620003,121.059998,121.269997,1694424
2026-05-13 17:00:00+00:00,121.261002,122.230003,121.260002,122.080002,2191281
2026-05-13 17:15:00+00:00,122.080101,122.279999,121.839996,122.209999,1523545
2026-05-13 17:30:00+00:00,122.205101,122.449997,122.030098,122.260002,1959509
2026-05-13 17:45:00+00:00,122.220200,122.535004,121.449997,121.464996,1868758
2026-05-13 18:00:00+00:00,121.470001,122.110001,121.320000,121.910004,2101794
2026-05-13 18:15:00+00:00,121.919998,122.400002,121.839996,122.050003,1921624
2026-05-13 18:30:00+00:00,122.020103,122.110001,121.535004,121.824997,1583651
2026-05-13 18:45:00+00:00,121.820000,121.824997,120.544998,120.593102,2454908
2026-05-13 19:00:00+00:00,120.584999,121.300003,120.349998,120.920097,2097864
2026-05-13 19:15:00+00:00,120.919998,121.330002,120.595001,120.665001,1993486
2026-05-13 19:30:00+00:00,120.660004,120.849998,120.320000,120.470001,2354073
2026-05-13 19:45:00+00:00,120.459999,120.779900,119.800003,120.269997,4389348
2026-05-14 13:30:00+00:00,114.644997,117.660004,113.169998,117.214996,20843496
2026-05-14 13:45:00+00:00,117.220001,118.569901,115.660103,115.828003,8143572
2026-05-14 14:00:00+00:00,115.790001,116.680000,114.720001,115.779999,7003980
2026-05-14 14:15:00+00:00,115.769997,116.339897,114.510002,114.894997,5549696
2026-05-14 14:30:00+00:00,114.879997,116.489998,114.510002,116.250000,4987428
2026-05-14 14:45:00+00:00,116.245003,117.449997,116.047600,116.360100,5202627
2026-05-14 15:00:00+00:00,116.416000,117.389999,116.129997,116.959999,2897115
2026-05-14 15:15:00+00:00,116.970001,117.349998,116.030800,116.209999,2838093
2026-05-14 15:30:00+00:00,116.209999,116.349998,115.464996,116.320000,3216304
2026-05-14 15:45:00+00:00,116.349998,116.500000,115.360001,115.379997,2260616
2026-05-14 16:00:00+00:00,115.379997,116.800003,115.269997,116.650101,2369917
2026-05-14 16:15:00+00:00,116.689201,116.980003,116.120102,116.275002,2191055
2026-05-14 16:30:00+00:00,116.260101,117.279999,116.250000,117.029999,2171477
2026-05-14 16:45:00+00:00,117.019997,117.709999,116.699997,116.839996,2226228
2026-05-14 17:00:00+00:00,116.820000,117.229897,115.669998,115.699997,2389092
2026-05-14 17:15:00+00:00,115.705002,115.900101,114.660004,115.014999,3700069
2026-05-14 17:30:00+00:00,115.025002,115.614998,114.879997,115.610001,2210301
2026-05-14 17:45:00+00:00,115.614998,116.309998,115.502998,116.106499,2328585
2026-05-14 18:00:00+00:00,116.099998,117.849998,114.770302,116.910103,5933867
2026-05-14 18:15:00+00:00,116.900002,117.349998,115.570000,116.360001,3188035
2026-05-14 18:30:00+00:00,116.410004,116.599998,115.849998,115.929298,1500820
2026-05-14 18:45:00+00:00,115.919998,116.930000,115.600601,116.589996,1906371
2026-05-14 19:00:00+00:00,116.599998,116.779999,115.650002,115.789902,1662584
2026-05-14 19:15:00+00:00,115.775002,116.180000,115.529999,115.599998,2025132
2026-05-14 19:30:00+00:00,115.599998,116.349998,115.570000,115.989998,2305100
2026-05-14 19:45:00+00:00,116.010002,116.370003,115.542000,115.849998,4977738
2026-05-15 13:30:00+00:00,109.785004,110.459999,107.430000,107.964798,25305235
2026-05-15 13:45:00+00:00,107.959999,109.029999,106.879997,106.980003,36928836
2026-05-15 14:00:00+00:00,107.000000,109.000000,106.019997,108.919998,7696243
2026-05-15 14:15:00+00:00,108.910103,110.570000,108.449997,109.169899,8240149
2026-05-15 14:30:00+00:00,109.150002,109.839996,108.400002,109.510002,4836796
2026-05-15 14:45:00+00:00,109.470001,109.501198,107.529999,107.684998,4877823
2026-05-15 15:00:00+00:00,107.690002,108.879997,107.650002,108.550003,3347964
2026-05-15 15:15:00+00:00,108.540001,108.989998,108.120003,108.680000,2958479
2026-05-15 15:30:00+00:00,108.669998,109.480003,108.529999,108.660103,2785429
2026-05-15 15:45:00+00:00,108.675003,109.089996,108.000000,108.690002,2906280
2026-05-15 16:00:00+00:00,108.699997,109.229103,108.180199,108.559998,2519468
2026-05-15 16:15:00+00:00,108.559998,108.635002,108.019997,108.180000,2556076
2026-05-15 16:30:00+00:00,108.190002,108.339996,107.720001,108.195000,2119396
2026-05-15 16:45:00+00:00,108.195000,108.480003,107.730003,107.910004,1954542
2026-05-15 17:00:00+00:00,107.919998,108.279999,107.699997,108.264999,1560050
2026-05-15 17:15:00+00:00,108.260002,109.279999,108.080002,109.169998,2305527
2026-05-15 17:30:00+00:00,109.165001,109.949997,109.150002,109.680000,2156067
2026-05-15 17:45:00+00:00,109.654999,109.945000,109.260002,109.800003,2234611
2026-05-15 18:00:00+00:00,109.809998,110.459999,109.690002,110.180000,2631430
2026-05-15 18:15:00+00:00,110.160004,110.275002,109.279999,109.589996,3443638
2026-05-15 18:30:00+00:00,109.589996,109.859001,109.089996,109.800003,2372256
2026-05-15 18:45:00+00:00,109.785004,109.980003,109.450203,109.785004,1879516
2026-05-15 19:00:00+00:00,109.610001,109.849998,108.919998,109.160004,2228220
2026-05-15 19:15:00+00:00,109.160004,109.639999,108.480003,108.599998,2796591
2026-05-15 19:30:00+00:00,108.570000,109.264999,108.540001,108.820000,2798758
2026-05-15 19:45:00+00:00,108.815002,109.360001,108.410004,108.680000,7745738
2026-05-18 13:30:00+00:00,113.510002,115.529999,109.250000,109.300003,27025410
2026-05-18 13:45:00+00:00,109.300003,110.360001,108.280899,109.679901,9638341
2026-05-18 14:00:00+00:00,109.620003,109.849998,107.305000,109.769997,8095123
2026-05-18 14:15:00+00:00,109.779999,109.889999,107.239998,107.430000,5220449
2026-05-18 14:30:00+00:00,107.410004,107.929901,106.349998,107.220001,6453911
2026-05-18 14:45:00+00:00,107.201103,108.094002,106.220001,107.735603,5143200
2026-05-18 15:00:00+00:00,107.779999,108.870003,107.540604,108.300102,4791041
2026-05-18 15:15:00+00:00,108.300003,108.449898,106.610001,106.705002,3593967
2026-05-18 15:30:00+00:00,106.705002,107.769997,106.570000,107.330002,3358094
2026-05-18 15:45:00+00:00,107.360001,107.648804,106.629997,106.889999,2651143
2026-05-18 16:00:00+00:00,106.910004,107.010002,106.035004,106.082199,4539867
2026-05-18 16:15:00+00:00,106.080002,106.260002,103.849998,104.785004,8346195
2026-05-18 16:30:00+00:00,104.800003,106.099998,104.550003,105.980003,4368489
2026-05-18 16:45:00+00:00,105.980003,106.750000,105.629997,106.510002,2916879
2026-05-18 17:00:00+00:00,106.514999,106.751999,106.053001,106.345001,1969073
2026-05-18 17:15:00+00:00,106.309998,106.964996,106.190002,106.845001,2080383
2026-05-18 17:30:00+00:00,106.830399,107.189796,106.449997,106.870003,2215877
2026-05-18 17:45:00+00:00,106.860001,106.879997,106.209999,106.699997,1882097
2026-05-18 18:00:00+00:00,106.730003,106.980003,105.900002,106.154999,2439098
2026-05-18 18:15:00+00:00,106.169998,106.239998,105.480003,106.020103,2444830
2026-05-18 18:30:00+00:00,106.040001,106.440002,105.600098,106.169998,2493308
2026-05-18 18:45:00+00:00,106.169998,106.739998,105.750000,106.610001,2290236
2026-05-18 19:00:00+00:00,106.610001,108.519997,106.530098,107.470001,4925449
2026-05-18 19:15:00+00:00,107.480003,107.589996,106.370003,106.469902,3988823
2026-05-18 19:30:00+00:00,106.489998,107.519997,106.330002,107.449997,3270298
2026-05-18 19:45:00+00:00,107.434097,108.500000,107.355003,108.120003,6847856
2026-05-19 13:30:00+00:00,106.894997,109.430000,105.519997,107.095001,16683937
2026-05-19 13:45:00+00:00,107.095001,108.588799,106.260002,106.925003,6702667
2026-05-19 14:00:00+00:00,106.934998,107.290001,103.360001,103.556900,8426828
2026-05-19 14:15:00+00:00,103.555000,104.070000,102.400002,103.349998,9388351
2026-05-19 14:30:00+00:00,103.360001,104.370003,103.000099,103.889999,4961479
2026-05-19 14:45:00+00:00,103.870003,104.870003,103.360001,104.760002,4165512
2026-05-19 15:00:00+00:00,104.785004,105.364502,104.050003,105.359703,4445423
2026-05-19 15:15:00+00:00,105.355003,106.300003,105.160004,105.516403,4801062
2026-05-19 15:30:00+00:00,105.500000,107.204399,105.410004,106.930000,3811389
2026-05-19 15:45:00+00:00,106.940002,107.000000,106.180000,106.960297,2596630
2026-05-19 16:00:00+00:00,106.959999,108.000000,106.959999,107.574997,4019914
2026-05-19 16:15:00+00:00,107.599998,108.849998,107.459999,108.790001,3321200
2026-05-19 16:30:00+00:00,108.790001,110.449997,108.700104,110.328300,6036942
2026-05-19 16:45:00+00:00,110.349998,110.800003,109.849998,110.110001,4517775
2026-05-19 17:00:00+00:00,110.129997,111.500000,109.900101,111.320000,4334784
2026-05-19 17:15:00+00:00,111.339996,112.279999,111.120003,111.700104,5687793
2026-05-19 17:30:00+00:00,111.699997,112.300003,111.599998,111.808502,4163464
2026-05-19 17:45:00+00:00,111.809998,111.870003,110.769997,111.750000,3556911
2026-05-19 18:00:00+00:00,111.760002,112.629997,111.760002,112.070000,3446558
2026-05-19 18:15:00+00:00,112.089996,112.479897,111.239998,111.800102,3873464
2026-05-19 18:30:00+00:00,111.809998,112.199997,111.360001,111.654999,2392655
2026-05-19 18:45:00+00:00,111.644997,111.870003,110.603104,111.059998,6028349
2026-05-19 19:00:00+00:00,111.059998,113.069901,111.010002,112.699997,4796219
2026-05-19 19:15:00+00:00,112.709999,112.769897,111.160004,111.769997,3280611
2026-05-19 19:30:00+00:00,111.750099,112.315002,110.660004,110.864998,3512720
2026-05-19 19:45:00+00:00,110.849998,111.059998,109.870003,110.769997,8587641
2026-05-20 13:30:00+00:00,116.220001,120.099998,116.220001,117.400002,29031417
2026-05-20 13:45:00+00:00,117.370003,118.690002,116.540001,118.669998,11613313
2026-05-20 14:00:00+00:00,118.660004,121.940002,118.480003,119.449997,16940522
2026-05-20 14:15:00+00:00,119.459999,120.169998,118.650002,120.000000,8038515
2026-05-20 14:30:00+00:00,120.000000,120.378502,117.400002,118.180000,7992503
2026-05-20 14:45:00+00:00,118.190002,118.419899,116.709999,116.730003,6052219
2026-05-20 15:00:00+00:00,116.720001,117.689903,116.459999,116.842697,4953658
2026-05-20 15:15:00+00:00,116.859901,117.889900,116.790001,117.120003,4697684
2026-05-20 15:30:00+00:00,117.139999,118.239998,117.070000,117.690002,4899662
2026-05-20 15:45:00+00:00,117.709999,118.519897,117.709999,117.956001,3331051
2026-05-20 16:00:00+00:00,117.930199,118.010002,116.110001,116.150002,3588502
2026-05-20 16:15:00+00:00,116.154999,116.220001,114.800003,115.610001,5041720
2026-05-20 16:30:00+00:00,115.639999,116.327797,115.580002,116.125000,3338520
2026-05-20 16:45:00+00:00,116.120003,116.599998,115.850800,116.279999,3073615
2026-05-20 17:00:00+00:00,116.290001,117.089897,115.970001,116.879997,2829782
2026-05-20 17:15:00+00:00,116.879997,117.176697,116.483002,117.129997,2538599
2026-05-20 17:30:00+00:00,117.144997,117.559998,116.750000,117.307098,3783236
2026-05-20 17:45:00+00:00,117.290001,117.980003,117.095001,117.889999,2624386
2026-05-20 18:00:00+00:00,117.889999,118.279999,117.590897,117.699997,3101646
2026-05-20 18:15:00+00:00,117.709999,118.330002,117.660004,118.035004,2457021
2026-05-20 18:30:00+00:00,118.025002,118.489998,117.930000,118.029999,2680688
2026-05-20 18:45:00+00:00,118.040001,118.294998,117.780098,117.894997,2208489
2026-05-20 19:00:00+00:00,117.900002,118.879997,117.889999,118.480103,2711122
2026-05-20 19:15:00+00:00,118.480003,118.949997,118.209999,118.419998,2280396
2026-05-20 19:30:00+00:00,118.415001,118.819901,118.239998,118.419998,2586621
2026-05-20 19:45:00+00:00,118.410004,119.199997,118.339996,118.970001,6035012
2026-05-21 13:30:00+00:00,116.580002,118.440002,113.660004,115.714996,19139378
2026-05-21 13:45:00+00:00,115.714996,117.459999,115.400002,116.980003,6364534
2026-05-21 14:00:00+00:00,116.970001,117.510002,115.160004,115.259903,5774892
2026-05-21 14:15:00+00:00,115.250000,115.290001,113.169998,114.095001,7529529
2026-05-21 14:30:00+00:00,114.119202,115.654999,114.089996,115.379997,4260964
2026-05-21 14:45:00+00:00,115.349998,115.400002,114.320000,115.375000,3356115
2026-05-21 15:00:00+00:00,115.370003,116.209999,115.060097,116.190002,3271907
2026-05-21 15:15:00+00:00,116.169998,116.750000,115.830002,116.370003,3160568
2026-05-21 15:30:00+00:00,116.370003,116.934998,115.730003,116.550003,2532452
2026-05-21 15:45:00+00:00,116.550003,117.050003,116.540001,116.839996,2379322
2026-05-21 16:00:00+00:00,116.839996,118.019997,116.779999,117.250000,3410710
2026-05-21 16:15:00+00:00,117.264999,117.330002,116.559998,116.660004,1891441
2026-05-21 16:30:00+00:00,116.629997,117.570000,116.580002,117.470001,2187626
2026-05-21 16:45:00+00:00,117.489998,117.599998,116.500000,116.900002,1767761
2026-05-21 17:00:00+00:00,116.910004,118.070000,116.910004,117.860001,2204483
2026-05-21 17:15:00+00:00,117.910004,118.419998,117.449997,117.885002,2591476
2026-05-21 17:30:00+00:00,117.885002,119.019997,117.830002,118.824997,3004871
2026-05-21 17:45:00+00:00,118.839897,119.410004,118.584999,118.639999,3287746
2026-05-21 18:00:00+00:00,118.635002,119.044998,118.419998,118.519897,2646164
2026-05-21 18:15:00+00:00,118.510002,118.989998,118.345001,118.830002,1627126
2026-05-21 18:30:00+00:00,118.830002,118.985001,118.519997,118.690002,1512303
2026-05-21 18:45:00+00:00,118.730003,118.779999,117.220001,117.529999,2526069
2026-05-21 19:00:00+00:00,117.540001,118.089996,117.529999,118.019997,1808538
2026-05-21 19:15:00+00:00,118.070000,118.239998,117.861000,118.160599,1336443
2026-05-21 19:30:00+00:00,118.180000,118.400002,117.883400,117.933998,1834212
2026-05-21 19:45:00+00:00,117.919998,118.709999,117.730003,118.489998,4366547
2026-05-22 13:30:00+00:00,120.294998,121.250000,118.519997,119.449898,12769342
2026-05-22 13:45:00+00:00,119.449997,120.254997,118.089996,120.235001,4710359
2026-05-22 14:00:00+00:00,120.209999,121.730003,118.692001,121.719803,5235928
2026-05-22 14:15:00+00:00,121.700104,122.472801,119.879997,121.739998,6987684
2026-05-22 14:30:00+00:00,121.800003,122.779999,121.449997,121.764999,5052513
2026-05-22 14:45:00+00:00,121.760002,121.989998,121.279999,121.665001,2824346
2026-05-22 15:00:00+00:00,121.660004,122.279999,121.420097,122.161201,2337889
2026-05-22 15:15:00+00:00,122.165001,122.279999,120.800003,121.175003,2657924
2026-05-22 15:30:00+00:00,121.175003,121.570000,120.970001,121.269997,1932145
2026-05-22 15:45:00+00:00,121.279900,121.285599,120.610100,120.945000,1712461
2026-05-22 16:00:00+00:00,120.919998,121.330002,120.450401,121.199997,1681803
2026-05-22 16:15:00+00:00,121.199997,121.279999,120.540001,120.849899,1291411
2026-05-22 16:30:00+00:00,120.839996,120.917198,120.120102,120.279999,1671654
2026-05-22 16:45:00+00:00,120.289902,120.989998,120.150002,120.879997,1467629
2026-05-22 17:00:00+00:00,120.879997,121.629997,120.849998,121.349998,2597839
2026-05-22 17:15:00+00:00,121.360001,121.550003,120.989998,121.190002,1760798
2026-05-22 17:30:00+00:00,121.220001,121.480003,120.699997,120.889999,1836725
2026-05-22 17:45:00+00:00,120.930000,121.290100,120.699997,121.150002,1492425
2026-05-22 18:00:00+00:00,121.169998,121.529999,120.930000,121.089996,1816802
2026-05-22 18:15:00+00:00,121.059998,121.269997,120.600098,120.629997,1445075
2026-05-22 18:30:00+00:00,120.629997,120.809998,120.300003,120.705002,1649178
2026-05-22 18:45:00+00:00,120.730003,120.779999,120.205002,120.351097,1287521
2026-05-22 19:00:00+00:00,120.389999,120.459999,119.650002,119.989998,2339786
2026-05-22 19:15:00+00:00,120.000000,120.000000,119.574898,119.630096,1573956
2026-05-22 19:30:00+00:00,119.654999,119.930000,119.529999,119.610001,1784236
2026-05-22 19:45:00+00:00,119.620003,119.934998,119.209999,119.839996,9882870
2026-05-26 13:30:00+00:00,122.110001,122.940002,117.349998,121.705002,18839422
2026-05-26 13:45:00+00:00,121.709999,125.620003,121.400002,124.830002,10947441
2026-05-26 14:00:00+00:00,124.820000,125.199997,120.879997,122.059998,7651059
2026-05-26 14:15:00+00:00,122.059998,122.370003,121.220001,121.389900,4820389
2026-05-26 14:30:00+00:00,121.389999,123.879997,121.370399,122.855003,4567946
2026-05-26 14:45:00+00:00,122.860001,123.989998,122.754997,123.059998,3780012
2026-05-26 15:00:00+00:00,123.089996,123.879997,122.540001,123.004997,3217236
2026-05-26 15:15:00+00:00,123.029999,123.379898,122.230003,122.750000,2530970
2026-05-26 15:30:00+00:00,122.714996,123.179901,121.905602,122.139999,2564356
2026-05-26 15:45:00+00:00,122.169998,122.269997,120.879997,121.139999,3269605
2026-05-26 16:00:00+00:00,121.180000,122.019997,120.910004,121.419998,2724989
2026-05-26 16:15:00+00:00,121.443497,122.029999,121.349998,121.735001,1714699
2026-05-26 16:30:00+00:00,121.750000,121.870003,120.681999,120.724998,1545615
2026-05-26 16:45:00+00:00,120.724998,121.160004,120.550003,120.989998,1811593
2026-05-26 17:00:00+00:00,120.985001,121.550003,120.360001,120.824997,2173291
2026-05-26 17:15:00+00:00,120.839996,121.360001,120.720001,121.342499,1408221
2026-05-26 17:30:00+00:00,121.339996,122.330002,121.150101,122.050003,2009235
2026-05-26 17:45:00+00:00,122.080002,122.605003,122.050003,122.300102,1533077
2026-05-26 18:00:00+00:00,122.301498,122.709999,121.970001,122.430000,1520062
2026-05-26 18:15:00+00:00,122.430000,122.589996,122.010002,122.470001,1484396
2026-05-26 18:30:00+00:00,122.459999,122.682404,122.059998,122.349998,1565010
2026-05-26 18:45:00+00:00,122.355003,122.669197,122.129997,122.262497,1593858
2026-05-26 19:00:00+00:00,122.264999,122.829399,121.820099,122.769997,2071829
2026-05-26 19:15:00+00:00,122.769997,123.368797,122.580002,123.199997,1963957
2026-05-26 19:30:00+00:00,123.169998,123.430000,122.820000,123.120003,2040353
2026-05-26 19:45:00+00:00,123.110001,124.330002,122.980103,123.510002,6121753
2026-05-27 13:30:00+00:00,124.605003,125.178001,117.540001,117.709900,16545876
2026-05-27 13:45:00+00:00,117.690002,120.400002,117.064003,119.989998,7673795
2026-05-27 14:00:00+00:00,120.014999,120.589897,118.800003,118.919998,4943937
2026-05-27 14:15:00+00:00,118.980003,120.089996,117.400002,117.775002,4704990
2026-05-27 14:30:00+00:00,117.779999,119.800003,117.309998,119.529999,5052383
2026-05-27 14:45:00+00:00,119.559898,120.400002,118.150101,118.389999,3391500
2026-05-27 15:00:00+00:00,118.400002,119.029999,117.910004,118.566002,2732671
2026-05-27 15:15:00+00:00,118.584999,118.790001,117.800003,118.764999,2330943
2026-05-27 15:30:00+00:00,118.779999,119.049797,117.699997,118.029999,2317247
2026-05-27 15:45:00+00:00,118.019997,118.760002,117.809998,118.621002,2004545
2026-05-27 16:00:00+00:00,118.620003,119.580002,118.410103,119.570000,1994143
2026-05-27 16:15:00+00:00,119.555000,119.589996,118.727501,118.834999,1853038
2026-05-27 16:30:00+00:00,118.830002,119.989998,118.599998,119.709999,1863327
2026-05-27 16:45:00+00:00,119.720001,120.150002,119.029999,119.209999,2095186
2026-05-27 17:00:00+00:00,119.290001,119.429901,118.220001,118.470001,1755135
2026-05-27 17:15:00+00:00,118.459999,119.290001,118.370003,119.279999,1422830
2026-05-27 17:30:00+00:00,119.269997,119.550003,118.910004,118.995003,1490216
2026-05-27 17:45:00+00:00,118.980003,119.620003,118.970001,119.315002,1296522
2026-05-27 18:00:00+00:00,119.290001,119.559998,119.040001,119.319901,1319197
2026-05-27 18:15:00+00:00,119.290199,120.165001,119.080002,120.144997,1612739
2026-05-27 18:30:00+00:00,120.140999,120.449997,119.959999,120.180000,2212531
2026-05-27 18:45:00+00:00,120.150002,120.589996,120.059998,120.205002,2241931
2026-05-27 19:00:00+00:00,120.205002,120.470001,119.820000,119.879997,1793600
2026-05-27 19:15:00+00:00,119.871101,120.440002,119.790001,120.290001,2059802
2026-05-27 19:30:00+00:00,120.299500,120.870003,120.299500,120.699997,2376307
2026-05-27 19:45:00+00:00,120.699997,121.830002,120.459999,121.750000,5279179
2026-05-28 13:30:00+00:00,121.620003,123.070000,119.340103,119.495003,10469990
2026-05-28 13:45:00+00:00,119.480003,119.648003,117.410004,117.760002,6932620
2026-05-28 14:00:00+00:00,117.760002,118.800003,116.309998,118.470001,8277711
2026-05-28 14:15:00+00:00,118.449997,118.599998,117.150703,117.489899,4863889
2026-05-28 14:30:00+00:00,117.470001,118.419899,117.040001,118.334999,3755143
2026-05-28 14:45:00+00:00,118.330002,119.829903,118.029999,119.650002,3647886
2026-05-28 15:00:00+00:00,119.639999,120.589996,119.511002,120.250000,3804466
2026-05-28 15:15:00+00:00,120.259697,122.019997,120.089996,121.652000,4880960
2026-05-28 15:30:00+00:00,121.650002,122.160004,120.889999,120.904999,3449733
2026-05-28 15:45:00+00:00,120.904999,121.099998,120.544998,120.680000,2545502
2026-05-28 16:00:00+00:00,120.690002,120.919998,120.169998,120.379997,2246678
2026-05-28 16:15:00+00:00,120.385002,121.110001,120.309998,120.629997,1860056
2026-05-28 16:30:00+00:00,120.629997,121.349998,120.250000,121.080002,2182444
2026-05-28 16:45:00+00:00,121.084999,121.438797,120.779999,121.230003,1901943
2026-05-28 17:00:00+00:00,121.250000,121.929901,121.239998,121.540001,1996482
2026-05-28 17:15:00+00:00,121.535004,121.739998,120.641502,120.760002,2808094
2026-05-28 17:30:00+00:00,120.750000,120.940002,120.400002,120.779999,1601302
2026-05-28 17:45:00+00:00,120.790001,120.870003,120.150002,120.349998,1298471
2026-05-28 18:00:00+00:00,120.355003,120.470001,120.099998,120.129997,1252714
2026-05-28 18:15:00+00:00,120.139999,121.070000,120.110001,120.690002,1726757
2026-05-28 18:30:00+00:00,120.699997,120.919998,120.440002,120.910004,1626010
2026-05-28 18:45:00+00:00,120.809998,121.849998,120.714996,121.449799,2353131
2026-05-28 19:00:00+00:00,121.430000,121.430000,120.464996,120.480003,2285302
2026-05-28 19:15:00+00:00,120.464996,120.809998,120.059998,120.739998,1997766
2026-05-28 19:30:00+00:00,120.750000,120.969002,120.459999,120.900101,2359171
2026-05-28 19:45:00+00:00,120.910004,121.220001,120.620003,120.849998,4316622
2026-05-29 13:30:00+00:00,123.800003,126.639999,120.849998,121.419998,15353981
2026-05-29 13:45:00+00:00,121.430000,122.870003,120.660004,122.013000,5716703
2026-05-29 14:00:00+00:00,121.989998,122.599998,120.540001,121.864998,4746095
2026-05-29 14:15:00+00:00,121.860001,121.949997,119.690804,120.199898,5074279
2026-05-29 14:30:00+00:00,120.184998,120.550003,117.769997,117.823700,5840825
2026-05-29 14:45:00+00:00,117.800003,119.680000,117.660004,119.330002,5122715
2026-05-29 15:00:00+00:00,119.330002,119.430000,117.860001,118.785004,3646515
2026-05-29 15:15:00+00:00,118.794998,119.160004,118.269997,118.990097,1927948
2026-05-29 15:30:00+00:00,118.989998,119.250000,118.209999,118.239899,1711287
2026-05-29 15:45:00+00:00,118.230003,118.419701,117.690002,117.839897,2675180
2026-05-29 16:00:00+00:00,117.839996,118.839996,117.830498,118.239998,1918222
2026-05-29 16:15:00+00:00,118.230003,118.699997,118.160004,118.680000,1476292
2026-05-29 16:30:00+00:00,118.680000,118.760002,118.230003,118.511597,1649483
2026-05-29 16:45:00+00:00,118.519997,119.000000,118.177498,118.485001,1954483
2026-05-29 17:00:00+00:00,118.489998,118.768799,117.959999,118.160004,1430495
2026-05-29 17:15:00+00:00,118.180000,118.389999,117.930000,118.130096,1319269
2026-05-29 17:30:00+00:00,118.139999,118.180000,117.169998,117.349998,2246766
2026-05-29 17:45:00+00:00,117.350098,117.479897,116.830002,117.029999,2349968
2026-05-29 18:00:00+00:00,117.035004,117.569901,117.010002,117.230003,1933535
2026-05-29 18:15:00+00:00,117.249901,117.889297,117.080101,117.830002,1503540
2026-05-29 18:30:00+00:00,117.839996,118.180000,117.810204,118.080101,1519903
2026-05-29 18:45:00+00:00,118.089996,118.250000,117.824997,118.035004,1386798
2026-05-29 19:00:00+00:00,118.035004,118.370003,117.930000,118.180000,1400450
2026-05-29 19:15:00+00:00,118.199997,118.629898,117.940002,118.580002,1464276
2026-05-29 19:30:00+00:00,118.599998,119.419998,118.129997,119.279999,2996980
2026-05-29 19:45:00+00:00,119.269997,119.580002,113.540001,114.639999,20282779
2026-06-01 13:30:00+00:00,109.445000,111.399902,106.330002,110.739998,27521456
2026-06-01 13:45:00+00:00,110.709999,110.949898,106.830002,106.980003,9389611
2026-06-01 14:00:00+00:00,106.989998,108.470001,106.730003,107.910004,7024567
2026-06-01 14:15:00+00:00,107.919998,110.044998,107.470100,109.779999,6428625
2026-06-01 14:30:00+00:00,109.779999,111.000000,109.650002,110.283600,4811239
2026-06-01 14:45:00+00:00,110.309898,111.470001,109.919998,111.080002,4306377
2026-06-01 15:00:00+00:00,111.060402,111.989998,110.309998,111.070000,4387042
2026-06-01 15:15:00+00:00,111.080002,112.760002,111.029999,112.714996,4727753
2026-06-01 15:30:00+00:00,112.739998,113.300003,112.070099,112.279999,4549325
2026-06-01 15:45:00+00:00,112.294998,112.410004,110.959999,110.989998,2655408
2026-06-01 16:00:00+00:00,110.970001,111.300003,110.519997,110.599998,2494491
2026-06-01 16:15:00+00:00,110.595001,110.720001,110.120003,110.250000,2562870
2026-06-01 16:30:00+00:00,110.260002,110.879898,110.120003,110.680000,2425824
2026-06-01 16:45:00+00:00,110.639999,111.459999,110.360001,111.300003,2589179
2026-06-01 17:00:00+00:00,111.309998,111.320000,110.330002,110.440002,2673514
2026-06-01 17:15:00+00:00,110.459999,110.629997,110.180000,110.629997,1935633
2026-06-01 17:30:00+00:00,110.620003,111.199997,110.050003,111.080002,3461394
2026-06-01 17:45:00+00:00,111.065002,111.510002,110.330002,110.489998,2725089
2026-06-01 18:00:00+00:00,110.500000,110.629997,109.519997,109.654999,3545312
2026-06-01 18:15:00+00:00,109.650002,110.040001,109.280098,109.949997,2840640
2026-06-01 18:30:00+00:00,109.940002,110.339996,109.650002,109.720001,2141505
2026-06-01 18:45:00+00:00,109.709999,109.781403,109.429298,109.459999,2118584
2026-06-01 19:00:00+00:00,109.464996,109.559998,108.209999,108.220001,4017436
2026-06-01 19:15:00+00:00,108.224998,108.445000,107.723297,107.900002,4029838
2026-06-01 19:30:00+00:00,107.889999,108.539902,107.620003,108.529404,3386356
2026-06-01 19:45:00+00:00,108.510002,109.472801,108.489998,109.300003,6204066
2026-06-02 13:30:00+00:00,107.425003,107.690002,104.169998,105.800003,23609433
2026-06-02 13:45:00+00:00,105.849998,107.099998,105.279999,107.060997,7263463
2026-06-02 14:00:00+00:00,107.074997,107.839996,105.985001,106.190002,5451412
2026-06-02 14:15:00+00:00,106.180000,106.669998,105.480003,105.940002,5089075
2026-06-02 14:30:00+00:00,105.930000,107.705002,105.849998,107.705002,4828270
2026-06-02 14:45:00+00:00,107.699997,108.939903,107.570000,108.639999,5221783
2026-06-02 15:00:00+00:00,108.639999,108.779999,107.760002,108.459999,2820281
2026-06-02 15:15:00+00:00,108.459999,108.849998,107.974998,108.745201,3021586
2026-06-02 15:30:00+00:00,108.720001,108.727501,107.809998,107.889999,2095340
2026-06-02 15:45:00+00:00,107.879204,109.000000,107.400101,108.360001,3394928
2026-06-02 16:00:00+00:00,108.360001,108.410004,107.970001,108.059998,1851345
2026-06-02 16:15:00+00:00,108.050003,108.069901,107.500000,107.699997,1907728
2026-06-02 16:30:00+00:00,107.697098,108.249901,107.697098,107.760002,1661823
2026-06-02 16:45:00+00:00,107.750099,107.849998,107.379997,107.592903,1503436
2026-06-02 17:00:00+00:00,107.599998,107.800003,107.019997,107.050003,1622191
2026-06-02 17:15:00+00:00,107.050003,107.050003,106.529999,106.830002,1670528
2026-06-02 17:30:00+00:00,106.849998,106.860001,106.300003,106.712997,1583274
2026-06-02 17:45:00+00:00,106.720001,106.889999,106.482498,106.809998,1263268
2026-06-02 18:00:00+00:00,106.805000,107.220001,106.580002,107.169998,1429841
2026-06-02 18:15:00+00:00,107.160004,107.709999,106.980003,107.660004,1939793
2026-06-02 18:30:00+00:00,107.660004,107.800003,106.839996,107.080002,2157025
2026-06-02 18:45:00+00:00,107.070000,107.260002,107.019997,107.129997,1161742
2026-06-02 19:00:00+00:00,107.139999,107.720001,107.139999,107.290001,2215750
2026-06-02 19:15:00+00:00,107.294998,107.438797,107.129997,107.199997,1288538
2026-06-02 19:30:00+00:00,107.190002,107.370003,106.875000,107.154999,1627392
2026-06-02 19:45:00+00:00,107.160004,107.970001,107.099998,107.870003,4785277
2026-06-03 13:30:00+00:00,116.397499,118.290001,114.419998,115.176003,28984184
2026-06-03 13:45:00+00:00,115.199997,115.677399,112.550003,113.760002,10881626
2026-06-03 14:00:00+00:00,113.760002,114.898300,113.535004,114.629997,5613128
2026-06-03 14:15:00+00:00,114.644997,115.180000,113.440002,114.449997,5309592
2026-06-03 14:30:00+00:00,114.411499,114.500000,113.050003,113.529999,4737414
2026-06-03 14:45:00+00:00,113.550003,114.050003,111.529999,111.748001,4788699
2026-06-03 15:00:00+00:00,111.750000,113.040001,111.620003,112.930000,4204442
2026-06-03 15:15:00+00:00,112.925003,113.169998,112.099998,112.790001,3280616
2026-06-03 15:30:00+00:00,112.769997,113.500000,112.540802,112.660004,2470402
2026-06-03 15:45:00+00:00,112.665001,113.050003,111.989998,112.250000,2283087
2026-06-03 16:00:00+00:00,112.239998,112.480003,111.559998,112.025002,2641873
2026-06-03 16:15:00+00:00,112.029999,112.199997,110.860001,111.320000,2863876
2026-06-03 16:30:00+00:00,111.320000,112.269997,111.279999,111.570000,2148154
2026-06-03 16:45:00+00:00,111.570000,112.300003,111.530098,112.285004,1655557
2026-06-03 17:00:00+00:00,112.269997,112.269997,111.110001,111.654999,1781770
2026-06-03 17:15:00+00:00,111.675003,111.800003,111.180000,111.750000,1563812
2026-06-03 17:30:00+00:00,111.745003,111.949997,111.199997,111.834999,1456957
2026-06-03 17:45:00+00:00,111.839996,112.440002,111.540100,112.393997,1956441
2026-06-03 18:00:00+00:00,112.370003,112.639999,111.980003,112.059998,1826063
2026-06-03 18:15:00+00:00,112.050003,112.980003,111.900002,112.900002,1942838
2026-06-03 18:30:00+00:00,112.889999,112.970001,111.950401,112.480003,2103409
2026-06-03 18:45:00+00:00,112.479897,112.769997,112.085701,112.264999,1487814
2026-06-03 19:00:00+00:00,112.263000,112.949997,111.919998,112.105003,2517313
2026-06-03 19:15:00+00:00,112.105003,112.169998,111.320000,111.769997,2128797
2026-06-03 19:30:00+00:00,111.779999,112.839996,111.699997,112.660004,2330646
2026-06-03 19:45:00+00:00,112.639999,112.860001,112.220001,112.720001,5778991
2026-06-04 13:30:00+00:00,108.389999,111.262299,107.889999,109.180000,12669223
2026-06-04 13:45:00+00:00,109.169998,110.339996,108.260101,108.290001,5236520
2026-06-04 14:00:00+00:00,108.279999,109.449997,107.480103,109.170197,5168931
2026-06-04 14:15:00+00:00,109.165001,110.239998,108.889999,110.239998,4135146
2026-06-04 14:30:00+00:00,110.220001,110.360001,109.070000,109.099899,2833614
2026-06-04 14:45:00+00:00,109.084999,110.025002,109.000000,109.894302,2313153
2026-06-04 15:00:00+00:00,109.889999,110.489998,109.730003,110.189903,2366438
2026-06-04 15:15:00+00:00,110.150002,110.489998,109.779999,109.879997,2020957
2026-06-04 15:30:00+00:00,109.879997,110.730003,109.639999,110.000000,2079812
2026-06-04 15:45:00+00:00,109.989998,110.510002,109.239998,110.485001,2234499
2026-06-04 16:00:00+00:00,110.500000,110.650002,110.250000,110.250099,1455139
2026-06-04 16:15:00+00:00,110.275803,111.250000,110.220001,111.199997,1646592
2026-06-04 16:30:00+00:00,111.209999,111.209999,110.660004,110.780098,1449166
2026-06-04 16:45:00+00:00,110.779999,111.040001,110.680000,110.820000,1106444
2026-06-04 17:00:00+00:00,110.800003,111.500000,110.485001,111.419998,1636745
2026-06-04 17:15:00+00:00,111.419998,111.790001,111.220100,111.419998,1724130
2026-06-04 17:30:00+00:00,111.425003,111.769997,111.260002,111.750298,1530788
2026-06-04 17:45:00+00:00,111.750000,112.095001,111.550003,112.014999,1286788
2026-06-04 18:00:00+00:00,112.026703,113.139999,111.830002,112.769997,2437511
2026-06-04 18:15:00+00:00,112.769997,112.820000,112.120003,112.415001,1671484
2026-06-04 18:30:00+00:00,112.415001,112.599998,111.720100,111.949997,1596079
2026-06-04 18:45:00+00:00,111.930000,112.370003,111.779999,112.088997,1321921
2026-06-04 19:00:00+00:00,112.070602,112.669998,112.030098,112.254997,1615477
2026-06-04 19:15:00+00:00,112.260002,112.519897,111.410004,112.430000,1922835
2026-06-04 19:30:00+00:00,112.455002,112.680000,111.290001,111.440002,1892546
2026-06-04 19:45:00+00:00,111.430000,112.709999,111.141701,111.790001,4183651
2026-06-05 13:30:00+00:00,106.410004,106.440002,104.760002,105.133400,11651124
2026-06-05 13:45:00+00:00,105.120003,105.500000,103.709999,103.805000,6927558
2026-06-05 14:00:00+00:00,103.805000,104.910004,103.769997,104.870003,5278441
2026-06-05 14:15:00+00:00,104.889999,105.610001,103.938698,104.180000,4575329
2026-06-05 14:30:00+00:00,104.184998,106.042198,104.070000,105.254997,4052253
2026-06-05 14:45:00+00:00,105.254997,105.529999,104.861000,105.290001,2954795
2026-06-05 15:00:00+00:00,105.300003,105.300003,104.250000,104.330002,3056504
2026-06-05 15:15:00+00:00,104.330002,104.639999,103.599998,103.970001,4199676
2026-06-05 15:30:00+00:00,103.919998,104.500000,103.150101,103.620003,3840526
2026-06-05 15:45:00+00:00,103.620003,104.000000,102.879997,103.665001,3791781
2026-06-05 16:00:00+00:00,103.660004,103.665001,102.870003,103.050003,2780170
2026-06-05 16:15:00+00:00,103.029999,103.209999,102.500000,102.729599,3265937
2026-06-05 16:30:00+00:00,102.724998,102.860001,101.810699,102.014999,4852356
2026-06-05 16:45:00+00:00,102.010002,103.165001,101.559998,102.849998,5755843
2026-06-05 17:00:00+00:00,102.849998,102.849998,101.769997,102.080002,3487689
2026-06-05 17:15:00+00:00,102.099998,102.459999,101.550003,102.459999,3222266
2026-06-05 17:30:00+00:00,102.459999,102.889999,101.680000,101.790001,3070696
2026-06-05 17:45:00+00:00,101.789902,102.790001,101.669998,102.779999,2575043
2026-06-05 18:00:00+00:00,102.760002,102.889999,101.480003,101.699997,3365926
2026-06-05 18:15:00+00:00,101.690002,101.738998,101.000000,101.370003,4074023
2026-06-05 18:30:00+00:00,101.370003,101.434998,100.180000,100.570000,3836594
2026-06-05 18:45:00+00:00,100.570000,100.940002,99.410202,100.904999,6513124
2026-06-05 19:00:00+00:00,100.900002,100.987000,99.650002,99.955002,3893951
2026-06-05 19:15:00+00:00,99.949997,100.654999,99.400002,100.654999,4330825
2026-06-05 19:30:00+00:00,100.650002,100.830002,99.900002,100.410103,4685747
2026-06-05 19:45:00+00:00,100.410004,100.815002,98.334999,98.959999,13748473
2026-06-08 13:30:00+00:00,111.000000,111.000000,107.500000,109.209999,30029748
2026-06-08 13:45:00+00:00,109.209999,109.959999,106.780098,106.860001,9427931
2026-06-08 14:00:00+00:00,106.849998,108.799896,106.660004,108.500099,6309938
2026-06-08 14:15:00+00:00,108.525002,109.989998,107.369904,109.670097,5899568
2026-06-08 14:30:00+00:00,109.680000,110.724998,109.459999,110.040001,5715666
2026-06-08 14:45:00+00:00,110.069199,111.110001,109.871399,110.849998,4463284
2026-06-08 15:00:00+00:00,110.849998,112.029999,110.820000,111.894997,4919100
2026-06-08 15:15:00+00:00,111.910004,112.369904,111.080002,111.245201,4437943
2026-06-08 15:30:00+00:00,111.252502,111.940002,110.699997,111.940002,3996839
2026-06-08 15:45:00+00:00,111.940002,112.099998,111.260002,111.370003,3132239
2026-06-08 16:00:00+00:00,111.379997,112.250000,111.379997,111.820000,3165887
2026-06-08 16:15:00+00:00,111.828003,112.099899,111.260002,111.364998,2085884
2026-06-08 16:30:00+00:00,111.375000,111.629898,110.730003,110.879997,2424198
2026-06-08 16:45:00+00:00,110.870003,111.349899,110.680000,110.849998,2106364
2026-06-08 17:00:00+00:00,110.856003,110.949699,109.879997,110.169998,3816691
2026-06-08 17:15:00+00:00,110.180000,110.894997,109.849998,110.889999,2358737
2026-06-08 17:30:00+00:00,110.870003,111.479698,110.324997,111.029900,2761687
2026-06-08 17:45:00+00:00,111.010002,111.699997,110.949997,111.470001,1912053
2026-06-08 18:00:00+00:00,111.475197,112.500000,111.470001,112.099998,2795508
2026-06-08 18:15:00+00:00,112.109901,112.430000,111.814598,112.269897,1945551
2026-06-08 18:30:00+00:00,112.264999,112.540001,111.800003,111.860001,2181604
2026-06-08 18:45:00+00:00,111.870003,112.139999,111.809998,111.930000,1736707
2026-06-08 19:00:00+00:00,111.925003,112.010002,110.660103,110.665802,2803787
2026-06-08 19:15:00+00:00,110.660004,110.779999,109.970001,110.519997,3348344
2026-06-08 19:30:00+00:00,110.529999,110.980003,109.625000,109.720100,3547663
2026-06-08 19:45:00+00:00,109.709999,110.330002,109.150002,110.180000,6368142
2026-06-09 13:30:00+00:00,112.750000,113.998001,112.010002,112.184998,14912281
2026-06-09 13:45:00+00:00,112.160004,112.529999,111.300003,111.790001,5757937
2026-06-09 14:00:00+00:00,111.740997,112.400002,110.300003,110.360001,5744985
2026-06-09 14:15:00+00:00,110.339996,111.000000,108.919998,109.419899,6870648
2026-06-09 14:30:00+00:00,109.400002,110.044998,108.620003,108.660004,4839422
2026-06-09 14:45:00+00:00,108.662300,108.986298,107.400101,108.589897,5987981
2026-06-09 15:00:00+00:00,108.570000,109.599998,107.849998,109.099998,3605551
2026-06-09 15:15:00+00:00,109.099998,109.260002,105.599998,105.660004,4753774
2026-06-09 15:30:00+00:00,105.680000,106.650002,105.320000,106.089996,5122696
2026-06-09 15:45:00+00:00,106.120003,106.486099,103.470001,103.750000,5526355
2026-06-09 16:00:00+00:00,103.750000,104.290001,102.040001,102.379997,5266346
2026-06-09 16:15:00+00:00,102.360001,102.489998,100.709999,101.817497,5619424
2026-06-09 16:30:00+00:00,101.824997,102.059998,99.459999,100.309998,6494321
2026-06-09 16:45:00+00:00,100.309998,101.393600,99.580002,101.278999,5688685
2026-06-09 17:00:00+00:00,101.260002,103.519997,101.114998,103.339996,5388863
2026-06-09 17:15:00+00:00,103.345001,104.680000,102.860001,104.279999,4824931
2026-06-09 17:30:00+00:00,104.309998,105.529999,103.989998,105.245003,4076870
2026-06-09 17:45:00+00:00,105.258400,105.430000,103.650002,104.800598,4072522
2026-06-09 18:00:00+00:00,104.800003,105.099998,104.080101,105.000000,2583980
2026-06-09 18:15:00+00:00,105.000000,106.000000,104.721199,105.989998,3185268
2026-06-09 18:30:00+00:00,105.989899,106.709900,105.789001,105.809998,3820640
2026-06-09 18:45:00+00:00,105.839600,107.150002,105.702599,107.000000,3248929
2026-06-09 19:00:00+00:00,107.000000,107.790001,106.150002,106.199997,3619026
2026-06-09 19:15:00+00:00,106.209396,106.370003,104.830002,106.254997,4031107
2026-06-09 19:30:00+00:00,106.250000,106.689903,105.415001,106.235001,3667882
2026-06-09 19:45:00+00:00,106.235001,108.065002,105.555000,108.059998,7373648
2026-06-10 13:30:00+00:00,105.949997,110.129997,105.709999,109.921204,14603876
2026-06-10 13:45:00+00:00,109.928001,111.500000,107.699997,107.909897,7360341
2026-06-10 14:00:00+00:00,107.894997,109.000000,107.300598,108.214996,5895653
2026-06-10 14:15:00+00:00,108.235001,109.750000,107.900002,108.970100,4712933
2026-06-10 14:30:00+00:00,108.959999,110.980003,108.800102,109.635002,5587778
2026-06-10 14:45:00+00:00,109.635002,109.992500,107.161003,107.760002,5514564
2026-06-10 15:00:00+00:00,107.775002,108.369904,106.180000,106.389999,5076423
2026-06-10 15:15:00+00:00,106.351997,107.400002,105.360100,106.675003,4678399
2026-06-10 15:30:00+00:00,106.699997,107.250000,106.270103,107.129997,3027987
2026-06-10 15:45:00+00:00,107.129898,107.559998,105.290001,107.384399,4225093
2026-06-10 16:00:00+00:00,107.394997,107.718002,105.849998,106.040001,3142028
2026-06-10 16:15:00+00:00,106.040001,106.269997,105.580002,105.839996,2259577
2026-06-10 16:30:00+00:00,105.849998,106.889999,105.570000,106.029999,2423787
2026-06-10 16:45:00+00:00,105.980003,105.985001,105.270103,105.574997,2513258
2026-06-10 17:00:00+00:00,105.559998,106.139999,104.919998,105.105003,2415145
2026-06-10 17:15:00+00:00,105.110001,105.599998,104.959999,105.580002,1755833
2026-06-10 17:30:00+00:00,105.580002,105.864998,105.120003,105.540001,1873725
2026-06-10 17:45:00+00:00,105.555000,107.029999,105.470001,106.930000,3035455
2026-06-10 18:00:00+00:00,106.915001,107.360001,106.699997,106.910103,2234642
2026-06-10 18:15:00+00:00,106.915001,107.120003,106.010002,106.169998,2321169
2026-06-10 18:30:00+00:00,106.169998,106.689697,105.769997,106.599998,2784463
2026-06-10 18:45:00+00:00,106.599998,107.190002,106.540001,106.919998,3245915
2026-06-10 19:00:00+00:00,106.919998,107.885002,106.430000,107.239998,4006010
2026-06-10 19:15:00+00:00,107.239998,107.260002,105.959999,106.629997,3834800
2026-06-10 19:30:00+00:00,106.610001,107.680000,106.480003,107.199898,3772383
2026-06-10 19:45:00+00:00,107.169998,107.919998,106.690002,107.010002,8654521
2026-06-11 13:30:00+00:00,113.459999,117.570000,112.360001,117.359901,27124936
2026-06-11 13:45:00+00:00,117.360001,118.489998,116.800003,117.259499,10739212
2026-06-11 14:00:00+00:00,117.250000,119.440002,116.400002,116.665001,10627870
2026-06-11 14:15:00+00:00,116.669998,116.925003,114.220703,115.110001,10195540
2026-06-11 14:30:00+00:00,115.120003,115.738998,114.120003,114.599899,5888827
2026-06-11 14:45:00+00:00,114.584999,115.294998,112.130096,112.364998,7513712
2026-06-11 15:00:00+00:00,112.370003,113.230003,111.790001,113.000000,7152466
2026-06-11 15:15:00+00:00,113.010002,113.559998,111.599998,111.989998,5221441
2026-06-11 15:30:00+00:00,112.029999,113.529999,112.004997,112.460098,4358667
2026-06-11 15:45:00+00:00,112.478104,113.150002,112.139999,112.974998,2954078
2026-06-11 16:00:00+00:00,113.010002,113.550003,112.760300,113.209999,2976181
2026-06-11 16:15:00+00:00,113.190102,113.480003,112.300003,112.489998,2917407
2026-06-11 16:30:00+00:00,112.489899,113.379997,112.230003,112.410004,2972645
2026-06-11 16:45:00+00:00,112.379997,112.379997,111.120003,111.190002,4159473
2026-06-11 17:00:00+00:00,111.169998,111.779900,110.940002,111.110100,5312754
2026-06-11 17:15:00+00:00,111.105003,113.169998,110.511803,113.139999,4705779
2026-06-11 17:30:00+00:00,113.160004,115.290001,113.114502,115.120003,7540325
2026-06-11 17:45:00+00:00,115.139999,115.300003,114.150002,115.219200,4347924
2026-06-11 18:00:00+00:00,115.209900,115.489998,113.245003,114.154999,3994264
2026-06-11 18:15:00+00:00,114.130096,114.400002,113.285004,114.230003,2978709
2026-06-11 18:30:00+00:00,114.220100,115.239998,114.080002,115.150002,3230166
2026-06-11 18:45:00+00:00,115.150002,115.980003,115.000000,115.809998,3627240
2026-06-11 19:00:00+00:00,115.800003,117.279999,115.370003,117.144997,5117416
2026-06-11 19:15:00+00:00,117.160004,117.834999,116.959999,117.544998,4225666
2026-06-11 19:30:00+00:00,117.550003,118.419998,117.519997,117.830002,5403499
2026-06-11 19:45:00+00:00,117.820000,118.150002,116.820000,117.000000,8796943
2026-06-12 13:30:00+00:00,117.415001,120.449997,115.330002,119.089996,17344914
2026-06-12 13:45:00+00:00,119.074997,121.089996,117.760002,119.701103,10196958
2026-06-12 14:00:00+00:00,119.669998,122.500000,119.669998,122.430000,9051468
2026-06-12 14:15:00+00:00,122.500000,123.000000,121.070000,121.250000,6214841
2026-06-12 14:30:00+00:00,121.209999,122.430000,120.739998,120.820000,5809750
2026-06-12 14:45:00+00:00,120.800003,123.449997,120.420097,123.089996,6559186
2026-06-12 15:00:00+00:00,123.070000,123.360001,122.510002,123.214500,3834315
2026-06-12 15:15:00+00:00,123.224998,123.370003,122.526604,123.062500,2873449
2026-06-12 15:30:00+00:00,123.070000,123.599998,121.680000,121.884201,4901688
2026-06-12 15:45:00+00:00,121.879997,122.629997,120.919998,121.339897,4197585
2026-06-12 16:00:00+00:00,121.339996,124.900002,121.180000,124.739998,7154173
2026-06-12 16:15:00+00:00,124.739998,125.260002,123.500000,123.716003,5773498
2026-06-12 16:30:00+00:00,123.714996,124.980003,123.660004,124.690002,3201887
2026-06-12 16:45:00+00:00,124.684998,125.570000,124.410004,124.974998,3581549
2026-06-12 17:00:00+00:00,125.000000,125.669998,124.830002,125.559998,3370240
2026-06-12 17:15:00+00:00,125.559998,126.879997,125.419998,126.754997,4601383
2026-06-12 17:30:00+00:00,126.779999,127.480003,126.050003,127.073997,4432283
2026-06-12 17:45:00+00:00,127.099998,127.599998,125.830002,126.489998,4100047
2026-06-12 18:00:00+00:00,126.472000,126.529999,124.820000,125.029999,4002058
2026-06-12 18:15:00+00:00,125.020103,126.050003,124.714996,125.980003,8383942
2026-06-12 18:30:00+00:00,126.000000,126.139999,125.279999,125.699997,2552091
2026-06-12 18:45:00+00:00,125.695000,125.859901,124.540001,124.945000,2604371
2026-06-12 19:00:00+00:00,124.921799,125.720001,124.780098,125.235001,2715193
2026-06-12 19:15:00+00:00,125.247498,125.709999,124.839996,125.025002,2667700
2026-06-12 19:30:00+00:00,125.019997,125.570000,124.348999,124.910004,4544195
2026-06-12 19:45:00+00:00,124.900002,125.160004,124.330002,124.540001,6175603
2026-06-15 13:30:00+00:00,129.619995,131.429993,127.339996,130.850006,21814153
2026-06-15 13:45:00+00:00,130.830002,132.610001,129.809998,129.919998,9549333
2026-06-15 14:00:00+00:00,129.925003,130.899994,128.889999,129.300095,6633434
2026-06-15 14:15:00+00:00,129.339996,129.369995,127.830002,128.710007,5939728
2026-06-15 14:30:00+00:00,128.705002,128.889999,127.620003,127.639999,5101275
2026-06-15 14:45:00+00:00,127.639999,128.729996,127.129997,128.264999,5719090
2026-06-15 15:00:00+00:00,128.240005,128.800003,128.000000,128.640106,3531385
2026-06-15 15:15:00+00:00,128.679993,129.889999,128.000000,129.070007,4756162
2026-06-15 15:30:00+00:00,129.065002,129.419998,128.240005,128.244995,3219510
2026-06-15 15:45:00+00:00,128.255005,128.479996,128.030106,128.339996,2496310
2026-06-15 16:00:00+00:00,128.335007,128.429993,127.650002,128.139999,3162202
2026-06-15 16:15:00+00:00,128.119995,128.330002,127.769997,128.111893,2273417
2026-06-15 16:30:00+00:00,128.119995,128.274994,127.500000,128.190002,2632385
2026-06-15 16:45:00+00:00,128.150604,128.589996,127.599998,127.710098,2453603
2026-06-15 17:00:00+00:00,127.739998,128.149994,127.599998,127.695000,2300956
2026-06-15 17:15:00+00:00,127.691101,127.790001,126.669998,127.375000,3270766
2026-06-15 17:30:00+00:00,127.370003,127.730003,127.260002,127.464996,1706178
2026-06-15 17:45:00+00:00,127.455101,128.470001,127.300003,128.199997,2526014
2026-06-15 18:00:00+00:00,128.190002,128.239899,127.529999,127.910103,2119647
2026-06-15 18:15:00+00:00,127.919998,128.320007,127.760002,127.970001,1947523
2026-06-15 18:30:00+00:00,127.980003,128.229996,127.769997,128.074997,1643101
2026-06-15 18:45:00+00:00,128.070007,128.220001,127.420601,127.589996,2073506
2026-06-15 19:00:00+00:00,127.589996,128.100006,127.311302,127.974998,3249734
2026-06-15 19:15:00+00:00,127.962601,128.320007,127.870003,128.119995,2358398
2026-06-15 19:30:00+00:00,128.110001,128.710007,128.050003,128.229996,3081424
2026-06-15 19:45:00+00:00,128.220001,128.350006,127.250000,127.800003,6840575
2026-06-16 13:30:00+00:00,125.105003,128.100006,124.910004,126.540001,11515077
2026-06-16 13:45:00+00:00,126.514999,128.679993,126.370003,126.629997,6370310
2026-06-16 14:00:00+00:00,126.639999,127.000000,124.279999,125.250000,6193399
2026-06-16 14:15:00+00:00,125.235001,125.279900,121.995003,122.000000,6942127
2026-06-16 14:30:00+00:00,122.000000,122.230003,119.940002,121.750000,7775885
2026-06-16 14:45:00+00:00,121.720001,121.720001,119.510002,120.074997,5468114
2026-06-16 15:00:00+00:00,120.099899,121.459999,119.959999,120.754997,4677289
2026-06-16 15:15:00+00:00,120.754997,121.109901,119.129997,119.760002,4311157
2026-06-16 15:30:00+00:00,119.779999,120.019997,118.680000,119.074997,4183207
2026-06-16 15:45:00+00:00,119.059998,120.300003,118.080200,119.729897,5163174
2026-06-16 16:00:00+00:00,119.720001,120.750000,119.660004,120.169998,3075004
2026-06-16 16:15:00+00:00,120.180000,120.830002,119.940002,120.550003,2379916
2026-06-16 16:30:00+00:00,120.570000,121.120003,119.730003,120.964996,3406539
2026-06-16 16:45:00+00:00,120.930000,121.070000,119.629997,120.114998,3422450
2026-06-16 17:00:00+00:00,120.089996,120.110001,119.529999,119.769997,2213180
2026-06-16 17:15:00+00:00,119.735001,119.989998,119.500000,119.790001,1757760
2026-06-16 17:30:00+00:00,119.779999,120.180000,119.330002,119.879997,2046243
2026-06-16 17:45:00+00:00,119.879997,121.114998,119.750000,120.574997,2976576
2026-06-16 18:00:00+00:00,120.570000,120.750000,120.349998,120.406898,1742995
2026-06-16 18:15:00+00:00,120.394997,120.440002,119.599998,119.855003,2007838
2026-06-16 18:30:00+00:00,119.860001,119.910004,119.202499,119.585503,1998550
2026-06-16 18:45:00+00:00,119.595001,119.660004,118.839996,119.350304,2563606
2026-06-16 19:00:00+00:00,119.360001,120.239998,118.740097,118.809998,3346576
2026-06-16 19:15:00+00:00,118.819901,119.754997,118.220001,119.720001,3604390
2026-06-16 19:30:00+00:00,119.700104,120.120003,118.300003,118.775002,4074300
2026-06-16 19:45:00+00:00,118.760002,119.000000,116.900002,117.080002,10615770
2026-06-17 13:30:00+00:00,121.834999,122.419998,118.970001,120.425003,11174084
2026-06-17 13:45:00+00:00,120.434998,120.830002,118.070000,118.180000,5077734
2026-06-17 14:00:00+00:00,118.199997,119.779999,118.059998,119.445000,4218893
2026-06-17 14:15:00+00:00,119.464996,121.709999,119.449997,121.649696,5038598
2026-06-17 14:30:00+00:00,121.635002,121.680000,120.260002,121.445000,4725459
2026-06-17 14:45:00+00:00,121.459999,121.879997,120.410004,120.510101,4063890
2026-06-17 15:00:00+00:00,120.519997,120.989998,120.220001,120.879898,2113988
2026-06-17 15:15:00+00:00,120.885002,121.902496,120.675003,121.305000,2937976
2026-06-17 15:30:00+00:00,121.309998,121.510002,120.550003,121.080002,2307483
2026-06-17 15:45:00+00:00,121.074997,121.404999,120.989998,121.160004,1623406
2026-06-17 16:00:00+00:00,121.174103,121.349998,120.839996,121.184998,1644535
2026-06-17 16:15:00+00:00,121.180000,122.305000,121.099998,122.210098,2476872
2026-06-17 16:30:00+00:00,122.220001,122.639999,121.199997,122.370003,3056917
2026-06-17 16:45:00+00:00,122.370003,122.430000,121.739998,121.830002,1789819
2026-06-17 17:00:00+00:00,121.830002,122.190002,121.500000,121.925003,1851816
2026-06-17 17:15:00+00:00,121.945000,122.480003,121.610001,122.290001,1702640
2026-06-17 17:30:00+00:00,122.300003,122.379997,121.950104,122.129898,1303400
2026-06-17 17:45:00+00:00,122.129898,122.540001,121.949997,122.531998,1633348
2026-06-17 18:00:00+00:00,122.489998,122.515999,120.180000,121.764999,4909033
2026-06-17 18:15:00+00:00,121.764999,122.389702,121.120102,121.702400,2894202
2026-06-17 18:30:00+00:00,121.739998,124.930000,121.590103,124.889999,5437598
2026-06-17 18:45:00+00:00,124.879997,125.199997,122.760002,123.230003,5506261
2026-06-17 19:00:00+00:00,123.190002,124.129997,122.620003,123.885002,4173632
2026-06-17 19:15:00+00:00,123.915001,123.959999,121.240402,121.760002,4361438
2026-06-17 19:30:00+00:00,121.760002,122.160004,119.910004,120.404999,5125106
2026-06-17 19:45:00+00:00,120.419998,121.800003,119.930000,121.080002,8151041
2026-06-18 13:30:00+00:00,131.789993,135.479996,130.779999,133.089996,45200503
2026-06-18 13:45:00+00:00,133.089996,133.830002,129.119995,129.604996,12236251
2026-06-18 14:00:00+00:00,129.604996,131.299896,128.880096,129.670105,8551668
2026-06-18 14:15:00+00:00,129.729904,130.356293,127.900002,128.490005,6756472
2026-06-18 14:30:00+00:00,128.490005,130.630005,128.154999,129.915100,6543004
2026-06-18 14:45:00+00:00,129.919998,131.209396,129.529999,130.815002,4335616
2026-06-18 15:00:00+00:00,130.820007,132.651093,130.000000,132.487305,6180519
2026-06-18 15:15:00+00:00,132.500000,133.029999,131.580002,132.104996,5797170
2026-06-18 15:30:00+00:00,132.179993,132.660004,130.550003,131.110001,4996784
2026-06-18 15:45:00+00:00,131.089996,133.240005,130.440094,133.029999,4594559
2026-06-18 16:00:00+00:00,133.059402,133.319901,132.259995,132.970001,3966811
2026-06-18 16:15:00+00:00,132.970001,133.179993,131.802002,133.100006,3637427
2026-06-18 16:30:00+00:00,133.095001,134.110001,132.770004,133.880005,4957755
2026-06-18 16:45:00+00:00,133.889999,134.329895,133.259995,133.970001,3314190
2026-06-18 17:00:00+00:00,133.979996,134.149994,132.940002,133.934998,2864525
2026-06-18 17:15:00+00:00,133.910004,134.309998,133.660004,134.255005,2947144
2026-06-18 17:30:00+00:00,134.199997,134.580002,133.529999,133.720001,3015258
2026-06-18 17:45:00+00:00,133.740005,134.179993,133.070007,133.100006,2384638
2026-06-18 18:00:00+00:00,133.119995,134.300003,132.970001,133.989807,2857167
2026-06-18 18:15:00+00:00,133.970001,135.229996,133.779999,135.210007,4785624
2026-06-18 18:30:00+00:00,135.190002,135.190002,133.750000,134.070007,3655243
2026-06-18 18:45:00+00:00,134.079895,134.690002,133.660004,133.910004,2609220
2026-06-18 19:00:00+00:00,133.914993,134.279999,133.520004,133.970001,2632735
2026-06-18 19:15:00+00:00,133.979996,134.500000,133.699997,134.274994,3224737
2026-06-18 19:30:00+00:00,134.259995,134.360001,133.520004,134.309906,3565825
2026-06-18 19:45:00+00:00,134.309998,134.630005,131.550003,133.800003,13653489
2026-06-22 13:30:00+00:00,139.205002,141.449997,136.839996,136.920105,20603857
2026-06-22 13:45:00+00:00,137.009995,138.239899,136.210007,137.720001,7816938
2026-06-22 14:00:00+00:00,137.714996,139.379898,137.360001,139.160004,5764825
2026-06-22 14:15:00+00:00,139.189896,139.770004,137.860397,138.839996,4948531
2026-06-22 14:30:00+00:00,138.860001,140.130005,137.610001,137.869995,6522551
2026-06-22 14:45:00+00:00,137.854996,140.214401,137.854996,140.130005,4842296
2026-06-22 15:00:00+00:00,140.125000,140.690002,139.399994,139.535004,4349782
2026-06-22 15:15:00+00:00,139.520004,139.899994,138.289993,138.470001,4782304
2026-06-22 15:30:00+00:00,138.455002,138.759995,137.630005,138.610001,3274860
2026-06-22 15:45:00+00:00,138.610001,139.119995,137.660004,137.899994,3089860
2026-06-22 16:00:00+00:00,137.880005,138.679993,137.429993,138.464996,2438716
2026-06-22 16:15:00+00:00,138.449997,139.479996,138.199997,139.445007,2999693
2026-06-22 16:30:00+00:00,139.470001,139.938400,138.720505,139.059998,2755531
2026-06-22 16:45:00+00:00,139.059998,140.220001,138.350006,139.945007,2751421
2026-06-22 17:00:00+00:00,139.960007,140.350006,139.294998,139.910004,2582052
2026-06-22 17:15:00+00:00,139.919998,141.029999,139.919998,140.699905,3142343
2026-06-22 17:30:00+00:00,140.699997,140.919998,140.380005,140.399994,2208704
2026-06-22 17:45:00+00:00,140.380005,140.929993,140.320007,140.374802,1724109
2026-06-22 18:00:00+00:00,140.354996,140.779907,139.944504,139.949997,1618297
2026-06-22 18:15:00+00:00,139.960007,140.419998,139.835007,140.040100,1928922
2026-06-22 18:30:00+00:00,140.059998,140.740005,140.039993,140.225006,1884711
2026-06-22 18:45:00+00:00,140.240005,140.630005,140.039993,140.330002,2544603
2026-06-22 19:00:00+00:00,140.380005,140.979996,140.309998,140.820007,2478788
2026-06-22 19:15:00+00:00,140.850006,140.979996,140.220001,140.669998,2626652
2026-06-22 19:30:00+00:00,140.684998,141.000000,140.300003,140.335007,2259835
2026-06-22 19:45:00+00:00,140.339996,141.020004,140.179993,140.860001,5617574
2026-06-23 13:30:00+00:00,128.750000,133.149994,128.360001,132.229996,20627106
2026-06-23 13:45:00+00:00,132.259995,136.860001,131.990005,136.320007,8947356
2026-06-23 14:00:00+00:00,136.360001,137.830002,135.880005,137.380005,6557096
2026-06-23 14:15:00+00:00,137.404999,137.979996,136.160004,136.895004,5864904
2026-06-23 14:30:00+00:00,136.910004,137.240005,135.550003,136.139893,5596696
2026-06-23 14:45:00+00:00,136.175003,137.599899,135.410004,136.039993,5208098
2026-06-23 15:00:00+00:00,136.050003,136.839905,135.330002,135.679993,3273506
2026-06-23 15:15:00+00:00,135.690002,136.119995,134.919998,135.679993,3460731
2026-06-23 15:30:00+00:00,135.660004,136.919998,135.230103,135.414993,3203447
2026-06-23 15:45:00+00:00,135.389999,135.899994,134.279999,135.410004,3371492
2026-06-23 16:00:00+00:00,135.429993,136.639999,135.380005,136.479996,2399075
2026-06-23 16:15:00+00:00,136.500000,136.526505,134.720001,135.660004,2601778
2026-06-23 16:30:00+00:00,135.710007,135.849899,134.880005,135.669998,1859712
2026-06-23 16:45:00+00:00,135.710007,135.720001,134.220001,134.610001,2207460
2026-06-23 17:00:00+00:00,134.660004,134.729996,133.410004,133.529999,3717760
2026-06-23 17:15:00+00:00,133.570007,134.500000,133.160095,134.255005,2456494
2026-06-23 17:30:00+00:00,134.229996,134.350006,133.619995,133.695007,1428324
2026-06-23 17:45:00+00:00,133.690002,133.860001,132.800003,132.899994,2186890
2026-06-23 18:00:00+00:00,132.919998,133.669998,132.500000,133.069901,2445571
2026-06-23 18:15:00+00:00,133.039993,133.464996,132.585007,133.330002,1950150
2026-06-23 18:30:00+00:00,133.339996,133.399902,132.279999,132.324997,2018569
2026-06-23 18:45:00+00:00,132.324997,132.580002,131.539993,132.440002,3184694
2026-06-23 19:00:00+00:00,132.440002,133.740005,131.949997,132.750000,3272820
2026-06-23 19:15:00+00:00,132.729996,133.770004,131.932495,133.589996,3055966
2026-06-23 19:30:00+00:00,133.589996,133.929306,132.949997,133.179993,3331298
2026-06-23 19:45:00+00:00,133.190002,133.250000,131.220001,132.279999,7475991
2026-06-24 13:30:00+00:00,132.917999,135.119995,130.029999,130.530106,10881302
2026-06-24 13:45:00+00:00,130.529999,133.445297,130.350098,132.024994,5609063
2026-06-24 14:00:00+00:00,132.020004,133.080002,131.240005,132.429993,3607365
2026-06-24 14:15:00+00:00,132.389999,133.579697,130.429993,133.170593,4149188
2026-06-24 14:30:00+00:00,133.199997,135.500000,133.139999,134.908005,5266848
2026-06-24 14:45:00+00:00,134.880005,136.080002,134.180099,135.429993,4886340
2026-06-24 15:00:00+00:00,135.429993,136.059998,134.410004,134.714996,3709187
2026-06-24 15:15:00+00:00,134.710007,134.949707,133.460007,134.199997,2985946
2026-06-24 15:30:00+00:00,134.225006,134.774994,133.649994,134.250000,2377194
2026-06-24 15:45:00+00:00,134.229996,135.289993,133.750000,134.740005,2244995
2026-06-24 16:00:00+00:00,134.759995,135.199997,134.235001,134.580002,1816069
2026-06-24 16:15:00+00:00,134.580002,135.100006,134.214203,134.639999,1769451
2026-06-24 16:30:00+00:00,134.639999,134.639999,132.460007,132.829895,2872210
2026-06-24 16:45:00+00:00,132.830002,132.830002,131.669998,131.979996,2279301
2026-06-24 17:00:00+00:00,131.990005,132.660004,131.369995,131.410004,2474843
2026-06-24 17:15:00+00:00,131.410004,131.710007,130.250000,130.350006,2755265
2026-06-24 17:30:00+00:00,130.380005,131.050003,130.080002,130.570099,2605444
2026-06-24 17:45:00+00:00,130.610001,130.689896,128.949997,129.195007,3648267
2026-06-24 18:00:00+00:00,129.210007,130.000000,129.009995,129.740005,2071076
2026-06-24 18:15:00+00:00,129.768707,131.470001,129.768707,131.160004,2407969
2026-06-24 18:30:00+00:00,131.160004,131.320007,129.792892,130.210007,2291821
2026-06-24 18:45:00+00:00,130.210007,130.210007,128.820007,129.009995,2146922
2026-06-24 19:00:00+00:00,129.020004,130.000000,127.949997,128.350006,3179604
2026-06-24 19:15:00+00:00,128.350006,130.199997,128.119995,130.029999,2729291
2026-06-24 19:30:00+00:00,130.039993,130.750000,129.600006,129.865005,3004942
2026-06-24 19:45:00+00:00,129.880005,131.970001,129.695007,131.740005,5928276
2026-06-25 13:30:00+00:00,139.669998,140.720001,135.831696,136.139999,14970538
2026-06-25 13:45:00+00:00,136.199997,136.619995,125.410004,125.639999,12399845
2026-06-25 14:00:00+00:00,125.620003,131.169998,125.620003,129.725006,10913774
2026-06-25 14:15:00+00:00,129.725006,130.630005,127.870003,129.485001,6132659
2026-06-25 14:30:00+00:00,129.509995,131.380005,128.729996,129.169998,5488245
2026-06-25 14:45:00+00:00,129.139999,131.449997,128.560104,130.070007,4448369
2026-06-25 15:00:00+00:00,130.134995,131.639999,128.619995,128.714996,4420831
2026-06-25 15:15:00+00:00,128.729996,130.119904,127.889999,129.000000,3994276
2026-06-25 15:30:00+00:00,129.050003,130.039993,128.970001,129.809998,2191794
2026-06-25 15:45:00+00:00,129.800003,130.059998,128.979996,129.029999,2322192
2026-06-25 16:00:00+00:00,129.029999,131.850006,128.899994,131.501099,3091390
2026-06-25 16:15:00+00:00,131.554993,132.000000,129.800003,130.140106,3874148
2026-06-25 16:30:00+00:00,130.139893,130.179993,128.550003,128.699997,3164633
2026-06-25 16:45:00+00:00,128.719894,130.880005,128.070007,130.249893,3059222
2026-06-25 17:00:00+00:00,130.259995,132.240005,130.199997,131.899994,2516095
2026-06-25 17:15:00+00:00,131.924896,132.529907,131.130005,132.270004,2918999
2026-06-25 17:30:00+00:00,132.250000,132.449997,131.770004,131.800903,2088018
2026-06-25 17:45:00+00:00,131.789993,132.270004,131.229996,132.169998,2026648
2026-06-25 18:00:00+00:00,132.210007,132.240005,131.149994,132.020004,2366427
2026-06-25 18:15:00+00:00,132.000000,132.580002,131.360107,132.100006,2104964
2026-06-25 18:30:00+00:00,132.089996,132.089996,130.669998,131.270004,2390835
2026-06-25 18:45:00+00:00,131.259995,131.268707,130.020004,130.550003,2215611
2026-06-25 19:00:00+00:00,130.580002,130.639999,129.889999,130.089996,2138982
2026-06-25 19:15:00+00:00,130.070007,131.059998,129.410095,130.988800,2851833
2026-06-25 19:30:00+00:00,130.949997,131.080002,130.279999,130.940002,2749878
2026-06-25 19:45:00+00:00,130.940002,133.080002,130.529999,133.000000,6558416
2026-06-26 13:30:00+00:00,128.699997,129.759995,125.500000,126.410004,10918975
2026-06-26 13:45:00+00:00,126.430000,129.649994,125.830002,129.250397,5283364
2026-06-26 14:00:00+00:00,129.293594,131.229996,129.020004,130.375000,5129026
2026-06-26 14:15:00+00:00,130.365005,131.179703,129.320007,129.959900,3634159
2026-06-26 14:30:00+00:00,129.990005,130.369995,128.850006,129.229996,3256398
2026-06-26 14:45:00+00:00,129.250000,130.429993,128.401001,129.014999,3032340
2026-06-26 15:00:00+00:00,129.070007,129.550003,127.639999,127.879997,2729098
2026-06-26 15:15:00+00:00,127.879997,129.179993,127.519997,129.009995,2836812
2026-06-26 15:30:00+00:00,129.000000,129.509995,128.300003,129.020004,2884122
2026-06-26 15:45:00+00:00,129.039902,129.369995,128.009995,128.820999,2959999
2026-06-26 16:00:00+00:00,128.820007,129.250000,128.259995,128.524994,1733460
2026-06-26 16:15:00+00:00,128.550003,129.250000,127.870003,129.250000,2358179
2026-06-26 16:30:00+00:00,129.250000,129.479996,128.380005,128.690002,2145647
2026-06-26 16:45:00+00:00,128.699997,129.399994,128.350006,129.320007,2001175
2026-06-26 17:00:00+00:00,129.339996,130.050003,129.190002,129.690002,1794579
2026-06-26 17:15:00+00:00,129.710007,129.720001,128.449997,129.241501,1878569
2026-06-26 17:30:00+00:00,129.259995,129.598801,128.630096,129.000000,1480764
2026-06-26 17:45:00+00:00,129.020004,129.089996,128.289993,128.304993,1444339
2026-06-26 18:00:00+00:00,128.309998,128.539993,128.039993,128.149994,1360212
2026-06-26 18:15:00+00:00,128.139999,128.240005,127.470001,127.809998,2420808
2026-06-26 18:30:00+00:00,127.820000,128.289993,127.669998,127.910004,1476293
2026-06-26 18:45:00+00:00,127.919998,127.940002,127.300003,127.595596,1757470
2026-06-26 19:00:00+00:00,127.599998,128.360001,127.290001,128.309998,1765796
2026-06-26 19:15:00+00:00,128.285004,128.458496,127.330101,128.409897,1844482
2026-06-26 19:30:00+00:00,128.410004,129.779999,128.149994,129.675003,2837243
2026-06-26 19:45:00+00:00,129.669998,129.759995,127.500000,127.660004,7150202
2026-06-29 13:30:00+00:00,126.279999,127.790001,123.199997,124.341003,12744607
2026-06-29 13:45:00+00:00,124.349998,125.129997,121.536201,121.985001,6846368
2026-06-29 14:00:00+00:00,121.989998,122.760002,119.110001,119.200104,7182563
2026-06-29 14:15:00+00:00,119.264999,120.940002,118.500000,120.889999,6532793
2026-06-29 14:30:00+00:00,120.889900,122.230003,120.680000,121.910004,4013307
2026-06-29 14:45:00+00:00,121.889999,123.650002,120.709999,123.554298,3967901
2026-06-29 15:00:00+00:00,123.530403,125.019997,123.459999,124.955002,3740099
2026-06-29 15:15:00+00:00,124.980003,125.227997,124.099998,124.925003,2548919
2026-06-29 15:30:00+00:00,124.910004,125.930000,124.489998,125.864998,2777312
2026-06-29 15:45:00+00:00,125.864998,126.370003,125.375000,126.139999,2147034
2026-06-29 16:00:00+00:00,126.160004,127.279999,126.120697,127.125000,2982779
2026-06-29 16:15:00+00:00,127.125000,128.149994,127.110001,127.709999,5032239
2026-06-29 16:30:00+00:00,127.709999,128.460007,127.260002,128.449997,2337891
2026-06-29 16:45:00+00:00,128.449997,128.919998,128.020096,128.655106,2719184
2026-06-29 17:00:00+00:00,128.619995,129.990005,128.559998,129.744995,3014138
2026-06-29 17:15:00+00:00,129.729996,130.600006,129.199997,130.559998,2475036
2026-06-29 17:30:00+00:00,130.570007,131.100006,130.130005,130.679993,2420293
2026-06-29 17:45:00+00:00,130.639999,131.049896,130.429993,130.647400,1775166
2026-06-29 18:00:00+00:00,130.619995,131.009903,130.380005,130.779999,1349879
2026-06-29 18:15:00+00:00,130.777802,131.139999,130.500000,130.649994,1403208
2026-06-29 18:30:00+00:00,130.649994,131.389999,130.589996,131.120300,1690397
2026-06-29 18:45:00+00:00,131.121597,131.529999,131.080093,131.195007,1884436
2026-06-29 19:00:00+00:00,131.210007,131.529999,130.619995,130.911194,1737931
2026-06-29 19:15:00+00:00,130.910004,131.509995,130.759995,130.979996,1718663
2026-06-29 19:30:00+00:00,131.009995,131.088196,130.360001,130.585007,3287259
2026-06-29 19:45:00+00:00,130.570007,131.910004,130.250000,131.710007,6380618
2026-06-30 13:30:00+00:00,132.184998,135.179993,131.520096,134.550003,10333007
2026-06-30 13:45:00+00:00,134.479996,137.469894,134.020004,137.220001,6973196
2026-06-30 14:00:00+00:00,137.199997,138.199997,136.259995,137.300003,6566925
2026-06-30 14:15:00+00:00,137.270004,138.050003,136.964996,137.645004,4098147
2026-06-30 14:30:00+00:00,137.645004,138.009995,136.770004,137.259995,3430960
2026-06-30 14:45:00+00:00,137.230103,137.850006,136.820999,137.220093,3552419
2026-06-30 15:00:00+00:00,137.240005,140.389999,137.229996,140.260101,6835701
2026-06-30 15:15:00+00:00,140.250000,140.490005,139.740005,139.979996,3737107
2026-06-30 15:30:00+00:00,139.949997,140.679993,139.490005,139.669998,3453219
2026-06-30 15:45:00+00:00,139.639999,140.380005,139.300003,140.020004,2350493
2026-06-30 16:00:00+00:00,140.020004,140.610001,139.800598,140.050003,2070167
2026-06-30 16:15:00+00:00,140.059906,140.550003,139.919693,140.229904,2134053
2026-06-30 16:30:00+00:00,140.229996,140.720001,140.000000,140.500000,2024695
2026-06-30 16:45:00+00:00,140.500000,141.800003,140.350998,140.705002,3304874
2026-06-30 17:00:00+00:00,140.729996,141.699905,140.679993,141.315002,2152370
2026-06-30 17:15:00+00:00,141.300003,142.300003,141.132401,141.940002,2551132
2026-06-30 17:30:00+00:00,141.949997,142.169998,141.679993,142.130005,2138429
2026-06-30 17:45:00+00:00,142.139999,142.339996,141.300003,141.440094,2523669
2026-06-30 18:00:00+00:00,141.440002,141.460007,140.660004,140.669998,2025314
2026-06-30 18:15:00+00:00,140.669998,140.899994,140.119995,140.350006,2369260
2026-06-30 18:30:00+00:00,140.360001,141.115005,140.110001,141.000000,2712752
2026-06-30 18:45:00+00:00,140.990005,141.000000,140.199997,140.345001,2065330
2026-06-30 19:00:00+00:00,140.339996,140.509903,139.830002,140.315002,2198403
2026-06-30 19:15:00+00:00,140.330002,140.479996,140.041199,140.160004,2283566
2026-06-30 19:30:00+00:00,140.139999,140.320007,139.759995,140.229904,2803117
2026-06-30 19:45:00+00:00,140.211105,141.089996,139.419998,139.529999,7871220
2026-07-01 13:30:00+00:00,135.000000,135.089905,132.421707,133.970001,12729456
2026-07-01 13:45:00+00:00,134.029999,135.739899,133.364594,133.710007,5559902
2026-07-01 14:00:00+00:00,133.710007,134.169998,131.830002,131.949997,6227914
2026-07-01 14:15:00+00:00,131.940002,133.110001,131.490005,131.955002,4981763
2026-07-01 14:30:00+00:00,131.949997,132.119995,129.350006,129.550003,5508235
2026-07-01 14:45:00+00:00,129.559998,129.850006,127.949997,128.529999,4894140
2026-07-01 15:00:00+00:00,128.539993,130.054993,128.360001,128.860107,4371787
2026-07-01 15:15:00+00:00,128.899994,130.279999,128.700104,130.125000,4066339
2026-07-01 15:30:00+00:00,130.115005,130.419998,129.419998,129.755005,2734358
2026-07-01 15:45:00+00:00,129.755005,129.820007,128.509995,128.678604,2721098
2026-07-01 16:00:00+00:00,128.660004,129.399994,128.479996,128.899994,2318865
2026-07-01 16:15:00+00:00,128.904999,129.990005,128.750000,129.789993,1975293
2026-07-01 16:30:00+00:00,129.800003,129.850006,128.860001,129.309998,1549706
2026-07-01 16:45:00+00:00,129.309998,129.659897,128.800003,128.985001,1403410
2026-07-01 17:00:00+00:00,129.000000,129.209000,128.059998,128.669998,2445668
2026-07-01 17:15:00+00:00,128.654999,129.089905,128.520004,128.610001,1549953
2026-07-01 17:30:00+00:00,128.619904,128.669998,128.059998,128.088898,1597120
2026-07-01 17:45:00+00:00,128.085007,128.300003,127.419998,127.519997,2770096
2026-07-01 18:00:00+00:00,127.529999,128.649994,127.379997,128.244995,2249170
2026-07-01 18:15:00+00:00,128.240005,128.440002,127.750000,127.860001,2077941
2026-07-01 18:30:00+00:00,127.860001,128.154297,127.330002,127.570000,1873523
2026-07-01 18:45:00+00:00,127.580002,127.580002,126.730003,127.144997,2741329
2026-07-01 19:00:00+00:00,127.139999,128.630005,127.000000,128.130005,3224046
2026-07-01 19:15:00+00:00,128.095001,128.630005,127.629997,128.559998,3169951
2026-07-01 19:30:00+00:00,128.559998,129.470001,127.529999,127.595001,3550841
2026-07-01 19:45:00+00:00,127.595001,127.985001,126.680496,127.019997,8263122
2026-07-02 13:30:00+00:00,128.914993,129.039993,124.320000,126.729599,12541853
2026-07-02 13:45:00+00:00,126.739998,130.600006,126.610001,130.500000,6180415
2026-07-02 14:00:00+00:00,130.548004,130.740005,128.330002,129.320007,4602239
2026-07-02 14:15:00+00:00,129.300003,129.399994,125.256302,125.410004,5202159
2026-07-02 14:30:00+00:00,125.379997,125.800003,123.050003,123.195000,5242974
2026-07-02 14:45:00+00:00,123.199997,124.400002,122.750000,124.324402,4753516
2026-07-02 15:00:00+00:00,124.370003,124.580002,122.870102,123.275002,3857131
2026-07-02 15:15:00+00:00,123.320000,123.845497,122.120003,122.820099,3829032
2026-07-02 15:30:00+00:00,122.834999,125.370003,122.834999,123.961197,3589176
2026-07-02 15:45:00+00:00,124.004997,124.360001,122.955597,123.680000,2492440
2026-07-02 16:00:00+00:00,123.680000,123.699997,122.051598,122.290001,2720213
2026-07-02 16:15:00+00:00,122.230003,122.309998,120.059998,120.235001,4587692
2026-07-02 16:30:00+00:00,120.230003,121.379997,119.779999,121.250000,4107098
2026-07-02 16:45:00+00:00,121.250000,121.370003,119.480003,120.160004,3354854
2026-07-02 17:00:00+00:00,120.230003,121.199997,119.789299,120.059998,3177736
2026-07-02 17:15:00+00:00,120.050003,120.519997,119.629997,119.830002,2211785
2026-07-02 17:30:00+00:00,119.809998,119.980103,118.601501,119.195000,3058232
2026-07-02 17:45:00+00:00,119.195000,119.500000,118.500000,118.860001,2758041
2026-07-02 18:00:00+00:00,118.910004,120.489998,118.809998,119.845001,3913773
2026-07-02 18:15:00+00:00,119.855003,120.000000,119.410004,119.938004,1925665
2026-07-02 18:30:00+00:00,119.919998,120.580002,119.701698,119.989998,2390432
2026-07-02 18:45:00+00:00,119.995003,120.709999,119.230003,120.011398,2243023
2026-07-02 19:00:00+00:00,120.025200,120.264503,118.080002,118.539902,3091120
2026-07-02 19:15:00+00:00,118.514999,119.082497,117.629997,118.709999,4328213
2026-07-02 19:30:00+00:00,118.739998,119.559998,118.570000,118.870003,3591838
2026-07-02 19:45:00+00:00,118.889999,120.540001,118.760002,120.480003,8022928
2026-07-06 13:30:00+00:00,122.570000,126.535004,121.680000,125.699997,11712975
2026-07-06 13:45:00+00:00,125.669998,126.699997,124.419998,125.050003,5382276
2026-07-06 14:00:00+00:00,125.059998,126.900002,124.855003,126.720001,4627332
2026-07-06 14:15:00+00:00,126.690002,127.260002,126.209999,126.459999,3746203
2026-07-06 14:30:00+00:00,126.489998,126.919998,126.019997,126.610001,2746502
2026-07-06 14:45:00+00:00,126.610001,127.300003,125.500000,126.199997,3078164
2026-07-06 15:00:00+00:00,126.220001,126.540001,124.349998,124.651001,3006194
2026-07-06 15:15:00+00:00,124.639999,125.150002,123.989998,125.129997,2745130
2026-07-06 15:30:00+00:00,125.120003,125.379898,124.650002,124.714996,1991627
2026-07-06 15:45:00+00:00,124.739899,125.000000,124.204903,124.519997,1749255
2026-07-06 16:00:00+00:00,124.510002,124.739998,124.040001,124.445000,2038057
2026-07-06 16:15:00+00:00,124.469902,124.860001,124.182701,124.839996,1560583
2026-07-06 16:30:00+00:00,124.860001,124.970001,124.019997,124.040001,1570710
2026-07-06 16:45:00+00:00,124.020103,124.268501,123.989998,124.080002,2102057
2026-07-06 17:00:00+00:00,124.080002,124.650299,124.000000,124.269997,1526416
2026-07-06 17:15:00+00:00,124.290001,124.360001,123.120003,123.209999,1918245
2026-07-06 17:30:00+00:00,123.209999,123.229897,122.410004,122.738998,1765659
2026-07-06 17:45:00+00:00,122.735001,123.250000,122.529999,122.689903,1655613
2026-07-06 18:00:00+00:00,122.680000,123.500000,122.629997,122.970001,1560759
2026-07-06 18:15:00+00:00,122.974998,123.480003,122.389999,122.449997,1437998
2026-07-06 18:30:00+00:00,122.459999,122.500000,122.060898,122.315002,1728823
2026-07-06 18:45:00+00:00,122.330002,122.650002,122.245003,122.459999,1510767
2026-07-06 19:00:00+00:00,122.474998,122.989998,122.240097,122.690002,1891179
2026-07-06 19:15:00+00:00,122.669998,124.150002,122.610001,123.580101,2583987
2026-07-06 19:30:00+00:00,123.620003,123.650002,122.675003,123.404999,2250449
2026-07-06 19:45:00+00:00,123.370003,123.510002,122.000000,122.220001,5383788
2026-07-07 13:30:00+00:00,116.220001,116.469902,111.199997,114.945000,19187992
2026-07-07 13:45:00+00:00,114.949997,115.180000,111.800003,112.570000,8030146
2026-07-07 14:00:00+00:00,112.580002,112.580002,110.510002,110.650002,7982235
2026-07-07 14:15:00+00:00,110.665001,110.779999,109.139999,110.315002,8235894
2026-07-07 14:30:00+00:00,110.330002,110.510002,108.360001,108.550003,6632683
2026-07-07 14:45:00+00:00,108.550003,110.669998,108.430000,110.160004,5172757
2026-07-07 15:00:00+00:00,110.150002,111.019997,109.490097,110.294998,4159440
2026-07-07 15:15:00+00:00,110.279999,110.320000,108.900002,109.449997,3964510
2026-07-07 15:30:00+00:00,109.431000,109.699997,108.760101,109.110001,3574847
2026-07-07 15:45:00+00:00,109.099998,109.940002,108.820099,109.670097,3900674
2026-07-07 16:00:00+00:00,109.690002,110.879997,109.400002,110.730202,4127948
2026-07-07 16:15:00+00:00,110.724998,111.949997,110.510002,111.724998,4238108
2026-07-07 16:30:00+00:00,111.709999,111.989601,110.139999,110.760002,4684594
2026-07-07 16:45:00+00:00,110.760002,111.349998,110.410004,110.919998,3224902
2026-07-07 17:00:00+00:00,110.930000,112.339996,110.870102,111.330002,3349370
2026-07-07 17:15:00+00:00,111.325996,111.639999,110.820000,110.979897,2612495
2026-07-07 17:30:00+00:00,110.980003,111.389999,110.730003,111.089996,2121014
2026-07-07 17:45:00+00:00,111.089996,111.220001,110.699997,111.100098,1641134
2026-07-07 18:00:00+00:00,111.120003,111.199898,110.660103,111.014999,1738082
2026-07-07 18:15:00+00:00,111.029503,111.120003,110.500000,110.580002,1730325
2026-07-07 18:30:00+00:00,110.580002,110.800003,109.610001,109.949997,3622826
2026-07-07 18:45:00+00:00,109.949997,110.251801,109.015999,109.120003,3604046
2026-07-07 19:00:00+00:00,109.110001,109.660004,108.699997,108.860001,3493689
2026-07-07 19:15:00+00:00,108.879997,109.250000,108.300003,109.242996,5505627
2026-07-07 19:30:00+00:00,109.220001,109.989998,109.070000,109.360001,4237990
2026-07-07 19:45:00+00:00,109.379997,110.599998,109.050003,110.504997,7176478
2026-07-08 13:30:00+00:00,108.279999,110.297997,107.699997,108.620003,15273623
2026-07-08 13:45:00+00:00,108.630096,109.500000,107.970001,109.080002,5314259
2026-07-08 14:00:00+00:00,109.074997,109.708397,107.500000,107.989998,4618499
2026-07-08 14:15:00+00:00,107.980003,109.099899,107.559998,107.829399,3659728
2026-07-08 14:30:00+00:00,107.824997,108.099998,106.760002,107.000000,4117868
2026-07-08 14:45:00+00:00,107.014999,107.080002,105.639999,106.360001,5838279
2026-07-08 15:00:00+00:00,106.360001,106.739998,105.720001,105.720001,2988278
2026-07-08 15:15:00+00:00,105.720001,105.959999,104.459999,104.800003,5749462
2026-07-08 15:30:00+00:00,104.800003,105.599998,104.650002,105.130096,3038474
2026-07-08 15:45:00+00:00,105.139999,105.289902,104.410004,104.974998,2816270
2026-07-08 16:00:00+00:00,105.019997,106.199997,104.870003,106.098900,2476456
2026-07-08 16:15:00+00:00,106.110001,107.040001,105.660004,106.849998,2894872
2026-07-08 16:30:00+00:00,106.830902,107.389999,106.269997,106.830002,2681668
2026-07-08 16:45:00+00:00,106.847702,107.050003,106.340103,106.860001,2123232
2026-07-08 17:00:00+00:00,106.889999,107.660004,106.445000,106.849998,2536506
2026-07-08 17:15:00+00:00,106.849998,107.779999,106.830101,107.745003,1936658
2026-07-08 17:30:00+00:00,107.745003,108.220001,107.519997,107.559998,2666158
2026-07-08 17:45:00+00:00,107.550003,107.620003,106.950104,107.122704,2082186
2026-07-08 18:00:00+00:00,107.120003,108.129997,106.900002,107.960098,2113280
2026-07-08 18:15:00+00:00,107.970001,108.230003,107.500000,107.639999,1696921
2026-07-08 18:30:00+00:00,107.635002,107.779999,107.209999,107.629799,1528219
2026-07-08 18:45:00+00:00,107.620003,107.949997,107.364998,107.670502,1403580
2026-07-08 19:00:00+00:00,107.650002,107.919998,107.239998,107.514999,1771479
2026-07-08 19:15:00+00:00,107.514999,108.160004,107.459999,108.040001,2289029
2026-07-08 19:30:00+00:00,108.055000,108.324997,107.430000,108.315002,2856550
2026-07-08 19:45:00+00:00,108.320000,110.489998,108.282204,110.339996,8867481
2026-07-09 13:30:00+00:00,114.860001,116.540001,113.419998,116.485001,17116481
2026-07-09 13:45:00+00:00,116.478996,116.769897,114.660004,115.400002,6092114
2026-07-09 14:00:00+00:00,115.410004,115.926102,114.209999,115.019997,5117238
2026-07-09 14:15:00+00:00,115.010002,115.014999,112.349998,113.209999,5593986
2026-07-09 14:30:00+00:00,113.190002,113.269897,112.250000,112.879997,3791196
2026-07-09 14:45:00+00:00,112.900002,113.900002,112.345001,112.945000,3780002
2026-07-09 15:00:00+00:00,112.980003,113.559998,112.510002,113.355003,3256985
2026-07-09 15:15:00+00:00,113.339996,113.389999,112.550003,112.830002,2386048
2026-07-09 15:30:00+00:00,112.852501,112.969902,112.379997,112.665001,2293301
2026-07-09 15:45:00+00:00,112.680000,113.419998,112.629997,113.179901,2528941
2026-07-09 16:00:00+00:00,113.160004,113.709999,112.919998,113.139900,2186777
2026-07-09 16:15:00+00:00,113.129997,113.279503,112.410004,112.470001,2109990
2026-07-09 16:30:00+00:00,112.470001,113.029999,111.800003,112.839996,2839087
2026-07-09 16:45:00+00:00,112.820000,112.870003,112.529999,112.660004,1376736
2026-07-09 17:00:00+00:00,112.650002,113.370003,112.610001,113.114998,1748138
2026-07-09 17:15:00+00:00,113.124397,113.500000,112.660004,112.660004,2045432
2026-07-09 17:30:00+00:00,112.680000,113.099998,112.500000,112.959999,1826737
2026-07-09 17:45:00+00:00,112.949997,112.989998,112.500000,112.589996,1641755
2026-07-09 18:00:00+00:00,112.629997,112.879997,112.290001,112.360001,2099140
2026-07-09 18:15:00+00:00,112.355003,112.625000,112.110001,112.375000,1676501
2026-07-09 18:30:00+00:00,112.370102,112.839996,112.370003,112.705002,1704322
2026-07-09 18:45:00+00:00,112.690002,113.150002,112.660004,112.894997,1502153
2026-07-09 19:00:00+00:00,112.900002,112.919998,112.160004,112.400002,2059694
2026-07-09 19:15:00+00:00,112.389999,112.800003,112.099998,112.349998,1854644
2026-07-09 19:30:00+00:00,112.320000,112.500000,111.919998,112.330002,2347845
2026-07-09 19:45:00+00:00,112.324997,112.551003,111.519997,112.551003,5775540
2026-07-10 13:30:00+00:00,109.574997,110.000000,107.449997,108.398598,10566701
2026-07-10 13:45:00+00:00,108.410004,109.730003,108.410004,108.949997,4524324
2026-07-10 14:00:00+00:00,108.959999,109.449898,108.730003,108.989998,2902057
2026-07-10 14:15:00+00:00,108.989998,109.519997,108.370003,109.200104,3021265
2026-07-10 14:30:00+00:00,109.230003,109.739899,108.000000,109.139999,3137730
2026-07-10 14:45:00+00:00,109.120003,109.349998,108.330002,108.470001,2129867
2026-07-10 15:00:00+00:00,108.500000,108.989998,107.920097,108.910004,2914086
2026-07-10 15:15:00+00:00,108.910004,109.699997,108.900002,109.589996,2518883
2026-07-10 15:30:00+00:00,109.599998,109.739998,108.199997,108.559998,2520432
2026-07-10 15:45:00+00:00,108.570000,109.250000,108.370003,109.224998,1849683
2026-07-10 16:00:00+00:00,109.224998,109.510002,109.089996,109.160004,1752824
2026-07-10 16:15:00+00:00,109.180000,109.629997,109.180000,109.489998,1749398
2026-07-10 16:30:00+00:00,109.485001,109.839996,109.385002,109.620003,1982518
2026-07-10 16:45:00+00:00,109.629997,109.849998,109.209999,109.504997,1736620
2026-07-10 17:00:00+00:00,109.500000,109.970001,109.360001,109.820000,1299025
2026-07-10 17:15:00+00:00,109.820000,110.658501,109.750000,110.620003,1711258
2026-07-10 17:30:00+00:00,110.629997,110.849998,110.449997,110.769997,1973392
2026-07-10 17:45:00+00:00,110.764999,110.849998,109.860001,109.974403,1670948
2026-07-10 18:00:00+00:00,109.989998,110.459999,109.930000,110.208504,1510005
2026-07-10 18:15:00+00:00,110.209999,110.279999,109.849998,109.949997,1136174
2026-07-10 18:30:00+00:00,109.959999,110.220001,109.820000,109.889900,965066
2026-07-10 18:45:00+00:00,109.885002,110.099998,109.750000,109.940002,1013922
2026-07-10 19:00:00+00:00,109.959999,110.349998,109.860001,110.055000,1431217
2026-07-10 19:15:00+00:00,110.029999,110.116096,109.670097,110.000000,1604901
2026-07-10 19:30:00+00:00,110.014999,110.360001,109.720001,109.720001,1781286
2026-07-10 19:45:00+00:00,109.720001,110.120003,109.550003,109.820000,4466739
2026-07-13 13:30:00+00:00,105.955002,106.040001,103.370003,104.114998,12054763
2026-07-13 13:45:00+00:00,104.129997,105.550003,103.550003,105.349998,4793931
2026-07-13 14:00:00+00:00,105.359901,105.659897,104.129997,105.019997,3890010
2026-07-13 14:15:00+00:00,105.014999,105.735001,104.184998,105.724998,3947922
2026-07-13 14:30:00+00:00,105.720001,106.169998,104.945000,105.379997,3312632
2026-07-13 14:45:00+00:00,105.389999,105.669899,104.500000,105.373901,3304735
2026-07-13 15:00:00+00:00,105.400002,105.680099,104.919998,105.239998,2116812
2026-07-13 15:15:00+00:00,105.209999,105.389999,104.915001,105.089996,1638676
2026-07-13 15:30:00+00:00,105.089996,105.500000,104.610001,104.665001,1910866
2026-07-13 15:45:00+00:00,104.639999,104.750000,103.800003,104.169998,3197827
2026-07-13 16:00:00+00:00,104.150002,104.290001,103.750000,103.860001,2619762
2026-07-13 16:15:00+00:00,103.879997,103.900002,102.959999,103.410004,3019724
2026-07-13 16:30:00+00:00,103.419899,103.419899,102.610100,103.209999,2769246
2026-07-13 16:45:00+00:00,103.209999,103.500000,102.720001,103.224403,2060808
2026-07-13 17:00:00+00:00,103.269997,103.889999,103.214996,103.410004,1630322
2026-07-13 17:15:00+00:00,103.410004,103.510002,102.779999,102.946800,1850216
2026-07-13 17:30:00+00:00,102.959999,103.239998,102.730003,102.940002,1708155
2026-07-13 17:45:00+00:00,102.970001,103.110001,102.500000,102.699997,1999441
2026-07-13 18:00:00+00:00,102.699997,103.339996,102.695000,103.080002,1787127
2026-07-13 18:15:00+00:00,103.074997,103.129997,102.209999,102.418701,2489700
2026-07-13 18:30:00+00:00,102.394997,102.550003,102.220001,102.404999,1701185
2026-07-13 18:45:00+00:00,102.410004,102.579300,102.250099,102.320099,1911092
2026-07-13 19:00:00+00:00,102.349998,102.559998,101.940002,102.269997,3129679
2026-07-13 19:15:00+00:00,102.269997,102.309998,101.790001,102.059998,2872333
2026-07-13 19:30:00+00:00,102.080002,102.809998,102.000000,102.790001,4817918
2026-07-13 19:45:00+00:00,102.790001,103.610001,102.660004,103.080002,7596401
2026-07-14 13:30:00+00:00,107.959999,107.980003,106.230103,106.974998,13441268
2026-07-14 13:45:00+00:00,106.950104,107.550003,106.199997,106.279999,4154034
2026-07-14 14:00:00+00:00,106.269997,106.519997,104.269997,104.460098,4740065
2026-07-14 14:15:00+00:00,104.459999,104.480003,103.590500,103.875000,4597359
2026-07-14 14:30:00+00:00,103.870003,105.160004,103.599998,104.815002,4323526
2026-07-14 14:45:00+00:00,104.809998,105.480003,103.920097,105.315002,2963606
2026-07-14 15:00:00+00:00,105.324997,106.189903,105.120003,105.853401,3120473
2026-07-14 15:15:00+00:00,105.870003,106.480003,105.540001,106.430000,2578223
2026-07-14 15:30:00+00:00,106.400101,107.150002,106.010101,107.089996,3063877
2026-07-14 15:45:00+00:00,107.089996,107.160004,106.139999,106.714996,2687837
2026-07-14 16:00:00+00:00,106.730003,106.849998,106.120003,106.160004,1902548
2026-07-14 16:15:00+00:00,106.175003,107.199997,105.839996,107.059998,2446340
2026-07-14 16:30:00+00:00,107.065002,107.150002,106.389999,106.745003,1867522
2026-07-14 16:45:00+00:00,106.759903,106.889999,106.264999,106.529999,1229561
2026-07-14 17:00:00+00:00,106.470001,107.059998,106.401001,106.430000,1440213
2026-07-14 17:15:00+00:00,106.415001,107.470001,106.349998,107.025002,1872363
2026-07-14 17:30:00+00:00,107.025002,107.379997,106.750000,107.169998,1238262
2026-07-14 17:45:00+00:00,107.165001,107.459999,107.089996,107.135002,1362260
2026-07-14 18:00:00+00:00,107.144997,107.510002,107.000000,107.474998,1246236
2026-07-14 18:15:00+00:00,107.470001,108.330002,107.440002,108.285004,2622935
2026-07-14 18:30:00+00:00,108.285004,108.849701,108.279999,108.470001,3472283
2026-07-14 18:45:00+00:00,108.479500,109.190002,108.440002,108.510002,2564548
2026-07-14 19:00:00+00:00,108.514999,108.519997,107.860001,108.257797,2288914
2026-07-14 19:15:00+00:00,108.279999,108.449997,107.709999,107.739998,2092658
2026-07-14 19:30:00+00:00,107.739998,108.539902,107.360001,108.300003,2618691
2026-07-14 19:45:00+00:00,108.279999,108.779999,107.589996,107.769997,5792773
2026-07-15 13:30:00+00:00,107.894997,108.500000,106.550003,106.919998,12593182
2026-07-15 13:45:00+00:00,106.930000,107.180000,105.584999,106.315002,4760311
2026-07-15 14:00:00+00:00,106.309998,106.680000,104.830002,104.839500,4773244
2026-07-15 14:15:00+00:00,104.824997,104.959999,102.620003,103.614998,5890076
2026-07-15 14:30:00+00:00,103.614998,103.699997,101.343399,102.334999,6287144
2026-07-15 14:45:00+00:00,102.330002,102.650002,101.680000,102.430000,4256317
2026-07-15 15:00:00+00:00,102.459999,102.639999,101.680099,101.690002,3420563
2026-07-15 15:15:00+00:00,101.690002,101.760002,100.629997,101.650101,4825740
2026-07-15 15:30:00+00:00,101.650002,102.050003,101.220001,101.309998,3008065
2026-07-15 15:45:00+00:00,101.309998,101.480003,100.720001,100.779999,2867866
2026-07-15 16:00:00+00:00,100.769997,100.940002,99.230003,99.419197,5665663
2026-07-15 16:15:00+00:00,99.380096,99.989998,99.279999,99.930000,3774677
2026-07-15 16:30:00+00:00,99.900002,100.160004,99.199997,99.885002,3880771
2026-07-15 16:45:00+00:00,99.885002,100.980003,99.790001,100.680702,3554267
2026-07-15 17:00:00+00:00,100.705002,101.449997,100.629997,101.029999,3133330
2026-07-15 17:15:00+00:00,101.035004,101.790001,100.900002,101.660004,2604535
2026-07-15 17:30:00+00:00,101.650002,102.109901,101.630096,102.019997,2770536
2026-07-15 17:45:00+00:00,102.019997,102.369698,101.540001,101.665100,2401928
2026-07-15 18:00:00+00:00,101.669998,102.410004,101.620003,101.690002,3187470
2026-07-15 18:15:00+00:00,101.680000,102.019302,101.269997,101.599998,2334523
2026-07-15 18:30:00+00:00,101.629997,101.955002,101.410004,101.555000,2028402
2026-07-15 18:45:00+00:00,101.559998,101.800003,101.135002,101.350098,2204022
2026-07-15 19:00:00+00:00,101.339996,102.205002,101.230003,101.770798,2389390
2026-07-15 19:15:00+00:00,101.785004,102.080002,101.059998,102.070000,2836564
2026-07-15 19:30:00+00:00,102.080101,103.239998,102.040001,103.099998,4142652
2026-07-15 19:45:00+00:00,103.099998,103.445000,102.800003,102.989998,7651065
2026-07-16 13:30:00+00:00,101.129997,101.879997,98.919998,99.000000,12301285
2026-07-16 13:45:00+00:00,99.010002,99.798698,98.279999,99.699997,5604882
2026-07-16 14:00:00+00:00,99.680000,100.980003,99.489998,100.570000,4087322
2026-07-16 14:15:00+00:00,100.570000,100.889999,99.570000,100.321999,2896971
2026-07-16 14:30:00+00:00,100.289902,100.289902,99.139999,99.460098,2703868
2026-07-16 14:45:00+00:00,99.471298,99.625000,98.589996,99.269997,2502453
2026-07-16 15:00:00+00:00,99.272697,99.629997,98.480003,98.675499,2801753
2026-07-16 15:15:00+00:00,98.690002,99.199997,98.410004,98.750000,2493470
2026-07-16 15:30:00+00:00,98.720001,99.360001,98.400002,98.500000,2342784
2026-07-16 15:45:00+00:00,98.489998,98.785004,98.110001,98.129997,2427023
2026-07-16 16:00:00+00:00,98.129997,98.360001,97.330002,97.445000,4239839
2026-07-16 16:15:00+00:00,97.440002,102.989998,97.220001,97.580002,2665705
2026-07-16 16:30:00+00:00,97.589996,97.879997,96.849998,96.885002,2658135
2026-07-16 16:45:00+00:00,96.889999,97.250000,96.360100,97.099998,3065158
2026-07-16 17:00:00+00:00,97.099998,97.189201,96.680000,96.730003,1930027
2026-07-16 17:15:00+00:00,96.730003,96.899200,96.059998,96.599998,2825556
2026-07-16 17:30:00+00:00,96.605003,96.720001,95.720001,95.900002,2629954
2026-07-16 17:45:00+00:00,95.910004,96.080002,95.480003,95.710701,2721957
2026-07-16 18:00:00+00:00,95.724998,96.360001,95.599998,95.910004,2509902
2026-07-16 18:15:00+00:00,95.919998,97.059998,95.785004,96.730003,3071088
2026-07-16 18:30:00+00:00,96.714996,96.857101,96.279999,96.750000,2299923
2026-07-16 18:45:00+00:00,96.730103,96.800003,96.290001,96.400002,1903454
2026-07-16 19:00:00+00:00,96.400002,96.620003,96.190002,96.419998,2691993
2026-07-16 19:15:00+00:00,96.400002,96.510002,95.889999,96.230003,3349322
2026-07-16 19:30:00+00:00,96.250000,96.480003,95.910103,96.180000,4583497
2026-07-16 19:45:00+00:00,96.169998,97.209999,95.529999,96.980003,9754240
2026-07-17 13:30:00+00:00,92.074997,93.870003,89.650002,89.813400,20251425
2026-07-17 13:45:00+00:00,89.820000,93.389999,89.589996,93.175003,8739643
2026-07-17 14:00:00+00:00,93.209999,96.121201,93.110001,94.700104,8292857
2026-07-17 14:15:00+00:00,94.769997,96.000000,94.389999,94.555000,5439049
2026-07-17 14:30:00+00:00,94.550003,95.152496,93.559998,94.315002,4142805
2026-07-17 14:45:00+00:00,94.309998,94.525002,93.190002,93.220100,3316398
2026-07-17 15:00:00+00:00,93.269997,93.430000,92.580002,92.970001,55466528
2026-07-17 15:15:00+00:00,92.959999,93.750000,92.730003,93.510002,3237783
2026-07-17 15:30:00+00:00,93.510002,94.520103,93.110001,93.800003,2753404
2026-07-17 15:45:00+00:00,93.815002,95.703400,93.775002,95.396004,3176562
2026-07-17 16:00:00+00:00,95.419998,96.540001,95.050003,96.214996,4736001
2026-07-17 16:15:00+00:00,96.214996,96.300003,95.050003,95.680000,3495628
2026-07-17 16:30:00+00:00,95.654404,96.029999,95.140099,96.029999,1747040
2026-07-17 16:45:00+00:00,96.036697,96.650002,95.910103,96.209999,2455326
2026-07-17 17:00:00+00:00,96.220001,97.599998,96.135002,97.309998,3907419
2026-07-17 17:15:00+00:00,97.300003,98.050003,97.040001,97.449997,3726724
2026-07-17 17:30:00+00:00,97.449997,97.949997,96.500000,96.650002,3539420
2026-07-17 17:45:00+00:00,96.650002,96.870003,96.074997,96.305000,1901233
2026-07-17 18:00:00+00:00,96.315102,96.775002,95.919998,95.980003,1896450
2026-07-17 18:15:00+00:00,95.970001,96.067497,95.330002,95.719902,1809733
2026-07-17 18:30:00+00:00,95.699997,96.149902,95.440002,95.532204,1914449
2026-07-17 18:45:00+00:00,95.510002,95.930000,95.389999,95.660500,1564720
2026-07-17 19:00:00+00:00,95.689903,95.720001,95.000000,95.029999,1947860
2026-07-17 19:15:00+00:00,95.019997,95.699997,94.690002,95.570099,2773972
2026-07-17 19:30:00+00:00,95.589996,96.199997,95.110001,95.470001,3685342
2026-07-17 19:45:00+00:00,95.470001,96.010002,94.809998,95.040001,8319981
2026-07-20 13:30:00+00:00,97.614998,100.570000,97.055000,100.125000,14592780
2026-07-20 13:45:00+00:00,100.129997,100.980003,98.379997,98.839996,7188946
2026-07-20 14:00:00+00:00,98.834999,99.099998,97.620102,98.220100,3762951
2026-07-20 14:15:00+00:00,98.230003,99.379997,97.309998,99.349998,4260825
2026-07-20 14:30:00+00:00,99.349998,99.489998,98.029999,98.309998,2917490
2026-07-20 14:45:00+00:00,98.324997,98.538399,97.059998,97.289902,2986885
2026-07-20 15:00:00+00:00,97.290001,98.000000,97.136002,97.710098,2656817
2026-07-20 15:15:00+00:00,97.779999,98.570000,97.629997,98.510101,2232919
2026-07-20 15:30:00+00:00,98.510399,98.724998,98.029999,98.370003,1871914
2026-07-20 15:45:00+00:00,98.379997,98.730003,97.919998,98.635002,1902860
2026-07-20 16:00:00+00:00,98.635002,99.370003,98.550003,99.370003,2125591
2026-07-20 16:15:00+00:00,99.380096,99.400002,98.740097,98.930000,1742640
2026-07-20 16:30:00+00:00,98.919998,99.189903,98.410004,98.504997,2188300
2026-07-20 16:45:00+00:00,98.492599,98.779999,98.170097,98.650002,1264477
2026-07-20 17:00:00+00:00,98.669998,98.870003,98.290001,98.370003,1334180
2026-07-20 17:15:00+00:00,98.389999,99.028000,98.190002,98.749901,1539899
2026-07-20 17:30:00+00:00,98.760002,98.870003,98.059998,98.184998,1105368
2026-07-20 17:45:00+00:00,98.169998,98.730003,98.149902,98.485100,1239143
2026-07-20 18:00:00+00:00,98.489998,98.789703,98.309998,98.716202,1327900
2026-07-20 18:15:00+00:00,98.714996,98.900002,98.250000,98.400002,1349306
2026-07-20 18:30:00+00:00,98.403198,98.470001,97.900002,98.099998,1619838
2026-07-20 18:45:00+00:00,98.095001,98.489998,97.890099,98.049896,1404491
2026-07-20 19:00:00+00:00,98.050003,98.279900,97.370003,97.440002,2180885
2026-07-20 19:15:00+00:00,97.439903,97.939903,97.214500,97.824997,2294628
2026-07-20 19:30:00+00:00,97.769997,98.173401,97.559998,97.879997,6311930
2026-07-20 19:45:00+00:00,97.889999,98.029900,96.919998,97.090202,5776232
2026-07-21 13:30:00+00:00,103.269997,104.190002,102.260002,102.949997,15090275
2026-07-21 13:45:00+00:00,102.919998,103.645203,102.021202,102.785004,5562611
2026-07-21 14:00:00+00:00,102.639999,102.940002,101.220001,102.300003,4617181
2026-07-21 14:15:00+00:00,102.305000,102.739998,101.720001,102.625000,3212324
2026-07-21 14:30:00+00:00,102.629997,103.889999,102.510002,103.699997,3800281
2026-07-21 14:45:00+00:00,103.709999,103.910004,103.099998,103.654999,3024764
2026-07-21 15:00:00+00:00,103.629997,104.519997,103.120003,104.455002,38818654
2026-07-21 15:15:00+00:00,104.459999,104.760002,103.945000,104.275002,3366803
2026-07-21 15:30:00+00:00,104.250099,104.320000,103.570000,103.649902,2289400
2026-07-21 15:45:00+00:00,103.630997,104.179901,103.620003,103.709503,2072467
2026-07-21 16:00:00+00:00,103.690002,104.339996,103.629997,104.334396,2140009
2026-07-21 16:15:00+00:00,104.334503,104.636398,104.269997,104.389999,2349435
2026-07-21 16:30:00+00:00,104.400002,104.620003,104.000099,104.449997,2599670
2026-07-21 16:45:00+00:00,104.449997,104.989998,104.400002,104.555496,2308856
2026-07-21 17:00:00+00:00,104.559998,105.654999,104.540001,105.004997,3605826
2026-07-21 17:15:00+00:00,105.190002,105.440002,104.699997,104.780098,1877022
2026-07-21 17:30:00+00:00,104.790001,105.110001,104.739998,105.070000,3008349
2026-07-21 17:45:00+00:00,105.089996,105.290001,104.919998,105.039803,1844581
2026-07-21 18:00:00+00:00,105.040001,105.269997,104.889999,105.040001,1683172
2026-07-21 18:15:00+00:00,105.040001,105.190002,104.919998,105.129997,1916045
2026-07-21 18:30:00+00:00,105.139999,105.559998,104.949997,105.535004,2173608
2026-07-21 18:45:00+00:00,105.540001,105.629997,104.879997,105.160004,2854512
2026-07-21 19:00:00+00:00,105.150002,105.273399,104.639999,104.790001,2310111
2026-07-21 19:15:00+00:00,104.779999,105.150002,104.620003,104.675003,2167735
2026-07-21 19:30:00+00:00,104.730003,105.720001,104.629997,105.580002,3406600
2026-07-21 19:45:00+00:00,105.580002,106.160004,105.360001,105.430000,7101610
2026-07-22 13:30:00+00:00,101.599998,104.739998,101.480003,104.660004,10334236
2026-07-22 13:45:00+00:00,104.650002,106.349998,104.129997,106.180000,6263963
2026-07-22 14:00:00+00:00,106.190002,106.230003,104.880600,105.253197,3844390
2026-07-22 14:15:00+00:00,104.849998,106.279999,104.695000,105.669998,3192848
2026-07-22 14:30:00+00:00,105.660004,106.089897,105.440002,105.639999,2422896
2026-07-22 14:45:00+00:00,105.660004,106.120003,105.160004,105.599998,2746448
2026-07-22 15:00:00+00:00,105.680000,106.230003,105.640800,105.964897,2263283
2026-07-22 15:15:00+00:00,105.949997,106.849998,105.910103,106.375504,3019312
2026-07-22 15:30:00+00:00,106.355003,106.510002,105.519997,105.635002,2096369
2026-07-22 15:45:00+00:00,105.650002,105.830002,105.449997,105.769997,1510304
2026-07-22 16:00:00+00:00,105.767303,105.860001,105.550003,105.809998,1341178
2026-07-22 16:15:00+00:00,105.805000,105.879997,105.169998,105.284203,1529037
2026-07-22 16:30:00+00:00,105.290001,105.468399,104.720001,104.775002,1693364
2026-07-22 16:45:00+00:00,104.769997,104.800003,104.459999,104.504997,2116215
2026-07-22 17:00:00+00:00,104.514999,104.939499,104.470001,104.595001,1314027
2026-07-22 17:15:00+00:00,104.610001,104.940002,104.559998,104.845001,1109730
2026-07-22 17:30:00+00:00,104.820000,104.980003,104.440002,104.790001,1098890
2026-07-22 17:45:00+00:00,104.800003,104.805000,104.269997,104.349998,1241074
2026-07-22 18:00:00+00:00,104.360001,104.570000,103.980003,103.982002,1330976
2026-07-22 18:15:00+00:00,103.980202,104.059998,103.639999,103.779999,1470549
2026-07-22 18:30:00+00:00,103.794998,103.873596,103.480003,103.790001,2121342
2026-07-22 18:45:00+00:00,103.790001,104.739998,103.754997,104.555000,1635111
2026-07-22 19:00:00+00:00,104.550003,104.679901,104.264999,104.370003,1608914
2026-07-22 19:15:00+00:00,104.370003,104.669998,104.279999,104.379997,2150833
2026-07-22 19:30:00+00:00,104.379997,104.485001,103.690002,103.900002,2088853
2026-07-22 19:45:00+00:00,103.900002,104.029999,102.519997,102.570000,5972932
2026-07-23 13:30:00+00:00,100.995003,103.750000,100.120003,103.699898,10893115
2026-07-23 13:45:00+00:00,103.699997,103.720001,101.949997,102.169998,4801038
2026-07-23 14:00:00+00:00,102.199997,103.779999,102.129997,102.989998,4171127
2026-07-23 14:15:00+00:00,103.000000,104.180000,102.851196,103.540703,3612570
2026-07-23 14:30:00+00:00,103.550003,103.730003,102.029999,102.080002,2982093
2026-07-23 14:45:00+00:00,102.080002,102.409203,101.370003,101.800003,2735547
2026-07-23 15:00:00+00:00,101.809998,101.860001,100.099998,100.230003,3166035
2026-07-23 15:15:00+00:00,100.230003,101.208298,100.220100,100.668198,2947475
2026-07-23 15:30:00+00:00,100.660004,101.169998,100.285004,100.690002,2468660
2026-07-23 15:45:00+00:00,100.680000,101.349998,100.470001,101.290001,2036898
2026-07-23 16:00:00+00:00,101.300003,101.750000,101.070999,101.430496,2222924
2026-07-23 16:15:00+00:00,101.430000,102.300003,101.120003,102.250000,2388364
2026-07-23 16:30:00+00:00,102.239998,102.870003,101.800003,101.949997,2652428
2026-07-23 16:45:00+00:00,101.940002,101.940002,101.010002,101.394997,2725819
2026-07-23 17:00:00+00:00,101.379997,101.629997,100.520302,100.900002,2399910
2026-07-23 17:15:00+00:00,100.879997,101.165001,100.730003,100.870003,1486732
2026-07-23 17:30:00+00:00,100.860100,100.937302,100.029999,100.189903,2125484
2026-07-23 17:45:00+00:00,100.169998,100.519997,99.639999,99.669998,2352387
2026-07-23 18:00:00+00:00,99.680000,99.720001,99.235001,99.360703,1924404
2026-07-23 18:15:00+00:00,99.349998,99.660004,99.269997,99.510002,1844347
2026-07-23 18:30:00+00:00,99.500000,100.070000,99.410004,99.709999,2513890
2026-07-23 18:45:00+00:00,99.699997,100.099998,99.500000,99.790001,2747928
2026-07-23 19:00:00+00:00,99.809998,99.940002,99.434998,99.720001,2185362
2026-07-23 19:15:00+00:00,99.709999,100.839996,99.675003,100.629997,3452096
2026-07-23 19:30:00+00:00,100.660004,100.779900,99.699997,99.720001,3793486
2026-07-23 19:45:00+00:00,99.720001,100.500000,99.379997,100.230003,11165286
2026-07-24 13:30:00+00:00,100.389999,101.739998,96.900002,98.404999,34638913
2026-07-24 13:45:00+00:00,98.410004,98.730003,95.750000,96.419998,11207769
2026-07-24 14:00:00+00:00,96.410004,98.149902,95.870003,97.790001,10494797
2026-07-24 14:15:00+00:00,97.770103,97.959999,95.599998,97.769997,8158144
2026-07-24 14:30:00+00:00,97.779999,97.820000,95.919998,96.324997,5963588
2026-07-24 14:45:00+00:00,96.330002,97.720001,95.370003,97.389999,6395321
2026-07-24 15:00:00+00:00,97.420097,97.639999,96.059998,96.889999,4612086
2026-07-24 15:15:00+00:00,96.860001,97.449997,96.360001,96.474998,4726676
2026-07-24 15:30:00+00:00,96.480003,97.250000,96.135002,96.135002,3865620
2026-07-24 15:45:00+00:00,96.129997,97.440002,96.099998,97.010002,3864730
2026-07-24 16:00:00+00:00,97.005898,97.489998,96.540001,96.569901,3268053
2026-07-24 16:15:00+00:00,96.559998,96.559998,95.080002,95.209999,5433900
2026-07-24 16:30:00+00:00,95.230003,96.139999,94.980003,96.040001,5089496
2026-07-24 16:45:00+00:00,96.029999,96.370003,95.610001,96.320000,3331870
2026-07-24 17:00:00+00:00,96.320000,96.330002,95.389999,95.748596,2854304
2026-07-24 17:15:00+00:00,95.740097,96.440002,95.559998,96.245003,2850373
2026-07-24 17:30:00+00:00,96.250000,96.389999,95.750000,95.930000,2252596
2026-07-24 17:45:00+00:00,95.949997,96.349998,95.779999,96.025002,1840851
2026-07-24 18:00:00+00:00,96.025002,96.150002,95.020103,95.079903,2976281
2026-07-24 18:15:00+00:00,95.065002,95.228996,94.260002,94.584999,4943292
2026-07-24 18:30:00+00:00,94.599998,94.684998,93.850098,94.129997,5004873
2026-07-24 18:45:00+00:00,94.129997,94.525002,93.660103,93.800003,3652485
2026-07-24 19:00:00+00:00,93.800003,93.930000,92.150002,92.199997,6049021
2026-07-24 19:15:00+00:00,92.220001,93.110001,92.074997,92.955002,5486760
2026-07-24 19:30:00+00:00,92.949997,93.580002,92.220001,92.589996,6623964
2026-07-24 19:45:00+00:00,92.589996,92.720001,91.580002,92.315002,13139509
2026-07-27 13:30:00+00:00,92.459999,94.979897,92.010002,92.525002,13899792
2026-07-27 13:45:00+00:00,92.525002,92.989998,90.610001,90.940102,7667466
2026-07-27 14:00:00+00:00,90.970001,91.230003,90.089996,90.239998,6313315
2026-07-27 14:15:00+00:00,90.250000,90.650002,88.349998,88.455002,9002783
2026-07-27 14:30:00+00:00,88.489998,88.629997,86.940002,87.230003,9540960
2026-07-27 14:45:00+00:00,87.260002,89.980003,87.250000,89.900002,7718838
2026-07-27 15:00:00+00:00,89.919998,90.290001,89.559998,89.589996,4768617
2026-07-27 15:15:00+00:00,89.589996,90.449997,89.040100,89.260902,4811556
2026-07-27 15:30:00+00:00,89.275002,89.449997,88.644600,89.125000,4682076
2026-07-27 15:45:00+00:00,89.129997,89.269997,88.529999,89.139999,3191946
2026-07-27 16:00:00+00:00,89.139999,90.129997,88.959999,89.769997,3141297
2026-07-27 16:15:00+00:00,89.769997,90.879997,89.379997,90.480003,3290796
2026-07-27 16:30:00+00:00,90.470001,90.870003,89.756203,90.449997,3163286
2026-07-27 16:45:00+00:00,90.425003,90.620003,89.639999,89.769997,2562173
2026-07-27 17:00:00+00:00,89.730003,89.969902,89.589996,89.855003,1833427
2026-07-27 17:15:00+00:00,89.857002,90.069603,89.519997,89.701202,1801077
2026-07-27 17:30:00+00:00,89.730003,90.127197,89.500000,89.695000,1821727
2026-07-27 17:45:00+00:00,89.695000,90.320000,89.559998,90.295898,1929221
2026-07-27 18:00:00+00:00,90.300003,90.500000,90.139999,90.235001,1745955
2026-07-27 18:15:00+00:00,90.225304,90.389999,89.770103,90.360001,1718640
2026-07-27 18:30:00+00:00,90.345001,90.379997,89.820000,90.309998,2118409
2026-07-27 18:45:00+00:00,90.309998,91.540001,90.150002,91.461899,2805520
2026-07-27 19:00:00+00:00,91.470001,92.449997,91.370003,92.044998,4672127
2026-07-27 19:15:00+00:00,92.030098,92.400002,91.870003,92.379997,5021146
2026-07-27 19:30:00+00:00,92.400002,92.500000,91.261803,91.345001,3405071
2026-07-27 19:45:00+00:00,91.320000,91.800003,91.245003,91.680099,6219069
2026-07-28 13:30:00+00:00,86.625000,87.900002,85.660004,86.124603,17573991
2026-07-28 13:45:00+00:00,86.150002,86.529999,84.489998,84.561096,11055009
2026-07-28 14:00:00+00:00,84.540001,85.629997,83.830002,83.949997,8393856
2026-07-28 14:15:00+00:00,83.949997,84.329903,83.099998,83.964996,9285816
2026-07-28 14:30:00+00:00,83.964996,85.279999,83.720001,84.940002,7492057
2026-07-28 14:45:00+00:00,84.940002,86.440002,84.669998,86.129997,7104149
2026-07-28 15:00:00+00:00,86.145103,86.349998,85.260002,85.644997,5602887
2026-07-28 15:15:00+00:00,85.629997,86.834999,85.410004,86.479897,4856097
2026-07-28 15:30:00+00:00,86.470001,87.750000,86.160004,87.665001,4903794
2026-07-28 15:45:00+00:00,87.669998,88.279900,87.180000,87.489998,4709046
2026-07-28 16:00:00+00:00,87.480003,87.650002,86.389999,86.599998,3951962
2026-07-28 16:15:00+00:00,86.599998,86.989998,86.410004,86.720001,2852508
2026-07-28 16:30:00+00:00,86.720001,86.730003,86.070099,86.669998,3824312
2026-07-28 16:45:00+00:00,86.660004,87.419998,86.518898,87.042397,3601322
2026-07-28 17:00:00+00:00,87.040001,87.229897,86.680000,87.010002,3355169
2026-07-28 17:15:00+00:00,87.000000,87.436897,86.875000,87.179398,2043127
2026-07-28 17:30:00+00:00,87.179604,87.470001,86.430000,86.445000,2985708
2026-07-28 17:45:00+00:00,86.445000,86.644997,86.224998,86.620102,2161305
2026-07-28 18:00:00+00:00,86.629997,86.887703,86.120003,86.175003,2067331
2026-07-28 18:15:00+00:00,86.169998,86.410004,85.980003,85.995399,1877961
2026-07-28 18:30:00+00:00,85.995003,86.510002,85.984703,86.349998,1833701
2026-07-28 18:45:00+00:00,86.379997,86.879997,86.300003,86.555000,2449837
2026-07-28 19:00:00+00:00,86.529999,87.110001,86.525002,86.919998,3614608
2026-07-28 19:15:00+00:00,86.889999,87.910004,86.739998,87.875000,4011932
2026-07-28 19:30:00+00:00,87.879997,88.099503,86.699997,86.855003,4181561
2026-07-28 19:45:00+00:00,86.839996,87.379997,86.230003,86.300003,10174856
2026-07-29 13:30:00+00:00,86.709999,88.470001,86.410004,87.625000,15030611
2026-07-29 13:45:00+00:00,87.625000,87.690002,84.309998,84.690002,6000735
2026-07-29 14:00:00+00:00,84.709000,85.879997,84.559998,84.699997,4975943
2026-07-29 14:15:00+00:00,84.720001,85.300003,83.621002,83.885002,3982584
2026-07-29 14:30:00+00:00,83.879997,84.809998,83.309998,83.458900,4041958
2026-07-29 14:45:00+00:00,83.459999,84.680000,83.349998,84.250000,4074256
2026-07-29 15:00:00+00:00,84.239998,84.660004,83.250000,83.330002,4211160
2026-07-29 15:15:00+00:00,83.625000,83.760002,83.080002,83.220001,2813914
2026-07-29 15:30:00+00:00,83.209999,83.449997,82.889999,82.928001,2909517
2026-07-29 15:45:00+00:00,82.929199,83.190002,82.260002,82.968300,3664146
2026-07-29 16:00:00+00:00,82.970001,83.230003,81.879997,81.915001,3593785
2026-07-29 16:15:00+00:00,81.915001,83.389999,81.820000,83.370003,4019031
2026-07-29 16:30:00+00:00,83.360001,83.659698,82.489998,82.504997,3030606
2026-07-29 16:45:00+00:00,82.495003,83.360001,82.400002,83.351097,2325112
2026-07-29 17:00:00+00:00,83.339996,84.574799,83.279999,84.540001,3127216
2026-07-29 17:15:00+00:00,84.540001,84.599998,83.739998,83.769997,2313236
2026-07-29 17:30:00+00:00,83.817596,84.389999,83.680000,84.019997,1984435
2026-07-29 17:45:00+00:00,84.029999,84.500000,83.800003,84.250000,1965142
2026-07-29 18:00:00+00:00,84.250000,85.539001,84.250000,84.730003,5185357
2026-07-29 18:15:00+00:00,84.724998,85.110001,83.940002,84.296600,2687308
2026-07-29 18:30:00+00:00,84.290100,86.180000,84.000000,86.065102,4139162
2026-07-29 18:45:00+00:00,86.050003,86.750000,85.890099,86.699997,4352216
2026-07-29 19:00:00+00:00,86.699997,87.230003,85.557899,85.964996,4597923
2026-07-29 19:15:00+00:00,85.980003,86.089996,84.209999,84.941399,3985435
2026-07-29 19:30:00+00:00,84.949997,85.309998,83.419998,83.559998,5283980
2026-07-29 19:45:00+00:00,83.550003,83.610001,81.790001,81.809998,14857160
2026-07-30 13:30:00+00:00,86.410004,89.339996,85.995003,89.165001,20494281
2026-07-30 13:45:00+00:00,89.139999,91.400002,89.040001,91.300003,10971708
2026-07-30 14:00:00+00:00,91.360001,91.870003,90.260002,91.669998,8026874
2026-07-30 14:15:00+00:00,91.669998,93.799896,91.530998,93.690002,7393602
2026-07-30 14:30:00+00:00,93.699898,94.099998,92.680000,92.839996,6679042
2026-07-30 14:45:00+00:00,92.839996,93.555000,91.620003,92.080002,6241295
2026-07-30 15:00:00+00:00,92.089996,93.529999,91.920097,92.290001,5648055
2026-07-30 15:15:00+00:00,92.272499,92.889999,92.180099,92.675003,4000364
2026-07-30 15:30:00+00:00,92.689598,93.110001,91.459999,91.500000,3906025
2026-07-30 15:45:00+00:00,91.519997,92.439903,91.510101,92.150002,3977514
2026-07-30 16:00:00+00:00,92.150002,93.190002,91.890099,93.080002,2583647
2026-07-30 16:15:00+00:00,93.099998,93.190002,92.440002,92.449997,2220946
2026-07-30 16:30:00+00:00,92.449997,92.509903,91.684799,91.849998,2398229
2026-07-30 16:45:00+00:00,91.849998,92.650002,91.839996,92.525002,2481754
2026-07-30 17:00:00+00:00,92.536003,92.900002,92.339996,92.389999,2352867
2026-07-30 17:15:00+00:00,92.379997,92.699997,92.230003,92.330002,1894165
2026-07-30 17:30:00+00:00,92.309998,92.429901,91.900002,92.228996,2110490
2026-07-30 17:45:00+00:00,92.229599,92.449997,92.050003,92.154999,1675649
2026-07-30 18:00:00+00:00,92.160004,92.349998,91.849998,92.050003,1729000
2026-07-30 18:15:00+00:00,92.055000,92.080002,91.699997,91.830002,1637404
2026-07-30 18:30:00+00:00,91.830002,91.997902,91.290001,91.425003,2113480
2026-07-30 18:45:00+00:00,91.425003,91.699997,91.089996,91.271004,2273404
2026-07-30 19:00:00+00:00,91.269997,92.348000,91.260002,92.224998,3614103
2026-07-30 19:15:00+00:00,92.209999,92.400002,91.595001,91.610100,3433168
2026-07-30 19:30:00+00:00,91.614998,91.860001,91.410004,91.541298,2889125
2026-07-30 19:45:00+00:00,91.540001,91.665901,90.890099,91.230003,7786031
2026-07-31 13:30:00+00:00,96.720001,97.900002,93.625000,93.629997,18479563
2026-07-31 13:45:00+00:00,93.629997,94.239998,92.696503,93.739998,7979931
2026-07-31 14:00:00+00:00,93.709999,94.029999,91.940002,92.794998,7396052
2026-07-31 14:15:00+00:00,92.809898,93.750000,92.260002,93.260002,4791350
2026-07-31 14:30:00+00:00,93.279999,93.639999,92.424500,92.620003,3403790
2026-07-31 14:45:00+00:00,92.625000,93.730003,92.279999,93.091003,3172895
2026-07-31 15:00:00+00:00,93.120003,93.629898,92.269997,92.720001,2864190
2026-07-31 15:15:00+00:00,92.714996,93.370003,91.334999,91.934998,3229669
2026-07-31 15:30:00+00:00,91.915001,92.714500,91.510002,92.037903,2722555
2026-07-31 15:45:00+00:00,92.052101,92.309998,91.650002,91.899200,1937791
2026-07-31 16:00:00+00:00,91.860001,92.190002,91.610001,91.817398,1648648
2026-07-31 16:15:00+00:00,91.845001,92.442497,91.590103,92.442497,1729863
2026-07-31 16:30:00+00:00,92.440102,92.719902,91.760002,91.815002,2452811
2026-07-31 16:45:00+00:00,91.809998,92.410004,91.692001,92.160004,1672482
2026-07-31 17:00:00+00:00,92.150002,92.449997,91.849998,92.080002,1620832
2026-07-31 17:15:00+00:00,92.080002,92.539703,91.810097,92.375000,1621851
2026-07-31 17:30:00+00:00,92.370003,93.329903,92.250000,92.878700,2743704
2026-07-31 17:45:00+00:00,92.885002,92.959999,92.349998,92.433998,1721127
2026-07-31 18:00:00+00:00,92.434998,92.730003,92.059998,92.169998,1600514
2026-07-31 18:15:00+00:00,92.169998,92.779999,92.120003,92.679901,1935030
2026-07-31 18:30:00+00:00,92.665001,92.889999,92.554802,92.620003,1322803
2026-07-31 18:45:00+00:00,92.610001,92.800003,92.370003,92.589996,1202328
2026-07-31 19:00:00+00:00,92.589996,92.809998,92.230003,92.410004,1669599
2026-07-31 19:15:00+00:00,92.419998,92.760002,92.169998,92.745003,4460050
2026-07-31 19:30:00+00:00,92.740097,92.790001,91.750000,91.879997,2863136
2026-07-31 19:45:00+00:00,91.879997,92.059998,90.135002,90.220001,9759392
2026-08-03 13:30:00+00:00,88.400002,88.809998,85.620003,87.030998,15529130
2026-08-03 13:45:00+00:00,87.059998,88.320000,86.209999,88.294998,5666788
2026-08-03 14:00:00+00:00,88.260002,88.440002,87.339996,87.404999,4067713
2026-08-03 14:15:00+00:00,87.360001,89.480003,87.180000,89.455101,4347295
2026-08-03 14:30:00+00:00,89.470001,90.285004,89.300003,89.830002,4061069
2026-08-03 14:45:00+00:00,89.839996,91.055000,89.514000,90.860001,3865713
2026-08-03 15:00:00+00:00,90.820000,90.830002,89.949997,90.480003,3006477
2026-08-03 15:15:00+00:00,90.459999,90.760002,89.600502,89.714996,2670954
2026-08-03 15:30:00+00:00,89.709999,90.209999,89.680000,90.070000,2367618
2026-08-03 15:45:00+00:00,90.065002,90.455002,89.925003,90.230003,1935312
2026-08-03 16:00:00+00:00,90.214996,90.610001,90.214996,90.449997,1670871
2026-08-03 16:15:00+00:00,90.445000,90.870003,90.320000,90.382103,1793901
2026-08-03 16:30:00+00:00,90.400002,90.580002,90.080002,90.320000,2068346
2026-08-03 16:45:00+00:00,90.324997,90.449997,90.099998,90.183701,1478995
2026-08-03 17:00:00+00:00,90.170097,90.480003,90.040001,90.294998,1532603
2026-08-03 17:15:00+00:00,90.294998,90.529999,90.200104,90.419998,1207270
2026-08-03 17:30:00+00:00,90.440002,90.709999,90.360001,90.639999,1435389
2026-08-03 17:45:00+00:00,90.610001,91.389999,90.589996,91.205002,1889929
2026-08-03 18:00:00+00:00,91.209999,91.675102,91.150002,91.389999,2034086
2026-08-03 18:15:00+00:00,91.394997,91.629997,90.665001,90.709999,1670593
2026-08-03 18:30:00+00:00,90.709999,90.947899,90.599998,90.750000,1399230
2026-08-03 18:45:00+00:00,90.745003,90.820000,90.415001,90.459999,1531247
2026-08-03 19:00:00+00:00,90.449997,90.769997,90.320000,90.500000,2191842
2026-08-03 19:15:00+00:00,90.489998,90.919998,90.470001,90.695000,1994925
2026-08-03 19:30:00+00:00,90.699997,90.839996,90.230003,90.629997,2379508
2026-08-03 19:45:00+00:00,90.630096,91.279999,90.620003,91.000000,11480103
2026-08-04 13:30:00+00:00,95.319000,98.190002,94.320000,97.535004,16430201
2026-08-04 13:45:00+00:00,97.519997,98.349998,96.690002,97.139999,6729176
2026-08-04 14:00:00+00:00,97.139999,98.430000,96.739998,98.400002,5839482
2026-08-04 14:15:00+00:00,98.419998,99.870003,97.989998,99.769997,6230786
2026-08-04 14:30:00+00:00,99.769997,99.790001,99.110100,99.464996,4913553
2026-08-04 14:45:00+00:00,99.470001,99.739998,98.550003,98.560799,4038588
2026-08-04 15:00:00+00:00,98.561897,99.480003,98.540001,99.415001,3022237
2026-08-04 15:15:00+00:00,99.410004,99.779999,99.252098,99.650002,3548682
2026-08-04 15:30:00+00:00,99.639999,100.059998,99.570000,99.970001,3388799
2026-08-04 15:45:00+00:00,99.979897,100.449997,99.560303,99.598801,3732613
2026-08-04 16:00:00+00:00,99.589996,100.080002,99.589996,99.779800,2052529
2026-08-04 16:15:00+00:00,99.779999,100.309998,99.730103,100.120003,1655864
2026-08-04 16:30:00+00:00,100.129997,100.339996,100.059998,100.150002,1622557
2026-08-04 16:45:00+00:00,100.160004,100.580002,100.000000,100.370003,2008924
2026-08-04 17:00:00+00:00,100.370003,100.648697,100.250000,100.480003,1599218
2026-08-04 17:15:00+00:00,100.485001,100.509499,100.150002,100.279999,1486017
2026-08-04 17:30:00+00:00,100.269997,100.839996,100.159897,100.720001,1823374
2026-08-04 17:45:00+00:00,100.730003,100.989998,100.230003,100.275002,2328012
2026-08-04 18:00:00+00:00,100.279999,100.470001,100.019997,100.469902,1783723
2026-08-04 18:15:00+00:00,100.470001,100.663902,100.321602,100.529999,1696238
2026-08-04 18:30:00+00:00,100.529999,100.650002,100.167099,100.389999,1376433
2026-08-04 18:45:00+00:00,100.389999,101.029999,100.380096,100.915001,2252451
2026-08-04 19:00:00+00:00,100.919998,101.348701,100.870003,100.915001,2387352
2026-08-04 19:15:00+00:00,100.915001,101.389900,100.670097,100.815002,3041361
2026-08-04 19:30:00+00:00,100.809998,100.849998,100.419998,100.849899,2265392
2026-08-04 19:45:00+00:00,100.840103,101.290001,100.400002,100.845001,7055393
2026-08-05 13:30:00+00:00,99.574997,101.080002,98.639999,101.010002,11136936
2026-08-05 13:45:00+00:00,101.019997,102.205002,100.900002,101.195000,6050900
2026-08-05 14:00:00+00:00,101.160004,101.169998,99.330399,99.974998,4319339
2026-08-05 14:15:00+00:00,99.964996,100.400002,98.690002,99.205002,3802314
2026-08-05 14:30:00+00:00,99.169998,99.190002,98.070000,98.514999,3507691
2026-08-05 14:45:00+00:00,98.519897,99.120003,97.900002,98.660004,2721378
2026-08-05 15:00:00+00:00,98.669998,99.495102,98.379997,99.070000,2218283
2026-08-05 15:15:00+00:00,99.084999,99.779999,98.839996,99.600098,2232370
2026-08-05 15:30:00+00:00,99.599998,100.650002,99.589996,100.519997,2519701
2026-08-05 15:45:00+00:00,100.515900,100.870003,100.070000,100.360497,2872582
2026-08-05 16:00:00+00:00,100.330101,101.079903,100.326401,101.040100,2182906
2026-08-05 16:15:00+00:00,101.055000,102.389999,100.964996,102.306297,3014375
2026-08-05 16:30:00+00:00,102.319000,102.580002,101.720001,102.254997,3052187
2026-08-05 16:45:00+00:00,102.240898,102.489998,102.000000,102.010002,1487686
2026-08-05 17:00:00+00:00,102.029999,102.130096,101.510002,101.879997,1994240
2026-08-05 17:15:00+00:00,101.879997,102.000000,101.400002,101.610100,1757955
2026-08-05 17:30:00+00:00,101.620003,101.849998,101.470001,101.650002,1055847
2026-08-05 17:45:00+00:00,101.639999,102.070000,101.400002,101.999901,1526870
2026-08-05 18:00:00+00:00,101.995003,102.150002,101.849998,101.875000,1375442
2026-08-05 18:15:00+00:00,101.875000,102.370003,101.830002,102.360001,1218741
2026-08-05 18:30:00+00:00,102.364998,102.430000,102.065002,102.175003,1638025
2026-08-05 18:45:00+00:00,102.150101,102.349998,101.870201,101.889999,1448994
2026-08-05 19:00:00+00:00,101.889999,102.830002,101.830002,102.635002,2263380
2026-08-05 19:15:00+00:00,102.650002,102.690002,102.250000,102.480003,1709355
2026-08-05 19:30:00+00:00,102.480003,102.627998,102.161301,102.235001,2119499
2026-08-05 19:45:00+00:00,102.230003,102.720001,100.919998,101.080002,7468845
2026-08-06 13:30:00+00:00,98.222000,98.898399,95.599998,98.720001,11448802
2026-08-06 13:45:00+00:00,98.712997,100.275002,98.449997,100.040001,5770054
2026-08-06 14:00:00+00:00,100.050003,101.260002,99.269997,100.806099,4906461
2026-08-06 14:15:00+00:00,100.790001,101.839996,100.610001,101.139999,4894260
2026-08-06 14:30:00+00:00,101.180000,101.809998,100.500000,101.290001,3281712
2026-08-06 14:45:00+00:00,101.290001,103.029099,100.535004,102.925003,4176862
2026-08-06 15:00:00+00:00,102.925003,103.379898,101.669998,101.910004,3995258
2026-08-06 15:15:00+00:00,101.910004,101.989998,101.269997,101.383904,2675872
2026-08-06 15:30:00+00:00,101.379997,101.680000,100.230103,100.239998,2860087
2026-08-06 15:45:00+00:00,100.233498,101.410004,100.209999,100.449997,2504524
2026-08-06 16:00:00+00:00,100.449997,100.720001,100.030502,100.092300,1955217
2026-08-06 16:15:00+00:00,100.065002,100.220001,99.590103,99.959999,2004172
2026-08-06 16:30:00+00:00,99.930000,100.779900,99.769997,100.370003,1511829
2026-08-06 16:45:00+00:00,100.385002,101.349998,100.300003,101.250000,1534064
2026-08-06 17:00:00+00:00,101.260002,101.429398,100.820000,100.879997,1408232
2026-08-06 17:15:00+00:00,100.870003,100.966698,100.564499,100.675003,1097375
2026-08-06 17:30:00+00:00,100.635002,100.834999,100.110001,100.410004,1181887
2026-08-06 17:45:00+00:00,100.430000,100.746902,100.175003,100.720001,923223
2026-08-06 18:00:00+00:00,100.724998,100.803001,100.180000,100.370003,938580
2026-08-06 18:15:00+00:00,100.389999,101.199997,99.660004,100.699997,2219361
2026-08-06 18:30:00+00:00,100.709999,100.739998,100.254700,100.535004,761983
2026-08-06 18:45:00+00:00,100.559502,100.790001,100.220001,100.349998,945903
2026-08-06 19:00:00+00:00,100.379898,100.949997,100.310097,100.439003,1388899
2026-08-06 19:15:00+00:00,100.427498,100.629997,100.050003,100.459999,1339696
2026-08-06 19:30:00+00:00,100.470001,100.669998,100.070000,100.110001,1387697
2026-08-06 19:45:00+00:00,100.114998,100.339996,99.709999,99.709999,4403578
2026-08-07 13:30:00+00:00,102.339996,103.650002,100.849998,102.010101,10634481
2026-08-07 13:45:00+00:00,102.000000,102.029999,99.080002,99.379997,6864993
2026-08-07 14:00:00+00:00,99.400002,100.239899,98.070000,98.130096,5003104
2026-08-07 14:15:00+00:00,98.149101,100.419998,98.029999,100.139999,4019387
2026-08-07 14:30:00+00:00,100.139999,100.219902,98.339996,98.404999,2977976
2026-08-07 14:45:00+00:00,98.459999,99.129997,98.176399,98.934998,2549157
2026-08-07 15:00:00+00:00,98.964996,100.120003,98.885002,99.705002,2402922
2026-08-07 15:15:00+00:00,99.691498,101.120003,99.449997,100.924797,2943461
2026-08-07 15:30:00+00:00,100.940002,101.579498,100.919998,101.330002,3171789
2026-08-07 15:45:00+00:00,101.339699,101.679901,101.199997,101.639999,2026702
2026-08-07 16:00:00+00:00,101.639999,102.106400,101.440002,101.629997,2249773
2026-08-07 16:15:00+00:00,101.629997,101.809998,100.379997,100.769997,2478757
2026-08-07 16:30:00+00:00,100.750000,101.209999,100.309998,101.095001,1667727
2026-08-07 16:45:00+00:00,101.099998,101.330002,100.849998,100.949997,1250202
2026-08-07 17:00:00+00:00,100.959999,101.330002,100.809998,100.894997,1057443
2026-08-07 17:15:00+00:00,100.899902,101.360001,100.839996,101.100098,1129254
2026-08-07 17:30:00+00:00,101.109901,101.208000,100.900002,100.986397,844862
2026-08-07 17:45:00+00:00,100.980003,101.279999,100.853500,101.179901,847676
2026-08-07 18:00:00+00:00,101.169998,101.480003,101.070000,101.129997,1083512
2026-08-07 18:15:00+00:00,101.120003,101.320000,100.849998,100.874802,906181
2026-08-07 18:30:00+00:00,100.879898,101.135002,100.770500,100.779999,1151257
2026-08-07 18:45:00+00:00,100.785004,101.184998,100.764999,101.089996,1096080
2026-08-07 19:00:00+00:00,101.089996,101.699997,101.070000,101.480103,1547263
2026-08-07 19:15:00+00:00,101.489998,101.667999,101.290001,101.389999,1332708
2026-08-07 19:30:00+00:00,101.389999,101.400002,100.730003,100.785004,1709369
2026-08-07 19:45:00+00:00,100.779999,101.785004,100.690002,101.650002,4390441
2026-08-10 13:30:00+00:00,98.260002,98.959999,96.309998,96.720001,18549973
2026-08-10 13:45:00+00:00,96.709999,97.580002,96.620499,97.285004,5058995
2026-08-10 14:00:00+00:00,97.285004,98.599998,97.060204,98.029999,4728993
2026-08-10 14:15:00+00:00,98.010002,98.190002,97.010002,97.419899,3771887
2026-08-10 14:30:00+00:00,97.394997,98.250000,97.252502,97.849998,3012159
2026-08-10 14:45:00+00:00,97.845001,98.029900,97.490402,97.559898,2154335
2026-08-10 15:00:00+00:00,97.550003,98.500000,97.480003,97.995003,3473583
2026-08-10 15:15:00+00:00,97.980003,98.440002,97.930000,97.955002,1584650
2026-08-10 15:30:00+00:00,97.940002,98.330002,97.605003,98.269997,2440468
2026-08-10 15:45:00+00:00,98.269997,98.504997,97.879997,98.279999,1549616
2026-08-10 16:00:00+00:00,98.300003,98.349998,97.849998,98.195000,1758953
2026-08-10 16:15:00+00:00,98.195000,98.500000,98.116600,98.440002,1452412
2026-08-10 16:30:00+00:00,98.430000,99.775002,98.250000,99.059998,3610862
2026-08-10 16:45:00+00:00,99.070000,99.949997,98.900002,99.705002,2900613
2026-08-10 17:00:00+00:00,99.699997,100.025002,99.339996,99.360001,3120144
2026-08-10 17:15:00+00:00,99.339996,99.430000,98.550003,98.689796,2332995
2026-08-10 17:30:00+00:00,98.684998,98.809998,98.029999,98.070000,1998794
2026-08-10 17:45:00+00:00,98.050003,98.299797,97.570000,97.910004,2674045
2026-08-10 18:00:00+00:00,97.930000,98.175003,97.709999,98.040001,2367255
2026-08-10 18:15:00+00:00,98.050003,98.620003,98.029999,98.610001,2081998
2026-08-10 18:30:00+00:00,98.629997,98.900002,98.519997,98.615097,1979746
2026-08-10 18:45:00+00:00,98.599998,98.939903,98.440102,98.900002,1631704
2026-08-10 19:00:00+00:00,98.909897,99.019997,98.629997,98.775002,1458224
2026-08-10 19:15:00+00:00,98.805000,99.010002,98.540001,98.879997,2067797
2026-08-10 19:30:00+00:00,98.900002,99.199997,98.760002,99.019997,2590188
2026-08-10 19:45:00+00:00,99.019997,99.019997,97.410004,97.537498,11165636
2026-08-11 13:30:00+00:00,96.750000,97.669998,95.349998,96.800003,35898728
2026-08-11 13:45:00+00:00,96.790001,97.540001,96.070000,97.445000,11677748
2026-08-11 14:00:00+00:00,97.445000,98.349998,97.315002,97.331398,12450412
2026-08-11 14:15:00+00:00,97.574997,97.949997,96.699997,97.279999,6452641
2026-08-11 14:30:00+00:00,97.279999,97.584602,96.769997,97.089996,4702303
2026-08-11 14:45:00+00:00,97.080002,97.669998,96.820000,97.430000,4826448
2026-08-11 15:00:00+00:00,97.440002,97.910004,97.154999,97.724998,3818650
2026-08-11 15:15:00+00:00,97.720001,97.940002,97.300003,97.815002,3577411
2026-08-11 15:30:00+00:00,97.807800,98.000000,97.500000,97.925003,3840497
2026-08-11 15:45:00+00:00,97.925003,98.010002,97.280098,97.334503,3486948
2026-08-11 16:00:00+00:00,97.339996,97.615097,97.089996,97.320000,2559138
2026-08-11 16:15:00+00:00,97.320000,97.885002,97.261002,97.449997,2303419
2026-08-11 16:30:00+00:00,97.430000,97.839996,97.330002,97.665001,2225688
2026-08-11 16:45:00+00:00,97.660004,97.910004,97.571503,97.860001,2549778
2026-08-11 17:00:00+00:00,97.855003,97.900002,97.411301,97.480003,1943322
2026-08-11 17:15:00+00:00,97.470001,97.500000,96.820000,96.849998,3361263
2026-08-11 17:30:00+00:00,96.855003,97.330002,96.650002,97.004997,2920767
2026-08-11 17:45:00+00:00,97.004997,97.334999,96.949997,97.214996,1798773
2026-08-11 18:00:00+00:00,97.209999,97.379997,97.020103,97.345001,1915904
2026-08-11 18:15:00+00:00,97.343498,97.495003,97.160004,97.379997,2706573
2026-08-11 18:30:00+00:00,97.382797,97.400002,96.820000,96.930000,2885990
2026-08-11 18:45:00+00:00,96.930000,97.375000,96.800102,97.114998,2300616
2026-08-11 19:00:00+00:00,97.125000,97.445000,96.989998,97.250000,2304230
2026-08-11 19:15:00+00:00,97.250397,97.544998,97.180000,97.404999,2457970
2026-08-11 19:30:00+00:00,97.410004,97.750000,96.910103,96.930000,4134364
2026-08-11 19:45:00+00:00,96.930000,97.830002,96.930000,97.699997,9917306
2026-08-12 13:30:00+00:00,102.800003,103.150002,100.410004,102.690002,26152715
2026-08-12 13:45:00+00:00,102.684998,102.699898,100.629997,101.500000,10286055
2026-08-12 14:00:00+00:00,101.510002,102.000000,100.320000,100.849998,7030225
2026-08-12 14:15:00+00:00,100.849998,101.300003,100.530098,101.025002,5023866
2026-08-12 14:30:00+00:00,101.029999,101.839996,100.449997,101.779999,4859055
2026-08-12 14:45:00+00:00,101.589996,101.879997,100.529999,100.714699,4116379
2026-08-12 15:00:00+00:00,100.709999,101.000000,100.550003,100.860001,2987266
2026-08-12 15:15:00+00:00,100.864998,101.080002,100.574699,100.739998,2249857
2026-08-12 15:30:00+00:00,100.654999,100.809998,100.123199,100.490097,2709432
2026-08-12 15:45:00+00:00,100.500000,100.650002,100.280098,100.504997,2135956
2026-08-12 16:00:00+00:00,100.504997,100.959801,100.440002,100.855003,2376483
2026-08-12 16:15:00+00:00,100.855003,101.199997,100.764999,101.004997,2416786
2026-08-12 16:30:00+00:00,101.004997,101.699997,100.790001,101.485001,2972380
2026-08-12 16:45:00+00:00,101.485001,101.879997,101.455002,101.870003,2210847
2026-08-12 17:00:00+00:00,101.864998,102.419998,101.860001,101.955002,3166366
2026-08-12 17:15:00+00:00,101.955002,102.180000,101.820000,101.916000,1943560
2026-08-12 17:30:00+00:00,101.911598,102.309898,101.644997,102.150002,2155948
2026-08-12 17:45:00+00:00,102.150002,102.379997,101.914001,102.300400,2027663
2026-08-12 18:00:00+00:00,102.300003,102.529999,101.915001,102.150002,2595472
2026-08-12 18:15:00+00:00,102.159897,102.245003,101.919998,102.180000,1985022
2026-08-12 18:30:00+00:00,102.175003,102.315002,102.040001,102.250000,2895757
2026-08-12 18:45:00+00:00,102.154999,102.889999,102.090401,102.805000,3047248
2026-08-12 19:00:00+00:00,102.800003,102.879997,102.320000,102.540001,2563417
2026-08-12 19:15:00+00:00,102.550003,102.680000,101.760002,101.930000,2765341
2026-08-12 19:30:00+00:00,101.580101,101.940002,100.739998,100.820000,3623502
2026-08-12 19:45:00+00:00,100.815002,101.500000,100.650002,100.949997,8564483
2026-08-13 13:30:00+00:00,101.489998,103.000000,100.330002,102.050102,10186882
2026-08-13 13:45:00+00:00,102.070000,105.974998,102.070000,105.900002,12837468
2026-08-13 14:00:00+00:00,105.879997,106.169998,104.419998,105.290001,7243438
2026-08-13 14:15:00+00:00,105.300003,105.911003,104.870003,105.705101,3583835
2026-08-13 14:30:00+00:00,105.720001,106.580002,105.379997,106.089996,4624901
2026-08-13 14:45:00+00:00,106.089996,106.629997,105.209999,105.489899,3921888
2026-08-13 15:00:00+00:00,105.470001,107.160004,105.470001,106.860001,4732845
2026-08-13 15:15:00+00:00,106.859901,107.570000,106.720001,106.824997,4522831
2026-08-13 15:30:00+00:00,106.860001,107.150002,105.430000,105.904999,4444954
2026-08-13 15:45:00+00:00,105.900002,105.930000,105.110001,105.264999,2689888
2026-08-13 16:00:00+00:00,105.290001,105.820000,105.286201,105.300003,2462701
2026-08-13 16:15:00+00:00,105.323700,105.750000,105.260002,105.480003,1697164
2026-08-13 16:30:00+00:00,105.510002,105.629997,104.739998,104.769997,2155821
2026-08-13 16:45:00+00:00,104.769997,104.970001,104.589996,104.875000,1857176
2026-08-13 17:00:00+00:00,104.870003,105.529999,104.824997,105.254997,2616317
2026-08-13 17:15:00+00:00,105.239998,105.750000,105.070000,105.410004,2083913
2026-08-13 17:30:00+00:00,105.425003,105.690002,105.379997,105.580002,1395919
2026-08-13 17:45:00+00:00,105.574997,105.769997,105.500000,105.535004,1460428
2026-08-13 18:00:00+00:00,105.540001,105.800003,105.180000,105.290001,1446811
2026-08-13 18:15:00+00:00,105.290100,105.639999,105.290001,105.459999,1272614
2026-08-13 18:30:00+00:00,105.449997,105.690002,105.250000,105.440002,1288378
2026-08-13 18:45:00+00:00,105.449997,106.000000,105.180000,105.199997,3143096
2026-08-13 19:00:00+00:00,105.190002,105.426201,104.720001,104.745003,2657929
2026-08-13 19:15:00+00:00,104.720001,104.940002,104.169998,104.440002,3538368
2026-08-13 19:30:00+00:00,104.419998,104.749901,104.180000,104.345001,2157287
2026-08-13 19:45:00+00:00,104.345001,105.160004,104.170097,104.639999,8212471
2026-08-14 13:30:00+00:00,104.500000,105.860001,103.849998,105.394997,10201682
2026-08-14 13:45:00+00:00,105.349998,105.940002,104.879997,105.639999,4360214
2026-08-14 14:00:00+00:00,105.570000,106.870003,105.120003,105.440002,5887458
2026-08-14 14:15:00+00:00,105.449997,105.480003,103.199997,104.290001,5988250
2026-08-14 14:30:00+00:00,104.269997,105.239998,103.989998,105.040001,3528172
2026-08-14 14:45:00+00:00,105.029999,105.279999,104.839996,104.894997,2585240
2026-08-14 15:00:00+00:00,104.879997,105.044998,104.040001,104.110001,2499279
2026-08-14 15:15:00+00:00,104.110001,104.209999,102.620003,103.339996,3830710
2026-08-14 15:30:00+00:00,103.339996,103.425400,102.540001,102.800102,12344899
2026-08-14 15:45:00+00:00,102.809998,103.069901,102.570000,102.949997,2729918
2026-08-14 16:00:00+00:00,102.930000,103.339996,102.880096,103.150002,1902921
2026-08-14 16:15:00+00:00,103.150002,103.669998,103.089996,103.540001,1491423
2026-08-14 16:30:00+00:00,103.544998,103.596001,103.130096,103.285004,1602872
2026-08-14 16:45:00+00:00,103.300003,103.410004,102.950104,103.019997,1414675
2026-08-14 17:00:00+00:00,103.019997,103.120003,102.800003,102.864998,1224722
2026-08-14 17:15:00+00:00,102.864998,103.044998,102.670097,102.870003,1302704
2026-08-14 17:30:00+00:00,102.860001,102.889999,102.500000,102.620003,1338388
2026-08-14 17:45:00+00:00,102.610001,102.860001,102.500099,102.785004,1206430
2026-08-14 18:00:00+00:00,102.788002,103.049599,102.389999,102.434998,1587159
2026-08-14 18:15:00+00:00,102.430000,102.680000,102.430000,102.520103,1246380
2026-08-14 18:30:00+00:00,102.525002,102.690002,102.370102,102.544998,1187050
2026-08-14 18:45:00+00:00,102.540001,103.080002,102.419998,102.519997,2877081
2026-08-14 19:00:00+00:00,102.519997,103.000000,102.459999,102.879997,1791148
2026-08-14 19:15:00+00:00,102.860001,103.230003,102.809998,103.139999,1864603
2026-08-14 19:30:00+00:00,103.139999,103.239998,102.669998,102.699997,2847651
2026-08-14 19:45:00+00:00,102.699997,102.839996,102.050003,102.540001,7114992
2026-08-17 13:30:00+00:00,103.699997,104.675102,101.800003,102.886002,11553975
2026-08-17 13:45:00+00:00,102.870003,103.559998,102.419998,103.449997,4515942
2026-08-17 14:00:00+00:00,103.449997,103.775200,102.820000,103.699997,4390841
2026-08-17 14:15:00+00:00,103.709999,104.029999,103.129997,103.970001,3964111
2026-08-17 14:30:00+00:00,103.974503,104.500000,103.809998,104.400002,3153791
2026-08-17 14:45:00+00:00,104.419998,105.000000,104.129997,104.910004,4413081
2026-08-17 15:00:00+00:00,104.849998,105.970001,104.815002,105.239998,5461163
2026-08-17 15:15:00+00:00,105.235397,105.650002,105.070000,105.099297,2728163
2026-08-17 15:30:00+00:00,105.099998,105.250000,104.519997,104.779999,2783359
2026-08-17 15:45:00+00:00,104.789902,104.889999,104.449997,104.769997,1742602
2026-08-17 16:00:00+00:00,104.769997,104.790001,104.480003,104.643700,1449773
2026-08-17 16:15:00+00:00,104.714996,104.970001,104.599998,104.904999,1531483
2026-08-17 16:30:00+00:00,104.709999,104.925003,104.629997,104.878098,1636467
2026-08-17 16:45:00+00:00,104.870003,105.000000,104.785004,104.985001,1246554
2026-08-17 17:00:00+00:00,104.980003,105.195000,104.250000,104.279999,2024748
2026-08-17 17:15:00+00:00,104.260002,104.529999,104.010002,104.029999,1730708
2026-08-17 17:30:00+00:00,104.029999,104.049500,103.660004,103.714996,1851387
2026-08-17 17:45:00+00:00,103.724998,103.750000,103.150002,103.269997,1958971
2026-08-17 18:00:00+00:00,103.270103,103.355003,102.570000,103.025002,2828687
2026-08-17 18:15:00+00:00,103.025002,103.230103,102.889999,103.144997,1754792
2026-08-17 18:30:00+00:00,103.149498,103.355003,103.095001,103.342102,1311905
2026-08-17 18:45:00+00:00,103.345001,103.720001,103.269997,103.595001,2032364
2026-08-17 19:00:00+00:00,103.599998,103.650002,103.084999,103.095001,1515493
2026-08-17 19:15:00+00:00,103.099998,103.459999,103.059998,103.289902,1851590
2026-08-17 19:30:00+00:00,103.285004,104.080002,103.264999,103.900002,2919388
2026-08-17 19:45:00+00:00,103.894997,104.110001,103.209999,103.480003,6704918
2026-08-18 13:30:00+00:00,99.141998,99.309998,97.419998,98.519997,15648597
2026-08-18 13:45:00+00:00,98.464996,98.580002,96.410698,97.175003,9005935
2026-08-18 14:00:00+00:00,97.150002,97.370003,95.629997,96.114998,7450054
2026-08-18 14:15:00+00:00,96.120003,97.458702,95.919998,97.443901,5514805
2026-08-18 14:30:00+00:00,97.430000,97.589996,96.629997,96.644997,3696422
2026-08-18 14:45:00+00:00,96.635002,96.769997,95.830002,95.955002,3585559
2026-08-18 15:00:00+00:00,95.949997,96.039902,95.250000,95.584999,4895638
2026-08-18 15:15:00+00:00,95.584999,96.239998,95.360001,96.129997,3798934
2026-08-18 15:30:00+00:00,96.120003,96.230003,95.730003,96.010002,3094622
2026-08-18 15:45:00+00:00,95.989998,96.559998,95.989998,96.535004,2601503
2026-08-18 16:00:00+00:00,96.540001,96.650002,96.175003,96.205002,2404828
2026-08-18 16:15:00+00:00,96.220001,96.320000,95.800003,95.815002,2087306
2026-08-18 16:30:00+00:00,95.809998,96.199997,95.779999,96.057800,2754141
2026-08-18 16:45:00+00:00,96.065002,96.376099,96.010002,96.220001,1824682
2026-08-18 17:00:00+00:00,96.205002,96.309998,95.959999,96.105003,1842619
2026-08-18 17:15:00+00:00,96.107300,96.120003,95.809998,96.040001,1546186
2026-08-18 17:30:00+00:00,96.019997,96.220001,95.930000,96.029999,1380393
2026-08-18 17:45:00+00:00,96.025002,96.074997,95.570000,95.644997,1872259
2026-08-18 18:00:00+00:00,95.644997,95.959999,95.470001,95.724998,2426928
2026-08-18 18:15:00+00:00,95.729897,96.050003,95.714996,95.960098,1750040
2026-08-18 18:30:00+00:00,95.974998,96.059998,95.820000,95.940002,1464480
2026-08-18 18:45:00+00:00,95.945000,96.129997,95.800003,95.919998,1723526
2026-08-18 19:00:00+00:00,95.900002,96.029999,95.839996,95.902397,2534766
2026-08-18 19:15:00+00:00,95.900002,96.260002,95.759903,96.089996,2456302
2026-08-18 19:30:00+00:00,96.080002,96.190002,95.809998,96.150002,3617909
2026-08-18 19:45:00+00:00,96.150002,96.904999,96.090103,96.690002,8999066
2026-08-19 13:30:00+00:00,97.180000,98.180000,93.760002,94.459999,18375555
2026-08-19 13:45:00+00:00,94.455002,94.931999,92.500000,92.739998,8792940
2026-08-19 14:00:00+00:00,92.779999,93.019997,91.279999,91.660004,9235513
2026-08-19 14:15:00+00:00,91.675003,92.559898,91.555000,92.529999,6396613
2026-08-19 14:30:00+00:00,92.550003,93.290001,92.310097,93.170097,4898315
2026-08-19 14:45:00+00:00,93.184998,93.389999,92.520401,93.389900,3337012
2026-08-19 15:00:00+00:00,93.375000,93.419998,92.639999,93.360001,3015708
2026-08-19 15:15:00+00:00,93.360001,93.400002,92.919998,93.205002,2527946
2026-08-19 15:30:00+00:00,93.209999,93.364998,92.730003,93.279999,2570052
2026-08-19 15:45:00+00:00,93.269997,93.279999,92.785004,93.160004,1697302
2026-08-19 16:00:00+00:00,93.160004,93.470001,92.964996,93.290001,1859973
2026-08-19 16:15:00+00:00,93.294998,93.720001,93.214996,93.389999,1646164
2026-08-19 16:30:00+00:00,93.409897,93.769997,93.220100,93.750000,1807531
2026-08-19 16:45:00+00:00,93.739998,93.776802,93.350098,93.430000,1504787
2026-08-19 17:00:00+00:00,93.434998,93.689903,93.355003,93.389999,1422860
2026-08-19 17:15:00+00:00,93.389999,93.470001,92.949997,93.209999,1641230
2026-08-19 17:30:00+00:00,93.220001,93.260002,92.860001,92.980003,1677665
2026-08-19 17:45:00+00:00,93.074997,93.129997,92.889999,92.979897,1085377
2026-08-19 18:00:00+00:00,92.970001,93.360001,92.620003,92.785004,1827640
2026-08-19 18:15:00+00:00,92.775002,93.180000,92.620003,93.120003,1634032
2026-08-19 18:30:00+00:00,93.120003,93.535004,92.930000,93.209999,2019758
2026-08-19 18:45:00+00:00,93.209999,93.239098,92.864998,93.074997,1147135
2026-08-19 19:00:00+00:00,93.059998,93.199501,92.919998,93.154999,1526085
2026-08-19 19:15:00+00:00,93.146599,93.589996,93.089996,93.379997,2334003
2026-08-19 19:30:00+00:00,93.370003,93.469902,93.029999,93.250000,2521215
2026-08-19 19:45:00+00:00,93.250000,93.279999,92.654999,92.870003,5962492
2026-08-20 13:30:00+00:00,91.910004,92.290001,90.460098,91.629997,13526786
2026-08-20 13:45:00+00:00,91.629997,91.779999,89.849998,90.254997,7773340
2026-08-20 14:00:00+00:00,90.250000,91.135002,89.959999,90.910004,5095512
2026-08-20 14:15:00+00:00,90.845001,91.370003,90.129997,90.815002,4494406
2026-08-20 14:30:00+00:00,90.809998,91.680000,90.739998,91.659897,3205398
2026-08-20 14:45:00+00:00,91.644997,91.765701,91.247498,91.750000,2650725
2026-08-20 15:00:00+00:00,91.750000,92.169998,91.379997,91.820000,2962211
2026-08-20 15:15:00+00:00,91.790001,91.919998,91.500000,91.849998,1851731
2026-08-20 15:30:00+00:00,91.849998,91.940002,91.059998,91.120003,2033607
2026-08-20 15:45:00+00:00,91.128502,91.800003,90.949997,91.782204,1315778
2026-08-20 16:00:00+00:00,91.790001,91.839996,91.330498,91.410004,46685854
2026-08-20 16:15:00+00:00,91.410004,91.900002,91.269997,91.654099,1233271
2026-08-20 16:30:00+00:00,91.650002,91.779602,91.294403,91.719902,1069821
2026-08-20 16:45:00+00:00,91.720001,92.114998,91.629997,92.035004,1295364
2026-08-20 17:00:00+00:00,92.035004,92.320000,91.955002,92.220299,1581134
2026-08-20 17:15:00+00:00,92.237999,92.389999,91.949997,92.297203,1501784
2026-08-20 17:30:00+00:00,92.290001,92.410004,92.139999,92.315002,1349120
2026-08-20 17:45:00+00:00,92.319397,92.678596,92.290001,92.570000,1958129
2026-08-20 18:00:00+00:00,92.559998,92.584999,91.820000,91.995003,2156918
2026-08-20 18:15:00+00:00,91.995003,92.019997,91.580002,91.869904,1618541
2026-08-20 18:30:00+00:00,91.860001,91.938599,91.559998,91.730003,1118995
2026-08-20 18:45:00+00:00,91.730003,92.190002,91.660004,92.080002,1608512
2026-08-20 19:00:00+00:00,92.070000,92.580002,92.029999,92.370003,1778281
2026-08-20 19:15:00+00:00,92.355003,92.540001,92.120003,92.419998,1678503
2026-08-20 19:30:00+00:00,92.415001,92.599998,92.260101,92.430000,1824223
2026-08-20 19:45:00+00:00,92.440002,92.680000,92.019997,92.144997,5665770
2026-08-21 13:30:00+00:00,92.767998,92.767998,90.559998,91.342003,19745838
2026-08-21 13:45:00+00:00,91.370003,92.169998,90.900002,91.192299,6480693
2026-08-21 14:00:00+00:00,91.150002,91.394997,90.129997,90.129997,5151660
2026-08-21 14:15:00+00:00,90.129997,91.000000,89.750000,90.680000,5746336
2026-08-21 14:30:00+00:00,90.680000,90.870003,89.959999,90.209999,2907388
2026-08-21 14:45:00+00:00,90.204002,90.419998,89.910004,90.095001,2677263
2026-08-21 15:00:00+00:00,90.099998,90.669899,90.029999,90.580002,2953796
2026-08-21 15:15:00+00:00,90.584999,90.709999,90.110001,90.370003,3325073
2026-08-21 15:30:00+00:00,90.389999,91.070000,90.320000,90.660004,2699531
2026-08-21 15:45:00+00:00,90.663597,90.830002,90.529999,90.589996,1806920
2026-08-21 16:00:00+00:00,90.589996,90.629997,90.080002,90.125702,1956359
2026-08-21 16:15:00+00:00,90.110001,90.599998,90.070000,90.197197,2056778
2026-08-21 16:30:00+00:00,90.199997,90.209999,89.989998,90.135002,1896398
2026-08-21 16:45:00+00:00,90.129997,90.169998,89.949997,90.004997,1490788
2026-08-21 17:00:00+00:00,90.004997,90.189796,89.980003,90.004997,1533901
2026-08-21 17:15:00+00:00,90.004997,90.059998,89.870003,89.956100,1751362
2026-08-21 17:30:00+00:00,89.964996,90.514603,89.955002,90.514603,2301782
2026-08-21 17:45:00+00:00,90.519997,90.580002,90.290001,90.309998,68951579
2026-08-21 18:00:00+00:00,90.309998,90.529999,90.300003,90.419998,1329047
2026-08-21 18:15:00+00:00,90.419998,90.559998,90.300003,90.320000,1078955
2026-08-21 18:30:00+00:00,90.320000,90.360001,90.160004,90.299896,1297283
2026-08-21 18:45:00+00:00,90.300003,90.489998,90.290001,90.360001,1483905
2026-08-21 19:00:00+00:00,90.375000,90.459999,90.239998,90.269997,1267756
2026-08-21 19:15:00+00:00,90.264999,90.349998,90.130096,90.183800,1586948
2026-08-21 19:30:00+00:00,90.190002,90.269997,89.940002,89.995003,2246824
2026-08-21 19:45:00+00:00,89.995003,90.139999,89.910004,90.059998,6002780
