Datetime,Open,High,Low,Close,Volume
2026-04-08 13:30:00+00:00,9.350000,9.500000,9.225000,9.237700,1070385
2026-04-08 13:35:00+00:00,9.240000,9.280000,9.180200,9.229900,179375
2026-04-08 13:40:00+00:00,9.220000,9.271900,9.140000,9.260000,226191
2026-04-08 13:45:00+00:00,9.250000,9.305000,9.230000,9.295000,177038
2026-04-08 13:50:00+00:00,9.295000,9.300000,9.220100,9.245000,132843
2026-04-08 13:55:00+00:00,9.240100,9.240100,9.170000,9.170000,87860
2026-04-08 14:00:00+00:00,9.180100,9.198500,9.130000,9.150000,82295
2026-04-08 14:05:00+00:00,9.155000,9.165000,9.100100,9.115000,78488
2026-04-08 14:10:00+00:00,9.110000,9.110000,9.020100,9.080000,105969
2026-04-08 14:15:00+00:00,9.085000,9.100000,9.030000,9.045000,70645
2026-04-08 14:20:00+00:00,9.045000,9.048500,9.010000,9.020100,71914
2026-04-08 14:25:00+00:00,9.025000,9.040000,8.980000,8.990000,236783
2026-04-08 14:30:00+00:00,8.990000,9.005000,8.960100,8.980000,81068
2026-04-08 14:35:00+00:00,8.979900,8.995000,8.960000,8.975000,55878
2026-04-08 14:40:00+00:00,8.978100,9.035000,8.975000,9.020000,81174
2026-04-08 14:45:00+00:00,9.030000,9.030000,8.980000,9.015000,74170
2026-04-08 14:50:00+00:00,9.015000,9.040000,9.000000,9.040000,63660
2026-04-08 14:55:00+00:00,9.035000,9.040000,8.985000,9.030000,45306
2026-04-08 15:00:00+00:00,9.035000,9.085000,9.030000,9.070000,32069
2026-04-08 15:05:00+00:00,9.070000,9.087400,9.045000,9.045000,52384
2026-04-08 15:10:00+00:00,9.045000,9.080000,9.045000,9.075000,33049
2026-04-08 15:15:00+00:00,9.071400,9.090000,9.055000,9.070000,52027
2026-04-08 15:20:00+00:00,9.075000,9.078900,9.030000,9.035000,110412
2026-04-08 15:25:00+00:00,9.035000,9.040000,9.000000,9.010000,30562
2026-04-08 15:30:00+00:00,9.019900,9.020000,8.985000,9.010000,37277
2026-04-08 15:35:00+00:00,9.005000,9.010000,8.990000,8.992500,50425
2026-04-08 15:40:00+00:00,8.995000,8.995000,8.970000,8.990000,78434
2026-04-08 15:45:00+00:00,8.995000,9.000000,8.980100,8.995000,36026
2026-04-08 15:50:00+00:00,8.995000,9.000000,8.980000,8.988600,21719
2026-04-08 15:55:00+00:00,8.989000,9.010000,8.989000,8.995000,47384
2026-04-08 16:00:00+00:00,8.991400,9.020000,8.991400,9.005000,80144
2026-04-08 16:05:00+00:00,9.005000,9.030000,9.005000,9.015000,36561
2026-04-08 16:10:00+00:00,9.010000,9.020000,9.005000,9.005000,19045
2026-04-08 16:15:00+00:00,9.000000,9.000000,8.985000,8.998100,49235
2026-04-08 16:20:00+00:00,9.000000,9.000000,8.960000,8.980000,62494
2026-04-08 16:25:00+00:00,8.970100,8.980000,8.960000,8.975000,36093
2026-04-08 16:30:00+00:00,8.980000,9.010000,8.980000,8.995000,43524
2026-04-08 16:35:00+00:00,8.995000,9.010000,8.990000,9.002000,54717
2026-04-08 16:40:00+00:00,9.010000,9.020000,9.000000,9.015000,22498
2026-04-08 16:45:00+00:00,9.015000,9.030000,9.000100,9.025000,38415
2026-04-08 16:50:00+00:00,9.025000,9.065000,9.020100,9.060000,56514
2026-04-08 16:55:00+00:00,9.050100,9.068900,9.045000,9.045000,38424
2026-04-08 17:00:00+00:00,9.050000,9.055000,9.035000,9.035000,20504
2026-04-08 17:05:00+00:00,9.035000,9.035000,9.010000,9.020000,11156
2026-04-08 17:10:00+00:00,9.010000,9.030000,9.010000,9.025000,23910
2026-04-08 17:15:00+00:00,9.022100,9.025000,9.002100,9.005000,27675
2026-04-08 17:20:00+00:00,9.005000,9.005000,8.985000,8.990000,48601
2026-04-08 17:25:00+00:00,8.980000,8.990000,8.950000,8.969900,95649
2026-04-08 17:30:00+00:00,8.965000,8.975000,8.923000,8.930000,75286
2026-04-08 17:35:00+00:00,8.925000,8.939800,8.900000,8.925000,68370
2026-04-08 17:40:00+00:00,8.929900,8.930000,8.905000,8.909900,25022
2026-04-08 17:45:00+00:00,8.905000,8.905000,8.880000,8.885000,54323
2026-04-08 17:50:00+00:00,8.880000,8.900000,8.870000,8.890000,68660
2026-04-08 17:55:00+00:00,8.895000,8.920000,8.890000,8.915000,68892
2026-04-08 18:00:00+00:00,8.915000,8.940000,8.911400,8.939900,48697
2026-04-08 18:05:00+00:00,8.935000,8.960000,8.920000,8.929900,54954
2026-04-08 18:10:00+00:00,8.920000,8.940000,8.920000,8.937500,26843
2026-04-08 18:15:00+00:00,8.935000,8.940000,8.870000,8.880000,77726
2026-04-08 18:20:00+00:00,8.886800,8.900000,8.875000,8.890000,65446
2026-04-08 18:25:00+00:00,8.890000,8.890000,8.860100,8.865000,39080
2026-04-08 18:30:00+00:00,8.870000,8.870000,8.835000,8.835000,68354
2026-04-08 18:35:00+00:00,8.830300,8.850000,8.820000,8.825000,94565
2026-04-08 18:40:00+00:00,8.820000,8.825000,8.792500,8.810000,200532
2026-04-08 18:45:00+00:00,8.815000,8.820000,8.805000,8.810000,65562
2026-04-08 18:50:00+00:00,8.811000,8.811000,8.800000,8.805000,71980
2026-04-08 18:55:00+00:00,8.810000,8.810000,8.775000,8.790000,157571
2026-04-08 19:00:00+00:00,8.790000,8.808800,8.785000,8.795000,52480
2026-04-08 19:05:00+00:00,8.795000,8.800000,8.775000,8.795000,77835
2026-04-08 19:10:00+00:00,8.799300,8.825000,8.795000,8.825000,94782
2026-04-08 19:15:00+00:00,8.825000,8.840000,8.820000,8.840000,45911
2026-04-08 19:20:00+00:00,8.835000,8.840000,8.820000,8.835000,38820
2026-04-08 19:25:00+00:00,8.840000,8.849900,8.830000,8.840000,23041
2026-04-08 19:30:00+00:00,8.835000,8.855000,8.835000,8.855000,63842
2026-04-08 19:35:00+00:00,8.855000,8.860000,8.840000,8.855000,44124
2026-04-08 19:40:00+00:00,8.850100,8.860000,8.835000,8.835000,49171
2026-04-08 19:45:00+00:00,8.835000,8.850000,8.830000,8.835000,58592
2026-04-08 19:50:00+00:00,8.845000,8.855000,8.825000,8.840000,92666
2026-04-08 19:55:00+00:00,8.840000,8.850000,8.820000,8.825000,433400
2026-04-09 13:30:00+00:00,8.780000,8.860000,8.750000,8.830000,348350
2026-04-09 13:35:00+00:00,8.850000,8.920000,8.823000,8.875000,102454
2026-04-09 13:40:00+00:00,8.875000,8.910000,8.874000,8.885000,39396
2026-04-09 13:45:00+00:00,8.880000,8.890000,8.825000,8.845000,80616
2026-04-09 13:50:00+00:00,8.845000,8.850000,8.750000,8.750000,98562
2026-04-09 13:55:00+00:00,8.760000,8.770000,8.730000,8.768000,69918
2026-04-09 14:00:00+00:00,8.760000,8.780000,8.745000,8.755000,68190
2026-04-09 14:05:00+00:00,8.751900,8.765000,8.735000,8.749500,41326
2026-04-09 14:10:00+00:00,8.745100,8.745100,8.715000,8.725000,52918
2026-04-09 14:15:00+00:00,8.710000,8.720000,8.670000,8.675000,118227
2026-04-09 14:20:00+00:00,8.675000,8.680100,8.645000,8.677500,263887
2026-04-09 14:25:00+00:00,8.675000,8.680000,8.660000,8.665000,41105
2026-04-09 14:30:00+00:00,8.660000,8.675000,8.660000,8.675000,32130
2026-04-09 14:35:00+00:00,8.675000,8.690000,8.660000,8.688600,72270
2026-04-09 14:40:00+00:00,8.689900,8.710000,8.680000,8.700000,71628
2026-04-09 14:45:00+00:00,8.705000,8.739900,8.700000,8.735100,66837
2026-04-09 14:50:00+00:00,8.735000,8.750000,8.720100,8.745000,42304
2026-04-09 14:55:00+00:00,8.750000,8.770000,8.740000,8.740000,53267
2026-04-09 15:00:00+00:00,8.750000,8.750000,8.714700,8.715000,50811
2026-04-09 15:05:00+00:00,8.715000,8.720000,8.710000,8.710000,48085
2026-04-09 15:10:00+00:00,8.715000,8.735000,8.695000,8.735000,165624
2026-04-09 15:15:00+00:00,8.735000,8.765000,8.735000,8.745000,77306
2026-04-09 15:20:00+00:00,8.745000,8.749800,8.730000,8.735000,39521
2026-04-09 15:25:00+00:00,8.735000,8.750000,8.720000,8.730000,48849
2026-04-09 15:30:00+00:00,8.729800,8.780000,8.725000,8.765000,58216
2026-04-09 15:35:00+00:00,8.770000,8.800000,8.760000,8.770000,47785
2026-04-09 15:40:00+00:00,8.765000,8.825000,8.760000,8.825000,57718
2026-04-09 15:45:00+00:00,8.825000,8.870000,8.820000,8.840000,98972
2026-04-09 15:50:00+00:00,8.845000,8.879900,8.840000,8.872500,56427
2026-04-09 15:55:00+00:00,8.875000,8.880000,8.865000,8.875000,81833
2026-04-09 16:00:00+00:00,8.880000,8.940000,8.870000,8.920000,90384
2026-04-09 16:05:00+00:00,8.915000,8.925000,8.900000,8.905000,118303
2026-04-09 16:10:00+00:00,8.900000,8.920000,8.895000,8.895000,26467
2026-04-09 16:15:00+00:00,8.895000,8.905000,8.880000,8.880100,34323
2026-04-09 16:20:00+00:00,8.887500,8.890000,8.870000,8.880000,51722
2026-04-09 16:25:00+00:00,8.865000,8.880000,8.865000,8.870000,20804
2026-04-09 16:30:00+00:00,8.872700,8.872700,8.845000,8.850000,46051
2026-04-09 16:35:00+00:00,8.860000,8.860000,8.825000,8.829300,51218
2026-04-09 16:40:00+00:00,8.835000,8.849900,8.830000,8.849800,19680
2026-04-09 16:45:00+00:00,8.840000,8.840000,8.810000,8.810100,38818
2026-04-09 16:50:00+00:00,8.815000,8.839900,8.815000,8.825000,20763
2026-04-09 16:55:00+00:00,8.825000,8.840000,8.820700,8.835000,28287
2026-04-09 17:00:00+00:00,8.830000,8.850000,8.830000,8.840000,36106
2026-04-09 17:05:00+00:00,8.845000,8.865000,8.835000,8.860000,31908
2026-04-09 17:10:00+00:00,8.860000,8.869900,8.850100,8.850100,23208
2026-04-09 17:15:00+00:00,8.855000,8.860000,8.840000,8.845000,23448
2026-04-09 17:20:00+00:00,8.845000,8.850000,8.830300,8.840000,27693
2026-04-09 17:25:00+00:00,8.840000,8.850000,8.830000,8.840000,25847
2026-04-09 17:30:00+00:00,8.840000,8.840000,8.815000,8.815000,25799
2026-04-09 17:35:00+00:00,8.810000,8.850000,8.800000,8.850000,76309
2026-04-09 17:40:00+00:00,8.855000,8.859800,8.830000,8.830100,33328
2026-04-09 17:45:00+00:00,8.835000,8.835000,8.775000,8.780000,70660
2026-04-09 17:50:00+00:00,8.785000,8.809700,8.770000,8.805000,41049
2026-04-09 17:55:00+00:00,8.801400,8.801400,8.770000,8.775000,20691
2026-04-09 18:00:00+00:00,8.775000,8.775000,8.700000,8.715000,64518
2026-04-09 18:05:00+00:00,8.720000,8.748200,8.720000,8.748200,34610
2026-04-09 18:10:00+00:00,8.745000,8.760000,8.725000,8.730000,34049
2026-04-09 18:15:00+00:00,8.725000,8.749900,8.720000,8.735000,73001
2026-04-09 18:20:00+00:00,8.735000,8.735000,8.710000,8.720000,35348
2026-04-09 18:25:00+00:00,8.725000,8.730000,8.711000,8.729900,22432
2026-04-09 18:30:00+00:00,8.725000,8.728600,8.720000,8.725000,19471
2026-04-09 18:35:00+00:00,8.725000,8.730000,8.715000,8.725000,24490
2026-04-09 18:40:00+00:00,8.725000,8.739900,8.710000,8.710000,28293
2026-04-09 18:45:00+00:00,8.715000,8.720000,8.680000,8.690100,146004
2026-04-09 18:50:00+00:00,8.695000,8.709900,8.690000,8.700000,43013
2026-04-09 18:55:00+00:00,8.690000,8.705000,8.690000,8.705000,42126
2026-04-09 19:00:00+00:00,8.704000,8.740000,8.700000,8.735000,55689
2026-04-09 19:05:00+00:00,8.735000,8.740000,8.715000,8.735000,60695
2026-04-09 19:10:00+00:00,8.731500,8.750000,8.730000,8.735000,40417
2026-04-09 19:15:00+00:00,8.735000,8.760000,8.735000,8.750000,75715
2026-04-09 19:20:00+00:00,8.745000,8.750000,8.740000,8.740000,18720
2026-04-09 19:25:00+00:00,8.750000,8.775000,8.740000,8.775000,60147
2026-04-09 19:30:00+00:00,8.780000,8.790000,8.770000,8.775000,37580
2026-04-09 19:35:00+00:00,8.775000,8.775000,8.740000,8.740000,56936
2026-04-09 19:40:00+00:00,8.740000,8.740000,8.720000,8.740000,54426
2026-04-09 19:45:00+00:00,8.735000,8.750000,8.730000,8.735000,74181
2026-04-09 19:50:00+00:00,8.735000,8.740000,8.710000,8.710000,124303
2026-04-09 19:55:00+00:00,8.718000,8.780000,8.705000,8.770000,402451
2026-04-10 13:30:00+00:00,8.810000,9.013000,8.800000,8.925000,423182
2026-04-10 13:35:00+00:00,8.920000,8.940000,8.880000,8.880000,156334
2026-04-10 13:40:00+00:00,8.885000,8.910000,8.870000,8.890000,86634
2026-04-10 13:45:00+00:00,8.880000,8.920000,8.870000,8.905000,63469
2026-04-10 13:50:00+00:00,8.900100,8.930000,8.880000,8.930000,62930
2026-04-10 13:55:00+00:00,8.925000,8.960000,8.910000,8.950000,73884
2026-04-10 14:00:00+00:00,8.950000,8.960000,8.865000,8.880000,95744
2026-04-10 14:05:00+00:00,8.875000,8.875000,8.830000,8.840000,78340
2026-04-10 14:10:00+00:00,8.840000,8.850000,8.830000,8.840000,31805
2026-04-10 14:15:00+00:00,8.845000,8.849900,8.830000,8.840100,32921
2026-04-10 14:20:00+00:00,8.845000,8.850000,8.840000,8.845000,24533
2026-04-10 14:25:00+00:00,8.845000,8.869900,8.845000,8.855000,30612
2026-04-10 14:30:00+00:00,8.855000,8.870000,8.840100,8.845000,23776
2026-04-10 14:35:00+00:00,8.845000,8.850000,8.833500,8.840000,31795
2026-04-10 14:40:00+00:00,8.835000,8.850100,8.805000,8.805000,65067
2026-04-10 14:45:00+00:00,8.806300,8.809900,8.760000,8.780100,132799
2026-04-10 14:50:00+00:00,8.787400,8.789900,8.760000,8.765000,96288
2026-04-10 14:55:00+00:00,8.770000,8.780000,8.765000,8.775000,33544
2026-04-10 15:00:00+00:00,8.775000,8.790000,8.755000,8.779900,50547
2026-04-10 15:05:00+00:00,8.778800,8.780000,8.765000,8.770100,24353
2026-04-10 15:10:00+00:00,8.780000,8.800000,8.770000,8.800000,58773
2026-04-10 15:15:00+00:00,8.795000,8.799900,8.780000,8.790000,25631
2026-04-10 15:20:00+00:00,8.785000,8.800000,8.773000,8.800000,28093
2026-04-10 15:25:00+00:00,8.805000,8.805000,8.780100,8.795000,33657
2026-04-10 15:30:00+00:00,8.790000,8.790000,8.755000,8.759900,49674
2026-04-10 15:35:00+00:00,8.755000,8.760000,8.720000,8.730000,83607
2026-04-10 15:40:00+00:00,8.720000,8.730000,8.701400,8.710000,68817
2026-04-10 15:45:00+00:00,8.709900,8.710000,8.640000,8.650000,209667
2026-04-10 15:50:00+00:00,8.650600,8.660000,8.645000,8.657600,54355
2026-04-10 15:55:00+00:00,8.654500,8.660000,8.610000,8.619900,165888
2026-04-10 16:00:00+00:00,8.615000,8.630000,8.610000,8.630000,82642
2026-04-10 16:05:00+00:00,8.625000,8.640000,8.610000,8.610000,112566
2026-04-10 16:10:00+00:00,8.610000,8.650000,8.595000,8.635000,289688
2026-04-10 16:15:00+00:00,8.635000,8.646100,8.620000,8.646100,63579
2026-04-10 16:20:00+00:00,8.649900,8.650000,8.630000,8.650000,41268
2026-04-10 16:25:00+00:00,8.654800,8.660000,8.650000,8.655000,36990
2026-04-10 16:30:00+00:00,8.654500,8.660000,8.630000,8.639900,43974
2026-04-10 16:35:00+00:00,8.639100,8.650000,8.610000,8.620000,76300
2026-04-10 16:40:00+00:00,8.610000,8.625000,8.600000,8.610100,69273
2026-04-10 16:45:00+00:00,8.619900,8.620000,8.600000,8.605200,28012
2026-04-10 16:50:00+00:00,8.610000,8.650000,8.610000,8.636400,65278
2026-04-10 16:55:00+00:00,8.640000,8.640000,8.630000,8.630000,22538
2026-04-10 17:00:00+00:00,8.635000,8.640000,8.610000,8.615000,52769
2026-04-10 17:05:00+00:00,8.615000,8.640000,8.610000,8.640000,50969
2026-04-10 17:10:00+00:00,8.636400,8.649900,8.635000,8.645000,44060
2026-04-10 17:15:00+00:00,8.640000,8.650000,8.635000,8.635000,19277
2026-04-10 17:20:00+00:00,8.630000,8.635000,8.620000,8.630000,37870
2026-04-10 17:25:00+00:00,8.625000,8.630000,8.605000,8.610000,133749
2026-04-10 17:30:00+00:00,8.601400,8.620000,8.600000,8.620000,61416
2026-04-10 17:35:00+00:00,8.615000,8.620000,8.610100,8.615000,54547
2026-04-10 17:40:00+00:00,8.615000,8.620000,8.610000,8.618600,21698
2026-04-10 17:45:00+00:00,8.615000,8.639900,8.615000,8.638900,68144
2026-04-10 17:50:00+00:00,8.635000,8.650000,8.630000,8.645000,20651
2026-04-10 17:55:00+00:00,8.650000,8.650000,8.630000,8.635000,17606
2026-04-10 18:00:00+00:00,8.635000,8.639900,8.630000,8.630100,25458
2026-04-10 18:05:00+00:00,8.635000,8.640000,8.610000,8.625000,26620
2026-04-10 18:10:00+00:00,8.630000,8.640000,8.625000,8.635000,22932
2026-04-10 18:15:00+00:00,8.640000,8.644000,8.625000,8.626200,25256
2026-04-10 18:20:00+00:00,8.620000,8.635000,8.615000,8.615000,25029
2026-04-10 18:25:00+00:00,8.615000,8.620000,8.610000,8.615000,19024
2026-04-10 18:30:00+00:00,8.620000,8.628600,8.600000,8.605000,36652
2026-04-10 18:35:00+00:00,8.600000,8.600000,8.572300,8.586700,155272
2026-04-10 18:40:00+00:00,8.585000,8.590000,8.570000,8.580000,61107
2026-04-10 18:45:00+00:00,8.575000,8.580000,8.570000,8.580000,64657
2026-04-10 18:50:00+00:00,8.580000,8.590000,8.570000,8.585000,77659
2026-04-10 18:55:00+00:00,8.585000,8.600000,8.580000,8.599900,47068
2026-04-10 19:00:00+00:00,8.591400,8.610000,8.590000,8.600000,46271
2026-04-10 19:05:00+00:00,8.600000,8.610000,8.595000,8.605000,32153
2026-04-10 19:10:00+00:00,8.605000,8.620000,8.600100,8.615000,30042
2026-04-10 19:15:00+00:00,8.616200,8.630000,8.615000,8.630000,36422
2026-04-10 19:20:00+00:00,8.625000,8.630000,8.615000,8.615000,23869
2026-04-10 19:25:00+00:00,8.617700,8.625000,8.610000,8.620000,31717
2026-04-10 19:30:00+00:00,8.615000,8.619900,8.590000,8.610000,67264
2026-04-10 19:35:00+00:00,8.615000,8.615000,8.580000,8.580000,75593
2026-04-10 19:40:00+00:00,8.585000,8.590000,8.560000,8.585000,140529
2026-04-10 19:45:00+00:00,8.585000,8.610000,8.585000,8.610000,79615
2026-04-10 19:50:00+00:00,8.600000,8.600000,8.570000,8.580000,175706
2026-04-10 19:55:00+00:00,8.580000,8.590000,8.560000,8.585000,333546
2026-04-13 13:30:00+00:00,8.452000,8.460000,8.360000,8.380000,676096
2026-04-13 13:35:00+00:00,8.370100,8.390000,8.320000,8.340000,247348
2026-04-13 13:40:00+00:00,8.331000,8.380000,8.320000,8.350000,105523
2026-04-13 13:45:00+00:00,8.345000,8.380000,8.340000,8.375000,113154
2026-04-13 13:50:00+00:00,8.375000,8.399700,8.370000,8.380000,86961
2026-04-13 13:55:00+00:00,8.380000,8.490000,8.380000,8.489000,149219
2026-04-13 14:00:00+00:00,8.485000,8.490000,8.430000,8.455000,133255
2026-04-13 14:05:00+00:00,8.455000,8.480000,8.415000,8.420000,104305
2026-04-13 14:10:00+00:00,8.425000,8.470000,8.425000,8.425000,146579
2026-04-13 14:15:00+00:00,8.430000,8.430000,8.390000,8.398900,59442
2026-04-13 14:20:00+00:00,8.400000,8.430100,8.400000,8.430100,88286
2026-04-13 14:25:00+00:00,8.435000,8.520000,8.430000,8.520000,71339
2026-04-13 14:30:00+00:00,8.523600,8.560000,8.520000,8.540000,78986
2026-04-13 14:35:00+00:00,8.540000,8.540000,8.495000,8.495000,46311
2026-04-13 14:40:00+00:00,8.495000,8.510000,8.490000,8.510000,46150
2026-04-13 14:45:00+00:00,8.510000,8.520000,8.505000,8.507000,42212
2026-04-13 14:50:00+00:00,8.504200,8.570000,8.500000,8.560800,79309
2026-04-13 14:55:00+00:00,8.560000,8.595000,8.560000,8.590000,84122
2026-04-13 15:00:00+00:00,8.585000,8.585000,8.505000,8.505000,52332
2026-04-13 15:05:00+00:00,8.503700,8.525000,8.485000,8.506400,46013
2026-04-13 15:10:00+00:00,8.505000,8.530000,8.495000,8.530000,51913
2026-04-13 15:15:00+00:00,8.525000,8.540000,8.520000,8.521500,42025
2026-04-13 15:20:00+00:00,8.530000,8.539900,8.510000,8.530000,51600
2026-04-13 15:25:00+00:00,8.525000,8.530000,8.520000,8.525000,16532
2026-04-13 15:30:00+00:00,8.525000,8.525000,8.510000,8.525000,34366
2026-04-13 15:35:00+00:00,8.530000,8.540000,8.510000,8.538600,52635
2026-04-13 15:40:00+00:00,8.530100,8.565000,8.530000,8.542500,26437
2026-04-13 15:45:00+00:00,8.545000,8.615000,8.545000,8.602800,204550
2026-04-13 15:50:00+00:00,8.605000,8.610000,8.590000,8.605000,132244
2026-04-13 15:55:00+00:00,8.600000,8.610000,8.580100,8.610000,67476
2026-04-13 16:00:00+00:00,8.600000,8.610000,8.585000,8.601400,35746
2026-04-13 16:05:00+00:00,8.600000,8.640000,8.590200,8.640000,84741
2026-04-13 16:10:00+00:00,8.635000,8.650000,8.630000,8.635000,45228
2026-04-13 16:15:00+00:00,8.635000,8.640000,8.620100,8.635000,51416
2026-04-13 16:20:00+00:00,8.635000,8.650000,8.630000,8.645000,60627
2026-04-13 16:25:00+00:00,8.650000,8.670000,8.635000,8.665000,78111
2026-04-13 16:30:00+00:00,8.665000,8.698600,8.650000,8.698600,111984
2026-04-13 16:35:00+00:00,8.691100,8.755000,8.680000,8.710100,205059
2026-04-13 16:40:00+00:00,8.710000,8.725000,8.680000,8.705000,90591
2026-04-13 16:45:00+00:00,8.705000,8.730000,8.685000,8.725000,56697
2026-04-13 16:50:00+00:00,8.725000,8.750000,8.700000,8.705000,95359
2026-04-13 16:55:00+00:00,8.700000,8.715000,8.695000,8.715000,65518
2026-04-13 17:00:00+00:00,8.715000,8.730000,8.710000,8.715000,70631
2026-04-13 17:05:00+00:00,8.712000,8.880000,8.710100,8.825000,327944
2026-04-13 17:10:00+00:00,8.825000,8.885000,8.800000,8.830100,175327
2026-04-13 17:15:00+00:00,8.835000,8.890000,8.830000,8.890000,89657
2026-04-13 17:20:00+00:00,8.890000,8.960000,8.880000,8.955000,256967
2026-04-13 17:25:00+00:00,8.955000,8.960000,8.900000,8.915000,170967
2026-04-13 17:30:00+00:00,8.915000,8.950000,8.895000,8.940000,155348
2026-04-13 17:35:00+00:00,8.950000,9.040000,8.930000,9.035000,342333
2026-04-13 17:40:00+00:00,9.035000,9.080000,9.010800,9.039900,316212
2026-04-13 17:45:00+00:00,9.039900,9.080000,9.000000,9.080000,315971
2026-04-13 17:50:00+00:00,9.080000,9.130000,9.070000,9.085000,240038
2026-04-13 17:55:00+00:00,9.083900,9.090000,9.065000,9.085000,95333
2026-04-13 18:00:00+00:00,9.090000,9.096500,9.070000,9.070000,97674
2026-04-13 18:05:00+00:00,9.078400,9.080000,9.010000,9.010800,114641
2026-04-13 18:10:00+00:00,9.015000,9.030000,9.000000,9.030000,76949
2026-04-13 18:15:00+00:00,9.030000,9.050000,9.020100,9.040200,103720
2026-04-13 18:20:00+00:00,9.045000,9.050000,9.015000,9.016800,66381
2026-04-13 18:25:00+00:00,9.015000,9.021000,9.000000,9.020000,80113
2026-04-13 18:30:00+00:00,9.020000,9.040000,9.005000,9.015000,61482
2026-04-13 18:35:00+00:00,9.015000,9.035000,9.010000,9.020000,47519
2026-04-13 18:40:00+00:00,9.020000,9.065000,9.020000,9.065000,80339
2026-04-13 18:45:00+00:00,9.060000,9.130000,9.050000,9.117500,208076
2026-04-13 18:50:00+00:00,9.115000,9.140000,9.100000,9.130000,163920
2026-04-13 18:55:00+00:00,9.135000,9.205000,9.130000,9.155000,301498
2026-04-13 19:00:00+00:00,9.155100,9.170000,9.125000,9.127500,152927
2026-04-13 19:05:00+00:00,9.120100,9.130000,9.090000,9.090100,70137
2026-04-13 19:10:00+00:00,9.095000,9.100000,9.075000,9.100000,52023
2026-04-13 19:15:00+00:00,9.090000,9.110000,9.070000,9.075000,75380
2026-04-13 19:20:00+00:00,9.075000,9.090000,9.065000,9.070000,104819
2026-04-13 19:25:00+00:00,9.075000,9.110000,9.055000,9.105000,152533
2026-04-13 19:30:00+00:00,9.105000,9.120000,9.095000,9.105000,162341
2026-04-13 19:35:00+00:00,9.110000,9.130000,9.095000,9.095000,107269
2026-04-13 19:40:00+00:00,9.095000,9.100000,9.075000,9.080000,153116
2026-04-13 19:45:00+00:00,9.085000,9.110000,9.080000,9.105000,117999
2026-04-13 19:50:00+00:00,9.105000,9.170000,9.105000,9.165000,304647
2026-04-13 19:55:00+00:00,9.165000,9.240000,9.140000,9.240000,705248
2026-04-14 13:30:00+00:00,9.700000,10.090000,9.650000,9.715000,6728121
2026-04-14 13:35:00+00:00,9.700000,9.790000,9.620000,9.670000,818471
2026-04-14 13:40:00+00:00,9.680000,9.800000,9.580000,9.628200,1128138
2026-04-14 13:45:00+00:00,9.620000,9.730000,9.580000,9.689900,409922
2026-04-14 13:50:00+00:00,9.689900,9.689900,9.450000,9.535000,821886
2026-04-14 13:55:00+00:00,9.540000,9.550000,9.280000,9.325000,755602
2026-04-14 14:00:00+00:00,9.325000,9.375000,9.140000,9.175000,642919
2026-04-14 14:05:00+00:00,9.179200,9.195000,8.945000,8.959900,797359
2026-04-14 14:10:00+00:00,8.960000,9.000000,8.860000,8.930000,662911
2026-04-14 14:15:00+00:00,8.925000,8.930000,8.800000,8.855000,554612
2026-04-14 14:20:00+00:00,8.855000,8.865000,8.675000,8.840000,1147143
2026-04-14 14:25:00+00:00,8.835000,8.860000,8.790000,8.855000,486471
2026-04-14 14:30:00+00:00,8.855000,8.860000,8.806500,8.830000,389497
2026-04-14 14:35:00+00:00,8.825000,8.840000,8.770000,8.780000,360903
2026-04-14 14:40:00+00:00,8.775000,8.840000,8.765000,8.805000,604515
2026-04-14 14:45:00+00:00,8.805000,8.860000,8.795000,8.850000,307688
2026-04-14 14:50:00+00:00,8.845000,8.895000,8.770000,8.790000,504919
2026-04-14 14:55:00+00:00,8.785000,8.835000,8.775000,8.780100,277000
2026-04-14 15:00:00+00:00,8.788600,8.790000,8.730000,8.745000,452184
2026-04-14 15:05:00+00:00,8.740000,8.770000,8.710000,8.735000,418081
2026-04-14 15:10:00+00:00,8.730000,8.740000,8.690000,8.705000,296006
2026-04-14 15:15:00+00:00,8.709900,8.720000,8.680000,8.705000,314572
2026-04-14 15:20:00+00:00,8.701900,8.740000,8.680000,8.719900,261209
2026-04-14 15:25:00+00:00,8.712500,8.740000,8.705000,8.735000,141486
2026-04-14 15:30:00+00:00,8.735000,8.855000,8.733400,8.819900,535904
2026-04-14 15:35:00+00:00,8.815000,8.870000,8.805000,8.840000,328136
2026-04-14 15:40:00+00:00,8.833000,8.840000,8.751100,8.780000,449408
2026-04-14 15:45:00+00:00,8.780000,8.870000,8.775000,8.855000,227619
2026-04-14 15:50:00+00:00,8.859800,8.860000,8.790200,8.829700,171795
2026-04-14 15:55:00+00:00,8.820100,8.830000,8.770000,8.795000,245833
2026-04-14 16:00:00+00:00,8.790000,8.800000,8.770000,8.785000,153035
2026-04-14 16:05:00+00:00,8.785000,8.810000,8.775000,8.800000,110693
2026-04-14 16:10:00+00:00,8.800000,8.835000,8.800000,8.815000,119854
2026-04-14 16:15:00+00:00,8.815000,8.820000,8.790000,8.815000,141209
2026-04-14 16:20:00+00:00,8.820000,8.870000,8.805000,8.860000,229813
2026-04-14 16:25:00+00:00,8.865000,8.870000,8.845000,8.858600,185607
2026-04-14 16:30:00+00:00,8.855000,8.860000,8.830000,8.840000,136545
2026-04-14 16:35:00+00:00,8.835000,8.850000,8.830000,8.830000,61439
2026-04-14 16:40:00+00:00,8.835000,8.850000,8.830000,8.850000,107683
2026-04-14 16:45:00+00:00,8.849900,8.860000,8.830000,8.845000,146137
2026-04-14 16:50:00+00:00,8.845000,8.850000,8.790000,8.805000,152409
2026-04-14 16:55:00+00:00,8.810000,8.810000,8.780000,8.785000,90519
2026-04-14 17:00:00+00:00,8.780000,8.790000,8.772500,8.785000,115672
2026-04-14 17:05:00+00:00,8.790000,8.795000,8.755000,8.780000,416026
2026-04-14 17:10:00+00:00,8.775000,8.805000,8.770000,8.795000,289186
2026-04-14 17:15:00+00:00,8.790000,8.815000,8.790000,8.805000,121487
2026-04-14 17:20:00+00:00,8.810000,8.850000,8.795000,8.835000,138532
2026-04-14 17:25:00+00:00,8.840000,8.850000,8.820000,8.820300,128787
2026-04-14 17:30:00+00:00,8.825000,8.850000,8.825000,8.835000,107335
2026-04-14 17:35:00+00:00,8.835000,8.880000,8.830100,8.860000,207389
2026-04-14 17:40:00+00:00,8.850000,8.860000,8.830000,8.845000,77130
2026-04-14 17:45:00+00:00,8.845000,8.850000,8.830000,8.845000,59190
2026-04-14 17:50:00+00:00,8.849900,8.860000,8.820000,8.859700,80442
2026-04-14 17:55:00+00:00,8.860000,8.890000,8.850100,8.880000,262176
2026-04-14 18:00:00+00:00,8.885000,8.910000,8.855000,8.855000,180366
2026-04-14 18:05:00+00:00,8.855000,8.865000,8.840000,8.845000,100186
2026-04-14 18:10:00+00:00,8.845000,8.850000,8.830000,8.835000,47106
2026-04-14 18:15:00+00:00,8.830000,8.835000,8.800000,8.815000,208901
2026-04-14 18:20:00+00:00,8.815000,8.820000,8.790000,8.805000,227785
2026-04-14 18:25:00+00:00,8.805000,8.860000,8.800000,8.855000,67997
2026-04-14 18:30:00+00:00,8.855000,8.860000,8.830000,8.830000,100696
2026-04-14 18:35:00+00:00,8.835000,8.850000,8.830000,8.845000,46948
2026-04-14 18:40:00+00:00,8.850000,8.850000,8.840000,8.845000,69621
2026-04-14 18:45:00+00:00,8.840000,8.840000,8.810000,8.817300,126171
2026-04-14 18:50:00+00:00,8.815000,8.820000,8.800000,8.805000,89499
2026-04-14 18:55:00+00:00,8.805000,8.815000,8.790000,8.805000,78840
2026-04-14 19:00:00+00:00,8.805000,8.820000,8.800000,8.805000,102226
2026-04-14 19:05:00+00:00,8.803400,8.807800,8.790000,8.790000,58095
2026-04-14 19:10:00+00:00,8.795000,8.810000,8.780000,8.805000,234219
2026-04-14 19:15:00+00:00,8.805000,8.835000,8.800000,8.825000,67740
2026-04-14 19:20:00+00:00,8.825000,8.825000,8.800000,8.814000,54993
2026-04-14 19:25:00+00:00,8.815000,8.815000,8.790000,8.800000,80066
2026-04-14 19:30:00+00:00,8.809900,8.835000,8.800000,8.825000,209293
2026-04-14 19:35:00+00:00,8.820000,8.849900,8.820000,8.829900,233798
2026-04-14 19:40:00+00:00,8.825000,8.830000,8.820000,8.825000,79889
2026-04-14 19:45:00+00:00,8.825000,8.830000,8.760000,8.775000,574423
2026-04-14 19:50:00+00:00,8.775000,8.810000,8.770000,8.805000,384275
2026-04-14 19:55:00+00:00,8.805000,8.840000,8.790000,8.820000,831023
2026-04-15 13:30:00+00:00,8.830000,8.940000,8.610000,8.737000,1337519
2026-04-15 13:35:00+00:00,8.720000,8.750000,8.690000,8.715000,240704
2026-04-15 13:40:00+00:00,8.715000,8.760000,8.635000,8.635000,367910
2026-04-15 13:45:00+00:00,8.640000,8.650000,8.480000,8.525000,1090427
2026-04-15 13:50:00+00:00,8.528000,8.550000,8.430000,8.445000,626811
2026-04-15 13:55:00+00:00,8.440000,8.450000,8.365000,8.379900,965169
2026-04-15 14:00:00+00:00,8.370000,8.390000,8.300000,8.320000,1152895
2026-04-15 14:05:00+00:00,8.325000,8.350000,8.305000,8.335000,721463
2026-04-15 14:10:00+00:00,8.335000,8.360000,8.310000,8.315000,563706
2026-04-15 14:15:00+00:00,8.319900,8.320000,8.270000,8.275000,708901
2026-04-15 14:20:00+00:00,8.270000,8.310000,8.260000,8.285000,439515
2026-04-15 14:25:00+00:00,8.285000,8.300000,8.280000,8.295000,267054
2026-04-15 14:30:00+00:00,8.295000,8.305000,8.260000,8.265000,531324
2026-04-15 14:35:00+00:00,8.270000,8.285000,8.210000,8.220100,683439
2026-04-15 14:40:00+00:00,8.225000,8.229900,8.170000,8.180000,763983
2026-04-15 14:45:00+00:00,8.185000,8.235000,8.110000,8.215000,1054462
2026-04-15 14:50:00+00:00,8.215000,8.245000,8.210000,8.230100,478162
2026-04-15 14:55:00+00:00,8.235000,8.275000,8.230000,8.245000,438821
2026-04-15 15:00:00+00:00,8.244000,8.280000,8.180000,8.265000,753579
2026-04-15 15:05:00+00:00,8.265000,8.270000,8.230000,8.235000,244624
2026-04-15 15:10:00+00:00,8.230000,8.280000,8.210000,8.275000,412433
2026-04-15 15:15:00+00:00,8.274000,8.300000,8.270000,8.285000,188959
2026-04-15 15:20:00+00:00,8.289900,8.290000,8.260000,8.275000,198826
2026-04-15 15:25:00+00:00,8.275000,8.295000,8.260600,8.284000,138784
2026-04-15 15:30:00+00:00,8.285000,8.290000,8.270000,8.275000,156925
2026-04-15 15:35:00+00:00,8.275000,8.280000,8.220000,8.235000,254133
2026-04-15 15:40:00+00:00,8.240000,8.250000,8.219800,8.229900,185202
2026-04-15 15:45:00+00:00,8.230000,8.240000,8.224000,8.235000,80043
2026-04-15 15:50:00+00:00,8.235000,8.235000,8.160000,8.175000,623275
2026-04-15 15:55:00+00:00,8.175000,8.190000,8.140000,8.174000,536063
2026-04-15 16:00:00+00:00,8.175000,8.180000,8.160000,8.179900,220213
2026-04-15 16:05:00+00:00,8.179900,8.209900,8.170000,8.190000,336980
2026-04-15 16:10:00+00:00,8.185000,8.190000,8.155000,8.169900,318938
2026-04-15 16:15:00+00:00,8.170000,8.170000,8.150000,8.169700,287087
2026-04-15 16:20:00+00:00,8.165000,8.170000,8.155000,8.160000,275706
2026-04-15 16:25:00+00:00,8.160000,8.190000,8.150000,8.184000,228172
2026-04-15 16:30:00+00:00,8.185000,8.190000,8.155000,8.155000,206541
2026-04-15 16:35:00+00:00,8.160000,8.170000,8.150000,8.169900,229573
2026-04-15 16:40:00+00:00,8.165000,8.170000,8.135000,8.150000,319511
2026-04-15 16:45:00+00:00,8.140000,8.157600,8.123700,8.157600,400998
2026-04-15 16:50:00+00:00,8.155000,8.170000,8.140000,8.150000,155343
2026-04-15 16:55:00+00:00,8.144200,8.180000,8.130000,8.175000,344406
2026-04-15 17:00:00+00:00,8.175000,8.190000,8.150000,8.185000,305143
2026-04-15 17:05:00+00:00,8.187400,8.225000,8.181100,8.202600,218605
2026-04-15 17:10:00+00:00,8.205000,8.210000,8.185000,8.199700,110441
2026-04-15 17:15:00+00:00,8.195000,8.225000,8.190000,8.215000,162332
2026-04-15 17:20:00+00:00,8.215000,8.260000,8.210000,8.260000,233471
2026-04-15 17:25:00+00:00,8.260000,8.270000,8.235000,8.270000,314154
2026-04-15 17:30:00+00:00,8.265000,8.280000,8.234000,8.245000,173299
2026-04-15 17:35:00+00:00,8.245000,8.260000,8.234000,8.240000,309604
2026-04-15 17:40:00+00:00,8.245000,8.250000,8.220000,8.245000,149599
2026-04-15 17:45:00+00:00,8.245000,8.250000,8.240000,8.240000,83721
2026-04-15 17:50:00+00:00,8.240000,8.265000,8.240000,8.255000,176314
2026-04-15 17:55:00+00:00,8.255000,8.260000,8.230100,8.235000,79614
2026-04-15 18:00:00+00:00,8.235000,8.235200,8.218000,8.225000,215040
2026-04-15 18:05:00+00:00,8.225000,8.235000,8.210100,8.230000,152001
2026-04-15 18:10:00+00:00,8.225000,8.235000,8.210000,8.220000,341902
2026-04-15 18:15:00+00:00,8.210000,8.219700,8.195000,8.207600,173102
2026-04-15 18:20:00+00:00,8.205000,8.220000,8.200000,8.215000,124695
2026-04-15 18:25:00+00:00,8.215000,8.250000,8.215000,8.244000,177938
2026-04-15 18:30:00+00:00,8.247500,8.295000,8.240000,8.295000,225971
2026-04-15 18:35:00+00:00,8.300000,8.300000,8.270000,8.275000,197047
2026-04-15 18:40:00+00:00,8.270000,8.290000,8.260000,8.280000,99080
2026-04-15 18:45:00+00:00,8.285000,8.300000,8.275000,8.295000,112457
2026-04-15 18:50:00+00:00,8.295000,8.300000,8.275000,8.285000,98116
2026-04-15 18:55:00+00:00,8.285000,8.290000,8.275000,8.285000,116959
2026-04-15 19:00:00+00:00,8.280000,8.300000,8.275000,8.294000,118164
2026-04-15 19:05:00+00:00,8.295000,8.310000,8.280000,8.300000,242085
2026-04-15 19:10:00+00:00,8.310000,8.316100,8.280000,8.285000,240526
2026-04-15 19:15:00+00:00,8.280000,8.290000,8.270000,8.285000,117780
2026-04-15 19:20:00+00:00,8.290000,8.310000,8.280000,8.305000,120167
2026-04-15 19:25:00+00:00,8.305000,8.320000,8.290000,8.305000,214715
2026-04-15 19:30:00+00:00,8.305000,8.310000,8.290000,8.299900,136637
2026-04-15 19:35:00+00:00,8.290000,8.310000,8.290000,8.295000,124378
2026-04-15 19:40:00+00:00,8.295000,8.320000,8.290000,8.315000,193963
2026-04-15 19:45:00+00:00,8.315000,8.330000,8.300000,8.320000,619109
2026-04-15 19:50:00+00:00,8.320000,8.330000,8.262500,8.265000,815132
2026-04-15 19:55:00+00:00,8.265000,8.265000,8.210000,8.210000,1309458
2026-04-16 13:30:00+00:00,8.220000,8.220000,8.110000,8.115000,1355823
2026-04-16 13:35:00+00:00,8.115000,8.140000,8.030000,8.035000,923635
2026-04-16 13:40:00+00:00,8.035000,8.059400,7.960000,8.055000,929586
2026-04-16 13:45:00+00:00,8.055000,8.060000,7.960000,7.985000,607720
2026-04-16 13:50:00+00:00,7.985000,7.990000,7.880000,7.899900,1027310
2026-04-16 13:55:00+00:00,7.890000,7.910000,7.830000,7.837500,626863
2026-04-16 14:00:00+00:00,7.830000,7.840000,7.700000,7.715000,1474066
2026-04-16 14:05:00+00:00,7.720000,7.730000,7.660000,7.695000,1319677
2026-04-16 14:10:00+00:00,7.700000,7.760000,7.690700,7.725000,778998
2026-04-16 14:15:00+00:00,7.720100,7.750000,7.690000,7.705000,618276
2026-04-16 14:20:00+00:00,7.709900,7.710000,7.620000,7.640000,880713
2026-04-16 14:25:00+00:00,7.640000,7.650000,7.600000,7.610000,768123
2026-04-16 14:30:00+00:00,7.615000,7.620000,7.560000,7.585000,1114068
2026-04-16 14:35:00+00:00,7.585000,7.600000,7.470000,7.475000,1680571
2026-04-16 14:40:00+00:00,7.475000,7.480000,7.385000,7.415000,1779120
2026-04-16 14:45:00+00:00,7.406300,7.500000,7.390100,7.495000,986654
2026-04-16 14:50:00+00:00,7.495000,7.540000,7.490000,7.535000,529395
2026-04-16 14:55:00+00:00,7.530000,7.540000,7.460000,7.495000,541346
2026-04-16 15:00:00+00:00,7.495000,7.510000,7.480000,7.485000,308243
2026-04-16 15:05:00+00:00,7.485000,7.540000,7.482500,7.535000,314419
2026-04-16 15:10:00+00:00,7.530000,7.540000,7.450000,7.450000,443560
2026-04-16 15:15:00+00:00,7.455000,7.469900,7.450000,7.455000,554722
2026-04-16 15:20:00+00:00,7.460000,7.520000,7.445000,7.495400,792771
2026-04-16 15:25:00+00:00,7.495000,7.520000,7.460000,7.470000,900745
2026-04-16 15:30:00+00:00,7.475000,7.495000,7.460000,7.485000,632405
2026-04-16 15:35:00+00:00,7.483900,7.620000,7.480000,7.605000,967902
2026-04-16 15:40:00+00:00,7.605000,7.650000,7.590000,7.605000,852062
2026-04-16 15:45:00+00:00,7.609800,7.635000,7.600000,7.630000,394087
2026-04-16 15:50:00+00:00,7.630000,7.650000,7.620000,7.640000,366832
2026-04-16 15:55:00+00:00,7.645000,7.660000,7.640000,7.650000,437270
2026-04-16 16:00:00+00:00,7.649900,7.675000,7.640000,7.665000,432716
2026-04-16 16:05:00+00:00,7.665000,7.690000,7.650000,7.655000,309182
2026-04-16 16:10:00+00:00,7.659900,7.660000,7.640000,7.650000,219111
2026-04-16 16:15:00+00:00,7.645000,7.690000,7.640000,7.675000,296272
2026-04-16 16:20:00+00:00,7.672500,7.700000,7.672500,7.685000,349741
2026-04-16 16:25:00+00:00,7.685000,7.685000,7.660000,7.665000,156541
2026-04-16 16:30:00+00:00,7.665000,7.675000,7.600100,7.625000,281189
2026-04-16 16:35:00+00:00,7.629800,7.650000,7.625000,7.635000,125409
2026-04-16 16:40:00+00:00,7.635000,7.660000,7.630000,7.655000,220859
2026-04-16 16:45:00+00:00,7.655000,7.680000,7.655000,7.665000,123404
2026-04-16 16:50:00+00:00,7.670000,7.680000,7.645000,7.650000,119533
2026-04-16 16:55:00+00:00,7.645000,7.660000,7.570000,7.595000,564209
2026-04-16 17:00:00+00:00,7.595000,7.610000,7.560000,7.576400,286146
2026-04-16 17:05:00+00:00,7.570000,7.580000,7.570000,7.575000,79997
2026-04-16 17:10:00+00:00,7.575000,7.590000,7.572500,7.580000,136486
2026-04-16 17:15:00+00:00,7.575000,7.580000,7.570000,7.575000,136772
2026-04-16 17:20:00+00:00,7.575000,7.599900,7.570000,7.595000,149691
2026-04-16 17:25:00+00:00,7.595000,7.600000,7.580100,7.580100,119166
2026-04-16 17:30:00+00:00,7.585000,7.590000,7.580000,7.585000,45059
2026-04-16 17:35:00+00:00,7.588600,7.590000,7.580000,7.585200,99298
2026-04-16 17:40:00+00:00,7.585000,7.590000,7.580000,7.585000,110487
2026-04-16 17:45:00+00:00,7.590000,7.600000,7.580000,7.595000,123495
2026-04-16 17:50:00+00:00,7.595000,7.610000,7.590000,7.605000,109270
2026-04-16 17:55:00+00:00,7.605000,7.605000,7.590000,7.595000,126113
2026-04-16 18:00:00+00:00,7.599700,7.610000,7.590000,7.595500,132025
2026-04-16 18:05:00+00:00,7.595000,7.605000,7.560000,7.565000,179547
2026-04-16 18:10:00+00:00,7.565000,7.589900,7.550000,7.585000,270363
2026-04-16 18:15:00+00:00,7.584400,7.600000,7.584400,7.595000,126078
2026-04-16 18:20:00+00:00,7.600000,7.600000,7.560100,7.565000,85164
2026-04-16 18:25:00+00:00,7.565000,7.570000,7.550000,7.570000,127848
2026-04-16 18:30:00+00:00,7.565000,7.600000,7.565000,7.585000,178664
2026-04-16 18:35:00+00:00,7.585000,7.600000,7.580000,7.585000,154735
2026-04-16 18:40:00+00:00,7.585000,7.600000,7.585000,7.595000,71829
2026-04-16 18:45:00+00:00,7.595000,7.600000,7.580000,7.590000,98182
2026-04-16 18:50:00+00:00,7.595000,7.595000,7.570000,7.585000,157613
2026-04-16 18:55:00+00:00,7.585000,7.596400,7.580000,7.595000,115438
2026-04-16 19:00:00+00:00,7.595000,7.600000,7.580000,7.585000,93982
2026-04-16 19:05:00+00:00,7.585000,7.590000,7.570000,7.585100,150373
2026-04-16 19:10:00+00:00,7.585000,7.590000,7.580000,7.580100,106167
2026-04-16 19:15:00+00:00,7.590000,7.600000,7.580000,7.595000,143719
2026-04-16 19:20:00+00:00,7.600000,7.600000,7.575000,7.598600,308604
2026-04-16 19:25:00+00:00,7.600000,7.610000,7.590000,7.605000,160095
2026-04-16 19:30:00+00:00,7.605000,7.640000,7.595000,7.635000,325006
2026-04-16 19:35:00+00:00,7.635000,7.650000,7.630000,7.650000,270860
2026-04-16 19:40:00+00:00,7.649000,7.680000,7.630000,7.645000,459351
2026-04-16 19:45:00+00:00,7.645000,7.650000,7.625000,7.625000,223970
2026-04-16 19:50:00+00:00,7.625000,7.626900,7.600000,7.620000,349054
2026-04-16 19:55:00+00:00,7.620000,7.710000,7.610000,7.700000,1397656
2026-04-17 13:30:00+00:00,7.830000,7.850000,7.610000,7.659700,1451183
2026-04-17 13:35:00+00:00,7.655000,7.690000,7.630000,7.650000,303552
2026-04-17 13:40:00+00:00,7.645000,7.700000,7.640000,7.695000,317809
2026-04-17 13:45:00+00:00,7.698600,7.710000,7.665000,7.680000,286681
2026-04-17 13:50:00+00:00,7.680000,7.760000,7.670100,7.750000,344305
2026-04-17 13:55:00+00:00,7.755000,7.780000,7.740000,7.765000,269033
2026-04-17 14:00:00+00:00,7.760000,7.809900,7.720000,7.805000,451302
2026-04-17 14:05:00+00:00,7.805000,7.805000,7.745000,7.775000,326717
2026-04-17 14:10:00+00:00,7.775000,7.790000,7.750000,7.765000,305967
2026-04-17 14:15:00+00:00,7.770000,7.790000,7.760000,7.785000,193453
2026-04-17 14:20:00+00:00,7.785000,7.790000,7.765000,7.785000,183634
2026-04-17 14:25:00+00:00,7.785000,7.815000,7.772500,7.815000,349933
2026-04-17 14:30:00+00:00,7.815000,7.860000,7.800000,7.859900,303438
2026-04-17 14:35:00+00:00,7.860000,7.880000,7.840000,7.875000,334917
2026-04-17 14:40:00+00:00,7.880000,7.880000,7.830000,7.845000,505958
2026-04-17 14:45:00+00:00,7.845000,7.860000,7.830000,7.850000,195449
2026-04-17 14:50:00+00:00,7.850000,7.850000,7.835000,7.845000,193227
2026-04-17 14:55:00+00:00,7.845000,7.850000,7.820000,7.824400,162069
2026-04-17 15:00:00+00:00,7.825000,7.830000,7.710200,7.757900,612399
2026-04-17 15:05:00+00:00,7.757000,7.760000,7.700000,7.710000,284702
2026-04-17 15:10:00+00:00,7.715000,7.720000,7.650000,7.650000,325411
2026-04-17 15:15:00+00:00,7.655000,7.695000,7.650000,7.695000,356144
2026-04-17 15:20:00+00:00,7.690000,7.700000,7.680000,7.680000,198073
2026-04-17 15:25:00+00:00,7.682600,7.700000,7.670000,7.675000,373878
2026-04-17 15:30:00+00:00,7.675000,7.700000,7.670100,7.695000,159887
2026-04-17 15:35:00+00:00,7.700000,7.700000,7.680000,7.680000,116521
2026-04-17 15:40:00+00:00,7.685000,7.689600,7.665000,7.680000,178469
2026-04-17 15:45:00+00:00,7.680000,7.699900,7.650000,7.651300,212924
2026-04-17 15:50:00+00:00,7.655000,7.690000,7.650000,7.686600,172829
2026-04-17 15:55:00+00:00,7.687300,7.700000,7.685000,7.700000,117276
2026-04-17 16:00:00+00:00,7.700000,7.720000,7.690000,7.715000,154985
2026-04-17 16:05:00+00:00,7.715000,7.735000,7.710000,7.715000,195980
2026-04-17 16:10:00+00:00,7.715000,7.720000,7.695000,7.705000,81898
2026-04-17 16:15:00+00:00,7.710000,7.710000,7.681400,7.685000,130798
2026-04-17 16:20:00+00:00,7.685000,7.685000,7.670000,7.680000,104789
2026-04-17 16:25:00+00:00,7.679600,7.700000,7.675000,7.700000,120199
2026-04-17 16:30:00+00:00,7.695000,7.700000,7.690000,7.695000,85757
2026-04-17 16:35:00+00:00,7.695000,7.700000,7.680000,7.685000,68207
2026-04-17 16:40:00+00:00,7.685000,7.685000,7.660000,7.665000,109092
2026-04-17 16:45:00+00:00,7.665000,7.680000,7.660000,7.680000,137613
2026-04-17 16:50:00+00:00,7.680000,7.680000,7.660100,7.665000,93000
2026-04-17 16:55:00+00:00,7.665000,7.665000,7.650000,7.655000,169565
2026-04-17 17:00:00+00:00,7.655000,7.660000,7.650000,7.659900,196304
2026-04-17 17:05:00+00:00,7.655000,7.660000,7.650000,7.650000,190784
2026-04-17 17:10:00+00:00,7.655000,7.655000,7.610000,7.615000,257844
2026-04-17 17:15:00+00:00,7.615000,7.620000,7.590000,7.597700,317750
2026-04-17 17:20:00+00:00,7.590000,7.599900,7.500000,7.505000,831807
2026-04-17 17:25:00+00:00,7.505000,7.510000,7.400000,7.405000,908970
2026-04-17 17:30:00+00:00,7.401100,7.420000,7.360100,7.395000,1277077
2026-04-17 17:35:00+00:00,7.395000,7.410000,7.360000,7.365000,778520
2026-04-17 17:40:00+00:00,7.365000,7.370000,7.230000,7.235000,1403506
2026-04-17 17:45:00+00:00,7.239900,7.320000,7.230000,7.315000,1546972
2026-04-17 17:50:00+00:00,7.315000,7.340000,7.310000,7.335000,432805
2026-04-17 17:55:00+00:00,7.335000,7.350000,7.310000,7.346700,419432
2026-04-17 18:00:00+00:00,7.349700,7.360000,7.290000,7.305000,635254
2026-04-17 18:05:00+00:00,7.309900,7.309900,7.270000,7.275000,773051
2026-04-17 18:10:00+00:00,7.275000,7.275000,7.240100,7.266900,904848
2026-04-17 18:15:00+00:00,7.265100,7.300000,7.260000,7.275000,544412
2026-04-17 18:20:00+00:00,7.275700,7.280000,7.260000,7.265000,677799
2026-04-17 18:25:00+00:00,7.268000,7.280000,7.232000,7.245000,702348
2026-04-17 18:30:00+00:00,7.247200,7.270000,7.245000,7.270000,283615
2026-04-17 18:35:00+00:00,7.269900,7.280000,7.260000,7.278900,249464
2026-04-17 18:40:00+00:00,7.275000,7.280000,7.240000,7.275000,455034
2026-04-17 18:45:00+00:00,7.275000,7.320000,7.270000,7.305000,292103
2026-04-17 18:50:00+00:00,7.305000,7.320000,7.295000,7.305000,340498
2026-04-17 18:55:00+00:00,7.305000,7.320000,7.285000,7.315000,328329
2026-04-17 19:00:00+00:00,7.315000,7.320000,7.291000,7.305000,161038
2026-04-17 19:05:00+00:00,7.305000,7.319900,7.290000,7.319900,214550
2026-04-17 19:10:00+00:00,7.319900,7.320000,7.300000,7.315000,250861
2026-04-17 19:15:00+00:00,7.315000,7.320000,7.304400,7.305000,193257
2026-04-17 19:20:00+00:00,7.310000,7.340000,7.310000,7.325000,210129
2026-04-17 19:25:00+00:00,7.325000,7.330000,7.320100,7.325000,110063
2026-04-17 19:30:00+00:00,7.325000,7.330000,7.310100,7.325000,150033
2026-04-17 19:35:00+00:00,7.325000,7.330000,7.320000,7.325000,151418
2026-04-17 19:40:00+00:00,7.325000,7.340000,7.300000,7.305000,369932
2026-04-17 19:45:00+00:00,7.300000,7.305000,7.270000,7.280000,439210
2026-04-17 19:50:00+00:00,7.280000,7.280000,7.270000,7.275000,432455
2026-04-17 19:55:00+00:00,7.275000,7.300000,7.270000,7.295000,1227991
2026-04-20 13:30:00+00:00,7.170000,7.200000,7.040000,7.055000,1605311
2026-04-20 13:35:00+00:00,7.059900,7.060000,6.980000,7.010000,1294505
2026-04-20 13:40:00+00:00,7.010000,7.040000,6.960000,6.985000,889740
2026-04-20 13:45:00+00:00,6.985000,6.990000,6.900000,6.950000,856450
2026-04-20 13:50:00+00:00,6.950000,6.970000,6.925000,6.960000,601005
2026-04-20 13:55:00+00:00,6.969900,7.070000,6.960000,7.065000,534969
2026-04-20 14:00:00+00:00,7.070000,7.140000,7.065000,7.129900,732022
2026-04-20 14:05:00+00:00,7.125000,7.170000,7.115000,7.155000,367836
2026-04-20 14:10:00+00:00,7.155000,7.180000,7.090000,7.119700,506802
2026-04-20 14:15:00+00:00,7.115000,7.125000,7.020000,7.026400,728698
2026-04-20 14:20:00+00:00,7.025000,7.030000,6.955000,6.979900,822448
2026-04-20 14:25:00+00:00,6.980000,7.020000,6.965000,6.995000,284674
2026-04-20 14:30:00+00:00,7.000000,7.055000,6.995000,7.050000,190009
2026-04-20 14:35:00+00:00,7.050000,7.100000,7.046600,7.070100,251784
2026-04-20 14:40:00+00:00,7.079300,7.079300,7.035000,7.065000,217604
2026-04-20 14:45:00+00:00,7.065000,7.118900,7.050000,7.118900,142349
2026-04-20 14:50:00+00:00,7.115000,7.129900,7.030000,7.049900,161955
2026-04-20 14:55:00+00:00,7.040000,7.065000,7.035000,7.060500,91656
2026-04-20 15:00:00+00:00,7.065000,7.070000,6.985000,6.995000,271272
2026-04-20 15:05:00+00:00,7.000000,7.010000,6.960200,6.961600,233701
2026-04-20 15:10:00+00:00,6.965400,7.000000,6.960000,6.980000,323930
2026-04-20 15:15:00+00:00,6.980000,6.995000,6.970000,6.990000,147560
2026-04-20 15:20:00+00:00,6.985000,7.000000,6.960000,6.995000,264475
2026-04-20 15:25:00+00:00,6.995000,7.015000,6.980000,7.015000,244925
2026-04-20 15:30:00+00:00,7.010000,7.010000,6.965000,6.980000,208010
2026-04-20 15:35:00+00:00,6.979800,6.996500,6.970000,6.990000,122553
2026-04-20 15:40:00+00:00,6.985000,7.020000,6.980000,7.005000,169167
2026-04-20 15:45:00+00:00,7.005000,7.005000,6.920000,6.940000,564719
2026-04-20 15:50:00+00:00,6.939200,6.960000,6.930000,6.939700,218299
2026-04-20 15:55:00+00:00,6.935000,6.935000,6.870000,6.899900,910630
2026-04-20 16:00:00+00:00,6.895000,6.920000,6.880000,6.885000,321312
2026-04-20 16:05:00+00:00,6.890000,6.890000,6.850000,6.855000,642957
2026-04-20 16:10:00+00:00,6.855000,6.910000,6.850000,6.899800,524082
2026-04-20 16:15:00+00:00,6.899800,6.900000,6.850000,6.870000,451302
2026-04-20 16:20:00+00:00,6.869800,6.880000,6.850000,6.855000,360944
2026-04-20 16:25:00+00:00,6.850000,6.890000,6.850000,6.860000,299943
2026-04-20 16:30:00+00:00,6.870000,6.900000,6.850000,6.895000,331971
2026-04-20 16:35:00+00:00,6.895000,6.918300,6.890000,6.905000,420201
2026-04-20 16:40:00+00:00,6.905000,6.919800,6.890000,6.900000,217495
2026-04-20 16:45:00+00:00,6.890000,6.900000,6.850000,6.855000,376298
2026-04-20 16:50:00+00:00,6.855000,6.870000,6.845000,6.850000,257974
2026-04-20 16:55:00+00:00,6.855000,6.860000,6.830000,6.845000,334181
2026-04-20 17:00:00+00:00,6.845000,6.870000,6.830000,6.869900,260240
2026-04-20 17:05:00+00:00,6.866900,6.950000,6.860100,6.926700,646626
2026-04-20 17:10:00+00:00,6.925000,6.930000,6.920000,6.930000,141162
2026-04-20 17:15:00+00:00,6.925000,6.930000,6.900000,6.920100,170343
2026-04-20 17:20:00+00:00,6.925000,6.960000,6.920000,6.945000,142478
2026-04-20 17:25:00+00:00,6.945000,6.970000,6.920700,6.930000,227702
2026-04-20 17:30:00+00:00,6.929800,6.940000,6.900100,6.925000,216473
2026-04-20 17:35:00+00:00,6.926000,6.949900,6.920000,6.945000,115232
2026-04-20 17:40:00+00:00,6.945000,6.950000,6.920000,6.925000,117037
2026-04-20 17:45:00+00:00,6.930000,6.930000,6.900000,6.929700,159131
2026-04-20 17:50:00+00:00,6.929900,6.930000,6.910000,6.915000,73517
2026-04-20 17:55:00+00:00,6.915000,6.925000,6.890000,6.920000,373957
2026-04-20 18:00:00+00:00,6.930000,6.980000,6.925000,6.965000,283649
2026-04-20 18:05:00+00:00,6.965000,6.990000,6.925000,6.925000,271911
2026-04-20 18:10:00+00:00,6.925000,6.960000,6.925000,6.959900,181639
2026-04-20 18:15:00+00:00,6.960000,6.985000,6.955000,6.960000,225326
2026-04-20 18:20:00+00:00,6.969800,7.000000,6.960000,6.990000,127314
2026-04-20 18:25:00+00:00,6.985000,6.995400,6.960000,6.980000,125221
2026-04-20 18:30:00+00:00,6.980000,6.990000,6.955000,6.975000,151135
2026-04-20 18:35:00+00:00,6.975000,6.980000,6.950000,6.955000,126956
2026-04-20 18:40:00+00:00,6.960000,6.980000,6.950000,6.965000,94809
2026-04-20 18:45:00+00:00,6.969200,6.970000,6.940000,6.952500,147595
2026-04-20 18:50:00+00:00,6.955000,6.960000,6.945000,6.945000,113216
2026-04-20 18:55:00+00:00,6.945000,6.950000,6.930000,6.935000,163350
2026-04-20 19:00:00+00:00,6.935000,6.935000,6.860000,6.875000,495767
2026-04-20 19:05:00+00:00,6.875000,6.890000,6.870000,6.875000,183370
2026-04-20 19:10:00+00:00,6.879800,6.890000,6.860000,6.885000,312581
2026-04-20 19:15:00+00:00,6.885000,6.890000,6.840000,6.860000,571747
2026-04-20 19:20:00+00:00,6.865000,6.885000,6.860000,6.875000,234877
2026-04-20 19:25:00+00:00,6.870000,6.880000,6.850000,6.855000,191820
2026-04-20 19:30:00+00:00,6.855000,6.870000,6.840000,6.865000,351000
2026-04-20 19:35:00+00:00,6.860000,6.870000,6.845000,6.855000,304088
2026-04-20 19:40:00+00:00,6.860000,6.860000,6.850000,6.855000,335535
2026-04-20 19:45:00+00:00,6.855000,6.860000,6.830000,6.833500,687951
2026-04-20 19:50:00+00:00,6.830000,6.830000,6.800000,6.805000,1331812
2026-04-20 19:55:00+00:00,6.800000,6.809700,6.750000,6.750000,2250740
2026-04-21 13:30:00+00:00,7.159800,7.537700,7.120000,7.235000,9095427
2026-04-21 13:35:00+00:00,7.230000,7.369900,7.160000,7.279900,1627199
2026-04-21 13:40:00+00:00,7.278000,7.330000,7.205000,7.275000,916722
2026-04-21 13:45:00+00:00,7.280000,7.380000,7.250000,7.365000,1145108
2026-04-21 13:50:00+00:00,7.370000,7.450000,7.360000,7.395000,1347049
2026-04-21 13:55:00+00:00,7.400000,7.430000,7.360000,7.409900,638539
2026-04-21 14:00:00+00:00,7.409900,7.609900,7.405000,7.460000,2206923
2026-04-21 14:05:00+00:00,7.465000,7.595000,7.450100,7.560000,1301634
2026-04-21 14:10:00+00:00,7.565000,7.620000,7.550300,7.619300,1387519
2026-04-21 14:15:00+00:00,7.615000,7.630000,7.540000,7.550000,903395
2026-04-21 14:20:00+00:00,7.545000,7.660000,7.515000,7.650000,905616
2026-04-21 14:25:00+00:00,7.650000,7.690000,7.540000,7.575000,1056920
2026-04-21 14:30:00+00:00,7.575000,7.575000,7.460000,7.470000,940800
2026-04-21 14:35:00+00:00,7.475000,7.535000,7.470000,7.510000,554169
2026-04-21 14:40:00+00:00,7.512300,7.560000,7.505000,7.545000,433758
2026-04-21 14:45:00+00:00,7.545000,7.570000,7.500000,7.545000,362863
2026-04-21 14:50:00+00:00,7.550000,7.550000,7.450000,7.485000,534037
2026-04-21 14:55:00+00:00,7.490000,7.490000,7.370000,7.375000,587849
2026-04-21 15:00:00+00:00,7.380000,7.465000,7.360000,7.412000,1186375
2026-04-21 15:05:00+00:00,7.415000,7.450000,7.390000,7.450000,266395
2026-04-21 15:10:00+00:00,7.450000,7.505000,7.450000,7.470000,347733
2026-04-21 15:15:00+00:00,7.475000,7.499100,7.410000,7.455000,421830
2026-04-21 15:20:00+00:00,7.450000,7.540000,7.450000,7.505000,344923
2026-04-21 15:25:00+00:00,7.505000,7.505000,7.400000,7.415000,333842
2026-04-21 15:30:00+00:00,7.415000,7.460000,7.390000,7.435000,338230
2026-04-21 15:35:00+00:00,7.432500,7.440000,7.360000,7.390000,336721
2026-04-21 15:40:00+00:00,7.395000,7.430000,7.380000,7.425000,347073
2026-04-21 15:45:00+00:00,7.425000,7.490000,7.410000,7.454800,445066
2026-04-21 15:50:00+00:00,7.455000,7.460000,7.370000,7.370000,408972
2026-04-21 15:55:00+00:00,7.375000,7.425000,7.360000,7.425000,358531
2026-04-21 16:00:00+00:00,7.425000,7.470000,7.405000,7.410000,370987
2026-04-21 16:05:00+00:00,7.410000,7.460000,7.400000,7.450000,166671
2026-04-21 16:10:00+00:00,7.459700,7.465000,7.370000,7.385000,415974
2026-04-21 16:15:00+00:00,7.385000,7.390000,7.350000,7.370000,333503
2026-04-21 16:20:00+00:00,7.365000,7.370000,7.320000,7.330000,280441
2026-04-21 16:25:00+00:00,7.320700,7.325000,7.300000,7.305000,332350
2026-04-21 16:30:00+00:00,7.305000,7.320000,7.260000,7.275000,398170
2026-04-21 16:35:00+00:00,7.275000,7.300000,7.260000,7.285000,210878
2026-04-21 16:40:00+00:00,7.285000,7.310000,7.280000,7.285000,196259
2026-04-21 16:45:00+00:00,7.280000,7.310000,7.265000,7.310000,214519
2026-04-21 16:50:00+00:00,7.305000,7.310000,7.280000,7.285000,196460
2026-04-21 16:55:00+00:00,7.285000,7.290000,7.250000,7.250000,183404
2026-04-21 17:00:00+00:00,7.255000,7.290000,7.250000,7.260000,192833
2026-04-21 17:05:00+00:00,7.270000,7.270000,7.180000,7.200000,607965
2026-04-21 17:10:00+00:00,7.190000,7.200000,7.110000,7.125000,637928
2026-04-21 17:15:00+00:00,7.125000,7.135000,7.090000,7.095000,546099
2026-04-21 17:20:00+00:00,7.091900,7.110000,7.080000,7.100100,319944
2026-04-21 17:25:00+00:00,7.105000,7.120000,7.095000,7.115000,253023
2026-04-21 17:30:00+00:00,7.120000,7.140000,7.105000,7.125000,390143
2026-04-21 17:35:00+00:00,7.125000,7.170000,7.070000,7.135000,455318
2026-04-21 17:40:00+00:00,7.135000,7.140000,7.085000,7.130000,274838
2026-04-21 17:45:00+00:00,7.125000,7.140000,7.110000,7.121400,197716
2026-04-21 17:50:00+00:00,7.120000,7.155000,7.120000,7.130000,217379
2026-04-21 17:55:00+00:00,7.130000,7.150000,7.120000,7.150000,152167
2026-04-21 18:00:00+00:00,7.150000,7.170000,7.100000,7.105000,224672
2026-04-21 18:05:00+00:00,7.105000,7.140000,7.100000,7.120000,167324
2026-04-21 18:10:00+00:00,7.115000,7.120000,7.105000,7.115000,95246
2026-04-21 18:15:00+00:00,7.115000,7.125000,7.080000,7.080000,196994
2026-04-21 18:20:00+00:00,7.085000,7.125000,7.080000,7.120000,140720
2026-04-21 18:25:00+00:00,7.119900,7.130000,7.110000,7.120200,116601
2026-04-21 18:30:00+00:00,7.130000,7.170000,7.130000,7.170000,179481
2026-04-21 18:35:00+00:00,7.165000,7.170000,7.130000,7.150000,161674
2026-04-21 18:40:00+00:00,7.150000,7.180000,7.145000,7.152600,232590
2026-04-21 18:45:00+00:00,7.155000,7.155000,7.100000,7.105000,205213
2026-04-21 18:50:00+00:00,7.105000,7.140000,7.080000,7.140000,261981
2026-04-21 18:55:00+00:00,7.135000,7.150000,7.120000,7.130000,326584
2026-04-21 19:00:00+00:00,7.130000,7.150000,7.110000,7.137400,172460
2026-04-21 19:05:00+00:00,7.135000,7.160000,7.132700,7.135000,138178
2026-04-21 19:10:00+00:00,7.140000,7.150000,7.125000,7.125000,142711
2026-04-21 19:15:00+00:00,7.130000,7.165000,7.120000,7.155000,136961
2026-04-21 19:20:00+00:00,7.160000,7.205000,7.152500,7.185000,398228
2026-04-21 19:25:00+00:00,7.185000,7.200000,7.160000,7.185000,377641
2026-04-21 19:30:00+00:00,7.180100,7.195000,7.175000,7.185000,275258
2026-04-21 19:35:00+00:00,7.185000,7.190000,7.152500,7.170000,255584
2026-04-21 19:40:00+00:00,7.170000,7.180000,7.050000,7.055000,570433
2026-04-21 19:45:00+00:00,7.060000,7.080000,7.030000,7.065000,390829
2026-04-21 19:50:00+00:00,7.070000,7.100000,7.055000,7.075000,482536
2026-04-21 19:55:00+00:00,7.070000,7.130000,7.060000,7.130000,1230891
2026-04-22 13:30:00+00:00,7.110000,7.220000,6.980100,7.070200,1579661
2026-04-22 13:35:00+00:00,7.080000,7.159900,7.040000,7.150000,432581
2026-04-22 13:40:00+00:00,7.151500,7.175000,7.090000,7.105000,349710
2026-04-22 13:45:00+00:00,7.100000,7.118800,7.050000,7.100000,362303
2026-04-22 13:50:00+00:00,7.095000,7.110000,7.050000,7.070000,204261
2026-04-22 13:55:00+00:00,7.065000,7.080000,7.050000,7.065000,206569
2026-04-22 14:00:00+00:00,7.065000,7.080000,7.005000,7.025000,384128
2026-04-22 14:05:00+00:00,7.025000,7.050000,7.000000,7.030000,285695
2026-04-22 14:10:00+00:00,7.025000,7.030000,6.930000,6.935000,1705348
2026-04-22 14:15:00+00:00,6.939900,6.940000,6.880000,6.925000,998659
2026-04-22 14:20:00+00:00,6.930000,6.950000,6.893900,6.925000,459574
2026-04-22 14:25:00+00:00,6.930000,6.970000,6.910000,6.945000,330839
2026-04-22 14:30:00+00:00,6.949900,6.960000,6.900000,6.926100,277285
2026-04-22 14:35:00+00:00,6.925000,6.980000,6.920000,6.975000,399337
2026-04-22 14:40:00+00:00,6.980000,7.010000,6.950000,6.955000,400815
2026-04-22 14:45:00+00:00,6.959800,6.980000,6.955000,6.975000,176053
2026-04-22 14:50:00+00:00,6.980000,6.985000,6.930000,6.954000,325693
2026-04-22 14:55:00+00:00,6.955000,6.980000,6.945000,6.970000,159236
2026-04-22 15:00:00+00:00,6.980000,6.980000,6.930000,6.960000,224883
2026-04-22 15:05:00+00:00,6.959900,7.050000,6.950000,7.045000,609299
2026-04-22 15:10:00+00:00,7.050000,7.070000,7.025000,7.055000,857606
2026-04-22 15:15:00+00:00,7.060000,7.070000,7.040000,7.045000,225427
2026-04-22 15:20:00+00:00,7.045000,7.050000,7.030000,7.035000,194357
2026-04-22 15:25:00+00:00,7.037100,7.065000,7.010000,7.055000,285121
2026-04-22 15:30:00+00:00,7.055000,7.069900,7.030000,7.035000,111459
2026-04-22 15:35:00+00:00,7.035000,7.040000,7.010000,7.030000,137827
2026-04-22 15:40:00+00:00,7.030000,7.045000,6.980000,6.990000,298103
2026-04-22 15:45:00+00:00,6.992500,7.030000,6.990000,7.030000,82642
2026-04-22 15:50:00+00:00,7.020000,7.025000,7.000100,7.025000,112418
2026-04-22 15:55:00+00:00,7.030000,7.065000,7.030000,7.059900,143310
2026-04-22 16:00:00+00:00,7.060000,7.120000,7.050000,7.110000,258697
2026-04-22 16:05:00+00:00,7.101100,7.120000,7.070000,7.079900,294036
2026-04-22 16:10:00+00:00,7.079900,7.100000,7.060000,7.090000,211675
2026-04-22 16:15:00+00:00,7.095000,7.095000,7.060000,7.065000,99964
2026-04-22 16:20:00+00:00,7.065000,7.080000,7.025000,7.030000,156378
2026-04-22 16:25:00+00:00,7.035000,7.040000,7.015000,7.015000,120113
2026-04-22 16:30:00+00:00,7.015000,7.030000,7.005000,7.016600,103177
2026-04-22 16:35:00+00:00,7.015000,7.030000,7.000100,7.015000,93420
2026-04-22 16:40:00+00:00,7.010000,7.020000,6.970000,6.980000,227044
2026-04-22 16:45:00+00:00,6.980000,7.000000,6.975000,6.985000,191025
2026-04-22 16:50:00+00:00,6.980000,6.980000,6.955000,6.979900,122398
2026-04-22 16:55:00+00:00,6.970000,6.978900,6.940000,6.960000,189776
2026-04-22 17:00:00+00:00,6.965000,6.990000,6.960000,6.985000,113292
2026-04-22 17:05:00+00:00,6.985000,7.000000,6.970100,6.996100,111943
2026-04-22 17:10:00+00:00,7.000000,7.020000,6.995000,7.010000,156562
2026-04-22 17:15:00+00:00,7.005000,7.020000,7.000000,7.010000,137630
2026-04-22 17:20:00+00:00,7.004900,7.010000,6.980000,6.990000,180261
2026-04-22 17:25:00+00:00,6.985000,7.010000,6.980300,7.005000,97440
2026-04-22 17:30:00+00:00,7.005000,7.010000,6.970000,6.970000,86546
2026-04-22 17:35:00+00:00,6.970000,6.999900,6.965000,6.991100,165191
2026-04-22 17:40:00+00:00,6.995000,6.995000,6.975000,6.983400,70821
2026-04-22 17:45:00+00:00,6.985000,6.989900,6.955000,6.965000,184544
2026-04-22 17:50:00+00:00,6.970000,6.980000,6.950000,6.955000,98717
2026-04-22 17:55:00+00:00,6.960000,6.960000,6.930000,6.939900,369818
2026-04-22 18:00:00+00:00,6.937500,6.960000,6.937500,6.955000,120968
2026-04-22 18:05:00+00:00,6.955000,6.960000,6.940000,6.945000,106283
2026-04-22 18:10:00+00:00,6.940000,6.960000,6.940000,6.959700,115402
2026-04-22 18:15:00+00:00,6.959900,7.000000,6.955000,6.995000,215085
2026-04-22 18:20:00+00:00,6.995000,6.999900,6.970000,6.985000,75089
2026-04-22 18:25:00+00:00,6.985000,7.000000,6.970000,6.980000,107143
2026-04-22 18:30:00+00:00,6.975000,7.000000,6.972000,6.980000,102275
2026-04-22 18:35:00+00:00,6.979900,6.990000,6.970000,6.990000,88818
2026-04-22 18:40:00+00:00,6.990000,7.010000,6.990000,7.000000,102227
2026-04-22 18:45:00+00:00,7.000000,7.009900,6.990000,7.005000,87783
2026-04-22 18:50:00+00:00,7.005000,7.019900,6.980100,6.985000,73431
2026-04-22 18:55:00+00:00,6.980000,6.980000,6.970000,6.980000,128227
2026-04-22 19:00:00+00:00,6.980000,6.980000,6.960000,6.960000,97297
2026-04-22 19:05:00+00:00,6.960000,6.980000,6.960000,6.970000,92348
2026-04-22 19:10:00+00:00,6.965000,6.975000,6.950000,6.955000,201359
2026-04-22 19:15:00+00:00,6.955000,6.970000,6.950100,6.965000,106199
2026-04-22 19:20:00+00:00,6.970000,6.970000,6.950000,6.959800,126982
2026-04-22 19:25:00+00:00,6.955000,6.970000,6.950000,6.957000,79285
2026-04-22 19:30:00+00:00,6.956100,7.015000,6.940000,6.950000,455574
2026-04-22 19:35:00+00:00,6.950000,6.950000,6.910000,6.930000,423045
2026-04-22 19:40:00+00:00,6.935000,6.947000,6.920000,6.920000,253464
2026-04-22 19:45:00+00:00,6.930000,6.940000,6.910000,6.915000,326572
2026-04-22 19:50:00+00:00,6.915000,6.920000,6.890000,6.915000,670795
2026-04-22 19:55:00+00:00,6.910000,6.940000,6.900000,6.920000,964805
2026-04-23 13:30:00+00:00,6.850000,6.895300,6.610000,6.659700,2490941
2026-04-23 13:35:00+00:00,6.650000,6.690000,6.640000,6.660000,650108
2026-04-23 13:40:00+00:00,6.665000,6.700000,6.630000,6.638000,615178
2026-04-23 13:45:00+00:00,6.635000,6.650000,6.580000,6.589900,1253884
2026-04-23 13:50:00+00:00,6.585000,6.630000,6.555000,6.605000,582702
2026-04-23 13:55:00+00:00,6.609900,6.630000,6.580100,6.585000,389667
2026-04-23 14:00:00+00:00,6.580000,6.590000,6.510000,6.515100,1399184
2026-04-23 14:05:00+00:00,6.510000,6.550000,6.500000,6.525000,1035351
2026-04-23 14:10:00+00:00,6.529900,6.530000,6.430000,6.450000,1380221
2026-04-23 14:15:00+00:00,6.455000,6.485000,6.420000,6.430000,745662
2026-04-23 14:20:00+00:00,6.435000,6.460000,6.430000,6.452100,499973
2026-04-23 14:25:00+00:00,6.455000,6.470000,6.440000,6.460000,651243
2026-04-23 14:30:00+00:00,6.460000,6.520000,6.455000,6.509800,614735
2026-04-23 14:35:00+00:00,6.510000,6.540000,6.490000,6.499900,379323
2026-04-23 14:40:00+00:00,6.499700,6.540000,6.480000,6.538300,321203
2026-04-23 14:45:00+00:00,6.540000,6.550000,6.520000,6.525000,235005
2026-04-23 14:50:00+00:00,6.520100,6.530000,6.500000,6.519900,201109
2026-04-23 14:55:00+00:00,6.520000,6.525000,6.480000,6.488900,259954
2026-04-23 15:00:00+00:00,6.485000,6.490000,6.400000,6.430000,875333
2026-04-23 15:05:00+00:00,6.425000,6.430000,6.400000,6.429900,604564
2026-04-23 15:10:00+00:00,6.423300,6.445000,6.390000,6.390000,624315
2026-04-23 15:15:00+00:00,6.395000,6.400000,6.380000,6.400000,385777
2026-04-23 15:20:00+00:00,6.390000,6.400000,6.370000,6.400000,507462
2026-04-23 15:25:00+00:00,6.390000,6.410000,6.380000,6.400000,251079
2026-04-23 15:30:00+00:00,6.400000,6.410000,6.380000,6.380000,356744
2026-04-23 15:35:00+00:00,6.385000,6.390000,6.370000,6.375000,372757
2026-04-23 15:40:00+00:00,6.375000,6.380000,6.350000,6.365000,531095
2026-04-23 15:45:00+00:00,6.360000,6.370000,6.330000,6.345000,467897
2026-04-23 15:50:00+00:00,6.345000,6.350000,6.330000,6.339900,365311
2026-04-23 15:55:00+00:00,6.335000,6.370000,6.335000,6.360000,291040
2026-04-23 16:00:00+00:00,6.355000,6.380000,6.350500,6.360000,286415
2026-04-23 16:05:00+00:00,6.360000,6.370000,6.350000,6.355000,296319
2026-04-23 16:10:00+00:00,6.360000,6.380000,6.355000,6.365000,235341
2026-04-23 16:15:00+00:00,6.360000,6.370000,6.350000,6.359800,364727
2026-04-23 16:20:00+00:00,6.360000,6.365000,6.340000,6.365000,289872
2026-04-23 16:25:00+00:00,6.365000,6.380000,6.340000,6.349900,145188
2026-04-23 16:30:00+00:00,6.350000,6.370000,6.340000,6.368600,130897
2026-04-23 16:35:00+00:00,6.365000,6.370000,6.340000,6.349900,199584
2026-04-23 16:40:00+00:00,6.349900,6.350000,6.320000,6.325000,443530
2026-04-23 16:45:00+00:00,6.325000,6.340000,6.310000,6.310000,361905
2026-04-23 16:50:00+00:00,6.315000,6.340000,6.310000,6.325000,429751
2026-04-23 16:55:00+00:00,6.320000,6.340000,6.320000,6.335000,216237
2026-04-23 17:00:00+00:00,6.330000,6.350000,6.320000,6.320000,313056
2026-04-23 17:05:00+00:00,6.330000,6.339900,6.320000,6.324700,159137
2026-04-23 17:10:00+00:00,6.325000,6.350000,6.300000,6.335000,522375
2026-04-23 17:15:00+00:00,6.330000,6.340000,6.290000,6.295000,538392
2026-04-23 17:20:00+00:00,6.295000,6.300000,6.260000,6.275000,524696
2026-04-23 17:25:00+00:00,6.280000,6.290000,6.260000,6.279900,439147
2026-04-23 17:30:00+00:00,6.280000,6.310000,6.270200,6.309900,363031
2026-04-23 17:35:00+00:00,6.310000,6.310000,6.275000,6.285000,174403
2026-04-23 17:40:00+00:00,6.290000,6.290000,6.250000,6.250000,518590
2026-04-23 17:45:00+00:00,6.255000,6.259900,6.223700,6.230100,695087
2026-04-23 17:50:00+00:00,6.230000,6.280000,6.220000,6.260000,491968
2026-04-23 17:55:00+00:00,6.265000,6.285000,6.260000,6.275000,200770
2026-04-23 18:00:00+00:00,6.280000,6.315000,6.270000,6.295000,488369
2026-04-23 18:05:00+00:00,6.290000,6.290000,6.260000,6.265000,313264
2026-04-23 18:10:00+00:00,6.270000,6.275000,6.255000,6.255000,297858
2026-04-23 18:15:00+00:00,6.255000,6.280000,6.250100,6.275000,231858
2026-04-23 18:20:00+00:00,6.280000,6.285000,6.270000,6.275000,130659
2026-04-23 18:25:00+00:00,6.275000,6.280000,6.260000,6.276800,142911
2026-04-23 18:30:00+00:00,6.280000,6.310000,6.280000,6.305000,189819
2026-04-23 18:35:00+00:00,6.310000,6.310000,6.270000,6.275000,254805
2026-04-23 18:40:00+00:00,6.275000,6.280000,6.260000,6.265000,126190
2026-04-23 18:45:00+00:00,6.260200,6.270000,6.250000,6.250000,401150
2026-04-23 18:50:00+00:00,6.255000,6.260000,6.240000,6.250200,529004
2026-04-23 18:55:00+00:00,6.245600,6.250000,6.221400,6.230000,291334
2026-04-23 19:00:00+00:00,6.225000,6.250000,6.220000,6.235000,295981
2026-04-23 19:05:00+00:00,6.235000,6.280000,6.235000,6.270000,429515
2026-04-23 19:10:00+00:00,6.270000,6.280000,6.265000,6.275000,411864
2026-04-23 19:15:00+00:00,6.275000,6.290000,6.265000,6.265000,228236
2026-04-23 19:20:00+00:00,6.265000,6.270000,6.250000,6.255000,148099
2026-04-23 19:25:00+00:00,6.259700,6.260000,6.250000,6.255000,173515
2026-04-23 19:30:00+00:00,6.255000,6.270000,6.250000,6.255000,276194
2026-04-23 19:35:00+00:00,6.250000,6.265100,6.245000,6.265000,245100
2026-04-23 19:40:00+00:00,6.260000,6.270000,6.220000,6.225000,395446
2026-04-23 19:45:00+00:00,6.225000,6.239900,6.220000,6.230000,583920
2026-04-23 19:50:00+00:00,6.220000,6.248900,6.215000,6.245000,674183
2026-04-23 19:55:00+00:00,6.245000,6.270000,6.240000,6.265000,1135451
2026-04-24 13:30:00+00:00,6.330000,6.330000,6.170000,6.190000,1581507
2026-04-24 13:35:00+00:00,6.190000,6.260000,6.185000,6.254000,262479
2026-04-24 13:40:00+00:00,6.260000,6.260000,6.220000,6.235000,237777
2026-04-24 13:45:00+00:00,6.235000,6.235000,6.220000,6.220700,209032
2026-04-24 13:50:00+00:00,6.226200,6.240000,6.220000,6.220000,253099
2026-04-24 13:55:00+00:00,6.220100,6.227400,6.200000,6.205000,321702
2026-04-24 14:00:00+00:00,6.205000,6.250000,6.200000,6.210000,523635
2026-04-24 14:05:00+00:00,6.200000,6.220000,6.200000,6.215000,220568
2026-04-24 14:10:00+00:00,6.217300,6.220000,6.200000,6.205000,151036
2026-04-24 14:15:00+00:00,6.200000,6.230000,6.180000,6.230000,580315
2026-04-24 14:20:00+00:00,6.225000,6.240000,6.220100,6.238600,206363
2026-04-24 14:25:00+00:00,6.230000,6.230000,6.210000,6.225000,127947
2026-04-24 14:30:00+00:00,6.225000,6.260000,6.210000,6.255000,197912
2026-04-24 14:35:00+00:00,6.250100,6.270000,6.232500,6.255000,173291
2026-04-24 14:40:00+00:00,6.255000,6.280000,6.255000,6.275000,218868
2026-04-24 14:45:00+00:00,6.279900,6.280000,6.230000,6.235000,217731
2026-04-24 14:50:00+00:00,6.235000,6.267100,6.220000,6.260000,103876
2026-04-24 14:55:00+00:00,6.260000,6.280000,6.258600,6.279900,180370
2026-04-24 15:00:00+00:00,6.275000,6.289800,6.260000,6.275000,264294
2026-04-24 15:05:00+00:00,6.272000,6.280000,6.250000,6.275000,107358
2026-04-24 15:10:00+00:00,6.270100,6.290000,6.265000,6.265000,202093
2026-04-24 15:15:00+00:00,6.265000,6.270000,6.250000,6.255000,97336
2026-04-24 15:20:00+00:00,6.255000,6.270000,6.250000,6.265000,86896
2026-04-24 15:25:00+00:00,6.268500,6.270000,6.255000,6.270000,44756
2026-04-24 15:30:00+00:00,6.265000,6.280000,6.260100,6.270000,103856
2026-04-24 15:35:00+00:00,6.260100,6.280000,6.245000,6.249900,208254
2026-04-24 15:40:00+00:00,6.250000,6.320000,6.240000,6.320000,251464
2026-04-24 15:45:00+00:00,6.330000,6.369900,6.320000,6.349800,485073
2026-04-24 15:50:00+00:00,6.345000,6.380000,6.345000,6.355000,311367
2026-04-24 15:55:00+00:00,6.355000,6.390000,6.350000,6.370000,342602
2026-04-24 16:00:00+00:00,6.365000,6.390000,6.350000,6.360100,275209
2026-04-24 16:05:00+00:00,6.369900,6.370000,6.340000,6.350000,158642
2026-04-24 16:10:00+00:00,6.350000,6.370000,6.340000,6.350000,206641
2026-04-24 16:15:00+00:00,6.345000,6.350000,6.330000,6.340000,61199
2026-04-24 16:20:00+00:00,6.335000,6.360000,6.320000,6.345000,127819
2026-04-24 16:25:00+00:00,6.345000,6.350000,6.320100,6.320700,59883
2026-04-24 16:30:00+00:00,6.325000,6.335000,6.300000,6.325000,118448
2026-04-24 16:35:00+00:00,6.330000,6.340000,6.325000,6.325000,75464
2026-04-24 16:40:00+00:00,6.325000,6.340000,6.305000,6.315000,112966
2026-04-24 16:45:00+00:00,6.310100,6.320000,6.300000,6.302100,73800
2026-04-24 16:50:00+00:00,6.305000,6.320000,6.305000,6.320000,84569
2026-04-24 16:55:00+00:00,6.315000,6.340000,6.310000,6.335000,101839
2026-04-24 17:00:00+00:00,6.335000,6.365000,6.335000,6.355000,150339
2026-04-24 17:05:00+00:00,6.360000,6.400000,6.340100,6.390100,280716
2026-04-24 17:10:00+00:00,6.395000,6.400000,6.380000,6.380100,118414
2026-04-24 17:15:00+00:00,6.385000,6.390000,6.370000,6.375000,94421
2026-04-24 17:20:00+00:00,6.380000,6.410000,6.375000,6.410000,207572
2026-04-24 17:25:00+00:00,6.415000,6.420000,6.390000,6.405000,174511
2026-04-24 17:30:00+00:00,6.400100,6.410000,6.385000,6.385000,80762
2026-04-24 17:35:00+00:00,6.385000,6.400000,6.380000,6.400000,175229
2026-04-24 17:40:00+00:00,6.400000,6.420000,6.400000,6.419900,159447
2026-04-24 17:45:00+00:00,6.415000,6.420000,6.390100,6.395000,154522
2026-04-24 17:50:00+00:00,6.392400,6.400000,6.380000,6.385000,125155
2026-04-24 17:55:00+00:00,6.390000,6.390000,6.370000,6.375000,71233
2026-04-24 18:00:00+00:00,6.380000,6.380000,6.360000,6.365000,73174
2026-04-24 18:05:00+00:00,6.365000,6.410000,6.355000,6.405000,277344
2026-04-24 18:10:00+00:00,6.400100,6.410000,6.380000,6.391000,125093
2026-04-24 18:15:00+00:00,6.395000,6.400000,6.375000,6.385000,114513
2026-04-24 18:20:00+00:00,6.385000,6.390000,6.380000,6.387500,37934
2026-04-24 18:25:00+00:00,6.385000,6.390000,6.355000,6.360000,265024
2026-04-24 18:30:00+00:00,6.365000,6.370000,6.360000,6.360100,56778
2026-04-24 18:35:00+00:00,6.365000,6.370000,6.360100,6.365000,63744
2026-04-24 18:40:00+00:00,6.365000,6.365000,6.350000,6.355000,90917
2026-04-24 18:45:00+00:00,6.350000,6.355000,6.325000,6.325000,173812
2026-04-24 18:50:00+00:00,6.325000,6.330000,6.305000,6.305000,128556
2026-04-24 18:55:00+00:00,6.308000,6.310000,6.300000,6.300100,216636
2026-04-24 19:00:00+00:00,6.305000,6.330000,6.305000,6.305000,159114
2026-04-24 19:05:00+00:00,6.303100,6.310000,6.290000,6.295000,225011
2026-04-24 19:10:00+00:00,6.295000,6.298900,6.280000,6.285000,211636
2026-04-24 19:15:00+00:00,6.285000,6.300000,6.282500,6.289800,144632
2026-04-24 19:20:00+00:00,6.285000,6.287700,6.260000,6.265000,141789
2026-04-24 19:25:00+00:00,6.265000,6.270000,6.240000,6.255000,354599
2026-04-24 19:30:00+00:00,6.259600,6.259900,6.232500,6.245000,271174
2026-04-24 19:35:00+00:00,6.245000,6.247500,6.220000,6.230000,317717
2026-04-24 19:40:00+00:00,6.230000,6.240000,6.220000,6.232600,267299
2026-04-24 19:45:00+00:00,6.235000,6.240000,6.220000,6.230000,109198
2026-04-24 19:50:00+00:00,6.225000,6.230000,6.220000,6.225000,307105
2026-04-24 19:55:00+00:00,6.225000,6.260000,6.220000,6.259900,858563
2026-04-27 13:30:00+00:00,6.195000,6.199800,6.030000,6.075000,1771059
2026-04-27 13:35:00+00:00,6.078000,6.090000,5.980000,6.025000,1210953
2026-04-27 13:40:00+00:00,6.030000,6.080000,6.000000,6.080000,646249
2026-04-27 13:45:00+00:00,6.080000,6.085000,6.040000,6.080000,326999
2026-04-27 13:50:00+00:00,6.080000,6.080000,6.030000,6.079600,613917
2026-04-27 13:55:00+00:00,6.075000,6.090000,6.025000,6.040000,404157
2026-04-27 14:00:00+00:00,6.035000,6.050000,6.025000,6.039900,296967
2026-04-27 14:05:00+00:00,6.035000,6.040000,5.970000,5.975000,686854
2026-04-27 14:10:00+00:00,5.980000,6.000000,5.960000,5.990100,441976
2026-04-27 14:15:00+00:00,5.995000,6.010000,5.990000,5.995000,213020
2026-04-27 14:20:00+00:00,5.995000,6.030000,5.985000,6.025000,286937
2026-04-27 14:25:00+00:00,6.020100,6.050000,6.020000,6.035000,214090
2026-04-27 14:30:00+00:00,6.035000,6.060000,6.010000,6.055000,344090
2026-04-27 14:35:00+00:00,6.060000,6.080000,6.050000,6.075000,187173
2026-04-27 14:40:00+00:00,6.075000,6.085000,6.050000,6.075000,183599
2026-04-27 14:45:00+00:00,6.075000,6.080000,6.050000,6.070000,138703
2026-04-27 14:50:00+00:00,6.070000,6.090000,6.065000,6.070000,191900
2026-04-27 14:55:00+00:00,6.065000,6.090000,6.050000,6.055000,146291
2026-04-27 15:00:00+00:00,6.060000,6.065000,6.030000,6.035000,240311
2026-04-27 15:05:00+00:00,6.035000,6.060000,6.030000,6.059900,97027
2026-04-27 15:10:00+00:00,6.050000,6.080000,6.050000,6.065000,94122
2026-04-27 15:15:00+00:00,6.060000,6.080000,6.030000,6.030000,113875
2026-04-27 15:20:00+00:00,6.035000,6.045000,6.020000,6.045000,102375
2026-04-27 15:25:00+00:00,6.040000,6.050000,6.030000,6.045000,69317
2026-04-27 15:30:00+00:00,6.045000,6.050000,6.010000,6.015000,258857
2026-04-27 15:35:00+00:00,6.015000,6.030000,6.010000,6.015000,84587
2026-04-27 15:40:00+00:00,6.015000,6.020000,6.000000,6.009900,151160
2026-04-27 15:45:00+00:00,6.009900,6.010000,6.000000,6.005200,155468
2026-04-27 15:50:00+00:00,6.001400,6.010000,5.970000,5.975000,699339
2026-04-27 15:55:00+00:00,5.980000,6.010000,5.979900,5.985000,454191
2026-04-27 16:00:00+00:00,5.985000,5.990000,5.960000,5.960000,318295
2026-04-27 16:05:00+00:00,5.960000,6.000000,5.950000,5.995000,562163
2026-04-27 16:10:00+00:00,5.995000,6.020000,5.980100,6.014600,345113
2026-04-27 16:15:00+00:00,6.010000,6.020000,6.005000,6.020000,174423
2026-04-27 16:20:00+00:00,6.019900,6.020000,5.995000,5.995000,118276
2026-04-27 16:25:00+00:00,5.990100,6.000000,5.990000,5.990000,121188
2026-04-27 16:30:00+00:00,5.990000,6.000000,5.960100,5.979900,200880
2026-04-27 16:35:00+00:00,5.979900,6.010000,5.975000,6.005000,150116
2026-04-27 16:40:00+00:00,6.005000,6.010000,5.985000,5.985000,107579
2026-04-27 16:45:00+00:00,5.985000,5.990000,5.980000,5.985000,88150
2026-04-27 16:50:00+00:00,5.985000,6.000000,5.980000,5.985000,192817
2026-04-27 16:55:00+00:00,5.985000,5.995000,5.980000,5.995000,95913
2026-04-27 17:00:00+00:00,5.995000,6.000000,5.990000,5.995000,154742
2026-04-27 17:05:00+00:00,5.995000,6.010000,5.990000,6.005000,249075
2026-04-27 17:10:00+00:00,6.005000,6.030000,6.000000,6.005000,470448
2026-04-27 17:15:00+00:00,6.009900,6.015000,5.980000,5.995000,240731
2026-04-27 17:20:00+00:00,5.995000,6.010000,5.980000,6.010000,127747
2026-04-27 17:25:00+00:00,6.010000,6.047800,6.010000,6.045000,215689
2026-04-27 17:30:00+00:00,6.040000,6.060000,6.030200,6.045000,207303
2026-04-27 17:35:00+00:00,6.045000,6.045000,6.020000,6.035000,131991
2026-04-27 17:40:00+00:00,6.030000,6.039300,6.025000,6.035000,97739
2026-04-27 17:45:00+00:00,6.035000,6.040000,6.000000,6.009900,139496
2026-04-27 17:50:00+00:00,6.000000,6.010000,5.980000,5.995000,309380
2026-04-27 17:55:00+00:00,5.995000,6.000000,5.990000,5.995000,56525
2026-04-27 18:00:00+00:00,5.995000,6.019900,5.990000,6.009800,195056
2026-04-27 18:05:00+00:00,6.005000,6.017400,6.000000,6.015000,96938
2026-04-27 18:10:00+00:00,6.020000,6.020000,6.010000,6.010100,53429
2026-04-27 18:15:00+00:00,6.010000,6.020000,6.010000,6.019900,49701
2026-04-27 18:20:00+00:00,6.010200,6.030000,6.010000,6.025000,69217
2026-04-27 18:25:00+00:00,6.025000,6.040000,6.015000,6.039900,160321
2026-04-27 18:30:00+00:00,6.035000,6.040000,6.000000,6.005000,109715
2026-04-27 18:35:00+00:00,6.000000,6.025000,6.000000,6.025000,107865
2026-04-27 18:40:00+00:00,6.025000,6.030000,6.015000,6.025000,72785
2026-04-27 18:45:00+00:00,6.020000,6.030000,6.010000,6.025000,73762
2026-04-27 18:50:00+00:00,6.025000,6.045000,6.020000,6.030100,178693
2026-04-27 18:55:00+00:00,6.030100,6.050000,6.030000,6.050000,96618
2026-04-27 19:00:00+00:00,6.045000,6.065000,6.030000,6.030000,124701
2026-04-27 19:05:00+00:00,6.040000,6.040000,6.010000,6.015000,208892
2026-04-27 19:10:00+00:00,6.010000,6.020000,6.000000,6.015000,160023
2026-04-27 19:15:00+00:00,6.020000,6.020000,6.000000,6.009100,118147
2026-04-27 19:20:00+00:00,6.005000,6.009900,5.980000,5.985000,351449
2026-04-27 19:25:00+00:00,5.985000,5.990000,5.980000,5.980000,117335
2026-04-27 19:30:00+00:00,5.985200,5.986800,5.960000,5.965000,424934
2026-04-27 19:35:00+00:00,5.965000,6.000000,5.960000,5.980000,373446
2026-04-27 19:40:00+00:00,5.975000,5.980000,5.960000,5.975000,425020
2026-04-27 19:45:00+00:00,5.970000,5.990000,5.965000,5.985000,226915
2026-04-27 19:50:00+00:00,5.985000,5.990000,5.970000,5.970000,307102
2026-04-27 19:55:00+00:00,5.965000,5.970000,5.930000,5.935000,1418198
2026-04-28 13:30:00+00:00,5.830000,5.970000,5.800000,5.950000,1495617
2026-04-28 13:35:00+00:00,5.959100,6.030000,5.940100,6.009900,551466
2026-04-28 13:40:00+00:00,5.990000,6.020000,5.970000,5.975000,216613
2026-04-28 13:45:00+00:00,5.975000,6.055000,5.975000,6.010000,370453
2026-04-28 13:50:00+00:00,6.010000,6.020000,5.970000,6.015000,218262
2026-04-28 13:55:00+00:00,6.010000,6.020000,5.960000,5.960000,188984
2026-04-28 14:00:00+00:00,5.967100,5.980000,5.950000,5.955000,152282
2026-04-28 14:05:00+00:00,5.950300,5.990000,5.945000,5.985000,163379
2026-04-28 14:10:00+00:00,5.990000,6.010000,5.980000,5.990000,170534
2026-04-28 14:15:00+00:00,5.980300,5.980300,5.920000,5.925000,341906
2026-04-28 14:20:00+00:00,5.925000,5.950000,5.900000,5.900000,228721
2026-04-28 14:25:00+00:00,5.905000,5.920000,5.880100,5.890000,189695
2026-04-28 14:30:00+00:00,5.885000,5.910000,5.880000,5.885000,325761
2026-04-28 14:35:00+00:00,5.885800,5.890000,5.860000,5.890000,347345
2026-04-28 14:40:00+00:00,5.894600,5.920000,5.880000,5.919700,117681
2026-04-28 14:45:00+00:00,5.920000,5.930000,5.880000,5.890000,177342
2026-04-28 14:50:00+00:00,5.880100,5.900000,5.870000,5.895000,317324
2026-04-28 14:55:00+00:00,5.895000,5.910000,5.880000,5.895000,162108
2026-04-28 15:00:00+00:00,5.900000,5.910000,5.875000,5.885000,176792
2026-04-28 15:05:00+00:00,5.889900,5.890000,5.870000,5.885000,197989
2026-04-28 15:10:00+00:00,5.890000,5.910000,5.885000,5.905000,88632
2026-04-28 15:15:00+00:00,5.905000,5.910000,5.880000,5.885700,145540
2026-04-28 15:20:00+00:00,5.890000,5.890000,5.850000,5.855000,245434
2026-04-28 15:25:00+00:00,5.855000,5.859000,5.840000,5.840000,152604
2026-04-28 15:30:00+00:00,5.850000,5.859500,5.830000,5.845000,221360
2026-04-28 15:35:00+00:00,5.845000,5.850000,5.810000,5.825000,384675
2026-04-28 15:40:00+00:00,5.825000,5.840000,5.820000,5.840000,216362
2026-04-28 15:45:00+00:00,5.835000,5.840000,5.820000,5.828300,132170
2026-04-28 15:50:00+00:00,5.825000,5.840000,5.825000,5.837400,85255
2026-04-28 15:55:00+00:00,5.835000,5.850000,5.830000,5.845000,76326
2026-04-28 16:00:00+00:00,5.850000,5.850000,5.830000,5.839800,85574
2026-04-28 16:05:00+00:00,5.839800,5.850000,5.835000,5.838600,80804
2026-04-28 16:10:00+00:00,5.835000,5.840000,5.820000,5.825000,171951
2026-04-28 16:15:00+00:00,5.825000,5.840000,5.820000,5.830000,258363
2026-04-28 16:20:00+00:00,5.825000,5.840000,5.820000,5.830200,112077
2026-04-28 16:25:00+00:00,5.835000,5.850000,5.830000,5.835000,84148
2026-04-28 16:30:00+00:00,5.835000,5.840000,5.820000,5.820800,119384
2026-04-28 16:35:00+00:00,5.820000,5.830000,5.820000,5.825000,101878
2026-04-28 16:40:00+00:00,5.825000,5.840000,5.820000,5.827100,123006
2026-04-28 16:45:00+00:00,5.830000,5.830000,5.820000,5.829900,83888
2026-04-28 16:50:00+00:00,5.825000,5.840000,5.820000,5.840000,89185
2026-04-28 16:55:00+00:00,5.840000,5.850000,5.840000,5.840000,179542
2026-04-28 17:00:00+00:00,5.850000,5.850000,5.831400,5.840000,173576
2026-04-28 17:05:00+00:00,5.830000,5.840000,5.830000,5.835000,60974
2026-04-28 17:10:00+00:00,5.835000,5.850000,5.835000,5.845000,105863
2026-04-28 17:15:00+00:00,5.850000,5.860000,5.850000,5.855000,42542
2026-04-28 17:20:00+00:00,5.855000,5.860000,5.850000,5.860000,316357
2026-04-28 17:25:00+00:00,5.859600,5.880000,5.850000,5.870100,91547
2026-04-28 17:30:00+00:00,5.875000,5.900000,5.870000,5.890000,144974
2026-04-28 17:35:00+00:00,5.880100,5.895000,5.880000,5.889300,93779
2026-04-28 17:40:00+00:00,5.890000,5.900000,5.880000,5.890000,59415
2026-04-28 17:45:00+00:00,5.886000,5.910000,5.880100,5.895000,124070
2026-04-28 17:50:00+00:00,5.890000,5.890000,5.880000,5.885000,142178
2026-04-28 17:55:00+00:00,5.885000,5.910000,5.880100,5.910000,260110
2026-04-28 18:00:00+00:00,5.905000,5.915000,5.900000,5.905000,199032
2026-04-28 18:05:00+00:00,5.905000,5.910000,5.890100,5.905000,76733
2026-04-28 18:10:00+00:00,5.910000,5.910000,5.880000,5.885000,135059
2026-04-28 18:15:00+00:00,5.885000,5.890000,5.870000,5.880000,72125
2026-04-28 18:20:00+00:00,5.880000,5.880000,5.855000,5.865000,134336
2026-04-28 18:25:00+00:00,5.869900,5.875000,5.860000,5.874800,88833
2026-04-28 18:30:00+00:00,5.870000,5.880000,5.861000,5.867300,81188
2026-04-28 18:35:00+00:00,5.865000,5.880000,5.860000,5.875000,51489
2026-04-28 18:40:00+00:00,5.875000,5.890000,5.870000,5.885000,73509
2026-04-28 18:45:00+00:00,5.889800,5.900000,5.880000,5.900000,39205
2026-04-28 18:50:00+00:00,5.895000,5.905000,5.890100,5.895000,86262
2026-04-28 18:55:00+00:00,5.899700,5.900000,5.890000,5.895000,25858
2026-04-28 19:00:00+00:00,5.895000,5.910000,5.875000,5.885000,189248
2026-04-28 19:05:00+00:00,5.885000,5.900000,5.880000,5.895000,166463
2026-04-28 19:10:00+00:00,5.900000,5.905000,5.890000,5.890000,147876
2026-04-28 19:15:00+00:00,5.890000,5.890000,5.860000,5.865000,934411
2026-04-28 19:20:00+00:00,5.865000,5.870000,5.850000,5.865000,94001
2026-04-28 19:25:00+00:00,5.865000,5.870000,5.855000,5.865000,86916
2026-04-28 19:30:00+00:00,5.865000,5.879900,5.850000,5.855000,90857
2026-04-28 19:35:00+00:00,5.860000,5.860000,5.850000,5.855000,377282
2026-04-28 19:40:00+00:00,5.860000,5.870000,5.860000,5.870000,96719
2026-04-28 19:45:00+00:00,5.870000,5.875000,5.860000,5.869300,99235
2026-04-28 19:50:00+00:00,5.870000,5.885000,5.870000,5.870000,189024
2026-04-28 19:55:00+00:00,5.875000,5.880000,5.860000,5.865000,606404
2026-04-29 13:30:00+00:00,5.830000,5.840000,5.730000,5.795000,1465602
2026-04-29 13:35:00+00:00,5.790000,5.815000,5.750000,5.760000,316300
2026-04-29 13:40:00+00:00,5.760000,5.786000,5.740000,5.749000,397714
2026-04-29 13:45:00+00:00,5.745000,5.790000,5.745000,5.775000,183333
2026-04-29 13:50:00+00:00,5.775000,5.785000,5.730000,5.735000,248043
2026-04-29 13:55:00+00:00,5.739900,5.750000,5.725000,5.740000,408615
2026-04-29 14:00:00+00:00,5.730000,5.730000,5.690000,5.705000,559411
2026-04-29 14:05:00+00:00,5.705000,5.720000,5.690000,5.690000,247182
2026-04-29 14:10:00+00:00,5.697200,5.710000,5.660000,5.667600,564697
2026-04-29 14:15:00+00:00,5.660200,5.680000,5.650000,5.675000,461504
2026-04-29 14:20:00+00:00,5.680000,5.690000,5.662500,5.675000,575007
2026-04-29 14:25:00+00:00,5.675000,5.700000,5.670000,5.695800,189228
2026-04-29 14:30:00+00:00,5.690000,5.700000,5.680000,5.695000,210129
2026-04-29 14:35:00+00:00,5.695000,5.700000,5.680000,5.689700,142215
2026-04-29 14:40:00+00:00,5.685000,5.730000,5.680000,5.730000,197800
2026-04-29 14:45:00+00:00,5.720000,5.730000,5.710000,5.715000,115526
2026-04-29 14:50:00+00:00,5.715000,5.719700,5.680000,5.695000,123711
2026-04-29 14:55:00+00:00,5.690000,5.690000,5.660000,5.665000,144093
2026-04-29 15:00:00+00:00,5.665000,5.665000,5.630000,5.645000,305382
2026-04-29 15:05:00+00:00,5.640000,5.649900,5.620000,5.625000,399472
2026-04-29 15:10:00+00:00,5.625000,5.660000,5.620000,5.656500,195117
2026-04-29 15:15:00+00:00,5.660000,5.670000,5.650000,5.665600,116697
2026-04-29 15:20:00+00:00,5.665000,5.680000,5.660100,5.670000,98796
2026-04-29 15:25:00+00:00,5.670000,5.690000,5.670000,5.690000,102884
2026-04-29 15:30:00+00:00,5.685000,5.690000,5.680000,5.685000,67603
2026-04-29 15:35:00+00:00,5.685000,5.700000,5.660000,5.660100,188644
2026-04-29 15:40:00+00:00,5.665000,5.675000,5.650100,5.665000,179963
2026-04-29 15:45:00+00:00,5.665000,5.670000,5.660000,5.665000,76066
2026-04-29 15:50:00+00:00,5.665000,5.670000,5.630000,5.640000,169804
2026-04-29 15:55:00+00:00,5.635000,5.650000,5.630000,5.650000,120121
2026-04-29 16:00:00+00:00,5.648900,5.660000,5.630000,5.640000,223394
2026-04-29 16:05:00+00:00,5.640000,5.650000,5.630000,5.645000,97440
2026-04-29 16:10:00+00:00,5.645000,5.660000,5.640000,5.650000,116573
2026-04-29 16:15:00+00:00,5.655000,5.660000,5.650000,5.650000,103136
2026-04-29 16:20:00+00:00,5.655000,5.680000,5.650000,5.675000,98687
2026-04-29 16:25:00+00:00,5.679800,5.690000,5.670000,5.685000,135032
2026-04-29 16:30:00+00:00,5.685000,5.690000,5.680000,5.689900,103653
2026-04-29 16:35:00+00:00,5.690000,5.690000,5.660000,5.675000,262573
2026-04-29 16:40:00+00:00,5.675000,5.690000,5.660000,5.675000,123624
2026-04-29 16:45:00+00:00,5.670000,5.680000,5.660000,5.660000,105656
2026-04-29 16:50:00+00:00,5.660000,5.670000,5.650000,5.655000,112365
2026-04-29 16:55:00+00:00,5.655000,5.665000,5.650000,5.665000,85786
2026-04-29 17:00:00+00:00,5.665000,5.670000,5.650000,5.655000,98328
2026-04-29 17:05:00+00:00,5.655000,5.670000,5.650000,5.670000,62836
2026-04-29 17:10:00+00:00,5.665000,5.685000,5.665000,5.680000,72555
2026-04-29 17:15:00+00:00,5.685000,5.690000,5.680000,5.690000,56385
2026-04-29 17:20:00+00:00,5.690000,5.710000,5.690000,5.705000,133880
2026-04-29 17:25:00+00:00,5.700000,5.710000,5.690000,5.690000,114963
2026-04-29 17:30:00+00:00,5.690000,5.710000,5.690000,5.705000,74484
2026-04-29 17:35:00+00:00,5.703000,5.710000,5.700000,5.705000,53068
2026-04-29 17:40:00+00:00,5.705200,5.705200,5.660000,5.670000,203139
2026-04-29 17:45:00+00:00,5.675000,5.700000,5.670000,5.690000,98673
2026-04-29 17:50:00+00:00,5.700000,5.720000,5.695000,5.709200,187345
2026-04-29 17:55:00+00:00,5.710000,5.715000,5.690000,5.694500,80182
2026-04-29 18:00:00+00:00,5.690000,5.700000,5.670000,5.680000,129043
2026-04-29 18:05:00+00:00,5.675000,5.680000,5.660000,5.660000,174924
2026-04-29 18:10:00+00:00,5.670000,5.670000,5.650000,5.665000,111597
2026-04-29 18:15:00+00:00,5.670000,5.685000,5.660000,5.660000,125044
2026-04-29 18:20:00+00:00,5.664900,5.670000,5.660000,5.666700,61553
2026-04-29 18:25:00+00:00,5.660000,5.670000,5.660000,5.660000,58734
2026-04-29 18:30:00+00:00,5.665000,5.690000,5.660000,5.675000,132140
2026-04-29 18:35:00+00:00,5.680000,5.695000,5.675000,5.685000,105497
2026-04-29 18:40:00+00:00,5.685000,5.700000,5.680100,5.690000,103271
2026-04-29 18:45:00+00:00,5.685000,5.715000,5.680000,5.710000,85516
2026-04-29 18:50:00+00:00,5.713800,5.720000,5.700000,5.700000,84488
2026-04-29 18:55:00+00:00,5.705000,5.720000,5.690000,5.715000,84920
2026-04-29 19:00:00+00:00,5.720000,5.730000,5.705000,5.705000,116104
2026-04-29 19:05:00+00:00,5.705000,5.710000,5.690000,5.705000,128112
2026-04-29 19:10:00+00:00,5.705000,5.730000,5.700000,5.725000,86060
2026-04-29 19:15:00+00:00,5.725000,5.745000,5.725000,5.745000,220028
2026-04-29 19:20:00+00:00,5.741400,5.750000,5.730000,5.740000,135252
2026-04-29 19:25:00+00:00,5.740000,5.740000,5.730000,5.735000,57705
2026-04-29 19:30:00+00:00,5.730000,5.730000,5.690000,5.690000,138228
2026-04-29 19:35:00+00:00,5.695000,5.710000,5.690000,5.709800,130515
2026-04-29 19:40:00+00:00,5.705000,5.710000,5.700000,5.709900,95808
2026-04-29 19:45:00+00:00,5.705000,5.720000,5.700000,5.715000,231563
2026-04-29 19:50:00+00:00,5.715000,5.740000,5.700000,5.725000,425893
2026-04-29 19:55:00+00:00,5.730000,5.785000,5.720100,5.775000,1179163
2026-04-30 13:30:00+00:00,5.715000,5.820000,5.680000,5.740000,887553
2026-04-30 13:35:00+00:00,5.749300,5.769900,5.730000,5.740000,149849
2026-04-30 13:40:00+00:00,5.735000,5.800000,5.720000,5.785000,212516
2026-04-30 13:45:00+00:00,5.780000,5.820000,5.772000,5.775000,228783
2026-04-30 13:50:00+00:00,5.770000,5.779500,5.720000,5.725000,232051
2026-04-30 13:55:00+00:00,5.730000,5.750000,5.710000,5.711000,166120
2026-04-30 14:00:00+00:00,5.720000,5.765000,5.720000,5.765000,56742
2026-04-30 14:05:00+00:00,5.775000,5.785000,5.760000,5.785000,137371
2026-04-30 14:10:00+00:00,5.790000,5.820000,5.780000,5.805000,234490
2026-04-30 14:15:00+00:00,5.810000,5.820000,5.800000,5.815000,181808
2026-04-30 14:20:00+00:00,5.815000,5.850000,5.810000,5.845000,192996
2026-04-30 14:25:00+00:00,5.849900,5.930000,5.825000,5.930000,553189
2026-04-30 14:30:00+00:00,5.922800,5.950000,5.901800,5.910100,432571
2026-04-30 14:35:00+00:00,5.915000,5.940000,5.910000,5.925000,168138
2026-04-30 14:40:00+00:00,5.927500,5.950000,5.920000,5.920000,213231
2026-04-30 14:45:00+00:00,5.920000,5.950000,5.920000,5.950000,204053
2026-04-30 14:50:00+00:00,5.945000,5.980000,5.940000,5.965000,356091
2026-04-30 14:55:00+00:00,5.965000,5.975000,5.950000,5.965000,151162
2026-04-30 15:00:00+00:00,5.965000,5.979900,5.950000,5.955000,135526
2026-04-30 15:05:00+00:00,5.950000,5.990000,5.935000,5.985000,172281
2026-04-30 15:10:00+00:00,5.985000,6.030000,5.985000,6.019900,305206
2026-04-30 15:15:00+00:00,6.015000,6.050000,6.015000,6.045000,264175
2026-04-30 15:20:00+00:00,6.045000,6.070000,6.030000,6.060000,228874
2026-04-30 15:25:00+00:00,6.055000,6.070000,6.030000,6.055000,307685
2026-04-30 15:30:00+00:00,6.050000,6.060000,6.025000,6.035000,177957
2026-04-30 15:35:00+00:00,6.035000,6.040000,6.010100,6.015000,133897
2026-04-30 15:40:00+00:00,6.010000,6.020000,6.000000,6.015700,84200
2026-04-30 15:45:00+00:00,6.015000,6.030000,6.000000,6.020100,137927
2026-04-30 15:50:00+00:00,6.025000,6.030000,6.010000,6.015000,118353
2026-04-30 15:55:00+00:00,6.020000,6.080000,6.015000,6.075000,211256
2026-04-30 16:00:00+00:00,6.080000,6.120000,6.070100,6.115000,546618
2026-04-30 16:05:00+00:00,6.115000,6.129900,6.100000,6.115000,219211
2026-04-30 16:10:00+00:00,6.115000,6.130000,6.100000,6.105000,201973
2026-04-30 16:15:00+00:00,6.104600,6.130000,6.100000,6.125000,155301
2026-04-30 16:20:00+00:00,6.125000,6.140000,6.115000,6.130000,90959
2026-04-30 16:25:00+00:00,6.140000,6.150000,6.125000,6.145000,176368
2026-04-30 16:30:00+00:00,6.150000,6.150000,6.120000,6.129900,120335
2026-04-30 16:35:00+00:00,6.121400,6.178600,6.121400,6.170000,305536
2026-04-30 16:40:00+00:00,6.170100,6.170100,6.140200,6.145000,134544
2026-04-30 16:45:00+00:00,6.140000,6.170000,6.135000,6.165000,178041
2026-04-30 16:50:00+00:00,6.165000,6.190000,6.150000,6.180000,263704
2026-04-30 16:55:00+00:00,6.176300,6.180000,6.170000,6.175000,114235
2026-04-30 17:00:00+00:00,6.175000,6.180000,6.160000,6.175000,221449
2026-04-30 17:05:00+00:00,6.175000,6.180000,6.170000,6.175000,107092
2026-04-30 17:10:00+00:00,6.175000,6.180000,6.160000,6.170000,147501
2026-04-30 17:15:00+00:00,6.170100,6.170100,6.140000,6.145000,148111
2026-04-30 17:20:00+00:00,6.150000,6.150000,6.090000,6.105000,688660
2026-04-30 17:25:00+00:00,6.105000,6.115000,6.090000,6.100000,137294
2026-04-30 17:30:00+00:00,6.110000,6.120000,6.100000,6.115000,128422
2026-04-30 17:35:00+00:00,6.118000,6.130000,6.100000,6.105000,152383
2026-04-30 17:40:00+00:00,6.106600,6.110000,6.090000,6.096300,93820
2026-04-30 17:45:00+00:00,6.095000,6.100000,6.060000,6.085000,181715
2026-04-30 17:50:00+00:00,6.080000,6.090000,6.070000,6.085000,196359
2026-04-30 17:55:00+00:00,6.084500,6.105000,6.070100,6.100000,200359
2026-04-30 18:00:00+00:00,6.100000,6.115000,6.090100,6.115000,114079
2026-04-30 18:05:00+00:00,6.115000,6.120000,6.110000,6.120000,59302
2026-04-30 18:10:00+00:00,6.115000,6.140000,6.110000,6.133200,199369
2026-04-30 18:15:00+00:00,6.140000,6.150000,6.130000,6.140000,63132
2026-04-30 18:20:00+00:00,6.150000,6.150000,6.140000,6.140000,59765
2026-04-30 18:25:00+00:00,6.145000,6.175000,6.140000,6.175000,220739
2026-04-30 18:30:00+00:00,6.175000,6.190000,6.160000,6.180000,244949
2026-04-30 18:35:00+00:00,6.185000,6.195000,6.160000,6.180000,214682
2026-04-30 18:40:00+00:00,6.180000,6.190000,6.170000,6.185000,141095
2026-04-30 18:45:00+00:00,6.185000,6.195000,6.170000,6.170100,177094
2026-04-30 18:50:00+00:00,6.175000,6.190000,6.160200,6.179900,175677
2026-04-30 18:55:00+00:00,6.180000,6.180000,6.165000,6.170000,135391
2026-04-30 19:00:00+00:00,6.170000,6.240000,6.160000,6.235000,460761
2026-04-30 19:05:00+00:00,6.230000,6.260000,6.230000,6.255000,228793
2026-04-30 19:10:00+00:00,6.255000,6.270000,6.250000,6.270000,234855
2026-04-30 19:15:00+00:00,6.260000,6.270000,6.240000,6.270000,352094
2026-04-30 19:20:00+00:00,6.265000,6.270000,6.250000,6.265000,130460
2026-04-30 19:25:00+00:00,6.270000,6.285000,6.260100,6.285000,223495
2026-04-30 19:30:00+00:00,6.285000,6.300000,6.255000,6.275000,349868
2026-04-30 19:35:00+00:00,6.275000,6.280000,6.260000,6.270000,278877
2026-04-30 19:40:00+00:00,6.280000,6.280000,6.260000,6.280000,215972
2026-04-30 19:45:00+00:00,6.275000,6.320000,6.275000,6.315000,397123
2026-04-30 19:50:00+00:00,6.315000,6.350000,6.315000,6.345000,617008
2026-04-30 19:55:00+00:00,6.345000,6.400000,6.330000,6.395000,1677274
2026-05-01 13:30:00+00:00,6.280000,6.400000,6.230000,6.370000,1108271
2026-05-01 13:35:00+00:00,6.370000,6.400000,6.280000,6.285000,261660
2026-05-01 13:40:00+00:00,6.275000,6.350000,6.270100,6.339000,285899
2026-05-01 13:45:00+00:00,6.323400,6.410000,6.300000,6.405000,239427
2026-05-01 13:50:00+00:00,6.400000,6.460000,6.365000,6.459900,362006
2026-05-01 13:55:00+00:00,6.460000,6.480000,6.370000,6.375000,240699
2026-05-01 14:00:00+00:00,6.375000,6.389900,6.330000,6.385000,380452
2026-05-01 14:05:00+00:00,6.385000,6.385000,6.330000,6.335000,214397
2026-05-01 14:10:00+00:00,6.340000,6.360000,6.335000,6.360000,95718
2026-05-01 14:15:00+00:00,6.350000,6.380000,6.325000,6.380000,173189
2026-05-01 14:20:00+00:00,6.377000,6.410000,6.365000,6.390000,311629
2026-05-01 14:25:00+00:00,6.395000,6.460000,6.390100,6.450000,177118
2026-05-01 14:30:00+00:00,6.440100,6.440100,6.400000,6.409800,173956
2026-05-01 14:35:00+00:00,6.405000,6.480000,6.400100,6.478600,182495
2026-05-01 14:40:00+00:00,6.475000,6.530000,6.470100,6.515000,316480
2026-05-01 14:45:00+00:00,6.510000,6.540000,6.500000,6.530000,185272
2026-05-01 14:50:00+00:00,6.520100,6.570000,6.509900,6.550000,234033
2026-05-01 14:55:00+00:00,6.560000,6.570000,6.530000,6.530000,261480
2026-05-01 15:00:00+00:00,6.530000,6.530000,6.470000,6.510200,441989
2026-05-01 15:05:00+00:00,6.515000,6.525000,6.495000,6.520000,235694
2026-05-01 15:10:00+00:00,6.525000,6.550000,6.500100,6.535000,231012
2026-05-01 15:15:00+00:00,6.540000,6.550000,6.510000,6.510000,195786
2026-05-01 15:20:00+00:00,6.515000,6.530000,6.500000,6.510200,194018
2026-05-01 15:25:00+00:00,6.515000,6.520000,6.500000,6.519700,143097
2026-05-01 15:30:00+00:00,6.510100,6.530000,6.510000,6.529900,134961
2026-05-01 15:35:00+00:00,6.525000,6.560000,6.520000,6.555000,148499
2026-05-01 15:40:00+00:00,6.552000,6.600000,6.552000,6.585100,364890
2026-05-01 15:45:00+00:00,6.590000,6.600000,6.570100,6.595000,280687
2026-05-01 15:50:00+00:00,6.590000,6.590000,6.520000,6.525000,201379
2026-05-01 15:55:00+00:00,6.525000,6.545100,6.515000,6.535000,138735
2026-05-01 16:00:00+00:00,6.535000,6.540000,6.515000,6.525000,140040
2026-05-01 16:05:00+00:00,6.530000,6.550000,6.520000,6.525000,234847
2026-05-01 16:10:00+00:00,6.525000,6.530000,6.510000,6.530000,94666
2026-05-01 16:15:00+00:00,6.540000,6.565000,6.530000,6.565000,260348
2026-05-01 16:20:00+00:00,6.565000,6.580000,6.550000,6.555000,319169
2026-05-01 16:25:00+00:00,6.555000,6.580000,6.540000,6.575000,103539
2026-05-01 16:30:00+00:00,6.575000,6.580000,6.555000,6.568800,104667
2026-05-01 16:35:00+00:00,6.565000,6.570000,6.545000,6.565000,168877
2026-05-01 16:40:00+00:00,6.565000,6.570000,6.510000,6.515000,173381
2026-05-01 16:45:00+00:00,6.511000,6.515000,6.470000,6.475000,321922
2026-05-01 16:50:00+00:00,6.470300,6.490000,6.460000,6.485000,186705
2026-05-01 16:55:00+00:00,6.485000,6.515000,6.480000,6.515000,196187
2026-05-01 17:00:00+00:00,6.510000,6.519900,6.480000,6.485000,152873
2026-05-01 17:05:00+00:00,6.485000,6.510000,6.480000,6.496300,193057
2026-05-01 17:10:00+00:00,6.495000,6.510000,6.490000,6.500000,70745
2026-05-01 17:15:00+00:00,6.500000,6.526700,6.490000,6.526700,158748
2026-05-01 17:20:00+00:00,6.525000,6.530000,6.510000,6.515000,88901
2026-05-01 17:25:00+00:00,6.520000,6.550000,6.520000,6.545000,178972
2026-05-01 17:30:00+00:00,6.550000,6.559900,6.540000,6.545000,113559
2026-05-01 17:35:00+00:00,6.545000,6.570000,6.545000,6.565000,91185
2026-05-01 17:40:00+00:00,6.569900,6.570000,6.530000,6.540000,192460
2026-05-01 17:45:00+00:00,6.540000,6.550000,6.520100,6.550000,94879
2026-05-01 17:50:00+00:00,6.545100,6.550000,6.540000,6.542800,104091
2026-05-01 17:55:00+00:00,6.545000,6.560000,6.530000,6.545000,201630
2026-05-01 18:00:00+00:00,6.540000,6.547600,6.530000,6.535000,102165
2026-05-01 18:05:00+00:00,6.535000,6.540000,6.510000,6.525000,134536
2026-05-01 18:10:00+00:00,6.530000,6.540000,6.500000,6.505000,138479
2026-05-01 18:15:00+00:00,6.505000,6.509900,6.490000,6.500000,197757
2026-05-01 18:20:00+00:00,6.495000,6.527500,6.490000,6.520000,127974
2026-05-01 18:25:00+00:00,6.515000,6.545000,6.510000,6.540000,139523
2026-05-01 18:30:00+00:00,6.540000,6.540000,6.505000,6.505000,229900
2026-05-01 18:35:00+00:00,6.505000,6.505000,6.490000,6.495000,135230
2026-05-01 18:40:00+00:00,6.495000,6.500000,6.490000,6.495000,61325
2026-05-01 18:45:00+00:00,6.495000,6.500000,6.490000,6.495000,106728
2026-05-01 18:50:00+00:00,6.500000,6.510000,6.495000,6.505000,77292
2026-05-01 18:55:00+00:00,6.505000,6.540000,6.500000,6.525000,292507
2026-05-01 19:00:00+00:00,6.525000,6.540000,6.510100,6.510100,123621
2026-05-01 19:05:00+00:00,6.520000,6.560000,6.515000,6.545000,137645
2026-05-01 19:10:00+00:00,6.545000,6.545000,6.520000,6.535000,168360
2026-05-01 19:15:00+00:00,6.535000,6.540000,6.510100,6.520000,108700
2026-05-01 19:20:00+00:00,6.515000,6.520000,6.510000,6.515000,85752
2026-05-01 19:25:00+00:00,6.515000,6.520000,6.500000,6.500000,88083
2026-05-01 19:30:00+00:00,6.510000,6.530000,6.490100,6.505000,216662
2026-05-01 19:35:00+00:00,6.510000,6.520000,6.500000,6.510000,151474
2026-05-01 19:40:00+00:00,6.515000,6.555000,6.510000,6.545000,294058
2026-05-01 19:45:00+00:00,6.540000,6.560000,6.540000,6.540000,239689
2026-05-01 19:50:00+00:00,6.545000,6.550000,6.535000,6.545000,316322
2026-05-01 19:55:00+00:00,6.545000,6.560000,6.520000,6.560000,920798
2026-05-04 13:30:00+00:00,6.540000,6.650000,6.450000,6.644300,952705
2026-05-04 13:35:00+00:00,6.640000,6.660000,6.610000,6.625000,240581
2026-05-04 13:40:00+00:00,6.622000,6.640000,6.530000,6.540000,217951
2026-05-04 13:45:00+00:00,6.535000,6.625000,6.535000,6.620000,251177
2026-05-04 13:50:00+00:00,6.615000,6.670000,6.615000,6.660000,302068
2026-05-04 13:55:00+00:00,6.660300,6.705000,6.650000,6.662100,257302
2026-05-04 14:00:00+00:00,6.670000,6.719900,6.620000,6.710000,360645
2026-05-04 14:05:00+00:00,6.710000,6.710000,6.590000,6.595000,349104
2026-05-04 14:10:00+00:00,6.600000,6.640000,6.600000,6.640000,206021
2026-05-04 14:15:00+00:00,6.640000,6.690000,6.630100,6.675000,234406
2026-05-04 14:20:00+00:00,6.670000,6.690000,6.650000,6.685000,263892
2026-05-04 14:25:00+00:00,6.685000,6.710000,6.680000,6.690000,224505
2026-05-04 14:30:00+00:00,6.695000,6.719700,6.680000,6.690000,263274
2026-05-04 14:35:00+00:00,6.685000,6.690000,6.640000,6.660000,199405
2026-05-04 14:40:00+00:00,6.670000,6.670000,6.630100,6.630700,90611
2026-05-04 14:45:00+00:00,6.635000,6.635000,6.610000,6.615000,162599
2026-05-04 14:50:00+00:00,6.615000,6.650000,6.610000,6.645000,176766
2026-05-04 14:55:00+00:00,6.650000,6.660000,6.630000,6.630000,313622
2026-05-04 15:00:00+00:00,6.615000,6.679700,6.600000,6.660000,256112
2026-05-04 15:05:00+00:00,6.668600,6.700000,6.665000,6.700000,144526
2026-05-04 15:10:00+00:00,6.695000,6.720000,6.650000,6.669900,255998
2026-05-04 15:15:00+00:00,6.665000,6.690000,6.650000,6.650000,146363
2026-05-04 15:20:00+00:00,6.650000,6.660000,6.600000,6.605000,240042
2026-05-04 15:25:00+00:00,6.607500,6.640000,6.590000,6.625000,188442
2026-05-04 15:30:00+00:00,6.625000,6.630000,6.600000,6.625000,104680
2026-05-04 15:35:00+00:00,6.625000,6.629900,6.595000,6.595000,122238
2026-05-04 15:40:00+00:00,6.590000,6.619900,6.570000,6.615000,115879
2026-05-04 15:45:00+00:00,6.615000,6.615000,6.590000,6.605000,130541
2026-05-04 15:50:00+00:00,6.605000,6.640000,6.580000,6.640000,1828248
2026-05-04 15:55:00+00:00,6.640000,6.650000,6.610000,6.635000,224891
2026-05-04 16:00:00+00:00,6.640000,6.645000,6.620000,6.640000,159730
2026-05-04 16:05:00+00:00,6.640000,6.640000,6.585000,6.600000,195734
2026-05-04 16:10:00+00:00,6.595000,6.600000,6.575000,6.585000,141058
2026-05-04 16:15:00+00:00,6.585000,6.585000,6.550000,6.572400,232715
2026-05-04 16:20:00+00:00,6.575000,6.590000,6.565000,6.565000,218695
2026-05-04 16:25:00+00:00,6.565000,6.575000,6.555000,6.565300,102271
2026-05-04 16:30:00+00:00,6.574700,6.590000,6.570000,6.585000,97572
2026-05-04 16:35:00+00:00,6.590000,6.600000,6.570200,6.585000,125724
2026-05-04 16:40:00+00:00,6.590000,6.625000,6.585000,6.620100,138988
2026-05-04 16:45:00+00:00,6.625000,6.630000,6.610000,6.620000,139733
2026-05-04 16:50:00+00:00,6.625000,6.630000,6.610000,6.615000,144104
2026-05-04 16:55:00+00:00,6.615000,6.635000,6.615000,6.625000,154642
2026-05-04 17:00:00+00:00,6.630000,6.670000,6.620100,6.665000,248101
2026-05-04 17:05:00+00:00,6.665000,6.690000,6.655000,6.679900,262896
2026-05-04 17:10:00+00:00,6.675000,6.700000,6.675000,6.695000,220321
2026-05-04 17:15:00+00:00,6.710000,6.750000,6.690000,6.740000,388321
2026-05-04 17:20:00+00:00,6.739900,6.750000,6.730000,6.735000,166163
2026-05-04 17:25:00+00:00,6.735000,6.750000,6.730000,6.750000,194845
2026-05-04 17:30:00+00:00,6.745000,6.750000,6.690000,6.695000,288795
2026-05-04 17:35:00+00:00,6.690100,6.700000,6.680000,6.700000,241953
2026-05-04 17:40:00+00:00,6.700100,6.720000,6.700000,6.720000,143717
2026-05-04 17:45:00+00:00,6.715000,6.720000,6.700000,6.705000,110143
2026-05-04 17:50:00+00:00,6.705000,6.710000,6.700000,6.705000,84225
2026-05-04 17:55:00+00:00,6.705000,6.720000,6.680000,6.680000,144159
2026-05-04 18:00:00+00:00,6.680100,6.700000,6.670000,6.690000,169719
2026-05-04 18:05:00+00:00,6.690000,6.690000,6.660000,6.665000,74021
2026-05-04 18:10:00+00:00,6.665000,6.680000,6.660000,6.679900,123435
2026-05-04 18:15:00+00:00,6.680000,6.710000,6.670100,6.710000,105162
2026-05-04 18:20:00+00:00,6.705000,6.740000,6.700000,6.735000,159542
2026-05-04 18:25:00+00:00,6.730200,6.750000,6.715000,6.750000,221178
2026-05-04 18:30:00+00:00,6.753500,6.770000,6.740000,6.742500,120176
2026-05-04 18:35:00+00:00,6.745000,6.750000,6.735000,6.740000,100410
2026-05-04 18:40:00+00:00,6.740000,6.740000,6.720000,6.735000,153803
2026-05-04 18:45:00+00:00,6.740000,6.740000,6.730000,6.735000,89288
2026-05-04 18:50:00+00:00,6.730000,6.735000,6.700000,6.705000,91185
2026-05-04 18:55:00+00:00,6.705000,6.740000,6.700000,6.735000,95234
2026-05-04 19:00:00+00:00,6.730000,6.740000,6.703300,6.715000,86221
2026-05-04 19:05:00+00:00,6.710000,6.730000,6.700000,6.715000,184319
2026-05-04 19:10:00+00:00,6.720000,6.720000,6.680000,6.680000,151101
2026-05-04 19:15:00+00:00,6.690000,6.690000,6.640000,6.645000,86421
2026-05-04 19:20:00+00:00,6.645000,6.650000,6.620000,6.625000,132764
2026-05-04 19:25:00+00:00,6.625000,6.630000,6.600000,6.625000,246726
2026-05-04 19:30:00+00:00,6.620000,6.640000,6.610000,6.625000,268137
2026-05-04 19:35:00+00:00,6.625000,6.635000,6.620000,6.625000,140161
2026-05-04 19:40:00+00:00,6.630000,6.670000,6.625000,6.660000,227635
2026-05-04 19:45:00+00:00,6.665000,6.690000,6.660000,6.685000,220756
2026-05-04 19:50:00+00:00,6.690000,6.725000,6.680000,6.725000,412946
2026-05-04 19:55:00+00:00,6.720000,6.740000,6.685000,6.685000,1058582
2026-05-05 13:30:00+00:00,6.650000,6.700000,6.520000,6.540000,882249
2026-05-05 13:35:00+00:00,6.540000,6.547300,6.385000,6.395000,565907
2026-05-05 13:40:00+00:00,6.395000,6.400000,6.330000,6.335000,526793
2026-05-05 13:45:00+00:00,6.331800,6.370000,6.290000,6.355000,495932
2026-05-05 13:50:00+00:00,6.360000,6.360000,6.301000,6.315000,283907
2026-05-05 13:55:00+00:00,6.320000,6.360000,6.305000,6.330000,160629
2026-05-05 14:00:00+00:00,6.310000,6.355000,6.290000,6.350000,231017
2026-05-05 14:05:00+00:00,6.355000,6.370000,6.340000,6.355000,125051
2026-05-05 14:10:00+00:00,6.352500,6.365000,6.330000,6.335000,142237
2026-05-05 14:15:00+00:00,6.335000,6.400000,6.325000,6.390000,287436
2026-05-05 14:20:00+00:00,6.399800,6.460000,6.399800,6.450000,276695
2026-05-05 14:25:00+00:00,6.445000,6.450000,6.405000,6.415000,142266
2026-05-05 14:30:00+00:00,6.415000,6.450000,6.410000,6.440100,184937
2026-05-05 14:35:00+00:00,6.440000,6.460000,6.410000,6.425000,157159
2026-05-05 14:40:00+00:00,6.430000,6.430000,6.415000,6.425000,104063
2026-05-05 14:45:00+00:00,6.430000,6.430000,6.390000,6.399900,150244
2026-05-05 14:50:00+00:00,6.390000,6.420000,6.375000,6.410000,155548
2026-05-05 14:55:00+00:00,6.410000,6.410000,6.390000,6.390000,179838
2026-05-05 15:00:00+00:00,6.395000,6.405000,6.375000,6.385000,105008
2026-05-05 15:05:00+00:00,6.385000,6.405000,6.375000,6.390100,83023
2026-05-05 15:10:00+00:00,6.399300,6.400000,6.370000,6.375000,70563
2026-05-05 15:15:00+00:00,6.365000,6.380000,6.350000,6.350000,114588
2026-05-05 15:20:00+00:00,6.359900,6.360000,6.320000,6.320000,99155
2026-05-05 15:25:00+00:00,6.310000,6.350000,6.310000,6.345000,182000
2026-05-05 15:30:00+00:00,6.345000,6.360000,6.320000,6.320000,113146
2026-05-05 15:35:00+00:00,6.325300,6.340000,6.320000,6.330000,121448
2026-05-05 15:40:00+00:00,6.335000,6.340000,6.320000,6.330000,78253
2026-05-05 15:45:00+00:00,6.330000,6.336200,6.310000,6.329900,93172
2026-05-05 15:50:00+00:00,6.325000,6.335000,6.310000,6.330000,130651
2026-05-05 15:55:00+00:00,6.340000,6.360000,6.330100,6.345000,187972
2026-05-05 16:00:00+00:00,6.349500,6.360000,6.345000,6.355000,94522
2026-05-05 16:05:00+00:00,6.355000,6.360000,6.345000,6.355000,109101
2026-05-05 16:10:00+00:00,6.355000,6.360000,6.340000,6.345000,172965
2026-05-05 16:15:00+00:00,6.345000,6.348800,6.310000,6.314500,213306
2026-05-05 16:20:00+00:00,6.314200,6.340000,6.300000,6.325000,201511
2026-05-05 16:25:00+00:00,6.325000,6.349300,6.315000,6.335000,111427
2026-05-05 16:30:00+00:00,6.335000,6.340000,6.320000,6.325000,88426
2026-05-05 16:35:00+00:00,6.320000,6.335000,6.320000,6.330000,59798
2026-05-05 16:40:00+00:00,6.320000,6.330000,6.300000,6.310000,176923
2026-05-05 16:45:00+00:00,6.315000,6.319900,6.300000,6.305000,91616
2026-05-05 16:50:00+00:00,6.300000,6.320000,6.300000,6.310000,91712
2026-05-05 16:55:00+00:00,6.305000,6.310000,6.300000,6.300000,87664
2026-05-05 17:00:00+00:00,6.305000,6.310000,6.300000,6.300000,74417
2026-05-05 17:05:00+00:00,6.305000,6.305000,6.250000,6.260000,353287
2026-05-05 17:10:00+00:00,6.255000,6.270000,6.250000,6.270000,120324
2026-05-05 17:15:00+00:00,6.265000,6.280000,6.250000,6.269900,162005
2026-05-05 17:20:00+00:00,6.269900,6.270000,6.260000,6.265000,102576
2026-05-05 17:25:00+00:00,6.265000,6.275000,6.250000,6.265000,164341
2026-05-05 17:30:00+00:00,6.265000,6.265000,6.210000,6.210000,254194
2026-05-05 17:35:00+00:00,6.215000,6.220000,6.200000,6.215000,228749
2026-05-05 17:40:00+00:00,6.215000,6.230000,6.210000,6.228500,143398
2026-05-05 17:45:00+00:00,6.225000,6.235000,6.220000,6.225000,130746
2026-05-05 17:50:00+00:00,6.225000,6.240000,6.220000,6.240000,92025
2026-05-05 17:55:00+00:00,6.245000,6.250000,6.230000,6.235000,73575
2026-05-05 18:00:00+00:00,6.235000,6.250000,6.230000,6.245000,174058
2026-05-05 18:05:00+00:00,6.242500,6.250000,6.230000,6.250000,134772
2026-05-05 18:10:00+00:00,6.249900,6.279900,6.240100,6.265000,221177
2026-05-05 18:15:00+00:00,6.270000,6.275000,6.260000,6.260100,174551
2026-05-05 18:20:00+00:00,6.260000,6.290000,6.260000,6.285000,177984
2026-05-05 18:25:00+00:00,6.280100,6.290000,6.270000,6.280000,173080
2026-05-05 18:30:00+00:00,6.280000,6.280000,6.260000,6.269900,101160
2026-05-05 18:35:00+00:00,6.265000,6.280000,6.260000,6.265000,80566
2026-05-05 18:40:00+00:00,6.265100,6.265100,6.245000,6.255000,143266
2026-05-05 18:45:00+00:00,6.255000,6.280000,6.255000,6.270000,126992
2026-05-05 18:50:00+00:00,6.270000,6.285000,6.260000,6.270000,160280
2026-05-05 18:55:00+00:00,6.270000,6.280000,6.250000,6.255000,230885
2026-05-05 19:00:00+00:00,6.255000,6.270000,6.250000,6.270000,141582
2026-05-05 19:05:00+00:00,6.270000,6.275000,6.260000,6.265000,89241
2026-05-05 19:10:00+00:00,6.265000,6.280000,6.220000,6.220000,239807
2026-05-05 19:15:00+00:00,6.220000,6.245000,6.220000,6.225000,204547
2026-05-05 19:20:00+00:00,6.220000,6.226500,6.210000,6.215000,151955
2026-05-05 19:25:00+00:00,6.215000,6.220000,6.182600,6.209900,381248
2026-05-05 19:30:00+00:00,6.205000,6.225000,6.200000,6.205000,214098
2026-05-05 19:35:00+00:00,6.210000,6.260000,6.205000,6.230000,399804
2026-05-05 19:40:00+00:00,6.229900,6.240000,6.220000,6.230000,220621
2026-05-05 19:45:00+00:00,6.225000,6.250000,6.220000,6.235000,298466
2026-05-05 19:50:00+00:00,6.240000,6.255000,6.230000,6.235000,446656
2026-05-05 19:55:00+00:00,6.235000,6.270000,6.210000,6.255000,906589
2026-05-06 13:30:00+00:00,5.850000,6.070000,5.720000,6.028900,2845294
2026-05-06 13:35:00+00:00,6.030000,6.115000,6.010100,6.110000,554116
2026-05-06 13:40:00+00:00,6.100900,6.190000,6.098200,6.160000,663027
2026-05-06 13:45:00+00:00,6.160000,6.199900,6.070000,6.085000,376664
2026-05-06 13:50:00+00:00,6.085000,6.100000,6.040000,6.050700,314691
2026-05-06 13:55:00+00:00,6.055000,6.060000,5.940000,5.999900,735046
2026-05-06 14:00:00+00:00,5.990000,6.010000,5.940000,6.000000,305426
2026-05-06 14:05:00+00:00,5.996500,6.030000,5.980000,6.010000,209370
2026-05-06 14:10:00+00:00,6.010000,6.047500,5.965000,6.040000,247527
2026-05-06 14:15:00+00:00,6.040000,6.060000,6.035000,6.059800,199644
2026-05-06 14:20:00+00:00,6.055000,6.110000,6.045000,6.090100,372314
2026-05-06 14:25:00+00:00,6.095000,6.120000,6.060000,6.070000,248729
2026-05-06 14:30:00+00:00,6.065100,6.085000,6.025000,6.045000,304804
2026-05-06 14:35:00+00:00,6.040100,6.050000,6.020100,6.030000,124146
2026-05-06 14:40:00+00:00,6.036500,6.070000,6.016600,6.020000,342806
2026-05-06 14:45:00+00:00,6.020000,6.020000,5.920000,5.930000,437286
2026-05-06 14:50:00+00:00,5.930000,5.939900,5.910000,5.919900,233971
2026-05-06 14:55:00+00:00,5.915000,5.945000,5.890000,5.900000,278424
2026-05-06 15:00:00+00:00,5.895000,5.910000,5.870000,5.885000,344298
2026-05-06 15:05:00+00:00,5.890000,5.920000,5.860000,5.905000,394263
2026-05-06 15:10:00+00:00,5.905000,5.930000,5.900000,5.915000,317970
2026-05-06 15:15:00+00:00,5.918600,5.950000,5.910000,5.948000,294431
2026-05-06 15:20:00+00:00,5.950000,5.950000,5.922500,5.925000,212493
2026-05-06 15:25:00+00:00,5.925000,5.945000,5.905000,5.939900,361414
2026-05-06 15:30:00+00:00,5.935000,5.940000,5.910000,5.920100,183930
2026-05-06 15:35:00+00:00,5.930000,5.930000,5.900000,5.909900,223365
2026-05-06 15:40:00+00:00,5.910000,5.929900,5.900000,5.929900,198220
2026-05-06 15:45:00+00:00,5.925000,5.970000,5.920100,5.965000,173580
2026-05-06 15:50:00+00:00,5.970000,5.980000,5.960000,5.965000,225350
2026-05-06 15:55:00+00:00,5.965000,5.980000,5.960000,5.960000,129952
2026-05-06 16:00:00+00:00,5.965000,5.970000,5.950000,5.960000,101403
2026-05-06 16:05:00+00:00,5.955000,5.970000,5.945000,5.945000,180140
2026-05-06 16:10:00+00:00,5.945000,5.950000,5.915000,5.920000,198760
2026-05-06 16:15:00+00:00,5.920000,5.940000,5.900000,5.935000,231994
2026-05-06 16:20:00+00:00,5.935000,5.960000,5.935000,5.960000,188430
2026-05-06 16:25:00+00:00,5.955000,5.980000,5.930000,5.970000,384221
2026-05-06 16:30:00+00:00,5.980000,6.010000,5.970000,5.980000,497692
2026-05-06 16:35:00+00:00,5.990000,6.050000,5.990000,6.030000,490190
2026-05-06 16:40:00+00:00,6.029700,6.045000,6.010000,6.025000,181996
2026-05-06 16:45:00+00:00,6.020000,6.050000,6.000000,6.045000,221791
2026-05-06 16:50:00+00:00,6.050000,6.060000,6.035000,6.045000,319213
2026-05-06 16:55:00+00:00,6.040000,6.055000,6.040000,6.045000,117933
2026-05-06 17:00:00+00:00,6.045000,6.100000,6.045000,6.095000,218997
2026-05-06 17:05:00+00:00,6.093500,6.170000,6.070000,6.165000,340080
2026-05-06 17:10:00+00:00,6.165000,6.200000,6.150000,6.180000,390241
2026-05-06 17:15:00+00:00,6.190000,6.210000,6.150100,6.160000,217653
2026-05-06 17:20:00+00:00,6.165000,6.195000,6.165000,6.170100,142297
2026-05-06 17:25:00+00:00,6.170000,6.200000,6.160000,6.198000,224077
2026-05-06 17:30:00+00:00,6.200000,6.220000,6.170100,6.215000,262397
2026-05-06 17:35:00+00:00,6.219800,6.240000,6.150100,6.155000,263859
2026-05-06 17:40:00+00:00,6.155000,6.190000,6.150000,6.190000,307022
2026-05-06 17:45:00+00:00,6.190000,6.210000,6.185000,6.210000,168865
2026-05-06 17:50:00+00:00,6.205000,6.210000,6.160000,6.165000,193085
2026-05-06 17:55:00+00:00,6.170000,6.170000,6.130000,6.135000,311366
2026-05-06 18:00:00+00:00,6.139900,6.139900,6.105000,6.125000,209795
2026-05-06 18:05:00+00:00,6.125000,6.140000,6.110000,6.129700,241378
2026-05-06 18:10:00+00:00,6.120000,6.140000,6.120000,6.135000,151198
2026-05-06 18:15:00+00:00,6.135000,6.140000,6.115000,6.125000,188540
2026-05-06 18:20:00+00:00,6.125000,6.130000,6.120000,6.120000,76163
2026-05-06 18:25:00+00:00,6.125000,6.160000,6.120000,6.155000,203531
2026-05-06 18:30:00+00:00,6.150000,6.160000,6.140000,6.140000,141618
2026-05-06 18:35:00+00:00,6.145000,6.160000,6.130000,6.140000,183336
2026-05-06 18:40:00+00:00,6.135000,6.145000,6.120100,6.125000,104979
2026-05-06 18:45:00+00:00,6.120000,6.150000,6.110000,6.120000,181843
2026-05-06 18:50:00+00:00,6.115000,6.130000,6.115000,6.130000,152660
2026-05-06 18:55:00+00:00,6.130000,6.160000,6.115000,6.129900,226606
2026-05-06 19:00:00+00:00,6.130000,6.130000,6.110000,6.130000,98148
2026-05-06 19:05:00+00:00,6.120000,6.130000,6.105000,6.125000,241950
2026-05-06 19:10:00+00:00,6.128600,6.129400,6.100000,6.115000,248368
2026-05-06 19:15:00+00:00,6.120000,6.120000,6.095000,6.095000,264430
2026-05-06 19:20:00+00:00,6.095000,6.100000,6.070000,6.070000,177533
2026-05-06 19:25:00+00:00,6.077800,6.080000,6.030000,6.070000,362564
2026-05-06 19:30:00+00:00,6.060000,6.090000,6.060000,6.085000,198686
2026-05-06 19:35:00+00:00,6.080000,6.100000,6.060000,6.065000,279639
2026-05-06 19:40:00+00:00,6.065000,6.120000,6.065000,6.109900,611075
2026-05-06 19:45:00+00:00,6.109900,6.120000,6.100000,6.105000,181113
2026-05-06 19:50:00+00:00,6.105000,6.140000,6.105000,6.130000,436251
2026-05-06 19:55:00+00:00,6.130000,6.210000,6.120100,6.210000,1070630
2026-05-07 13:30:00+00:00,6.220000,6.260000,6.160000,6.200000,632678
2026-05-07 13:35:00+00:00,6.205000,6.205000,6.060100,6.110000,242186
2026-05-07 13:40:00+00:00,6.110000,6.120000,6.021000,6.025000,239926
2026-05-07 13:45:00+00:00,6.030000,6.049900,6.010000,6.020000,232104
2026-05-07 13:50:00+00:00,6.030000,6.030000,6.010000,6.015000,182213
2026-05-07 13:55:00+00:00,6.020000,6.030000,5.990000,6.005000,470655
2026-05-07 14:00:00+00:00,6.004300,6.020000,5.970000,5.985400,347987
2026-05-07 14:05:00+00:00,5.989900,5.999900,5.960000,5.965000,234484
2026-05-07 14:10:00+00:00,5.965000,6.009900,5.965000,6.000100,194965
2026-05-07 14:15:00+00:00,6.000000,6.000000,5.940000,5.975000,243806
2026-05-07 14:20:00+00:00,5.965000,6.000000,5.960000,5.965000,207863
2026-05-07 14:25:00+00:00,5.965000,5.980000,5.955000,5.965000,192075
2026-05-07 14:30:00+00:00,5.965000,5.990000,5.965000,5.985000,221475
2026-05-07 14:35:00+00:00,5.985000,6.010000,5.985000,6.000000,256373
2026-05-07 14:40:00+00:00,6.000000,6.000000,5.975000,5.995000,230110
2026-05-07 14:45:00+00:00,6.000000,6.000000,5.955000,5.955000,207729
2026-05-07 14:50:00+00:00,5.955000,5.980000,5.940000,5.980000,361237
2026-05-07 14:55:00+00:00,5.980000,6.000000,5.980000,5.989900,193492
2026-05-07 15:00:00+00:00,5.985000,6.000000,5.970000,5.995000,276102
2026-05-07 15:05:00+00:00,5.996600,6.030000,5.980400,6.020000,279178
2026-05-07 15:10:00+00:00,6.025000,6.040000,5.990000,6.009900,245423
2026-05-07 15:15:00+00:00,6.005000,6.030000,6.005000,6.015100,209981
2026-05-07 15:20:00+00:00,6.015000,6.080000,6.015000,6.075000,291322
2026-05-07 15:25:00+00:00,6.075000,6.090000,6.075000,6.085000,170226
2026-05-07 15:30:00+00:00,6.085000,6.100000,6.075000,6.099300,195240
2026-05-07 15:35:00+00:00,6.092600,6.130000,6.090000,6.120000,362665
2026-05-07 15:40:00+00:00,6.120000,6.149900,6.100000,6.139900,224511
2026-05-07 15:45:00+00:00,6.140000,6.140000,6.115000,6.115000,257550
2026-05-07 15:50:00+00:00,6.115000,6.130000,6.080000,6.105000,136277
2026-05-07 15:55:00+00:00,6.105000,6.105000,6.080000,6.080000,120068
2026-05-07 16:00:00+00:00,6.085000,6.090000,6.050000,6.075000,172553
2026-05-07 16:05:00+00:00,6.070000,6.075000,6.050000,6.070000,113515
2026-05-07 16:10:00+00:00,6.070000,6.070000,6.050000,6.055000,86201
2026-05-07 16:15:00+00:00,6.060000,6.060000,6.025000,6.025000,113687
2026-05-07 16:20:00+00:00,6.020000,6.050000,6.015000,6.050000,100120
2026-05-07 16:25:00+00:00,6.055000,6.070000,6.050000,6.065000,122538
2026-05-07 16:30:00+00:00,6.070000,6.079900,6.055000,6.070000,87737
2026-05-07 16:35:00+00:00,6.075000,6.080000,6.050000,6.050000,78739
2026-05-07 16:40:00+00:00,6.050000,6.060000,6.040000,6.055000,49458
2026-05-07 16:45:00+00:00,6.050000,6.050000,6.035000,6.045000,81812
2026-05-07 16:50:00+00:00,6.045000,6.065000,6.045000,6.060000,88725
2026-05-07 16:55:00+00:00,6.065000,6.070000,6.040000,6.055000,51601
2026-05-07 17:00:00+00:00,6.055000,6.070000,6.045000,6.055000,88268
2026-05-07 17:05:00+00:00,6.060000,6.075000,6.050000,6.055000,65285
2026-05-07 17:10:00+00:00,6.055000,6.055000,6.030000,6.045000,50049
2026-05-07 17:15:00+00:00,6.040000,6.040000,6.015000,6.015000,63278
2026-05-07 17:20:00+00:00,6.015000,6.045000,6.010000,6.038400,77118
2026-05-07 17:25:00+00:00,6.039700,6.040000,5.990000,6.000000,200384
2026-05-07 17:30:00+00:00,6.000000,6.029900,5.985000,6.025000,143401
2026-05-07 17:35:00+00:00,6.030000,6.045000,6.020000,6.035600,99765
2026-05-07 17:40:00+00:00,6.040000,6.050000,6.020000,6.025000,79444
2026-05-07 17:45:00+00:00,6.025000,6.050000,6.025000,6.035000,74709
2026-05-07 17:50:00+00:00,6.039900,6.060000,6.035000,6.045000,66014
2026-05-07 17:55:00+00:00,6.049900,6.065000,6.040000,6.060000,48555
2026-05-07 18:00:00+00:00,6.060000,6.060000,6.040000,6.060000,78041
2026-05-07 18:05:00+00:00,6.070000,6.070000,6.050000,6.055000,88444
2026-05-07 18:10:00+00:00,6.050000,6.069900,6.030100,6.030100,111917
2026-05-07 18:15:00+00:00,6.039700,6.070000,6.020000,6.060100,256266
2026-05-07 18:20:00+00:00,6.060100,6.070000,6.048600,6.050000,112143
2026-05-07 18:25:00+00:00,6.050100,6.050100,6.015000,6.025000,134690
2026-05-07 18:30:00+00:00,6.020100,6.060000,6.015000,6.040000,152920
2026-05-07 18:35:00+00:00,6.045000,6.050000,6.020000,6.030000,103611
2026-05-07 18:40:00+00:00,6.030000,6.030000,6.005000,6.010000,95835
2026-05-07 18:45:00+00:00,6.010000,6.015000,6.000000,6.005000,74301
2026-05-07 18:50:00+00:00,6.000000,6.015000,6.000000,6.015000,98515
2026-05-07 18:55:00+00:00,6.010200,6.020000,6.000000,6.015000,137032
2026-05-07 19:00:00+00:00,6.020000,6.020000,6.000000,6.005000,104303
2026-05-07 19:05:00+00:00,6.005000,6.010000,5.990000,5.995000,95146
2026-05-07 19:10:00+00:00,5.995000,6.000000,5.980000,5.989700,118960
2026-05-07 19:15:00+00:00,5.980000,5.990000,5.975000,5.975000,84602
2026-05-07 19:20:00+00:00,5.970700,5.995000,5.970700,5.985000,113190
2026-05-07 19:25:00+00:00,5.985000,5.990000,5.970000,5.975000,198646
2026-05-07 19:30:00+00:00,5.980000,6.000000,5.975000,5.986800,138338
2026-05-07 19:35:00+00:00,5.990000,6.007500,5.985000,6.000000,177664
2026-05-07 19:40:00+00:00,5.995000,6.000000,5.975000,5.979900,233999
2026-05-07 19:45:00+00:00,5.979800,5.990000,5.970000,5.970100,151901
2026-05-07 19:50:00+00:00,5.980000,6.009900,5.978000,5.993500,461814
2026-05-07 19:55:00+00:00,5.990000,6.065000,5.990000,6.060000,1072774
2026-05-08 13:30:00+00:00,6.040000,6.100000,5.979900,6.072500,491379
2026-05-08 13:35:00+00:00,6.075000,6.100000,6.050000,6.055000,164419
2026-05-08 13:40:00+00:00,6.050100,6.060000,6.015000,6.035000,137624
2026-05-08 13:45:00+00:00,6.035000,6.040000,6.010000,6.020000,58238
2026-05-08 13:50:00+00:00,6.015000,6.049900,5.990000,5.990000,156663
2026-05-08 13:55:00+00:00,5.990100,6.010000,5.965000,5.980000,153321
2026-05-08 14:00:00+00:00,5.980000,6.045000,5.980000,6.040000,118508
2026-05-08 14:05:00+00:00,6.039000,6.060000,6.035000,6.055000,228288
2026-05-08 14:10:00+00:00,6.059900,6.100000,6.055000,6.085000,352801
2026-05-08 14:15:00+00:00,6.085000,6.100000,6.060100,6.100000,197001
2026-05-08 14:20:00+00:00,6.099900,6.170000,6.090000,6.165000,479783
2026-05-08 14:25:00+00:00,6.165000,6.185000,6.120000,6.120000,257085
2026-05-08 14:30:00+00:00,6.127500,6.149900,6.110000,6.125000,147324
2026-05-08 14:35:00+00:00,6.130000,6.160000,6.120000,6.155000,86640
2026-05-08 14:40:00+00:00,6.155000,6.160000,6.130000,6.135000,105877
2026-05-08 14:45:00+00:00,6.135000,6.150000,6.130000,6.145000,63561
2026-05-08 14:50:00+00:00,6.145000,6.250000,6.140100,6.245000,427505
2026-05-08 14:55:00+00:00,6.249900,6.280000,6.230100,6.235000,263188
2026-05-08 15:00:00+00:00,6.240000,6.315000,6.240000,6.285000,287728
2026-05-08 15:05:00+00:00,6.290000,6.315000,6.280000,6.288700,168383
2026-05-08 15:10:00+00:00,6.280100,6.300000,6.245000,6.285000,180961
2026-05-08 15:15:00+00:00,6.285000,6.310000,6.280000,6.285000,204368
2026-05-08 15:20:00+00:00,6.280000,6.305000,6.260000,6.270000,185394
2026-05-08 15:25:00+00:00,6.269900,6.280000,6.250000,6.270000,150338
2026-05-08 15:30:00+00:00,6.269900,6.290000,6.260000,6.280100,189336
2026-05-08 15:35:00+00:00,6.290000,6.310000,6.280000,6.299100,177372
2026-05-08 15:40:00+00:00,6.300000,6.300000,6.290000,6.300000,93435
2026-05-08 15:45:00+00:00,6.300000,6.345000,6.295000,6.328600,376291
2026-05-08 15:50:00+00:00,6.329900,6.330000,6.280000,6.285000,114408
2026-05-08 15:55:00+00:00,6.290000,6.290000,6.260000,6.270000,73378
2026-05-08 16:00:00+00:00,6.265000,6.280000,6.265000,6.274900,90705
2026-05-08 16:05:00+00:00,6.275000,6.280000,6.270000,6.270100,92827
2026-05-08 16:10:00+00:00,6.270100,6.285000,6.270000,6.280000,57788
2026-05-08 16:15:00+00:00,6.275000,6.280000,6.225000,6.230000,257612
2026-05-08 16:20:00+00:00,6.235000,6.260000,6.235000,6.260000,69523
2026-05-08 16:25:00+00:00,6.259900,6.265000,6.250000,6.260000,73349
2026-05-08 16:30:00+00:00,6.250100,6.255000,6.235000,6.235000,128670
2026-05-08 16:35:00+00:00,6.235000,6.255000,6.234500,6.245000,77126
2026-05-08 16:40:00+00:00,6.240000,6.250000,6.230000,6.235000,75427
2026-05-08 16:45:00+00:00,6.235000,6.245000,6.230000,6.235000,34204
2026-05-08 16:50:00+00:00,6.235000,6.240000,6.230000,6.235000,22375
2026-05-08 16:55:00+00:00,6.235000,6.240000,6.220000,6.225000,85210
2026-05-08 17:00:00+00:00,6.225000,6.240000,6.220000,6.240000,80765
2026-05-08 17:05:00+00:00,6.235000,6.270000,6.230000,6.265000,61034
2026-05-08 17:10:00+00:00,6.270000,6.270000,6.240000,6.250000,149812
2026-05-08 17:15:00+00:00,6.250000,6.285000,6.240000,6.280000,185098
2026-05-08 17:20:00+00:00,6.280000,6.280000,6.250000,6.251000,165840
2026-05-08 17:25:00+00:00,6.255000,6.280000,6.250000,6.280000,33690
2026-05-08 17:30:00+00:00,6.280000,6.285000,6.270100,6.275000,51442
2026-05-08 17:35:00+00:00,6.275000,6.290000,6.270100,6.280000,45095
2026-05-08 17:40:00+00:00,6.275000,6.290000,6.270000,6.285000,54408
2026-05-08 17:45:00+00:00,6.285000,6.296400,6.272500,6.295000,85230
2026-05-08 17:50:00+00:00,6.300000,6.300000,6.280000,6.295000,77429
2026-05-08 17:55:00+00:00,6.299800,6.320000,6.280000,6.280000,232192
2026-05-08 18:00:00+00:00,6.290000,6.330000,6.285000,6.330000,106000
2026-05-08 18:05:00+00:00,6.325300,6.335000,6.310000,6.310100,91075
2026-05-08 18:10:00+00:00,6.310000,6.310000,6.300000,6.310000,82886
2026-05-08 18:15:00+00:00,6.310000,6.320000,6.300100,6.320000,71143
2026-05-08 18:20:00+00:00,6.315000,6.320000,6.290000,6.300000,90222
2026-05-08 18:25:00+00:00,6.295000,6.310000,6.290000,6.305000,114307
2026-05-08 18:30:00+00:00,6.305000,6.315000,6.295000,6.315000,66465
2026-05-08 18:35:00+00:00,6.310000,6.325000,6.300000,6.300000,58224
2026-05-08 18:40:00+00:00,6.296500,6.300000,6.270000,6.275000,128937
2026-05-08 18:45:00+00:00,6.275000,6.289900,6.270000,6.285000,113674
2026-05-08 18:50:00+00:00,6.285000,6.305000,6.280000,6.285000,68315
2026-05-08 18:55:00+00:00,6.285000,6.295000,6.242000,6.245000,155881
2026-05-08 19:00:00+00:00,6.245000,6.275000,6.245000,6.270000,150506
2026-05-08 19:05:00+00:00,6.270000,6.300000,6.269900,6.300000,37999
2026-05-08 19:10:00+00:00,6.300000,6.310000,6.290000,6.295000,263193
2026-05-08 19:15:00+00:00,6.295000,6.320000,6.290000,6.310000,93573
2026-05-08 19:20:00+00:00,6.320000,6.350000,6.310900,6.335000,190670
2026-05-08 19:25:00+00:00,6.335000,6.350000,6.300000,6.305000,176667
2026-05-08 19:30:00+00:00,6.305000,6.330000,6.300000,6.319900,184999
2026-05-08 19:35:00+00:00,6.320000,6.350000,6.315000,6.335000,238294
2026-05-08 19:40:00+00:00,6.335000,6.335000,6.320000,6.325000,116042
2026-05-08 19:45:00+00:00,6.325000,6.330000,6.300000,6.315000,123605
2026-05-08 19:50:00+00:00,6.320000,6.330000,6.310000,6.325000,141316
2026-05-08 19:55:00+00:00,6.325000,6.370000,6.320000,6.340000,884153
2026-05-11 13:30:00+00:00,6.220000,6.220000,6.080000,6.110000,1005067
2026-05-11 13:35:00+00:00,6.100000,6.120000,6.050000,6.070000,273481
2026-05-11 13:40:00+00:00,6.070000,6.110000,6.020000,6.029800,337608
2026-05-11 13:45:00+00:00,6.030000,6.050000,5.982000,6.008900,585310
2026-05-11 13:50:00+00:00,6.000000,6.055000,6.000000,6.037500,194342
2026-05-11 13:55:00+00:00,6.030000,6.050000,6.000000,6.030000,175076
2026-05-11 14:00:00+00:00,6.030000,6.060000,5.980000,5.985000,233530
2026-05-11 14:05:00+00:00,5.985000,5.990000,5.950000,5.969900,378177
2026-05-11 14:10:00+00:00,5.970000,6.000000,5.960000,5.995000,223242
2026-05-11 14:15:00+00:00,5.995000,6.000000,5.965000,5.979200,191306
2026-05-11 14:20:00+00:00,5.979900,6.000000,5.970000,5.999700,113247
2026-05-11 14:25:00+00:00,5.999900,6.010000,5.955000,5.955000,230856
2026-05-11 14:30:00+00:00,5.955000,5.969900,5.910000,5.910000,408034
2026-05-11 14:35:00+00:00,5.910000,5.920000,5.880000,5.910000,414385
2026-05-11 14:40:00+00:00,5.910000,5.910000,5.880000,5.880000,300008
2026-05-11 14:45:00+00:00,5.885000,5.890000,5.845000,5.855000,353196
2026-05-11 14:50:00+00:00,5.860000,5.860000,5.840000,5.855000,237686
2026-05-11 14:55:00+00:00,5.850000,5.860000,5.830000,5.838600,320481
2026-05-11 15:00:00+00:00,5.835000,5.900000,5.830000,5.900000,385003
2026-05-11 15:05:00+00:00,5.890100,5.915000,5.890000,5.890000,288528
2026-05-11 15:10:00+00:00,5.885000,5.899900,5.870000,5.875000,166194
2026-05-11 15:15:00+00:00,5.875000,5.880000,5.860000,5.870000,175860
2026-05-11 15:20:00+00:00,5.870000,5.880000,5.860000,5.865000,145190
2026-05-11 15:25:00+00:00,5.865000,5.940000,5.850000,5.930000,281359
2026-05-11 15:30:00+00:00,5.925000,5.930000,5.895000,5.895000,164729
2026-05-11 15:35:00+00:00,5.890000,5.935000,5.890000,5.925000,279026
2026-05-11 15:40:00+00:00,5.930000,5.930000,5.910000,5.930000,168652
2026-05-11 15:45:00+00:00,5.920000,5.940000,5.910000,5.920000,252761
2026-05-11 15:50:00+00:00,5.920000,5.920000,5.900000,5.910000,156434
2026-05-11 15:55:00+00:00,5.910000,5.935000,5.900000,5.930000,137685
2026-05-11 16:00:00+00:00,5.935000,5.940000,5.925000,5.939900,121483
2026-05-11 16:05:00+00:00,5.939900,5.955000,5.930000,5.935000,304680
2026-05-11 16:10:00+00:00,5.935000,5.950000,5.935000,5.949900,84100
2026-05-11 16:15:00+00:00,5.947400,5.990000,5.945000,5.980000,264630
2026-05-11 16:20:00+00:00,5.979800,5.995000,5.970000,5.985000,197403
2026-05-11 16:25:00+00:00,5.980000,6.010000,5.975000,6.005000,237695
2026-05-11 16:30:00+00:00,6.010000,6.015000,5.990000,5.990000,129001
2026-05-11 16:35:00+00:00,5.995000,5.995000,5.960000,5.965000,147814
2026-05-11 16:40:00+00:00,5.960200,5.975000,5.930000,5.940000,157982
2026-05-11 16:45:00+00:00,5.935000,5.960000,5.920000,5.935000,197133
2026-05-11 16:50:00+00:00,5.935000,5.940000,5.920100,5.930000,148724
2026-05-11 16:55:00+00:00,5.929900,5.930000,5.920000,5.920100,67509
2026-05-11 17:00:00+00:00,5.925000,5.930000,5.880000,5.885000,224289
2026-05-11 17:05:00+00:00,5.885000,5.900000,5.870200,5.899900,229863
2026-05-11 17:10:00+00:00,5.895000,5.925000,5.890000,5.925000,333959
2026-05-11 17:15:00+00:00,5.920100,5.925000,5.900000,5.920000,327551
2026-05-11 17:20:00+00:00,5.920000,5.980000,5.915000,5.975000,215885
2026-05-11 17:25:00+00:00,5.970000,5.980000,5.960000,5.965000,216498
2026-05-11 17:30:00+00:00,5.970000,5.995000,5.970000,5.995000,147041
2026-05-11 17:35:00+00:00,5.995000,6.000000,5.982500,6.000000,190498
2026-05-11 17:40:00+00:00,5.995000,6.040000,5.982700,6.030300,186775
2026-05-11 17:45:00+00:00,6.032500,6.065100,6.032500,6.065000,190296
2026-05-11 17:50:00+00:00,6.065000,6.070000,6.040000,6.040000,174306
2026-05-11 17:55:00+00:00,6.045000,6.060000,6.030000,6.030000,148766
2026-05-11 18:00:00+00:00,6.035000,6.090000,6.030100,6.075000,210725
2026-05-11 18:05:00+00:00,6.075000,6.130000,6.070000,6.115000,387067
2026-05-11 18:10:00+00:00,6.115000,6.130000,6.110000,6.120000,189371
2026-05-11 18:15:00+00:00,6.130000,6.150000,6.120000,6.141100,219195
2026-05-11 18:20:00+00:00,6.145000,6.170000,6.110000,6.115000,226991
2026-05-11 18:25:00+00:00,6.120000,6.120000,6.070000,6.080000,261409
2026-05-11 18:30:00+00:00,6.080100,6.090000,6.075000,6.075000,56376
2026-05-11 18:35:00+00:00,6.075000,6.088600,6.050700,6.050700,113371
2026-05-11 18:40:00+00:00,6.060000,6.080000,6.055000,6.060100,107094
2026-05-11 18:45:00+00:00,6.070000,6.100000,6.069900,6.085000,95573
2026-05-11 18:50:00+00:00,6.085000,6.090000,6.065000,6.075000,130853
2026-05-11 18:55:00+00:00,6.075000,6.095000,6.040000,6.051000,198359
2026-05-11 19:00:00+00:00,6.050000,6.088600,6.050000,6.075000,163377
2026-05-11 19:05:00+00:00,6.070000,6.088900,6.070000,6.075000,113256
2026-05-11 19:10:00+00:00,6.080000,6.110000,6.074900,6.090000,293633
2026-05-11 19:15:00+00:00,6.095000,6.100000,6.060000,6.060000,149292
2026-05-11 19:20:00+00:00,6.060000,6.070000,6.030000,6.035000,105412
2026-05-11 19:25:00+00:00,6.035000,6.035000,5.990000,5.995000,235066
2026-05-11 19:30:00+00:00,5.999900,6.010000,5.990000,6.000000,179895
2026-05-11 19:35:00+00:00,6.007500,6.020000,6.000000,6.015000,178084
2026-05-11 19:40:00+00:00,6.010000,6.020000,6.005000,6.005000,83865
2026-05-11 19:45:00+00:00,6.005000,6.010000,5.980000,5.995000,340066
2026-05-11 19:50:00+00:00,5.995000,6.010000,5.990000,6.000100,314893
2026-05-11 19:55:00+00:00,6.005000,6.040000,6.005000,6.025000,765581
2026-05-12 13:30:00+00:00,5.980000,6.130000,5.970000,6.000000,782954
2026-05-12 13:35:00+00:00,6.005000,6.020000,5.960000,6.000000,143025
2026-05-12 13:40:00+00:00,6.005000,6.035000,6.005000,6.015000,111680
2026-05-12 13:45:00+00:00,6.020000,6.057300,5.975000,5.975000,244992
2026-05-12 13:50:00+00:00,5.975000,5.990000,5.960000,5.990000,102163
2026-05-12 13:55:00+00:00,5.990000,5.995000,5.940000,5.940000,229805
2026-05-12 14:00:00+00:00,5.945000,5.990000,5.945000,5.980000,426919
2026-05-12 14:05:00+00:00,5.970000,6.005000,5.965000,6.005000,148076
2026-05-12 14:10:00+00:00,6.010000,6.010000,5.980000,5.985000,80588
2026-05-12 14:15:00+00:00,5.980000,6.010000,5.960000,6.010000,363445
2026-05-12 14:20:00+00:00,6.010000,6.020000,5.990000,6.001400,83628
2026-05-12 14:25:00+00:00,6.010000,6.010000,5.970000,5.990000,84816
2026-05-12 14:30:00+00:00,5.985000,5.990000,5.950000,5.960000,143533
2026-05-12 14:35:00+00:00,5.960000,6.000000,5.950300,5.990000,192930
2026-05-12 14:40:00+00:00,5.990000,6.010000,5.980000,5.993300,163246
2026-05-12 14:45:00+00:00,5.995000,5.995000,5.920000,5.935000,326054
2026-05-12 14:50:00+00:00,5.930100,5.969900,5.890000,5.950000,223568
2026-05-12 14:55:00+00:00,5.949900,5.960000,5.912500,5.920000,135227
2026-05-12 15:00:00+00:00,5.925000,5.940000,5.910000,5.925000,175884
2026-05-12 15:05:00+00:00,5.925000,5.930000,5.910000,5.930000,63014
2026-05-12 15:10:00+00:00,5.929800,5.929800,5.895000,5.900000,133413
2026-05-12 15:15:00+00:00,5.895000,5.910000,5.890000,5.910000,157159
2026-05-12 15:20:00+00:00,5.905000,5.910000,5.880000,5.885000,163218
2026-05-12 15:25:00+00:00,5.885000,5.920000,5.885000,5.910000,102390
2026-05-12 15:30:00+00:00,5.910000,5.940000,5.910000,5.935000,118435
2026-05-12 15:35:00+00:00,5.935000,5.960000,5.930000,5.960000,93845
2026-05-12 15:40:00+00:00,5.955000,5.970000,5.945000,5.960000,184763
2026-05-12 15:45:00+00:00,5.970000,5.980000,5.965000,5.980000,91044
2026-05-12 15:50:00+00:00,5.975000,5.980000,5.960000,5.975000,132079
2026-05-12 15:55:00+00:00,5.970000,5.980000,5.955000,5.960000,117047
2026-05-12 16:00:00+00:00,5.951200,5.980000,5.950000,5.975000,74488
2026-05-12 16:05:00+00:00,5.975000,5.980000,5.925000,5.945000,164927
2026-05-12 16:10:00+00:00,5.945000,5.970000,5.945000,5.970000,105359
2026-05-12 16:15:00+00:00,5.969900,5.979700,5.960000,5.970000,72753
2026-05-12 16:20:00+00:00,5.965000,5.975000,5.950000,5.960000,102132
2026-05-12 16:25:00+00:00,5.960000,5.969900,5.950000,5.955000,98286
2026-05-12 16:30:00+00:00,5.960000,5.960000,5.934000,5.943700,107160
2026-05-12 16:35:00+00:00,5.945000,5.950000,5.930000,5.940000,87365
2026-05-12 16:40:00+00:00,5.935000,5.945000,5.910000,5.930000,86438
2026-05-12 16:45:00+00:00,5.929300,5.929700,5.910000,5.919900,75624
2026-05-12 16:50:00+00:00,5.920000,5.930000,5.900000,5.905000,94105
2026-05-12 16:55:00+00:00,5.910000,5.920000,5.900000,5.915000,82373
2026-05-12 17:00:00+00:00,5.915000,5.940000,5.915000,5.935000,75475
2026-05-12 17:05:00+00:00,5.935000,5.950000,5.934500,5.940100,50900
2026-05-12 17:10:00+00:00,5.945000,5.980000,5.940000,5.975000,113767
2026-05-12 17:15:00+00:00,5.977500,5.995000,5.975000,5.995000,59658
2026-05-12 17:20:00+00:00,5.995000,6.010000,5.975000,5.975000,261204
2026-05-12 17:25:00+00:00,5.970100,5.995000,5.950000,5.975000,161003
2026-05-12 17:30:00+00:00,5.975000,6.000000,5.950100,5.985000,259505
2026-05-12 17:35:00+00:00,5.990000,5.990000,5.960000,5.970000,124860
2026-05-12 17:40:00+00:00,5.970000,5.990000,5.965000,5.985000,65823
2026-05-12 17:45:00+00:00,5.985000,5.985000,5.970000,5.975000,65374
2026-05-12 17:50:00+00:00,5.975000,5.990000,5.970000,5.980000,85431
2026-05-12 17:55:00+00:00,5.985000,5.990000,5.970000,5.970000,82957
2026-05-12 18:00:00+00:00,5.975000,5.990000,5.970100,5.985000,54016
2026-05-12 18:05:00+00:00,5.985000,6.000000,5.975000,5.975000,76779
2026-05-12 18:10:00+00:00,5.975000,5.990000,5.975000,5.985000,89753
2026-05-12 18:15:00+00:00,5.990000,6.000000,5.970100,5.985000,117015
2026-05-12 18:20:00+00:00,5.985000,6.000000,5.985000,5.995000,76784
2026-05-12 18:25:00+00:00,5.995000,6.000000,5.955000,5.970000,163721
2026-05-12 18:30:00+00:00,5.975000,6.019900,5.975000,6.015000,234654
2026-05-12 18:35:00+00:00,6.010000,6.029900,6.000800,6.005000,168059
2026-05-12 18:40:00+00:00,6.009700,6.020000,6.000000,6.010000,67627
2026-05-12 18:45:00+00:00,6.005000,6.020000,6.000100,6.015000,74438
2026-05-12 18:50:00+00:00,6.018000,6.020000,6.005000,6.010000,140468
2026-05-12 18:55:00+00:00,6.005000,6.015000,5.950000,5.969900,202171
2026-05-12 19:00:00+00:00,5.970000,5.985000,5.970000,5.975000,96904
2026-05-12 19:05:00+00:00,5.980000,5.990000,5.975000,5.985000,52170
2026-05-12 19:10:00+00:00,5.985000,6.000000,5.984400,5.984400,57303
2026-05-12 19:15:00+00:00,5.985000,5.990000,5.963600,5.963600,74462
2026-05-12 19:20:00+00:00,5.960700,5.980000,5.960700,5.975000,85936
2026-05-12 19:25:00+00:00,5.975000,5.980000,5.945000,5.950000,130262
2026-05-12 19:30:00+00:00,5.950100,5.990000,5.950100,5.990000,125718
2026-05-12 19:35:00+00:00,5.985000,6.005000,5.985000,5.995000,102751
2026-05-12 19:40:00+00:00,5.995000,6.000000,5.990000,5.999900,54818
2026-05-12 19:45:00+00:00,6.000000,6.000000,5.975000,5.985000,186153
2026-05-12 19:50:00+00:00,5.990000,6.020000,5.985000,6.020000,257490
2026-05-12 19:55:00+00:00,6.015000,6.025000,5.995000,6.004000,615473
2026-05-13 13:30:00+00:00,5.990000,6.090000,5.920000,5.920000,575685
2026-05-13 13:35:00+00:00,5.920700,5.950000,5.900000,5.918000,146186
2026-05-13 13:40:00+00:00,5.919700,5.930000,5.885000,5.910000,151353
2026-05-13 13:45:00+00:00,5.905000,5.920000,5.880000,5.905600,283378
2026-05-13 13:50:00+00:00,5.910000,5.930000,5.890100,5.900100,138003
2026-05-13 13:55:00+00:00,5.900100,5.928600,5.860000,5.865000,194492
2026-05-13 14:00:00+00:00,5.865000,5.875000,5.825000,5.835000,305339
2026-05-13 14:05:00+00:00,5.835000,5.875000,5.835000,5.869900,195305
2026-05-13 14:10:00+00:00,5.865000,5.890000,5.865000,5.875000,134839
2026-05-13 14:15:00+00:00,5.875000,5.880000,5.860000,5.875000,75086
2026-05-13 14:20:00+00:00,5.880000,5.915000,5.880000,5.900000,214510
2026-05-13 14:25:00+00:00,5.895000,5.940000,5.895000,5.929900,334974
2026-05-13 14:30:00+00:00,5.930000,6.020000,5.920100,6.005000,362378
2026-05-13 14:35:00+00:00,6.005000,6.060000,6.000200,6.055100,400985
2026-05-13 14:40:00+00:00,6.055000,6.120000,6.055000,6.100100,402031
2026-05-13 14:45:00+00:00,6.109900,6.220000,6.090000,6.205000,617301
2026-05-13 14:50:00+00:00,6.210000,6.295000,6.200000,6.295000,466295
2026-05-13 14:55:00+00:00,6.295000,6.350000,6.270000,6.285000,686437
2026-05-13 15:00:00+00:00,6.285000,6.390000,6.285000,6.370000,528793
2026-05-13 15:05:00+00:00,6.365000,6.390000,6.340000,6.379300,401291
2026-05-13 15:10:00+00:00,6.380000,6.490000,6.380000,6.489000,1581878
2026-05-13 15:15:00+00:00,6.485000,6.525000,6.455000,6.520000,550155
2026-05-13 15:20:00+00:00,6.511000,6.565000,6.470000,6.485000,672618
2026-05-13 15:25:00+00:00,6.485000,6.490000,6.420000,6.475000,335692
2026-05-13 15:30:00+00:00,6.475000,6.510000,6.450000,6.495000,470737
2026-05-13 15:35:00+00:00,6.500000,6.550000,6.480000,6.539100,534091
2026-05-13 15:40:00+00:00,6.533300,6.565500,6.510100,6.555100,464631
2026-05-13 15:45:00+00:00,6.560000,6.575000,6.490000,6.565000,560622
2026-05-13 15:50:00+00:00,6.560100,6.590000,6.510000,6.580000,470000
2026-05-13 15:55:00+00:00,6.560000,6.560000,6.445000,6.470000,422201
2026-05-13 16:00:00+00:00,6.470000,6.490000,6.440000,6.480000,341033
2026-05-13 16:05:00+00:00,6.480000,6.545000,6.470000,6.530200,281607
2026-05-13 16:10:00+00:00,6.535000,6.550000,6.520000,6.545000,213622
2026-05-13 16:15:00+00:00,6.545000,6.550000,6.510000,6.520000,311898
2026-05-13 16:20:00+00:00,6.510000,6.600000,6.500000,6.589900,436198
2026-05-13 16:25:00+00:00,6.585000,6.615000,6.560000,6.595000,397932
2026-05-13 16:30:00+00:00,6.595000,6.630000,6.570000,6.615000,302930
2026-05-13 16:35:00+00:00,6.615000,6.615000,6.540000,6.567500,420683
2026-05-13 16:40:00+00:00,6.565000,6.575000,6.550000,6.575000,188297
2026-05-13 16:45:00+00:00,6.580000,6.580000,6.552800,6.570000,175540
2026-05-13 16:50:00+00:00,6.570000,6.620000,6.570000,6.580000,264623
2026-05-13 16:55:00+00:00,6.585000,6.590000,6.550000,6.580100,337292
2026-05-13 17:00:00+00:00,6.580000,6.590000,6.560100,6.575000,123520
2026-05-13 17:05:00+00:00,6.575000,6.589900,6.560000,6.565000,131958
2026-05-13 17:10:00+00:00,6.570000,6.570000,6.530000,6.535000,124177
2026-05-13 17:15:00+00:00,6.530100,6.580000,6.530100,6.560100,236771
2026-05-13 17:20:00+00:00,6.565000,6.570000,6.550000,6.570000,107363
2026-05-13 17:25:00+00:00,6.560000,6.595000,6.560000,6.569900,171702
2026-05-13 17:30:00+00:00,6.565000,6.569900,6.535000,6.542500,132998
2026-05-13 17:35:00+00:00,6.545000,6.565000,6.540000,6.545000,127135
2026-05-13 17:40:00+00:00,6.540000,6.650000,6.535000,6.640000,458716
2026-05-13 17:45:00+00:00,6.645000,6.650000,6.620000,6.620100,154999
2026-05-13 17:50:00+00:00,6.625000,6.680000,6.600000,6.670100,475971
2026-05-13 17:55:00+00:00,6.670000,6.705000,6.660000,6.660100,462249
2026-05-13 18:00:00+00:00,6.665000,6.685500,6.660000,6.665000,290736
2026-05-13 18:05:00+00:00,6.665000,6.680000,6.650000,6.675000,137765
2026-05-13 18:10:00+00:00,6.675000,6.700000,6.665000,6.690100,176665
2026-05-13 18:15:00+00:00,6.699700,6.720000,6.660000,6.670000,391689
2026-05-13 18:20:00+00:00,6.660000,6.665000,6.611400,6.625000,187118
2026-05-13 18:25:00+00:00,6.625000,6.630000,6.575000,6.590000,185962
2026-05-13 18:30:00+00:00,6.585000,6.585000,6.555000,6.575000,140023
2026-05-13 18:35:00+00:00,6.575000,6.589900,6.560000,6.585000,176888
2026-05-13 18:40:00+00:00,6.590000,6.620000,6.580000,6.605000,143554
2026-05-13 18:45:00+00:00,6.600200,6.665000,6.600000,6.640100,195034
2026-05-13 18:50:00+00:00,6.640000,6.650000,6.610000,6.630000,199356
2026-05-13 18:55:00+00:00,6.625000,6.640000,6.580000,6.585000,134495
2026-05-13 19:00:00+00:00,6.585000,6.600000,6.580000,6.585000,103795
2026-05-13 19:05:00+00:00,6.585000,6.610000,6.565000,6.595000,216181
2026-05-13 19:10:00+00:00,6.595000,6.607500,6.575000,6.590000,184768
2026-05-13 19:15:00+00:00,6.585000,6.605000,6.565000,6.575000,266176
2026-05-13 19:20:00+00:00,6.575000,6.595000,6.545000,6.559000,288833
2026-05-13 19:25:00+00:00,6.550000,6.569900,6.540000,6.560000,324334
2026-05-13 19:30:00+00:00,6.555000,6.590000,6.550000,6.570000,248388
2026-05-13 19:35:00+00:00,6.555000,6.560000,6.520000,6.535000,257107
2026-05-13 19:40:00+00:00,6.535000,6.535500,6.450000,6.455000,390223
2026-05-13 19:45:00+00:00,6.459900,6.460000,6.410000,6.410000,251323
2026-05-13 19:50:00+00:00,6.410000,6.410000,6.360000,6.375000,552638
2026-05-13 19:55:00+00:00,6.370000,6.420000,6.360000,6.390000,1481395
2026-05-14 13:30:00+00:00,6.360000,6.590000,6.360000,6.420000,843075
2026-05-14 13:35:00+00:00,6.430000,6.445800,6.270000,6.275000,253674
2026-05-14 13:40:00+00:00,6.270000,6.280000,6.220000,6.245000,194185
2026-05-14 13:45:00+00:00,6.245000,6.270000,6.145000,6.192000,398417
2026-05-14 13:50:00+00:00,6.195000,6.270000,6.195000,6.265000,160605
2026-05-14 13:55:00+00:00,6.260000,6.305000,6.180000,6.200000,242769
2026-05-14 14:00:00+00:00,6.200000,6.275000,6.200000,6.260000,107964
2026-05-14 14:05:00+00:00,6.255000,6.309700,6.225000,6.289900,99613
2026-05-14 14:10:00+00:00,6.290000,6.303000,6.260000,6.290000,70391
2026-05-14 14:15:00+00:00,6.281500,6.290000,6.245000,6.245000,66741
2026-05-14 14:20:00+00:00,6.245000,6.285000,6.240000,6.285000,69705
2026-05-14 14:25:00+00:00,6.280700,6.300000,6.255000,6.260000,89675
2026-05-14 14:30:00+00:00,6.260000,6.270000,6.250000,6.260000,120682
2026-05-14 14:35:00+00:00,6.260000,6.279800,6.230000,6.240000,139399
2026-05-14 14:40:00+00:00,6.230000,6.245000,6.220000,6.230000,81407
2026-05-14 14:45:00+00:00,6.230000,6.269900,6.220700,6.269900,156791
2026-05-14 14:50:00+00:00,6.265000,6.320000,6.250100,6.285000,242880
2026-05-14 14:55:00+00:00,6.280100,6.295000,6.240000,6.245000,245416
2026-05-14 15:00:00+00:00,6.244500,6.285000,6.244500,6.255000,155518
2026-05-14 15:05:00+00:00,6.260000,6.315000,6.250000,6.290000,236856
2026-05-14 15:10:00+00:00,6.300000,6.345000,6.280000,6.335000,217489
2026-05-14 15:15:00+00:00,6.340000,6.355000,6.295000,6.339900,163492
2026-05-14 15:20:00+00:00,6.330000,6.360000,6.319900,6.355000,226357
2026-05-14 15:25:00+00:00,6.353700,6.360000,6.340000,6.340100,62406
2026-05-14 15:30:00+00:00,6.345000,6.375000,6.330000,6.375000,111711
2026-05-14 15:35:00+00:00,6.370000,6.400000,6.360000,6.390000,143276
2026-05-14 15:40:00+00:00,6.385000,6.415000,6.385000,6.385000,154546
2026-05-14 15:45:00+00:00,6.385000,6.419900,6.383700,6.390100,113688
2026-05-14 15:50:00+00:00,6.399900,6.445000,6.395000,6.425000,247934
2026-05-14 15:55:00+00:00,6.420000,6.440000,6.405000,6.405000,112259
2026-05-14 16:00:00+00:00,6.405000,6.440000,6.405000,6.435000,101740
2026-05-14 16:05:00+00:00,6.433100,6.480000,6.433100,6.462500,132945
2026-05-14 16:10:00+00:00,6.465000,6.480000,6.455000,6.475000,94710
2026-05-14 16:15:00+00:00,6.470000,6.490000,6.460000,6.465000,96529
2026-05-14 16:20:00+00:00,6.465000,6.490100,6.465000,6.485000,139071
2026-05-14 16:25:00+00:00,6.480000,6.495000,6.470000,6.480100,135062
2026-05-14 16:30:00+00:00,6.485000,6.490000,6.455000,6.475000,98564
2026-05-14 16:35:00+00:00,6.470000,6.525000,6.470000,6.520000,187307
2026-05-14 16:40:00+00:00,6.515000,6.530000,6.495000,6.520000,123031
2026-05-14 16:45:00+00:00,6.520000,6.550000,6.513400,6.540000,205147
2026-05-14 16:50:00+00:00,6.550000,6.555000,6.500000,6.505000,126550
2026-05-14 16:55:00+00:00,6.500000,6.550000,6.490000,6.545000,227261
2026-05-14 17:00:00+00:00,6.550000,6.555000,6.530000,6.545000,179480
2026-05-14 17:05:00+00:00,6.545000,6.550000,6.530000,6.542500,119799
2026-05-14 17:10:00+00:00,6.550000,6.550000,6.520000,6.520000,40096
2026-05-14 17:15:00+00:00,6.515000,6.525000,6.470000,6.515000,377709
2026-05-14 17:20:00+00:00,6.520000,6.535000,6.460000,6.460000,197981
2026-05-14 17:25:00+00:00,6.465000,6.479900,6.460000,6.466500,123037
2026-05-14 17:30:00+00:00,6.469900,6.520000,6.460100,6.510100,378357
2026-05-14 17:35:00+00:00,6.509900,6.510000,6.490000,6.510000,148239
2026-05-14 17:40:00+00:00,6.505000,6.545000,6.500000,6.535000,325915
2026-05-14 17:45:00+00:00,6.540000,6.550000,6.530000,6.545000,96802
2026-05-14 17:50:00+00:00,6.550000,6.580000,6.550000,6.570000,267380
2026-05-14 17:55:00+00:00,6.575000,6.580000,6.550000,6.560000,115908
2026-05-14 18:00:00+00:00,6.560000,6.569900,6.510000,6.515000,299851
2026-05-14 18:05:00+00:00,6.515000,6.520000,6.505000,6.505000,42027
2026-05-14 18:10:00+00:00,6.505000,6.550000,6.500000,6.545000,239909
2026-05-14 18:15:00+00:00,6.545000,6.550000,6.535000,6.540000,52212
2026-05-14 18:20:00+00:00,6.540000,6.560000,6.520000,6.525000,128097
2026-05-14 18:25:00+00:00,6.525000,6.530000,6.435000,6.450000,203231
2026-05-14 18:30:00+00:00,6.450000,6.450000,6.420000,6.420000,133391
2026-05-14 18:35:00+00:00,6.425000,6.430000,6.355000,6.390100,195084
2026-05-14 18:40:00+00:00,6.394800,6.395000,6.320000,6.345000,168417
2026-05-14 18:45:00+00:00,6.345000,6.359900,6.310000,6.311400,88450
2026-05-14 18:50:00+00:00,6.315000,6.340000,6.310200,6.339900,178239
2026-05-14 18:55:00+00:00,6.340000,6.370000,6.310100,6.330000,176976
2026-05-14 19:00:00+00:00,6.340000,6.345000,6.325000,6.335000,115823
2026-05-14 19:05:00+00:00,6.339900,6.375000,6.335000,6.365000,157025
2026-05-14 19:10:00+00:00,6.365000,6.405000,6.355000,6.360000,459683
2026-05-14 19:15:00+00:00,6.363300,6.410000,6.360000,6.393700,164418
2026-05-14 19:20:00+00:00,6.390000,6.395000,6.325000,6.335000,219398
2026-05-14 19:25:00+00:00,6.330000,6.330000,6.290000,6.295000,148153
2026-05-14 19:30:00+00:00,6.296500,6.349900,6.295000,6.345000,224025
2026-05-14 19:35:00+00:00,6.345000,6.370000,6.345000,6.365000,76077
2026-05-14 19:40:00+00:00,6.365000,6.365000,6.320000,6.325000,119770
2026-05-14 19:45:00+00:00,6.330000,6.330000,6.302000,6.310000,142119
2026-05-14 19:50:00+00:00,6.310000,6.310000,6.280000,6.285000,195386
2026-05-14 19:55:00+00:00,6.285000,6.305000,6.260000,6.270000,1011144
2026-05-15 13:30:00+00:00,6.125000,6.138900,5.975000,6.030000,934633
2026-05-15 13:35:00+00:00,6.028000,6.040000,6.000000,6.017200,193117
2026-05-15 13:40:00+00:00,6.015000,6.060000,5.995000,5.995000,302209
2026-05-15 13:45:00+00:00,5.990000,6.030000,5.975000,6.015900,336492
2026-05-15 13:50:00+00:00,6.010000,6.020000,5.965000,5.968000,331718
2026-05-15 13:55:00+00:00,5.965000,5.970000,5.920000,5.930000,525959
2026-05-15 14:00:00+00:00,5.935000,5.970000,5.915000,5.947000,507681
2026-05-15 14:05:00+00:00,5.949900,5.950000,5.900000,5.930100,411550
2026-05-15 14:10:00+00:00,5.935000,5.980000,5.935000,5.975000,265790
2026-05-15 14:15:00+00:00,5.975000,6.000000,5.975000,5.975000,276966
2026-05-15 14:20:00+00:00,5.975000,5.990000,5.965000,5.975000,146524
2026-05-15 14:25:00+00:00,5.970000,5.980000,5.960000,5.975000,135770
2026-05-15 14:30:00+00:00,5.980000,6.000000,5.975000,5.995000,142109
2026-05-15 14:35:00+00:00,6.000000,6.020000,5.990000,6.015000,125189
2026-05-15 14:40:00+00:00,6.015000,6.020000,5.995000,5.995000,87481
2026-05-15 14:45:00+00:00,5.995000,6.009700,5.975000,5.985000,209151
2026-05-15 14:50:00+00:00,5.990000,6.000000,5.980000,5.995000,110954
2026-05-15 14:55:00+00:00,6.000000,6.000000,5.960000,5.965000,67958
2026-05-15 15:00:00+00:00,5.965000,5.980000,5.955000,5.965000,131902
2026-05-15 15:05:00+00:00,5.965000,5.980000,5.950000,5.980000,50418
2026-05-15 15:10:00+00:00,5.975000,5.990000,5.960000,5.989900,111705
2026-05-15 15:15:00+00:00,5.985000,5.988000,5.970000,5.975000,26460
2026-05-15 15:20:00+00:00,5.980000,6.000000,5.970000,5.977000,108712
2026-05-15 15:25:00+00:00,5.975000,5.980000,5.965000,5.979900,58084
2026-05-15 15:30:00+00:00,5.975000,6.020000,5.975000,6.005000,268277
2026-05-15 15:35:00+00:00,6.005000,6.020000,6.000100,6.010000,56626
2026-05-15 15:40:00+00:00,6.009800,6.010000,5.990100,5.999900,82883
2026-05-15 15:45:00+00:00,6.000000,6.010000,5.990000,6.000000,52011
2026-05-15 15:50:00+00:00,6.005000,6.005000,5.980000,5.989900,42004
2026-05-15 15:55:00+00:00,5.985000,6.010000,5.985000,6.000000,68410
2026-05-15 16:00:00+00:00,6.000000,6.010000,5.995000,5.995000,55341
2026-05-15 16:05:00+00:00,5.995000,6.020000,5.994500,6.015000,61435
2026-05-15 16:10:00+00:00,6.015000,6.029900,6.000000,6.025000,119469
2026-05-15 16:15:00+00:00,6.025000,6.025000,6.005000,6.005000,52131
2026-05-15 16:20:00+00:00,6.005000,6.030000,6.005000,6.025000,82522
2026-05-15 16:25:00+00:00,6.025000,6.025000,6.005000,6.005000,44069
2026-05-15 16:30:00+00:00,6.009900,6.020000,6.009900,6.015000,53527
2026-05-15 16:35:00+00:00,6.010100,6.030000,6.005000,6.020000,122122
2026-05-15 16:40:00+00:00,6.020000,6.020000,6.000000,6.015000,146711
2026-05-15 16:45:00+00:00,6.015000,6.050000,6.015000,6.049900,49687
2026-05-15 16:50:00+00:00,6.045000,6.050000,6.030100,6.040000,84763
2026-05-15 16:55:00+00:00,6.040000,6.070000,6.040000,6.065000,111436
2026-05-15 17:00:00+00:00,6.060100,6.080100,6.060100,6.080000,88692
2026-05-15 17:05:00+00:00,6.075000,6.080000,6.060000,6.075000,61870
2026-05-15 17:10:00+00:00,6.080000,6.090000,6.079900,6.089800,74640
2026-05-15 17:15:00+00:00,6.085000,6.090000,6.075000,6.075000,59646
2026-05-15 17:20:00+00:00,6.076500,6.080000,6.060100,6.080000,94032
2026-05-15 17:25:00+00:00,6.075000,6.078300,6.060000,6.065000,64762
2026-05-15 17:30:00+00:00,6.070000,6.110000,6.069900,6.110000,179135
2026-05-15 17:35:00+00:00,6.110000,6.120000,6.090000,6.117500,308059
2026-05-15 17:40:00+00:00,6.115000,6.115000,6.100000,6.105000,50919
2026-05-15 17:45:00+00:00,6.105000,6.120000,6.100100,6.105000,128667
2026-05-15 17:50:00+00:00,6.110000,6.120000,6.100000,6.110100,120616
2026-05-15 17:55:00+00:00,6.115000,6.120000,6.100000,6.100000,50579
2026-05-15 18:00:00+00:00,6.100000,6.120000,6.100000,6.110000,61358
2026-05-15 18:05:00+00:00,6.110000,6.110000,6.080000,6.080700,88230
2026-05-15 18:10:00+00:00,6.080100,6.100000,6.080000,6.080000,50968
2026-05-15 18:15:00+00:00,6.085000,6.090000,6.060100,6.060100,62014
2026-05-15 18:20:00+00:00,6.065000,6.080000,6.050000,6.070000,216295
2026-05-15 18:25:00+00:00,6.060000,6.080000,6.040000,6.049900,154003
2026-05-15 18:30:00+00:00,6.045000,6.075000,6.040700,6.055000,186723
2026-05-15 18:35:00+00:00,6.055000,6.090000,6.055000,6.075000,89822
2026-05-15 18:40:00+00:00,6.075000,6.090000,6.070000,6.090000,177859
2026-05-15 18:45:00+00:00,6.095000,6.095000,6.070100,6.075000,56415
2026-05-15 18:50:00+00:00,6.075900,6.090000,6.075000,6.089900,68408
2026-05-15 18:55:00+00:00,6.085000,6.100000,6.030000,6.050000,188190
2026-05-15 19:00:00+00:00,6.050000,6.060000,6.040000,6.055000,86406
2026-05-15 19:05:00+00:00,6.055000,6.070000,6.050000,6.060000,78618
2026-05-15 19:10:00+00:00,6.070000,6.095000,6.060000,6.075000,178760
2026-05-15 19:15:00+00:00,6.075100,6.100000,6.070000,6.095000,67396
2026-05-15 19:20:00+00:00,6.095000,6.100000,6.050000,6.050000,119645
2026-05-15 19:25:00+00:00,6.055000,6.060000,6.040000,6.045000,84948
2026-05-15 19:30:00+00:00,6.045000,6.075000,6.030000,6.030000,151292
2026-05-15 19:35:00+00:00,6.038200,6.048000,6.030000,6.035000,84050
2026-05-15 19:40:00+00:00,6.030000,6.040000,6.015000,6.015000,86734
2026-05-15 19:45:00+00:00,6.015000,6.029900,6.010000,6.010000,157216
2026-05-15 19:50:00+00:00,6.020000,6.030000,6.010000,6.022100,196979
2026-05-15 19:55:00+00:00,6.025000,6.070000,5.990000,6.045000,929530
2026-05-18 13:30:00+00:00,6.030000,6.040000,5.885000,5.885000,707363
2026-05-18 13:35:00+00:00,5.880000,5.900000,5.810000,5.825000,420271
2026-05-18 13:40:00+00:00,5.825000,5.850000,5.780000,5.790000,586905
2026-05-18 13:45:00+00:00,5.785000,5.830000,5.780000,5.800000,290971
2026-05-18 13:50:00+00:00,5.799700,5.820000,5.780000,5.789000,389226
2026-05-18 13:55:00+00:00,5.780000,5.800000,5.750000,5.755000,542867
2026-05-18 14:00:00+00:00,5.755000,5.760000,5.720000,5.735000,444839
2026-05-18 14:05:00+00:00,5.735000,5.790000,5.720000,5.787600,364190
2026-05-18 14:10:00+00:00,5.790000,5.810000,5.760000,5.770000,254450
2026-05-18 14:15:00+00:00,5.765000,5.810000,5.760000,5.775000,243961
2026-05-18 14:20:00+00:00,5.780000,5.780000,5.740000,5.749900,307861
2026-05-18 14:25:00+00:00,5.750000,5.755000,5.735000,5.750000,180154
2026-05-18 14:30:00+00:00,5.740100,5.760000,5.730000,5.739900,188857
2026-05-18 14:35:00+00:00,5.730000,5.735000,5.700000,5.730000,398974
2026-05-18 14:40:00+00:00,5.720000,5.725000,5.700000,5.715000,241626
2026-05-18 14:45:00+00:00,5.719900,5.719900,5.670000,5.680100,511820
2026-05-18 14:50:00+00:00,5.685000,5.710000,5.685000,5.695000,251983
2026-05-18 14:55:00+00:00,5.700000,5.710000,5.690000,5.700000,153040
2026-05-18 15:00:00+00:00,5.709200,5.710000,5.685000,5.700000,182958
2026-05-18 15:05:00+00:00,5.695000,5.700000,5.670000,5.670000,207956
2026-05-18 15:10:00+00:00,5.665000,5.690000,5.650000,5.685000,212228
2026-05-18 15:15:00+00:00,5.688600,5.700000,5.665000,5.669300,139264
2026-05-18 15:20:00+00:00,5.669900,5.690000,5.665000,5.680200,170358
2026-05-18 15:25:00+00:00,5.687700,5.715000,5.680000,5.690000,221944
2026-05-18 15:30:00+00:00,5.695000,5.700000,5.680000,5.699900,128154
2026-05-18 15:35:00+00:00,5.695000,5.715000,5.690000,5.709700,202637
2026-05-18 15:40:00+00:00,5.709900,5.719900,5.680000,5.680000,148641
2026-05-18 15:45:00+00:00,5.685000,5.690000,5.670100,5.675000,148722
2026-05-18 15:50:00+00:00,5.675000,5.680000,5.660000,5.675000,209352
2026-05-18 15:55:00+00:00,5.675000,5.690000,5.670000,5.670000,121313
2026-05-18 16:00:00+00:00,5.675000,5.680000,5.660000,5.680000,194679
2026-05-18 16:05:00+00:00,5.680000,5.680000,5.660000,5.670000,138425
2026-05-18 16:10:00+00:00,5.660000,5.680000,5.660000,5.679900,240323
2026-05-18 16:15:00+00:00,5.675800,5.700000,5.675000,5.699900,207416
2026-05-18 16:20:00+00:00,5.695000,5.710000,5.670100,5.675000,182001
2026-05-18 16:25:00+00:00,5.675000,5.680000,5.650000,5.655000,295071
2026-05-18 16:30:00+00:00,5.660000,5.680000,5.640000,5.675000,271294
2026-05-18 16:35:00+00:00,5.670000,5.680000,5.660000,5.669900,145275
2026-05-18 16:40:00+00:00,5.665000,5.675000,5.655000,5.665000,149794
2026-05-18 16:45:00+00:00,5.665000,5.670000,5.660000,5.665000,66829
2026-05-18 16:50:00+00:00,5.665000,5.700000,5.660100,5.695000,140227
2026-05-18 16:55:00+00:00,5.690100,5.705000,5.675000,5.680000,124888
2026-05-18 17:00:00+00:00,5.685000,5.700000,5.670000,5.695000,81306
2026-05-18 17:05:00+00:00,5.699700,5.720000,5.690000,5.705000,164596
2026-05-18 17:10:00+00:00,5.710000,5.719900,5.695000,5.700000,91331
2026-05-18 17:15:00+00:00,5.710000,5.730000,5.705000,5.715000,101421
2026-05-18 17:20:00+00:00,5.715000,5.720000,5.700100,5.705000,83976
2026-05-18 17:25:00+00:00,5.705000,5.710000,5.690000,5.692600,72733
2026-05-18 17:30:00+00:00,5.695000,5.710000,5.690000,5.690300,123451
2026-05-18 17:35:00+00:00,5.691200,5.710000,5.690000,5.705000,100458
2026-05-18 17:40:00+00:00,5.709900,5.720000,5.700000,5.720000,77227
2026-05-18 17:45:00+00:00,5.715000,5.720000,5.700000,5.720000,48417
2026-05-18 17:50:00+00:00,5.710000,5.719900,5.703400,5.715000,77156
2026-05-18 17:55:00+00:00,5.715000,5.740000,5.715000,5.740000,109121
2026-05-18 18:00:00+00:00,5.740000,5.750000,5.730000,5.735000,107690
2026-05-18 18:05:00+00:00,5.735000,5.740000,5.720700,5.735000,98244
2026-05-18 18:10:00+00:00,5.730100,5.740000,5.725000,5.735000,49758
2026-05-18 18:15:00+00:00,5.735000,5.740000,5.710100,5.710100,65049
2026-05-18 18:20:00+00:00,5.710000,5.720000,5.695000,5.705000,196097
2026-05-18 18:25:00+00:00,5.705000,5.705000,5.670000,5.695000,220399
2026-05-18 18:30:00+00:00,5.690100,5.709900,5.685000,5.700000,90747
2026-05-18 18:35:00+00:00,5.705000,5.710000,5.700000,5.705000,60720
2026-05-18 18:40:00+00:00,5.705000,5.710000,5.700000,5.705000,88116
2026-05-18 18:45:00+00:00,5.705000,5.720000,5.700000,5.710000,68385
2026-05-18 18:50:00+00:00,5.705000,5.715000,5.695000,5.700000,72140
2026-05-18 18:55:00+00:00,5.690000,5.710000,5.685000,5.690000,82822
2026-05-18 19:00:00+00:00,5.700000,5.800000,5.700000,5.757500,250217
2026-05-18 19:05:00+00:00,5.760000,5.765000,5.740000,5.749900,83875
2026-05-18 19:10:00+00:00,5.740000,5.755000,5.730000,5.730100,108741
2026-05-18 19:15:00+00:00,5.735000,5.750000,5.715000,5.729300,97930
2026-05-18 19:20:00+00:00,5.725000,5.730000,5.710000,5.714500,95765
2026-05-18 19:25:00+00:00,5.715000,5.720000,5.700000,5.705000,171157
2026-05-18 19:30:00+00:00,5.700100,5.720000,5.700000,5.705000,189099
2026-05-18 19:35:00+00:00,5.710000,5.720000,5.700000,5.700000,122727
2026-05-18 19:40:00+00:00,5.705000,5.720000,5.700000,5.715000,208925
2026-05-18 19:45:00+00:00,5.720000,5.735000,5.712300,5.729800,276583
2026-05-18 19:50:00+00:00,5.730000,5.760000,5.720100,5.755200,325734
2026-05-18 19:55:00+00:00,5.750000,5.760000,5.710000,5.735000,730495
2026-05-19 13:30:00+00:00,5.695000,5.710000,5.610000,5.625000,623613
2026-05-19 13:35:00+00:00,5.629900,5.680000,5.615000,5.660000,200213
2026-05-19 13:40:00+00:00,5.660000,5.660000,5.630000,5.645000,135758
2026-05-19 13:45:00+00:00,5.645000,5.700000,5.635000,5.690000,164141
2026-05-19 13:50:00+00:00,5.685000,5.690000,5.665000,5.690000,98674
2026-05-19 13:55:00+00:00,5.690000,5.700000,5.650000,5.660000,147555
2026-05-19 14:00:00+00:00,5.650000,5.655000,5.600000,5.649900,340529
2026-05-19 14:05:00+00:00,5.650000,5.660000,5.610000,5.615000,209355
2026-05-19 14:10:00+00:00,5.615000,5.640000,5.610000,5.610000,158450
2026-05-19 14:15:00+00:00,5.605000,5.640000,5.600000,5.635000,132222
2026-05-19 14:20:00+00:00,5.635000,5.645000,5.620000,5.629900,155143
2026-05-19 14:25:00+00:00,5.630000,5.640000,5.610000,5.625000,157262
2026-05-19 14:30:00+00:00,5.626700,5.650000,5.620000,5.635000,245147
2026-05-19 14:35:00+00:00,5.630000,5.660000,5.630000,5.651100,144494
2026-05-19 14:40:00+00:00,5.650000,5.670000,5.630000,5.640000,138417
2026-05-19 14:45:00+00:00,5.635000,5.649900,5.620000,5.630000,172150
2026-05-19 14:50:00+00:00,5.635000,5.645000,5.630000,5.635000,104628
2026-05-19 14:55:00+00:00,5.635000,5.650000,5.630000,5.647300,91336
2026-05-19 15:00:00+00:00,5.645000,5.650000,5.630000,5.645000,73875
2026-05-19 15:05:00+00:00,5.641400,5.645000,5.630000,5.640000,85102
2026-05-19 15:10:00+00:00,5.640000,5.650000,5.630000,5.645000,154312
2026-05-19 15:15:00+00:00,5.645000,5.649700,5.600000,5.600000,126020
2026-05-19 15:20:00+00:00,5.600000,5.620000,5.600000,5.600000,169788
2026-05-19 15:25:00+00:00,5.610000,5.620000,5.600000,5.615000,104478
2026-05-19 15:30:00+00:00,5.615000,5.630000,5.615000,5.630000,84021
2026-05-19 15:35:00+00:00,5.625000,5.640000,5.610000,5.635000,89382
2026-05-19 15:40:00+00:00,5.635000,5.640000,5.620100,5.625000,67404
2026-05-19 15:45:00+00:00,5.625000,5.630000,5.620000,5.630000,73338
2026-05-19 15:50:00+00:00,5.625000,5.630000,5.600000,5.600000,100173
2026-05-19 15:55:00+00:00,5.600000,5.620000,5.600000,5.605000,105105
2026-05-19 16:00:00+00:00,5.605000,5.640000,5.605000,5.635000,163173
2026-05-19 16:05:00+00:00,5.630000,5.630000,5.600000,5.600000,86687
2026-05-19 16:10:00+00:00,5.600000,5.605100,5.590000,5.595000,159365
2026-05-19 16:15:00+00:00,5.595000,5.610000,5.590000,5.609900,175517
2026-05-19 16:20:00+00:00,5.600000,5.610000,5.590000,5.599100,128948
2026-05-19 16:25:00+00:00,5.600000,5.610000,5.590000,5.590000,147858
2026-05-19 16:30:00+00:00,5.590000,5.609900,5.590000,5.600100,111070
2026-05-19 16:35:00+00:00,5.600100,5.610000,5.595000,5.608900,141608
2026-05-19 16:40:00+00:00,5.605000,5.629900,5.605000,5.629900,102106
2026-05-19 16:45:00+00:00,5.625000,5.630000,5.615000,5.615000,53241
2026-05-19 16:50:00+00:00,5.615000,5.640000,5.615000,5.629800,80821
2026-05-19 16:55:00+00:00,5.625000,5.639900,5.623200,5.625000,56183
2026-05-19 17:00:00+00:00,5.623400,5.630000,5.620000,5.628600,60639
2026-05-19 17:05:00+00:00,5.625000,5.667300,5.620000,5.660000,124025
2026-05-19 17:10:00+00:00,5.660000,5.660000,5.650000,5.655000,95722
2026-05-19 17:15:00+00:00,5.660000,5.669900,5.640000,5.645000,189090
2026-05-19 17:20:00+00:00,5.645000,5.655000,5.640000,5.650000,54206
2026-05-19 17:25:00+00:00,5.645000,5.650000,5.640000,5.650000,40740
2026-05-19 17:30:00+00:00,5.645000,5.680000,5.645000,5.655000,95441
2026-05-19 17:35:00+00:00,5.655000,5.665000,5.650000,5.655000,87598
2026-05-19 17:40:00+00:00,5.655000,5.665000,5.650000,5.659700,33902
2026-05-19 17:45:00+00:00,5.655000,5.660000,5.635000,5.640000,182914
2026-05-19 17:50:00+00:00,5.645000,5.649900,5.620000,5.635000,101550
2026-05-19 17:55:00+00:00,5.635000,5.660000,5.630000,5.660000,148674
2026-05-19 18:00:00+00:00,5.655000,5.670000,5.650000,5.655000,67424
2026-05-19 18:05:00+00:00,5.650000,5.660000,5.640000,5.650000,42272
2026-05-19 18:10:00+00:00,5.650000,5.660000,5.630000,5.635000,39052
2026-05-19 18:15:00+00:00,5.635000,5.659900,5.630000,5.655000,60031
2026-05-19 18:20:00+00:00,5.650000,5.670000,5.650000,5.655000,80715
2026-05-19 18:25:00+00:00,5.659900,5.660000,5.645000,5.645000,64144
2026-05-19 18:30:00+00:00,5.645000,5.670000,5.645000,5.665000,224369
2026-05-19 18:35:00+00:00,5.665000,5.680000,5.660000,5.665000,137731
2026-05-19 18:40:00+00:00,5.665000,5.670000,5.650000,5.659900,173940
2026-05-19 18:45:00+00:00,5.655000,5.660000,5.645000,5.655000,156633
2026-05-19 18:50:00+00:00,5.650000,5.650000,5.620000,5.630000,175488
2026-05-19 18:55:00+00:00,5.630000,5.640000,5.625000,5.635000,122674
2026-05-19 19:00:00+00:00,5.635000,5.660000,5.635000,5.645000,181469
2026-05-19 19:05:00+00:00,5.649900,5.650000,5.635000,5.650000,161599
2026-05-19 19:10:00+00:00,5.650000,5.655000,5.630000,5.635000,87211
2026-05-19 19:15:00+00:00,5.635000,5.640000,5.625000,5.625000,72423
2026-05-19 19:20:00+00:00,5.625000,5.630000,5.610000,5.610100,73230
2026-05-19 19:25:00+00:00,5.620000,5.620000,5.600800,5.605000,95498
2026-05-19 19:30:00+00:00,5.605000,5.620000,5.600000,5.605000,163341
2026-05-19 19:35:00+00:00,5.600000,5.610000,5.600000,5.605000,69668
2026-05-19 19:40:00+00:00,5.600000,5.610000,5.600000,5.605000,86674
2026-05-19 19:45:00+00:00,5.605000,5.610000,5.600000,5.605000,93211
2026-05-19 19:50:00+00:00,5.605000,5.610000,5.590000,5.590000,275345
2026-05-19 19:55:00+00:00,5.595000,5.635000,5.590000,5.615000,931632
2026-05-20 13:30:00+00:00,5.665000,5.680000,5.575000,5.575500,396760
2026-05-20 13:35:00+00:00,5.579700,5.660000,5.560000,5.650100,192488
2026-05-20 13:40:00+00:00,5.655000,5.670000,5.605000,5.605000,145328
2026-05-20 13:45:00+00:00,5.605000,5.680000,5.605000,5.630000,93436
2026-05-20 13:50:00+00:00,5.635000,5.650000,5.620000,5.630000,128634
2026-05-20 13:55:00+00:00,5.630000,5.650000,5.620000,5.630000,132115
2026-05-20 14:00:00+00:00,5.635000,5.729900,5.635000,5.670000,198368
2026-05-20 14:05:00+00:00,5.679900,5.700000,5.655000,5.670500,221078
2026-05-20 14:10:00+00:00,5.670100,5.680000,5.635000,5.650000,113485
2026-05-20 14:15:00+00:00,5.645000,5.710000,5.630100,5.670000,170512
2026-05-20 14:20:00+00:00,5.669900,5.675000,5.640000,5.645000,134544
2026-05-20 14:25:00+00:00,5.645000,5.680000,5.640000,5.670000,107584
2026-05-20 14:30:00+00:00,5.665000,5.700000,5.665000,5.672500,66847
2026-05-20 14:35:00+00:00,5.675000,5.710000,5.670000,5.680000,126472
2026-05-20 14:40:00+00:00,5.679900,5.705000,5.670000,5.690000,92469
2026-05-20 14:45:00+00:00,5.685000,5.714800,5.682600,5.710000,95432
2026-05-20 14:50:00+00:00,5.709900,5.710000,5.690000,5.695000,87233
2026-05-20 14:55:00+00:00,5.700000,5.710000,5.690100,5.690100,49262
2026-05-20 15:00:00+00:00,5.690000,5.700000,5.685000,5.690000,69333
2026-05-20 15:05:00+00:00,5.690100,5.710000,5.670100,5.685000,106190
2026-05-20 15:10:00+00:00,5.685000,5.685000,5.665000,5.675600,77382
2026-05-20 15:15:00+00:00,5.680000,5.720000,5.665000,5.695000,145521
2026-05-20 15:20:00+00:00,5.690000,5.700000,5.680300,5.700000,59906
2026-05-20 15:25:00+00:00,5.699300,5.700000,5.680000,5.685900,35242
2026-05-20 15:30:00+00:00,5.685000,5.695000,5.680000,5.685000,87802
2026-05-20 15:35:00+00:00,5.685000,5.689900,5.665000,5.665000,96556
2026-05-20 15:40:00+00:00,5.665000,5.670000,5.650000,5.660100,41011
2026-05-20 15:45:00+00:00,5.660100,5.670000,5.660000,5.670000,40024
2026-05-20 15:50:00+00:00,5.670000,5.680000,5.665000,5.679900,70567
2026-05-20 15:55:00+00:00,5.680000,5.700000,5.675000,5.695000,61801
2026-05-20 16:00:00+00:00,5.700000,5.700000,5.680100,5.685000,51120
2026-05-20 16:05:00+00:00,5.685000,5.739800,5.685000,5.735000,231589
2026-05-20 16:10:00+00:00,5.735000,5.735000,5.720000,5.720000,108226
2026-05-20 16:15:00+00:00,5.725000,5.730000,5.710000,5.715000,67335
2026-05-20 16:20:00+00:00,5.710000,5.719900,5.690000,5.710000,113201
2026-05-20 16:25:00+00:00,5.700000,5.710000,5.690000,5.705000,139232
2026-05-20 16:30:00+00:00,5.705000,5.770000,5.700000,5.755000,348564
2026-05-20 16:35:00+00:00,5.750000,5.750000,5.730000,5.739900,92843
2026-05-20 16:40:00+00:00,5.740000,5.750000,5.730000,5.745000,78465
2026-05-20 16:45:00+00:00,5.745000,5.750000,5.720000,5.730100,116666
2026-05-20 16:50:00+00:00,5.735000,5.740000,5.720000,5.730000,57205
2026-05-20 16:55:00+00:00,5.725000,5.740000,5.700100,5.735000,132535
2026-05-20 17:00:00+00:00,5.730000,5.739900,5.720000,5.735000,137854
2026-05-20 17:05:00+00:00,5.730000,5.740000,5.705000,5.705000,38260
2026-05-20 17:10:00+00:00,5.710000,5.730000,5.700000,5.729900,99582
2026-05-20 17:15:00+00:00,5.725000,5.740000,5.720100,5.735000,104783
2026-05-20 17:20:00+00:00,5.735000,5.740000,5.720100,5.735000,67223
2026-05-20 17:25:00+00:00,5.735000,5.780000,5.735000,5.745000,164764
2026-05-20 17:30:00+00:00,5.749900,5.750000,5.730000,5.740000,52348
2026-05-20 17:35:00+00:00,5.741000,5.760000,5.740000,5.745000,72666
2026-05-20 17:40:00+00:00,5.745000,5.745000,5.725000,5.730000,48642
2026-05-20 17:45:00+00:00,5.727200,5.730000,5.715000,5.725000,70556
2026-05-20 17:50:00+00:00,5.725000,5.730000,5.715000,5.715000,40929
2026-05-20 17:55:00+00:00,5.710000,5.720000,5.680000,5.680000,193939
2026-05-20 18:00:00+00:00,5.685000,5.689900,5.660000,5.680000,142792
2026-05-20 18:05:00+00:00,5.675000,5.690000,5.670000,5.680100,106847
2026-05-20 18:10:00+00:00,5.685000,5.715000,5.680000,5.700000,236581
2026-05-20 18:15:00+00:00,5.700000,5.720000,5.695000,5.709900,49283
2026-05-20 18:20:00+00:00,5.710000,5.710000,5.700000,5.705000,52568
2026-05-20 18:25:00+00:00,5.705000,5.710000,5.690100,5.705000,104645
2026-05-20 18:30:00+00:00,5.705000,5.720000,5.700000,5.710000,65453
2026-05-20 18:35:00+00:00,5.709900,5.710000,5.690000,5.695000,57024
2026-05-20 18:40:00+00:00,5.695000,5.719900,5.695000,5.705000,88022
2026-05-20 18:45:00+00:00,5.705000,5.720000,5.695000,5.720000,75538
2026-05-20 18:50:00+00:00,5.715000,5.720000,5.700000,5.700000,44300
2026-05-20 18:55:00+00:00,5.700000,5.710000,5.690000,5.705000,189005
2026-05-20 19:00:00+00:00,5.710000,5.715000,5.695000,5.695000,46340
2026-05-20 19:05:00+00:00,5.695000,5.699800,5.675000,5.685000,96583
2026-05-20 19:10:00+00:00,5.690000,5.705000,5.680000,5.695000,464079
2026-05-20 19:15:00+00:00,5.695000,5.710000,5.690000,5.690300,87992
2026-05-20 19:20:00+00:00,5.690000,5.720000,5.685000,5.695000,210746
2026-05-20 19:25:00+00:00,5.700000,5.700000,5.680000,5.690000,55614
2026-05-20 19:30:00+00:00,5.695000,5.700000,5.685000,5.695000,63255
2026-05-20 19:35:00+00:00,5.695000,5.730000,5.695000,5.710000,130696
2026-05-20 19:40:00+00:00,5.710000,5.728600,5.710000,5.725000,123812
2026-05-20 19:45:00+00:00,5.725000,5.725000,5.710000,5.710000,82369
2026-05-20 19:50:00+00:00,5.710000,5.720000,5.685000,5.685000,301305
2026-05-20 19:55:00+00:00,5.685000,5.705000,5.679700,5.680000,1052560
2026-05-21 13:30:00+00:00,5.650000,5.720000,5.620000,5.705000,443988
2026-05-21 13:35:00+00:00,5.705000,5.740000,5.690000,5.715000,372684
2026-05-21 13:40:00+00:00,5.715000,5.715000,5.650000,5.655000,143154
2026-05-21 13:45:00+00:00,5.660000,5.687200,5.650000,5.675500,144723
2026-05-21 13:50:00+00:00,5.675000,5.690000,5.660000,5.685000,93451
2026-05-21 13:55:00+00:00,5.690000,5.699900,5.665000,5.685000,208185
2026-05-21 14:00:00+00:00,5.690000,5.705000,5.672000,5.695000,95604
2026-05-21 14:05:00+00:00,5.690000,5.730000,5.680000,5.720000,87121
2026-05-21 14:10:00+00:00,5.726600,5.730000,5.690000,5.700000,297010
2026-05-21 14:15:00+00:00,5.695000,5.700000,5.645000,5.645000,95153
2026-05-21 14:20:00+00:00,5.645000,5.650000,5.620000,5.620000,252952
2026-05-21 14:25:00+00:00,5.619000,5.620000,5.600000,5.605200,249806
2026-05-21 14:30:00+00:00,5.605000,5.620000,5.570000,5.575000,390318
2026-05-21 14:35:00+00:00,5.575000,5.610000,5.570000,5.605000,235752
2026-05-21 14:40:00+00:00,5.609900,5.610000,5.590000,5.600000,188790
2026-05-21 14:45:00+00:00,5.590000,5.600000,5.560000,5.568000,301056
2026-05-21 14:50:00+00:00,5.565000,5.585000,5.560000,5.585000,246259
2026-05-21 14:55:00+00:00,5.590000,5.590000,5.575000,5.589900,150484
2026-05-21 15:00:00+00:00,5.585000,5.600000,5.575000,5.577500,79228
2026-05-21 15:05:00+00:00,5.570000,5.580000,5.550000,5.565000,166330
2026-05-21 15:10:00+00:00,5.565000,5.589900,5.550000,5.575000,191054
2026-05-21 15:15:00+00:00,5.575200,5.590000,5.575000,5.585000,133563
2026-05-21 15:20:00+00:00,5.588000,5.590000,5.570000,5.580000,101785
2026-05-21 15:25:00+00:00,5.575000,5.600000,5.570000,5.585000,124034
2026-05-21 15:30:00+00:00,5.590000,5.590000,5.579900,5.585000,102477
2026-05-21 15:35:00+00:00,5.580000,5.600000,5.580000,5.595000,85540
2026-05-21 15:40:00+00:00,5.590100,5.600000,5.590000,5.590000,78308
2026-05-21 15:45:00+00:00,5.595000,5.600000,5.590000,5.590000,47504
2026-05-21 15:50:00+00:00,5.595000,5.600000,5.590000,5.590000,46228
2026-05-21 15:55:00+00:00,5.590000,5.595000,5.580000,5.580000,73412
2026-05-21 16:00:00+00:00,5.585000,5.610000,5.585000,5.610000,151158
2026-05-21 16:05:00+00:00,5.605000,5.615000,5.600000,5.609900,113571
2026-05-21 16:10:00+00:00,5.605000,5.620000,5.600000,5.610000,199319
2026-05-21 16:15:00+00:00,5.615000,5.620000,5.610000,5.615000,33325
2026-05-21 16:20:00+00:00,5.610000,5.619900,5.600000,5.605000,42557
2026-05-21 16:25:00+00:00,5.600000,5.609900,5.581300,5.595000,139189
2026-05-21 16:30:00+00:00,5.600000,5.609900,5.595000,5.595000,97365
2026-05-21 16:35:00+00:00,5.595000,5.600000,5.590000,5.590000,30252
2026-05-21 16:40:00+00:00,5.590100,5.630000,5.590000,5.615000,103922
2026-05-21 16:45:00+00:00,5.616500,5.635000,5.610000,5.625000,88569
2026-05-21 16:50:00+00:00,5.625000,5.660000,5.625000,5.645000,144936
2026-05-21 16:55:00+00:00,5.645000,5.660000,5.620000,5.635000,211690
2026-05-21 17:00:00+00:00,5.640000,5.645800,5.630000,5.640000,49597
2026-05-21 17:05:00+00:00,5.630100,5.640000,5.610000,5.620000,38427
2026-05-21 17:10:00+00:00,5.615000,5.655000,5.610000,5.635000,139934
2026-05-21 17:15:00+00:00,5.630000,5.680000,5.625000,5.650000,127498
2026-05-21 17:20:00+00:00,5.655000,5.670000,5.645000,5.660100,135434
2026-05-21 17:25:00+00:00,5.665000,5.675100,5.660000,5.665000,79232
2026-05-21 17:30:00+00:00,5.660000,5.690000,5.660000,5.689900,89922
2026-05-21 17:35:00+00:00,5.680000,5.725000,5.680000,5.705000,324586
2026-05-21 17:40:00+00:00,5.700100,5.720000,5.700000,5.719900,138463
2026-05-21 17:45:00+00:00,5.715000,5.740000,5.715000,5.730100,113670
2026-05-21 17:50:00+00:00,5.730000,5.749900,5.720000,5.735000,252064
2026-05-21 17:55:00+00:00,5.735600,5.760000,5.730000,5.735000,243527
2026-05-21 18:00:00+00:00,5.730100,5.775000,5.730100,5.765000,334408
2026-05-21 18:05:00+00:00,5.765000,5.780000,5.760000,5.762600,132802
2026-05-21 18:10:00+00:00,5.761700,5.820000,5.761700,5.790100,852550
2026-05-21 18:15:00+00:00,5.790700,5.805000,5.770000,5.805000,176062
2026-05-21 18:20:00+00:00,5.805000,5.850000,5.805000,5.842900,225630
2026-05-21 18:25:00+00:00,5.845100,5.845100,5.820000,5.820000,236095
2026-05-21 18:30:00+00:00,5.825000,5.840000,5.820000,5.830000,91060
2026-05-21 18:35:00+00:00,5.830000,5.837500,5.820000,5.825000,86901
2026-05-21 18:40:00+00:00,5.825000,5.840000,5.820000,5.835000,205689
2026-05-21 18:45:00+00:00,5.835000,5.839900,5.815000,5.825000,164747
2026-05-21 18:50:00+00:00,5.825000,5.850000,5.810200,5.810200,324044
2026-05-21 18:55:00+00:00,5.815100,5.840000,5.805000,5.835000,110752
2026-05-21 19:00:00+00:00,5.835000,5.889900,5.835000,5.889900,322446
2026-05-21 19:05:00+00:00,5.885000,5.905400,5.870000,5.875000,226824
2026-05-21 19:10:00+00:00,5.870000,5.900000,5.865000,5.880000,272571
2026-05-21 19:15:00+00:00,5.880000,5.895000,5.865000,5.880000,102231
2026-05-21 19:20:00+00:00,5.880000,5.880100,5.850000,5.860000,87721
2026-05-21 19:25:00+00:00,5.859700,5.860000,5.840000,5.850000,143190
2026-05-21 19:30:00+00:00,5.850000,5.890000,5.850000,5.885000,106170
2026-05-21 19:35:00+00:00,5.890000,5.905000,5.865000,5.865000,178521
2026-05-21 19:40:00+00:00,5.870000,5.880000,5.850000,5.875000,64955
2026-05-21 19:45:00+00:00,5.875000,5.880000,5.850000,5.860000,217482
2026-05-21 19:50:00+00:00,5.855000,5.860000,5.815000,5.820000,269030
2026-05-21 19:55:00+00:00,5.825000,5.860000,5.825000,5.845000,584643
2026-05-22 13:30:00+00:00,5.875900,5.980000,5.840000,5.960000,669504
2026-05-22 13:35:00+00:00,5.950000,5.980000,5.920000,5.955000,252023
2026-05-22 13:40:00+00:00,5.957100,6.000000,5.930000,5.980000,198047
2026-05-22 13:45:00+00:00,5.990000,6.030000,5.930000,5.940000,385961
2026-05-22 13:50:00+00:00,5.959900,5.969900,5.880100,5.925000,100018
2026-05-22 13:55:00+00:00,5.935000,5.949800,5.870000,5.900000,154252
2026-05-22 14:00:00+00:00,5.900000,6.000000,5.890000,5.985000,185496
2026-05-22 14:05:00+00:00,5.985000,5.995000,5.965000,5.975000,145957
2026-05-22 14:10:00+00:00,5.975000,5.980000,5.935000,5.935000,101638
2026-05-22 14:15:00+00:00,5.935000,5.989300,5.935000,5.980000,111598
2026-05-22 14:20:00+00:00,5.990000,5.995000,5.950000,5.965000,164385
2026-05-22 14:25:00+00:00,5.965000,5.990000,5.960000,5.975000,73210
2026-05-22 14:30:00+00:00,5.975000,5.980000,5.960000,5.970000,71882
2026-05-22 14:35:00+00:00,5.970000,5.990000,5.963800,5.985000,80668
2026-05-22 14:40:00+00:00,5.985000,5.995000,5.970000,5.990100,152484
2026-05-22 14:45:00+00:00,5.995000,6.070000,5.983700,6.040000,384132
2026-05-22 14:50:00+00:00,6.035000,6.035000,5.995000,6.000100,106351
2026-05-22 14:55:00+00:00,6.010000,6.010000,5.990000,6.000000,136174
2026-05-22 15:00:00+00:00,6.000000,6.015000,5.990000,6.010000,117641
2026-05-22 15:05:00+00:00,6.005000,6.039900,6.005000,6.020000,150113
2026-05-22 15:10:00+00:00,6.025000,6.026900,6.000000,6.025000,98180
2026-05-22 15:15:00+00:00,6.020100,6.029900,6.010000,6.015000,81623
2026-05-22 15:20:00+00:00,6.015000,6.020000,5.985000,5.990000,102481
2026-05-22 15:25:00+00:00,5.995000,6.000000,5.980000,5.985000,121952
2026-05-22 15:30:00+00:00,5.985000,5.990000,5.970000,5.970100,77598
2026-05-22 15:35:00+00:00,5.970000,5.975000,5.950000,5.955000,81580
2026-05-22 15:40:00+00:00,5.950000,5.970000,5.950000,5.967200,57620
2026-05-22 15:45:00+00:00,5.965000,5.990000,5.960000,5.970100,102853
2026-05-22 15:50:00+00:00,5.970000,5.977600,5.960000,5.977600,67074
2026-05-22 15:55:00+00:00,5.970000,5.980000,5.950000,5.960100,63072
2026-05-22 16:00:00+00:00,5.965000,5.990000,5.950000,5.990000,148498
2026-05-22 16:05:00+00:00,5.985000,6.000000,5.970000,5.970000,81815
2026-05-22 16:10:00+00:00,5.970000,5.975000,5.950000,5.955000,113267
2026-05-22 16:15:00+00:00,5.955000,5.980000,5.930000,5.940000,86139
2026-05-22 16:20:00+00:00,5.945000,5.955000,5.920000,5.925000,78554
2026-05-22 16:25:00+00:00,5.925000,5.940000,5.920000,5.920000,58038
2026-05-22 16:30:00+00:00,5.925000,5.930000,5.920000,5.928000,26414
2026-05-22 16:35:00+00:00,5.920100,5.940000,5.920000,5.935000,36491
2026-05-22 16:40:00+00:00,5.935000,5.945000,5.930000,5.930100,22684
2026-05-22 16:45:00+00:00,5.930000,5.979900,5.930000,5.965000,125813
2026-05-22 16:50:00+00:00,5.960000,6.000000,5.945000,5.995000,109866
2026-05-22 16:55:00+00:00,5.990000,5.990000,5.960000,5.960100,121486
2026-05-22 17:00:00+00:00,5.965000,5.969900,5.945000,5.950000,57897
2026-05-22 17:05:00+00:00,5.955000,5.965000,5.950000,5.965000,83054
2026-05-22 17:10:00+00:00,5.963700,5.969900,5.950000,5.955000,141400
2026-05-22 17:15:00+00:00,5.955000,5.969900,5.950000,5.960000,67947
2026-05-22 17:20:00+00:00,5.950000,5.961000,5.930000,5.945000,62650
2026-05-22 17:25:00+00:00,5.945000,5.995000,5.940100,5.990000,150640
2026-05-22 17:30:00+00:00,5.990000,5.990000,5.950000,5.950000,153960
2026-05-22 17:35:00+00:00,5.950000,5.960200,5.950000,5.960000,57693
2026-05-22 17:40:00+00:00,5.950000,5.960000,5.950000,5.955000,53526
2026-05-22 17:45:00+00:00,5.955000,5.960000,5.950000,5.955000,39665
2026-05-22 17:50:00+00:00,5.955000,5.975000,5.935000,5.935000,332558
2026-05-22 17:55:00+00:00,5.937400,5.945000,5.900000,5.905000,81046
2026-05-22 18:00:00+00:00,5.900000,5.940000,5.885000,5.932800,119587
2026-05-22 18:05:00+00:00,5.939900,5.955000,5.935000,5.945000,38933
2026-05-22 18:10:00+00:00,5.945000,5.950000,5.930100,5.945000,49867
2026-05-22 18:15:00+00:00,5.945000,5.945000,5.920000,5.935000,96641
2026-05-22 18:20:00+00:00,5.935000,5.947500,5.930000,5.940000,88196
2026-05-22 18:25:00+00:00,5.940000,5.940000,5.920000,5.920000,44633
2026-05-22 18:30:00+00:00,5.920000,5.930000,5.905000,5.930000,66800
2026-05-22 18:35:00+00:00,5.920100,5.920100,5.900000,5.919900,90410
2026-05-22 18:40:00+00:00,5.910100,5.930000,5.910100,5.919900,44841
2026-05-22 18:45:00+00:00,5.915000,5.930000,5.910000,5.915000,37254
2026-05-22 18:50:00+00:00,5.920000,5.930000,5.910000,5.920000,22759
2026-05-22 18:55:00+00:00,5.920000,5.930000,5.910000,5.915000,59248
2026-05-22 19:00:00+00:00,5.915000,5.935000,5.910000,5.925000,33463
2026-05-22 19:05:00+00:00,5.925000,5.940000,5.910000,5.915000,56374
2026-05-22 19:10:00+00:00,5.915000,5.937500,5.910000,5.937500,69560
2026-05-22 19:15:00+00:00,5.935000,5.940000,5.890000,5.890000,83983
2026-05-22 19:20:00+00:00,5.890000,5.897400,5.850000,5.860000,151816
2026-05-22 19:25:00+00:00,5.865000,5.875000,5.850000,5.860000,94201
2026-05-22 19:30:00+00:00,5.860000,5.869900,5.840000,5.845000,124485
2026-05-22 19:35:00+00:00,5.845000,5.850000,5.830000,5.835000,123658
2026-05-22 19:40:00+00:00,5.835000,5.855000,5.820000,5.840000,201619
2026-05-22 19:45:00+00:00,5.835000,5.840000,5.820000,5.820700,158656
2026-05-22 19:50:00+00:00,5.820000,5.850000,5.820000,5.845000,314982
2026-05-22 19:55:00+00:00,5.845000,5.865000,5.835000,5.845000,697064
2026-05-26 13:30:00+00:00,5.920000,6.100000,5.920000,6.090000,1138331
2026-05-26 13:35:00+00:00,6.090000,6.120000,6.020000,6.085000,385508
2026-05-26 13:40:00+00:00,6.085000,6.100000,6.010000,6.039900,194302
2026-05-26 13:45:00+00:00,6.040000,6.049900,5.975000,6.020000,353874
2026-05-26 13:50:00+00:00,6.030000,6.055000,6.030000,6.050100,190482
2026-05-26 13:55:00+00:00,6.060000,6.070000,6.000000,6.040000,175097
2026-05-26 14:00:00+00:00,6.050000,6.140000,6.050000,6.130000,483016
2026-05-26 14:05:00+00:00,6.121000,6.130000,6.090000,6.119900,155220
2026-05-26 14:10:00+00:00,6.115000,6.250000,6.100100,6.235000,544434
2026-05-26 14:15:00+00:00,6.235000,6.240000,6.180000,6.195000,316272
2026-05-26 14:20:00+00:00,6.195000,6.200000,6.125000,6.140000,219164
2026-05-26 14:25:00+00:00,6.140000,6.160000,6.120000,6.145000,150553
2026-05-26 14:30:00+00:00,6.149900,6.150000,6.120000,6.137400,165363
2026-05-26 14:35:00+00:00,6.130000,6.150000,6.100000,6.100000,139292
2026-05-26 14:40:00+00:00,6.105000,6.150000,6.100100,6.140000,153937
2026-05-26 14:45:00+00:00,6.135000,6.150000,6.130000,6.130000,103682
2026-05-26 14:50:00+00:00,6.120000,6.150000,6.120000,6.140000,144875
2026-05-26 14:55:00+00:00,6.140000,6.140000,6.110000,6.115000,128909
2026-05-26 15:00:00+00:00,6.120000,6.150000,6.110100,6.145000,96393
2026-05-26 15:05:00+00:00,6.140100,6.174300,6.130000,6.151400,140957
2026-05-26 15:10:00+00:00,6.155000,6.180000,6.140100,6.180000,108948
2026-05-26 15:15:00+00:00,6.175000,6.210000,6.165000,6.205000,210942
2026-05-26 15:20:00+00:00,6.205000,6.205000,6.155000,6.165000,122961
2026-05-26 15:25:00+00:00,6.170000,6.170000,6.140000,6.155000,96573
2026-05-26 15:30:00+00:00,6.155000,6.157500,6.130100,6.144800,84097
2026-05-26 15:35:00+00:00,6.145000,6.150000,6.120000,6.120100,63136
2026-05-26 15:40:00+00:00,6.120100,6.130000,6.120000,6.125000,43417
2026-05-26 15:45:00+00:00,6.130000,6.130000,6.110000,6.115000,95064
2026-05-26 15:50:00+00:00,6.117500,6.120000,6.075000,6.085000,78035
2026-05-26 15:55:00+00:00,6.085000,6.119900,6.081600,6.115000,108660
2026-05-26 16:00:00+00:00,6.115000,6.120000,6.080000,6.085000,43899
2026-05-26 16:05:00+00:00,6.085000,6.100000,6.075000,6.080000,73292
2026-05-26 16:10:00+00:00,6.090000,6.100000,6.075000,6.075000,77032
2026-05-26 16:15:00+00:00,6.070100,6.080000,6.060000,6.065000,62373
2026-05-26 16:20:00+00:00,6.069900,6.080000,6.060000,6.075000,41309
2026-05-26 16:25:00+00:00,6.079900,6.110000,6.075000,6.110000,59695
2026-05-26 16:30:00+00:00,6.100000,6.125000,6.100000,6.115000,79822
2026-05-26 16:35:00+00:00,6.117700,6.160000,6.117700,6.150000,222820
2026-05-26 16:40:00+00:00,6.150000,6.150000,6.130000,6.135000,85600
2026-05-26 16:45:00+00:00,6.135000,6.150000,6.115000,6.130000,87162
2026-05-26 16:50:00+00:00,6.130000,6.132200,6.115000,6.130000,60770
2026-05-26 16:55:00+00:00,6.125000,6.130000,6.110000,6.120000,71572
2026-05-26 17:00:00+00:00,6.119900,6.130000,6.110000,6.120000,57328
2026-05-26 17:05:00+00:00,6.120000,6.130000,6.115000,6.120000,78737
2026-05-26 17:10:00+00:00,6.130000,6.140000,6.109900,6.110000,64096
2026-05-26 17:15:00+00:00,6.110000,6.120000,6.105000,6.105000,28203
2026-05-26 17:20:00+00:00,6.109800,6.110000,6.065000,6.070000,53037
2026-05-26 17:25:00+00:00,6.065000,6.070000,6.050000,6.050000,218129
2026-05-26 17:30:00+00:00,6.055000,6.070000,6.045000,6.065000,89458
2026-05-26 17:35:00+00:00,6.065000,6.070000,6.050000,6.055000,58246
2026-05-26 17:40:00+00:00,6.050100,6.065000,6.050000,6.053700,70041
2026-05-26 17:45:00+00:00,6.050100,6.060000,6.045000,6.045000,23148
2026-05-26 17:50:00+00:00,6.047500,6.060000,6.030000,6.030000,62267
2026-05-26 17:55:00+00:00,6.030000,6.040000,6.025000,6.035000,65657
2026-05-26 18:00:00+00:00,6.035000,6.040000,6.025000,6.035000,58177
2026-05-26 18:05:00+00:00,6.035000,6.040000,6.020000,6.022500,61609
2026-05-26 18:10:00+00:00,6.029900,6.030000,6.020000,6.020000,23424
2026-05-26 18:15:00+00:00,6.025000,6.039900,6.015000,6.039900,106933
2026-05-26 18:20:00+00:00,6.035000,6.045000,6.030000,6.045000,43595
2026-05-26 18:25:00+00:00,6.049000,6.060000,6.035000,6.040000,151456
2026-05-26 18:30:00+00:00,6.045000,6.050000,6.035000,6.040000,38472
2026-05-26 18:35:00+00:00,6.045000,6.050000,6.035000,6.050000,74287
2026-05-26 18:40:00+00:00,6.045500,6.045500,6.030000,6.033800,62741
2026-05-26 18:45:00+00:00,6.035000,6.080000,6.035000,6.055000,180047
2026-05-26 18:50:00+00:00,6.055000,6.060000,6.032700,6.035000,50286
2026-05-26 18:55:00+00:00,6.038900,6.040000,6.010000,6.040000,185656
2026-05-26 19:00:00+00:00,6.040000,6.050000,6.025000,6.045000,153277
2026-05-26 19:05:00+00:00,6.050000,6.050000,6.035000,6.037200,78238
2026-05-26 19:10:00+00:00,6.035000,6.039300,6.000000,6.000100,165800
2026-05-26 19:15:00+00:00,6.005000,6.010000,5.980000,5.980100,155159
2026-05-26 19:20:00+00:00,5.990000,5.990000,5.980000,5.989900,84400
2026-05-26 19:25:00+00:00,5.989800,6.000000,5.985000,6.000000,133223
2026-05-26 19:30:00+00:00,5.999700,6.030000,5.990000,6.015000,228013
2026-05-26 19:35:00+00:00,6.015000,6.020000,5.985000,6.000000,108670
2026-05-26 19:40:00+00:00,5.999900,6.020000,5.990000,6.015000,83651
2026-05-26 19:45:00+00:00,6.020000,6.020000,6.000000,6.009700,80202
2026-05-26 19:50:00+00:00,6.010000,6.010000,6.000000,6.010000,219206
2026-05-26 19:55:00+00:00,6.005000,6.015000,5.975000,5.980000,572267
2026-05-27 13:30:00+00:00,5.970000,6.049900,5.970000,5.996000,458536
2026-05-27 13:35:00+00:00,5.995000,6.030000,5.965000,5.970100,148380
2026-05-27 13:40:00+00:00,5.970000,5.990000,5.950000,5.990000,194844
2026-05-27 13:45:00+00:00,5.995000,6.015000,5.945000,5.956700,197990
2026-05-27 13:50:00+00:00,5.960000,5.980000,5.953400,5.980000,131039
2026-05-27 13:55:00+00:00,5.980000,6.030000,5.965000,6.030000,128337
2026-05-27 14:00:00+00:00,6.040000,6.190000,6.030000,6.175000,485353
2026-05-27 14:05:00+00:00,6.175000,6.190000,6.150000,6.165000,170923
2026-05-27 14:10:00+00:00,6.165000,6.200000,6.160000,6.185000,328598
2026-05-27 14:15:00+00:00,6.185000,6.195000,6.150000,6.155000,241303
2026-05-27 14:20:00+00:00,6.159900,6.160200,6.120000,6.130000,190642
2026-05-27 14:25:00+00:00,6.135000,6.190000,6.110000,6.181300,295476
2026-05-27 14:30:00+00:00,6.185000,6.220000,6.170000,6.199900,427683
2026-05-27 14:35:00+00:00,6.190000,6.230000,6.190000,6.200000,244935
2026-05-27 14:40:00+00:00,6.190000,6.220000,6.180000,6.200000,199112
2026-05-27 14:45:00+00:00,6.200000,6.210000,6.175000,6.190000,226493
2026-05-27 14:50:00+00:00,6.191000,6.200000,6.170000,6.175000,139081
2026-05-27 14:55:00+00:00,6.170000,6.170000,6.140000,6.155000,161283
2026-05-27 15:00:00+00:00,6.155000,6.155000,6.110000,6.115000,197470
2026-05-27 15:05:00+00:00,6.115000,6.120000,6.100000,6.100000,84916
2026-05-27 15:10:00+00:00,6.109900,6.120000,6.070000,6.110000,247302
2026-05-27 15:15:00+00:00,6.100000,6.100000,6.070100,6.080000,96963
2026-05-27 15:20:00+00:00,6.070000,6.080000,6.060000,6.070000,56194
2026-05-27 15:25:00+00:00,6.070000,6.075000,6.060000,6.069900,54692
2026-05-27 15:30:00+00:00,6.070000,6.105000,6.070000,6.105000,88048
2026-05-27 15:35:00+00:00,6.105000,6.105000,6.075000,6.080000,71005
2026-05-27 15:40:00+00:00,6.085000,6.088000,6.072800,6.075000,31353
2026-05-27 15:45:00+00:00,6.075000,6.080000,6.060000,6.075000,60648
2026-05-27 15:50:00+00:00,6.079900,6.109900,6.070000,6.095000,74161
2026-05-27 15:55:00+00:00,6.090000,6.090000,6.070000,6.075000,50770
2026-05-27 16:00:00+00:00,6.075000,6.090000,6.040000,6.045000,103316
2026-05-27 16:05:00+00:00,6.045000,6.047000,6.020100,6.045000,88048
2026-05-27 16:10:00+00:00,6.040200,6.060000,6.040000,6.055000,78598
2026-05-27 16:15:00+00:00,6.060000,6.060000,6.035000,6.035000,58453
2026-05-27 16:20:00+00:00,6.035000,6.069900,6.035000,6.065000,46659
2026-05-27 16:25:00+00:00,6.070000,6.070000,6.045000,6.045000,44170
2026-05-27 16:30:00+00:00,6.050000,6.060000,6.042800,6.055000,52011
2026-05-27 16:35:00+00:00,6.060000,6.060000,6.040000,6.049900,71527
2026-05-27 16:40:00+00:00,6.050000,6.050000,6.025000,6.030000,96433
2026-05-27 16:45:00+00:00,6.025000,6.070000,6.025000,6.070000,100329
2026-05-27 16:50:00+00:00,6.080000,6.100000,6.070000,6.100000,140783
2026-05-27 16:55:00+00:00,6.090100,6.140000,6.090000,6.140000,191280
2026-05-27 17:00:00+00:00,6.135000,6.135000,6.090000,6.090100,123764
2026-05-27 17:05:00+00:00,6.095000,6.095000,6.075000,6.080000,63467
2026-05-27 17:10:00+00:00,6.080000,6.089900,6.070000,6.080000,63312
2026-05-27 17:15:00+00:00,6.085000,6.140000,6.070000,6.135000,126148
2026-05-27 17:20:00+00:00,6.135000,6.135000,6.110000,6.115000,107319
2026-05-27 17:25:00+00:00,6.115000,6.115000,6.100000,6.105000,69736
2026-05-27 17:30:00+00:00,6.105000,6.110000,6.090000,6.095000,45621
2026-05-27 17:35:00+00:00,6.100000,6.100000,6.080000,6.090100,119108
2026-05-27 17:40:00+00:00,6.090000,6.099800,6.080000,6.080000,62329
2026-05-27 17:45:00+00:00,6.085000,6.100000,6.072900,6.085500,57288
2026-05-27 17:50:00+00:00,6.090000,6.120000,6.090000,6.120000,115820
2026-05-27 17:55:00+00:00,6.120000,6.180000,6.100000,6.160100,352354
2026-05-27 18:00:00+00:00,6.175000,6.175100,6.150000,6.160000,1124998
2026-05-27 18:05:00+00:00,6.165500,6.245000,6.165000,6.235000,365734
2026-05-27 18:10:00+00:00,6.235000,6.240000,6.200000,6.202500,102744
2026-05-27 18:15:00+00:00,6.205000,6.250000,6.205000,6.235000,339626
2026-05-27 18:20:00+00:00,6.235000,6.250000,6.230000,6.235000,233063
2026-05-27 18:25:00+00:00,6.230200,6.270000,6.190000,6.190000,325518
2026-05-27 18:30:00+00:00,6.200000,6.200000,6.170000,6.185000,69438
2026-05-27 18:35:00+00:00,6.190000,6.200000,6.180000,6.185000,57528
2026-05-27 18:40:00+00:00,6.180000,6.225100,6.170000,6.215000,84945
2026-05-27 18:45:00+00:00,6.215000,6.239900,6.215000,6.225100,336981
2026-05-27 18:50:00+00:00,6.225000,6.245000,6.220000,6.235000,101973
2026-05-27 18:55:00+00:00,6.235000,6.245000,6.210000,6.245000,156727
2026-05-27 19:00:00+00:00,6.245000,6.299300,6.230000,6.295000,295942
2026-05-27 19:05:00+00:00,6.295000,6.335000,6.290000,6.330100,527099
2026-05-27 19:10:00+00:00,6.335000,6.340000,6.270000,6.275000,173177
2026-05-27 19:15:00+00:00,6.275000,6.310000,6.275000,6.295000,122703
2026-05-27 19:20:00+00:00,6.290000,6.295000,6.245000,6.265000,197905
2026-05-27 19:25:00+00:00,6.265000,6.285000,6.260000,6.280000,106330
2026-05-27 19:30:00+00:00,6.275000,6.290000,6.240000,6.250000,213899
2026-05-27 19:35:00+00:00,6.255000,6.265000,6.205000,6.225000,176884
2026-05-27 19:40:00+00:00,6.220000,6.230000,6.210000,6.225000,113425
2026-05-27 19:45:00+00:00,6.225000,6.280000,6.220000,6.275000,171767
2026-05-27 19:50:00+00:00,6.279800,6.280000,6.255000,6.265000,195433
2026-05-27 19:55:00+00:00,6.260000,6.290000,6.245000,6.270000,880847
2026-05-28 13:30:00+00:00,6.200000,6.270000,6.140000,6.260000,469480
2026-05-28 13:35:00+00:00,6.260000,6.330000,6.250000,6.320000,229899
2026-05-28 13:40:00+00:00,6.320000,6.330000,6.270900,6.275000,119469
2026-05-28 13:45:00+00:00,6.280000,6.405000,6.280000,6.380000,262370
2026-05-28 13:50:00+00:00,6.370000,6.390000,6.350100,6.383600,152614
2026-05-28 13:55:00+00:00,6.385000,6.550000,6.341000,6.535000,514045
2026-05-28 14:00:00+00:00,6.540000,6.560000,6.500000,6.550000,382517
2026-05-28 14:05:00+00:00,6.545000,6.550000,6.490000,6.499900,731873
2026-05-28 14:10:00+00:00,6.490000,6.525000,6.450000,6.495000,431683
2026-05-28 14:15:00+00:00,6.500000,6.515000,6.450000,6.470000,245180
2026-05-28 14:20:00+00:00,6.465000,6.480000,6.430000,6.470200,325617
2026-05-28 14:25:00+00:00,6.475000,6.490000,6.470000,6.480000,83098
2026-05-28 14:30:00+00:00,6.470000,6.489900,6.455000,6.455000,143825
2026-05-28 14:35:00+00:00,6.455000,6.525000,6.455000,6.525000,301712
2026-05-28 14:40:00+00:00,6.529700,6.540000,6.480000,6.485000,169945
2026-05-28 14:45:00+00:00,6.485000,6.530000,6.485000,6.515000,158713
2026-05-28 14:50:00+00:00,6.520000,6.615000,6.515000,6.580000,615932
2026-05-28 14:55:00+00:00,6.585000,6.585000,6.530000,6.550100,182671
2026-05-28 15:00:00+00:00,6.555000,6.590000,6.555000,6.571400,127903
2026-05-28 15:05:00+00:00,6.575000,6.575000,6.520000,6.526400,161432
2026-05-28 15:10:00+00:00,6.521100,6.560000,6.521100,6.560000,143765
2026-05-28 15:15:00+00:00,6.560000,6.595000,6.540000,6.590100,222480
2026-05-28 15:20:00+00:00,6.590000,6.590000,6.540100,6.550000,104008
2026-05-28 15:25:00+00:00,6.545000,6.575000,6.540000,6.545000,205669
2026-05-28 15:30:00+00:00,6.545000,6.545000,6.500000,6.510100,213475
2026-05-28 15:35:00+00:00,6.515000,6.530000,6.510000,6.520000,105495
2026-05-28 15:40:00+00:00,6.520000,6.530000,6.500000,6.515000,121748
2026-05-28 15:45:00+00:00,6.515000,6.520000,6.500000,6.505000,143401
2026-05-28 15:50:00+00:00,6.505000,6.595000,6.500000,6.575000,409851
2026-05-28 15:55:00+00:00,6.570000,6.600000,6.560100,6.565000,302079
2026-05-28 16:00:00+00:00,6.560100,6.565000,6.470000,6.485000,303298
2026-05-28 16:05:00+00:00,6.480000,6.485000,6.460000,6.460000,118706
2026-05-28 16:10:00+00:00,6.465000,6.469900,6.430000,6.445000,95446
2026-05-28 16:15:00+00:00,6.440000,6.500000,6.440000,6.495000,287410
2026-05-28 16:20:00+00:00,6.490000,6.510000,6.480000,6.500100,135957
2026-05-28 16:25:00+00:00,6.510000,6.520000,6.490000,6.490100,124575
2026-05-28 16:30:00+00:00,6.490100,6.510000,6.480000,6.500100,172299
2026-05-28 16:35:00+00:00,6.505000,6.530000,6.500000,6.525000,87859
2026-05-28 16:40:00+00:00,6.525000,6.540000,6.515000,6.535000,149766
2026-05-28 16:45:00+00:00,6.535000,6.550000,6.530000,6.530100,139886
2026-05-28 16:50:00+00:00,6.535000,6.580000,6.515000,6.570000,198184
2026-05-28 16:55:00+00:00,6.575000,6.589900,6.560000,6.560300,139220
2026-05-28 17:00:00+00:00,6.565000,6.570000,6.540000,6.540000,64337
2026-05-28 17:05:00+00:00,6.550000,6.550000,6.515000,6.520000,68772
2026-05-28 17:10:00+00:00,6.520000,6.530000,6.510000,6.515000,39167
2026-05-28 17:15:00+00:00,6.520000,6.520000,6.495000,6.500000,94713
2026-05-28 17:20:00+00:00,6.500000,6.519900,6.490000,6.495000,100851
2026-05-28 17:25:00+00:00,6.495000,6.495000,6.480000,6.485000,97240
2026-05-28 17:30:00+00:00,6.490000,6.495000,6.480000,6.480100,79876
2026-05-28 17:35:00+00:00,6.490000,6.490000,6.480000,6.480100,79897
2026-05-28 17:40:00+00:00,6.480000,6.500000,6.480000,6.490000,67439
2026-05-28 17:45:00+00:00,6.495000,6.500000,6.485000,6.495000,99351
2026-05-28 17:50:00+00:00,6.495000,6.509900,6.490000,6.490000,121430
2026-05-28 17:55:00+00:00,6.490100,6.530000,6.480000,6.525000,178718
2026-05-28 18:00:00+00:00,6.525000,6.539800,6.500100,6.535000,91309
2026-05-28 18:05:00+00:00,6.533300,6.560000,6.530000,6.545000,116533
2026-05-28 18:10:00+00:00,6.545000,6.550000,6.530100,6.550000,74219
2026-05-28 18:15:00+00:00,6.545000,6.550000,6.522500,6.535000,103625
2026-05-28 18:20:00+00:00,6.530000,6.540000,6.520000,6.530000,80940
2026-05-28 18:25:00+00:00,6.539900,6.570000,6.530000,6.560000,87650
2026-05-28 18:30:00+00:00,6.560000,6.569900,6.535000,6.540000,118368
2026-05-28 18:35:00+00:00,6.535000,6.539900,6.520000,6.520100,91327
2026-05-28 18:40:00+00:00,6.525000,6.529900,6.510000,6.520100,96492
2026-05-28 18:45:00+00:00,6.525000,6.530000,6.510000,6.515000,66968
2026-05-28 18:50:00+00:00,6.515000,6.520000,6.510000,6.520000,114664
2026-05-28 18:55:00+00:00,6.515000,6.540000,6.505000,6.535000,347426
2026-05-28 19:00:00+00:00,6.540000,6.542500,6.500000,6.505000,128113
2026-05-28 19:05:00+00:00,6.505000,6.510000,6.480000,6.485000,172199
2026-05-28 19:10:00+00:00,6.485000,6.490000,6.460000,6.475000,83842
2026-05-28 19:15:00+00:00,6.475000,6.480000,6.450000,6.475000,119602
2026-05-28 19:20:00+00:00,6.475000,6.490000,6.470000,6.475000,101658
2026-05-28 19:25:00+00:00,6.475000,6.485000,6.460000,6.485000,119386
2026-05-28 19:30:00+00:00,6.480000,6.485000,6.455000,6.465000,121439
2026-05-28 19:35:00+00:00,6.470000,6.470000,6.450000,6.455000,210029
2026-05-28 19:40:00+00:00,6.450000,6.480000,6.450000,6.475000,159961
2026-05-28 19:45:00+00:00,6.475000,6.525000,6.475000,6.510100,168464
2026-05-28 19:50:00+00:00,6.510400,6.520000,6.480000,6.485000,357857
2026-05-28 19:55:00+00:00,6.485000,6.516300,6.450000,6.450000,811660
2026-05-29 13:30:00+00:00,6.470000,6.540000,6.410000,6.415000,662221
2026-05-29 13:35:00+00:00,6.410000,6.410100,6.360200,6.390000,187464
2026-05-29 13:40:00+00:00,6.385000,6.400000,6.355000,6.360000,126766
2026-05-29 13:45:00+00:00,6.355100,6.450000,6.340000,6.405000,267140
2026-05-29 13:50:00+00:00,6.400100,6.420000,6.390000,6.400000,107863
2026-05-29 13:55:00+00:00,6.400000,6.430000,6.381000,6.381000,107104
2026-05-29 14:00:00+00:00,6.396900,6.540000,6.385000,6.530000,184714
2026-05-29 14:05:00+00:00,6.525000,6.560000,6.510000,6.535000,220981
2026-05-29 14:10:00+00:00,6.535000,6.535000,6.440000,6.448600,155177
2026-05-29 14:15:00+00:00,6.447500,6.455000,6.415000,6.415000,135895
2026-05-29 14:20:00+00:00,6.420000,6.430000,6.380000,6.380000,84373
2026-05-29 14:25:00+00:00,6.379800,6.390000,6.350000,6.379900,106565
2026-05-29 14:30:00+00:00,6.380000,6.410000,6.355000,6.406600,142672
2026-05-29 14:35:00+00:00,6.400000,6.410000,6.380100,6.399900,105018
2026-05-29 14:40:00+00:00,6.395000,6.405500,6.370000,6.370000,65405
2026-05-29 14:45:00+00:00,6.380000,6.435000,6.370000,6.429900,123982
2026-05-29 14:50:00+00:00,6.425000,6.470000,6.425000,6.460000,102927
2026-05-29 14:55:00+00:00,6.465000,6.490100,6.460000,6.489900,147761
2026-05-29 15:00:00+00:00,6.485000,6.509700,6.480100,6.507300,162743
2026-05-29 15:05:00+00:00,6.500000,6.525000,6.495000,6.515000,77247
2026-05-29 15:10:00+00:00,6.515000,6.530000,6.495000,6.495000,81478
2026-05-29 15:15:00+00:00,6.495000,6.500000,6.470100,6.500000,120209
2026-05-29 15:20:00+00:00,6.495000,6.495000,6.470000,6.490000,76051
2026-05-29 15:25:00+00:00,6.480000,6.550000,6.475000,6.545000,129147
2026-05-29 15:30:00+00:00,6.545000,6.590000,6.540000,6.585000,274173
2026-05-29 15:35:00+00:00,6.590000,6.630000,6.580000,6.630000,241691
2026-05-29 15:40:00+00:00,6.625000,6.641400,6.590100,6.605000,177555
2026-05-29 15:45:00+00:00,6.605000,6.610000,6.575000,6.599000,78775
2026-05-29 15:50:00+00:00,6.595000,6.630000,6.590000,6.625000,146363
2026-05-29 15:55:00+00:00,6.620100,6.640000,6.580000,6.585000,206383
2026-05-29 16:00:00+00:00,6.580000,6.600000,6.555000,6.597200,192195
2026-05-29 16:05:00+00:00,6.595000,6.660000,6.580000,6.660000,309183
2026-05-29 16:10:00+00:00,6.660000,6.660000,6.620000,6.635000,110585
2026-05-29 16:15:00+00:00,6.640000,6.645000,6.610000,6.634000,100254
2026-05-29 16:20:00+00:00,6.630000,6.640000,6.600000,6.610000,77020
2026-05-29 16:25:00+00:00,6.615000,6.619300,6.575000,6.575000,106705
2026-05-29 16:30:00+00:00,6.575000,6.600000,6.560000,6.590000,111833
2026-05-29 16:35:00+00:00,6.585000,6.590000,6.575000,6.585000,45926
2026-05-29 16:40:00+00:00,6.580000,6.600000,6.573800,6.590000,35105
2026-05-29 16:45:00+00:00,6.600000,6.615000,6.590000,6.590000,75439
2026-05-29 16:50:00+00:00,6.590000,6.600000,6.580000,6.595000,75818
2026-05-29 16:55:00+00:00,6.595000,6.635000,6.580000,6.620100,104990
2026-05-29 17:00:00+00:00,6.620000,6.639900,6.610000,6.630000,117232
2026-05-29 17:05:00+00:00,6.635000,6.680000,6.630000,6.675000,240639
2026-05-29 17:10:00+00:00,6.675000,6.705000,6.670100,6.695000,319849
2026-05-29 17:15:00+00:00,6.695000,6.711100,6.660000,6.675000,311746
2026-05-29 17:20:00+00:00,6.670000,6.719700,6.665000,6.710000,219366
2026-05-29 17:25:00+00:00,6.715000,6.719900,6.660000,6.660100,236123
2026-05-29 17:30:00+00:00,6.660200,6.680000,6.650000,6.669900,101755
2026-05-29 17:35:00+00:00,6.660200,6.680000,6.650000,6.655000,92252
2026-05-29 17:40:00+00:00,6.655000,6.660000,6.640000,6.650100,78729
2026-05-29 17:45:00+00:00,6.650000,6.675000,6.645000,6.653200,75050
2026-05-29 17:50:00+00:00,6.650000,6.660000,6.630000,6.630000,98764
2026-05-29 17:55:00+00:00,6.630000,6.630000,6.610000,6.615000,86052
2026-05-29 18:00:00+00:00,6.610000,6.619900,6.585000,6.595000,104090
2026-05-29 18:05:00+00:00,6.595000,6.609900,6.590000,6.606500,56203
2026-05-29 18:10:00+00:00,6.605000,6.640000,6.600000,6.630000,176435
2026-05-29 18:15:00+00:00,6.620200,6.650000,6.620100,6.645000,102955
2026-05-29 18:20:00+00:00,6.645000,6.670000,6.645000,6.670000,96531
2026-05-29 18:25:00+00:00,6.662500,6.665000,6.630000,6.630000,182157
2026-05-29 18:30:00+00:00,6.625000,6.750000,6.625000,6.719700,399578
2026-05-29 18:35:00+00:00,6.715000,6.720000,6.695000,6.705000,147891
2026-05-29 18:40:00+00:00,6.700100,6.705000,6.670000,6.680100,104943
2026-05-29 18:45:00+00:00,6.680100,6.680100,6.650100,6.655000,128807
2026-05-29 18:50:00+00:00,6.655000,6.665000,6.620000,6.639900,103814
2026-05-29 18:55:00+00:00,6.635000,6.637400,6.595000,6.635000,145089
2026-05-29 19:00:00+00:00,6.635000,6.635000,6.590700,6.595000,153857
2026-05-29 19:05:00+00:00,6.595000,6.607900,6.575000,6.585000,92316
2026-05-29 19:10:00+00:00,6.582900,6.615000,6.570000,6.585000,129135
2026-05-29 19:15:00+00:00,6.585000,6.585000,6.550000,6.570000,102681
2026-05-29 19:20:00+00:00,6.565000,6.570000,6.550000,6.550000,60970
2026-05-29 19:25:00+00:00,6.555000,6.555000,6.515000,6.535000,136575
2026-05-29 19:30:00+00:00,6.535000,6.560000,6.525000,6.555000,101603
2026-05-29 19:35:00+00:00,6.555000,6.560000,6.530000,6.530700,74295
2026-05-29 19:40:00+00:00,6.540000,6.540000,6.530000,6.530000,85531
2026-05-29 19:45:00+00:00,6.535000,6.539900,6.500000,6.516600,196057
2026-05-29 19:50:00+00:00,6.515000,6.565000,6.515000,6.565000,327650
2026-05-29 19:55:00+00:00,6.565000,6.590000,6.535000,6.545000,1406648
2026-06-01 13:30:00+00:00,6.380000,6.570000,6.380000,6.550000,829344
2026-06-01 13:35:00+00:00,6.560000,6.690000,6.560000,6.685000,301523
2026-06-01 13:40:00+00:00,6.682500,6.740000,6.635000,6.720000,380281
2026-06-01 13:45:00+00:00,6.700000,6.900000,6.690000,6.835000,607122
2026-06-01 13:50:00+00:00,6.835000,6.900000,6.805000,6.870000,402455
2026-06-01 13:55:00+00:00,6.874700,6.935000,6.810000,6.855000,339504
2026-06-01 14:00:00+00:00,6.852200,6.950000,6.845900,6.895000,420276
2026-06-01 14:05:00+00:00,6.900000,6.900000,6.840000,6.865000,286530
2026-06-01 14:10:00+00:00,6.865000,6.885000,6.765000,6.785500,203388
2026-06-01 14:15:00+00:00,6.790000,6.840000,6.780000,6.810000,171393
2026-06-01 14:20:00+00:00,6.815000,6.820000,6.765000,6.785000,139701
2026-06-01 14:25:00+00:00,6.780000,6.780000,6.690000,6.735000,224233
2026-06-01 14:30:00+00:00,6.735000,6.735000,6.650000,6.655000,199727
2026-06-01 14:35:00+00:00,6.650000,6.740000,6.640000,6.740000,173057
2026-06-01 14:40:00+00:00,6.735000,6.800000,6.735000,6.775000,166438
2026-06-01 14:45:00+00:00,6.772000,6.780000,6.720000,6.725000,192641
2026-06-01 14:50:00+00:00,6.720300,6.765000,6.720000,6.760000,127675
2026-06-01 14:55:00+00:00,6.755000,6.765000,6.750000,6.755000,94466
2026-06-01 15:00:00+00:00,6.755000,6.780000,6.720000,6.772000,191851
2026-06-01 15:05:00+00:00,6.770000,6.800000,6.770000,6.775000,141358
2026-06-01 15:10:00+00:00,6.775000,6.775000,6.735000,6.755000,60765
2026-06-01 15:15:00+00:00,6.755000,6.765000,6.740000,6.755000,86364
2026-06-01 15:20:00+00:00,6.755000,6.770000,6.745000,6.760000,83137
2026-06-01 15:25:00+00:00,6.765000,6.765000,6.730100,6.760000,48006
2026-06-01 15:30:00+00:00,6.765000,6.800000,6.755000,6.800000,106588
2026-06-01 15:35:00+00:00,6.795000,6.820000,6.795000,6.815000,159437
2026-06-01 15:40:00+00:00,6.815000,6.819300,6.790300,6.815000,94597
2026-06-01 15:45:00+00:00,6.812100,6.813700,6.770000,6.775000,71630
2026-06-01 15:50:00+00:00,6.770000,6.785000,6.765000,6.775000,73203
2026-06-01 15:55:00+00:00,6.775000,6.780000,6.760100,6.780000,94926
2026-06-01 16:00:00+00:00,6.775000,6.790000,6.765000,6.783500,49962
2026-06-01 16:05:00+00:00,6.785000,6.790000,6.740000,6.745000,40695
2026-06-01 16:10:00+00:00,6.740100,6.740100,6.650000,6.710000,329357
2026-06-01 16:15:00+00:00,6.710000,6.710000,6.680000,6.685000,101447
2026-06-01 16:20:00+00:00,6.680000,6.685000,6.650000,6.660000,129117
2026-06-01 16:25:00+00:00,6.655000,6.670000,6.650000,6.659700,131644
2026-06-01 16:30:00+00:00,6.655000,6.679900,6.650000,6.675000,61710
2026-06-01 16:35:00+00:00,6.675000,6.710000,6.673400,6.705000,92562
2026-06-01 16:40:00+00:00,6.705000,6.730000,6.690100,6.725000,124556
2026-06-01 16:45:00+00:00,6.729900,6.740000,6.710100,6.725000,185482
2026-06-01 16:50:00+00:00,6.725000,6.735000,6.710000,6.730000,67998
2026-06-01 16:55:00+00:00,6.735000,6.740000,6.720000,6.725000,52469
2026-06-01 17:00:00+00:00,6.725000,6.745000,6.710000,6.745000,66097
2026-06-01 17:05:00+00:00,6.745000,6.770000,6.732700,6.765000,126101
2026-06-01 17:10:00+00:00,6.770000,6.800000,6.730000,6.765000,253336
2026-06-01 17:15:00+00:00,6.765000,6.775000,6.750000,6.758900,72495
2026-06-01 17:20:00+00:00,6.755000,6.780000,6.745000,6.775000,97869
2026-06-01 17:25:00+00:00,6.770100,6.770100,6.730100,6.755000,113779
2026-06-01 17:30:00+00:00,6.750100,6.755000,6.710700,6.725000,145234
2026-06-01 17:35:00+00:00,6.722200,6.735000,6.700000,6.700000,70600
2026-06-01 17:40:00+00:00,6.700000,6.740000,6.700000,6.740000,81387
2026-06-01 17:45:00+00:00,6.735000,6.770000,6.725000,6.730000,167791
2026-06-01 17:50:00+00:00,6.730000,6.740000,6.730000,6.735000,86801
2026-06-01 17:55:00+00:00,6.739900,6.739900,6.710000,6.715000,43431
2026-06-01 18:00:00+00:00,6.715000,6.735400,6.705000,6.735400,64458
2026-06-01 18:05:00+00:00,6.735000,6.745000,6.730000,6.735000,92441
2026-06-01 18:10:00+00:00,6.731100,6.740000,6.710100,6.725000,71297
2026-06-01 18:15:00+00:00,6.725000,6.730000,6.715000,6.715000,54094
2026-06-01 18:20:00+00:00,6.720000,6.739300,6.710100,6.735000,32931
2026-06-01 18:25:00+00:00,6.735000,6.740000,6.730000,6.735000,33095
2026-06-01 18:30:00+00:00,6.730000,6.755000,6.730000,6.755000,78852
2026-06-01 18:35:00+00:00,6.755000,6.770000,6.750100,6.765000,53634
2026-06-01 18:40:00+00:00,6.761800,6.785000,6.761800,6.780100,40201
2026-06-01 18:45:00+00:00,6.780000,6.805000,6.780000,6.800000,230969
2026-06-01 18:50:00+00:00,6.800000,6.805000,6.772300,6.775000,74233
2026-06-01 18:55:00+00:00,6.775000,6.780000,6.740000,6.755000,164285
2026-06-01 19:00:00+00:00,6.753700,6.770000,6.690000,6.705000,253534
2026-06-01 19:05:00+00:00,6.709900,6.710000,6.695000,6.702300,84237
2026-06-01 19:10:00+00:00,6.705000,6.709000,6.680000,6.695000,124742
2026-06-01 19:15:00+00:00,6.695000,6.710000,6.690000,6.707500,71986
2026-06-01 19:20:00+00:00,6.710000,6.715000,6.680000,6.690000,111649
2026-06-01 19:25:00+00:00,6.685000,6.700000,6.685000,6.695000,33300
2026-06-01 19:30:00+00:00,6.700000,6.700000,6.680000,6.690000,101652
2026-06-01 19:35:00+00:00,6.687700,6.690000,6.670000,6.675000,93210
2026-06-01 19:40:00+00:00,6.675000,6.680000,6.650000,6.665000,126473
2026-06-01 19:45:00+00:00,6.665000,6.680000,6.635000,6.670000,289228
2026-06-01 19:50:00+00:00,6.665000,6.685000,6.630000,6.635000,256282
2026-06-01 19:55:00+00:00,6.635000,6.685000,6.630000,6.671000,673095
2026-06-02 13:30:00+00:00,6.650000,6.670000,6.590000,6.610000,725808
2026-06-02 13:35:00+00:00,6.619100,6.619100,6.510000,6.520000,305458
2026-06-02 13:40:00+00:00,6.519800,6.700000,6.515000,6.660000,205014
2026-06-02 13:45:00+00:00,6.650000,6.700000,6.630000,6.648900,166583
2026-06-02 13:50:00+00:00,6.650000,6.699700,6.635000,6.640000,116972
2026-06-02 13:55:00+00:00,6.630000,6.670000,6.610000,6.650000,213425
2026-06-02 14:00:00+00:00,6.650000,6.650000,6.555000,6.585000,104542
2026-06-02 14:05:00+00:00,6.580000,6.605000,6.570000,6.570000,88665
2026-06-02 14:10:00+00:00,6.570000,6.610000,6.570000,6.580000,79514
2026-06-02 14:15:00+00:00,6.590000,6.605000,6.559300,6.605000,102971
2026-06-02 14:20:00+00:00,6.605000,6.620000,6.565000,6.570000,124478
2026-06-02 14:25:00+00:00,6.565000,6.588000,6.555000,6.580100,184013
2026-06-02 14:30:00+00:00,6.580000,6.715000,6.570000,6.675000,311948
2026-06-02 14:35:00+00:00,6.670000,6.740000,6.670000,6.725000,161644
2026-06-02 14:40:00+00:00,6.725000,6.790000,6.720000,6.785000,217781
2026-06-02 14:45:00+00:00,6.780100,6.800000,6.760000,6.790000,220376
2026-06-02 14:50:00+00:00,6.780000,6.800000,6.770000,6.785000,81791
2026-06-02 14:55:00+00:00,6.785400,6.800000,6.775000,6.800000,98744
2026-06-02 15:00:00+00:00,6.800000,6.810000,6.740000,6.743200,261432
2026-06-02 15:05:00+00:00,6.740000,6.755000,6.720000,6.720000,80314
2026-06-02 15:10:00+00:00,6.720000,6.720000,6.700000,6.705000,79759
2026-06-02 15:15:00+00:00,6.705000,6.705000,6.660100,6.674500,113358
2026-06-02 15:20:00+00:00,6.670000,6.689900,6.670000,6.685000,75352
2026-06-02 15:25:00+00:00,6.685000,6.695000,6.670100,6.685000,99473
2026-06-02 15:30:00+00:00,6.685600,6.690000,6.645000,6.645000,112001
2026-06-02 15:35:00+00:00,6.640100,6.660000,6.640000,6.645000,83069
2026-06-02 15:40:00+00:00,6.645000,6.660000,6.630000,6.655000,60355
2026-06-02 15:45:00+00:00,6.655000,6.675000,6.640000,6.650000,49793
2026-06-02 15:50:00+00:00,6.649900,6.649900,6.585000,6.595000,141375
2026-06-02 15:55:00+00:00,6.595000,6.600000,6.590000,6.595000,63775
2026-06-02 16:00:00+00:00,6.595000,6.595000,6.560000,6.570000,118974
2026-06-02 16:05:00+00:00,6.565000,6.580000,6.553200,6.560000,154066
2026-06-02 16:10:00+00:00,6.555000,6.560000,6.539900,6.550000,168591
2026-06-02 16:15:00+00:00,6.545000,6.580000,6.545000,6.570000,150506
2026-06-02 16:20:00+00:00,6.569700,6.570000,6.540100,6.550000,87840
2026-06-02 16:25:00+00:00,6.545000,6.550000,6.510000,6.520000,199355
2026-06-02 16:30:00+00:00,6.519900,6.519900,6.460000,6.465000,261545
2026-06-02 16:35:00+00:00,6.470000,6.470000,6.440000,6.450000,104693
2026-06-02 16:40:00+00:00,6.445000,6.459900,6.440000,6.455000,43842
2026-06-02 16:45:00+00:00,6.450100,6.480000,6.450100,6.465000,90120
2026-06-02 16:50:00+00:00,6.465000,6.470000,6.440100,6.440100,148158
2026-06-02 16:55:00+00:00,6.445000,6.450000,6.425000,6.440100,222853
2026-06-02 17:00:00+00:00,6.445000,6.475000,6.445000,6.469800,167102
2026-06-02 17:05:00+00:00,6.465000,6.480000,6.450000,6.475000,67228
2026-06-02 17:10:00+00:00,6.479900,6.480000,6.455000,6.479700,117411
2026-06-02 17:15:00+00:00,6.475000,6.490000,6.470000,6.475000,114518
2026-06-02 17:20:00+00:00,6.475000,6.479900,6.460000,6.465000,81045
2026-06-02 17:25:00+00:00,6.460000,6.470000,6.450000,6.460000,100987
2026-06-02 17:30:00+00:00,6.460000,6.475000,6.440000,6.455000,129859
2026-06-02 17:35:00+00:00,6.459900,6.459900,6.440000,6.440000,76987
2026-06-02 17:40:00+00:00,6.445000,6.450000,6.440000,6.445000,47950
2026-06-02 17:45:00+00:00,6.445000,6.459900,6.430000,6.430000,69423
2026-06-02 17:50:00+00:00,6.435000,6.435000,6.410000,6.415000,51448
2026-06-02 17:55:00+00:00,6.415000,6.425000,6.400000,6.420100,87899
2026-06-02 18:00:00+00:00,6.420000,6.435600,6.415000,6.415000,83440
2026-06-02 18:05:00+00:00,6.420000,6.420000,6.400000,6.409900,96478
2026-06-02 18:10:00+00:00,6.409900,6.420000,6.400500,6.409800,73219
2026-06-02 18:15:00+00:00,6.400000,6.400000,6.370100,6.370300,187846
2026-06-02 18:20:00+00:00,6.380000,6.380000,6.360000,6.375000,81474
2026-06-02 18:25:00+00:00,6.375000,6.380000,6.350000,6.365000,132062
2026-06-02 18:30:00+00:00,6.365000,6.370000,6.360000,6.370000,47810
2026-06-02 18:35:00+00:00,6.370000,6.380000,6.365000,6.380000,84699
2026-06-02 18:40:00+00:00,6.370700,6.380000,6.360000,6.375000,53196
2026-06-02 18:45:00+00:00,6.375000,6.375000,6.350000,6.366900,73267
2026-06-02 18:50:00+00:00,6.370000,6.380000,6.350000,6.355000,123324
2026-06-02 18:55:00+00:00,6.355000,6.360000,6.345000,6.350100,79464
2026-06-02 19:00:00+00:00,6.350000,6.350000,6.325000,6.350000,109696
2026-06-02 19:05:00+00:00,6.350000,6.366200,6.340000,6.350000,72133
2026-06-02 19:10:00+00:00,6.350000,6.360000,6.320000,6.320000,75300
2026-06-02 19:15:00+00:00,6.320100,6.330000,6.270000,6.270000,213463
2026-06-02 19:20:00+00:00,6.275000,6.277500,6.235000,6.245000,323204
2026-06-02 19:25:00+00:00,6.240000,6.310000,6.240000,6.309000,313103
2026-06-02 19:30:00+00:00,6.305000,6.315000,6.280000,6.285000,120337
2026-06-02 19:35:00+00:00,6.285000,6.300000,6.285000,6.295000,80172
2026-06-02 19:40:00+00:00,6.300000,6.319900,6.290000,6.295000,129535
2026-06-02 19:45:00+00:00,6.290000,6.300000,6.270000,6.275000,140184
2026-06-02 19:50:00+00:00,6.280000,6.280000,6.205000,6.213000,430034
2026-06-02 19:55:00+00:00,6.210000,6.210000,6.160000,6.160000,781630
2026-06-03 13:30:00+00:00,5.988900,6.010000,5.920000,5.959800,1177896
2026-06-03 13:35:00+00:00,5.957200,5.985000,5.885000,5.885000,423731
2026-06-03 13:40:00+00:00,5.885000,5.910000,5.860000,5.875000,396380
2026-06-03 13:45:00+00:00,5.875000,5.880000,5.820000,5.820000,462222
2026-06-03 13:50:00+00:00,5.830000,5.870000,5.820000,5.840000,294911
2026-06-03 13:55:00+00:00,5.845000,5.870000,5.820000,5.820000,321524
2026-06-03 14:00:00+00:00,5.825000,5.850000,5.815000,5.839700,237141
2026-06-03 14:05:00+00:00,5.840000,5.890000,5.840000,5.885000,199045
2026-06-03 14:10:00+00:00,5.890000,5.925000,5.885000,5.901000,241398
2026-06-03 14:15:00+00:00,5.900000,5.970000,5.895000,5.955000,392334
2026-06-03 14:20:00+00:00,5.955900,6.000000,5.949900,5.982200,168843
2026-06-03 14:25:00+00:00,5.985000,6.010000,5.970000,5.973200,172868
2026-06-03 14:30:00+00:00,5.975000,6.027500,5.960000,6.020100,162358
2026-06-03 14:35:00+00:00,6.030000,6.040000,5.980000,6.005000,207065
2026-06-03 14:40:00+00:00,6.005000,6.030000,6.000000,6.005000,69693
2026-06-03 14:45:00+00:00,6.005000,6.017400,5.980000,5.989900,94989
2026-06-03 14:50:00+00:00,5.985000,5.990000,5.960000,5.965000,75046
2026-06-03 14:55:00+00:00,5.970000,5.970000,5.945000,5.955000,193426
2026-06-03 15:00:00+00:00,5.955000,5.969900,5.950000,5.955000,171903
2026-06-03 15:05:00+00:00,5.950000,5.950000,5.915000,5.940000,182609
2026-06-03 15:10:00+00:00,5.930000,5.940000,5.920000,5.920000,146991
2026-06-03 15:15:00+00:00,5.930000,5.930000,5.903400,5.925000,206330
2026-06-03 15:20:00+00:00,5.925000,5.937400,5.920000,5.925000,80247
2026-06-03 15:25:00+00:00,5.927700,5.950000,5.915000,5.945000,80914
2026-06-03 15:30:00+00:00,5.945000,5.950000,5.920000,5.925000,120747
2026-06-03 15:35:00+00:00,5.925000,5.925000,5.900000,5.920000,63007
2026-06-03 15:40:00+00:00,5.920000,5.930000,5.920000,5.925000,37304
2026-06-03 15:45:00+00:00,5.923500,5.935000,5.915000,5.929700,63935
2026-06-03 15:50:00+00:00,5.925000,5.940000,5.915000,5.925000,94692
2026-06-03 15:55:00+00:00,5.930000,5.955000,5.930000,5.949900,76037
2026-06-03 16:00:00+00:00,5.945000,5.945000,5.915000,5.915000,67703
2026-06-03 16:05:00+00:00,5.910100,5.929900,5.905000,5.905000,59433
2026-06-03 16:10:00+00:00,5.905000,5.910000,5.890000,5.890100,162558
2026-06-03 16:15:00+00:00,5.895000,5.895000,5.860000,5.870000,144301
2026-06-03 16:20:00+00:00,5.870000,5.870000,5.860000,5.865000,74436
2026-06-03 16:25:00+00:00,5.860000,5.870000,5.850000,5.860000,143899
2026-06-03 16:30:00+00:00,5.864100,5.870000,5.860000,5.865000,120772
2026-06-03 16:35:00+00:00,5.865000,5.880000,5.860000,5.865000,144457
2026-06-03 16:40:00+00:00,5.865000,5.870000,5.850000,5.850000,144288
2026-06-03 16:45:00+00:00,5.859900,5.870000,5.856300,5.865000,105099
2026-06-03 16:50:00+00:00,5.865000,5.870000,5.860000,5.860000,48686
2026-06-03 16:55:00+00:00,5.865000,5.880000,5.860000,5.869900,57748
2026-06-03 17:00:00+00:00,5.865000,5.870000,5.860000,5.865000,55333
2026-06-03 17:05:00+00:00,5.865000,5.870000,5.855000,5.860000,111444
2026-06-03 17:10:00+00:00,5.865000,5.869900,5.835000,5.849900,185842
2026-06-03 17:15:00+00:00,5.845000,5.850000,5.830000,5.840000,114847
2026-06-03 17:20:00+00:00,5.840000,5.850000,5.835000,5.845000,80061
2026-06-03 17:25:00+00:00,5.845000,5.865000,5.840000,5.865000,51612
2026-06-03 17:30:00+00:00,5.865000,5.880000,5.860000,5.875000,133028
2026-06-03 17:35:00+00:00,5.880000,5.899700,5.875100,5.880000,47347
2026-06-03 17:40:00+00:00,5.880000,5.890000,5.875000,5.875000,64117
2026-06-03 17:45:00+00:00,5.875000,5.889700,5.870000,5.885000,42175
2026-06-03 17:50:00+00:00,5.880000,5.889900,5.870000,5.879900,111339
2026-06-03 17:55:00+00:00,5.875000,5.880000,5.860000,5.865000,55783
2026-06-03 18:00:00+00:00,5.865000,5.880000,5.860000,5.865000,57333
2026-06-03 18:05:00+00:00,5.865000,5.910000,5.860000,5.890000,135055
2026-06-03 18:10:00+00:00,5.885000,5.890000,5.860000,5.865000,88163
2026-06-03 18:15:00+00:00,5.864100,5.878500,5.860000,5.875000,51010
2026-06-03 18:20:00+00:00,5.879000,5.880000,5.860000,5.865000,75058
2026-06-03 18:25:00+00:00,5.870000,5.889900,5.860000,5.885000,74325
2026-06-03 18:30:00+00:00,5.885000,5.900000,5.840000,5.855000,233122
2026-06-03 18:35:00+00:00,5.855000,5.870000,5.850000,5.860000,110964
2026-06-03 18:40:00+00:00,5.870000,5.870000,5.840000,5.845000,67959
2026-06-03 18:45:00+00:00,5.845000,5.848700,5.810000,5.810000,302681
2026-06-03 18:50:00+00:00,5.810000,5.820000,5.800000,5.800000,129667
2026-06-03 18:55:00+00:00,5.809000,5.810000,5.780000,5.780000,309300
2026-06-03 19:00:00+00:00,5.785000,5.785000,5.750000,5.755000,173352
2026-06-03 19:05:00+00:00,5.755000,5.770000,5.750000,5.750000,160435
2026-06-03 19:10:00+00:00,5.755000,5.779900,5.750000,5.765000,197718
2026-06-03 19:15:00+00:00,5.765000,5.770000,5.750000,5.765000,102671
2026-06-03 19:20:00+00:00,5.765000,5.765000,5.720000,5.745000,640603
2026-06-03 19:25:00+00:00,5.745000,5.750000,5.720000,5.735000,180559
2026-06-03 19:30:00+00:00,5.735000,5.740000,5.700000,5.702300,291157
2026-06-03 19:35:00+00:00,5.710000,5.720000,5.700000,5.710000,200660
2026-06-03 19:40:00+00:00,5.710000,5.730000,5.710000,5.725000,200504
2026-06-03 19:45:00+00:00,5.720000,5.760000,5.720000,5.750000,454741
2026-06-03 19:50:00+00:00,5.750000,5.757000,5.740000,5.745000,327024
2026-06-03 19:55:00+00:00,5.745000,5.760000,5.705000,5.715000,1340231
2026-06-04 13:30:00+00:00,5.750000,5.760000,5.675000,5.728000,991686
2026-06-04 13:35:00+00:00,5.720000,5.780000,5.720000,5.775000,220684
2026-06-04 13:40:00+00:00,5.775000,5.800000,5.730000,5.735000,388332
2026-06-04 13:45:00+00:00,5.740000,5.750000,5.710000,5.725000,161725
2026-06-04 13:50:00+00:00,5.725000,5.750000,5.720000,5.730100,90143
2026-06-04 13:55:00+00:00,5.730000,5.750000,5.720000,5.735000,158670
2026-06-04 14:00:00+00:00,5.740000,5.775000,5.714100,5.735000,292302
2026-06-04 14:05:00+00:00,5.730000,5.761000,5.714900,5.745000,259118
2026-06-04 14:10:00+00:00,5.745000,5.800000,5.745000,5.795000,208518
2026-06-04 14:15:00+00:00,5.799900,5.799900,5.745000,5.745000,87116
2026-06-04 14:20:00+00:00,5.740000,5.770000,5.735000,5.760100,88660
2026-06-04 14:25:00+00:00,5.760000,5.790000,5.760000,5.779900,110967
2026-06-04 14:30:00+00:00,5.775000,5.785000,5.750100,5.780000,72544
2026-06-04 14:35:00+00:00,5.785000,5.789000,5.751000,5.751000,65265
2026-06-04 14:40:00+00:00,5.760000,5.770000,5.745000,5.745000,58998
2026-06-04 14:45:00+00:00,5.750000,5.770000,5.740000,5.749900,60851
2026-06-04 14:50:00+00:00,5.745000,5.785000,5.745000,5.785000,94752
2026-06-04 14:55:00+00:00,5.785000,5.810000,5.780100,5.799900,110876
2026-06-04 15:00:00+00:00,5.800000,5.840000,5.795000,5.820000,190110
2026-06-04 15:05:00+00:00,5.825000,5.840000,5.820000,5.825000,156497
2026-06-04 15:10:00+00:00,5.825000,5.850000,5.820000,5.835000,190936
2026-06-04 15:15:00+00:00,5.835000,5.840000,5.810000,5.815000,71970
2026-06-04 15:20:00+00:00,5.820000,5.820000,5.795000,5.819900,153923
2026-06-04 15:25:00+00:00,5.810100,5.830000,5.810000,5.825000,91997
2026-06-04 15:30:00+00:00,5.825000,5.830000,5.820000,5.825000,79314
2026-06-04 15:35:00+00:00,5.825000,5.825000,5.790000,5.795000,139841
2026-06-04 15:40:00+00:00,5.790000,5.795000,5.770000,5.775000,175398
2026-06-04 15:45:00+00:00,5.776600,5.780000,5.770000,5.780000,53149
2026-06-04 15:50:00+00:00,5.775000,5.780000,5.770000,5.775000,66778
2026-06-04 15:55:00+00:00,5.775000,5.780000,5.750000,5.750000,127462
2026-06-04 16:00:00+00:00,5.750000,5.750000,5.720000,5.735000,207128
2026-06-04 16:05:00+00:00,5.735000,5.750000,5.730000,5.740200,64836
2026-06-04 16:10:00+00:00,5.745000,5.775000,5.740000,5.775000,100804
2026-06-04 16:15:00+00:00,5.770000,5.780000,5.770000,5.775000,28888
2026-06-04 16:20:00+00:00,5.775000,5.775000,5.750000,5.755000,58538
2026-06-04 16:25:00+00:00,5.755000,5.760000,5.740000,5.740000,47887
2026-06-04 16:30:00+00:00,5.740000,5.742600,5.730000,5.740000,44656
2026-06-04 16:35:00+00:00,5.735000,5.750000,5.730100,5.740400,54856
2026-06-04 16:40:00+00:00,5.740100,5.750000,5.740100,5.745000,21766
2026-06-04 16:45:00+00:00,5.745000,5.750000,5.730000,5.735000,60183
2026-06-04 16:50:00+00:00,5.730000,5.740000,5.715000,5.715000,85873
2026-06-04 16:55:00+00:00,5.710000,5.715000,5.700000,5.705000,87513
2026-06-04 17:00:00+00:00,5.705000,5.720000,5.705000,5.715000,54894
2026-06-04 17:05:00+00:00,5.710000,5.730000,5.710000,5.730000,93752
2026-06-04 17:10:00+00:00,5.725000,5.750000,5.725000,5.730000,106606
2026-06-04 17:15:00+00:00,5.730000,5.740000,5.725000,5.730000,66689
2026-06-04 17:20:00+00:00,5.735000,5.750000,5.730000,5.745000,29773
2026-06-04 17:25:00+00:00,5.750000,5.770000,5.740000,5.770000,77649
2026-06-04 17:30:00+00:00,5.765000,5.770000,5.750000,5.755000,32597
2026-06-04 17:35:00+00:00,5.750700,5.750700,5.730000,5.739900,52261
2026-06-04 17:40:00+00:00,5.735000,5.740000,5.730000,5.735000,40725
2026-06-04 17:45:00+00:00,5.730000,5.738000,5.710000,5.715000,135344
2026-06-04 17:50:00+00:00,5.715000,5.730000,5.710000,5.725000,70294
2026-06-04 17:55:00+00:00,5.725000,5.749900,5.725000,5.745000,89246
2026-06-04 18:00:00+00:00,5.745000,5.745000,5.725000,5.735000,62470
2026-06-04 18:05:00+00:00,5.735000,5.750000,5.725000,5.740000,156273
2026-06-04 18:10:00+00:00,5.740000,5.750000,5.740000,5.745000,61850
2026-06-04 18:15:00+00:00,5.749900,5.759900,5.740000,5.740100,50295
2026-06-04 18:20:00+00:00,5.750000,5.760000,5.745000,5.759900,69174
2026-06-04 18:25:00+00:00,5.750000,5.759900,5.750000,5.750000,89605
2026-06-04 18:30:00+00:00,5.750000,5.750000,5.730000,5.735000,58900
2026-06-04 18:35:00+00:00,5.730000,5.745000,5.720000,5.738800,133054
2026-06-04 18:40:00+00:00,5.739900,5.740000,5.721400,5.725000,62967
2026-06-04 18:45:00+00:00,5.725000,5.730000,5.710000,5.715000,66569
2026-06-04 18:50:00+00:00,5.715000,5.715000,5.705000,5.705000,80385
2026-06-04 18:55:00+00:00,5.705000,5.720000,5.705000,5.705000,58289
2026-06-04 19:00:00+00:00,5.705000,5.720000,5.700000,5.716000,138857
2026-06-04 19:05:00+00:00,5.720000,5.740000,5.715000,5.740000,115316
2026-06-04 19:10:00+00:00,5.730000,5.760000,5.730000,5.760000,59565
2026-06-04 19:15:00+00:00,5.760000,5.760000,5.740000,5.741000,129400
2026-06-04 19:20:00+00:00,5.740000,5.750000,5.720000,5.725000,87400
2026-06-04 19:25:00+00:00,5.730000,5.730000,5.710000,5.710000,130126
2026-06-04 19:30:00+00:00,5.720000,5.728600,5.710000,5.710000,82427
2026-06-04 19:35:00+00:00,5.717000,5.730000,5.710000,5.720100,154889
2026-06-04 19:40:00+00:00,5.720000,5.725000,5.705000,5.705000,126232
2026-06-04 19:45:00+00:00,5.707700,5.720000,5.705000,5.710000,88996
2026-06-04 19:50:00+00:00,5.710000,5.745000,5.702300,5.737000,317227
2026-06-04 19:55:00+00:00,5.735000,5.735000,5.690000,5.690000,676818
2026-06-05 13:30:00+00:00,5.660000,5.700000,5.610000,5.650100,711457
2026-06-05 13:35:00+00:00,5.655000,5.670000,5.611100,5.625000,251979
2026-06-05 13:40:00+00:00,5.629900,5.630000,5.570000,5.595000,456644
2026-06-05 13:45:00+00:00,5.595000,5.600000,5.550000,5.555000,333957
2026-06-05 13:50:00+00:00,5.555000,5.560000,5.520000,5.535000,357050
2026-06-05 13:55:00+00:00,5.535000,5.540000,5.470000,5.480100,822556
2026-06-05 14:00:00+00:00,5.485000,5.530000,5.485000,5.510200,202001
2026-06-05 14:05:00+00:00,5.515000,5.520000,5.490000,5.495000,458013
2026-06-05 14:10:00+00:00,5.500000,5.500000,5.480000,5.485000,234324
2026-06-05 14:15:00+00:00,5.485000,5.490000,5.440000,5.450000,409976
2026-06-05 14:20:00+00:00,5.455000,5.459900,5.420000,5.429900,508190
2026-06-05 14:25:00+00:00,5.425000,5.430000,5.400000,5.410000,309554
2026-06-05 14:30:00+00:00,5.420000,5.440000,5.410000,5.415000,362532
2026-06-05 14:35:00+00:00,5.410000,5.430000,5.390000,5.395000,386985
2026-06-05 14:40:00+00:00,5.390000,5.400000,5.360000,5.385000,533677
2026-06-05 14:45:00+00:00,5.385000,5.400000,5.340000,5.345000,511518
2026-06-05 14:50:00+00:00,5.345000,5.350000,5.330000,5.340000,370637
2026-06-05 14:55:00+00:00,5.330000,5.340000,5.250000,5.255000,668809
2026-06-05 15:00:00+00:00,5.255000,5.260000,5.230000,5.235000,581573
2026-06-05 15:05:00+00:00,5.240000,5.240000,5.210000,5.215000,279600
2026-06-05 15:10:00+00:00,5.215000,5.230000,5.140000,5.149900,872174
2026-06-05 15:15:00+00:00,5.145000,5.180000,5.140000,5.170000,350805
2026-06-05 15:20:00+00:00,5.170000,5.180000,5.140000,5.155000,406447
2026-06-05 15:25:00+00:00,5.159900,5.165000,5.140000,5.145000,219222
2026-06-05 15:30:00+00:00,5.140000,5.159900,5.130000,5.140000,377418
2026-06-05 15:35:00+00:00,5.149900,5.150000,5.130000,5.135000,154257
2026-06-05 15:40:00+00:00,5.140000,5.229900,5.110800,5.185000,505298
2026-06-05 15:45:00+00:00,5.188600,5.200000,5.155000,5.165000,223827
2026-06-05 15:50:00+00:00,5.165000,5.210000,5.165000,5.200100,247319
2026-06-05 15:55:00+00:00,5.202800,5.250000,5.180000,5.235000,216824
2026-06-05 16:00:00+00:00,5.240000,5.240000,5.210000,5.215000,306427
2026-06-05 16:05:00+00:00,5.215200,5.225100,5.200000,5.200000,187831
2026-06-05 16:10:00+00:00,5.205000,5.210000,5.200000,5.200100,99631
2026-06-05 16:15:00+00:00,5.200000,5.205000,5.180000,5.185000,188757
2026-06-05 16:20:00+00:00,5.180000,5.200000,5.180000,5.199900,171349
2026-06-05 16:25:00+00:00,5.195000,5.210000,5.190000,5.210000,116248
2026-06-05 16:30:00+00:00,5.205000,5.205000,5.190000,5.195000,113773
2026-06-05 16:35:00+00:00,5.195000,5.210000,5.190000,5.205000,89575
2026-06-05 16:40:00+00:00,5.201000,5.206800,5.180000,5.185000,126346
2026-06-05 16:45:00+00:00,5.190000,5.200700,5.170000,5.192900,269053
2026-06-05 16:50:00+00:00,5.195000,5.230000,5.191000,5.225000,220044
2026-06-05 16:55:00+00:00,5.220100,5.240000,5.215000,5.231000,136355
2026-06-05 17:00:00+00:00,5.235000,5.240000,5.210000,5.219900,87134
2026-06-05 17:05:00+00:00,5.218600,5.220000,5.205000,5.210000,66732
2026-06-05 17:10:00+00:00,5.205000,5.210000,5.195000,5.205000,120835
2026-06-05 17:15:00+00:00,5.210000,5.210000,5.190100,5.195000,72391
2026-06-05 17:20:00+00:00,5.199900,5.200000,5.190000,5.200000,78735
2026-06-05 17:25:00+00:00,5.192500,5.200000,5.170000,5.180000,143824
2026-06-05 17:30:00+00:00,5.185000,5.185000,5.170000,5.170000,60903
2026-06-05 17:35:00+00:00,5.177900,5.180000,5.170000,5.175000,104542
2026-06-05 17:40:00+00:00,5.175000,5.180000,5.160000,5.167700,222890
2026-06-05 17:45:00+00:00,5.165000,5.200000,5.160000,5.190000,257346
2026-06-05 17:50:00+00:00,5.190000,5.200000,5.180000,5.190000,283852
2026-06-05 17:55:00+00:00,5.188400,5.196400,5.170000,5.196400,164486
2026-06-05 18:00:00+00:00,5.195000,5.200000,5.175000,5.175000,91164
2026-06-05 18:05:00+00:00,5.175000,5.179900,5.140000,5.145000,345781
2026-06-05 18:10:00+00:00,5.150000,5.160000,5.140100,5.160000,188314
2026-06-05 18:15:00+00:00,5.155000,5.159900,5.130000,5.135000,226614
2026-06-05 18:20:00+00:00,5.135000,5.140000,5.130000,5.135000,151538
2026-06-05 18:25:00+00:00,5.135000,5.140000,5.130000,5.135000,189493
2026-06-05 18:30:00+00:00,5.135000,5.140000,5.130000,5.130100,206977
2026-06-05 18:35:00+00:00,5.136500,5.140000,5.130000,5.140000,164541
2026-06-05 18:40:00+00:00,5.135000,5.140000,5.105000,5.115000,497018
2026-06-05 18:45:00+00:00,5.110000,5.120000,5.110000,5.115000,329793
2026-06-05 18:50:00+00:00,5.115000,5.120000,5.110000,5.115000,117960
2026-06-05 18:55:00+00:00,5.120000,5.140000,5.115000,5.132500,352636
2026-06-05 19:00:00+00:00,5.140000,5.150000,5.130000,5.135000,225992
2026-06-05 19:05:00+00:00,5.130000,5.140000,5.120000,5.120000,168949
2026-06-05 19:10:00+00:00,5.124000,5.129900,5.100000,5.105000,308946
2026-06-05 19:15:00+00:00,5.105000,5.110000,5.090000,5.105000,394812
2026-06-05 19:20:00+00:00,5.100000,5.110000,5.100000,5.110000,148675
2026-06-05 19:25:00+00:00,5.105000,5.110000,5.100000,5.105000,292930
2026-06-05 19:30:00+00:00,5.110000,5.110000,5.100000,5.105000,258378
2026-06-05 19:35:00+00:00,5.105000,5.130000,5.105000,5.127200,519546
2026-06-05 19:40:00+00:00,5.130000,5.140000,5.120000,5.125000,287358
2026-06-05 19:45:00+00:00,5.125000,5.150000,5.125000,5.150000,478842
2026-06-05 19:50:00+00:00,5.145000,5.160000,5.140100,5.155000,411854
2026-06-05 19:55:00+00:00,5.150000,5.160000,5.110000,5.115000,768914
2026-06-08 13:30:00+00:00,5.220000,5.235000,5.155000,5.180000,1161471
2026-06-08 13:35:00+00:00,5.185000,5.190000,5.150000,5.160000,271439
2026-06-08 13:40:00+00:00,5.150000,5.160000,5.150000,5.155000,221066
2026-06-08 13:45:00+00:00,5.155000,5.160000,5.130000,5.130100,483380
2026-06-08 13:50:00+00:00,5.139500,5.140000,5.020100,5.040000,1174539
2026-06-08 13:55:00+00:00,5.045000,5.059900,5.000000,5.017500,686472
2026-06-08 14:00:00+00:00,5.010200,5.105000,5.010100,5.080100,695423
2026-06-08 14:05:00+00:00,5.085000,5.098800,5.040000,5.045000,362475
2026-06-08 14:10:00+00:00,5.050000,5.080000,5.040000,5.075000,449185
2026-06-08 14:15:00+00:00,5.075000,5.090000,5.050000,5.050000,156164
2026-06-08 14:20:00+00:00,5.055000,5.070000,5.030000,5.062200,742877
2026-06-08 14:25:00+00:00,5.069900,5.100000,5.055000,5.075000,190426
2026-06-08 14:30:00+00:00,5.070000,5.100000,5.060000,5.085000,247016
2026-06-08 14:35:00+00:00,5.089900,5.090000,5.070000,5.075000,113144
2026-06-08 14:40:00+00:00,5.080000,5.080000,5.060000,5.070000,174274
2026-06-08 14:45:00+00:00,5.070000,5.089900,5.065000,5.065000,115340
2026-06-08 14:50:00+00:00,5.060000,5.070000,5.060000,5.070000,156601
2026-06-08 14:55:00+00:00,5.070000,5.080000,5.060000,5.065000,162574
2026-06-08 15:00:00+00:00,5.065000,5.080000,5.062500,5.075000,105625
2026-06-08 15:05:00+00:00,5.071100,5.075000,5.040000,5.045000,315221
2026-06-08 15:10:00+00:00,5.040000,5.050000,5.030000,5.045000,347323
2026-06-08 15:15:00+00:00,5.040000,5.070000,5.040000,5.055000,182206
2026-06-08 15:20:00+00:00,5.055000,5.080000,5.055000,5.065000,133397
2026-06-08 15:25:00+00:00,5.065000,5.090000,5.060000,5.060000,124718
2026-06-08 15:30:00+00:00,5.070000,5.070000,5.040000,5.055000,363960
2026-06-08 15:35:00+00:00,5.056600,5.120000,5.052500,5.120000,174790
2026-06-08 15:40:00+00:00,5.120000,5.130000,5.110000,5.110100,218326
2026-06-08 15:45:00+00:00,5.111900,5.170000,5.110000,5.145000,413496
2026-06-08 15:50:00+00:00,5.149900,5.180000,5.140100,5.180000,194382
2026-06-08 15:55:00+00:00,5.180000,5.180000,5.160000,5.165000,114082
2026-06-08 16:00:00+00:00,5.170000,5.170000,5.160000,5.165000,27905
2026-06-08 16:05:00+00:00,5.160100,5.170000,5.140100,5.150000,372333
2026-06-08 16:10:00+00:00,5.155000,5.155000,5.140000,5.147400,134176
2026-06-08 16:15:00+00:00,5.150000,5.170000,5.145000,5.165000,92254
2026-06-08 16:20:00+00:00,5.165000,5.179900,5.160000,5.170000,109677
2026-06-08 16:25:00+00:00,5.170000,5.175100,5.150000,5.155000,62113
2026-06-08 16:30:00+00:00,5.150000,5.155000,5.130000,5.130200,106365
2026-06-08 16:35:00+00:00,5.135000,5.140000,5.130000,5.135000,33308
2026-06-08 16:40:00+00:00,5.135000,5.140000,5.130000,5.135000,60943
2026-06-08 16:45:00+00:00,5.140000,5.140000,5.120000,5.125000,91798
2026-06-08 16:50:00+00:00,5.130000,5.130000,5.110000,5.110100,80885
2026-06-08 16:55:00+00:00,5.110000,5.140000,5.105000,5.127000,242052
2026-06-08 17:00:00+00:00,5.130000,5.130000,5.100000,5.102800,131519
2026-06-08 17:05:00+00:00,5.100600,5.120000,5.100000,5.115000,110146
2026-06-08 17:10:00+00:00,5.110000,5.130000,5.100000,5.120000,124263
2026-06-08 17:15:00+00:00,5.125000,5.130000,5.110000,5.115000,134642
2026-06-08 17:20:00+00:00,5.115000,5.120000,5.110000,5.110100,50801
2026-06-08 17:25:00+00:00,5.115000,5.125000,5.110000,5.125000,109889
2026-06-08 17:30:00+00:00,5.125000,5.130000,5.110000,5.120000,47368
2026-06-08 17:35:00+00:00,5.120000,5.125000,5.110000,5.120000,54643
2026-06-08 17:40:00+00:00,5.120100,5.129900,5.110000,5.115000,40245
2026-06-08 17:45:00+00:00,5.115000,5.130000,5.114100,5.125000,65458
2026-06-08 17:50:00+00:00,5.130000,5.130000,5.120000,5.125000,36353
2026-06-08 17:55:00+00:00,5.125000,5.150000,5.125000,5.135000,172013
2026-06-08 18:00:00+00:00,5.140000,5.150000,5.130100,5.140000,84921
2026-06-08 18:05:00+00:00,5.139900,5.150000,5.136300,5.145000,88051
2026-06-08 18:10:00+00:00,5.140100,5.150000,5.130000,5.130000,56310
2026-06-08 18:15:00+00:00,5.135000,5.165000,5.130000,5.145000,145335
2026-06-08 18:20:00+00:00,5.145000,5.150000,5.140000,5.145000,25360
2026-06-08 18:25:00+00:00,5.145000,5.145000,5.130100,5.145000,98015
2026-06-08 18:30:00+00:00,5.145000,5.150000,5.140000,5.140000,33751
2026-06-08 18:35:00+00:00,5.140000,5.145000,5.120000,5.120000,55471
2026-06-08 18:40:00+00:00,5.125000,5.140000,5.125000,5.140000,67420
2026-06-08 18:45:00+00:00,5.135000,5.140000,5.130000,5.135000,29983
2026-06-08 18:50:00+00:00,5.140000,5.150000,5.130000,5.150000,59537
2026-06-08 18:55:00+00:00,5.145000,5.160000,5.140000,5.160000,64064
2026-06-08 19:00:00+00:00,5.155000,5.170000,5.150000,5.159900,138280
2026-06-08 19:05:00+00:00,5.155000,5.160000,5.140000,5.145000,65883
2026-06-08 19:10:00+00:00,5.145000,5.155000,5.135000,5.135000,139556
2026-06-08 19:15:00+00:00,5.134100,5.140000,5.110000,5.110000,270682
2026-06-08 19:20:00+00:00,5.110000,5.120000,5.090000,5.095000,188292
2026-06-08 19:25:00+00:00,5.100000,5.100000,5.090000,5.095000,236430
2026-06-08 19:30:00+00:00,5.095000,5.120000,5.090000,5.115000,212891
2026-06-08 19:35:00+00:00,5.115000,5.120000,5.105000,5.115000,84860
2026-06-08 19:40:00+00:00,5.110000,5.120000,5.110000,5.115000,68973
2026-06-08 19:45:00+00:00,5.115000,5.120000,5.110000,5.115000,100212
2026-06-08 19:50:00+00:00,5.120000,5.120000,5.110000,5.115000,166358
2026-06-08 19:55:00+00:00,5.110000,5.115000,5.090000,5.095000,474040
2026-06-09 13:30:00+00:00,5.130000,5.235000,5.109700,5.231800,623101
2026-06-09 13:35:00+00:00,5.235000,5.340000,5.220000,5.305000,587929
2026-06-09 13:40:00+00:00,5.305000,5.320000,5.280000,5.289000,435737
2026-06-09 13:45:00+00:00,5.280000,5.390000,5.275000,5.370000,306411
2026-06-09 13:50:00+00:00,5.375000,5.390000,5.370000,5.375000,221160
2026-06-09 13:55:00+00:00,5.380000,5.460000,5.370000,5.455000,399887
2026-06-09 14:00:00+00:00,5.450000,5.450000,5.360100,5.362800,230619
2026-06-09 14:05:00+00:00,5.365000,5.365000,5.335000,5.355000,169787
2026-06-09 14:10:00+00:00,5.355000,5.355000,5.290000,5.295000,235879
2026-06-09 14:15:00+00:00,5.290000,5.295000,5.225000,5.230000,264193
2026-06-09 14:20:00+00:00,5.235000,5.280000,5.220000,5.275000,169183
2026-06-09 14:25:00+00:00,5.280000,5.290000,5.260000,5.264100,262130
2026-06-09 14:30:00+00:00,5.265000,5.269800,5.225000,5.245000,170313
2026-06-09 14:35:00+00:00,5.250000,5.250000,5.225000,5.235000,89335
2026-06-09 14:40:00+00:00,5.235000,5.250000,5.195000,5.195000,172471
2026-06-09 14:45:00+00:00,5.195000,5.210000,5.110000,5.125000,852314
2026-06-09 14:50:00+00:00,5.120000,5.175000,5.120000,5.175000,153834
2026-06-09 14:55:00+00:00,5.170000,5.180000,5.160000,5.175000,126634
2026-06-09 15:00:00+00:00,5.170000,5.170100,5.130000,5.145000,90278
2026-06-09 15:05:00+00:00,5.149900,5.175000,5.140000,5.175000,103608
2026-06-09 15:10:00+00:00,5.175000,5.190000,5.155000,5.165000,143794
2026-06-09 15:15:00+00:00,5.160000,5.167900,5.130000,5.135000,112798
2026-06-09 15:20:00+00:00,5.135000,5.140000,5.105000,5.105000,92759
2026-06-09 15:25:00+00:00,5.105000,5.105000,5.060000,5.073600,338812
2026-06-09 15:30:00+00:00,5.070200,5.090000,5.060000,5.085000,197686
2026-06-09 15:35:00+00:00,5.090000,5.100000,5.055000,5.080000,430035
2026-06-09 15:40:00+00:00,5.082300,5.110000,5.080000,5.095000,126641
2026-06-09 15:45:00+00:00,5.095000,5.100000,5.090000,5.095000,75238
2026-06-09 15:50:00+00:00,5.095000,5.100000,5.070000,5.070000,148318
2026-06-09 15:55:00+00:00,5.075000,5.080000,5.030000,5.050000,316717
2026-06-09 16:00:00+00:00,5.050000,5.070000,5.030000,5.055000,287993
2026-06-09 16:05:00+00:00,5.055000,5.055000,5.030000,5.035000,137786
2026-06-09 16:10:00+00:00,5.035000,5.050000,5.020000,5.045000,167313
2026-06-09 16:15:00+00:00,5.045000,5.050000,5.020000,5.020700,247264
2026-06-09 16:20:00+00:00,5.025000,5.060000,5.025000,5.055000,213222
2026-06-09 16:25:00+00:00,5.055000,5.090000,5.055000,5.085000,130216
2026-06-09 16:30:00+00:00,5.085000,5.110000,5.070000,5.105000,123185
2026-06-09 16:35:00+00:00,5.105000,5.125000,5.065000,5.072000,159155
2026-06-09 16:40:00+00:00,5.076000,5.085000,5.050000,5.060000,183476
2026-06-09 16:45:00+00:00,5.069900,5.085000,5.050100,5.055000,120999
2026-06-09 16:50:00+00:00,5.065000,5.070000,5.030000,5.030000,132588
2026-06-09 16:55:00+00:00,5.030000,5.070000,5.025000,5.065000,109094
2026-06-09 17:00:00+00:00,5.070000,5.115000,5.070000,5.115000,203262
2026-06-09 17:05:00+00:00,5.110000,5.110000,5.100000,5.100100,87854
2026-06-09 17:10:00+00:00,5.105000,5.119900,5.095000,5.105000,80008
2026-06-09 17:15:00+00:00,5.105000,5.120000,5.100100,5.120000,62733
2026-06-09 17:20:00+00:00,5.120000,5.140000,5.120000,5.125000,113037
2026-06-09 17:25:00+00:00,5.125000,5.140000,5.120000,5.125000,107616
2026-06-09 17:30:00+00:00,5.125000,5.140000,5.120000,5.125000,108796
2026-06-09 17:35:00+00:00,5.125000,5.135000,5.120000,5.135000,62341
2026-06-09 17:40:00+00:00,5.135000,5.160000,5.130000,5.160000,65997
2026-06-09 17:45:00+00:00,5.150000,5.155000,5.110000,5.115000,99192
2026-06-09 17:50:00+00:00,5.120000,5.140000,5.110000,5.135000,67415
2026-06-09 17:55:00+00:00,5.135000,5.152200,5.130200,5.140000,114461
2026-06-09 18:00:00+00:00,5.145000,5.160000,5.140000,5.149900,49679
2026-06-09 18:05:00+00:00,5.145000,5.150000,5.140000,5.145000,40484
2026-06-09 18:10:00+00:00,5.140000,5.150000,5.135000,5.140100,59679
2026-06-09 18:15:00+00:00,5.145000,5.150000,5.135000,5.150000,70906
2026-06-09 18:20:00+00:00,5.145000,5.150000,5.140000,5.150000,85206
2026-06-09 18:25:00+00:00,5.150000,5.165000,5.140000,5.165000,56278
2026-06-09 18:30:00+00:00,5.165000,5.175000,5.150100,5.155000,53144
2026-06-09 18:35:00+00:00,5.155000,5.175000,5.150100,5.175000,63231
2026-06-09 18:40:00+00:00,5.170100,5.175800,5.150000,5.155000,143633
2026-06-09 18:45:00+00:00,5.155000,5.170000,5.150000,5.150000,53148
2026-06-09 18:50:00+00:00,5.159900,5.160000,5.150000,5.155000,114886
2026-06-09 18:55:00+00:00,5.150100,5.169900,5.150100,5.165000,51429
2026-06-09 19:00:00+00:00,5.165000,5.170000,5.150000,5.169900,72227
2026-06-09 19:05:00+00:00,5.165000,5.176100,5.150000,5.150100,111246
2026-06-09 19:10:00+00:00,5.150000,5.157100,5.140000,5.155000,112761
2026-06-09 19:15:00+00:00,5.155000,5.160000,5.140000,5.141500,75961
2026-06-09 19:20:00+00:00,5.140000,5.155000,5.140000,5.145000,86018
2026-06-09 19:25:00+00:00,5.140000,5.140000,5.120000,5.135000,130080
2026-06-09 19:30:00+00:00,5.135000,5.160000,5.135000,5.145000,141097
2026-06-09 19:35:00+00:00,5.145000,5.150000,5.130000,5.135000,361624
2026-06-09 19:40:00+00:00,5.135000,5.140000,5.130000,5.135000,71490
2026-06-09 19:45:00+00:00,5.140000,5.140000,5.100000,5.120000,159111
2026-06-09 19:50:00+00:00,5.125000,5.150000,5.120000,5.125000,344422
2026-06-09 19:55:00+00:00,5.125000,5.150000,5.120000,5.135000,726715
2026-06-10 13:30:00+00:00,5.040000,5.100000,4.950000,4.955000,1199681
2026-06-10 13:35:00+00:00,4.955000,5.050000,4.955000,5.030000,299876
2026-06-10 13:40:00+00:00,5.030000,5.070000,5.020000,5.065000,382122
2026-06-10 13:45:00+00:00,5.060000,5.080000,5.055000,5.069300,202130
2026-06-10 13:50:00+00:00,5.065000,5.080000,5.020000,5.020100,168268
2026-06-10 13:55:00+00:00,5.020000,5.030000,5.010000,5.025000,194975
2026-06-10 14:00:00+00:00,5.025000,5.035000,4.990000,4.990000,272639
2026-06-10 14:05:00+00:00,5.000000,5.000000,4.940000,4.955000,524392
2026-06-10 14:10:00+00:00,4.955000,4.970000,4.940100,4.940100,490482
2026-06-10 14:15:00+00:00,4.945000,4.960000,4.930000,4.950000,415072
2026-06-10 14:20:00+00:00,4.950000,4.965000,4.940000,4.955000,289859
2026-06-10 14:25:00+00:00,4.955000,4.970000,4.945000,4.959900,244339
2026-06-10 14:30:00+00:00,4.955000,4.969900,4.940000,4.965000,224293
2026-06-10 14:35:00+00:00,4.965000,4.969900,4.930000,4.938600,179879
2026-06-10 14:40:00+00:00,4.939900,4.950000,4.910000,4.915000,313278
2026-06-10 14:45:00+00:00,4.915000,4.920000,4.880000,4.885000,538321
2026-06-10 14:50:00+00:00,4.888000,4.900000,4.870000,4.870000,426704
2026-06-10 14:55:00+00:00,4.875000,4.880000,4.840000,4.855000,544663
2026-06-10 15:00:00+00:00,4.855000,4.880000,4.840000,4.855000,450153
2026-06-10 15:05:00+00:00,4.855000,4.855000,4.820000,4.835000,330569
2026-06-10 15:10:00+00:00,4.835000,4.850000,4.820000,4.835000,275880
2026-06-10 15:15:00+00:00,4.835000,4.849900,4.810000,4.845000,381683
2026-06-10 15:20:00+00:00,4.850000,4.885000,4.840000,4.875000,199526
2026-06-10 15:25:00+00:00,4.880000,4.900000,4.870000,4.885000,183738
2026-06-10 15:30:00+00:00,4.885000,4.900000,4.880000,4.890000,390336
2026-06-10 15:35:00+00:00,4.890000,4.890000,4.860000,4.870000,139309
2026-06-10 15:40:00+00:00,4.875000,4.899900,4.860000,4.895000,157053
2026-06-10 15:45:00+00:00,4.899900,4.900000,4.860000,4.885000,164959
2026-06-10 15:50:00+00:00,4.885000,4.895000,4.850000,4.885000,196176
2026-06-10 15:55:00+00:00,4.885000,4.900000,4.880000,4.895000,111522
2026-06-10 16:00:00+00:00,4.890000,4.895500,4.870000,4.885000,153182
2026-06-10 16:05:00+00:00,4.882100,4.895000,4.869900,4.870000,109508
2026-06-10 16:10:00+00:00,4.865000,4.875000,4.860000,4.870000,120732
2026-06-10 16:15:00+00:00,4.860000,4.880000,4.860000,4.865000,57907
2026-06-10 16:20:00+00:00,4.865000,4.870000,4.850000,4.858800,91700
2026-06-10 16:25:00+00:00,4.855000,4.860000,4.850000,4.859300,60899
2026-06-10 16:30:00+00:00,4.860000,4.860000,4.845000,4.855000,113666
2026-06-10 16:35:00+00:00,4.860000,4.879900,4.850000,4.865000,91225
2026-06-10 16:40:00+00:00,4.868800,4.870000,4.840000,4.845000,85563
2026-06-10 16:45:00+00:00,4.845000,4.860000,4.830000,4.850000,112213
2026-06-10 16:50:00+00:00,4.855000,4.865000,4.850000,4.859900,54553
2026-06-10 16:55:00+00:00,4.855000,4.860000,4.840000,4.860000,181565
2026-06-10 17:00:00+00:00,4.855000,4.869900,4.840000,4.865000,77358
2026-06-10 17:05:00+00:00,4.869900,4.870000,4.850000,4.855000,61509
2026-06-10 17:10:00+00:00,4.850000,4.850000,4.840000,4.845000,61777
2026-06-10 17:15:00+00:00,4.845000,4.850000,4.840000,4.845000,82715
2026-06-10 17:20:00+00:00,4.845000,4.850000,4.830000,4.849900,171618
2026-06-10 17:25:00+00:00,4.845000,4.850000,4.840000,4.845000,86371
2026-06-10 17:30:00+00:00,4.845000,4.860000,4.840000,4.855000,70107
2026-06-10 17:35:00+00:00,4.860000,4.865000,4.850000,4.860000,97183
2026-06-10 17:40:00+00:00,4.855000,4.860000,4.850000,4.855000,69590
2026-06-10 17:45:00+00:00,4.855000,4.885000,4.855000,4.875000,150720
2026-06-10 17:50:00+00:00,4.872300,4.875000,4.850000,4.858600,128339
2026-06-10 17:55:00+00:00,4.856500,4.875000,4.855000,4.870000,89524
2026-06-10 18:00:00+00:00,4.875000,4.890000,4.875000,4.885000,176585
2026-06-10 18:05:00+00:00,4.885000,4.890000,4.865000,4.869700,116570
2026-06-10 18:10:00+00:00,4.865000,4.870000,4.860000,4.865000,69965
2026-06-10 18:15:00+00:00,4.865000,4.870000,4.850000,4.855000,204209
2026-06-10 18:20:00+00:00,4.855000,4.860000,4.840000,4.842600,114962
2026-06-10 18:25:00+00:00,4.845000,4.850000,4.835000,4.835000,146503
2026-06-10 18:30:00+00:00,4.835000,4.840000,4.830000,4.835000,152608
2026-06-10 18:35:00+00:00,4.832200,4.840000,4.830000,4.835000,97274
2026-06-10 18:40:00+00:00,4.830200,4.840000,4.820000,4.827500,168613
2026-06-10 18:45:00+00:00,4.825000,4.830000,4.810000,4.815000,256619
2026-06-10 18:50:00+00:00,4.819900,4.820000,4.800000,4.805000,226555
2026-06-10 18:55:00+00:00,4.805000,4.810000,4.780000,4.805000,484294
2026-06-10 19:00:00+00:00,4.805000,4.810000,4.790100,4.805000,179075
2026-06-10 19:05:00+00:00,4.805000,4.820000,4.800000,4.815000,118066
2026-06-10 19:10:00+00:00,4.810100,4.820000,4.770000,4.785000,424587
2026-06-10 19:15:00+00:00,4.785000,4.790000,4.780000,4.780000,114439
2026-06-10 19:20:00+00:00,4.780000,4.785000,4.760000,4.769900,440205
2026-06-10 19:25:00+00:00,4.765000,4.770000,4.740000,4.760000,436886
2026-06-10 19:30:00+00:00,4.755000,4.770000,4.745000,4.755000,417632
2026-06-10 19:35:00+00:00,4.755000,4.770000,4.750000,4.765000,351519
2026-06-10 19:40:00+00:00,4.765000,4.770000,4.755000,4.755000,197981
2026-06-10 19:45:00+00:00,4.755000,4.760000,4.740000,4.750100,733941
2026-06-10 19:50:00+00:00,4.755000,4.755000,4.720000,4.735000,534821
2026-06-10 19:55:00+00:00,4.730000,4.730000,4.700000,4.705000,954875
2026-06-11 13:30:00+00:00,4.680000,4.740000,4.520000,4.550200,1619064
2026-06-11 13:35:00+00:00,4.555000,4.590000,4.480000,4.490000,757693
2026-06-11 13:40:00+00:00,4.489900,4.530000,4.470000,4.529300,465826
2026-06-11 13:45:00+00:00,4.525900,4.630000,4.525000,4.630000,343468
2026-06-11 13:50:00+00:00,4.620100,4.695000,4.620100,4.678900,320965
2026-06-11 13:55:00+00:00,4.675600,4.700100,4.660000,4.700100,215318
2026-06-11 14:00:00+00:00,4.710000,4.740000,4.700000,4.729900,234727
2026-06-11 14:05:00+00:00,4.720000,4.725000,4.670000,4.710000,651771
2026-06-11 14:10:00+00:00,4.710000,4.765000,4.705000,4.755000,565644
2026-06-11 14:15:00+00:00,4.755000,4.830000,4.750000,4.785000,497995
2026-06-11 14:20:00+00:00,4.785000,4.865800,4.785000,4.830200,315276
2026-06-11 14:25:00+00:00,4.835000,4.835000,4.785000,4.815000,185879
2026-06-11 14:30:00+00:00,4.810000,4.815000,4.770000,4.775000,200427
2026-06-11 14:35:00+00:00,4.770000,4.795000,4.765000,4.780000,138257
2026-06-11 14:40:00+00:00,4.775000,4.780000,4.770000,4.770000,58335
2026-06-11 14:45:00+00:00,4.760000,4.800000,4.760000,4.790000,136035
2026-06-11 14:50:00+00:00,4.795000,4.805000,4.779900,4.785000,89128
2026-06-11 14:55:00+00:00,4.785000,4.790000,4.770000,4.775000,319727
2026-06-11 15:00:00+00:00,4.770000,4.800000,4.750000,4.790000,182548
2026-06-11 15:05:00+00:00,4.790000,4.830000,4.775000,4.825000,127006
2026-06-11 15:10:00+00:00,4.825000,4.845000,4.815000,4.835000,110729
2026-06-11 15:15:00+00:00,4.835000,4.855000,4.820000,4.845000,165964
2026-06-11 15:20:00+00:00,4.845000,4.870000,4.840100,4.855000,121716
2026-06-11 15:25:00+00:00,4.860000,4.860000,4.845000,4.855000,116345
2026-06-11 15:30:00+00:00,4.852000,4.879900,4.840100,4.855000,205653
2026-06-11 15:35:00+00:00,4.850700,4.860000,4.830000,4.830100,106821
2026-06-11 15:40:00+00:00,4.830000,4.850000,4.815000,4.829900,106772
2026-06-11 15:45:00+00:00,4.829300,4.839900,4.820100,4.835000,63835
2026-06-11 15:50:00+00:00,4.835000,4.840000,4.810000,4.816700,99477
2026-06-11 15:55:00+00:00,4.815000,4.830000,4.805000,4.809700,126054
2026-06-11 16:00:00+00:00,4.810000,4.827500,4.810000,4.819900,209087
2026-06-11 16:05:00+00:00,4.810000,4.850000,4.810000,4.835000,86613
2026-06-11 16:10:00+00:00,4.830300,4.860000,4.825000,4.855000,114555
2026-06-11 16:15:00+00:00,4.859300,4.859300,4.840000,4.840000,60703
2026-06-11 16:20:00+00:00,4.845000,4.849800,4.830000,4.830000,74144
2026-06-11 16:25:00+00:00,4.830000,4.850000,4.830000,4.840000,39483
2026-06-11 16:30:00+00:00,4.840000,4.869900,4.830000,4.855000,105167
2026-06-11 16:35:00+00:00,4.855000,4.860000,4.805000,4.810000,77008
2026-06-11 16:40:00+00:00,4.820000,4.830000,4.810000,4.825000,65587
2026-06-11 16:45:00+00:00,4.825000,4.855000,4.825000,4.835000,63509
2026-06-11 16:50:00+00:00,4.830000,4.830000,4.815000,4.825000,64206
2026-06-11 16:55:00+00:00,4.825000,4.845000,4.820000,4.840000,50076
2026-06-11 17:00:00+00:00,4.835000,4.845000,4.825000,4.845000,53285
2026-06-11 17:05:00+00:00,4.850000,4.866100,4.830000,4.835000,100729
2026-06-11 17:10:00+00:00,4.830100,4.835000,4.810000,4.810000,96880
2026-06-11 17:15:00+00:00,4.815000,4.820000,4.790000,4.795000,73982
2026-06-11 17:20:00+00:00,4.795000,4.805000,4.780000,4.805000,76731
2026-06-11 17:25:00+00:00,4.800000,4.905000,4.800000,4.905000,260979
2026-06-11 17:30:00+00:00,4.910000,4.940000,4.890000,4.935000,208325
2026-06-11 17:35:00+00:00,4.935000,4.950000,4.915000,4.940000,246315
2026-06-11 17:40:00+00:00,4.940000,4.965000,4.925000,4.960000,257103
2026-06-11 17:45:00+00:00,4.955000,4.960000,4.930000,4.930000,132118
2026-06-11 17:50:00+00:00,4.935000,4.950000,4.910000,4.935000,149046
2026-06-11 17:55:00+00:00,4.940000,4.975000,4.935000,4.965000,177420
2026-06-11 18:00:00+00:00,4.970000,4.975000,4.940000,4.940000,193778
2026-06-11 18:05:00+00:00,4.940100,4.950000,4.930000,4.930000,171739
2026-06-11 18:10:00+00:00,4.935000,4.945000,4.920000,4.935000,109475
2026-06-11 18:15:00+00:00,4.940000,4.950000,4.930000,4.930000,69837
2026-06-11 18:20:00+00:00,4.939800,4.940000,4.910000,4.910000,83481
2026-06-11 18:25:00+00:00,4.918000,4.930000,4.915000,4.925000,49920
2026-06-11 18:30:00+00:00,4.925000,4.930000,4.910000,4.920000,57636
2026-06-11 18:35:00+00:00,4.920000,4.930000,4.920000,4.920000,54160
2026-06-11 18:40:00+00:00,4.925000,4.930000,4.920000,4.920000,97863
2026-06-11 18:45:00+00:00,4.929900,4.930000,4.920000,4.930000,55451
2026-06-11 18:50:00+00:00,4.925000,4.940000,4.910000,4.935000,227852
2026-06-11 18:55:00+00:00,4.935000,4.950000,4.925000,4.929900,88271
2026-06-11 19:00:00+00:00,4.920000,4.940000,4.910000,4.935000,99723
2026-06-11 19:05:00+00:00,4.935000,4.935000,4.900000,4.915000,117803
2026-06-11 19:10:00+00:00,4.910000,4.930000,4.900000,4.925000,65121
2026-06-11 19:15:00+00:00,4.930000,4.940000,4.930000,4.930000,70728
2026-06-11 19:20:00+00:00,4.935000,4.940000,4.920100,4.930000,78986
2026-06-11 19:25:00+00:00,4.920000,4.960000,4.920000,4.959900,172455
2026-06-11 19:30:00+00:00,4.960000,5.065000,4.960000,5.035000,755736
2026-06-11 19:35:00+00:00,5.035000,5.050000,5.035000,5.040000,139907
2026-06-11 19:40:00+00:00,5.049900,5.075000,5.035000,5.065000,187623
2026-06-11 19:45:00+00:00,5.070000,5.100000,5.060000,5.100000,294253
2026-06-11 19:50:00+00:00,5.100000,5.125000,5.100000,5.115000,492430
2026-06-11 19:55:00+00:00,5.115000,5.190000,5.110000,5.190000,875199
2026-06-12 13:30:00+00:00,5.160000,5.320000,5.150000,5.280000,1036500
2026-06-12 13:35:00+00:00,5.272100,5.300000,5.240000,5.245000,269550
2026-06-12 13:40:00+00:00,5.240100,5.250000,5.181300,5.210000,346962
2026-06-12 13:45:00+00:00,5.220000,5.275000,5.220000,5.260000,269763
2026-06-12 13:50:00+00:00,5.255000,5.260000,5.225000,5.240000,116914
2026-06-12 13:55:00+00:00,5.249900,5.270000,5.228000,5.265000,149660
2026-06-12 14:00:00+00:00,5.270000,5.349900,5.265000,5.320100,324098
2026-06-12 14:05:00+00:00,5.325000,5.350000,5.310000,5.320000,226605
2026-06-12 14:10:00+00:00,5.325000,5.349900,5.290000,5.295000,159127
2026-06-12 14:15:00+00:00,5.295000,5.310000,5.230000,5.255000,136764
2026-06-12 14:20:00+00:00,5.251400,5.251400,5.205000,5.205000,89268
2026-06-12 14:25:00+00:00,5.209900,5.240000,5.203800,5.230000,158109
2026-06-12 14:30:00+00:00,5.235000,5.245000,5.190000,5.195000,94800
2026-06-12 14:35:00+00:00,5.195000,5.215000,5.195000,5.205000,61538
2026-06-12 14:40:00+00:00,5.200000,5.220000,5.150000,5.155000,355661
2026-06-12 14:45:00+00:00,5.155000,5.170000,5.125000,5.130000,107372
2026-06-12 14:50:00+00:00,5.130000,5.189900,5.120000,5.169300,79873
2026-06-12 14:55:00+00:00,5.165000,5.175000,5.155000,5.165000,81447
2026-06-12 15:00:00+00:00,5.160000,5.170000,5.145000,5.150000,74903
2026-06-12 15:05:00+00:00,5.160000,5.190000,5.152000,5.165000,198261
2026-06-12 15:10:00+00:00,5.170000,5.170000,5.150000,5.155000,143673
2026-06-12 15:15:00+00:00,5.155000,5.160000,5.132500,5.145000,100030
2026-06-12 15:20:00+00:00,5.145000,5.150000,5.130000,5.145000,92606
2026-06-12 15:25:00+00:00,5.150000,5.150000,5.130000,5.135000,175975
2026-06-12 15:30:00+00:00,5.130000,5.189900,5.120000,5.185000,195241
2026-06-12 15:35:00+00:00,5.189900,5.189900,5.150000,5.165000,161831
2026-06-12 15:40:00+00:00,5.160000,5.161400,5.110000,5.110000,206495
2026-06-12 15:45:00+00:00,5.115000,5.130000,5.085000,5.090000,138520
2026-06-12 15:50:00+00:00,5.090000,5.129900,5.075000,5.080000,139312
2026-06-12 15:55:00+00:00,5.077500,5.080000,5.010000,5.020000,239961
2026-06-12 16:00:00+00:00,5.020000,5.030000,4.990000,5.005000,153092
2026-06-12 16:05:00+00:00,5.005000,5.020000,4.980000,5.015000,228201
2026-06-12 16:10:00+00:00,5.015000,5.060000,5.010000,5.040000,162830
2026-06-12 16:15:00+00:00,5.040100,5.060000,5.010000,5.019900,118436
2026-06-12 16:20:00+00:00,5.015000,5.050000,5.010000,5.050000,86113
2026-06-12 16:25:00+00:00,5.045000,5.060000,5.040000,5.059900,67798
2026-06-12 16:30:00+00:00,5.050100,5.085000,5.050100,5.085000,73664
2026-06-12 16:35:00+00:00,5.080000,5.109900,5.080000,5.085000,118107
2026-06-12 16:40:00+00:00,5.085000,5.100000,5.070000,5.085000,116991
2026-06-12 16:45:00+00:00,5.080000,5.120000,5.080000,5.110000,168622
2026-06-12 16:50:00+00:00,5.110000,5.130000,5.100100,5.130000,78181
2026-06-12 16:55:00+00:00,5.125000,5.130000,5.110000,5.110000,80469
2026-06-12 17:00:00+00:00,5.119900,5.130000,5.110000,5.125000,63887
2026-06-12 17:05:00+00:00,5.125000,5.130000,5.110000,5.110100,93763
2026-06-12 17:10:00+00:00,5.115000,5.115000,5.075000,5.085000,83190
2026-06-12 17:15:00+00:00,5.088400,5.100000,5.085000,5.095000,49151
2026-06-12 17:20:00+00:00,5.096000,5.115000,5.090100,5.100100,72517
2026-06-12 17:25:00+00:00,5.105000,5.115000,5.100000,5.115000,54038
2026-06-12 17:30:00+00:00,5.110100,5.125000,5.110000,5.110100,62145
2026-06-12 17:35:00+00:00,5.115000,5.120000,5.100000,5.105000,76174
2026-06-12 17:40:00+00:00,5.100000,5.105000,5.085000,5.095000,50577
2026-06-12 17:45:00+00:00,5.092600,5.100000,5.080000,5.100000,104404
2026-06-12 17:50:00+00:00,5.095000,5.100000,5.080000,5.080000,76718
2026-06-12 17:55:00+00:00,5.080000,5.090000,5.070000,5.085000,44324
2026-06-12 18:00:00+00:00,5.080100,5.100000,5.080000,5.080000,136800
2026-06-12 18:05:00+00:00,5.090000,5.090000,5.080000,5.085000,61318
2026-06-12 18:10:00+00:00,5.080000,5.110000,5.075000,5.110000,120101
2026-06-12 18:15:00+00:00,5.105000,5.105000,5.090000,5.100000,43186
2026-06-12 18:20:00+00:00,5.095000,5.110000,5.090000,5.105000,103613
2026-06-12 18:25:00+00:00,5.100000,5.120000,5.090100,5.110000,70335
2026-06-12 18:30:00+00:00,5.100100,5.105000,5.085000,5.090000,40489
2026-06-12 18:35:00+00:00,5.095000,5.100000,5.080100,5.085000,64593
2026-06-12 18:40:00+00:00,5.085000,5.105000,5.085000,5.095000,63683
2026-06-12 18:45:00+00:00,5.099900,5.100000,5.090000,5.090000,62111
2026-06-12 18:50:00+00:00,5.090300,5.100000,5.080000,5.095000,64989
2026-06-12 18:55:00+00:00,5.100000,5.105000,5.090000,5.090100,62096
2026-06-12 19:00:00+00:00,5.090000,5.105000,5.090000,5.105000,58972
2026-06-12 19:05:00+00:00,5.100100,5.110000,5.100000,5.105000,30666
2026-06-12 19:10:00+00:00,5.103500,5.115000,5.100000,5.115000,70718
2026-06-12 19:15:00+00:00,5.110000,5.120000,5.100000,5.115000,67609
2026-06-12 19:20:00+00:00,5.119400,5.119400,5.090000,5.100000,122100
2026-06-12 19:25:00+00:00,5.109900,5.120000,5.100000,5.120000,45868
2026-06-12 19:30:00+00:00,5.125000,5.229900,5.125000,5.225000,298909
2026-06-12 19:35:00+00:00,5.225000,5.230100,5.210000,5.225000,175323
2026-06-12 19:40:00+00:00,5.225000,5.235000,5.195000,5.205000,314585
2026-06-12 19:45:00+00:00,5.206000,5.206000,5.180100,5.185000,198003
2026-06-12 19:50:00+00:00,5.185000,5.185000,5.140000,5.145000,282108
2026-06-12 19:55:00+00:00,5.150000,5.220000,5.135000,5.220000,864696
2026-06-15 13:30:00+00:00,5.400000,5.485000,5.380000,5.465000,842369
2026-06-15 13:35:00+00:00,5.465000,5.525000,5.450000,5.480200,680528
2026-06-15 13:40:00+00:00,5.480000,5.485000,5.450000,5.485000,197123
2026-06-15 13:45:00+00:00,5.485000,5.510000,5.445000,5.445000,292879
2026-06-15 13:50:00+00:00,5.445000,5.455000,5.400100,5.440000,155162
2026-06-15 13:55:00+00:00,5.445000,5.479900,5.412000,5.470000,100728
2026-06-15 14:00:00+00:00,5.480000,5.480000,5.429900,5.435000,124249
2026-06-15 14:05:00+00:00,5.431000,5.460000,5.430000,5.443000,98743
2026-06-15 14:10:00+00:00,5.445000,5.445000,5.370000,5.375000,192176
2026-06-15 14:15:00+00:00,5.375000,5.380000,5.335000,5.355000,178006
2026-06-15 14:20:00+00:00,5.350000,5.365000,5.325000,5.330100,193955
2026-06-15 14:25:00+00:00,5.335000,5.369900,5.330000,5.355000,83842
2026-06-15 14:30:00+00:00,5.355000,5.360000,5.335000,5.355000,102387
2026-06-15 14:35:00+00:00,5.360000,5.399900,5.350000,5.390100,186466
2026-06-15 14:40:00+00:00,5.395000,5.410000,5.390000,5.400300,68626
2026-06-15 14:45:00+00:00,5.405000,5.410000,5.390000,5.395000,62935
2026-06-15 14:50:00+00:00,5.395000,5.420000,5.380000,5.405000,109766
2026-06-15 14:55:00+00:00,5.405000,5.405000,5.360000,5.375000,67531
2026-06-15 15:00:00+00:00,5.375000,5.410000,5.365000,5.410000,161495
2026-06-15 15:05:00+00:00,5.400000,5.400000,5.365000,5.370000,57221
2026-06-15 15:10:00+00:00,5.379900,5.410000,5.375000,5.400000,118326
2026-06-15 15:15:00+00:00,5.405000,5.405000,5.390000,5.395000,40746
2026-06-15 15:20:00+00:00,5.395000,5.410000,5.395000,5.395000,58798
2026-06-15 15:25:00+00:00,5.399900,5.450000,5.395000,5.425000,132206
2026-06-15 15:30:00+00:00,5.425000,5.450000,5.414800,5.445000,89043
2026-06-15 15:35:00+00:00,5.445000,5.460000,5.440000,5.455000,89884
2026-06-15 15:40:00+00:00,5.460000,5.460000,5.440000,5.440100,92129
2026-06-15 15:45:00+00:00,5.450000,5.460000,5.440000,5.455000,59392
2026-06-15 15:50:00+00:00,5.455500,5.475000,5.440000,5.475000,93897
2026-06-15 15:55:00+00:00,5.475000,5.480000,5.440000,5.445000,144659
2026-06-15 16:00:00+00:00,5.445000,5.460000,5.440000,5.445000,60650
2026-06-15 16:05:00+00:00,5.445000,5.460000,5.445000,5.452400,98976
2026-06-15 16:10:00+00:00,5.460000,5.480000,5.450000,5.465000,261980
2026-06-15 16:15:00+00:00,5.465000,5.485000,5.455000,5.465000,136250
2026-06-15 16:20:00+00:00,5.460000,5.485000,5.440100,5.445000,137543
2026-06-15 16:25:00+00:00,5.445000,5.449900,5.420000,5.440000,346184
2026-06-15 16:30:00+00:00,5.440000,5.470000,5.440000,5.455000,92537
2026-06-15 16:35:00+00:00,5.455000,5.455000,5.420000,5.425000,75778
2026-06-15 16:40:00+00:00,5.420000,5.429900,5.415000,5.425000,40467
2026-06-15 16:45:00+00:00,5.425000,5.425000,5.400000,5.420100,97587
2026-06-15 16:50:00+00:00,5.422000,5.425000,5.410000,5.420000,38293
2026-06-15 16:55:00+00:00,5.420000,5.460000,5.415000,5.455000,105183
2026-06-15 17:00:00+00:00,5.460000,5.460000,5.440100,5.445000,40749
2026-06-15 17:05:00+00:00,5.445000,5.449900,5.420000,5.425000,72555
2026-06-15 17:10:00+00:00,5.425000,5.450000,5.425000,5.440100,43240
2026-06-15 17:15:00+00:00,5.445000,5.445000,5.400000,5.405000,79643
2026-06-15 17:20:00+00:00,5.400000,5.440000,5.380000,5.435000,157183
2026-06-15 17:25:00+00:00,5.435000,5.440000,5.405000,5.420000,99045
2026-06-15 17:30:00+00:00,5.425000,5.425100,5.410100,5.415000,62605
2026-06-15 17:35:00+00:00,5.415000,5.420000,5.385000,5.385000,70179
2026-06-15 17:40:00+00:00,5.382000,5.390000,5.365000,5.382500,114663
2026-06-15 17:45:00+00:00,5.380000,5.390000,5.370000,5.379900,48469
2026-06-15 17:50:00+00:00,5.375000,5.380000,5.370000,5.370000,30574
2026-06-15 17:55:00+00:00,5.375000,5.380000,5.370000,5.375000,32858
2026-06-15 18:00:00+00:00,5.375000,5.379900,5.340000,5.345000,122334
2026-06-15 18:05:00+00:00,5.340000,5.350000,5.330000,5.335000,51340
2026-06-15 18:10:00+00:00,5.335000,5.335000,5.310000,5.315000,78527
2026-06-15 18:15:00+00:00,5.315000,5.340000,5.315000,5.335000,75859
2026-06-15 18:20:00+00:00,5.330000,5.340000,5.325000,5.335000,38063
2026-06-15 18:25:00+00:00,5.335000,5.340000,5.325000,5.330000,95104
2026-06-15 18:30:00+00:00,5.331400,5.337500,5.320000,5.320000,117729
2026-06-15 18:35:00+00:00,5.325000,5.330000,5.310000,5.320000,38833
2026-06-15 18:40:00+00:00,5.315000,5.320000,5.290000,5.290000,95209
2026-06-15 18:45:00+00:00,5.295000,5.300000,5.285000,5.285000,80247
2026-06-15 18:50:00+00:00,5.285000,5.290000,5.280000,5.280000,40476
2026-06-15 18:55:00+00:00,5.280000,5.280000,5.250000,5.255000,234140
2026-06-15 19:00:00+00:00,5.255000,5.260000,5.200000,5.240000,704418
2026-06-15 19:05:00+00:00,5.245000,5.255000,5.240000,5.254500,90158
2026-06-15 19:10:00+00:00,5.255000,5.265000,5.250000,5.265000,53450
2026-06-15 19:15:00+00:00,5.265000,5.270000,5.250000,5.255000,94568
2026-06-15 19:20:00+00:00,5.255000,5.280000,5.250000,5.265000,130221
2026-06-15 19:25:00+00:00,5.261200,5.270000,5.255000,5.255000,57532
2026-06-15 19:30:00+00:00,5.255000,5.300000,5.250100,5.295000,128234
2026-06-15 19:35:00+00:00,5.300000,5.309900,5.290000,5.305000,170283
2026-06-15 19:40:00+00:00,5.305000,5.305000,5.280000,5.282800,65465
2026-06-15 19:45:00+00:00,5.285000,5.289900,5.254900,5.265000,159649
2026-06-15 19:50:00+00:00,5.260100,5.270000,5.230000,5.250000,170794
2026-06-15 19:55:00+00:00,5.245000,5.260000,5.230000,5.245000,565575
2026-06-16 13:30:00+00:00,5.130000,5.200000,5.080000,5.135000,594116
2026-06-16 13:35:00+00:00,5.130000,5.195000,5.130000,5.195000,125832
2026-06-16 13:40:00+00:00,5.195000,5.245000,5.195000,5.211400,272422
2026-06-16 13:45:00+00:00,5.210000,5.210000,5.140000,5.165000,96840
2026-06-16 13:50:00+00:00,5.170000,5.210000,5.145000,5.185000,139827
2026-06-16 13:55:00+00:00,5.190000,5.195000,5.165000,5.165000,74190
2026-06-16 14:00:00+00:00,5.165000,5.175000,5.115000,5.120000,132850
2026-06-16 14:05:00+00:00,5.115000,5.120000,5.020000,5.039900,388266
2026-06-16 14:10:00+00:00,5.030000,5.040000,5.000000,5.005000,303104
2026-06-16 14:15:00+00:00,5.005000,5.010000,4.960000,4.975000,405507
2026-06-16 14:20:00+00:00,4.975000,4.980000,4.930100,4.946900,450943
2026-06-16 14:25:00+00:00,4.945000,4.970000,4.940000,4.965000,181388
2026-06-16 14:30:00+00:00,4.965000,4.970000,4.950000,4.955000,114643
2026-06-16 14:35:00+00:00,4.950000,4.997300,4.950000,4.990000,127712
2026-06-16 14:40:00+00:00,4.995000,5.005000,4.985000,4.985000,151852
2026-06-16 14:45:00+00:00,4.985000,5.010000,4.980000,5.005000,114742
2026-06-16 14:50:00+00:00,5.005000,5.039500,5.000000,5.025000,96183
2026-06-16 14:55:00+00:00,5.020100,5.030000,5.000000,5.005000,84760
2026-06-16 15:00:00+00:00,5.000000,5.020000,5.000000,5.015000,75505
2026-06-16 15:05:00+00:00,5.015000,5.040000,5.015000,5.025000,61418
2026-06-16 15:10:00+00:00,5.025000,5.045000,5.020000,5.040100,128694
2026-06-16 15:15:00+00:00,5.045000,5.052300,5.030000,5.050000,71840
2026-06-16 15:20:00+00:00,5.045000,5.050000,5.030000,5.035000,71006
2026-06-16 15:25:00+00:00,5.030700,5.040000,5.020000,5.025000,98002
2026-06-16 15:30:00+00:00,5.025000,5.045000,5.025000,5.040000,48890
2026-06-16 15:35:00+00:00,5.035000,5.040000,5.020000,5.025000,50997
2026-06-16 15:40:00+00:00,5.025000,5.030000,5.012600,5.015000,54206
2026-06-16 15:45:00+00:00,5.015000,5.020000,5.000000,5.005000,83502
2026-06-16 15:50:00+00:00,5.000000,5.029900,5.000000,5.025000,63764
2026-06-16 15:55:00+00:00,5.025000,5.030000,5.010000,5.010000,98693
2026-06-16 16:00:00+00:00,5.015000,5.050000,5.010000,5.050000,85314
2026-06-16 16:05:00+00:00,5.040100,5.045000,5.030000,5.030000,37506
2026-06-16 16:10:00+00:00,5.035000,5.070000,5.030000,5.065000,119237
2026-06-16 16:15:00+00:00,5.065000,5.070000,5.040000,5.045000,82873
2026-06-16 16:20:00+00:00,5.045000,5.050000,5.040000,5.040100,31668
2026-06-16 16:25:00+00:00,5.040000,5.045000,5.030000,5.039900,188294
2026-06-16 16:30:00+00:00,5.040000,5.040000,5.020000,5.035000,65602
2026-06-16 16:35:00+00:00,5.035000,5.035000,5.020000,5.025000,25215
2026-06-16 16:40:00+00:00,5.025000,5.050000,5.020000,5.049300,48396
2026-06-16 16:45:00+00:00,5.045000,5.055000,5.040000,5.045000,28618
2026-06-16 16:50:00+00:00,5.040000,5.050000,5.040000,5.050000,17015
2026-06-16 16:55:00+00:00,5.045000,5.065000,5.040000,5.065000,96905
2026-06-16 17:00:00+00:00,5.065000,5.070000,5.050000,5.060000,44289
2026-06-16 17:05:00+00:00,5.053100,5.070000,5.053100,5.070000,47977
2026-06-16 17:10:00+00:00,5.065000,5.070000,5.060000,5.065000,39788
2026-06-16 17:15:00+00:00,5.070000,5.070000,5.045000,5.045000,82022
2026-06-16 17:20:00+00:00,5.050000,5.052600,5.040000,5.040100,25480
2026-06-16 17:25:00+00:00,5.040400,5.060000,5.040000,5.055000,47325
2026-06-16 17:30:00+00:00,5.050300,5.070000,5.050000,5.065000,61383
2026-06-16 17:35:00+00:00,5.065000,5.070000,5.051100,5.059900,77914
2026-06-16 17:40:00+00:00,5.050000,5.060000,5.050000,5.050000,38474
2026-06-16 17:45:00+00:00,5.060000,5.065000,5.050000,5.060200,68526
2026-06-16 17:50:00+00:00,5.065000,5.070000,5.041400,5.045000,101730
2026-06-16 17:55:00+00:00,5.040000,5.080000,5.030000,5.080000,225880
2026-06-16 18:00:00+00:00,5.080000,5.129800,5.080000,5.120100,155552
2026-06-16 18:05:00+00:00,5.125000,5.150000,5.100000,5.130300,116738
2026-06-16 18:10:00+00:00,5.135500,5.160000,5.135000,5.155000,164231
2026-06-16 18:15:00+00:00,5.155000,5.170000,5.150000,5.150100,170763
2026-06-16 18:20:00+00:00,5.150000,5.160000,5.140100,5.145000,90286
2026-06-16 18:25:00+00:00,5.140000,5.140000,5.130000,5.135000,32553
2026-06-16 18:30:00+00:00,5.135500,5.135500,5.120000,5.125000,43771
2026-06-16 18:35:00+00:00,5.120000,5.120000,5.095000,5.105000,73969
2026-06-16 18:40:00+00:00,5.109700,5.110000,5.090000,5.090000,35751
2026-06-16 18:45:00+00:00,5.099900,5.099900,5.080000,5.087500,49029
2026-06-16 18:50:00+00:00,5.085000,5.085000,5.060000,5.067300,125734
2026-06-16 18:55:00+00:00,5.070000,5.080000,5.065000,5.070100,43885
2026-06-16 19:00:00+00:00,5.075000,5.075000,5.050000,5.055000,83249
2026-06-16 19:05:00+00:00,5.060000,5.079900,5.050000,5.075000,120687
2026-06-16 19:10:00+00:00,5.075000,5.075000,5.050700,5.055000,69637
2026-06-16 19:15:00+00:00,5.055000,5.065000,5.040000,5.055000,129605
2026-06-16 19:20:00+00:00,5.060000,5.075000,5.055000,5.070000,139620
2026-06-16 19:25:00+00:00,5.079900,5.080000,5.070000,5.077500,45820
2026-06-16 19:30:00+00:00,5.080000,5.100000,5.075000,5.100000,113612
2026-06-16 19:35:00+00:00,5.100000,5.100000,5.080000,5.090000,72669
2026-06-16 19:40:00+00:00,5.085000,5.109900,5.075000,5.109900,146767
2026-06-16 19:45:00+00:00,5.105000,5.105000,5.080000,5.085000,153865
2026-06-16 19:50:00+00:00,5.080000,5.085000,5.045000,5.045000,170002
2026-06-16 19:55:00+00:00,5.045000,5.050000,5.010000,5.035000,501504
2026-06-17 13:30:00+00:00,5.030000,5.080000,5.000000,5.079900,1582755
2026-06-17 13:35:00+00:00,5.078000,5.155000,5.078000,5.155000,177321
2026-06-17 13:40:00+00:00,5.160000,5.260000,5.155000,5.252500,331473
2026-06-17 13:45:00+00:00,5.262600,5.370000,5.250000,5.340000,535658
2026-06-17 13:50:00+00:00,5.343700,5.345000,5.195000,5.195000,377220
2026-06-17 13:55:00+00:00,5.195000,5.220000,5.180000,5.220000,179900
2026-06-17 14:00:00+00:00,5.200000,5.210000,5.165000,5.170300,88128
2026-06-17 14:05:00+00:00,5.175000,5.180000,5.150000,5.160100,148452
2026-06-17 14:10:00+00:00,5.165000,5.230000,5.150000,5.217500,140103
2026-06-17 14:15:00+00:00,5.210000,5.245000,5.175000,5.185000,214733
2026-06-17 14:20:00+00:00,5.190000,5.249900,5.185000,5.249900,78156
2026-06-17 14:25:00+00:00,5.245000,5.245000,5.203500,5.215000,71472
2026-06-17 14:30:00+00:00,5.215000,5.220000,5.195000,5.215000,88680
2026-06-17 14:35:00+00:00,5.215000,5.235000,5.195000,5.235000,78113
2026-06-17 14:40:00+00:00,5.235000,5.250000,5.200000,5.235000,200459
2026-06-17 14:45:00+00:00,5.235000,5.240000,5.170000,5.185000,66586
2026-06-17 14:50:00+00:00,5.180100,5.200000,5.170000,5.195000,64771
2026-06-17 14:55:00+00:00,5.195000,5.205000,5.180000,5.195000,92219
2026-06-17 15:00:00+00:00,5.195000,5.215000,5.190000,5.200000,80531
2026-06-17 15:05:00+00:00,5.205000,5.210000,5.195000,5.200000,39713
2026-06-17 15:10:00+00:00,5.200000,5.215000,5.190000,5.205000,66678
2026-06-17 15:15:00+00:00,5.205000,5.220000,5.190000,5.215000,35144
2026-06-17 15:20:00+00:00,5.215000,5.240000,5.215000,5.235000,76317
2026-06-17 15:25:00+00:00,5.235000,5.250000,5.225000,5.240100,43241
2026-06-17 15:30:00+00:00,5.245000,5.270000,5.235000,5.255000,111766
2026-06-17 15:35:00+00:00,5.250000,5.270000,5.250000,5.250000,78914
2026-06-17 15:40:00+00:00,5.260000,5.260000,5.240000,5.245000,60117
2026-06-17 15:45:00+00:00,5.245000,5.279900,5.240000,5.275000,151551
2026-06-17 15:50:00+00:00,5.275000,5.395000,5.275000,5.370100,358187
2026-06-17 15:55:00+00:00,5.375000,5.390000,5.350000,5.375000,233120
2026-06-17 16:00:00+00:00,5.375000,5.429900,5.360200,5.395000,276078
2026-06-17 16:05:00+00:00,5.390100,5.419900,5.365000,5.400000,299792
2026-06-17 16:10:00+00:00,5.405000,5.420000,5.390000,5.405000,198743
2026-06-17 16:15:00+00:00,5.405000,5.410000,5.380000,5.382000,204945
2026-06-17 16:20:00+00:00,5.383700,5.410000,5.380000,5.405000,189195
2026-06-17 16:25:00+00:00,5.405000,5.410000,5.385000,5.395000,102957
2026-06-17 16:30:00+00:00,5.395000,5.400000,5.380000,5.380000,81579
2026-06-17 16:35:00+00:00,5.380000,5.390000,5.365000,5.385000,120487
2026-06-17 16:40:00+00:00,5.385000,5.410000,5.365000,5.395000,121762
2026-06-17 16:45:00+00:00,5.393800,5.400000,5.380000,5.395000,87096
2026-06-17 16:50:00+00:00,5.390000,5.390000,5.370000,5.370000,124449
2026-06-17 16:55:00+00:00,5.370000,5.380000,5.370000,5.375000,56456
2026-06-17 17:00:00+00:00,5.370000,5.379900,5.360000,5.365000,92593
2026-06-17 17:05:00+00:00,5.360000,5.365000,5.325000,5.350000,186528
2026-06-17 17:10:00+00:00,5.346400,5.365000,5.346400,5.355000,98735
2026-06-17 17:15:00+00:00,5.359700,5.360000,5.350000,5.355000,26258
2026-06-17 17:20:00+00:00,5.355000,5.355100,5.340000,5.355000,60226
2026-06-17 17:25:00+00:00,5.355000,5.360000,5.330000,5.340000,98018
2026-06-17 17:30:00+00:00,5.345000,5.380000,5.340000,5.365000,122022
2026-06-17 17:35:00+00:00,5.360700,5.370000,5.350000,5.360000,74037
2026-06-17 17:40:00+00:00,5.365000,5.380000,5.355000,5.355000,83098
2026-06-17 17:45:00+00:00,5.355000,5.380000,5.335000,5.345000,156444
2026-06-17 17:50:00+00:00,5.345000,5.360000,5.330000,5.360000,93345
2026-06-17 17:55:00+00:00,5.355000,5.355000,5.335000,5.350000,92752
2026-06-17 18:00:00+00:00,5.340000,5.340000,5.250100,5.255000,312006
2026-06-17 18:05:00+00:00,5.260000,5.275000,5.230000,5.274000,203251
2026-06-17 18:10:00+00:00,5.275000,5.298500,5.260000,5.275000,112395
2026-06-17 18:15:00+00:00,5.280000,5.310000,5.280000,5.310000,143055
2026-06-17 18:20:00+00:00,5.300000,5.300000,5.265000,5.265000,48167
2026-06-17 18:25:00+00:00,5.261400,5.269900,5.245000,5.265000,105684
2026-06-17 18:30:00+00:00,5.260000,5.290000,5.250000,5.255000,150520
2026-06-17 18:35:00+00:00,5.255000,5.310000,5.255000,5.295000,99091
2026-06-17 18:40:00+00:00,5.295000,5.340000,5.294400,5.320100,145609
2026-06-17 18:45:00+00:00,5.320000,5.320000,5.300000,5.310000,73196
2026-06-17 18:50:00+00:00,5.310000,5.319900,5.290000,5.295000,90938
2026-06-17 18:55:00+00:00,5.290000,5.290000,5.245000,5.270000,81266
2026-06-17 19:00:00+00:00,5.265000,5.275000,5.235000,5.245000,68500
2026-06-17 19:05:00+00:00,5.245000,5.255000,5.220000,5.225000,84698
2026-06-17 19:10:00+00:00,5.225000,5.245000,5.205000,5.235000,235421
2026-06-17 19:15:00+00:00,5.235000,5.240000,5.210000,5.220100,60764
2026-06-17 19:20:00+00:00,5.220000,5.220000,5.180000,5.185000,165528
2026-06-17 19:25:00+00:00,5.185000,5.205000,5.170000,5.188600,176191
2026-06-17 19:30:00+00:00,5.185000,5.185000,5.150000,5.150000,127172
2026-06-17 19:35:00+00:00,5.155000,5.185000,5.140000,5.144000,207511
2026-06-17 19:40:00+00:00,5.145000,5.149900,5.110000,5.120000,198860
2026-06-17 19:45:00+00:00,5.120000,5.140000,5.105000,5.125000,165682
2026-06-17 19:50:00+00:00,5.125000,5.170000,5.110000,5.155000,235172
2026-06-17 19:55:00+00:00,5.160000,5.190000,5.120000,5.125000,478959
2026-06-18 13:30:00+00:00,5.290000,5.330000,5.235000,5.276900,797397
2026-06-18 13:35:00+00:00,5.265400,5.265400,5.140000,5.140300,189813
2026-06-18 13:40:00+00:00,5.140100,5.140700,5.059000,5.105000,174721
2026-06-18 13:45:00+00:00,5.105000,5.130000,5.035300,5.040000,128245
2026-06-18 13:50:00+00:00,5.044500,5.070000,5.005000,5.063600,241291
2026-06-18 13:55:00+00:00,5.070000,5.190000,5.060000,5.190000,293118
2026-06-18 14:00:00+00:00,5.195000,5.230000,5.180000,5.215000,229926
2026-06-18 14:05:00+00:00,5.215000,5.250000,5.212500,5.230000,155751
2026-06-18 14:10:00+00:00,5.230000,5.230000,5.125000,5.125000,145000
2026-06-18 14:15:00+00:00,5.120000,5.170000,5.120000,5.148600,89993
2026-06-18 14:20:00+00:00,5.140000,5.160000,5.110000,5.115000,95772
2026-06-18 14:25:00+00:00,5.120000,5.120000,5.090000,5.091400,62929
2026-06-18 14:30:00+00:00,5.097400,5.135000,5.085000,5.135000,85947
2026-06-18 14:35:00+00:00,5.131000,5.176000,5.130000,5.159800,114872
2026-06-18 14:40:00+00:00,5.155000,5.160000,5.140000,5.155000,59002
2026-06-18 14:45:00+00:00,5.155000,5.190000,5.152600,5.185000,79856
2026-06-18 14:50:00+00:00,5.180100,5.200000,5.175000,5.190000,125447
2026-06-18 14:55:00+00:00,5.190100,5.270000,5.190000,5.265000,164488
2026-06-18 15:00:00+00:00,5.260100,5.265000,5.210000,5.220000,101571
2026-06-18 15:05:00+00:00,5.215000,5.249900,5.210000,5.241000,155007
2026-06-18 15:10:00+00:00,5.240000,5.300000,5.235000,5.270000,426803
2026-06-18 15:15:00+00:00,5.265000,5.265000,5.235000,5.255000,80942
2026-06-18 15:20:00+00:00,5.255000,5.270000,5.250000,5.265000,80669
2026-06-18 15:25:00+00:00,5.265000,5.300000,5.250000,5.265000,94247
2026-06-18 15:30:00+00:00,5.265000,5.270000,5.250000,5.260000,43814
2026-06-18 15:35:00+00:00,5.265000,5.265000,5.230000,5.256800,131873
2026-06-18 15:40:00+00:00,5.252500,5.260000,5.235000,5.260000,119012
2026-06-18 15:45:00+00:00,5.255000,5.265000,5.245000,5.245000,33656
2026-06-18 15:50:00+00:00,5.245000,5.270000,5.245000,5.255000,51353
2026-06-18 15:55:00+00:00,5.260000,5.270000,5.260000,5.265000,52393
2026-06-18 16:00:00+00:00,5.260000,5.270000,5.255000,5.260000,64544
2026-06-18 16:05:00+00:00,5.260000,5.280100,5.260000,5.265000,71393
2026-06-18 16:10:00+00:00,5.265000,5.265000,5.240000,5.245000,43664
2026-06-18 16:15:00+00:00,5.240000,5.260000,5.240000,5.260000,67805
2026-06-18 16:20:00+00:00,5.265000,5.290000,5.260000,5.270700,55885
2026-06-18 16:25:00+00:00,5.270000,5.315000,5.270000,5.305000,167618
2026-06-18 16:30:00+00:00,5.305000,5.310000,5.271100,5.275000,87269
2026-06-18 16:35:00+00:00,5.275000,5.278900,5.260100,5.261400,92425
2026-06-18 16:40:00+00:00,5.265000,5.279900,5.260000,5.265000,78896
2026-06-18 16:45:00+00:00,5.269900,5.290000,5.265000,5.285000,46847
2026-06-18 16:50:00+00:00,5.289900,5.290000,5.260000,5.270000,64056
2026-06-18 16:55:00+00:00,5.269900,5.285000,5.260100,5.275000,74844
2026-06-18 17:00:00+00:00,5.275000,5.275000,5.240000,5.255000,96927
2026-06-18 17:05:00+00:00,5.255000,5.280000,5.250000,5.260100,72805
2026-06-18 17:10:00+00:00,5.260000,5.265000,5.240000,5.249900,46547
2026-06-18 17:15:00+00:00,5.245000,5.335000,5.240100,5.310000,188658
2026-06-18 17:20:00+00:00,5.300100,5.309900,5.290000,5.298600,34754
2026-06-18 17:25:00+00:00,5.295000,5.295200,5.280000,5.295000,46478
2026-06-18 17:30:00+00:00,5.295000,5.310000,5.290000,5.309800,84854
2026-06-18 17:35:00+00:00,5.310000,5.310000,5.280000,5.285000,52559
2026-06-18 17:40:00+00:00,5.280300,5.290000,5.275000,5.285000,45553
2026-06-18 17:45:00+00:00,5.280000,5.290000,5.280000,5.285000,50344
2026-06-18 17:50:00+00:00,5.285000,5.285000,5.275000,5.275000,32125
2026-06-18 17:55:00+00:00,5.275000,5.285000,5.265000,5.285000,55566
2026-06-18 18:00:00+00:00,5.285000,5.285000,5.220000,5.255000,160966
2026-06-18 18:05:00+00:00,5.260000,5.295000,5.260000,5.285000,99774
2026-06-18 18:10:00+00:00,5.280000,5.290000,5.240000,5.240000,181520
2026-06-18 18:15:00+00:00,5.245000,5.245000,5.220000,5.235000,51439
2026-06-18 18:20:00+00:00,5.231000,5.240000,5.230000,5.240000,31509
2026-06-18 18:25:00+00:00,5.230100,5.250000,5.230000,5.235000,32491
2026-06-18 18:30:00+00:00,5.235000,5.260000,5.230000,5.250000,66327
2026-06-18 18:35:00+00:00,5.250000,5.250000,5.230000,5.230000,102518
2026-06-18 18:40:00+00:00,5.235000,5.235000,5.230000,5.235000,14706
2026-06-18 18:45:00+00:00,5.235000,5.250000,5.230100,5.245000,49482
2026-06-18 18:50:00+00:00,5.240000,5.250000,5.235000,5.250000,65661
2026-06-18 18:55:00+00:00,5.245000,5.250000,5.225000,5.225000,67863
2026-06-18 19:00:00+00:00,5.225000,5.230000,5.220000,5.225000,52042
2026-06-18 19:05:00+00:00,5.225000,5.230000,5.220000,5.225000,32955
2026-06-18 19:10:00+00:00,5.220000,5.230000,5.200000,5.225000,170313
2026-06-18 19:15:00+00:00,5.225000,5.230000,5.200000,5.225000,170546
2026-06-18 19:20:00+00:00,5.230000,5.230000,5.220000,5.225000,36535
2026-06-18 19:25:00+00:00,5.230000,5.240000,5.220000,5.230000,54049
2026-06-18 19:30:00+00:00,5.235000,5.250000,5.220000,5.245000,75238
2026-06-18 19:35:00+00:00,5.250000,5.270000,5.250000,5.270000,61687
2026-06-18 19:40:00+00:00,5.265000,5.275000,5.260000,5.275000,82051
2026-06-18 19:45:00+00:00,5.275000,5.310000,5.270000,5.305000,155796
2026-06-18 19:50:00+00:00,5.310000,5.420000,5.310000,5.400200,1054911
2026-06-18 19:55:00+00:00,5.405000,5.405000,5.340000,5.340000,760720
2026-06-22 13:30:00+00:00,5.300000,5.320000,5.207500,5.240000,595045
2026-06-22 13:35:00+00:00,5.240000,5.300000,5.230000,5.235000,164906
2026-06-22 13:40:00+00:00,5.239700,5.280000,5.220000,5.279900,141791
2026-06-22 13:45:00+00:00,5.250000,5.270000,5.230000,5.259900,195593
2026-06-22 13:50:00+00:00,5.254000,5.280000,5.220000,5.235000,168088
2026-06-22 13:55:00+00:00,5.230000,5.280000,5.220100,5.280000,100359
2026-06-22 14:00:00+00:00,5.285000,5.310000,5.260000,5.290000,138659
2026-06-22 14:05:00+00:00,5.300000,5.340000,5.275000,5.295000,222964
2026-06-22 14:10:00+00:00,5.300000,5.329900,5.280000,5.285000,151000
2026-06-22 14:15:00+00:00,5.285000,5.285000,5.220000,5.225000,116864
2026-06-22 14:20:00+00:00,5.225000,5.250000,5.215000,5.230000,112994
2026-06-22 14:25:00+00:00,5.227200,5.235000,5.210000,5.215000,68908
2026-06-22 14:30:00+00:00,5.210000,5.240000,5.210000,5.240000,119768
2026-06-22 14:35:00+00:00,5.230000,5.255000,5.200000,5.225000,519262
2026-06-22 14:40:00+00:00,5.225000,5.240000,5.200000,5.200000,125585
2026-06-22 14:45:00+00:00,5.205000,5.205000,5.165000,5.175000,129456
2026-06-22 14:50:00+00:00,5.175000,5.180000,5.160000,5.160000,93726
2026-06-22 14:55:00+00:00,5.160000,5.195000,5.140000,5.185000,224310
2026-06-22 15:00:00+00:00,5.180000,5.190000,5.169300,5.185000,43111
2026-06-22 15:05:00+00:00,5.185000,5.185000,5.170000,5.175000,29523
2026-06-22 15:10:00+00:00,5.175000,5.175000,5.150000,5.150200,63305
2026-06-22 15:15:00+00:00,5.155000,5.165000,5.140000,5.160000,101553
2026-06-22 15:20:00+00:00,5.160000,5.190000,5.160000,5.190000,89635
2026-06-22 15:25:00+00:00,5.185000,5.200000,5.160000,5.169900,57616
2026-06-22 15:30:00+00:00,5.160000,5.195000,5.155000,5.190000,79071
2026-06-22 15:35:00+00:00,5.185000,5.190000,5.160000,5.165000,40550
2026-06-22 15:40:00+00:00,5.170000,5.185000,5.160000,5.170000,78418
2026-06-22 15:45:00+00:00,5.170100,5.185000,5.165000,5.166000,54191
2026-06-22 15:50:00+00:00,5.165000,5.180000,5.165000,5.175000,119417
2026-06-22 15:55:00+00:00,5.170000,5.170000,5.140100,5.140100,56814
2026-06-22 16:00:00+00:00,5.142600,5.150000,5.115000,5.119000,65604
2026-06-22 16:05:00+00:00,5.115000,5.130000,5.115000,5.125000,73186
2026-06-22 16:10:00+00:00,5.125000,5.130000,5.115000,5.125000,72630
2026-06-22 16:15:00+00:00,5.129700,5.130000,5.120000,5.130000,47568
2026-06-22 16:20:00+00:00,5.125000,5.140000,5.090000,5.098900,148560
2026-06-22 16:25:00+00:00,5.100000,5.105000,5.080000,5.100000,99915
2026-06-22 16:30:00+00:00,5.100000,5.100000,5.080000,5.088600,48173
2026-06-22 16:35:00+00:00,5.089800,5.095000,5.080000,5.085000,67592
2026-06-22 16:40:00+00:00,5.085000,5.100000,5.080000,5.089800,50990
2026-06-22 16:45:00+00:00,5.090000,5.120000,5.080000,5.107700,68560
2026-06-22 16:50:00+00:00,5.105000,5.120000,5.105000,5.115000,37997
2026-06-22 16:55:00+00:00,5.115000,5.130000,5.110000,5.115000,74225
2026-06-22 17:00:00+00:00,5.115000,5.120000,5.110000,5.115000,27378
2026-06-22 17:05:00+00:00,5.115000,5.115000,5.095000,5.095000,53719
2026-06-22 17:10:00+00:00,5.097000,5.097000,5.075000,5.075000,298776
2026-06-22 17:15:00+00:00,5.080000,5.110000,5.080000,5.105000,234397
2026-06-22 17:20:00+00:00,5.105000,5.105000,5.090100,5.091000,110608
2026-06-22 17:25:00+00:00,5.095000,5.099900,5.080000,5.080100,32780
2026-06-22 17:30:00+00:00,5.090000,5.100000,5.080000,5.095000,40404
2026-06-22 17:35:00+00:00,5.092600,5.099900,5.085000,5.095000,28309
2026-06-22 17:40:00+00:00,5.096000,5.100000,5.090100,5.090700,23266
2026-06-22 17:45:00+00:00,5.090000,5.100000,5.090000,5.095000,23320
2026-06-22 17:50:00+00:00,5.095000,5.100000,5.080000,5.095000,183134
2026-06-22 17:55:00+00:00,5.099900,5.205000,5.095000,5.175000,402057
2026-06-22 18:00:00+00:00,5.175000,5.185000,5.165000,5.175000,62713
2026-06-22 18:05:00+00:00,5.170000,5.175000,5.162300,5.170000,73004
2026-06-22 18:10:00+00:00,5.175000,5.210000,5.170100,5.210000,160014
2026-06-22 18:15:00+00:00,5.208300,5.220000,5.208300,5.215000,61172
2026-06-22 18:20:00+00:00,5.220000,5.240000,5.210000,5.235000,97710
2026-06-22 18:25:00+00:00,5.235000,5.235000,5.190000,5.200000,83035
2026-06-22 18:30:00+00:00,5.195000,5.210000,5.170000,5.170100,48958
2026-06-22 18:35:00+00:00,5.175000,5.189900,5.165000,5.165000,75849
2026-06-22 18:40:00+00:00,5.165300,5.170000,5.155000,5.160000,22886
2026-06-22 18:45:00+00:00,5.170000,5.170000,5.165000,5.170000,33825
2026-06-22 18:50:00+00:00,5.160000,5.165000,5.125000,5.125000,75116
2026-06-22 18:55:00+00:00,5.130000,5.130000,5.120000,5.130000,18690
2026-06-22 19:00:00+00:00,5.130000,5.165000,5.130000,5.165000,66944
2026-06-22 19:05:00+00:00,5.165000,5.165000,5.130000,5.147300,146508
2026-06-22 19:10:00+00:00,5.140100,5.140100,5.130000,5.139900,47857
2026-06-22 19:15:00+00:00,5.140000,5.155000,5.135000,5.155000,106184
2026-06-22 19:20:00+00:00,5.150000,5.155000,5.140000,5.145000,53547
2026-06-22 19:25:00+00:00,5.140100,5.160000,5.135000,5.155000,112318
2026-06-22 19:30:00+00:00,5.155000,5.160000,5.150000,5.160000,45328
2026-06-22 19:35:00+00:00,5.155000,5.155000,5.141000,5.150000,68506
2026-06-22 19:40:00+00:00,5.154900,5.155000,5.130000,5.135000,70168
2026-06-22 19:45:00+00:00,5.135000,5.150000,5.115000,5.147400,406390
2026-06-22 19:50:00+00:00,5.150000,5.175000,5.150000,5.165000,221838
2026-06-22 19:55:00+00:00,5.165000,5.170000,5.140000,5.155000,642986
2026-06-23 13:30:00+00:00,5.060000,5.160000,5.050000,5.153200,641763
2026-06-23 13:35:00+00:00,5.155000,5.230000,5.150000,5.190000,221980
2026-06-23 13:40:00+00:00,5.190000,5.280000,5.180000,5.270000,256541
2026-06-23 13:45:00+00:00,5.265000,5.285000,5.180000,5.185000,199191
2026-06-23 13:50:00+00:00,5.180300,5.200000,5.170000,5.175000,45578
2026-06-23 13:55:00+00:00,5.175000,5.229900,5.170000,5.224300,53929
2026-06-23 14:00:00+00:00,5.225000,5.227400,5.191100,5.227400,50476
2026-06-23 14:05:00+00:00,5.225000,5.225000,5.192500,5.195000,68751
2026-06-23 14:10:00+00:00,5.200000,5.220100,5.190000,5.220100,81719
2026-06-23 14:15:00+00:00,5.220000,5.240000,5.203600,5.205000,89050
2026-06-23 14:20:00+00:00,5.205000,5.205000,5.160000,5.165000,101567
2026-06-23 14:25:00+00:00,5.160000,5.160000,5.127500,5.155000,104658
2026-06-23 14:30:00+00:00,5.155000,5.170000,5.140100,5.155000,63860
2026-06-23 14:35:00+00:00,5.155000,5.180000,5.155000,5.165000,43373
2026-06-23 14:40:00+00:00,5.160100,5.170000,5.150000,5.165000,93242
2026-06-23 14:45:00+00:00,5.165000,5.170000,5.145000,5.155000,79281
2026-06-23 14:50:00+00:00,5.150000,5.215100,5.150000,5.195000,110339
2026-06-23 14:55:00+00:00,5.200000,5.270000,5.185000,5.270000,299282
2026-06-23 15:00:00+00:00,5.270000,5.339900,5.270000,5.300000,556088
2026-06-23 15:05:00+00:00,5.305000,5.320000,5.300000,5.315000,119065
2026-06-23 15:10:00+00:00,5.320000,5.336500,5.290000,5.295000,151487
2026-06-23 15:15:00+00:00,5.295000,5.295000,5.220000,5.240100,125640
2026-06-23 15:20:00+00:00,5.245000,5.260000,5.235000,5.240000,67338
2026-06-23 15:25:00+00:00,5.240000,5.260000,5.235000,5.250000,91332
2026-06-23 15:30:00+00:00,5.240000,5.260000,5.240000,5.255000,69878
2026-06-23 15:35:00+00:00,5.250000,5.260000,5.212800,5.215000,81174
2026-06-23 15:40:00+00:00,5.210000,5.220000,5.200000,5.209900,58887
2026-06-23 15:45:00+00:00,5.205000,5.220000,5.200000,5.205000,62127
2026-06-23 15:50:00+00:00,5.209900,5.215000,5.200000,5.210000,57916
2026-06-23 15:55:00+00:00,5.205000,5.235000,5.200000,5.235000,82398
2026-06-23 16:00:00+00:00,5.232600,5.250000,5.220000,5.230100,166050
2026-06-23 16:05:00+00:00,5.230200,5.240000,5.225000,5.235000,35853
2026-06-23 16:10:00+00:00,5.235000,5.269900,5.230000,5.235000,133232
2026-06-23 16:15:00+00:00,5.240000,5.240100,5.215000,5.219900,51028
2026-06-23 16:20:00+00:00,5.215000,5.240000,5.210000,5.235000,56379
2026-06-23 16:25:00+00:00,5.240000,5.250000,5.230100,5.235000,48514
2026-06-23 16:30:00+00:00,5.239900,5.240000,5.225000,5.225000,38826
2026-06-23 16:35:00+00:00,5.225000,5.235000,5.220000,5.225000,34553
2026-06-23 16:40:00+00:00,5.225000,5.240000,5.221100,5.235000,99514
2026-06-23 16:45:00+00:00,5.235000,5.235000,5.220000,5.235000,38951
2026-06-23 16:50:00+00:00,5.240000,5.240000,5.230000,5.240000,58951
2026-06-23 16:55:00+00:00,5.235000,5.240000,5.210200,5.235000,70566
2026-06-23 17:00:00+00:00,5.230000,5.230000,5.210000,5.215000,48292
2026-06-23 17:05:00+00:00,5.215000,5.230000,5.210000,5.225000,44785
2026-06-23 17:10:00+00:00,5.222600,5.240000,5.220000,5.225000,34226
2026-06-23 17:15:00+00:00,5.225000,5.230000,5.215000,5.222600,32332
2026-06-23 17:20:00+00:00,5.225000,5.235000,5.222600,5.230000,41655
2026-06-23 17:25:00+00:00,5.222300,5.227700,5.205000,5.215000,91424
2026-06-23 17:30:00+00:00,5.215000,5.216000,5.205000,5.215000,47102
2026-06-23 17:35:00+00:00,5.215000,5.220000,5.200000,5.205000,62601
2026-06-23 17:40:00+00:00,5.200000,5.215000,5.190000,5.209900,42106
2026-06-23 17:45:00+00:00,5.200100,5.209900,5.190000,5.195000,25865
2026-06-23 17:50:00+00:00,5.195000,5.200000,5.160000,5.160000,111895
2026-06-23 17:55:00+00:00,5.165000,5.170000,5.155000,5.165000,39647
2026-06-23 18:00:00+00:00,5.165000,5.180000,5.165000,5.179900,33130
2026-06-23 18:05:00+00:00,5.175000,5.180000,5.160000,5.165000,48205
2026-06-23 18:10:00+00:00,5.165000,5.190000,5.165000,5.180000,59618
2026-06-23 18:15:00+00:00,5.189900,5.190000,5.172500,5.175000,67261
2026-06-23 18:20:00+00:00,5.180000,5.180000,5.170000,5.175000,22348
2026-06-23 18:25:00+00:00,5.175000,5.180000,5.165000,5.165000,32320
2026-06-23 18:30:00+00:00,5.165000,5.190000,5.160000,5.185000,53694
2026-06-23 18:35:00+00:00,5.190000,5.195000,5.170000,5.170000,41664
2026-06-23 18:40:00+00:00,5.170000,5.170100,5.150000,5.155000,94098
2026-06-23 18:45:00+00:00,5.159900,5.160000,5.140100,5.155000,171009
2026-06-23 18:50:00+00:00,5.155000,5.170000,5.155000,5.165000,50053
2026-06-23 18:55:00+00:00,5.165000,5.180000,5.160000,5.180000,51198
2026-06-23 19:00:00+00:00,5.180000,5.195000,5.175000,5.195000,59902
2026-06-23 19:05:00+00:00,5.195000,5.209900,5.175000,5.175000,97610
2026-06-23 19:10:00+00:00,5.175000,5.190000,5.175000,5.185000,34611
2026-06-23 19:15:00+00:00,5.185000,5.190000,5.175000,5.185000,62319
2026-06-23 19:20:00+00:00,5.180000,5.200000,5.180000,5.190000,50545
2026-06-23 19:25:00+00:00,5.190100,5.225000,5.190100,5.225000,85281
2026-06-23 19:30:00+00:00,5.225000,5.230000,5.205000,5.215000,73464
2026-06-23 19:35:00+00:00,5.211700,5.220000,5.210000,5.215000,55278
2026-06-23 19:40:00+00:00,5.215000,5.220000,5.210000,5.215000,31777
2026-06-23 19:45:00+00:00,5.215000,5.220000,5.200000,5.215000,81489
2026-06-23 19:50:00+00:00,5.220000,5.227700,5.212000,5.215000,150561
2026-06-23 19:55:00+00:00,5.215000,5.225000,5.165000,5.170000,738484
2026-06-24 13:30:00+00:00,5.250000,5.320000,5.220000,5.233100,454079
2026-06-24 13:35:00+00:00,5.240000,5.310000,5.230000,5.305000,177244
2026-06-24 13:40:00+00:00,5.305000,5.330000,5.260000,5.270000,124723
2026-06-24 13:45:00+00:00,5.265000,5.267600,5.220100,5.255000,105263
2026-06-24 13:50:00+00:00,5.255000,5.370000,5.245000,5.360000,290371
2026-06-24 13:55:00+00:00,5.360000,5.385000,5.340000,5.385000,181771
2026-06-24 14:00:00+00:00,5.380000,5.380000,5.275000,5.281400,127750
2026-06-24 14:05:00+00:00,5.285000,5.330000,5.285000,5.325000,52805
2026-06-24 14:10:00+00:00,5.325000,5.335000,5.285000,5.300000,68645
2026-06-24 14:15:00+00:00,5.305000,5.305000,5.240000,5.260000,176955
2026-06-24 14:20:00+00:00,5.255000,5.260000,5.200000,5.245000,262736
2026-06-24 14:25:00+00:00,5.245000,5.245000,5.220000,5.235000,53365
2026-06-24 14:30:00+00:00,5.235000,5.235000,5.213500,5.215000,64001
2026-06-24 14:35:00+00:00,5.215000,5.229900,5.160000,5.160000,159437
2026-06-24 14:40:00+00:00,5.160000,5.180000,5.150000,5.170000,91803
2026-06-24 14:45:00+00:00,5.170000,5.190000,5.170000,5.180000,88497
2026-06-24 14:50:00+00:00,5.186000,5.190000,5.170000,5.170000,69949
2026-06-24 14:55:00+00:00,5.180000,5.195000,5.160000,5.180000,118070
2026-06-24 15:00:00+00:00,5.185000,5.199000,5.165000,5.165000,100473
2026-06-24 15:05:00+00:00,5.165000,5.190000,5.160000,5.165000,54118
2026-06-24 15:10:00+00:00,5.165000,5.180000,5.160000,5.160700,99533
2026-06-24 15:15:00+00:00,5.165000,5.185000,5.160000,5.179900,66938
2026-06-24 15:20:00+00:00,5.175000,5.180000,5.170000,5.175000,35742
2026-06-24 15:25:00+00:00,5.175000,5.180000,5.165000,5.175000,88223
2026-06-24 15:30:00+00:00,5.175000,5.180000,5.150000,5.155000,77319
2026-06-24 15:35:00+00:00,5.155000,5.160000,5.140100,5.145000,77959
2026-06-24 15:40:00+00:00,5.145000,5.149900,5.135000,5.140000,52324
2026-06-24 15:45:00+00:00,5.141100,5.155000,5.135000,5.155000,54624
2026-06-24 15:50:00+00:00,5.159600,5.170000,5.150000,5.165000,81647
2026-06-24 15:55:00+00:00,5.165000,5.170000,5.140000,5.145000,59826
2026-06-24 16:00:00+00:00,5.149900,5.155000,5.140000,5.149100,33372
2026-06-24 16:05:00+00:00,5.145000,5.160000,5.140000,5.150000,56004
2026-06-24 16:10:00+00:00,5.155000,5.170000,5.150000,5.165000,64286
2026-06-24 16:15:00+00:00,5.165000,5.180000,5.165000,5.175000,37112
2026-06-24 16:20:00+00:00,5.175000,5.199900,5.170000,5.185000,75199
2026-06-24 16:25:00+00:00,5.190000,5.200000,5.180000,5.180000,55114
2026-06-24 16:30:00+00:00,5.185000,5.185000,5.160000,5.175000,65042
2026-06-24 16:35:00+00:00,5.175000,5.175000,5.150000,5.150000,47432
2026-06-24 16:40:00+00:00,5.155000,5.165000,5.140000,5.149700,82604
2026-06-24 16:45:00+00:00,5.145000,5.145000,5.120000,5.125000,138560
2026-06-24 16:50:00+00:00,5.125000,5.135000,5.115000,5.115000,183371
2026-06-24 16:55:00+00:00,5.120000,5.140000,5.110000,5.135000,103604
2026-06-24 17:00:00+00:00,5.130300,5.146700,5.130300,5.145000,45860
2026-06-24 17:05:00+00:00,5.145000,5.145000,5.125000,5.145000,90556
2026-06-24 17:10:00+00:00,5.145000,5.145000,5.130000,5.130000,39034
2026-06-24 17:15:00+00:00,5.135000,5.135000,5.122300,5.125000,25494
2026-06-24 17:20:00+00:00,5.121100,5.130000,5.120000,5.125000,143914
2026-06-24 17:25:00+00:00,5.120000,5.130000,5.120000,5.125000,80892
2026-06-24 17:30:00+00:00,5.125000,5.135000,5.110000,5.130100,167834
2026-06-24 17:35:00+00:00,5.135000,5.145000,5.120000,5.145000,53014
2026-06-24 17:40:00+00:00,5.140100,5.140100,5.130000,5.130000,33847
2026-06-24 17:45:00+00:00,5.125000,5.130000,5.120000,5.120000,32727
2026-06-24 17:50:00+00:00,5.125000,5.129900,5.120000,5.120000,28557
2026-06-24 17:55:00+00:00,5.125000,5.140000,5.120000,5.135000,70653
2026-06-24 18:00:00+00:00,5.135000,5.139300,5.120000,5.125000,37362
2026-06-24 18:05:00+00:00,5.125000,5.140000,5.120000,5.140000,50436
2026-06-24 18:10:00+00:00,5.135000,5.140000,5.120000,5.135000,46123
2026-06-24 18:15:00+00:00,5.135000,5.155000,5.130100,5.155000,66433
2026-06-24 18:20:00+00:00,5.155000,5.160000,5.142300,5.150000,26443
2026-06-24 18:25:00+00:00,5.150000,5.160000,5.145000,5.150000,47310
2026-06-24 18:30:00+00:00,5.160000,5.160000,5.130000,5.135000,44588
2026-06-24 18:35:00+00:00,5.135000,5.135000,5.120000,5.125000,43137
2026-06-24 18:40:00+00:00,5.120000,5.120000,5.105000,5.115000,128670
2026-06-24 18:45:00+00:00,5.110100,5.120000,5.100000,5.105000,92829
2026-06-24 18:50:00+00:00,5.105000,5.120000,5.095000,5.120000,122108
2026-06-24 18:55:00+00:00,5.110000,5.125000,5.105000,5.110000,100732
2026-06-24 19:00:00+00:00,5.115000,5.115000,5.100000,5.115000,73287
2026-06-24 19:05:00+00:00,5.115000,5.119900,5.090000,5.095000,91074
2026-06-24 19:10:00+00:00,5.090000,5.100000,5.080000,5.095000,389981
2026-06-24 19:15:00+00:00,5.100000,5.110000,5.080000,5.105000,96297
2026-06-24 19:20:00+00:00,5.109900,5.145000,5.100000,5.145000,256036
2026-06-24 19:25:00+00:00,5.150000,5.155000,5.130100,5.150100,81546
2026-06-24 19:30:00+00:00,5.155000,5.155000,5.135000,5.145000,59920
2026-06-24 19:35:00+00:00,5.145000,5.159900,5.135000,5.155000,89321
2026-06-24 19:40:00+00:00,5.150000,5.160000,5.150000,5.155000,34746
2026-06-24 19:45:00+00:00,5.155000,5.170000,5.140000,5.145000,87822
2026-06-24 19:50:00+00:00,5.150000,5.170000,5.150000,5.150000,184469
2026-06-24 19:55:00+00:00,5.155000,5.165000,5.130000,5.135000,338662
2026-06-25 13:30:00+00:00,5.209900,5.220000,5.120000,5.155000,322856
2026-06-25 13:35:00+00:00,5.160000,5.180000,5.140000,5.150000,109385
2026-06-25 13:40:00+00:00,5.148000,5.148000,5.100000,5.140000,149487
2026-06-25 13:45:00+00:00,5.136400,5.150000,5.120000,5.150000,170783
2026-06-25 13:50:00+00:00,5.150000,5.185000,5.140000,5.155000,179217
2026-06-25 13:55:00+00:00,5.155000,5.170000,5.140000,5.155000,91849
2026-06-25 14:00:00+00:00,5.160000,5.237100,5.160000,5.235000,212463
2026-06-25 14:05:00+00:00,5.230100,5.260000,5.220000,5.230200,218858
2026-06-25 14:10:00+00:00,5.250000,5.270000,5.215000,5.215000,131049
2026-06-25 14:15:00+00:00,5.215000,5.229900,5.170100,5.195000,114583
2026-06-25 14:20:00+00:00,5.200000,5.210000,5.180000,5.195000,81657
2026-06-25 14:25:00+00:00,5.200000,5.209700,5.185000,5.195000,85331
2026-06-25 14:30:00+00:00,5.195000,5.200000,5.180100,5.190000,75294
2026-06-25 14:35:00+00:00,5.191400,5.191400,5.170000,5.180000,68389
2026-06-25 14:40:00+00:00,5.175000,5.175000,5.125000,5.140000,81469
2026-06-25 14:45:00+00:00,5.145000,5.149900,5.120000,5.135000,82260
2026-06-25 14:50:00+00:00,5.135000,5.140000,5.120000,5.125000,72169
2026-06-25 14:55:00+00:00,5.125000,5.130000,5.090000,5.100100,248284
2026-06-25 15:00:00+00:00,5.107700,5.125000,5.090000,5.120000,132122
2026-06-25 15:05:00+00:00,5.115000,5.120000,5.110000,5.120000,55364
2026-06-25 15:10:00+00:00,5.115000,5.120000,5.080000,5.090000,348072
2026-06-25 15:15:00+00:00,5.085000,5.109900,5.070000,5.105000,283629
2026-06-25 15:20:00+00:00,5.100000,5.115000,5.100000,5.115000,78965
2026-06-25 15:25:00+00:00,5.115000,5.120000,5.110000,5.110000,49116
2026-06-25 15:30:00+00:00,5.115000,5.129900,5.110000,5.120000,63118
2026-06-25 15:35:00+00:00,5.129700,5.135000,5.120000,5.120000,40673
2026-06-25 15:40:00+00:00,5.125000,5.130000,5.120000,5.125000,35366
2026-06-25 15:45:00+00:00,5.125000,5.127500,5.120000,5.120000,38682
2026-06-25 15:50:00+00:00,5.120000,5.130000,5.120000,5.125000,22851
2026-06-25 15:55:00+00:00,5.125000,5.130000,5.120000,5.125000,24461
2026-06-25 16:00:00+00:00,5.125000,5.125000,5.110000,5.110000,129668
2026-06-25 16:05:00+00:00,5.119900,5.135000,5.110000,5.135000,63575
2026-06-25 16:10:00+00:00,5.130100,5.140000,5.120000,5.140000,49978
2026-06-25 16:15:00+00:00,5.145000,5.155000,5.130000,5.155000,88839
2026-06-25 16:20:00+00:00,5.155000,5.170000,5.155000,5.169900,69539
2026-06-25 16:25:00+00:00,5.160100,5.165000,5.155000,5.159900,29539
2026-06-25 16:30:00+00:00,5.155000,5.155000,5.135000,5.142600,61920
2026-06-25 16:35:00+00:00,5.140100,5.149900,5.135000,5.145000,25870
2026-06-25 16:40:00+00:00,5.145000,5.145000,5.120000,5.135000,60427
2026-06-25 16:45:00+00:00,5.130000,5.135000,5.120000,5.135000,57118
2026-06-25 16:50:00+00:00,5.130000,5.130000,5.120000,5.125000,20606
2026-06-25 16:55:00+00:00,5.125000,5.140000,5.120000,5.140000,64812
2026-06-25 17:00:00+00:00,5.135100,5.135100,5.130000,5.135000,16416
2026-06-25 17:05:00+00:00,5.130000,5.130000,5.120000,5.120000,37989
2026-06-25 17:10:00+00:00,5.125000,5.140000,5.120200,5.135000,50115
2026-06-25 17:15:00+00:00,5.135000,5.150000,5.130000,5.135000,27073
2026-06-25 17:20:00+00:00,5.135000,5.145000,5.120100,5.145000,57911
2026-06-25 17:25:00+00:00,5.140000,5.150000,5.135000,5.135000,31237
2026-06-25 17:30:00+00:00,5.135000,5.135000,5.120000,5.135000,30516
2026-06-25 17:35:00+00:00,5.135000,5.155000,5.130000,5.145000,107860
2026-06-25 17:40:00+00:00,5.145000,5.150000,5.135000,5.139300,38860
2026-06-25 17:45:00+00:00,5.135000,5.140000,5.125000,5.135000,76819
2026-06-25 17:50:00+00:00,5.135000,5.145000,5.125000,5.135000,63571
2026-06-25 17:55:00+00:00,5.135000,5.140000,5.130000,5.135000,24214
2026-06-25 18:00:00+00:00,5.135000,5.135000,5.115000,5.125000,85754
2026-06-25 18:05:00+00:00,5.125000,5.125000,5.110000,5.110000,34708
2026-06-25 18:10:00+00:00,5.115000,5.120000,5.110000,5.115000,43623
2026-06-25 18:15:00+00:00,5.110000,5.120000,5.110000,5.110000,25113
2026-06-25 18:20:00+00:00,5.110000,5.125000,5.105000,5.125000,105458
2026-06-25 18:25:00+00:00,5.125000,5.135000,5.110000,5.115000,173791
2026-06-25 18:30:00+00:00,5.110000,5.119900,5.095000,5.105000,196404
2026-06-25 18:35:00+00:00,5.100000,5.110300,5.100000,5.110000,243986
2026-06-25 18:40:00+00:00,5.115000,5.115000,5.100000,5.100000,189517
2026-06-25 18:45:00+00:00,5.100000,5.115000,5.080000,5.115000,476313
2026-06-25 18:50:00+00:00,5.115000,5.130000,5.110100,5.120000,48307
2026-06-25 18:55:00+00:00,5.125000,5.130000,5.100000,5.115000,301479
2026-06-25 19:00:00+00:00,5.115000,5.120000,5.105000,5.110000,122989
2026-06-25 19:05:00+00:00,5.115000,5.120000,5.100000,5.100000,76997
2026-06-25 19:10:00+00:00,5.105000,5.110000,5.095000,5.105000,81376
2026-06-25 19:15:00+00:00,5.100000,5.110000,5.100000,5.105000,31335
2026-06-25 19:20:00+00:00,5.105000,5.110000,5.100000,5.105000,46423
2026-06-25 19:25:00+00:00,5.100000,5.110000,5.100000,5.100000,47638
2026-06-25 19:30:00+00:00,5.105000,5.125000,5.100000,5.120000,157383
2026-06-25 19:35:00+00:00,5.120000,5.180000,5.105000,5.180000,252680
2026-06-25 19:40:00+00:00,5.185000,5.190000,5.175000,5.185000,172801
2026-06-25 19:45:00+00:00,5.180200,5.210000,5.180000,5.210000,600333
2026-06-25 19:50:00+00:00,5.200000,5.205000,5.140000,5.160000,153839
2026-06-25 19:55:00+00:00,5.160000,5.160000,5.110000,5.115000,571491
2026-06-26 13:30:00+00:00,5.086200,5.235000,5.076700,5.235000,540357
2026-06-26 13:35:00+00:00,5.235000,5.275000,5.210000,5.220100,372220
2026-06-26 13:40:00+00:00,5.220000,5.285000,5.210000,5.250000,230508
2026-06-26 13:45:00+00:00,5.245000,5.265000,5.200000,5.265000,178893
2026-06-26 13:50:00+00:00,5.265000,5.265000,5.210000,5.225000,80716
2026-06-26 13:55:00+00:00,5.225000,5.310000,5.220100,5.290000,563004
2026-06-26 14:00:00+00:00,5.290000,5.320000,5.250100,5.310000,260410
2026-06-26 14:05:00+00:00,5.315000,5.315000,5.270000,5.290100,118465
2026-06-26 14:10:00+00:00,5.295000,5.330000,5.290000,5.320000,163224
2026-06-26 14:15:00+00:00,5.320000,5.360000,5.310000,5.315000,237025
2026-06-26 14:20:00+00:00,5.315000,5.360000,5.315000,5.360000,136194
2026-06-26 14:25:00+00:00,5.355000,5.396000,5.335000,5.375000,271960
2026-06-26 14:30:00+00:00,5.375000,5.420000,5.360100,5.395000,483446
2026-06-26 14:35:00+00:00,5.395000,5.405000,5.370000,5.370000,107228
2026-06-26 14:40:00+00:00,5.375000,5.420000,5.370100,5.380000,115358
2026-06-26 14:45:00+00:00,5.385000,5.410000,5.370000,5.405000,115797
2026-06-26 14:50:00+00:00,5.405000,5.405000,5.380000,5.385000,112069
2026-06-26 14:55:00+00:00,5.380100,5.400000,5.345000,5.395000,241084
2026-06-26 15:00:00+00:00,5.395000,5.400000,5.365000,5.365000,113393
2026-06-26 15:05:00+00:00,5.365000,5.380000,5.350000,5.372600,64494
2026-06-26 15:10:00+00:00,5.372700,5.400000,5.351400,5.390000,133502
2026-06-26 15:15:00+00:00,5.390000,5.465000,5.385000,5.445000,478893
2026-06-26 15:20:00+00:00,5.440000,5.480000,5.430000,5.470100,146118
2026-06-26 15:25:00+00:00,5.470100,5.525000,5.460000,5.515000,429559
2026-06-26 15:30:00+00:00,5.510000,5.530000,5.485000,5.515000,359300
2026-06-26 15:35:00+00:00,5.515000,5.550000,5.515000,5.545000,432451
2026-06-26 15:40:00+00:00,5.545000,5.550000,5.480000,5.505000,288215
2026-06-26 15:45:00+00:00,5.505000,5.525000,5.465000,5.470100,287540
2026-06-26 15:50:00+00:00,5.475000,5.480000,5.435000,5.445000,175016
2026-06-26 15:55:00+00:00,5.445000,5.450000,5.400000,5.405000,83973
2026-06-26 16:00:00+00:00,5.410000,5.445000,5.405000,5.440000,128252
2026-06-26 16:05:00+00:00,5.430000,5.440000,5.420000,5.425000,84504
2026-06-26 16:10:00+00:00,5.425000,5.440000,5.410000,5.420100,77713
2026-06-26 16:15:00+00:00,5.425000,5.435000,5.420000,5.420000,61411
2026-06-26 16:20:00+00:00,5.425000,5.430000,5.405000,5.415000,55285
2026-06-26 16:25:00+00:00,5.410000,5.440000,5.410000,5.415000,70924
2026-06-26 16:30:00+00:00,5.415000,5.475000,5.410000,5.475000,109915
2026-06-26 16:35:00+00:00,5.475000,5.480000,5.455000,5.455000,78419
2026-06-26 16:40:00+00:00,5.455000,5.470000,5.455000,5.460000,57461
2026-06-26 16:45:00+00:00,5.460000,5.500000,5.450000,5.491200,84944
2026-06-26 16:50:00+00:00,5.495000,5.575000,5.480000,5.565000,328169
2026-06-26 16:55:00+00:00,5.565000,5.580000,5.550000,5.570000,210728
2026-06-26 17:00:00+00:00,5.565000,5.570000,5.540000,5.565000,153062
2026-06-26 17:05:00+00:00,5.565000,5.580000,5.555000,5.570000,132285
2026-06-26 17:10:00+00:00,5.565000,5.569900,5.545000,5.550100,91984
2026-06-26 17:15:00+00:00,5.555000,5.560000,5.535000,5.545000,81427
2026-06-26 17:20:00+00:00,5.547400,5.550000,5.530100,5.545000,116617
2026-06-26 17:25:00+00:00,5.545000,5.560000,5.530000,5.545000,283183
2026-06-26 17:30:00+00:00,5.545000,5.545000,5.530100,5.540000,116391
2026-06-26 17:35:00+00:00,5.540000,5.540000,5.520000,5.535000,67991
2026-06-26 17:40:00+00:00,5.530000,5.550000,5.530000,5.545000,67505
2026-06-26 17:45:00+00:00,5.545000,5.570000,5.540000,5.570000,84892
2026-06-26 17:50:00+00:00,5.565000,5.585000,5.550600,5.580000,137800
2026-06-26 17:55:00+00:00,5.575000,5.625000,5.570100,5.570100,346738
2026-06-26 18:00:00+00:00,5.575000,5.585000,5.560000,5.575000,69051
2026-06-26 18:05:00+00:00,5.575000,5.590000,5.570000,5.586300,69590
2026-06-26 18:10:00+00:00,5.585000,5.590000,5.560000,5.560100,146502
2026-06-26 18:15:00+00:00,5.560000,5.565000,5.535000,5.540000,94409
2026-06-26 18:20:00+00:00,5.540000,5.557200,5.540000,5.547700,63250
2026-06-26 18:25:00+00:00,5.545000,5.560000,5.530100,5.545000,119078
2026-06-26 18:30:00+00:00,5.545000,5.550000,5.530000,5.535000,78845
2026-06-26 18:35:00+00:00,5.535000,5.565000,5.520000,5.525000,146871
2026-06-26 18:40:00+00:00,5.530000,5.535000,5.510000,5.521100,96706
2026-06-26 18:45:00+00:00,5.520000,5.540000,5.520000,5.540000,90217
2026-06-26 18:50:00+00:00,5.550000,5.550000,5.520000,5.545000,91262
2026-06-26 18:55:00+00:00,5.545000,5.625000,5.540000,5.615000,221218
2026-06-26 19:00:00+00:00,5.615000,5.650000,5.610000,5.620200,272822
2026-06-26 19:05:00+00:00,5.625000,5.649300,5.610000,5.640000,193316
2026-06-26 19:10:00+00:00,5.645000,5.660000,5.630100,5.655000,253229
2026-06-26 19:15:00+00:00,5.650200,5.710000,5.650000,5.695000,308424
2026-06-26 19:20:00+00:00,5.695000,5.709900,5.680100,5.700000,216143
2026-06-26 19:25:00+00:00,5.705000,5.765000,5.695000,5.759600,475967
2026-06-26 19:30:00+00:00,5.760000,5.760000,5.721400,5.745000,266385
2026-06-26 19:35:00+00:00,5.745000,5.755000,5.690000,5.705000,305833
2026-06-26 19:40:00+00:00,5.700000,5.720000,5.680000,5.715000,230426
2026-06-26 19:45:00+00:00,5.710300,5.760000,5.710300,5.739900,314971
2026-06-26 19:50:00+00:00,5.739900,5.930000,5.735000,5.860000,2017936
2026-06-26 19:55:00+00:00,5.855000,5.950000,5.855000,5.940000,2204233
2026-06-29 13:30:00+00:00,5.920000,6.190000,5.920000,6.135000,1391677
2026-06-29 13:35:00+00:00,6.135000,6.210000,6.065000,6.140000,633443
2026-06-29 13:40:00+00:00,6.130100,6.150100,6.070000,6.110000,425276
2026-06-29 13:45:00+00:00,6.120000,6.170000,6.070000,6.125000,399073
2026-06-29 13:50:00+00:00,6.125000,6.150000,6.110000,6.115000,237205
2026-06-29 13:55:00+00:00,6.110000,6.165000,6.090000,6.100000,454673
2026-06-29 14:00:00+00:00,6.095000,6.180000,6.045000,6.175000,332236
2026-06-29 14:05:00+00:00,6.170000,6.242300,6.145000,6.195000,663300
2026-06-29 14:10:00+00:00,6.195000,6.205000,6.095000,6.130000,313079
2026-06-29 14:15:00+00:00,6.135000,6.205200,6.130000,6.195000,343662
2026-06-29 14:20:00+00:00,6.190000,6.215000,6.180000,6.206500,251852
2026-06-29 14:25:00+00:00,6.210000,6.280000,6.210000,6.255000,486720
2026-06-29 14:30:00+00:00,6.255000,6.255000,6.205000,6.230000,404138
2026-06-29 14:35:00+00:00,6.225000,6.245000,6.165000,6.185000,242007
2026-06-29 14:40:00+00:00,6.185000,6.235000,6.180000,6.215000,192215
2026-06-29 14:45:00+00:00,6.210000,6.245000,6.160000,6.230000,254744
2026-06-29 14:50:00+00:00,6.235000,6.350000,6.230000,6.331400,814952
2026-06-29 14:55:00+00:00,6.335000,6.350000,6.285000,6.340700,303951
2026-06-29 15:00:00+00:00,6.345000,6.350000,6.270000,6.275000,243980
2026-06-29 15:05:00+00:00,6.275000,6.280000,6.240700,6.255000,223020
2026-06-29 15:10:00+00:00,6.255000,6.280000,6.245000,6.280000,182060
2026-06-29 15:15:00+00:00,6.279800,6.280000,6.220100,6.245000,234193
2026-06-29 15:20:00+00:00,6.245000,6.250000,6.200000,6.210000,312613
2026-06-29 15:25:00+00:00,6.215000,6.250000,6.200000,6.250000,143244
2026-06-29 15:30:00+00:00,6.245000,6.260000,6.230000,6.245000,163674
2026-06-29 15:35:00+00:00,6.250000,6.270000,6.235000,6.265000,141454
2026-06-29 15:40:00+00:00,6.265000,6.295000,6.265000,6.280000,213270
2026-06-29 15:45:00+00:00,6.275000,6.300000,6.240000,6.250100,204375
2026-06-29 15:50:00+00:00,6.255000,6.280000,6.251400,6.263500,156135
2026-06-29 15:55:00+00:00,6.270000,6.300000,6.260000,6.275000,183785
2026-06-29 16:00:00+00:00,6.275000,6.320000,6.260000,6.285000,703399
2026-06-29 16:05:00+00:00,6.290000,6.300000,6.280000,6.290000,135311
2026-06-29 16:10:00+00:00,6.290000,6.290000,6.230000,6.249900,211187
2026-06-29 16:15:00+00:00,6.250000,6.255100,6.230000,6.235000,126685
2026-06-29 16:20:00+00:00,6.235000,6.250000,6.210000,6.245000,155988
2026-06-29 16:25:00+00:00,6.250000,6.265000,6.240000,6.265000,142032
2026-06-29 16:30:00+00:00,6.265000,6.285000,6.255000,6.275000,254019
2026-06-29 16:35:00+00:00,6.275000,6.300000,6.270100,6.290100,167894
2026-06-29 16:40:00+00:00,6.295000,6.295000,6.235000,6.245000,152202
2026-06-29 16:45:00+00:00,6.245000,6.250000,6.235000,6.245000,98707
2026-06-29 16:50:00+00:00,6.245000,6.280000,6.230000,6.235000,142996
2026-06-29 16:55:00+00:00,6.235000,6.260000,6.220100,6.255000,107423
2026-06-29 17:00:00+00:00,6.260000,6.295000,6.255000,6.275000,201989
2026-06-29 17:05:00+00:00,6.280000,6.300000,6.270000,6.292000,132864
2026-06-29 17:10:00+00:00,6.295000,6.335000,6.295000,6.325000,213395
2026-06-29 17:15:00+00:00,6.330000,6.365000,6.325000,6.345000,462265
2026-06-29 17:20:00+00:00,6.341400,6.350000,6.315000,6.335000,98531
2026-06-29 17:25:00+00:00,6.335000,6.350000,6.320000,6.320000,148088
2026-06-29 17:30:00+00:00,6.320000,6.330000,6.300000,6.320000,205654
2026-06-29 17:35:00+00:00,6.325000,6.330000,6.300000,6.305000,94021
2026-06-29 17:40:00+00:00,6.305000,6.340000,6.300000,6.330000,78864
2026-06-29 17:45:00+00:00,6.335000,6.380000,6.325000,6.370000,191889
2026-06-29 17:50:00+00:00,6.365000,6.370000,6.350000,6.355000,118809
2026-06-29 17:55:00+00:00,6.360000,6.380000,6.355000,6.365000,170516
2026-06-29 18:00:00+00:00,6.365000,6.365000,6.280000,6.285000,188604
2026-06-29 18:05:00+00:00,6.285000,6.325000,6.270000,6.320000,188422
2026-06-29 18:10:00+00:00,6.320000,6.320000,6.310000,6.315000,75273
2026-06-29 18:15:00+00:00,6.320000,6.320000,6.290000,6.295000,130771
2026-06-29 18:20:00+00:00,6.295000,6.330000,6.290000,6.330000,119351
2026-06-29 18:25:00+00:00,6.325000,6.340000,6.320000,6.340000,111556
2026-06-29 18:30:00+00:00,6.330500,6.365000,6.330000,6.355000,124747
2026-06-29 18:35:00+00:00,6.350000,6.400000,6.350000,6.395000,310750
2026-06-29 18:40:00+00:00,6.395000,6.430000,6.380000,6.430000,288349
2026-06-29 18:45:00+00:00,6.429900,6.480000,6.425000,6.465000,369369
2026-06-29 18:50:00+00:00,6.460000,6.490000,6.452900,6.480000,255953
2026-06-29 18:55:00+00:00,6.475000,6.560000,6.475000,6.560000,760820
2026-06-29 19:00:00+00:00,6.559900,6.580000,6.513900,6.520000,384182
2026-06-29 19:05:00+00:00,6.515000,6.535000,6.500100,6.515000,242437
2026-06-29 19:10:00+00:00,6.515000,6.575000,6.513500,6.570000,344511
2026-06-29 19:15:00+00:00,6.565000,6.570000,6.545000,6.560000,225768
2026-06-29 19:20:00+00:00,6.555000,6.590000,6.550000,6.585000,254848
2026-06-29 19:25:00+00:00,6.585000,6.680000,6.575000,6.675000,534383
2026-06-29 19:30:00+00:00,6.675000,6.675000,6.605000,6.615000,437650
2026-06-29 19:35:00+00:00,6.615000,6.660000,6.580000,6.635000,704019
2026-06-29 19:40:00+00:00,6.635000,6.635600,6.540000,6.547500,727407
2026-06-29 19:45:00+00:00,6.540000,6.560000,6.520000,6.540000,462075
2026-06-29 19:50:00+00:00,6.540000,6.540000,6.450000,6.485000,863911
2026-06-29 19:55:00+00:00,6.480000,6.510000,6.460000,6.500000,1311084
2026-06-30 13:30:00+00:00,6.450000,6.480000,6.330000,6.460000,1828571
2026-06-30 13:35:00+00:00,6.460000,6.460000,6.370000,6.420000,290162
2026-06-30 13:40:00+00:00,6.415000,6.430000,6.380000,6.410000,222169
2026-06-30 13:45:00+00:00,6.415000,6.425000,6.364500,6.390000,122535
2026-06-30 13:50:00+00:00,6.405000,6.480000,6.400100,6.410000,411200
2026-06-30 13:55:00+00:00,6.405000,6.445000,6.345000,6.430000,215529
2026-06-30 14:00:00+00:00,6.425000,6.505000,6.420000,6.425000,1121367
2026-06-30 14:05:00+00:00,6.425000,6.450000,6.330100,6.340100,345336
2026-06-30 14:10:00+00:00,6.340000,6.440000,6.322000,6.405000,339094
2026-06-30 14:15:00+00:00,6.405000,6.455000,6.365000,6.445000,473976
2026-06-30 14:20:00+00:00,6.440000,6.510000,6.380000,6.485000,725833
2026-06-30 14:25:00+00:00,6.490000,6.620000,6.485000,6.610000,285542
2026-06-30 14:30:00+00:00,6.595000,6.660000,6.560000,6.575000,269300
2026-06-30 14:35:00+00:00,6.580000,6.580000,6.530000,6.570000,235832
2026-06-30 14:40:00+00:00,6.565000,6.585000,6.550000,6.580100,97448
2026-06-30 14:45:00+00:00,6.585000,6.585000,6.465000,6.465000,215012
2026-06-30 14:50:00+00:00,6.470000,6.500000,6.410000,6.415000,142755
2026-06-30 14:55:00+00:00,6.415000,6.415000,6.355000,6.395000,362424
2026-06-30 15:00:00+00:00,6.400000,6.455000,6.390000,6.395000,219023
2026-06-30 15:05:00+00:00,6.390100,6.420000,6.390000,6.419900,162062
2026-06-30 15:10:00+00:00,6.415000,6.440000,6.410000,6.410000,150960
2026-06-30 15:15:00+00:00,6.415000,6.490000,6.410000,6.465000,241334
2026-06-30 15:20:00+00:00,6.469900,6.495000,6.450000,6.475000,254566
2026-06-30 15:25:00+00:00,6.475000,6.560000,6.470000,6.550100,372218
2026-06-30 15:30:00+00:00,6.555000,6.560000,6.525000,6.560000,181385
2026-06-30 15:35:00+00:00,6.560000,6.560000,6.510000,6.535000,87219
2026-06-30 15:40:00+00:00,6.540000,6.549800,6.495000,6.512700,176009
2026-06-30 15:45:00+00:00,6.520000,6.550000,6.510000,6.510000,97911
2026-06-30 15:50:00+00:00,6.515000,6.515000,6.475000,6.480000,106994
2026-06-30 15:55:00+00:00,6.479900,6.489900,6.440000,6.485000,103276
2026-06-30 16:00:00+00:00,6.485000,6.490000,6.440000,6.480000,106542
2026-06-30 16:05:00+00:00,6.485000,6.545000,6.485000,6.495000,137768
2026-06-30 16:10:00+00:00,6.490000,6.510000,6.475000,6.485000,49603
2026-06-30 16:15:00+00:00,6.485000,6.515000,6.480000,6.495000,84634
2026-06-30 16:20:00+00:00,6.494800,6.515700,6.480000,6.485000,44688
2026-06-30 16:25:00+00:00,6.485000,6.488600,6.460000,6.470000,62790
2026-06-30 16:30:00+00:00,6.475000,6.550000,6.470000,6.540000,68474
2026-06-30 16:35:00+00:00,6.535000,6.540000,6.520000,6.540000,52953
2026-06-30 16:40:00+00:00,6.535000,6.565000,6.530000,6.550000,63764
2026-06-30 16:45:00+00:00,6.555000,6.560000,6.545000,6.545000,42341
2026-06-30 16:50:00+00:00,6.545000,6.560000,6.535000,6.540000,51487
2026-06-30 16:55:00+00:00,6.545000,6.570000,6.540200,6.555600,57359
2026-06-30 17:00:00+00:00,6.555000,6.570000,6.540000,6.570000,44162
2026-06-30 17:05:00+00:00,6.570000,6.620000,6.570000,6.595000,225056
2026-06-30 17:10:00+00:00,6.590000,6.615000,6.585000,6.615000,72695
2026-06-30 17:15:00+00:00,6.615000,6.655000,6.595000,6.610000,180098
2026-06-30 17:20:00+00:00,6.605000,6.631000,6.600000,6.610000,91481
2026-06-30 17:25:00+00:00,6.605000,6.640000,6.605000,6.605000,106946
2026-06-30 17:30:00+00:00,6.610000,6.630000,6.590000,6.625000,74371
2026-06-30 17:35:00+00:00,6.629900,6.645500,6.600000,6.635000,178882
2026-06-30 17:40:00+00:00,6.635000,6.645000,6.610000,6.625000,112651
2026-06-30 17:45:00+00:00,6.625000,6.640000,6.620100,6.635000,50710
2026-06-30 17:50:00+00:00,6.635000,6.650000,6.630000,6.645000,85973
2026-06-30 17:55:00+00:00,6.647900,6.680000,6.620000,6.655000,254623
2026-06-30 18:00:00+00:00,6.650100,6.650100,6.630000,6.650000,55025
2026-06-30 18:05:00+00:00,6.650000,6.675000,6.640000,6.670100,116137
2026-06-30 18:10:00+00:00,6.670100,6.675000,6.634600,6.634600,103377
2026-06-30 18:15:00+00:00,6.635000,6.665000,6.630000,6.660100,99024
2026-06-30 18:20:00+00:00,6.663700,6.663700,6.610000,6.619900,76474
2026-06-30 18:25:00+00:00,6.615000,6.615000,6.580000,6.595000,99639
2026-06-30 18:30:00+00:00,6.600000,6.615000,6.580000,6.610000,125998
2026-06-30 18:35:00+00:00,6.610000,6.615000,6.570000,6.610000,106270
2026-06-30 18:40:00+00:00,6.610000,6.630000,6.595000,6.605000,145474
2026-06-30 18:45:00+00:00,6.605000,6.637200,6.600000,6.637200,81654
2026-06-30 18:50:00+00:00,6.635000,6.680000,6.630000,6.675000,133123
2026-06-30 18:55:00+00:00,6.675000,6.725000,6.670000,6.715000,161613
2026-06-30 19:00:00+00:00,6.710000,6.735000,6.690000,6.715000,151009
2026-06-30 19:05:00+00:00,6.710000,6.755000,6.690000,6.691500,321806
2026-06-30 19:10:00+00:00,6.700000,6.730000,6.690000,6.725000,151227
2026-06-30 19:15:00+00:00,6.720000,6.725000,6.700000,6.700000,101989
2026-06-30 19:20:00+00:00,6.700000,6.730000,6.680000,6.730000,108105
2026-06-30 19:25:00+00:00,6.723100,6.730000,6.700000,6.705000,167170
2026-06-30 19:30:00+00:00,6.705000,6.705000,6.670000,6.685000,132340
2026-06-30 19:35:00+00:00,6.680000,6.770000,6.670000,6.765000,300674
2026-06-30 19:40:00+00:00,6.770000,6.840000,6.730000,6.735000,425848
2026-06-30 19:45:00+00:00,6.735000,6.770000,6.710000,6.755000,291090
2026-06-30 19:50:00+00:00,6.755000,6.755100,6.680000,6.735000,493412
2026-06-30 19:55:00+00:00,6.750000,6.770000,6.655000,6.670000,1182538
2026-07-01 13:30:00+00:00,6.640000,6.780000,6.480000,6.620000,660112
2026-07-01 13:35:00+00:00,6.620000,6.630000,6.540000,6.575000,131824
2026-07-01 13:40:00+00:00,6.580000,6.735000,6.580000,6.735000,132454
2026-07-01 13:45:00+00:00,6.730000,6.790000,6.720000,6.775000,137806
2026-07-01 13:50:00+00:00,6.775000,6.890000,6.750000,6.857700,372664
2026-07-01 13:55:00+00:00,6.850000,6.895000,6.820000,6.890000,182088
2026-07-01 14:00:00+00:00,6.895000,6.955000,6.845000,6.889900,374177
2026-07-01 14:05:00+00:00,6.880000,6.910000,6.840000,6.905000,141511
2026-07-01 14:10:00+00:00,6.900000,6.960000,6.875000,6.895000,355530
2026-07-01 14:15:00+00:00,6.895000,6.915000,6.835000,6.855000,188071
2026-07-01 14:20:00+00:00,6.855000,6.879900,6.810000,6.825000,87145
2026-07-01 14:25:00+00:00,6.830000,6.840000,6.785000,6.800000,81717
2026-07-01 14:30:00+00:00,6.795000,6.795000,6.660000,6.740000,193233
2026-07-01 14:35:00+00:00,6.739900,6.755000,6.710000,6.730000,130210
2026-07-01 14:40:00+00:00,6.725000,6.730000,6.710000,6.720100,53535
2026-07-01 14:45:00+00:00,6.725000,6.760000,6.700000,6.760000,108848
2026-07-01 14:50:00+00:00,6.769900,6.799900,6.755000,6.765000,138816
2026-07-01 14:55:00+00:00,6.763900,6.765000,6.710000,6.729900,138432
2026-07-01 15:00:00+00:00,6.725000,6.739900,6.690000,6.735000,123924
2026-07-01 15:05:00+00:00,6.735000,6.775000,6.715000,6.770000,93852
2026-07-01 15:10:00+00:00,6.770000,6.785000,6.760000,6.770000,93163
2026-07-01 15:15:00+00:00,6.765000,6.765000,6.700000,6.755000,93902
2026-07-01 15:20:00+00:00,6.760000,6.840000,6.755000,6.835000,156593
2026-07-01 15:25:00+00:00,6.840000,6.840000,6.770000,6.805000,266743
2026-07-01 15:30:00+00:00,6.800000,6.800000,6.750000,6.755000,65002
2026-07-01 15:35:00+00:00,6.755000,6.755000,6.705000,6.715000,90940
2026-07-01 15:40:00+00:00,6.714300,6.749900,6.710000,6.740000,53676
2026-07-01 15:45:00+00:00,6.740000,6.740000,6.700000,6.705000,81617
2026-07-01 15:50:00+00:00,6.705000,6.715000,6.670100,6.680000,100205
2026-07-01 15:55:00+00:00,6.675000,6.685000,6.640000,6.665000,210632
2026-07-01 16:00:00+00:00,6.665000,6.680000,6.645000,6.650000,86796
2026-07-01 16:05:00+00:00,6.645000,6.690000,6.640000,6.685000,112724
2026-07-01 16:10:00+00:00,6.690000,6.805000,6.680000,6.760000,359096
2026-07-01 16:15:00+00:00,6.765000,6.810000,6.760000,6.775000,100424
2026-07-01 16:20:00+00:00,6.775000,6.790000,6.755000,6.787800,87565
2026-07-01 16:25:00+00:00,6.790000,6.830000,6.785000,6.815000,114162
2026-07-01 16:30:00+00:00,6.815500,6.820000,6.802300,6.820000,58737
2026-07-01 16:35:00+00:00,6.825000,6.858700,6.810000,6.845000,89963
2026-07-01 16:40:00+00:00,6.845000,6.875000,6.840000,6.852100,149045
2026-07-01 16:45:00+00:00,6.855000,6.860000,6.800000,6.800200,151902
2026-07-01 16:50:00+00:00,6.810000,6.860000,6.800000,6.855000,84288
2026-07-01 16:55:00+00:00,6.855000,6.895000,6.830000,6.840000,161623
2026-07-01 17:00:00+00:00,6.850000,6.870000,6.840000,6.840000,72155
2026-07-01 17:05:00+00:00,6.845000,6.845000,6.820000,6.825000,46321
2026-07-01 17:10:00+00:00,6.820000,6.820000,6.800000,6.815000,63658
2026-07-01 17:15:00+00:00,6.810000,6.815000,6.785000,6.785000,105911
2026-07-01 17:20:00+00:00,6.785000,6.809900,6.780000,6.805000,46695
2026-07-01 17:25:00+00:00,6.805500,6.810000,6.770000,6.785000,66025
2026-07-01 17:30:00+00:00,6.785000,6.810000,6.785000,6.795000,92057
2026-07-01 17:35:00+00:00,6.800000,6.800000,6.780000,6.785000,61011
2026-07-01 17:40:00+00:00,6.790000,6.790000,6.775000,6.789900,34218
2026-07-01 17:45:00+00:00,6.785000,6.800000,6.780000,6.795000,36092
2026-07-01 17:50:00+00:00,6.790100,6.805000,6.790000,6.795000,54818
2026-07-01 17:55:00+00:00,6.790000,6.795900,6.790000,6.795900,25606
2026-07-01 18:00:00+00:00,6.795000,6.805000,6.760000,6.775000,83784
2026-07-01 18:05:00+00:00,6.779900,6.790000,6.760000,6.765000,41475
2026-07-01 18:10:00+00:00,6.765000,6.765000,6.750000,6.750000,50838
2026-07-01 18:15:00+00:00,6.755000,6.770000,6.750000,6.767400,60354
2026-07-01 18:20:00+00:00,6.770000,6.780000,6.765000,6.775000,39005
2026-07-01 18:25:00+00:00,6.780000,6.785000,6.770000,6.775000,24715
2026-07-01 18:30:00+00:00,6.770000,6.770000,6.750000,6.760200,53405
2026-07-01 18:35:00+00:00,6.765000,6.775000,6.720100,6.720100,89083
2026-07-01 18:40:00+00:00,6.720000,6.730000,6.710000,6.715000,41017
2026-07-01 18:45:00+00:00,6.715000,6.715000,6.690000,6.695000,84363
2026-07-01 18:50:00+00:00,6.690000,6.705000,6.681400,6.685000,57189
2026-07-01 18:55:00+00:00,6.689900,6.820000,6.685000,6.820000,238771
2026-07-01 19:00:00+00:00,6.820000,6.855000,6.815000,6.845000,201456
2026-07-01 19:05:00+00:00,6.845000,6.855000,6.835000,6.850000,94909
2026-07-01 19:10:00+00:00,6.850000,6.850000,6.830000,6.840700,55473
2026-07-01 19:15:00+00:00,6.840000,6.845000,6.810200,6.835000,127677
2026-07-01 19:20:00+00:00,6.830100,6.840000,6.770100,6.780000,130360
2026-07-01 19:25:00+00:00,6.785000,6.786200,6.745000,6.755000,123743
2026-07-01 19:30:00+00:00,6.755000,6.755000,6.695000,6.745000,246733
2026-07-01 19:35:00+00:00,6.745000,6.770000,6.730000,6.767700,75513
2026-07-01 19:40:00+00:00,6.769000,6.780000,6.755000,6.775000,86001
2026-07-01 19:45:00+00:00,6.775000,6.780000,6.740100,6.745000,109639
2026-07-01 19:50:00+00:00,6.745000,6.745000,6.675000,6.725000,446013
2026-07-01 19:55:00+00:00,6.725000,6.725000,6.610000,6.630000,865273
2026-07-02 13:30:00+00:00,6.860000,6.910000,6.580000,6.620000,1045873
2026-07-02 13:35:00+00:00,6.630000,6.780000,6.590000,6.655000,226692
2026-07-02 13:40:00+00:00,6.630000,6.630000,6.420000,6.440000,677161
2026-07-02 13:45:00+00:00,6.430000,6.470000,6.280000,6.385000,521920
2026-07-02 13:50:00+00:00,6.385000,6.529700,6.385000,6.529700,675672
2026-07-02 13:55:00+00:00,6.529900,6.609900,6.515000,6.580000,161339
2026-07-02 14:00:00+00:00,6.570000,6.570000,6.475000,6.485000,104287
2026-07-02 14:05:00+00:00,6.480000,6.600000,6.465000,6.530000,195582
2026-07-02 14:10:00+00:00,6.535000,6.580000,6.500000,6.515000,147446
2026-07-02 14:15:00+00:00,6.520000,6.525000,6.410000,6.455000,209620
2026-07-02 14:20:00+00:00,6.465000,6.470000,6.370000,6.375000,191043
2026-07-02 14:25:00+00:00,6.370000,6.385000,6.320000,6.365000,193997
2026-07-02 14:30:00+00:00,6.370000,6.385000,6.250000,6.255000,295863
2026-07-02 14:35:00+00:00,6.250000,6.270000,6.185000,6.185000,305504
2026-07-02 14:40:00+00:00,6.185000,6.200000,6.120000,6.165000,274944
2026-07-02 14:45:00+00:00,6.160200,6.199900,6.140000,6.165000,264149
2026-07-02 14:50:00+00:00,6.165900,6.165900,6.075000,6.080000,288972
2026-07-02 14:55:00+00:00,6.085000,6.140000,6.085000,6.125000,203762
2026-07-02 15:00:00+00:00,6.125000,6.140000,6.095000,6.095000,89199
2026-07-02 15:05:00+00:00,6.090100,6.170000,6.090000,6.135000,350887
2026-07-02 15:10:00+00:00,6.135000,6.159900,6.120000,6.135000,120920
2026-07-02 15:15:00+00:00,6.140000,6.140000,6.070000,6.089900,174254
2026-07-02 15:20:00+00:00,6.080100,6.150000,6.070000,6.145000,157770
2026-07-02 15:25:00+00:00,6.145000,6.205000,6.130100,6.179700,210879
2026-07-02 15:30:00+00:00,6.180000,6.200000,6.175000,6.180000,74508
2026-07-02 15:35:00+00:00,6.185000,6.220000,6.185000,6.190100,165468
2026-07-02 15:40:00+00:00,6.195000,6.210000,6.185000,6.190100,48276
2026-07-02 15:45:00+00:00,6.200000,6.205000,6.170000,6.180000,61224
2026-07-02 15:50:00+00:00,6.175000,6.185000,6.160000,6.177600,71366
2026-07-02 15:55:00+00:00,6.175000,6.205000,6.170000,6.195000,151549
2026-07-02 16:00:00+00:00,6.190000,6.195000,6.145000,6.149700,113935
2026-07-02 16:05:00+00:00,6.149900,6.160000,6.140000,6.155000,96793
2026-07-02 16:10:00+00:00,6.150000,6.175000,6.140000,6.165000,41111
2026-07-02 16:15:00+00:00,6.160000,6.160000,6.100000,6.109800,115294
2026-07-02 16:20:00+00:00,6.106300,6.106300,6.080000,6.105000,110419
2026-07-02 16:25:00+00:00,6.105000,6.135000,6.100000,6.120000,175633
2026-07-02 16:30:00+00:00,6.125000,6.130000,6.060000,6.069900,107704
2026-07-02 16:35:00+00:00,6.065000,6.070000,6.030000,6.055100,150760
2026-07-02 16:40:00+00:00,6.060000,6.095000,6.060000,6.090300,109097
2026-07-02 16:45:00+00:00,6.090000,6.125000,6.075000,6.120000,75952
2026-07-02 16:50:00+00:00,6.110000,6.130000,6.090000,6.115000,39334
2026-07-02 16:55:00+00:00,6.110000,6.115000,6.080100,6.110000,33625
2026-07-02 17:00:00+00:00,6.115000,6.120000,6.090000,6.095000,38125
2026-07-02 17:05:00+00:00,6.095000,6.125000,6.095000,6.115000,93264
2026-07-02 17:10:00+00:00,6.110000,6.115000,6.070100,6.085000,116370
2026-07-02 17:15:00+00:00,6.089900,6.090000,6.070000,6.090000,36772
2026-07-02 17:20:00+00:00,6.090000,6.100000,6.080000,6.080000,34715
2026-07-02 17:25:00+00:00,6.080000,6.090000,6.080000,6.089900,26571
2026-07-02 17:30:00+00:00,6.085000,6.110000,6.085000,6.095000,67803
2026-07-02 17:35:00+00:00,6.095000,6.095000,6.009000,6.010000,190793
2026-07-02 17:40:00+00:00,6.019300,6.039900,6.005000,6.015000,130676
2026-07-02 17:45:00+00:00,6.015000,6.020100,5.965000,6.005000,317061
2026-07-02 17:50:00+00:00,6.010000,6.049900,6.005000,6.040000,96362
2026-07-02 17:55:00+00:00,6.050000,6.100000,6.040000,6.065000,125425
2026-07-02 18:00:00+00:00,6.065000,6.095000,6.065000,6.079900,94499
2026-07-02 18:05:00+00:00,6.080000,6.120000,6.080000,6.120000,57384
2026-07-02 18:10:00+00:00,6.115000,6.130000,6.100000,6.105000,35835
2026-07-02 18:15:00+00:00,6.105000,6.110000,6.080000,6.085000,48045
2026-07-02 18:20:00+00:00,6.085000,6.100000,6.080000,6.085000,56634
2026-07-02 18:25:00+00:00,6.085000,6.120000,6.080000,6.115000,58968
2026-07-02 18:30:00+00:00,6.115000,6.150000,6.115000,6.135000,78331
2026-07-02 18:35:00+00:00,6.135000,6.140000,6.120000,6.120000,46485
2026-07-02 18:40:00+00:00,6.130000,6.130000,6.105000,6.105000,67831
2026-07-02 18:45:00+00:00,6.105000,6.105000,6.070100,6.085000,45173
2026-07-02 18:50:00+00:00,6.085000,6.085000,6.075000,6.075000,41397
2026-07-02 18:55:00+00:00,6.075000,6.090000,6.070000,6.090000,66849
2026-07-02 19:00:00+00:00,6.085000,6.115000,6.080000,6.095000,67800
2026-07-02 19:05:00+00:00,6.100000,6.110000,6.080000,6.080000,52710
2026-07-02 19:10:00+00:00,6.085000,6.090000,6.080000,6.090000,34435
2026-07-02 19:15:00+00:00,6.085000,6.090000,6.075000,6.080000,87238
2026-07-02 19:20:00+00:00,6.075000,6.075000,6.060000,6.060000,41018
2026-07-02 19:25:00+00:00,6.065000,6.100000,6.050000,6.090000,316859
2026-07-02 19:30:00+00:00,6.095000,6.100000,6.070000,6.085000,213699
2026-07-02 19:35:00+00:00,6.085000,6.100000,6.080000,6.085000,249276
2026-07-02 19:40:00+00:00,6.080000,6.089700,6.050000,6.055000,100356
2026-07-02 19:45:00+00:00,6.055000,6.060000,6.010000,6.015000,254834
2026-07-02 19:50:00+00:00,6.015000,6.030000,6.000000,6.025000,488145
2026-07-02 19:55:00+00:00,6.025000,6.080000,6.022500,6.075000,757239
2026-07-06 13:30:00+00:00,6.125000,6.240000,6.091000,6.160000,578316
2026-07-06 13:35:00+00:00,6.155000,6.215000,6.120000,6.140000,191575
2026-07-06 13:40:00+00:00,6.145000,6.390000,6.140100,6.380000,361784
2026-07-06 13:45:00+00:00,6.380100,6.415000,6.255000,6.280000,464262
2026-07-06 13:50:00+00:00,6.289900,6.329900,6.265000,6.265000,137549
2026-07-06 13:55:00+00:00,6.265000,6.275000,6.210000,6.245000,103282
2026-07-06 14:00:00+00:00,6.245000,6.265000,6.175000,6.180000,562635
2026-07-06 14:05:00+00:00,6.175000,6.200000,6.145000,6.175000,171472
2026-07-06 14:10:00+00:00,6.179900,6.220000,6.175000,6.195000,65869
2026-07-06 14:15:00+00:00,6.195000,6.230000,6.180100,6.190000,94328
2026-07-06 14:20:00+00:00,6.200000,6.285000,6.182300,6.245000,189849
2026-07-06 14:25:00+00:00,6.240000,6.270000,6.225000,6.225000,74189
2026-07-06 14:30:00+00:00,6.225000,6.230000,6.181400,6.215000,188511
2026-07-06 14:35:00+00:00,6.210000,6.249900,6.200000,6.235000,104084
2026-07-06 14:40:00+00:00,6.239900,6.245000,6.225000,6.235000,82677
2026-07-06 14:45:00+00:00,6.235000,6.280000,6.230000,6.280000,75420
2026-07-06 14:50:00+00:00,6.280000,6.325000,6.270000,6.305000,96212
2026-07-06 14:55:00+00:00,6.310000,6.399900,6.300200,6.385000,172319
2026-07-06 15:00:00+00:00,6.385000,6.475000,6.375000,6.415000,365100
2026-07-06 15:05:00+00:00,6.415000,6.445000,6.380000,6.415000,137986
2026-07-06 15:10:00+00:00,6.410100,6.429800,6.390000,6.423300,105041
2026-07-06 15:15:00+00:00,6.420100,6.445000,6.400000,6.400000,111484
2026-07-06 15:20:00+00:00,6.410000,6.465000,6.390000,6.445000,168005
2026-07-06 15:25:00+00:00,6.445000,6.485000,6.435000,6.475000,136314
2026-07-06 15:30:00+00:00,6.480000,6.520000,6.450000,6.485000,227972
2026-07-06 15:35:00+00:00,6.485000,6.485000,6.435000,6.465000,80327
2026-07-06 15:40:00+00:00,6.465000,6.490000,6.461300,6.475000,65764
2026-07-06 15:45:00+00:00,6.475000,6.500000,6.470000,6.500000,54744
2026-07-06 15:50:00+00:00,6.495000,6.500000,6.430000,6.430000,255956
2026-07-06 15:55:00+00:00,6.430000,6.430000,6.390000,6.390000,165600
2026-07-06 16:00:00+00:00,6.390000,6.390100,6.370000,6.375000,48099
2026-07-06 16:05:00+00:00,6.370000,6.370000,6.325000,6.345000,149551
2026-07-06 16:10:00+00:00,6.345000,6.470000,6.340100,6.469900,244599
2026-07-06 16:15:00+00:00,6.465000,6.485000,6.375000,6.420500,284031
2026-07-06 16:20:00+00:00,6.420000,6.420000,6.400000,6.400200,57753
2026-07-06 16:25:00+00:00,6.400100,6.428900,6.361100,6.415000,89186
2026-07-06 16:30:00+00:00,6.410100,6.460000,6.405000,6.455000,41187
2026-07-06 16:35:00+00:00,6.460000,6.535000,6.450000,6.505000,316814
2026-07-06 16:40:00+00:00,6.500000,6.535000,6.500000,6.505000,86716
2026-07-06 16:45:00+00:00,6.500000,6.555000,6.485000,6.515000,115241
2026-07-06 16:50:00+00:00,6.515000,6.565000,6.515000,6.545000,65778
2026-07-06 16:55:00+00:00,6.540000,6.540000,6.500000,6.510000,129796
2026-07-06 17:00:00+00:00,6.520000,6.545000,6.505000,6.535000,45379
2026-07-06 17:05:00+00:00,6.530000,6.590000,6.525000,6.580000,95541
2026-07-06 17:10:00+00:00,6.580000,6.590000,6.570000,6.585000,61872
2026-07-06 17:15:00+00:00,6.585000,6.630000,6.575000,6.605000,187275
2026-07-06 17:20:00+00:00,6.605000,6.605000,6.570000,6.585000,97400
2026-07-06 17:25:00+00:00,6.590000,6.601700,6.580000,6.595000,67856
2026-07-06 17:30:00+00:00,6.595000,6.609900,6.570000,6.590000,128253
2026-07-06 17:35:00+00:00,6.590000,6.595000,6.565000,6.585000,106284
2026-07-06 17:40:00+00:00,6.580000,6.589000,6.565000,6.575000,51163
2026-07-06 17:45:00+00:00,6.571500,6.600000,6.565000,6.585000,62775
2026-07-06 17:50:00+00:00,6.590000,6.595000,6.580000,6.595000,49112
2026-07-06 17:55:00+00:00,6.595000,6.610000,6.585000,6.605000,45166
2026-07-06 18:00:00+00:00,6.607700,6.640000,6.607700,6.635000,101978
2026-07-06 18:05:00+00:00,6.630100,6.660000,6.620000,6.660000,178186
2026-07-06 18:10:00+00:00,6.660000,6.720000,6.650000,6.715000,327897
2026-07-06 18:15:00+00:00,6.720000,6.730000,6.710100,6.715000,213842
2026-07-06 18:20:00+00:00,6.710000,6.740000,6.710000,6.715000,207452
2026-07-06 18:25:00+00:00,6.715000,6.730000,6.700000,6.720000,159395
2026-07-06 18:30:00+00:00,6.710000,6.710000,6.670100,6.685000,142637
2026-07-06 18:35:00+00:00,6.685000,6.685000,6.645000,6.649900,127277
2026-07-06 18:40:00+00:00,6.645000,6.660000,6.630000,6.645000,82616
2026-07-06 18:45:00+00:00,6.645000,6.690000,6.635000,6.680000,65593
2026-07-06 18:50:00+00:00,6.685000,6.720000,6.685000,6.690000,198632
2026-07-06 18:55:00+00:00,6.695000,6.695000,6.670000,6.675000,95656
2026-07-06 19:00:00+00:00,6.679900,6.680000,6.635000,6.650000,88118
2026-07-06 19:05:00+00:00,6.645000,6.700000,6.645000,6.695000,164562
2026-07-06 19:10:00+00:00,6.695000,6.710000,6.680000,6.705000,102008
2026-07-06 19:15:00+00:00,6.705000,6.736000,6.695000,6.730000,132606
2026-07-06 19:20:00+00:00,6.730000,6.780000,6.725000,6.765000,244827
2026-07-06 19:25:00+00:00,6.765000,6.770000,6.740000,6.750000,229105
2026-07-06 19:30:00+00:00,6.750000,6.755000,6.720100,6.725000,169981
2026-07-06 19:35:00+00:00,6.725000,6.725000,6.710000,6.715000,205837
2026-07-06 19:40:00+00:00,6.710000,6.720000,6.640000,6.695000,284025
2026-07-06 19:45:00+00:00,6.695000,6.750000,6.690000,6.750000,245961
2026-07-06 19:50:00+00:00,6.750000,6.750000,6.710000,6.720000,289838
2026-07-06 19:55:00+00:00,6.719500,6.740000,6.650000,6.655000,1117994
2026-07-07 13:30:00+00:00,6.420000,6.525000,6.210000,6.210000,882799
2026-07-07 13:35:00+00:00,6.220000,6.410000,6.200000,6.375000,435544
2026-07-07 13:40:00+00:00,6.375000,6.425000,6.335000,6.365000,402449
2026-07-07 13:45:00+00:00,6.365000,6.460000,6.360000,6.375000,312766
2026-07-07 13:50:00+00:00,6.370000,6.390000,6.340000,6.340000,154566
2026-07-07 13:55:00+00:00,6.345000,6.400000,6.310000,6.370000,193052
2026-07-07 14:00:00+00:00,6.365000,6.365000,6.220000,6.230000,260496
2026-07-07 14:05:00+00:00,6.230000,6.259900,6.180000,6.195000,240553
2026-07-07 14:10:00+00:00,6.195000,6.195000,6.100000,6.100000,432747
2026-07-07 14:15:00+00:00,6.100000,6.140000,6.070000,6.125000,413511
2026-07-07 14:20:00+00:00,6.130000,6.135000,6.085000,6.090000,256356
2026-07-07 14:25:00+00:00,6.080000,6.085000,6.015000,6.055000,192161
2026-07-07 14:30:00+00:00,6.060000,6.060000,6.035000,6.035000,181046
2026-07-07 14:35:00+00:00,6.035000,6.050000,6.020000,6.031000,93561
2026-07-07 14:40:00+00:00,6.035000,6.040000,6.015000,6.020000,127222
2026-07-07 14:45:00+00:00,6.025000,6.040000,6.015000,6.030000,177823
2026-07-07 14:50:00+00:00,6.030000,6.080000,5.992000,6.053100,351495
2026-07-07 14:55:00+00:00,6.055000,6.065000,6.030000,6.035000,145635
2026-07-07 15:00:00+00:00,6.030000,6.030000,6.000000,6.025000,201040
2026-07-07 15:05:00+00:00,6.025000,6.060000,6.020000,6.053600,110554
2026-07-07 15:10:00+00:00,6.055000,6.089900,6.050100,6.070000,195410
2026-07-07 15:15:00+00:00,6.065000,6.095000,6.060500,6.085000,133618
2026-07-07 15:20:00+00:00,6.080000,6.086300,6.061500,6.075000,98956
2026-07-07 15:25:00+00:00,6.080000,6.080000,6.040000,6.060000,64051
2026-07-07 15:30:00+00:00,6.055000,6.070000,6.050100,6.065000,54171
2026-07-07 15:35:00+00:00,6.060100,6.060100,6.020300,6.035000,114778
2026-07-07 15:40:00+00:00,6.035000,6.079900,6.025000,6.065000,99833
2026-07-07 15:45:00+00:00,6.070000,6.090000,6.070000,6.075000,71714
2026-07-07 15:50:00+00:00,6.075000,6.120100,6.070000,6.095000,152290
2026-07-07 15:55:00+00:00,6.095000,6.100000,6.090100,6.095000,55055
2026-07-07 16:00:00+00:00,6.100000,6.110000,6.080000,6.090000,95475
2026-07-07 16:05:00+00:00,6.090000,6.105000,6.080100,6.085000,67792
2026-07-07 16:10:00+00:00,6.090000,6.100000,6.070000,6.090000,111923
2026-07-07 16:15:00+00:00,6.085000,6.100100,6.080000,6.100000,75532
2026-07-07 16:20:00+00:00,6.095000,6.130000,6.095000,6.110000,282455
2026-07-07 16:25:00+00:00,6.105000,6.115000,6.070000,6.075000,115501
2026-07-07 16:30:00+00:00,6.070000,6.070000,6.025000,6.030000,208624
2026-07-07 16:35:00+00:00,6.030000,6.050000,6.030000,6.045000,113669
2026-07-07 16:40:00+00:00,6.045000,6.050000,6.035000,6.040000,49023
2026-07-07 16:45:00+00:00,6.035000,6.070000,6.035000,6.055000,139630
2026-07-07 16:50:00+00:00,6.060000,6.070000,6.040100,6.040100,88532
2026-07-07 16:55:00+00:00,6.050000,6.070000,6.040000,6.070000,104244
2026-07-07 17:00:00+00:00,6.065000,6.090000,6.065000,6.075000,57540
2026-07-07 17:05:00+00:00,6.080000,6.100000,6.075000,6.090000,94905
2026-07-07 17:10:00+00:00,6.098400,6.098400,6.060000,6.065000,76121
2026-07-07 17:15:00+00:00,6.065000,6.065000,6.040000,6.050000,60276
2026-07-07 17:20:00+00:00,6.045000,6.070000,6.040000,6.070000,52722
2026-07-07 17:25:00+00:00,6.060100,6.080000,6.060000,6.075000,70700
2026-07-07 17:30:00+00:00,6.080000,6.090000,6.060100,6.065000,69550
2026-07-07 17:35:00+00:00,6.065000,6.080000,6.065000,6.070000,71088
2026-07-07 17:40:00+00:00,6.080000,6.090000,6.071400,6.085000,46194
2026-07-07 17:45:00+00:00,6.089900,6.100000,6.075000,6.080000,79341
2026-07-07 17:50:00+00:00,6.080000,6.080000,6.070000,6.071700,33005
2026-07-07 17:55:00+00:00,6.080000,6.080000,6.065000,6.075000,44294
2026-07-07 18:00:00+00:00,6.080000,6.110000,6.079900,6.105000,72288
2026-07-07 18:05:00+00:00,6.110000,6.119900,6.075000,6.075000,41668
2026-07-07 18:10:00+00:00,6.075000,6.080000,6.060000,6.070000,51243
2026-07-07 18:15:00+00:00,6.065000,6.070000,6.055000,6.059900,32237
2026-07-07 18:20:00+00:00,6.055000,6.070000,6.055000,6.065000,38672
2026-07-07 18:25:00+00:00,6.065000,6.077700,6.055000,6.060000,39906
2026-07-07 18:30:00+00:00,6.055000,6.060000,6.050000,6.050000,33094
2026-07-07 18:35:00+00:00,6.059900,6.069900,6.050000,6.055000,51079
2026-07-07 18:40:00+00:00,6.055000,6.060000,6.030100,6.040000,81870
2026-07-07 18:45:00+00:00,6.040100,6.045000,6.030000,6.035000,76260
2026-07-07 18:50:00+00:00,6.040000,6.040000,6.020000,6.035000,111848
2026-07-07 18:55:00+00:00,6.035000,6.040100,6.020000,6.025000,111623
2026-07-07 19:00:00+00:00,6.025000,6.025000,6.000000,6.020000,136217
2026-07-07 19:05:00+00:00,6.019900,6.030000,6.015000,6.028600,58618
2026-07-07 19:10:00+00:00,6.025000,6.025000,6.010000,6.015000,53928
2026-07-07 19:15:00+00:00,6.019900,6.030000,6.010000,6.020000,57562
2026-07-07 19:20:00+00:00,6.030000,6.030000,6.020100,6.020200,43338
2026-07-07 19:25:00+00:00,6.030000,6.030000,6.010000,6.015000,110866
2026-07-07 19:30:00+00:00,6.015000,6.020000,6.000000,6.005000,261842
2026-07-07 19:35:00+00:00,6.005000,6.020000,6.005000,6.015000,109617
2026-07-07 19:40:00+00:00,6.015000,6.020000,6.000000,6.000300,71127
2026-07-07 19:45:00+00:00,6.000000,6.010000,6.000000,6.000000,154578
2026-07-07 19:50:00+00:00,6.005000,6.010000,5.990000,5.999900,396927
2026-07-07 19:55:00+00:00,5.995000,6.000000,5.990000,5.995000,495034
2026-07-08 13:30:00+00:00,5.940000,5.940000,5.850000,5.910000,410761
2026-07-08 13:35:00+00:00,5.910000,5.930000,5.855000,5.920000,201687
2026-07-08 13:40:00+00:00,5.920000,5.945000,5.875000,5.905000,276532
2026-07-08 13:45:00+00:00,5.905000,5.930000,5.890100,5.915000,124170
2026-07-08 13:50:00+00:00,5.910000,5.910000,5.850000,5.875000,109682
2026-07-08 13:55:00+00:00,5.870200,5.910000,5.860000,5.900000,113192
2026-07-08 14:00:00+00:00,5.909000,5.925000,5.870100,5.900000,128180
2026-07-08 14:05:00+00:00,5.910000,5.930000,5.900000,5.910000,48270
2026-07-08 14:10:00+00:00,5.920000,5.960000,5.900000,5.960000,162433
2026-07-08 14:15:00+00:00,5.959900,5.960000,5.935000,5.945000,108789
2026-07-08 14:20:00+00:00,5.945000,5.960000,5.920000,5.935000,67677
2026-07-08 14:25:00+00:00,5.935000,5.970000,5.935000,5.945000,60697
2026-07-08 14:30:00+00:00,5.945000,5.945000,5.910000,5.935000,53937
2026-07-08 14:35:00+00:00,5.940000,5.940000,5.915000,5.920000,46677
2026-07-08 14:40:00+00:00,5.925000,5.930000,5.915000,5.920500,38158
2026-07-08 14:45:00+00:00,5.920000,5.920000,5.880100,5.890100,168478
2026-07-08 14:50:00+00:00,5.890000,5.935000,5.890000,5.929000,56534
2026-07-08 14:55:00+00:00,5.920000,5.940000,5.910100,5.935000,38365
2026-07-08 15:00:00+00:00,5.935000,5.940000,5.890000,5.895000,56120
2026-07-08 15:05:00+00:00,5.890000,5.905000,5.880000,5.895000,74591
2026-07-08 15:10:00+00:00,5.900000,5.900000,5.870000,5.875000,35913
2026-07-08 15:15:00+00:00,5.875000,5.900000,5.870000,5.890000,49425
2026-07-08 15:20:00+00:00,5.890000,5.900000,5.880000,5.890000,30990
2026-07-08 15:25:00+00:00,5.880000,5.920000,5.880000,5.915000,74783
2026-07-08 15:30:00+00:00,5.915000,5.930000,5.900100,5.928600,62766
2026-07-08 15:35:00+00:00,5.924800,5.930000,5.900900,5.901000,34263
2026-07-08 15:40:00+00:00,5.905000,5.917300,5.890100,5.900000,23718
2026-07-08 15:45:00+00:00,5.890900,5.895000,5.880000,5.885000,28832
2026-07-08 15:50:00+00:00,5.885000,5.890000,5.880100,5.889900,46797
2026-07-08 15:55:00+00:00,5.885000,5.900000,5.880100,5.895000,29722
2026-07-08 16:00:00+00:00,5.890100,5.920000,5.890100,5.910000,50706
2026-07-08 16:05:00+00:00,5.910000,5.930000,5.910000,5.925000,58833
2026-07-08 16:10:00+00:00,5.925000,5.950000,5.920000,5.941400,115064
2026-07-08 16:15:00+00:00,5.950000,5.960000,5.920000,5.929900,62114
2026-07-08 16:20:00+00:00,5.930000,5.930000,5.900000,5.905000,38602
2026-07-08 16:25:00+00:00,5.905000,5.930000,5.900000,5.925000,23551
2026-07-08 16:30:00+00:00,5.930000,5.930000,5.905000,5.910000,38487
2026-07-08 16:35:00+00:00,5.909900,5.920000,5.890100,5.905000,61995
2026-07-08 16:40:00+00:00,5.910000,5.940000,5.905000,5.939700,35589
2026-07-08 16:45:00+00:00,5.940000,5.940000,5.930000,5.940000,9435
2026-07-08 16:50:00+00:00,5.935000,5.950000,5.930000,5.945000,64360
2026-07-08 16:55:00+00:00,5.950000,5.970000,5.944300,5.965000,57440
2026-07-08 17:00:00+00:00,5.965000,5.980000,5.960100,5.965000,54750
2026-07-08 17:05:00+00:00,5.965000,5.985000,5.955000,5.971000,89980
2026-07-08 17:10:00+00:00,5.970000,5.970000,5.930000,5.930000,66618
2026-07-08 17:15:00+00:00,5.930000,5.960000,5.920000,5.955000,50267
2026-07-08 17:20:00+00:00,5.960000,5.990000,5.955000,5.989900,103653
2026-07-08 17:25:00+00:00,5.990000,6.050000,5.990000,6.035000,129625
2026-07-08 17:30:00+00:00,6.035000,6.040000,6.020000,6.020100,49610
2026-07-08 17:35:00+00:00,6.025000,6.030000,6.000000,6.025000,64720
2026-07-08 17:40:00+00:00,6.029000,6.040000,6.005000,6.005000,48720
2026-07-08 17:45:00+00:00,6.005000,6.005000,5.980000,5.990100,87861
2026-07-08 17:50:00+00:00,5.995000,5.999900,5.980000,5.985000,45255
2026-07-08 17:55:00+00:00,5.985000,5.985000,5.970000,5.975000,25244
2026-07-08 18:00:00+00:00,5.980000,6.000000,5.975000,5.975000,74618
2026-07-08 18:05:00+00:00,5.975000,5.980000,5.950100,5.975000,71260
2026-07-08 18:10:00+00:00,5.970100,5.990000,5.970000,5.980000,39444
2026-07-08 18:15:00+00:00,5.975000,5.975000,5.940100,5.940300,48673
2026-07-08 18:20:00+00:00,5.945000,5.950000,5.930200,5.945000,52590
2026-07-08 18:25:00+00:00,5.950000,5.950000,5.940000,5.950000,32770
2026-07-08 18:30:00+00:00,5.945000,5.950000,5.920100,5.925000,40958
2026-07-08 18:35:00+00:00,5.925000,5.940000,5.925000,5.935000,29616
2026-07-08 18:40:00+00:00,5.940000,5.940000,5.920100,5.925000,40910
2026-07-08 18:45:00+00:00,5.925000,5.925000,5.905000,5.910000,45338
2026-07-08 18:50:00+00:00,5.905000,5.920000,5.860000,5.860000,104768
2026-07-08 18:55:00+00:00,5.865000,5.870000,5.855000,5.865000,83908
2026-07-08 19:00:00+00:00,5.865000,5.879900,5.850100,5.857100,103674
2026-07-08 19:05:00+00:00,5.860000,5.865000,5.810000,5.825000,170356
2026-07-08 19:10:00+00:00,5.825000,5.829900,5.810000,5.815000,85890
2026-07-08 19:15:00+00:00,5.815000,5.815000,5.780000,5.790000,347498
2026-07-08 19:20:00+00:00,5.789700,5.815000,5.750000,5.815000,534169
2026-07-08 19:25:00+00:00,5.815000,5.820000,5.801400,5.815000,115319
2026-07-08 19:30:00+00:00,5.815000,5.830000,5.810000,5.815000,90744
2026-07-08 19:35:00+00:00,5.815000,5.815000,5.790000,5.800000,182312
2026-07-08 19:40:00+00:00,5.805000,5.806200,5.785000,5.795000,164441
2026-07-08 19:45:00+00:00,5.795000,5.800000,5.780000,5.795000,219389
2026-07-08 19:50:00+00:00,5.795000,5.830000,5.790000,5.825000,246115
2026-07-08 19:55:00+00:00,5.825000,5.830000,5.805000,5.815000,334351
2026-07-09 13:30:00+00:00,5.761500,5.780000,5.660500,5.679900,709933
2026-07-09 13:35:00+00:00,5.670000,5.710000,5.655000,5.695000,139545
2026-07-09 13:40:00+00:00,5.695000,5.730000,5.670000,5.720000,192027
2026-07-09 13:45:00+00:00,5.710000,5.790000,5.705000,5.760000,143830
2026-07-09 13:50:00+00:00,5.750000,5.790000,5.735000,5.785000,78411
2026-07-09 13:55:00+00:00,5.780100,5.785000,5.745000,5.765000,140511
2026-07-09 14:00:00+00:00,5.765000,5.800000,5.745000,5.755000,211349
2026-07-09 14:05:00+00:00,5.755000,5.790000,5.755000,5.780000,106927
2026-07-09 14:10:00+00:00,5.775000,5.775000,5.715000,5.740000,77974
2026-07-09 14:15:00+00:00,5.740000,5.740000,5.720000,5.720000,81381
2026-07-09 14:20:00+00:00,5.710500,5.720000,5.690000,5.715000,81841
2026-07-09 14:25:00+00:00,5.720000,5.809900,5.720000,5.809900,116320
2026-07-09 14:30:00+00:00,5.800000,5.850000,5.790000,5.845000,218429
2026-07-09 14:35:00+00:00,5.850000,5.915000,5.835000,5.915000,166596
2026-07-09 14:40:00+00:00,5.915500,5.930000,5.890000,5.895100,95286
2026-07-09 14:45:00+00:00,5.890000,5.915000,5.880000,5.890000,77397
2026-07-09 14:50:00+00:00,5.885000,5.900000,5.870000,5.890000,72637
2026-07-09 14:55:00+00:00,5.895000,5.920000,5.870000,5.910200,97273
2026-07-09 15:00:00+00:00,5.920100,5.975000,5.920000,5.938200,455918
2026-07-09 15:05:00+00:00,5.940000,5.940000,5.865000,5.865000,142339
2026-07-09 15:10:00+00:00,5.865000,5.890000,5.860100,5.865000,84604
2026-07-09 15:15:00+00:00,5.865000,5.925000,5.865000,5.905000,227363
2026-07-09 15:20:00+00:00,5.905000,5.915000,5.860000,5.875000,294925
2026-07-09 15:25:00+00:00,5.875000,5.880000,5.860000,5.870000,38097
2026-07-09 15:30:00+00:00,5.865000,5.920000,5.860000,5.870000,116836
2026-07-09 15:35:00+00:00,5.865000,5.880000,5.840000,5.845000,82862
2026-07-09 15:40:00+00:00,5.845000,5.880000,5.845000,5.870000,64584
2026-07-09 15:45:00+00:00,5.875000,5.899900,5.865000,5.880000,77074
2026-07-09 15:50:00+00:00,5.880000,5.890000,5.875000,5.885000,29854
2026-07-09 15:55:00+00:00,5.885000,5.885000,5.865000,5.880000,56445
2026-07-09 16:00:00+00:00,5.880000,5.890000,5.870000,5.870000,81172
2026-07-09 16:05:00+00:00,5.875000,5.880000,5.870000,5.880000,29544
2026-07-09 16:10:00+00:00,5.875000,5.890000,5.865000,5.889900,50061
2026-07-09 16:15:00+00:00,5.885000,5.895000,5.880100,5.880100,63534
2026-07-09 16:20:00+00:00,5.880000,5.890000,5.870000,5.870000,64885
2026-07-09 16:25:00+00:00,5.875000,5.880000,5.850000,5.860100,56068
2026-07-09 16:30:00+00:00,5.865000,5.900000,5.860000,5.890000,69771
2026-07-09 16:35:00+00:00,5.890100,5.905400,5.880000,5.905000,42363
2026-07-09 16:40:00+00:00,5.910000,5.950000,5.905000,5.940100,53007
2026-07-09 16:45:00+00:00,5.950000,5.975000,5.940000,5.969500,108614
2026-07-09 16:50:00+00:00,5.970000,5.979900,5.945000,5.945000,79919
2026-07-09 16:55:00+00:00,5.941900,5.943700,5.890000,5.902300,144568
2026-07-09 17:00:00+00:00,5.900000,5.930000,5.900000,5.915000,63177
2026-07-09 17:05:00+00:00,5.915000,5.915000,5.880100,5.895000,140893
2026-07-09 17:10:00+00:00,5.897000,5.905000,5.880200,5.885000,84496
2026-07-09 17:15:00+00:00,5.885000,5.905000,5.880000,5.895000,105896
2026-07-09 17:20:00+00:00,5.900000,5.909900,5.880000,5.885000,56107
2026-07-09 17:25:00+00:00,5.880000,5.895000,5.876900,5.895000,55916
2026-07-09 17:30:00+00:00,5.895000,5.915000,5.880000,5.900000,101523
2026-07-09 17:35:00+00:00,5.900000,5.905000,5.881700,5.885000,51625
2026-07-09 17:40:00+00:00,5.885000,5.900000,5.880000,5.895000,35703
2026-07-09 17:45:00+00:00,5.900000,5.910000,5.900000,5.905000,27931
2026-07-09 17:50:00+00:00,5.900000,5.900000,5.890000,5.895000,45008
2026-07-09 17:55:00+00:00,5.895000,5.895000,5.860000,5.860000,94810
2026-07-09 18:00:00+00:00,5.865000,5.870000,5.850000,5.860000,69790
2026-07-09 18:05:00+00:00,5.855000,5.859900,5.840000,5.845000,115098
2026-07-09 18:10:00+00:00,5.840000,5.885000,5.840000,5.875000,172705
2026-07-09 18:15:00+00:00,5.875000,5.880000,5.870000,5.875000,36328
2026-07-09 18:20:00+00:00,5.870000,5.885000,5.870000,5.875000,54732
2026-07-09 18:25:00+00:00,5.870000,5.880000,5.870000,5.870200,23283
2026-07-09 18:30:00+00:00,5.875000,5.880000,5.870000,5.875000,39106
2026-07-09 18:35:00+00:00,5.875000,5.875000,5.850000,5.850000,114388
2026-07-09 18:40:00+00:00,5.845500,5.850000,5.810000,5.825000,128697
2026-07-09 18:45:00+00:00,5.825000,5.840000,5.820000,5.835000,92553
2026-07-09 18:50:00+00:00,5.839900,5.839900,5.820000,5.830000,47643
2026-07-09 18:55:00+00:00,5.830000,5.835000,5.815000,5.830000,103228
2026-07-09 19:00:00+00:00,5.815000,5.820000,5.800100,5.810000,58887
2026-07-09 19:05:00+00:00,5.810000,5.810000,5.780000,5.800000,123210
2026-07-09 19:10:00+00:00,5.800000,5.825000,5.792300,5.812200,44576
2026-07-09 19:15:00+00:00,5.810000,5.840000,5.810000,5.835000,50729
2026-07-09 19:20:00+00:00,5.835000,5.835000,5.820000,5.825000,35838
2026-07-09 19:25:00+00:00,5.825000,5.840000,5.810000,5.820100,77360
2026-07-09 19:30:00+00:00,5.830000,5.840000,5.820000,5.835000,46433
2026-07-09 19:35:00+00:00,5.830000,5.855000,5.830000,5.850000,84581
2026-07-09 19:40:00+00:00,5.855000,5.870000,5.850000,5.860000,52565
2026-07-09 19:45:00+00:00,5.865000,5.875000,5.860000,5.865000,58632
2026-07-09 19:50:00+00:00,5.860000,5.870000,5.820000,5.825000,146790
2026-07-09 19:55:00+00:00,5.825000,5.835000,5.775000,5.835000,503842
2026-07-10 13:30:00+00:00,5.970000,6.020000,5.880000,5.911400,262022
2026-07-10 13:35:00+00:00,5.920000,5.930000,5.871000,5.885000,62567
2026-07-10 13:40:00+00:00,5.885000,5.940000,5.860000,5.920100,69186
2026-07-10 13:45:00+00:00,5.920000,5.930000,5.890000,5.920000,128334
2026-07-10 13:50:00+00:00,5.920000,5.923200,5.881400,5.904700,73335
2026-07-10 13:55:00+00:00,5.905000,5.915000,5.885000,5.915000,74968
2026-07-10 14:00:00+00:00,5.890000,5.925000,5.880100,5.920100,71013
2026-07-10 14:05:00+00:00,5.925000,5.950500,5.920000,5.940100,89258
2026-07-10 14:10:00+00:00,5.940300,5.960000,5.930000,5.935000,46415
2026-07-10 14:15:00+00:00,5.930000,5.960000,5.925000,5.930000,55948
2026-07-10 14:20:00+00:00,5.920000,5.925000,5.880000,5.915000,159190
2026-07-10 14:25:00+00:00,5.905000,5.930000,5.900000,5.925000,28910
2026-07-10 14:30:00+00:00,5.920000,5.955000,5.840000,5.900000,135954
2026-07-10 14:35:00+00:00,5.909900,5.929900,5.890000,5.909800,51289
2026-07-10 14:40:00+00:00,5.910000,5.910000,5.870000,5.885000,61493
2026-07-10 14:45:00+00:00,5.890000,5.925000,5.875000,5.925000,56359
2026-07-10 14:50:00+00:00,5.925000,5.930000,5.860000,5.865000,108698
2026-07-10 14:55:00+00:00,5.865000,5.869900,5.830000,5.841900,49276
2026-07-10 15:00:00+00:00,5.840000,5.860000,5.830000,5.845000,43711
2026-07-10 15:05:00+00:00,5.840000,5.860000,5.835000,5.859900,48686
2026-07-10 15:10:00+00:00,5.860000,5.865000,5.830000,5.830000,31621
2026-07-10 15:15:00+00:00,5.835000,5.865000,5.830000,5.840000,49705
2026-07-10 15:20:00+00:00,5.845000,5.875000,5.845000,5.875000,59809
2026-07-10 15:25:00+00:00,5.875000,5.880000,5.850000,5.856500,31219
2026-07-10 15:30:00+00:00,5.850000,5.860000,5.840000,5.855000,158409
2026-07-10 15:35:00+00:00,5.855000,5.865000,5.810000,5.815000,60283
2026-07-10 15:40:00+00:00,5.815000,5.820000,5.780000,5.785000,259345
2026-07-10 15:45:00+00:00,5.785000,5.790000,5.715000,5.730000,197734
2026-07-10 15:50:00+00:00,5.725000,5.760000,5.725000,5.755600,93608
2026-07-10 15:55:00+00:00,5.755000,5.760000,5.740000,5.747300,45380
2026-07-10 16:00:00+00:00,5.749500,5.760000,5.740900,5.745000,45925
2026-07-10 16:05:00+00:00,5.749900,5.750000,5.745000,5.749900,34582
2026-07-10 16:10:00+00:00,5.750000,5.770000,5.748500,5.765000,52875
2026-07-10 16:15:00+00:00,5.765000,5.790000,5.760000,5.769900,53224
2026-07-10 16:20:00+00:00,5.765000,5.770000,5.730000,5.735000,57975
2026-07-10 16:25:00+00:00,5.735000,5.740000,5.710000,5.730000,93831
2026-07-10 16:30:00+00:00,5.730100,5.750000,5.730100,5.740100,47479
2026-07-10 16:35:00+00:00,5.745000,5.745000,5.725000,5.739000,68501
2026-07-10 16:40:00+00:00,5.735000,5.760000,5.730000,5.745000,217913
2026-07-10 16:45:00+00:00,5.745600,5.750000,5.730000,5.740000,27956
2026-07-10 16:50:00+00:00,5.740000,5.755000,5.730000,5.730000,82941
2026-07-10 16:55:00+00:00,5.730000,5.730000,5.715000,5.720000,79631
2026-07-10 17:00:00+00:00,5.720000,5.720000,5.700000,5.715000,54349
2026-07-10 17:05:00+00:00,5.715000,5.720000,5.680000,5.680000,109919
2026-07-10 17:10:00+00:00,5.680600,5.690000,5.665000,5.680000,135142
2026-07-10 17:15:00+00:00,5.675000,5.679900,5.655000,5.665000,94652
2026-07-10 17:20:00+00:00,5.665000,5.690000,5.660100,5.689900,96739
2026-07-10 17:25:00+00:00,5.690000,5.690000,5.670000,5.670000,71951
2026-07-10 17:30:00+00:00,5.670000,5.670000,5.650000,5.655000,116903
2026-07-10 17:35:00+00:00,5.653000,5.660000,5.640000,5.645000,74227
2026-07-10 17:40:00+00:00,5.650000,5.660000,5.640000,5.645000,89463
2026-07-10 17:45:00+00:00,5.645000,5.650000,5.640000,5.645000,39074
2026-07-10 17:50:00+00:00,5.645100,5.650000,5.640000,5.640000,49858
2026-07-10 17:55:00+00:00,5.645000,5.650000,5.620000,5.625000,118751
2026-07-10 18:00:00+00:00,5.627700,5.640000,5.620000,5.635000,52334
2026-07-10 18:05:00+00:00,5.635000,5.650000,5.630100,5.645000,79578
2026-07-10 18:10:00+00:00,5.640100,5.650000,5.620000,5.630000,81833
2026-07-10 18:15:00+00:00,5.635000,5.640000,5.620000,5.620000,63260
2026-07-10 18:20:00+00:00,5.620000,5.640000,5.620000,5.630000,40993
2026-07-10 18:25:00+00:00,5.635000,5.640000,5.625000,5.625000,24374
2026-07-10 18:30:00+00:00,5.625000,5.630000,5.620000,5.625000,46336
2026-07-10 18:35:00+00:00,5.625000,5.630000,5.590000,5.596900,221225
2026-07-10 18:40:00+00:00,5.595000,5.610000,5.590000,5.609900,51942
2026-07-10 18:45:00+00:00,5.610000,5.610000,5.560000,5.565000,169449
2026-07-10 18:50:00+00:00,5.565000,5.585000,5.564600,5.575000,126740
2026-07-10 18:55:00+00:00,5.577900,5.580000,5.550000,5.555000,166483
2026-07-10 19:00:00+00:00,5.555000,5.590000,5.555000,5.585000,206805
2026-07-10 19:05:00+00:00,5.580000,5.600000,5.580000,5.595000,56937
2026-07-10 19:10:00+00:00,5.600000,5.620000,5.590000,5.615000,95879
2026-07-10 19:15:00+00:00,5.620000,5.640000,5.615000,5.625000,76530
2026-07-10 19:20:00+00:00,5.625000,5.630000,5.610000,5.619900,83823
2026-07-10 19:25:00+00:00,5.618600,5.625000,5.610000,5.621000,50970
2026-07-10 19:30:00+00:00,5.625000,5.630000,5.615000,5.615000,66992
2026-07-10 19:35:00+00:00,5.615000,5.630000,5.615000,5.622500,47107
2026-07-10 19:40:00+00:00,5.625000,5.625000,5.590000,5.595000,75668
2026-07-10 19:45:00+00:00,5.595000,5.609900,5.580000,5.580000,77680
2026-07-10 19:50:00+00:00,5.585000,5.585000,5.545000,5.565000,252590
2026-07-10 19:55:00+00:00,5.560000,5.580000,5.545000,5.555000,597416
2026-07-13 13:30:00+00:00,5.500000,5.520000,5.430100,5.495000,530196
2026-07-13 13:35:00+00:00,5.499800,5.520000,5.485000,5.510000,89501
2026-07-13 13:40:00+00:00,5.505000,5.549900,5.500000,5.545000,98052
2026-07-13 13:45:00+00:00,5.545000,5.610000,5.540000,5.575000,150432
2026-07-13 13:50:00+00:00,5.570000,5.589900,5.550000,5.579900,74476
2026-07-13 13:55:00+00:00,5.570000,5.620000,5.560000,5.585000,114367
2026-07-13 14:00:00+00:00,5.585000,5.600000,5.549900,5.549900,144374
2026-07-13 14:05:00+00:00,5.550000,5.570000,5.530000,5.549900,52419
2026-07-13 14:10:00+00:00,5.549500,5.560000,5.540000,5.560000,52538
2026-07-13 14:15:00+00:00,5.560000,5.565000,5.500000,5.535000,82992
2026-07-13 14:20:00+00:00,5.535000,5.539900,5.500000,5.510000,84174
2026-07-13 14:25:00+00:00,5.510000,5.520000,5.500000,5.515000,27069
2026-07-13 14:30:00+00:00,5.518000,5.540000,5.518000,5.535000,55536
2026-07-13 14:35:00+00:00,5.535000,5.535000,5.505000,5.525000,46707
2026-07-13 14:40:00+00:00,5.525000,5.530000,5.495000,5.500000,57658
2026-07-13 14:45:00+00:00,5.509900,5.520000,5.500000,5.520000,19488
2026-07-13 14:50:00+00:00,5.515000,5.530000,5.510000,5.520000,30425
2026-07-13 14:55:00+00:00,5.530000,5.555000,5.530000,5.555000,47822
2026-07-13 15:00:00+00:00,5.555000,5.560000,5.515000,5.515000,124628
2026-07-13 15:05:00+00:00,5.515000,5.550000,5.510000,5.540700,65971
2026-07-13 15:10:00+00:00,5.540500,5.555000,5.525000,5.525000,48973
2026-07-13 15:15:00+00:00,5.520000,5.550000,5.520000,5.530000,54459
2026-07-13 15:20:00+00:00,5.529500,5.530000,5.515000,5.530000,19079
2026-07-13 15:25:00+00:00,5.525000,5.530000,5.510000,5.515000,33229
2026-07-13 15:30:00+00:00,5.515000,5.520000,5.510000,5.510100,42786
2026-07-13 15:35:00+00:00,5.515000,5.515000,5.500000,5.505000,38994
2026-07-13 15:40:00+00:00,5.500000,5.519900,5.500000,5.505000,54859
2026-07-13 15:45:00+00:00,5.505000,5.510000,5.490000,5.499800,60049
2026-07-13 15:50:00+00:00,5.500000,5.520000,5.481500,5.510000,89149
2026-07-13 15:55:00+00:00,5.510000,5.520000,5.505000,5.515000,41251
2026-07-13 16:00:00+00:00,5.515000,5.515000,5.509900,5.510000,29172
2026-07-13 16:05:00+00:00,5.509700,5.535000,5.502300,5.535000,78135
2026-07-13 16:10:00+00:00,5.539900,5.545000,5.525000,5.525000,79639
2026-07-13 16:15:00+00:00,5.530000,5.539900,5.510000,5.515000,78551
2026-07-13 16:20:00+00:00,5.510200,5.515000,5.480000,5.485000,75430
2026-07-13 16:25:00+00:00,5.485000,5.499900,5.475000,5.497200,74680
2026-07-13 16:30:00+00:00,5.495000,5.500000,5.480000,5.481000,31385
2026-07-13 16:35:00+00:00,5.480000,5.510000,5.470000,5.505000,80982
2026-07-13 16:40:00+00:00,5.505000,5.510000,5.495000,5.495000,63055
2026-07-13 16:45:00+00:00,5.495000,5.500000,5.490000,5.490500,33425
2026-07-13 16:50:00+00:00,5.490000,5.499200,5.470000,5.485300,65067
2026-07-13 16:55:00+00:00,5.490000,5.495000,5.480000,5.491600,98147
2026-07-13 17:00:00+00:00,5.495000,5.510000,5.490000,5.505000,47561
2026-07-13 17:05:00+00:00,5.500000,5.510000,5.500000,5.509900,42426
2026-07-13 17:10:00+00:00,5.505000,5.515000,5.500100,5.515000,75818
2026-07-13 17:15:00+00:00,5.514400,5.520000,5.510000,5.515000,31775
2026-07-13 17:20:00+00:00,5.510000,5.530000,5.480000,5.480000,56234
2026-07-13 17:25:00+00:00,5.485000,5.505000,5.480000,5.495000,43819
2026-07-13 17:30:00+00:00,5.495000,5.500000,5.490000,5.495000,13001
2026-07-13 17:35:00+00:00,5.495000,5.500000,5.485000,5.495000,38718
2026-07-13 17:40:00+00:00,5.495000,5.527600,5.492300,5.520100,43876
2026-07-13 17:45:00+00:00,5.530000,5.550000,5.530000,5.532900,70561
2026-07-13 17:50:00+00:00,5.530100,5.540000,5.520100,5.535000,45114
2026-07-13 17:55:00+00:00,5.540000,5.540000,5.530000,5.540000,38695
2026-07-13 18:00:00+00:00,5.536600,5.580000,5.535000,5.575000,57370
2026-07-13 18:05:00+00:00,5.580000,5.605000,5.570000,5.600000,109965
2026-07-13 18:10:00+00:00,5.605000,5.610000,5.545000,5.565000,107458
2026-07-13 18:15:00+00:00,5.560000,5.560000,5.538600,5.538600,44549
2026-07-13 18:20:00+00:00,5.535000,5.545000,5.530000,5.540000,25202
2026-07-13 18:25:00+00:00,5.535000,5.535000,5.510000,5.510000,75395
2026-07-13 18:30:00+00:00,5.515000,5.530000,5.515000,5.523400,21871
2026-07-13 18:35:00+00:00,5.530000,5.530000,5.510000,5.530000,45250
2026-07-13 18:40:00+00:00,5.520000,5.540000,5.520000,5.520300,37467
2026-07-13 18:45:00+00:00,5.520000,5.530000,5.510100,5.520000,36482
2026-07-13 18:50:00+00:00,5.515000,5.525000,5.510000,5.520000,35667
2026-07-13 18:55:00+00:00,5.515000,5.520000,5.495000,5.500000,54419
2026-07-13 19:00:00+00:00,5.505000,5.535000,5.505000,5.535000,72736
2026-07-13 19:05:00+00:00,5.535000,5.538000,5.520000,5.525000,23679
2026-07-13 19:10:00+00:00,5.525000,5.530000,5.510000,5.510000,27154
2026-07-13 19:15:00+00:00,5.515000,5.520000,5.500000,5.505000,56460
2026-07-13 19:20:00+00:00,5.510000,5.510000,5.480000,5.495000,50784
2026-07-13 19:25:00+00:00,5.500000,5.500000,5.490000,5.490000,38848
2026-07-13 19:30:00+00:00,5.495000,5.520000,5.495000,5.520000,66670
2026-07-13 19:35:00+00:00,5.510000,5.530000,5.500000,5.504100,71775
2026-07-13 19:40:00+00:00,5.505000,5.530000,5.504000,5.515000,44320
2026-07-13 19:45:00+00:00,5.515000,5.520000,5.490000,5.495000,146917
2026-07-13 19:50:00+00:00,5.500000,5.505000,5.490000,5.495000,161782
2026-07-13 19:55:00+00:00,5.490000,5.530000,5.490000,5.520000,692879
2026-07-14 13:30:00+00:00,5.510000,5.630000,5.510000,5.540000,184877
2026-07-14 13:35:00+00:00,5.520000,5.550000,5.500000,5.545000,95353
2026-07-14 13:40:00+00:00,5.540000,5.600000,5.540000,5.573400,137909
2026-07-14 13:45:00+00:00,5.575000,5.582300,5.531400,5.565000,102085
2026-07-14 13:50:00+00:00,5.565000,5.637700,5.555000,5.630000,139875
2026-07-14 13:55:00+00:00,5.615000,5.665000,5.600000,5.645000,267798
2026-07-14 14:00:00+00:00,5.650000,5.650000,5.600000,5.605000,167129
2026-07-14 14:05:00+00:00,5.600000,5.630000,5.590000,5.620000,68479
2026-07-14 14:10:00+00:00,5.620100,5.620100,5.600000,5.615000,83545
2026-07-14 14:15:00+00:00,5.610100,5.610100,5.550000,5.570000,184185
2026-07-14 14:20:00+00:00,5.570000,5.590000,5.555000,5.560000,62303
2026-07-14 14:25:00+00:00,5.560000,5.585600,5.550100,5.580100,64972
2026-07-14 14:30:00+00:00,5.585000,5.620000,5.560000,5.595000,87082
2026-07-14 14:35:00+00:00,5.590000,5.605000,5.575000,5.585000,74806
2026-07-14 14:40:00+00:00,5.590000,5.590000,5.570000,5.580100,42979
2026-07-14 14:45:00+00:00,5.580000,5.585000,5.560000,5.560000,47445
2026-07-14 14:50:00+00:00,5.560000,5.565000,5.550000,5.565000,44934
2026-07-14 14:55:00+00:00,5.569900,5.579900,5.560000,5.565000,58413
2026-07-14 15:00:00+00:00,5.560000,5.565000,5.538700,5.545000,102039
2026-07-14 15:05:00+00:00,5.549900,5.550000,5.515000,5.520100,41279
2026-07-14 15:10:00+00:00,5.525000,5.525000,5.490000,5.495000,148090
2026-07-14 15:15:00+00:00,5.495000,5.510000,5.470000,5.470000,119856
2026-07-14 15:20:00+00:00,5.480000,5.495000,5.460000,5.495000,83935
2026-07-14 15:25:00+00:00,5.495000,5.500000,5.490000,5.495000,57587
2026-07-14 15:30:00+00:00,5.495000,5.500000,5.475000,5.489900,42873
2026-07-14 15:35:00+00:00,5.480100,5.490000,5.470100,5.485000,36086
2026-07-14 15:40:00+00:00,5.484300,5.495000,5.476700,5.495000,34219
2026-07-14 15:45:00+00:00,5.495000,5.500000,5.490000,5.490100,45262
2026-07-14 15:50:00+00:00,5.499000,5.500000,5.485000,5.485000,58643
2026-07-14 15:55:00+00:00,5.485000,5.490000,5.470000,5.490000,45774
2026-07-14 16:00:00+00:00,5.490000,5.515000,5.490000,5.515000,48997
2026-07-14 16:05:00+00:00,5.519800,5.529900,5.510800,5.520000,58943
2026-07-14 16:10:00+00:00,5.515000,5.520000,5.500000,5.505000,111955
2026-07-14 16:15:00+00:00,5.500000,5.545000,5.500000,5.545000,57187
2026-07-14 16:20:00+00:00,5.543100,5.545000,5.525000,5.540000,65048
2026-07-14 16:25:00+00:00,5.540000,5.545000,5.530000,5.540000,30124
2026-07-14 16:30:00+00:00,5.530000,5.550000,5.530000,5.535000,36064
2026-07-14 16:35:00+00:00,5.535000,5.550000,5.515000,5.520200,47886
2026-07-14 16:40:00+00:00,5.520000,5.525000,5.510100,5.525000,26474
2026-07-14 16:45:00+00:00,5.525000,5.760000,5.105000,5.135000,5300902
2026-07-14 16:50:00+00:00,5.130000,5.355000,5.040000,5.175000,2767657
2026-07-14 16:55:00+00:00,5.175000,5.175000,4.880000,5.050000,4417782
2026-07-14 17:00:00+00:00,5.050000,5.090000,4.795000,4.805000,1512223
2026-07-14 17:05:00+00:00,4.806800,4.810000,4.330000,4.460000,6396089
2026-07-14 17:10:00+00:00,4.455000,4.550000,4.020000,4.025000,5375430
2026-07-14 17:15:00+00:00,4.025000,4.030000,3.850000,3.850000,1626060
2026-07-14 17:20:00+00:00,3.760000,3.800000,3.150000,3.185000,11946575
2026-07-14 17:25:00+00:00,3.185000,3.440000,2.980000,2.980000,6608553
2026-07-14 17:35:00+00:00,3.110000,3.120000,2.800000,2.800000,3524418
2026-07-14 17:40:00+00:00,2.710000,2.770000,2.370000,2.455000,6449191
2026-07-14 17:45:00+00:00,2.459700,2.950000,2.450100,2.950000,11787898
2026-07-14 17:50:00+00:00,3.080000,3.150000,2.950000,2.960000,3022782
2026-07-14 17:55:00+00:00,2.965000,3.180000,2.730000,2.980000,7674562
2026-07-14 18:00:00+00:00,2.990000,3.210000,2.850000,3.210000,3390027
2026-07-14 18:35:00+00:00,4.400000,4.490000,4.060000,4.300000,8623165
2026-07-14 18:40:00+00:00,4.290000,4.780000,4.200000,4.760100,12222399
2026-07-14 18:45:00+00:00,4.760000,4.830000,4.600000,4.610000,7499885
2026-07-14 18:50:00+00:00,4.618600,4.630000,4.360000,4.405000,5187976
2026-07-14 18:55:00+00:00,4.410000,4.560000,4.280100,4.510000,4331963
2026-07-14 19:00:00+00:00,4.520000,4.600000,4.480000,4.569900,2913256
2026-07-14 19:05:00+00:00,4.563600,4.670000,4.500000,4.625000,2432310
2026-07-14 19:10:00+00:00,4.625000,4.730000,4.510000,4.630000,3345500
2026-07-14 19:15:00+00:00,4.625000,4.820000,4.610000,4.790100,3364732
2026-07-14 19:20:00+00:00,4.790000,4.800000,4.720000,4.785000,2570725
2026-07-14 19:25:00+00:00,4.790000,4.850000,4.775000,4.795000,1813161
2026-07-14 19:30:00+00:00,4.795000,4.799900,4.670000,4.718700,2293091
2026-07-14 19:35:00+00:00,4.715000,4.730000,4.570000,4.655000,2538074
2026-07-14 19:40:00+00:00,4.655000,4.660000,4.619000,4.625000,1045413
2026-07-14 19:45:00+00:00,4.624900,4.640000,4.580000,4.585000,1007991
2026-07-14 19:50:00+00:00,4.582900,4.660000,4.575000,4.655000,1829478
2026-07-14 19:55:00+00:00,4.655000,4.660000,4.580000,4.615000,3527063
2026-07-15 13:30:00+00:00,4.740000,5.030000,4.660000,5.010000,4861360
2026-07-15 13:35:00+00:00,5.015000,5.160000,5.015000,5.110100,2266829
2026-07-15 13:40:00+00:00,5.115000,5.220000,5.030000,5.195000,1613953
2026-07-15 13:45:00+00:00,5.199900,5.200000,5.040000,5.060000,1140501
2026-07-15 13:50:00+00:00,5.060100,5.180000,5.040000,5.095000,917128
2026-07-15 13:55:00+00:00,5.090000,5.255000,5.070000,5.190100,1335123
2026-07-15 14:00:00+00:00,5.200000,5.440000,5.200000,5.439900,1765267
2026-07-15 14:05:00+00:00,5.440000,5.490000,5.360000,5.395000,1437390
2026-07-15 14:10:00+00:00,5.400000,5.450000,5.350000,5.385000,1253614
2026-07-15 14:15:00+00:00,5.385000,5.450000,5.370000,5.395000,946296
2026-07-15 14:20:00+00:00,5.395000,5.480000,5.375000,5.435000,915023
2026-07-15 14:25:00+00:00,5.440000,5.465000,5.280000,5.331400,1133128
2026-07-15 14:30:00+00:00,5.330100,5.379700,5.261000,5.340000,992885
2026-07-15 14:35:00+00:00,5.349900,5.390000,5.310100,5.345000,629156
2026-07-15 14:40:00+00:00,5.349900,5.410000,5.320000,5.405000,628498
2026-07-15 14:45:00+00:00,5.405000,5.410000,5.250000,5.329900,460137
2026-07-15 14:50:00+00:00,5.325000,5.360000,5.310000,5.325000,225555
2026-07-15 14:55:00+00:00,5.325000,5.480000,5.320100,5.465000,546142
2026-07-15 15:00:00+00:00,5.465000,5.540000,5.440000,5.479900,952591
2026-07-15 15:05:00+00:00,5.480000,5.510000,5.465000,5.485000,368397
2026-07-15 15:10:00+00:00,5.485000,5.485000,5.440000,5.470000,224444
2026-07-15 15:15:00+00:00,5.465000,5.545000,5.440000,5.510000,530760
2026-07-15 15:20:00+00:00,5.500100,5.590000,5.500000,5.545000,810098
2026-07-15 15:25:00+00:00,5.550000,5.559800,5.440000,5.495000,1454184
2026-07-15 15:30:00+00:00,5.495000,5.610000,5.440000,5.609900,884865
2026-07-15 15:35:00+00:00,5.609900,5.620000,5.575000,5.595000,489878
2026-07-15 15:40:00+00:00,5.594800,5.600000,5.500000,5.515000,356024
2026-07-15 15:45:00+00:00,5.515000,5.525000,5.460000,5.470000,486133
2026-07-15 15:50:00+00:00,5.470000,5.485000,5.410100,5.455000,671206
2026-07-15 15:55:00+00:00,5.455000,5.565000,5.450000,5.525000,345966
2026-07-15 16:00:00+00:00,5.525000,5.539900,5.510000,5.520000,247288
2026-07-15 16:05:00+00:00,5.520000,5.575000,5.485000,5.507700,437299
2026-07-15 16:10:00+00:00,5.505000,5.510000,5.490000,5.495000,441970
2026-07-15 16:15:00+00:00,5.495000,5.519900,5.470000,5.485000,337192
2026-07-15 16:20:00+00:00,5.480100,5.490000,5.440000,5.465000,465249
2026-07-15 16:25:00+00:00,5.470000,5.500000,5.460000,5.495000,197869
2026-07-15 16:30:00+00:00,5.495000,5.500000,5.460000,5.485000,514608
2026-07-15 16:35:00+00:00,5.485000,5.518000,5.474700,5.487700,991947
2026-07-15 16:40:00+00:00,5.489900,5.495000,5.440000,5.455000,241527
2026-07-15 16:45:00+00:00,5.455000,5.500000,5.450000,5.465000,110298
2026-07-15 16:50:00+00:00,5.465000,5.490000,5.440000,5.485000,239477
2026-07-15 16:55:00+00:00,5.490000,5.520000,5.490000,5.505000,154663
2026-07-15 17:00:00+00:00,5.505000,5.535000,5.500000,5.515000,217205
2026-07-15 17:05:00+00:00,5.515000,5.540000,5.510000,5.525000,139400
2026-07-15 17:10:00+00:00,5.530000,5.570000,5.515000,5.545000,324497
2026-07-15 17:15:00+00:00,5.545000,5.570000,5.540000,5.560100,183210
2026-07-15 17:20:00+00:00,5.560100,5.565000,5.550000,5.555000,174022
2026-07-15 17:25:00+00:00,5.551300,5.560000,5.520000,5.550000,289232
2026-07-15 17:30:00+00:00,5.545000,5.580000,5.540000,5.570100,196135
2026-07-15 17:35:00+00:00,5.575000,5.580000,5.560000,5.565000,125677
2026-07-15 17:40:00+00:00,5.570000,5.625000,5.570000,5.615000,419480
2026-07-15 17:45:00+00:00,5.615000,5.688700,5.615000,5.635000,468038
2026-07-15 17:50:00+00:00,5.635000,5.680000,5.620000,5.626600,343518
2026-07-15 17:55:00+00:00,5.625000,5.690000,5.620100,5.665000,333018
2026-07-15 18:00:00+00:00,5.664700,5.680000,5.640000,5.679900,265858
2026-07-15 18:05:00+00:00,5.675000,5.675000,5.600000,5.605000,231458
2026-07-15 18:10:00+00:00,5.609900,5.630000,5.600000,5.622500,161062
2026-07-15 18:15:00+00:00,5.625000,5.630000,5.590000,5.605000,351430
2026-07-15 18:20:00+00:00,5.602500,5.630000,5.590000,5.605000,263193
2026-07-15 18:25:00+00:00,5.600100,5.603600,5.560000,5.582500,285021
2026-07-15 18:30:00+00:00,5.585000,5.700000,5.582500,5.695000,544525
2026-07-15 18:35:00+00:00,5.700000,5.795000,5.675000,5.775000,1047401
2026-07-15 18:40:00+00:00,5.779900,5.855000,5.770000,5.855000,609396
2026-07-15 18:45:00+00:00,5.860000,5.920000,5.830100,5.840000,826198
2026-07-15 18:50:00+00:00,5.830000,5.870000,5.800000,5.865000,511167
2026-07-15 18:55:00+00:00,5.860100,5.870000,5.830000,5.850000,377148
2026-07-15 19:00:00+00:00,5.840000,5.870000,5.820000,5.850100,466515
2026-07-15 19:05:00+00:00,5.855000,5.920000,5.850000,5.895000,575943
2026-07-15 19:10:00+00:00,5.895000,6.015000,5.890000,6.000000,1245334
2026-07-15 19:15:00+00:00,6.003700,6.010000,5.895000,5.905000,896534
2026-07-15 19:20:00+00:00,5.905000,5.940000,5.823600,5.840000,690107
2026-07-15 19:25:00+00:00,5.840100,5.845000,5.630000,5.641400,839825
2026-07-15 19:30:00+00:00,5.660000,5.930000,5.660000,5.885000,813264
2026-07-15 19:35:00+00:00,5.885000,5.925000,5.880100,5.910000,365171
2026-07-15 19:40:00+00:00,5.905000,5.970000,5.900000,5.910100,1014363
2026-07-15 19:45:00+00:00,5.915000,5.950000,5.895000,5.905000,592270
2026-07-15 19:50:00+00:00,5.905000,5.990000,5.900000,5.985000,1264914
2026-07-15 19:55:00+00:00,5.980000,5.986300,5.920000,5.935000,1649554
2026-07-16 13:30:00+00:00,5.990000,6.055000,5.560000,5.730000,1463076
2026-07-16 13:35:00+00:00,5.740000,5.785000,5.670000,5.725000,228677
2026-07-16 13:40:00+00:00,5.725000,5.905000,5.700000,5.875600,534674
2026-07-16 13:45:00+00:00,5.880000,6.080000,5.830000,6.080000,601781
2026-07-16 13:50:00+00:00,6.080000,6.300000,6.040000,6.174600,1152664
2026-07-16 13:55:00+00:00,6.182800,6.270000,6.150000,6.185000,670611
2026-07-16 14:00:00+00:00,6.180000,6.310000,6.150000,6.225000,733214
2026-07-16 14:05:00+00:00,6.225000,6.335000,6.140000,6.310000,844953
2026-07-16 14:10:00+00:00,6.315000,6.400000,6.220000,6.380100,701891
2026-07-16 14:15:00+00:00,6.385000,6.480000,6.370000,6.420000,922659
2026-07-16 14:20:00+00:00,6.420000,6.596900,6.390000,6.575000,1420059
2026-07-16 14:25:00+00:00,6.575000,6.579900,6.490000,6.515000,1024441
2026-07-16 14:30:00+00:00,6.515000,6.550000,6.460000,6.510100,635977
2026-07-16 14:35:00+00:00,6.520000,6.590000,6.460000,6.510000,570718
2026-07-16 14:40:00+00:00,6.505000,6.540000,6.420000,6.537100,509602
2026-07-16 14:45:00+00:00,6.530200,6.745000,6.530200,6.670000,1303660
2026-07-16 14:50:00+00:00,6.679800,6.730000,6.610000,6.726700,589656
2026-07-16 14:55:00+00:00,6.725000,6.870000,6.710000,6.835000,1512067
2026-07-16 15:00:00+00:00,6.835000,6.870000,6.670100,6.683200,1087665
2026-07-16 15:05:00+00:00,6.690000,6.740000,6.630000,6.670100,674389
2026-07-16 15:10:00+00:00,6.670000,6.680000,6.630000,6.630000,511867
2026-07-16 15:15:00+00:00,6.635000,6.730000,6.510000,6.625000,796520
2026-07-16 15:20:00+00:00,6.630000,6.660000,6.600000,6.655000,300399
2026-07-16 15:25:00+00:00,6.655000,6.790000,6.650100,6.735000,846999
2026-07-16 15:30:00+00:00,6.740000,6.760000,6.710000,6.720000,378681
2026-07-16 15:35:00+00:00,6.725000,6.730000,6.640000,6.680000,392737
2026-07-16 15:40:00+00:00,6.675000,6.685000,6.630000,6.660200,233766
2026-07-16 15:45:00+00:00,6.665000,6.665000,6.590000,6.650000,322018
2026-07-16 15:50:00+00:00,6.660000,6.789700,6.640000,6.755000,743364
2026-07-16 15:55:00+00:00,6.750000,6.770000,6.700000,6.760000,582521
2026-07-16 16:00:00+00:00,6.760000,6.765000,6.690000,6.698700,364006
2026-07-16 16:05:00+00:00,6.695000,6.709900,6.660000,6.685000,435615
2026-07-16 16:10:00+00:00,6.685300,6.685300,6.641400,6.675000,400789
2026-07-16 16:15:00+00:00,6.675000,6.697100,6.645000,6.670000,235659
2026-07-16 16:20:00+00:00,6.670000,6.671700,6.620000,6.655000,258244
2026-07-16 16:25:00+00:00,6.655000,6.690000,5.950000,6.675000,353327
2026-07-16 16:30:00+00:00,6.675000,6.720000,6.665000,6.670000,419315
2026-07-16 16:35:00+00:00,6.670000,6.719900,6.640000,6.669900,438912
2026-07-16 16:40:00+00:00,6.660000,6.675000,6.620000,6.645000,321853
2026-07-16 16:45:00+00:00,6.645000,6.715000,6.640000,6.655000,398576
2026-07-16 16:50:00+00:00,6.657400,6.657400,6.600000,6.615000,237061
2026-07-16 16:55:00+00:00,6.615000,6.620000,6.510000,6.540000,479948
2026-07-16 17:00:00+00:00,6.545000,6.545000,6.430000,6.450000,529401
2026-07-16 17:05:00+00:00,6.449900,6.490000,6.380000,6.455000,477299
2026-07-16 17:10:00+00:00,6.460000,6.465000,6.260000,6.275000,630059
2026-07-16 17:15:00+00:00,6.275000,6.380000,6.250000,6.274300,539741
2026-07-16 17:20:00+00:00,6.275000,6.330100,6.240000,6.269900,276831
2026-07-16 17:25:00+00:00,6.260400,6.265000,6.200000,6.235000,267450
2026-07-16 17:30:00+00:00,6.230000,6.270000,6.180000,6.189700,351522
2026-07-16 17:35:00+00:00,6.189900,6.230000,6.170100,6.170100,264504
2026-07-16 17:40:00+00:00,6.180000,6.230000,6.170000,6.180000,259527
2026-07-16 17:45:00+00:00,6.195000,6.220000,6.130000,6.160000,408107
2026-07-16 17:50:00+00:00,6.168700,6.180000,6.130000,6.160000,221149
2026-07-16 17:55:00+00:00,6.169000,6.185000,6.130000,6.145000,257958
2026-07-16 18:00:00+00:00,6.145000,6.159900,6.100000,6.120000,198416
2026-07-16 18:05:00+00:00,6.117100,6.130000,6.030000,6.070100,561980
2026-07-16 18:10:00+00:00,6.075000,6.160000,6.070000,6.126700,209314
2026-07-16 18:15:00+00:00,6.120000,6.225000,6.110100,6.219900,437061
2026-07-16 18:20:00+00:00,6.215000,6.290000,6.210000,6.215000,435946
2026-07-16 18:25:00+00:00,6.215000,6.270000,6.195000,6.210000,203603
2026-07-16 18:30:00+00:00,6.210100,6.280000,6.180000,6.260100,266772
2026-07-16 18:35:00+00:00,6.270000,6.270000,6.250000,6.250000,269061
2026-07-16 18:40:00+00:00,6.250000,6.330000,6.250000,6.318600,322195
2026-07-16 18:45:00+00:00,6.310100,6.380000,6.300000,6.355600,423243
2026-07-16 18:50:00+00:00,6.355000,6.430000,6.355000,6.420200,493480
2026-07-16 18:55:00+00:00,6.420000,6.480000,6.405000,6.439900,444068
2026-07-16 19:00:00+00:00,6.435000,6.465000,6.430000,6.440000,238423
2026-07-16 19:05:00+00:00,6.442100,6.470000,6.400000,6.465000,454803
2026-07-16 19:10:00+00:00,6.465000,6.473900,6.430000,6.440000,414229
2026-07-16 19:15:00+00:00,6.440000,6.455000,6.360000,6.390000,505073
2026-07-16 19:20:00+00:00,6.385000,6.495000,6.380100,6.475000,605586
2026-07-16 19:25:00+00:00,6.475000,6.475000,6.420000,6.420000,482280
2026-07-16 19:30:00+00:00,6.425000,6.430000,6.360000,6.400000,531082
2026-07-16 19:35:00+00:00,6.395000,6.410000,6.370000,6.399900,470898
2026-07-16 19:40:00+00:00,6.392800,6.450000,6.360000,6.430300,540071
2026-07-16 19:45:00+00:00,6.430200,6.455000,6.400000,6.445000,684092
2026-07-16 19:50:00+00:00,6.440000,6.550000,6.420000,6.545000,2192639
2026-07-16 19:55:00+00:00,6.545000,6.545000,6.365000,6.470000,1840665
2026-07-17 13:30:00+00:00,6.370000,6.800000,6.320000,6.779900,1290300
2026-07-17 13:35:00+00:00,6.780000,7.110100,6.770000,7.000000,3096713
2026-07-17 13:40:00+00:00,7.000000,7.019900,6.800000,6.834500,1394785
2026-07-17 13:45:00+00:00,6.840000,6.880000,6.730000,6.865000,1072684
2026-07-17 13:50:00+00:00,6.870000,6.890000,6.565000,6.590500,1022949
2026-07-17 13:55:00+00:00,6.595000,6.660000,6.490000,6.510000,720487
2026-07-17 14:00:00+00:00,6.510000,6.670000,6.510000,6.620000,597217
2026-07-17 14:05:00+00:00,6.625000,6.669900,6.570000,6.660100,496416
2026-07-17 14:10:00+00:00,6.665000,6.670000,6.570000,6.570000,380267
2026-07-17 14:15:00+00:00,6.570000,6.610000,6.510000,6.575000,578324
2026-07-17 14:20:00+00:00,6.580000,6.665000,6.570100,6.640300,431267
2026-07-17 14:25:00+00:00,6.649700,6.660000,6.540000,6.569900,356723
2026-07-17 14:30:00+00:00,6.570000,6.600000,6.520000,6.600000,262284
2026-07-17 14:35:00+00:00,6.600000,6.655000,6.590100,6.625000,343685
2026-07-17 14:40:00+00:00,6.620000,6.630000,6.540000,6.545000,312698
2026-07-17 14:45:00+00:00,6.540000,6.560000,6.510300,6.530000,207206
2026-07-17 14:50:00+00:00,6.530000,6.690000,6.525000,6.655000,1091355
2026-07-17 14:55:00+00:00,6.660000,6.690000,6.610000,6.659200,548421
2026-07-17 15:00:00+00:00,6.650000,6.700000,6.610000,6.620100,363525
2026-07-17 15:05:00+00:00,6.621500,6.650000,6.575000,6.640000,500725
2026-07-17 15:10:00+00:00,6.649900,6.700000,6.640100,6.690000,382212
2026-07-17 15:15:00+00:00,6.685000,6.710000,6.650000,6.660000,487574
2026-07-17 15:20:00+00:00,6.656400,6.656400,6.600000,6.620000,489611
2026-07-17 15:25:00+00:00,6.619900,6.839900,6.610000,6.825000,668056
2026-07-17 15:30:00+00:00,6.820000,6.870000,6.815000,6.845000,691423
2026-07-17 15:35:00+00:00,6.850000,6.920000,6.830000,6.900100,662908
2026-07-17 15:40:00+00:00,6.905000,6.980000,6.905000,6.955000,794822
2026-07-17 15:45:00+00:00,6.960000,6.980000,6.860000,6.885000,548079
2026-07-17 15:50:00+00:00,6.885000,6.905000,6.865000,6.890000,362079
2026-07-17 15:55:00+00:00,6.883000,6.885000,6.840000,6.875000,253328
2026-07-17 16:00:00+00:00,6.880000,6.940000,6.860000,6.889900,264517
2026-07-17 16:05:00+00:00,6.900000,6.950000,6.860000,6.885000,334466
2026-07-17 16:10:00+00:00,6.885000,6.900000,6.840000,6.870000,239012
2026-07-17 16:15:00+00:00,6.870100,6.925000,6.860000,6.919500,783193
2026-07-17 16:20:00+00:00,6.925000,6.935000,6.895000,6.935000,273651
2026-07-17 16:25:00+00:00,6.940000,7.070000,6.930000,7.049900,866276
2026-07-17 16:30:00+00:00,7.045000,7.080000,6.995000,7.070000,726336
2026-07-17 16:35:00+00:00,7.060000,7.130000,7.042300,7.100000,850649
2026-07-17 16:40:00+00:00,7.102300,7.130000,7.040100,7.055000,609114
2026-07-17 16:45:00+00:00,7.055000,7.130000,7.055000,7.110000,313363
2026-07-17 16:50:00+00:00,7.115000,7.200000,7.110000,7.195000,691480
2026-07-17 16:55:00+00:00,7.195000,7.200000,7.040000,7.058600,707316
2026-07-17 17:00:00+00:00,7.055000,7.149900,7.055000,7.145000,354682
2026-07-17 17:05:00+00:00,7.140300,7.150000,7.085000,7.105000,182701
2026-07-17 17:10:00+00:00,7.105000,7.120000,6.990000,7.110000,431296
2026-07-17 17:15:00+00:00,7.110200,7.140000,7.085000,7.140000,714401
2026-07-17 17:20:00+00:00,7.140000,7.190000,7.120100,7.180200,346260
2026-07-17 17:25:00+00:00,7.185600,7.246900,7.170000,7.170000,590910
2026-07-17 17:30:00+00:00,7.175000,7.260000,7.090000,7.115000,566993
2026-07-17 17:35:00+00:00,7.120000,7.170000,7.080000,7.164000,374011
2026-07-17 17:40:00+00:00,7.169900,7.195000,7.140000,7.190500,234025
2026-07-17 17:45:00+00:00,7.190000,7.193700,7.145000,7.175000,248133
2026-07-17 17:50:00+00:00,7.177700,7.180000,7.145000,7.160000,228681
2026-07-17 17:55:00+00:00,7.150000,7.150000,7.100000,7.115000,270292
2026-07-17 18:00:00+00:00,7.110200,7.140000,7.070000,7.125000,191982
2026-07-17 18:05:00+00:00,7.125000,7.130000,7.060000,7.095000,260793
2026-07-17 18:10:00+00:00,7.095000,7.170000,7.070100,7.130100,452034
2026-07-17 18:15:00+00:00,7.135000,7.170000,7.125000,7.155000,248633
2026-07-17 18:20:00+00:00,7.159000,7.175000,7.115000,7.130100,164870
2026-07-17 18:25:00+00:00,7.135000,7.160000,7.120000,7.147700,176872
2026-07-17 18:30:00+00:00,7.145000,7.180000,7.140000,7.162700,318764
2026-07-17 18:35:00+00:00,7.160000,7.170000,7.110000,7.110000,230744
2026-07-17 18:40:00+00:00,7.119800,7.180000,7.115000,7.140000,337742
2026-07-17 18:45:00+00:00,7.145000,7.350000,7.135000,7.329900,1082432
2026-07-17 18:50:00+00:00,7.335000,7.410000,7.312300,7.345000,842382
2026-07-17 18:55:00+00:00,7.345000,7.380000,7.310000,7.310100,455387
2026-07-17 19:00:00+00:00,7.310000,7.370000,7.245000,7.360200,485868
2026-07-17 19:05:00+00:00,7.367700,7.380000,7.290000,7.310000,329124
2026-07-17 19:10:00+00:00,7.315000,7.315000,7.260000,7.295000,276453
2026-07-17 19:15:00+00:00,7.295000,7.390000,7.247500,7.362300,487792
2026-07-17 19:20:00+00:00,7.365000,7.450000,7.315000,7.415000,898669
2026-07-17 19:25:00+00:00,7.410100,7.470000,7.400000,7.445000,808588
2026-07-17 19:30:00+00:00,7.450000,7.470000,7.420000,7.460600,578969
2026-07-17 19:35:00+00:00,7.460000,7.560000,7.440000,7.495000,1114198
2026-07-17 19:40:00+00:00,7.490000,7.525000,7.400000,7.410000,718792
2026-07-17 19:45:00+00:00,7.405000,7.420000,7.340000,7.400000,1159343
2026-07-17 19:50:00+00:00,7.400000,7.460000,7.397000,7.445000,1145847
2026-07-17 19:55:00+00:00,7.445000,7.480000,7.340000,7.345000,2077896
2026-07-20 13:30:00+00:00,7.620000,7.720000,7.335000,7.480000,2448442
2026-07-20 13:35:00+00:00,7.460000,7.590000,7.450000,7.545000,632559
2026-07-20 13:40:00+00:00,7.550000,7.600000,7.405000,7.460200,495871
2026-07-20 13:45:00+00:00,7.470000,7.645000,7.470000,7.590000,567091
2026-07-20 13:50:00+00:00,7.580000,7.610000,7.340000,7.405000,648343
2026-07-20 13:55:00+00:00,7.405000,7.569000,7.405000,7.545000,389372
2026-07-20 14:00:00+00:00,7.540000,7.650000,7.480000,7.649500,406996
2026-07-20 14:05:00+00:00,7.640000,7.650000,7.505000,7.545000,457420
2026-07-20 14:10:00+00:00,7.540000,7.540000,7.445000,7.475000,358310
2026-07-20 14:15:00+00:00,7.480000,7.505000,7.355000,7.365000,310100
2026-07-20 14:20:00+00:00,7.360000,7.400000,7.279900,7.390000,425276
2026-07-20 14:25:00+00:00,7.389900,7.505000,7.380000,7.485000,349652
2026-07-20 14:30:00+00:00,7.490000,7.500000,7.255000,7.269000,409351
2026-07-20 14:35:00+00:00,7.265000,7.320000,7.180000,7.190000,389971
2026-07-20 14:40:00+00:00,7.190000,7.250000,7.132300,7.215000,341624
2026-07-20 14:45:00+00:00,7.215000,7.245000,7.170000,7.190000,180723
2026-07-20 14:50:00+00:00,7.189100,7.205000,7.070000,7.090000,286342
2026-07-20 14:55:00+00:00,7.085000,7.120000,7.030500,7.100000,429133
2026-07-20 15:00:00+00:00,7.105000,7.140000,7.080000,7.099800,266557
2026-07-20 15:05:00+00:00,7.095000,7.185000,7.060000,7.080000,433374
2026-07-20 15:10:00+00:00,7.060100,7.170000,7.020000,7.070000,278967
2026-07-20 15:15:00+00:00,7.070000,7.140000,7.050000,7.135000,825623
2026-07-20 15:20:00+00:00,7.140000,7.225000,7.130000,7.182600,177923
2026-07-20 15:25:00+00:00,7.180000,7.190000,7.140000,7.160000,103304
2026-07-20 15:30:00+00:00,7.165000,7.170000,7.090000,7.130000,152260
2026-07-20 15:35:00+00:00,7.120000,7.125000,7.090000,7.095000,93978
2026-07-20 15:40:00+00:00,7.095000,7.110000,7.050000,7.109900,118002
2026-07-20 15:45:00+00:00,7.110000,7.160000,7.105000,7.150100,106189
2026-07-20 15:50:00+00:00,7.160000,7.269000,7.140000,7.245000,191301
2026-07-20 15:55:00+00:00,7.240300,7.285000,7.220000,7.225000,206290
2026-07-20 16:00:00+00:00,7.220100,7.255000,7.190000,7.220100,150059
2026-07-20 16:05:00+00:00,7.225000,7.240000,7.195000,7.225000,193005
2026-07-20 16:10:00+00:00,7.230000,7.245000,7.175000,7.205000,220505
2026-07-20 16:15:00+00:00,7.201000,7.210000,7.155000,7.170000,102492
2026-07-20 16:20:00+00:00,7.165000,7.230000,7.165000,7.220100,74966
2026-07-20 16:25:00+00:00,7.220000,7.325000,7.220000,7.300000,275275
2026-07-20 16:30:00+00:00,7.300000,7.320000,7.226500,7.226500,469874
2026-07-20 16:35:00+00:00,7.220000,7.225000,7.160000,7.185000,146232
2026-07-20 16:40:00+00:00,7.190000,7.195000,7.120000,7.120000,113764
2026-07-20 16:45:00+00:00,7.120000,7.170000,7.080000,7.165000,90188
2026-07-20 16:50:00+00:00,7.170000,7.245000,7.170000,7.245000,114740
2026-07-20 16:55:00+00:00,7.250000,7.265000,7.230000,7.245000,153666
2026-07-20 17:00:00+00:00,7.245000,7.265000,7.230000,7.245000,80854
2026-07-20 17:05:00+00:00,7.240100,7.275000,7.240000,7.265000,80983
2026-07-20 17:10:00+00:00,7.260000,7.265000,7.250000,7.265000,45995
2026-07-20 17:15:00+00:00,7.265000,7.265000,7.235000,7.255000,87777
2026-07-20 17:20:00+00:00,7.255000,7.305000,7.230000,7.255000,211617
2026-07-20 17:25:00+00:00,7.250000,7.259900,7.240000,7.245000,38668
2026-07-20 17:30:00+00:00,7.245000,7.275000,7.225000,7.268600,164910
2026-07-20 17:35:00+00:00,7.265000,7.265000,7.210000,7.225000,72082
2026-07-20 17:40:00+00:00,7.230000,7.340000,7.230000,7.305000,161380
2026-07-20 17:45:00+00:00,7.290000,7.325000,7.265000,7.325000,106849
2026-07-20 17:50:00+00:00,7.329900,7.360000,7.320000,7.325000,154818
2026-07-20 17:55:00+00:00,7.320000,7.325000,7.310000,7.315000,61050
2026-07-20 18:00:00+00:00,7.310000,7.435000,7.310000,7.430000,207556
2026-07-20 18:05:00+00:00,7.425000,7.500000,7.415000,7.485000,337325
2026-07-20 18:10:00+00:00,7.485000,7.485000,7.340000,7.340000,293610
2026-07-20 18:15:00+00:00,7.335000,7.360000,7.315000,7.327700,131185
2026-07-20 18:20:00+00:00,7.320000,7.320000,7.300000,7.300000,72844
2026-07-20 18:25:00+00:00,7.309800,7.335000,7.300000,7.315000,48433
2026-07-20 18:30:00+00:00,7.310000,7.315000,7.250000,7.280100,163211
2026-07-20 18:35:00+00:00,7.295000,7.360000,7.295000,7.350000,80274
2026-07-20 18:40:00+00:00,7.340100,7.450000,7.340000,7.430100,231404
2026-07-20 18:45:00+00:00,7.430000,7.450000,7.410000,7.435000,116133
2026-07-20 18:50:00+00:00,7.430000,7.430000,7.391800,7.395000,97424
2026-07-20 18:55:00+00:00,7.395000,7.407700,7.385000,7.390000,131028
2026-07-20 19:00:00+00:00,7.385000,7.400000,7.300100,7.315000,170502
2026-07-20 19:05:00+00:00,7.315800,7.350000,7.305000,7.345000,103859
2026-07-20 19:10:00+00:00,7.345000,7.370000,7.270000,7.298600,235481
2026-07-20 19:15:00+00:00,7.290000,7.310000,7.265000,7.275000,178034
2026-07-20 19:20:00+00:00,7.275000,7.350000,7.270000,7.325000,174602
2026-07-20 19:25:00+00:00,7.330000,7.340000,7.315000,7.319700,147170
2026-07-20 19:30:00+00:00,7.315000,7.350000,7.295000,7.315000,152777
2026-07-20 19:35:00+00:00,7.310000,7.310000,7.240000,7.245000,184109
2026-07-20 19:40:00+00:00,7.245000,7.270000,7.225000,7.233000,107303
2026-07-20 19:45:00+00:00,7.240000,7.240000,7.185000,7.190000,109255
2026-07-20 19:50:00+00:00,7.190000,7.190000,7.095000,7.180200,300166
2026-07-20 19:55:00+00:00,7.185000,7.245000,7.095000,7.101000,836892
2026-07-21 13:30:00+00:00,7.070000,7.440000,6.950000,7.040000,880364
2026-07-21 13:35:00+00:00,7.030000,7.195000,6.980100,7.175000,405677
2026-07-21 13:40:00+00:00,7.163000,7.163000,7.000000,7.060000,219938
2026-07-21 13:45:00+00:00,7.060000,7.149900,6.930000,7.100000,310474
2026-07-21 13:50:00+00:00,7.081000,7.141000,7.030000,7.140000,206506
2026-07-21 13:55:00+00:00,7.140000,7.160000,7.060000,7.090000,189914
2026-07-21 14:00:00+00:00,7.090000,7.175000,7.065000,7.150000,109217
2026-07-21 14:05:00+00:00,7.151400,7.180200,7.120000,7.175000,218119
2026-07-21 14:10:00+00:00,7.175000,7.220000,7.140000,7.195000,316605
2026-07-21 14:15:00+00:00,7.190000,7.200000,7.060000,7.065000,219971
2026-07-21 14:20:00+00:00,7.070000,7.070000,6.980000,7.010000,286572
2026-07-21 14:25:00+00:00,7.010000,7.120000,6.985000,7.075000,230400
2026-07-21 14:30:00+00:00,7.075000,7.100000,7.000000,7.000000,263699
2026-07-21 14:35:00+00:00,7.005000,7.015000,6.890000,6.920000,292879
2026-07-21 14:40:00+00:00,6.920000,7.000000,6.890000,7.000000,169566
2026-07-21 14:45:00+00:00,6.995000,6.995000,6.925000,6.930000,109370
2026-07-21 14:50:00+00:00,6.925000,6.950000,6.900000,6.935000,88709
2026-07-21 14:55:00+00:00,6.935000,6.975000,6.880000,6.970000,234108
2026-07-21 15:00:00+00:00,6.965000,7.010000,6.910000,6.929900,162148
2026-07-21 15:05:00+00:00,6.930000,7.005000,6.930000,6.980000,106463
2026-07-21 15:10:00+00:00,6.980000,6.989900,6.960000,6.970000,88940
2026-07-21 15:15:00+00:00,6.960000,6.970000,6.945000,6.970000,56845
2026-07-21 15:20:00+00:00,6.970000,7.040000,6.950000,7.010000,167533
2026-07-21 15:25:00+00:00,7.015000,7.100000,7.010000,7.095000,163063
2026-07-21 15:30:00+00:00,7.100000,7.100000,7.060000,7.081400,133889
2026-07-21 15:35:00+00:00,7.085000,7.090000,7.050000,7.080000,113758
2026-07-21 15:40:00+00:00,7.080000,7.090000,7.065000,7.082700,78659
2026-07-21 15:45:00+00:00,7.080000,7.090000,7.070000,7.085000,58295
2026-07-21 15:50:00+00:00,7.080100,7.080100,7.000000,7.002300,211424
2026-07-21 15:55:00+00:00,7.000000,7.000000,6.950000,6.985000,130852
2026-07-21 16:00:00+00:00,6.985000,6.990000,6.950000,6.975000,97967
2026-07-21 16:05:00+00:00,6.975000,7.080000,6.975000,7.055000,180600
2026-07-21 16:10:00+00:00,7.055000,7.140000,7.055000,7.081100,251662
2026-07-21 16:15:00+00:00,7.085000,7.145000,7.070000,7.135000,101412
2026-07-21 16:20:00+00:00,7.135000,7.185000,7.105000,7.163000,188049
2026-07-21 16:25:00+00:00,7.160000,7.235000,7.150100,7.205000,242213
2026-07-21 16:30:00+00:00,7.205000,7.265000,7.200000,7.225000,116858
2026-07-21 16:35:00+00:00,7.220000,7.220300,7.170000,7.170000,91918
2026-07-21 16:40:00+00:00,7.165000,7.180000,7.135000,7.135000,64306
2026-07-21 16:45:00+00:00,7.140000,7.160000,7.110000,7.150000,77511
2026-07-21 16:50:00+00:00,7.155000,7.179900,7.130000,7.130000,58636
2026-07-21 16:55:00+00:00,7.130500,7.155000,7.115000,7.143700,55068
2026-07-21 17:00:00+00:00,7.150000,7.185000,7.140000,7.155000,36096
2026-07-21 17:05:00+00:00,7.155000,7.155000,7.115000,7.135000,75514
2026-07-21 17:10:00+00:00,7.140000,7.140000,7.065000,7.105000,93479
2026-07-21 17:15:00+00:00,7.100000,7.120000,7.090000,7.105000,52480
2026-07-21 17:20:00+00:00,7.109000,7.160000,7.100000,7.155000,58733
2026-07-21 17:25:00+00:00,7.150000,7.155000,7.130000,7.135000,41370
2026-07-21 17:30:00+00:00,7.139900,7.160000,7.090000,7.090100,81191
2026-07-21 17:35:00+00:00,7.090000,7.100000,7.075000,7.075000,34212
2026-07-21 17:40:00+00:00,7.075000,7.090000,7.075000,7.090000,23230
2026-07-21 17:45:00+00:00,7.085000,7.125000,7.080000,7.125000,66567
2026-07-21 17:50:00+00:00,7.130000,7.150000,7.120000,7.125000,33067
2026-07-21 17:55:00+00:00,7.129400,7.130000,7.115000,7.130000,36543
2026-07-21 18:00:00+00:00,7.135000,7.160000,7.130000,7.155000,54463
2026-07-21 18:05:00+00:00,7.155000,7.155000,7.130000,7.140000,39440
2026-07-21 18:10:00+00:00,7.135000,7.150000,7.120000,7.125000,50111
2026-07-21 18:15:00+00:00,7.130000,7.135000,7.100000,7.110300,32790
2026-07-21 18:20:00+00:00,7.112000,7.145000,7.110000,7.120000,33024
2026-07-21 18:25:00+00:00,7.120000,7.180000,7.120000,7.165000,272722
2026-07-21 18:30:00+00:00,7.165000,7.185000,7.145000,7.180000,73806
2026-07-21 18:35:00+00:00,7.185000,7.220000,7.175000,7.195000,137818
2026-07-21 18:40:00+00:00,7.195000,7.230000,7.180000,7.205000,104392
2026-07-21 18:45:00+00:00,7.205000,7.206600,7.165000,7.175000,75886
2026-07-21 18:50:00+00:00,7.180000,7.190000,7.155000,7.155000,40291
2026-07-21 18:55:00+00:00,7.150000,7.220000,7.140000,7.210000,134247
2026-07-21 19:00:00+00:00,7.215000,7.250000,7.180000,7.195000,116204
2026-07-21 19:05:00+00:00,7.195000,7.195000,7.160000,7.165000,68526
2026-07-21 19:10:00+00:00,7.160000,7.195000,7.151000,7.151400,52750
2026-07-21 19:15:00+00:00,7.155000,7.175000,7.135000,7.138100,63151
2026-07-21 19:20:00+00:00,7.135000,7.160000,7.115000,7.145000,114557
2026-07-21 19:25:00+00:00,7.150000,7.185000,7.150000,7.165000,71049
2026-07-21 19:30:00+00:00,7.170000,7.175000,7.145000,7.165000,42396
2026-07-21 19:35:00+00:00,7.165000,7.170000,7.145000,7.165000,93300
2026-07-21 19:40:00+00:00,7.170000,7.210000,7.155000,7.185000,214770
2026-07-21 19:45:00+00:00,7.185000,7.190000,7.145000,7.175000,130061
2026-07-21 19:50:00+00:00,7.175000,7.215000,7.165000,7.185000,204289
2026-07-21 19:55:00+00:00,7.185000,7.365000,7.185000,7.350000,1015070
2026-07-22 13:30:00+00:00,7.290000,7.490000,7.230000,7.460000,827758
2026-07-22 13:35:00+00:00,7.440000,7.470000,7.310000,7.360000,252886
2026-07-22 13:40:00+00:00,7.360000,7.430000,7.235000,7.430000,243475
2026-07-22 13:45:00+00:00,7.455000,7.570000,7.330000,7.510000,482208
2026-07-22 13:50:00+00:00,7.517200,7.755000,7.490000,7.720100,630307
2026-07-22 13:55:00+00:00,7.730000,7.740000,7.600000,7.620000,543887
2026-07-22 14:00:00+00:00,7.610000,7.750000,7.570000,7.720000,436242
2026-07-22 14:05:00+00:00,7.720000,7.787000,7.625000,7.665000,433809
2026-07-22 14:10:00+00:00,7.655000,7.670000,7.600000,7.610000,168904
2026-07-22 14:15:00+00:00,7.605000,7.605000,7.520000,7.535000,201928
2026-07-22 14:20:00+00:00,7.530000,7.530000,7.450000,7.495000,188404
2026-07-22 14:25:00+00:00,7.500000,7.519300,7.480200,7.490000,130826
2026-07-22 14:30:00+00:00,7.486400,7.525000,7.470000,7.495000,118741
2026-07-22 14:35:00+00:00,7.499000,7.705000,7.480000,7.625000,513659
2026-07-22 14:40:00+00:00,7.621000,7.621000,7.480000,7.485000,257671
2026-07-22 14:45:00+00:00,7.485000,7.500000,7.440000,7.448600,133446
2026-07-22 14:50:00+00:00,7.445000,7.450000,7.400000,7.425000,110534
2026-07-22 14:55:00+00:00,7.420100,7.450000,7.410000,7.415000,78558
2026-07-22 15:00:00+00:00,7.420000,7.490000,7.410000,7.459900,183074
2026-07-22 15:05:00+00:00,7.459000,7.489900,7.360000,7.360000,187273
2026-07-22 15:10:00+00:00,7.355000,7.450000,7.350000,7.419900,177532
2026-07-22 15:15:00+00:00,7.420100,7.455000,7.413300,7.450000,71251
2026-07-22 15:20:00+00:00,7.456000,7.540000,7.456000,7.489000,286106
2026-07-22 15:25:00+00:00,7.480000,7.560000,7.480000,7.535000,178645
2026-07-22 15:30:00+00:00,7.538600,7.555000,7.490000,7.495000,190923
2026-07-22 15:35:00+00:00,7.495000,7.520000,7.420000,7.420000,237362
2026-07-22 15:40:00+00:00,7.412000,7.425000,7.340000,7.365000,279211
2026-07-22 15:45:00+00:00,7.370000,7.370000,7.290000,7.317300,217580
2026-07-22 15:50:00+00:00,7.315000,7.315000,7.200000,7.230100,314296
2026-07-22 15:55:00+00:00,7.231000,7.250000,7.180000,7.190000,109407
2026-07-22 16:00:00+00:00,7.199900,7.230000,7.190000,7.210000,90579
2026-07-22 16:05:00+00:00,7.203900,7.250000,7.203900,7.215000,97026
2026-07-22 16:10:00+00:00,7.210000,7.210000,7.135000,7.135000,269435
2026-07-22 16:15:00+00:00,7.130000,7.159300,7.110000,7.140000,104122
2026-07-22 16:20:00+00:00,7.145000,7.150000,7.100000,7.139900,136685
2026-07-22 16:25:00+00:00,7.135000,7.140000,7.110000,7.127700,73251
2026-07-22 16:30:00+00:00,7.125000,7.125000,7.020000,7.035000,254046
2026-07-22 16:35:00+00:00,7.035000,7.035000,6.970000,6.995000,248157
2026-07-22 16:40:00+00:00,7.000000,7.060000,6.960000,7.030000,244438
2026-07-22 16:45:00+00:00,7.030000,7.040000,7.000000,7.015000,109196
2026-07-22 16:50:00+00:00,7.010000,7.040000,6.930000,6.935000,278619
2026-07-22 16:55:00+00:00,6.930100,7.000000,6.930000,6.962700,148413
2026-07-22 17:00:00+00:00,6.960000,6.970000,6.925000,6.930100,117016
2026-07-22 17:05:00+00:00,6.937700,6.959900,6.930000,6.945000,112477
2026-07-22 17:10:00+00:00,6.950000,6.979900,6.930000,6.975000,126569
2026-07-22 17:15:00+00:00,6.975000,6.980000,6.940000,6.950000,70350
2026-07-22 17:20:00+00:00,6.955000,6.955000,6.890000,6.920000,222246
2026-07-22 17:25:00+00:00,6.915000,6.955000,6.915000,6.950000,55259
2026-07-22 17:30:00+00:00,6.945000,6.970000,6.905000,6.945000,178069
2026-07-22 17:35:00+00:00,6.940000,6.950000,6.930100,6.935000,47956
2026-07-22 17:40:00+00:00,6.935000,6.935000,6.900000,6.920000,37216
2026-07-22 17:45:00+00:00,6.930000,6.966200,6.930000,6.940000,60875
2026-07-22 17:50:00+00:00,6.940100,6.950000,6.925000,6.929900,50349
2026-07-22 17:55:00+00:00,6.920000,6.945000,6.910000,6.939900,63237
2026-07-22 18:00:00+00:00,6.933700,6.940000,6.920000,6.940000,54160
2026-07-22 18:05:00+00:00,6.930000,6.930000,6.915000,6.920000,24515
2026-07-22 18:10:00+00:00,6.910000,6.920000,6.900000,6.910000,33108
2026-07-22 18:15:00+00:00,6.910000,6.940000,6.900000,6.935000,92852
2026-07-22 18:20:00+00:00,6.935000,6.980000,6.935000,6.964100,62066
2026-07-22 18:25:00+00:00,6.970000,6.975000,6.940000,6.950000,75868
2026-07-22 18:30:00+00:00,6.940000,6.940000,6.910000,6.929800,75282
2026-07-22 18:35:00+00:00,6.930000,6.940000,6.920000,6.928600,37622
2026-07-22 18:40:00+00:00,6.930000,6.990000,6.925000,6.970000,129438
2026-07-22 18:45:00+00:00,6.980000,6.980000,6.935000,6.935000,43046
2026-07-22 18:50:00+00:00,6.939900,6.945000,6.925000,6.945000,32762
2026-07-22 18:55:00+00:00,6.945000,6.950000,6.925000,6.935000,34625
2026-07-22 19:00:00+00:00,6.935000,6.939500,6.910000,6.929900,85207
2026-07-22 19:05:00+00:00,6.935000,6.940000,6.890000,6.929900,121488
2026-07-22 19:10:00+00:00,6.925000,6.925000,6.900000,6.900000,36596
2026-07-22 19:15:00+00:00,6.900000,6.940000,6.830000,6.895000,429197
2026-07-22 19:20:00+00:00,6.895000,6.920000,6.860000,6.869900,233036
2026-07-22 19:25:00+00:00,6.870000,6.875000,6.805000,6.845000,342408
2026-07-22 19:30:00+00:00,6.844000,6.860000,6.760000,6.760000,333572
2026-07-22 19:35:00+00:00,6.760000,6.760000,6.685000,6.730000,583314
2026-07-22 19:40:00+00:00,6.735000,6.830000,6.735000,6.780000,583375
2026-07-22 19:45:00+00:00,6.775000,6.790000,6.760000,6.760000,236942
2026-07-22 19:50:00+00:00,6.760000,6.815000,6.750000,6.815000,378033
2026-07-22 19:55:00+00:00,6.810000,6.810000,6.750000,6.790000,1027387
2026-07-23 13:30:00+00:00,6.661000,6.700000,6.610000,6.650000,471319
2026-07-23 13:35:00+00:00,6.650000,6.669900,6.620000,6.640000,118754
2026-07-23 13:40:00+00:00,6.640000,6.730000,6.590000,6.690000,267253
2026-07-23 13:45:00+00:00,6.680000,6.730000,6.660000,6.675000,186462
2026-07-23 13:50:00+00:00,6.680000,6.682000,6.580000,6.610000,203276
2026-07-23 13:55:00+00:00,6.600000,6.630000,6.550000,6.610000,171000
2026-07-23 14:00:00+00:00,6.595000,6.610000,6.520000,6.540100,230161
2026-07-23 14:05:00+00:00,6.545000,6.580000,6.520000,6.535000,186739
2026-07-23 14:10:00+00:00,6.540000,6.540000,6.450000,6.485000,451907
2026-07-23 14:15:00+00:00,6.475000,6.500000,6.460000,6.475000,131432
2026-07-23 14:20:00+00:00,6.475000,6.509900,6.465000,6.500000,143922
2026-07-23 14:25:00+00:00,6.505000,6.520000,6.490000,6.490100,128943
2026-07-23 14:30:00+00:00,6.495000,6.505000,6.440000,6.480100,145105
2026-07-23 14:35:00+00:00,6.485000,6.500000,6.450000,6.498700,107585
2026-07-23 14:40:00+00:00,6.495000,6.495000,6.430000,6.435000,81746
2026-07-23 14:45:00+00:00,6.435000,6.470000,6.400000,6.405000,155809
2026-07-23 14:50:00+00:00,6.405000,6.419900,6.310000,6.325000,256437
2026-07-23 14:55:00+00:00,6.320100,6.321400,6.250000,6.260000,203670
2026-07-23 15:00:00+00:00,6.250000,6.310300,6.229900,6.250000,281721
2026-07-23 15:05:00+00:00,6.250000,6.320000,6.230000,6.310000,143164
2026-07-23 15:10:00+00:00,6.305000,6.320000,6.270100,6.310000,116930
2026-07-23 15:15:00+00:00,6.300000,6.319900,6.260000,6.269900,102941
2026-07-23 15:20:00+00:00,6.265000,6.300000,6.260100,6.290000,116330
2026-07-23 15:25:00+00:00,6.295000,6.295000,6.270000,6.272600,43345
2026-07-23 15:30:00+00:00,6.275000,6.285000,6.240000,6.275000,62652
2026-07-23 15:35:00+00:00,6.275000,6.300000,6.270000,6.280100,62173
2026-07-23 15:40:00+00:00,6.290000,6.320000,6.265000,6.270000,73469
2026-07-23 15:45:00+00:00,6.265000,6.290000,6.260000,6.290000,51365
2026-07-23 15:50:00+00:00,6.285000,6.350000,6.270000,6.345000,92150
2026-07-23 15:55:00+00:00,6.350000,6.360000,6.300000,6.305000,82080
2026-07-23 16:00:00+00:00,6.300000,6.329900,6.300000,6.319700,40212
2026-07-23 16:05:00+00:00,6.310000,6.345000,6.310000,6.335000,46005
2026-07-23 16:10:00+00:00,6.340000,6.350000,6.310000,6.320000,89598
2026-07-23 16:15:00+00:00,6.330000,6.355000,6.320000,6.335000,40578
2026-07-23 16:20:00+00:00,6.340000,6.370000,6.340000,6.360000,57675
2026-07-23 16:25:00+00:00,6.355000,6.385000,6.340100,6.375000,160982
2026-07-23 16:30:00+00:00,6.379700,6.380000,6.359900,6.359900,57487
2026-07-23 16:35:00+00:00,6.355000,6.370000,6.355000,6.365000,48258
2026-07-23 16:40:00+00:00,6.364200,6.367400,6.340000,6.345000,48871
2026-07-23 16:45:00+00:00,6.343600,6.355000,6.310000,6.315000,135837
2026-07-23 16:50:00+00:00,6.310000,6.320000,6.300000,6.310000,48615
2026-07-23 16:55:00+00:00,6.315000,6.320000,6.305000,6.315000,29916
2026-07-23 17:00:00+00:00,6.319900,6.320000,6.305000,6.311600,53664
2026-07-23 17:05:00+00:00,6.310000,6.310000,6.270000,6.280100,120524
2026-07-23 17:10:00+00:00,6.280000,6.290000,6.280000,6.285000,12285
2026-07-23 17:15:00+00:00,6.280000,6.295000,6.270000,6.295000,47774
2026-07-23 17:20:00+00:00,6.295000,6.310000,6.290000,6.290100,27349
2026-07-23 17:25:00+00:00,6.295000,6.340000,6.290000,6.330000,93438
2026-07-23 17:30:00+00:00,6.325000,6.330000,6.310000,6.315000,22251
2026-07-23 17:35:00+00:00,6.315000,6.315000,6.290000,6.310100,102426
2026-07-23 17:40:00+00:00,6.315000,6.320000,6.299900,6.310000,41977
2026-07-23 17:45:00+00:00,6.305000,6.311400,6.290000,6.290000,30285
2026-07-23 17:50:00+00:00,6.280100,6.289900,6.265000,6.275000,57980
2026-07-23 17:55:00+00:00,6.275000,6.275000,6.230000,6.245000,193160
2026-07-23 18:00:00+00:00,6.248700,6.248700,6.220000,6.230000,58379
2026-07-23 18:05:00+00:00,6.235000,6.255000,6.230000,6.245000,42822
2026-07-23 18:10:00+00:00,6.240000,6.257700,6.230000,6.230100,39902
2026-07-23 18:15:00+00:00,6.230000,6.250000,6.225000,6.250000,39221
2026-07-23 18:20:00+00:00,6.245000,6.259900,6.230100,6.235000,42390
2026-07-23 18:25:00+00:00,6.235000,6.250000,6.230000,6.250000,22637
2026-07-23 18:30:00+00:00,6.245000,6.250000,6.240000,6.245000,74255
2026-07-23 18:35:00+00:00,6.245000,6.250000,6.230000,6.235000,88480
2026-07-23 18:40:00+00:00,6.235000,6.280000,6.231100,6.280000,60900
2026-07-23 18:45:00+00:00,6.290000,6.310000,6.283700,6.305000,51667
2026-07-23 18:50:00+00:00,6.305000,6.340000,6.302800,6.340000,37523
2026-07-23 18:55:00+00:00,6.339900,6.345000,6.315000,6.330000,36695
2026-07-23 19:00:00+00:00,6.330000,6.390000,6.330000,6.390000,436803
2026-07-23 19:05:00+00:00,6.390000,6.395000,6.370000,6.380000,57593
2026-07-23 19:10:00+00:00,6.389900,6.400000,6.370000,6.395000,90118
2026-07-23 19:15:00+00:00,6.397700,6.480000,6.395000,6.470000,213430
2026-07-23 19:20:00+00:00,6.480000,6.549900,6.475000,6.539100,211358
2026-07-23 19:25:00+00:00,6.530000,6.539900,6.440000,6.470000,280509
2026-07-23 19:30:00+00:00,6.470000,6.520000,6.465000,6.520000,104711
2026-07-23 19:35:00+00:00,6.530000,6.585000,6.510000,6.532000,231749
2026-07-23 19:40:00+00:00,6.535000,6.535000,6.450000,6.450100,119739
2026-07-23 19:45:00+00:00,6.455000,6.490000,6.450000,6.475000,141907
2026-07-23 19:50:00+00:00,6.475000,6.565000,6.475000,6.500000,229698
2026-07-23 19:55:00+00:00,6.495000,6.495000,6.415000,6.435000,531447
2026-07-24 13:30:00+00:00,6.610000,6.670000,6.420000,6.540000,296634
2026-07-24 13:35:00+00:00,6.530000,6.540000,6.460100,6.470000,87507
2026-07-24 13:40:00+00:00,6.470000,6.535000,6.460000,6.520000,96016
2026-07-24 13:45:00+00:00,6.520000,6.665500,6.520000,6.635000,123639
2026-07-24 13:50:00+00:00,6.635000,6.640000,6.500000,6.520100,147089
2026-07-24 13:55:00+00:00,6.530000,6.530000,6.460000,6.500000,88707
2026-07-24 14:00:00+00:00,6.500000,6.515000,6.465000,6.475000,61076
2026-07-24 14:05:00+00:00,6.480000,6.498000,6.460000,6.498000,38928
2026-07-24 14:10:00+00:00,6.495000,6.549900,6.485000,6.520000,87609
2026-07-24 14:15:00+00:00,6.521400,6.521400,6.470100,6.490000,101734
2026-07-24 14:20:00+00:00,6.499900,6.510000,6.490000,6.495000,29632
2026-07-24 14:25:00+00:00,6.495000,6.495000,6.460000,6.470000,52789
2026-07-24 14:30:00+00:00,6.475000,6.490000,6.445000,6.465000,111320
2026-07-24 14:35:00+00:00,6.465000,6.470000,6.450000,6.465000,57590
2026-07-24 14:40:00+00:00,6.460300,6.480000,6.450100,6.475000,35320
2026-07-24 14:45:00+00:00,6.470000,6.485000,6.450100,6.485000,96567
2026-07-24 14:50:00+00:00,6.490000,6.519900,6.465000,6.469900,129076
2026-07-24 14:55:00+00:00,6.465000,6.470000,6.420100,6.435000,78993
2026-07-24 15:00:00+00:00,6.435000,6.440000,6.405000,6.405000,32027
2026-07-24 15:05:00+00:00,6.400000,6.425000,6.370000,6.370000,68188
2026-07-24 15:10:00+00:00,6.375000,6.410100,6.370100,6.400100,76805
2026-07-24 15:15:00+00:00,6.400100,6.430000,6.375000,6.375000,46119
2026-07-24 15:20:00+00:00,6.375000,6.450000,6.375000,6.440000,55675
2026-07-24 15:25:00+00:00,6.435000,6.515000,6.435000,6.510000,168392
2026-07-24 15:30:00+00:00,6.505000,6.580000,6.460000,6.465000,171734
2026-07-24 15:35:00+00:00,6.465000,6.495000,6.460000,6.475000,54456
2026-07-24 15:40:00+00:00,6.470000,6.475000,6.395000,6.395000,53701
2026-07-24 15:45:00+00:00,6.390000,6.400100,6.380000,6.380000,34426
2026-07-24 15:50:00+00:00,6.380100,6.399900,6.380000,6.385000,44915
2026-07-24 15:55:00+00:00,6.380100,6.390000,6.360000,6.365000,79766
2026-07-24 16:00:00+00:00,6.365000,6.380000,6.350000,6.380000,70728
2026-07-24 16:05:00+00:00,6.379800,6.395000,6.360000,6.395000,58519
2026-07-24 16:10:00+00:00,6.405000,6.415000,6.380000,6.388400,33393
2026-07-24 16:15:00+00:00,6.385000,6.390000,6.345000,6.345000,75785
2026-07-24 16:20:00+00:00,6.345000,6.345000,6.300000,6.310000,86182
2026-07-24 16:25:00+00:00,6.315000,6.320000,6.290000,6.305000,107804
2026-07-24 16:30:00+00:00,6.305000,6.310000,6.290000,6.300000,52217
2026-07-24 16:35:00+00:00,6.309900,6.315000,6.290000,6.310000,81285
2026-07-24 16:40:00+00:00,6.300000,6.310000,6.270000,6.295000,185806
2026-07-24 16:45:00+00:00,6.291000,6.295000,6.270000,6.280100,112761
2026-07-24 16:50:00+00:00,6.285000,6.285000,6.250000,6.250000,122036
2026-07-24 16:55:00+00:00,6.255000,6.270000,6.250000,6.265000,96722
2026-07-24 17:00:00+00:00,6.261300,6.270000,6.250000,6.265000,105571
2026-07-24 17:05:00+00:00,6.260000,6.265000,6.245000,6.255000,128986
2026-07-24 17:10:00+00:00,6.255000,6.280000,6.230100,6.275000,121543
2026-07-24 17:15:00+00:00,6.275000,6.320000,6.130000,6.155000,467707
2026-07-24 17:20:00+00:00,6.155000,6.200000,6.115000,6.189900,182369
2026-07-24 17:25:00+00:00,6.180000,6.229500,6.170000,6.220000,70830
2026-07-24 17:30:00+00:00,6.220000,6.249900,6.215000,6.245000,89597
2026-07-24 17:35:00+00:00,6.249800,6.250000,6.210000,6.210000,103071
2026-07-24 17:40:00+00:00,6.210100,6.230000,6.210100,6.215000,59805
2026-07-24 17:45:00+00:00,6.215000,6.235000,6.215000,6.220100,94555
2026-07-24 17:50:00+00:00,6.225000,6.230000,6.210000,6.210000,20051
2026-07-24 17:55:00+00:00,6.215000,6.220000,6.210000,6.220000,29880
2026-07-24 18:00:00+00:00,6.215000,6.220000,6.200000,6.210000,77848
2026-07-24 18:05:00+00:00,6.235000,6.260000,6.230000,6.240000,88587
2026-07-24 18:10:00+00:00,6.239900,6.260000,6.239900,6.250100,41767
2026-07-24 18:15:00+00:00,6.250000,6.290000,6.250000,6.279900,75662
2026-07-24 18:20:00+00:00,6.275000,6.290000,6.270000,6.285000,36843
2026-07-24 18:25:00+00:00,6.280000,6.300000,6.275000,6.295000,101993
2026-07-24 18:30:00+00:00,6.295000,6.309900,6.270000,6.275000,172890
2026-07-24 18:35:00+00:00,6.270000,6.285000,6.260000,6.275000,74948
2026-07-24 18:40:00+00:00,6.275000,6.280000,6.230000,6.250000,78712
2026-07-24 18:45:00+00:00,6.255000,6.270000,6.230000,6.245000,68400
2026-07-24 18:50:00+00:00,6.245000,6.270000,6.240000,6.240000,67295
2026-07-24 18:55:00+00:00,6.250000,6.255000,6.235000,6.250000,50702
2026-07-24 19:00:00+00:00,6.250000,6.285000,6.250000,6.270100,99010
2026-07-24 19:05:00+00:00,6.275000,6.290000,6.270000,6.285000,31938
2026-07-24 19:10:00+00:00,6.290000,6.320100,6.275000,6.320000,134292
2026-07-24 19:15:00+00:00,6.315000,6.350000,6.315000,6.325000,96847
2026-07-24 19:20:00+00:00,6.320400,6.339900,6.315000,6.335000,51366
2026-07-24 19:25:00+00:00,6.330000,6.363700,6.325000,6.355000,73109
2026-07-24 19:30:00+00:00,6.355000,6.360000,6.320000,6.329900,66597
2026-07-24 19:35:00+00:00,6.325000,6.369900,6.320000,6.325000,120603
2026-07-24 19:40:00+00:00,6.320000,6.335300,6.300000,6.309900,117132
2026-07-24 19:45:00+00:00,6.305000,6.315000,6.280100,6.290000,100904
2026-07-24 19:50:00+00:00,6.290000,6.295000,6.260000,6.260000,140322
2026-07-24 19:55:00+00:00,6.255000,6.320000,6.250000,6.300000,620384
2026-07-27 13:30:00+00:00,6.290000,6.510000,6.290000,6.492400,350468
2026-07-27 13:35:00+00:00,6.500000,6.560000,6.470000,6.530000,171014
2026-07-27 13:40:00+00:00,6.530000,6.565000,6.450000,6.485000,216582
2026-07-27 13:45:00+00:00,6.490000,6.575000,6.460000,6.550000,121485
2026-07-27 13:50:00+00:00,6.540000,6.600000,6.540000,6.600000,80303
2026-07-27 13:55:00+00:00,6.599000,6.630000,6.480000,6.485000,190710
2026-07-27 14:00:00+00:00,6.480000,6.510000,6.440000,6.460000,135885
2026-07-27 14:05:00+00:00,6.470000,6.549900,6.450000,6.545000,74207
2026-07-27 14:10:00+00:00,6.550000,6.575000,6.460000,6.470000,178642
2026-07-27 14:15:00+00:00,6.471400,6.490000,6.430000,6.435000,69226
2026-07-27 14:20:00+00:00,6.435000,6.470000,6.430000,6.465000,61222
2026-07-27 14:25:00+00:00,6.460000,6.465000,6.440000,6.465000,67672
2026-07-27 14:30:00+00:00,6.470000,6.495000,6.455000,6.470000,80457
2026-07-27 14:35:00+00:00,6.470000,6.490000,6.455000,6.455000,121644
2026-07-27 14:40:00+00:00,6.455000,6.465100,6.395000,6.410000,96719
2026-07-27 14:45:00+00:00,6.420000,6.465000,6.420000,6.445000,57251
2026-07-27 14:50:00+00:00,6.445000,6.500000,6.445000,6.495000,42636
2026-07-27 14:55:00+00:00,6.490100,6.495000,6.400000,6.420000,140364
2026-07-27 15:00:00+00:00,6.429200,6.450000,6.420000,6.450000,70511
2026-07-27 15:05:00+00:00,6.450000,6.460000,6.440000,6.455000,24213
2026-07-27 15:10:00+00:00,6.455000,6.465000,6.450000,6.460000,24642
2026-07-27 15:15:00+00:00,6.455000,6.459900,6.435000,6.450300,26541
2026-07-27 15:20:00+00:00,6.468600,6.490000,6.465000,6.470000,38323
2026-07-27 15:25:00+00:00,6.460200,6.480000,6.440100,6.440100,33955
2026-07-27 15:30:00+00:00,6.446900,6.460000,6.420000,6.420000,65670
2026-07-27 15:35:00+00:00,6.420000,6.430000,6.409000,6.420000,44177
2026-07-27 15:40:00+00:00,6.425000,6.435000,6.379000,6.380000,51939
2026-07-27 15:45:00+00:00,6.380100,6.380100,6.340000,6.345000,33469
2026-07-27 15:50:00+00:00,6.345000,6.360000,6.340000,6.340100,35085
2026-07-27 15:55:00+00:00,6.340100,6.360000,6.340000,6.345000,30404
2026-07-27 16:00:00+00:00,6.350000,6.360000,6.330000,6.355000,39739
2026-07-27 16:05:00+00:00,6.360000,6.399900,6.360000,6.395000,43776
2026-07-27 16:10:00+00:00,6.395000,6.420000,6.390100,6.400000,35917
2026-07-27 16:15:00+00:00,6.400000,6.415000,6.395000,6.405000,36758
2026-07-27 16:20:00+00:00,6.400000,6.410000,6.390000,6.410000,40864
2026-07-27 16:25:00+00:00,6.405000,6.465000,6.405000,6.419900,117695
2026-07-27 16:30:00+00:00,6.420000,6.426400,6.400000,6.405000,111666
2026-07-27 16:35:00+00:00,6.400000,6.425000,6.400000,6.413600,57922
2026-07-27 16:40:00+00:00,6.412200,6.412200,6.375000,6.385000,109974
2026-07-27 16:45:00+00:00,6.389900,6.395000,6.380000,6.380000,53735
2026-07-27 16:50:00+00:00,6.390000,6.390000,6.360000,6.360000,35144
2026-07-27 16:55:00+00:00,6.360000,6.360000,6.330000,6.335000,39577
2026-07-27 17:00:00+00:00,6.335000,6.345000,6.305000,6.340000,65366
2026-07-27 17:05:00+00:00,6.335000,6.335000,6.320000,6.320000,18303
2026-07-27 17:10:00+00:00,6.310000,6.329900,6.310000,6.325000,17481
2026-07-27 17:15:00+00:00,6.325000,6.330000,6.311400,6.319500,30979
2026-07-27 17:20:00+00:00,6.320000,6.395000,6.320000,6.385000,103699
2026-07-27 17:25:00+00:00,6.383900,6.395000,6.370000,6.375000,61786
2026-07-27 17:30:00+00:00,6.365000,6.380000,6.355000,6.375000,66568
2026-07-27 17:35:00+00:00,6.375000,6.385000,6.365000,6.375000,42556
2026-07-27 17:40:00+00:00,6.375000,6.390000,6.370000,6.385000,49145
2026-07-27 17:45:00+00:00,6.385000,6.419900,6.383700,6.415000,66366
2026-07-27 17:50:00+00:00,6.415000,6.415000,6.390000,6.410000,89929
2026-07-27 17:55:00+00:00,6.405000,6.430000,6.405000,6.420000,102414
2026-07-27 18:00:00+00:00,6.415000,6.439900,6.400000,6.435000,111418
2026-07-27 18:05:00+00:00,6.435000,6.440000,6.405000,6.415000,42762
2026-07-27 18:10:00+00:00,6.410100,6.445000,6.410100,6.440000,33113
2026-07-27 18:15:00+00:00,6.440000,6.490000,6.425000,6.442500,120581
2026-07-27 18:20:00+00:00,6.445000,6.490000,6.440000,6.465000,60408
2026-07-27 18:25:00+00:00,6.470000,6.479900,6.460000,6.479900,23659
2026-07-27 18:30:00+00:00,6.475000,6.479900,6.460000,6.465000,30755
2026-07-27 18:35:00+00:00,6.460000,6.525000,6.455000,6.510000,319214
2026-07-27 18:40:00+00:00,6.515000,6.555000,6.500000,6.505000,303275
2026-07-27 18:45:00+00:00,6.505100,6.555000,6.505000,6.535000,183130
2026-07-27 18:50:00+00:00,6.535000,6.585000,6.530000,6.565000,253878
2026-07-27 18:55:00+00:00,6.565000,6.570000,6.555000,6.559800,76680
2026-07-27 19:00:00+00:00,6.560000,6.660000,6.550100,6.649900,232850
2026-07-27 19:05:00+00:00,6.640300,6.650000,6.610000,6.615000,95309
2026-07-27 19:10:00+00:00,6.615000,6.639900,6.610000,6.615000,70702
2026-07-27 19:15:00+00:00,6.619900,6.620000,6.590000,6.615000,52044
2026-07-27 19:20:00+00:00,6.615000,6.620000,6.600000,6.600000,31491
2026-07-27 19:25:00+00:00,6.600000,6.630000,6.600000,6.620000,78876
2026-07-27 19:30:00+00:00,6.615000,6.639900,6.595000,6.625000,182646
2026-07-27 19:35:00+00:00,6.625000,6.625000,6.580000,6.605000,81415
2026-07-27 19:40:00+00:00,6.605000,6.615000,6.600000,6.605000,37230
2026-07-27 19:45:00+00:00,6.605000,6.615000,6.530000,6.540000,101574
2026-07-27 19:50:00+00:00,6.535000,6.535000,6.445000,6.450000,128691
2026-07-27 19:55:00+00:00,6.455000,6.505000,6.455000,6.500000,686989
2026-07-28 13:30:00+00:00,6.430000,6.520000,6.300000,6.360000,263551
2026-07-28 13:35:00+00:00,6.350000,6.410000,6.330000,6.360000,59889
2026-07-28 13:40:00+00:00,6.350000,6.350000,6.280000,6.300100,184247
2026-07-28 13:45:00+00:00,6.300000,6.480000,6.220000,6.480000,198212
2026-07-28 13:50:00+00:00,6.480000,6.570000,6.440000,6.459900,383552
2026-07-28 13:55:00+00:00,6.450000,6.480000,6.420000,6.450000,84803
2026-07-28 14:00:00+00:00,6.450000,6.470000,6.392000,6.392000,91610
2026-07-28 14:05:00+00:00,6.380000,6.745000,6.369900,6.715000,404790
2026-07-28 14:10:00+00:00,6.705000,6.820000,6.655000,6.655000,521968
2026-07-28 14:15:00+00:00,6.660000,6.690000,6.570000,6.585000,244172
2026-07-28 14:20:00+00:00,6.585000,6.649900,6.550000,6.550200,153227
2026-07-28 14:25:00+00:00,6.555000,6.580000,6.500000,6.570000,110650
2026-07-28 14:30:00+00:00,6.580000,6.590000,6.550000,6.565000,92312
2026-07-28 14:35:00+00:00,6.565000,6.650000,6.545000,6.635000,138874
2026-07-28 14:40:00+00:00,6.640000,6.675000,6.620000,6.675000,219600
2026-07-28 14:45:00+00:00,6.675000,6.697900,6.620200,6.691100,108228
2026-07-28 14:50:00+00:00,6.690000,6.730000,6.650000,6.680000,141610
2026-07-28 14:55:00+00:00,6.690000,6.690000,6.625000,6.630000,114051
2026-07-28 15:00:00+00:00,6.635000,6.670000,6.605000,6.611400,94422
2026-07-28 15:05:00+00:00,6.620000,6.630000,6.610000,6.610000,40377
2026-07-28 15:10:00+00:00,6.615000,6.640000,6.423400,6.425000,297956
2026-07-28 15:15:00+00:00,6.425000,6.580000,6.370000,6.575000,272368
2026-07-28 15:20:00+00:00,6.575000,6.695000,6.575000,6.690000,206728
2026-07-28 15:25:00+00:00,6.690000,6.710000,6.660000,6.685000,198383
2026-07-28 15:30:00+00:00,6.685000,6.730000,6.634500,6.634600,209431
2026-07-28 15:35:00+00:00,6.630200,6.699900,6.595000,6.685000,134519
2026-07-28 15:40:00+00:00,6.681400,6.715000,6.650100,6.665000,142493
2026-07-28 15:45:00+00:00,6.665000,6.690000,6.605000,6.605000,214326
2026-07-28 15:50:00+00:00,6.610000,6.630000,6.600000,6.615000,89667
2026-07-28 15:55:00+00:00,6.615000,6.645000,6.600000,6.635000,110864
2026-07-28 16:00:00+00:00,6.635000,6.636400,6.620000,6.625000,189760
2026-07-28 16:05:00+00:00,6.630000,6.656300,6.624900,6.650000,117565
2026-07-28 16:10:00+00:00,6.655000,6.675000,6.635000,6.635000,40453
2026-07-28 16:15:00+00:00,6.635000,6.635000,6.535000,6.560000,79872
2026-07-28 16:20:00+00:00,6.560000,6.600000,6.560000,6.600000,54400
2026-07-28 16:25:00+00:00,6.590000,6.595000,6.560000,6.560000,34350
2026-07-28 16:30:00+00:00,6.560000,6.560100,6.535000,6.545000,48295
2026-07-28 16:35:00+00:00,6.545000,6.580000,6.540000,6.560000,48022
2026-07-28 16:40:00+00:00,6.560000,6.630000,6.560000,6.620000,36007
2026-07-28 16:45:00+00:00,6.620000,6.639500,6.610000,6.635000,98477
2026-07-28 16:50:00+00:00,6.634400,6.670000,6.625000,6.665000,155818
2026-07-28 16:55:00+00:00,6.665000,6.729900,6.665000,6.705000,144594
2026-07-28 17:00:00+00:00,6.705000,6.735000,6.695000,6.720100,64441
2026-07-28 17:05:00+00:00,6.720000,6.730000,6.680000,6.680000,98542
2026-07-28 17:10:00+00:00,6.680000,6.680000,6.660000,6.660000,62223
2026-07-28 17:15:00+00:00,6.660000,6.670000,6.650100,6.665000,33421
2026-07-28 17:20:00+00:00,6.665000,6.705000,6.665000,6.690000,111267
2026-07-28 17:25:00+00:00,6.680000,6.955000,6.660000,6.877700,1280499
2026-07-28 17:30:00+00:00,6.880000,6.940000,6.790000,6.825000,429402
2026-07-28 17:35:00+00:00,6.825000,7.089900,6.820100,7.085000,703626
2026-07-28 17:40:00+00:00,7.080000,7.410000,7.080000,7.335000,2360721
2026-07-28 17:45:00+00:00,7.335000,7.550000,7.290000,7.480000,1196805
2026-07-28 17:50:00+00:00,7.475000,7.820000,7.420000,7.815000,1842016
2026-07-28 17:55:00+00:00,7.817700,8.280000,7.770000,8.010000,3620903
2026-07-28 18:00:00+00:00,8.005000,8.490000,7.970000,8.371400,3647320
2026-07-28 18:05:00+00:00,8.380000,8.405000,7.890000,7.925000,2089787
2026-07-28 18:10:00+00:00,7.924100,8.121700,7.820000,8.095000,1489788
2026-07-28 18:15:00+00:00,8.095000,8.159900,7.800000,7.875000,1213142
2026-07-28 18:20:00+00:00,7.875000,7.940000,7.830000,7.835000,543933
2026-07-28 18:25:00+00:00,7.839800,7.949900,7.815000,7.860000,518157
2026-07-28 18:30:00+00:00,7.860100,7.900000,7.830000,7.835000,316334
2026-07-28 18:35:00+00:00,7.835000,7.835000,7.680000,7.710000,810024
2026-07-28 18:40:00+00:00,7.710200,7.790000,7.680000,7.769800,590165
2026-07-28 18:45:00+00:00,7.760000,7.925000,7.720100,7.830000,684062
2026-07-28 18:50:00+00:00,7.835000,7.920000,7.790000,7.815000,408338
2026-07-28 18:55:00+00:00,7.810000,7.870000,7.760000,7.780100,384666
2026-07-28 19:00:00+00:00,7.784700,7.805000,7.580000,7.625000,644383
2026-07-28 19:05:00+00:00,7.625000,7.690000,7.610100,7.665000,356655
2026-07-28 19:10:00+00:00,7.660100,7.740000,7.660100,7.715000,277648
2026-07-28 19:15:00+00:00,7.715000,7.715000,7.640000,7.645000,183133
2026-07-28 19:20:00+00:00,7.640000,7.750000,7.600000,7.740000,368947
2026-07-28 19:25:00+00:00,7.749900,7.880000,7.748600,7.860000,927093
2026-07-28 19:30:00+00:00,7.870000,7.920000,7.760000,7.910100,650892
2026-07-28 19:35:00+00:00,7.915000,7.990000,7.830000,7.870000,714618
2026-07-28 19:40:00+00:00,7.865000,7.930000,7.840000,7.920000,382024
2026-07-28 19:45:00+00:00,7.915000,8.000000,7.880000,7.975000,601624
2026-07-28 19:50:00+00:00,7.970000,7.979000,7.870000,7.895000,812981
2026-07-28 19:55:00+00:00,7.900000,7.935000,7.875000,7.915000,1660959
2026-07-29 13:30:00+00:00,7.720000,7.860000,7.540000,7.568800,962319
2026-07-29 13:35:00+00:00,7.578400,7.780000,7.550000,7.720000,356473
2026-07-29 13:40:00+00:00,7.712100,7.850000,7.700000,7.790000,316788
2026-07-29 13:45:00+00:00,7.815000,8.180000,7.800000,8.050000,838076
2026-07-29 13:50:00+00:00,8.060000,8.200000,8.050000,8.159400,558649
2026-07-29 13:55:00+00:00,8.160000,8.200000,8.000000,8.115000,464972
2026-07-29 14:00:00+00:00,8.120000,8.170000,7.980000,7.997200,418835
2026-07-29 14:05:00+00:00,7.991400,8.075000,7.950100,8.075000,366671
2026-07-29 14:10:00+00:00,8.080000,8.100000,8.030000,8.060000,306834
2026-07-29 14:15:00+00:00,8.070000,8.115000,7.990000,8.000000,239953
2026-07-29 14:20:00+00:00,8.015000,8.095000,7.960000,8.000000,297037
2026-07-29 14:25:00+00:00,8.000000,8.010000,7.880000,7.940300,476578
2026-07-29 14:30:00+00:00,7.945000,7.980000,7.900000,7.935000,155118
2026-07-29 14:35:00+00:00,7.939900,7.939900,7.840000,7.890000,276528
2026-07-29 14:40:00+00:00,7.880000,7.895000,7.830100,7.855000,184428
2026-07-29 14:45:00+00:00,7.855000,7.870000,7.780000,7.810000,126161
2026-07-29 14:50:00+00:00,7.810000,7.820000,7.740000,7.755000,220678
2026-07-29 14:55:00+00:00,7.760000,7.790000,7.675000,7.680000,192998
2026-07-29 15:00:00+00:00,7.689900,7.755000,7.650000,7.750000,149368
2026-07-29 15:05:00+00:00,7.755000,7.785000,7.735000,7.735000,160945
2026-07-29 15:10:00+00:00,7.740000,7.770000,7.730000,7.770000,94956
2026-07-29 15:15:00+00:00,7.785000,7.810000,7.755000,7.780000,167376
2026-07-29 15:20:00+00:00,7.775000,7.810000,7.775000,7.780000,83434
2026-07-29 15:25:00+00:00,7.785000,7.820000,7.760100,7.772700,173625
2026-07-29 15:30:00+00:00,7.770000,7.790000,7.740400,7.749900,130039
2026-07-29 15:35:00+00:00,7.750000,7.775000,7.680000,7.680000,141992
2026-07-29 15:40:00+00:00,7.680000,7.705000,7.670000,7.705000,83813
2026-07-29 15:45:00+00:00,7.707700,7.729100,7.695000,7.729100,54913
2026-07-29 15:50:00+00:00,7.725000,7.755000,7.670200,7.675000,81487
2026-07-29 15:55:00+00:00,7.679800,7.780000,7.670000,7.775000,83715
2026-07-29 16:00:00+00:00,7.780000,7.845000,7.760000,7.820100,188210
2026-07-29 16:05:00+00:00,7.820000,7.820000,7.770000,7.815000,66256
2026-07-29 16:10:00+00:00,7.820000,7.830000,7.810000,7.815000,41345
2026-07-29 16:15:00+00:00,7.815000,7.828800,7.805000,7.815000,88370
2026-07-29 16:20:00+00:00,7.820000,7.875000,7.800100,7.825000,115206
2026-07-29 16:25:00+00:00,7.835000,7.890000,7.782300,7.885000,115900
2026-07-29 16:30:00+00:00,7.885000,7.945000,7.880000,7.900000,128541
2026-07-29 16:35:00+00:00,7.900000,7.925000,7.860400,7.865000,99772
2026-07-29 16:40:00+00:00,7.875000,7.910000,7.845000,7.875000,78651
2026-07-29 16:45:00+00:00,7.880000,7.890000,7.845000,7.860000,52548
2026-07-29 16:50:00+00:00,7.865000,7.895000,7.850400,7.870000,67264
2026-07-29 16:55:00+00:00,7.875000,7.895000,7.820000,7.835000,102258
2026-07-29 17:00:00+00:00,7.833300,7.850000,7.825000,7.825000,63169
2026-07-29 17:05:00+00:00,7.820000,7.850000,7.800000,7.825000,123782
2026-07-29 17:10:00+00:00,7.825000,7.850000,7.820000,7.825000,56438
2026-07-29 17:15:00+00:00,7.825000,8.080000,7.822000,7.920000,483148
2026-07-29 17:20:00+00:00,7.933700,7.980000,7.885000,7.885000,137247
2026-07-29 17:25:00+00:00,7.880100,7.925000,7.865000,7.865000,66954
2026-07-29 17:30:00+00:00,7.865000,8.030000,7.860000,8.015000,139215
2026-07-29 17:35:00+00:00,8.020000,8.030000,7.940000,7.960000,168559
2026-07-29 17:40:00+00:00,7.950100,8.000000,7.950000,7.975000,109315
2026-07-29 17:45:00+00:00,7.975000,7.985000,7.920000,7.945000,98985
2026-07-29 17:50:00+00:00,7.945000,7.950000,7.930000,7.930000,49717
2026-07-29 17:55:00+00:00,7.925000,7.940000,7.925000,7.925000,29458
2026-07-29 18:00:00+00:00,7.930000,8.160000,7.930000,8.130000,520709
2026-07-29 18:05:00+00:00,8.125000,8.149600,8.095000,8.105000,229262
2026-07-29 18:10:00+00:00,8.109900,8.135000,8.050000,8.065000,188724
2026-07-29 18:15:00+00:00,8.070000,8.130000,8.020000,8.025000,195449
2026-07-29 18:20:00+00:00,8.025000,8.025000,7.970000,7.975000,171591
2026-07-29 18:25:00+00:00,7.975000,7.979000,7.940000,7.945000,115803
2026-07-29 18:30:00+00:00,7.940100,7.980000,7.925000,7.939600,112380
2026-07-29 18:35:00+00:00,7.930000,7.985000,7.920000,7.985000,95221
2026-07-29 18:40:00+00:00,7.985000,8.005000,7.970000,7.970000,166674
2026-07-29 18:45:00+00:00,7.970000,8.015000,7.960000,8.015000,55135
2026-07-29 18:50:00+00:00,8.011400,8.100000,8.011400,8.045000,207831
2026-07-29 18:55:00+00:00,8.040000,8.080000,8.035000,8.065000,80921
2026-07-29 19:00:00+00:00,8.065000,8.085000,8.035000,8.045000,112639
2026-07-29 19:05:00+00:00,8.040000,8.049000,7.930000,7.955000,156527
2026-07-29 19:10:00+00:00,7.955000,8.019900,7.940000,7.970000,105737
2026-07-29 19:15:00+00:00,7.970000,7.985000,7.920000,7.925000,75097
2026-07-29 19:20:00+00:00,7.920000,7.925000,7.855000,7.895000,122565
2026-07-29 19:25:00+00:00,7.900000,7.900000,7.820400,7.865000,78111
2026-07-29 19:30:00+00:00,7.865000,7.940000,7.864000,7.870000,126767
2026-07-29 19:35:00+00:00,7.875000,7.885000,7.820000,7.825000,67443
2026-07-29 19:40:00+00:00,7.820000,7.850000,7.815000,7.845000,82533
2026-07-29 19:45:00+00:00,7.845000,7.848100,7.810000,7.835000,113113
2026-07-29 19:50:00+00:00,7.840000,7.900000,7.840000,7.895000,223652
2026-07-29 19:55:00+00:00,7.890000,7.970000,7.880000,7.970000,726096
